{"type":"FeatureCollection","features":[{"type":"Feature","geometry":{"type":"Polygon","coordinates":[[[105.8275,21.0397],[105.8286,21.0396],[105.8313,21.0418],[105.8349,21.0419],[105.8366,21.0444],[105.8368,21.0469],[105.8378,21.0472],[105.8401,21.0506],[105.8446,21.046],[105.847,21.0442],[105.8504,21.0409],[105.8469,21.0398],[105.8456,21.04],[105.8447,21.0386],[105.8426,21.0291],[105.8416,21.0282],[105.8416,21.0288],[105.836,21.0304],[105.83,21.0322],[105.827,21.0321],[105.8272,21.0347],[105.8284,21.0371],[105.8266,21.0373],[105.8275,21.0397]]]},"properties":{"name":"Ba Đình","level":"ward"}},{"type":"Feature","geometry":{"type":"Polygon","coordinates":[[[105.8275,21.0397],[105.8266,21.0373],[105.8284,21.0371],[105.8272,21.0347],[105.827,21.0321],[105.8173,21.0306],[105.8132,21.0313],[105.814,21.0339],[105.8103,21.0349],[105.8083,21.0363],[105.8063,21.0369],[105.8066,21.0402],[105.8061,21.042],[105.8059,21.0455],[105.8052,21.0478],[105.8085,21.0473],[105.8113,21.0459],[105.8151,21.0427],[105.8217,21.0418],[105.8275,21.0397]]]},"properties":{"name":"Ngọc Hà","level":"ward"}},{"type":"Feature","geometry":{"type":"Polygon","coordinates":[[[105.827,21.0321],[105.83,21.0322],[105.8297,21.0314],[105.8252,21.028],[105.8198,21.0234],[105.815,21.0167],[105.8149,21.0166],[105.8082,21.0199],[105.8113,21.025],[105.8095,21.0272],[105.8082,21.0279],[105.8044,21.0289],[105.8014,21.0303],[105.8034,21.0327],[105.8063,21.0369],[105.8083,21.0363],[105.8103,21.0349],[105.814,21.0339],[105.8132,21.0313],[105.8173,21.0306],[105.827,21.0321]]]},"properties":{"name":"Giảng Võ","level":"ward"}},{"type":"Feature","geometry":{"type":"Polygon","coordinates":[[[105.8426,21.0291],[105.8447,21.0386],[105.8456,21.04],[105.8469,21.0398],[105.8504,21.0409],[105.854,21.0364],[105.8556,21.0336],[105.8584,21.0278],[105.8601,21.0251],[105.8571,21.0244],[105.8443,21.028],[105.8426,21.0291]]]},"properties":{"name":"Hoàn Kiếm","level":"ward"}},{"type":"Feature","geometry":{"type":"Polygon","coordinates":[[[105.8416,21.0282],[105.8426,21.0291],[105.8443,21.028],[105.8571,21.0244],[105.8601,21.0251],[105.8615,21.0215],[105.862,21.0186],[105.8588,21.0191],[105.8541,21.0179],[105.8443,21.0198],[105.8414,21.0207],[105.8416,21.0282]]]},"properties":{"name":"Cửa Nam","level":"ward"}},{"type":"Feature","geometry":{"type":"Polygon","coordinates":[[[105.8209,21.0932],[105.8178,21.0866],[105.8166,21.0846],[105.8114,21.0762],[105.809,21.0704],[105.7984,21.0745],[105.7988,21.0756],[105.7944,21.0773],[105.7939,21.0762],[105.789,21.0781],[105.7879,21.0791],[105.7883,21.0824],[105.7861,21.089],[105.7859,21.0906],[105.7864,21.0977],[105.7936,21.0974],[105.804,21.0956],[105.8165,21.0947],[105.8209,21.0932]]]},"properties":{"name":"Phú Thượng","level":"ward"}},{"type":"Feature","geometry":{"type":"Polygon","coordinates":[[[105.8504,21.0409],[105.847,21.0442],[105.8446,21.046],[105.8401,21.0506],[105.8381,21.0527],[105.835,21.0582],[105.8327,21.0612],[105.8316,21.0641],[105.8291,21.0649],[105.8265,21.0681],[105.826,21.0714],[105.825,21.0735],[105.8206,21.0775],[105.8173,21.0827],[105.8166,21.0846],[105.8178,21.0866],[105.8209,21.0932],[105.8248,21.092],[105.827,21.091],[105.8332,21.0868],[105.8352,21.0858],[105.841,21.0812],[105.8423,21.0783],[105.8472,21.0726],[105.8504,21.0694],[105.8528,21.0666],[105.8551,21.0628],[105.8579,21.057],[105.861,21.0527],[105.8624,21.0491],[105.8624,21.0396],[105.8649,21.0303],[105.8663,21.0263],[105.8675,21.021],[105.8704,21.0138],[105.8723,21.0106],[105.8746,21.0083],[105.8781,21.0063],[105.8742,21.0024],[105.8706,21.004],[105.8659,21.0088],[105.8645,21.0105],[105.8633,21.0134],[105.862,21.0186],[105.8615,21.0215],[105.8601,21.0251],[105.8584,21.0278],[105.8556,21.0336],[105.854,21.0364],[105.8504,21.0409]]]},"properties":{"name":"Hồng Hà","level":"ward"}},{"type":"Feature","geometry":{"type":"Polygon","coordinates":[[[105.8401,21.0506],[105.8378,21.0472],[105.8368,21.0469],[105.8366,21.0444],[105.8349,21.0419],[105.8313,21.0418],[105.8286,21.0396],[105.8275,21.0397],[105.8217,21.0418],[105.8151,21.0427],[105.8113,21.0459],[105.8085,21.0473],[105.8052,21.0478],[105.8044,21.0518],[105.8044,21.0614],[105.8049,21.0633],[105.809,21.0704],[105.8114,21.0762],[105.8166,21.0846],[105.8173,21.0827],[105.8206,21.0775],[105.825,21.0735],[105.826,21.0714],[105.8265,21.0681],[105.8291,21.0649],[105.8316,21.0641],[105.8327,21.0612],[105.835,21.0582],[105.8381,21.0527],[105.8401,21.0506]]]},"properties":{"name":"Tây Hồ","level":"ward"}},{"type":"Feature","geometry":{"type":"Polygon","coordinates":[[[105.8675,21.021],[105.8663,21.0263],[105.8649,21.0303],[105.8624,21.0396],[105.8624,21.0491],[105.861,21.0527],[105.8579,21.057],[105.8551,21.0628],[105.8528,21.0666],[105.8504,21.0694],[105.8472,21.0726],[105.8423,21.0783],[105.841,21.0812],[105.8426,21.081],[105.8457,21.08],[105.8564,21.0721],[105.8605,21.0686],[105.8643,21.0666],[105.8663,21.0665],[105.8721,21.0681],[105.8769,21.0704],[105.8781,21.0712],[105.8799,21.0686],[105.8811,21.0659],[105.8827,21.0608],[105.8848,21.058],[105.8886,21.0547],[105.8906,21.0521],[105.8881,21.0467],[105.8853,21.0416],[105.8813,21.033],[105.8798,21.0312],[105.869,21.022],[105.8675,21.021]]]},"properties":{"name":"Bồ Đề","level":"ward"}},{"type":"Feature","geometry":{"type":"Polygon","coordinates":[[[105.8906,21.0521],[105.8886,21.0547],[105.8848,21.058],[105.8827,21.0608],[105.8811,21.0659],[105.8799,21.0686],[105.8781,21.0712],[105.8855,21.0763],[105.8907,21.0785],[105.8954,21.0796],[105.8977,21.0798],[105.9027,21.0786],[105.9159,21.0765],[105.9186,21.0759],[105.9209,21.0747],[105.9241,21.0725],[105.9275,21.0681],[105.929,21.0655],[105.9323,21.0582],[105.9232,21.053],[105.9217,21.0552],[105.9195,21.0557],[105.9178,21.0578],[105.9009,21.0494],[105.8947,21.0458],[105.8906,21.0521]]]},"properties":{"name":"Việt Hưng","level":"ward"}},{"type":"Feature","geometry":{"type":"Polygon","coordinates":[[[105.8947,21.0458],[105.9009,21.0494],[105.9178,21.0578],[105.9195,21.0557],[105.9217,21.0552],[105.9232,21.053],[105.9323,21.0582],[105.9336,21.0542],[105.9357,21.0466],[105.9387,21.041],[105.9342,21.0348],[105.9323,21.0318],[105.9291,21.0247],[105.9215,21.0279],[105.9141,21.03],[105.9057,21.0339],[105.8997,21.0369],[105.8984,21.0385],[105.8973,21.0413],[105.8947,21.0458]]]},"properties":{"name":"Phúc Lợi","level":"ward"}},{"type":"Feature","geometry":{"type":"Polygon","coordinates":[[[105.8781,21.0063],[105.8746,21.0083],[105.8723,21.0106],[105.8704,21.0138],[105.8675,21.021],[105.869,21.022],[105.8798,21.0312],[105.8813,21.033],[105.8853,21.0416],[105.8881,21.0467],[105.8906,21.0521],[105.8947,21.0458],[105.8973,21.0413],[105.8984,21.0385],[105.8997,21.0369],[105.9057,21.0339],[105.9141,21.03],[105.9215,21.0279],[105.9291,21.0247],[105.9272,21.0216],[105.9227,21.018],[105.9202,21.0155],[105.9179,21.0123],[105.9142,21.0076],[105.9018,20.9937],[105.898,20.9966],[105.8893,21.0011],[105.8825,21.0041],[105.8781,21.0063]]]},"properties":{"name":"Long Biên","level":"ward"}},{"type":"Feature","geometry":{"type":"Polygon","coordinates":[[[105.8052,21.0478],[105.8059,21.0455],[105.8061,21.042],[105.8066,21.0402],[105.8063,21.0369],[105.8034,21.0327],[105.8014,21.0303],[105.8013,21.0303],[105.7974,21.0339],[105.7977,21.039],[105.7947,21.0392],[105.7936,21.0379],[105.7905,21.0402],[105.7905,21.0416],[105.781,21.0419],[105.7819,21.0537],[105.7822,21.0557],[105.7824,21.0562],[105.7844,21.0566],[105.7899,21.0568],[105.7899,21.0522],[105.7904,21.0519],[105.8044,21.0518],[105.8052,21.0478]]]},"properties":{"name":"Nghĩa Đô","level":"ward"}},{"type":"Feature","geometry":{"type":"Polygon","coordinates":[[[105.781,21.0419],[105.7905,21.0416],[105.7905,21.0402],[105.7936,21.0379],[105.7947,21.0392],[105.7977,21.039],[105.7974,21.0339],[105.8013,21.0303],[105.7986,21.0271],[105.7977,21.025],[105.794,21.0262],[105.7907,21.0236],[105.7822,21.0177],[105.7794,21.0213],[105.7787,21.0241],[105.7788,21.0258],[105.7806,21.0366],[105.781,21.0419]]]},"properties":{"name":"Cầu Giấy","level":"ward"}},{"type":"Feature","geometry":{"type":"Polygon","coordinates":[[[105.7822,21.0177],[105.7907,21.0236],[105.794,21.0262],[105.7977,21.025],[105.7981,21.0237],[105.8002,21.0219],[105.8029,21.0174],[105.8042,21.0157],[105.8078,21.0125],[105.8108,21.0105],[105.8093,21.0086],[105.8003,21.0022],[105.7977,21.0055],[105.7941,21.003],[105.7923,21.0052],[105.7822,21.0177]]]},"properties":{"name":"Yên Hoà","level":"ward"}},{"type":"Feature","geometry":{"type":"Polygon","coordinates":[[[105.83,21.0322],[105.836,21.0304],[105.8343,21.0279],[105.8298,21.0182],[105.8257,21.0208],[105.8235,21.0166],[105.8211,21.0163],[105.8189,21.0139],[105.815,21.0167],[105.8198,21.0234],[105.8252,21.028],[105.8297,21.0314],[105.83,21.0322]]]},"properties":{"name":"Ô Chợ Dừa","level":"ward"}},{"type":"Feature","geometry":{"type":"Polygon","coordinates":[[[105.8014,21.0303],[105.8044,21.0289],[105.8082,21.0279],[105.8095,21.0272],[105.8113,21.025],[105.8082,21.0199],[105.8149,21.0166],[105.8108,21.0105],[105.8078,21.0125],[105.8042,21.0157],[105.8029,21.0174],[105.8002,21.0219],[105.7981,21.0237],[105.7977,21.025],[105.7986,21.0271],[105.8013,21.0303],[105.8014,21.0303]]]},"properties":{"name":"Láng","level":"ward"}},{"type":"Feature","geometry":{"type":"Polygon","coordinates":[[[105.836,21.0304],[105.8416,21.0288],[105.8416,21.0282],[105.8414,21.0207],[105.8414,21.0077],[105.8388,21.009],[105.8341,21.0142],[105.8298,21.0182],[105.8343,21.0279],[105.836,21.0304]]]},"properties":{"name":"Văn Miếu - Quốc Tử Giám","level":"ward"}},{"type":"Feature","geometry":{"type":"Polygon","coordinates":[[[105.8341,21.0142],[105.8388,21.009],[105.8414,21.0077],[105.8413,20.9978],[105.8368,20.9989],[105.8345,20.9992],[105.8299,21.0004],[105.8228,21.0024],[105.8202,21.0031],[105.8222,21.0048],[105.8251,21.0106],[105.8269,21.0135],[105.831,21.0113],[105.8341,21.0142]]]},"properties":{"name":"Kim Liên","level":"ward"}},{"type":"Feature","geometry":{"type":"Polygon","coordinates":[[[105.8149,21.0166],[105.815,21.0167],[105.8189,21.0139],[105.8211,21.0163],[105.8235,21.0166],[105.8257,21.0208],[105.8298,21.0182],[105.8341,21.0142],[105.831,21.0113],[105.8269,21.0135],[105.8251,21.0106],[105.8222,21.0048],[105.8202,21.0031],[105.8181,21.0016],[105.8162,21.006],[105.8141,21.0084],[105.8108,21.0105],[105.8149,21.0166]]]},"properties":{"name":"Đống Đa","level":"ward"}},{"type":"Feature","geometry":{"type":"Polygon","coordinates":[[[105.8414,21.0207],[105.8443,21.0198],[105.8541,21.0179],[105.8588,21.0191],[105.862,21.0186],[105.8633,21.0134],[105.8645,21.0105],[105.8659,21.0088],[105.8608,21.009],[105.8556,21.0091],[105.8503,21.0087],[105.8432,21.0077],[105.8414,21.0077],[105.8414,21.0207]]]},"properties":{"name":"Hai Bà Trưng","level":"ward"}},{"type":"Feature","geometry":{"type":"Polygon","coordinates":[[[105.8659,21.0088],[105.8706,21.004],[105.8742,21.0024],[105.872,21.0003],[105.8737,20.9977],[105.8739,20.9933],[105.8723,20.9897],[105.8689,20.9866],[105.8669,20.9879],[105.8627,20.9921],[105.8622,20.9963],[105.8608,21.009],[105.8659,21.0088]]]},"properties":{"name":"Vĩnh Tuy","level":"ward"}},{"type":"Feature","geometry":{"type":"Polygon","coordinates":[[[105.8413,20.9978],[105.8414,21.0077],[105.8432,21.0077],[105.8503,21.0087],[105.8556,21.0091],[105.8608,21.009],[105.8622,20.9963],[105.8598,20.9955],[105.857,20.9952],[105.8472,20.9963],[105.8413,20.9978]]]},"properties":{"name":"Bạch Mai","level":"ward"}},{"type":"Feature","geometry":{"type":"Polygon","coordinates":[[[105.8689,20.9866],[105.8723,20.9897],[105.8739,20.9933],[105.8737,20.9977],[105.872,21.0003],[105.8742,21.0024],[105.8768,21.002],[105.8793,21.0007],[105.8821,21.0012],[105.8854,21.0003],[105.8873,20.9988],[105.8918,20.9968],[105.8924,20.9959],[105.8922,20.992],[105.8936,20.99],[105.895,20.9861],[105.8892,20.9796],[105.8833,20.9805],[105.8755,20.9836],[105.8708,20.9854],[105.8689,20.9866]]]},"properties":{"name":"Vĩnh Hưng","level":"ward"}},{"type":"Feature","geometry":{"type":"Polygon","coordinates":[[[105.841,20.9837],[105.8409,20.972],[105.8414,20.9702],[105.8385,20.971],[105.8349,20.9708],[105.8297,20.9694],[105.8265,20.9673],[105.8241,20.9685],[105.825,20.9707],[105.8216,20.9718],[105.8212,20.9705],[105.8192,20.968],[105.8176,20.9672],[105.807,20.9732],[105.8086,20.977],[105.8065,20.98],[105.81,20.9823],[105.8125,20.979],[105.8146,20.9824],[105.8157,20.9832],[105.8183,20.9807],[105.8193,20.9846],[105.823,20.9869],[105.8249,20.9887],[105.8286,20.9849],[105.8318,20.9836],[105.841,20.9837]]]},"properties":{"name":"Định Công","level":"ward"}},{"type":"Feature","geometry":{"type":"Polygon","coordinates":[[[105.8622,20.9963],[105.8627,20.9921],[105.8669,20.9879],[105.8689,20.9866],[105.8708,20.9854],[105.8755,20.9836],[105.8637,20.9837],[105.8529,20.9836],[105.841,20.9837],[105.8413,20.9978],[105.8472,20.9963],[105.857,20.9952],[105.8598,20.9955],[105.8622,20.9963]]]},"properties":{"name":"Tương Mai","level":"ward"}},{"type":"Feature","geometry":{"type":"Polygon","coordinates":[[[105.8742,21.0024],[105.8781,21.0063],[105.8825,21.0041],[105.8893,21.0011],[105.898,20.9966],[105.9018,20.9937],[105.9046,20.9913],[105.9068,20.9877],[105.9078,20.9852],[105.9079,20.9824],[105.9066,20.9765],[105.9038,20.9695],[105.9029,20.9678],[105.8995,20.9633],[105.8974,20.9602],[105.8925,20.9546],[105.8862,20.9455],[105.8798,20.9507],[105.8711,20.9566],[105.8734,20.9603],[105.8746,20.9612],[105.8753,20.9644],[105.8768,20.9649],[105.8763,20.9664],[105.8781,20.9683],[105.881,20.9722],[105.8825,20.9737],[105.8855,20.9757],[105.8892,20.9796],[105.895,20.9861],[105.8936,20.99],[105.8922,20.992],[105.8924,20.9959],[105.8918,20.9968],[105.8873,20.9988],[105.8854,21.0003],[105.8821,21.0012],[105.8793,21.0007],[105.8768,21.002],[105.8742,21.0024]]]},"properties":{"name":"Lĩnh Nam","level":"ward"}},{"type":"Feature","geometry":{"type":"Polygon","coordinates":[[[105.8755,20.9836],[105.8833,20.9805],[105.8892,20.9796],[105.8855,20.9757],[105.8825,20.9737],[105.881,20.9722],[105.8781,20.9683],[105.8763,20.9664],[105.8727,20.9646],[105.8696,20.9642],[105.8626,20.9639],[105.8602,20.9642],[105.8514,20.9656],[105.842,20.9657],[105.8414,20.9702],[105.8409,20.972],[105.841,20.9837],[105.8529,20.9836],[105.8637,20.9837],[105.8755,20.9836]]]},"properties":{"name":"Hoàng Mai","level":"ward"}},{"type":"Feature","geometry":{"type":"Polygon","coordinates":[[[105.8241,20.9685],[105.8265,20.9673],[105.8297,20.9694],[105.8349,20.9708],[105.8385,20.971],[105.8414,20.9702],[105.842,20.9657],[105.8421,20.9609],[105.8442,20.9512],[105.8429,20.9511],[105.8424,20.9532],[105.8414,20.9541],[105.8394,20.954],[105.8359,20.9524],[105.8333,20.9522],[105.8295,20.9537],[105.8274,20.9555],[105.8251,20.9566],[105.8213,20.9571],[105.8197,20.9578],[105.8184,20.9592],[105.8165,20.9599],[105.8139,20.9595],[105.8134,20.9606],[105.8183,20.9634],[105.8217,20.9659],[105.8241,20.9685]]]},"properties":{"name":"Hoàng Liệt","level":"ward"}},{"type":"Feature","geometry":{"type":"Polygon","coordinates":[[[105.8763,20.9664],[105.8768,20.9649],[105.8753,20.9644],[105.8746,20.9612],[105.8734,20.9603],[105.8711,20.9566],[105.8696,20.9546],[105.8677,20.9536],[105.8663,20.9502],[105.865,20.9494],[105.8639,20.9453],[105.864,20.9433],[105.8593,20.9449],[105.8542,20.9472],[105.8524,20.947],[105.8489,20.948],[105.8475,20.9521],[105.8442,20.9512],[105.8421,20.9609],[105.842,20.9657],[105.8514,20.9656],[105.8602,20.9642],[105.8626,20.9639],[105.8696,20.9642],[105.8727,20.9646],[105.8763,20.9664]]]},"properties":{"name":"Yên Sở","level":"ward"}},{"type":"Feature","geometry":{"type":"Polygon","coordinates":[[[105.8228,21.0024],[105.8299,21.0004],[105.8345,20.9992],[105.8368,20.9989],[105.8413,20.9978],[105.841,20.9837],[105.8318,20.9836],[105.8286,20.9849],[105.8249,20.9887],[105.8215,20.9928],[105.8222,20.9943],[105.8218,20.9968],[105.8218,20.9995],[105.8228,21.0024]]]},"properties":{"name":"Phương Liệt","level":"ward"}},{"type":"Feature","geometry":{"type":"Polygon","coordinates":[[[105.8202,21.0031],[105.8228,21.0024],[105.8218,20.9995],[105.8218,20.9968],[105.8222,20.9943],[105.8215,20.9928],[105.8249,20.9887],[105.823,20.9869],[105.8193,20.9846],[105.8183,20.9807],[105.8157,20.9832],[105.8146,20.9824],[105.8125,20.979],[105.81,20.9823],[105.8032,20.9915],[105.809,20.9956],[105.8181,21.0016],[105.8202,21.0031]]]},"properties":{"name":"Khương Đình","level":"ward"}},{"type":"Feature","geometry":{"type":"Polygon","coordinates":[[[105.7941,21.003],[105.7977,21.0055],[105.8003,21.0022],[105.8093,21.0086],[105.8108,21.0105],[105.8141,21.0084],[105.8162,21.006],[105.8181,21.0016],[105.809,20.9956],[105.8032,20.9915],[105.7987,20.9883],[105.7956,20.9916],[105.7902,20.9948],[105.7969,20.9994],[105.7941,21.003]]]},"properties":{"name":"Thanh Xuân","level":"ward"}},{"type":"Feature","geometry":{"type":"Polygon","coordinates":[[[105.881,21.2938],[105.8832,21.2935],[105.8849,21.2924],[105.8863,21.2898],[105.8867,21.2866],[105.886,21.2855],[105.8873,21.2806],[105.8856,21.2808],[105.8847,21.2774],[105.8848,21.2762],[105.8824,21.2766],[105.8815,21.2781],[105.8801,21.2782],[105.8802,21.2757],[105.8818,21.2753],[105.8809,21.2718],[105.8823,21.2705],[105.8845,21.264],[105.884,21.2625],[105.8849,21.2571],[105.8857,21.2547],[105.885,21.2539],[105.8858,21.2502],[105.8872,21.2466],[105.8856,21.2453],[105.8842,21.2456],[105.8811,21.244],[105.8805,21.2413],[105.8733,21.2426],[105.8728,21.2391],[105.8709,21.2393],[105.8696,21.2376],[105.8695,21.2364],[105.8663,21.2354],[105.8668,21.2344],[105.8637,21.2331],[105.862,21.2342],[105.8618,21.2283],[105.8661,21.2259],[105.8716,21.2245],[105.8715,21.2229],[105.879,21.2192],[105.883,21.2182],[105.8836,21.2198],[105.886,21.2188],[105.8859,21.2171],[105.8844,21.2149],[105.8849,21.2134],[105.8833,21.213],[105.8804,21.2101],[105.8809,21.2094],[105.881,21.2062],[105.8798,21.2033],[105.8754,21.2019],[105.8746,21.2024],[105.8722,21.2064],[105.8717,21.2063],[105.8715,21.2029],[105.8727,21.2006],[105.8713,21.1981],[105.869,21.198],[105.8673,21.1988],[105.8665,21.2009],[105.8626,21.1995],[105.8598,21.1956],[105.855,21.1929],[105.8511,21.1907],[105.8473,21.1892],[105.8443,21.189],[105.8407,21.1905],[105.8383,21.1894],[105.8368,21.1914],[105.8348,21.1929],[105.834,21.1981],[105.8249,21.1983],[105.825,21.2014],[105.8222,21.2015],[105.822,21.2031],[105.8221,21.2076],[105.8166,21.2091],[105.819,21.2132],[105.8246,21.2117],[105.8271,21.214],[105.8276,21.2159],[105.8229,21.2196],[105.8192,21.2212],[105.8117,21.2234],[105.813,21.2276],[105.808,21.2291],[105.8071,21.2315],[105.8055,21.2341],[105.8143,21.2381],[105.8156,21.2395],[105.8148,21.2409],[105.8161,21.2415],[105.8156,21.2457],[105.8172,21.2479],[105.819,21.2483],[105.8201,21.2495],[105.8221,21.2488],[105.826,21.2515],[105.8251,21.2545],[105.8249,21.2567],[105.8236,21.2574],[105.8228,21.2597],[105.8228,21.2615],[105.8199,21.2643],[105.8198,21.2678],[105.8211,21.2701],[105.8246,21.2712],[105.8225,21.2729],[105.822,21.281],[105.8231,21.2833],[105.8232,21.2851],[105.8219,21.2878],[105.824,21.2896],[105.8246,21.294],[105.8243,21.2987],[105.8303,21.3005],[105.8332,21.302],[105.838,21.2989],[105.8397,21.2984],[105.8402,21.2964],[105.8413,21.295],[105.8436,21.2955],[105.8457,21.2966],[105.847,21.2958],[105.8516,21.2975],[105.8551,21.296],[105.8574,21.294],[105.8559,21.2925],[105.8566,21.2914],[105.8564,21.2897],[105.8587,21.2882],[105.8604,21.2881],[105.8627,21.2872],[105.8651,21.2872],[105.8663,21.2925],[105.8727,21.2952],[105.8732,21.2934],[105.8776,21.2932],[105.8797,21.2946],[105.881,21.2938]]]},"properties":{"name":"Sóc Sơn","level":"ward"}},{"type":"Feature","geometry":{"type":"Polygon","coordinates":[[[105.8032,21.2858],[105.8029,21.2807],[105.8,21.2768],[105.7995,21.2745],[105.7974,21.2736],[105.7982,21.2722],[105.796,21.2694],[105.7969,21.2691],[105.7956,21.2656],[105.7936,21.2664],[105.7891,21.2606],[105.7853,21.2623],[105.7838,21.2606],[105.7823,21.262],[105.7804,21.2621],[105.78,21.2609],[105.781,21.2598],[105.7777,21.2591],[105.7774,21.2571],[105.7739,21.254],[105.7743,21.2531],[105.7718,21.2512],[105.7709,21.2498],[105.7724,21.249],[105.7711,21.2477],[105.77,21.248],[105.7698,21.2416],[105.7657,21.2406],[105.7647,21.238],[105.7625,21.2387],[105.7611,21.2401],[105.7594,21.2388],[105.7557,21.2375],[105.7549,21.2385],[105.7531,21.2367],[105.7501,21.2377],[105.7479,21.2391],[105.7456,21.2373],[105.7444,21.2394],[105.7434,21.24],[105.7405,21.2388],[105.7389,21.237],[105.7376,21.2366],[105.7366,21.2393],[105.7343,21.2418],[105.7323,21.242],[105.7282,21.2408],[105.7251,21.2423],[105.7266,21.2432],[105.7289,21.247],[105.7292,21.2488],[105.7264,21.25],[105.7259,21.2509],[105.7235,21.2518],[105.7241,21.2527],[105.7248,21.2573],[105.7238,21.2628],[105.7245,21.2659],[105.7293,21.2694],[105.7252,21.2721],[105.7263,21.2735],[105.7278,21.2729],[105.729,21.2742],[105.7294,21.2759],[105.7321,21.275],[105.7328,21.2754],[105.7333,21.2793],[105.7357,21.2793],[105.736,21.2808],[105.7351,21.2843],[105.7369,21.2858],[105.7362,21.2867],[105.738,21.2881],[105.742,21.2874],[105.7426,21.289],[105.741,21.2898],[105.7431,21.2929],[105.745,21.292],[105.7454,21.2936],[105.7476,21.2943],[105.7489,21.2957],[105.7534,21.2955],[105.7528,21.2974],[105.7542,21.298],[105.7565,21.3016],[105.7593,21.3033],[105.7584,21.3042],[105.7608,21.3067],[105.7602,21.3084],[105.7626,21.314],[105.766,21.3175],[105.7675,21.3181],[105.7695,21.3215],[105.7705,21.3239],[105.7719,21.3254],[105.7726,21.3295],[105.7734,21.3314],[105.7762,21.3358],[105.7763,21.3372],[105.7797,21.339],[105.7831,21.3429],[105.7853,21.3429],[105.7853,21.3481],[105.783,21.3539],[105.7852,21.3544],[105.7875,21.3524],[105.7886,21.3521],[105.7899,21.3488],[105.7931,21.3461],[105.7966,21.345],[105.7978,21.3439],[105.7971,21.3351],[105.7979,21.3333],[105.7967,21.3319],[105.7993,21.3293],[105.7975,21.3269],[105.7969,21.3235],[105.7943,21.3222],[105.7939,21.3179],[105.7887,21.314],[105.7884,21.3083],[105.7888,21.3032],[105.7919,21.302],[105.7938,21.2991],[105.7941,21.2951],[105.7953,21.2925],[105.7964,21.292],[105.798,21.2883],[105.8012,21.2854],[105.8032,21.2858]]]},"properties":{"name":"Kim Anh","level":"ward"}},{"type":"Feature","geometry":{"type":"Polygon","coordinates":[[[105.881,21.2938],[105.8797,21.2946],[105.8776,21.2932],[105.8732,21.2934],[105.8727,21.2952],[105.8663,21.2925],[105.8651,21.2872],[105.8627,21.2872],[105.8604,21.2881],[105.8587,21.2882],[105.8564,21.2897],[105.8566,21.2914],[105.8559,21.2925],[105.8574,21.294],[105.8551,21.296],[105.8516,21.2975],[105.847,21.2958],[105.8457,21.2966],[105.8436,21.2955],[105.8413,21.295],[105.8402,21.2964],[105.8397,21.2984],[105.838,21.2989],[105.8332,21.302],[105.8303,21.3005],[105.8243,21.2987],[105.8246,21.294],[105.824,21.2896],[105.8219,21.2878],[105.8193,21.2878],[105.8183,21.2847],[105.8164,21.2841],[105.8161,21.2828],[105.8148,21.2822],[105.811,21.2793],[105.8098,21.2776],[105.8075,21.2848],[105.8032,21.2858],[105.8012,21.2854],[105.798,21.2883],[105.7964,21.292],[105.7953,21.2925],[105.7941,21.2951],[105.7938,21.2991],[105.7919,21.302],[105.7888,21.3032],[105.7884,21.3083],[105.7887,21.314],[105.7939,21.3179],[105.7943,21.3222],[105.7969,21.3235],[105.7975,21.3269],[105.7993,21.3293],[105.7967,21.3319],[105.7979,21.3333],[105.7971,21.3351],[105.7978,21.3439],[105.7966,21.345],[105.7931,21.3461],[105.7899,21.3488],[105.7886,21.3521],[105.7875,21.3524],[105.7852,21.3544],[105.7859,21.3547],[105.7862,21.3576],[105.7847,21.3596],[105.7858,21.3611],[105.7869,21.367],[105.7858,21.3705],[105.7897,21.3733],[105.7881,21.3757],[105.7894,21.3761],[105.7904,21.3781],[105.7948,21.3799],[105.7953,21.3813],[105.7968,21.3812],[105.7994,21.383],[105.8009,21.3854],[105.8029,21.3847],[105.8048,21.3824],[105.8082,21.3828],[105.8133,21.3809],[105.8135,21.3827],[105.8165,21.3829],[105.8166,21.382],[105.8202,21.3795],[105.8213,21.378],[105.8229,21.3783],[105.8253,21.3768],[105.8266,21.3767],[105.831,21.3746],[105.8318,21.3733],[105.8351,21.3734],[105.8362,21.3753],[105.8396,21.3774],[105.8417,21.3776],[105.8446,21.377],[105.8469,21.3774],[105.8486,21.3748],[105.8498,21.3744],[105.8557,21.376],[105.8583,21.3748],[105.8579,21.3713],[105.8581,21.3686],[105.8556,21.3676],[105.8548,21.365],[105.8534,21.3625],[105.8537,21.3594],[105.8518,21.3576],[105.852,21.3553],[105.8541,21.3537],[105.8545,21.3521],[105.8526,21.3509],[105.8527,21.3486],[105.8556,21.3476],[105.8565,21.346],[105.8557,21.3445],[105.8558,21.3426],[105.8568,21.3417],[105.8577,21.3392],[105.8596,21.3379],[105.8616,21.3383],[105.8629,21.3378],[105.8636,21.3359],[105.8656,21.3337],[105.8659,21.3307],[105.8666,21.3285],[105.8681,21.3271],[105.8695,21.3277],[105.8714,21.3297],[105.8744,21.3282],[105.8778,21.3276],[105.8825,21.3276],[105.8893,21.3258],[105.8913,21.3257],[105.8957,21.3274],[105.8978,21.327],[105.8994,21.3242],[105.8995,21.3226],[105.8986,21.3201],[105.8987,21.3177],[105.8912,21.3155],[105.8855,21.3146],[105.8827,21.313],[105.8815,21.3112],[105.8802,21.3079],[105.8806,21.3065],[105.8794,21.3049],[105.8794,21.303],[105.8825,21.299],[105.8823,21.2973],[105.8829,21.296],[105.881,21.2938]]]},"properties":{"name":"Trung Giã","level":"ward"}},{"type":"Feature","geometry":{"type":"Polygon","coordinates":[[[105.8798,21.2033],[105.881,21.2062],[105.8809,21.2094],[105.8804,21.2101],[105.8833,21.213],[105.8849,21.2134],[105.8844,21.2149],[105.8859,21.2171],[105.886,21.2188],[105.8836,21.2198],[105.883,21.2182],[105.879,21.2192],[105.8715,21.2229],[105.8716,21.2245],[105.8661,21.2259],[105.8618,21.2283],[105.862,21.2342],[105.8637,21.2331],[105.8668,21.2344],[105.8663,21.2354],[105.8695,21.2364],[105.8696,21.2376],[105.8709,21.2393],[105.8728,21.2391],[105.8733,21.2426],[105.8805,21.2413],[105.8811,21.244],[105.8842,21.2456],[105.8856,21.2453],[105.8872,21.2466],[105.8858,21.2502],[105.885,21.2539],[105.8857,21.2547],[105.8849,21.2571],[105.884,21.2625],[105.8845,21.264],[105.8823,21.2705],[105.8809,21.2718],[105.8818,21.2753],[105.8802,21.2757],[105.8801,21.2782],[105.8815,21.2781],[105.8824,21.2766],[105.8848,21.2762],[105.8847,21.2774],[105.8856,21.2808],[105.8873,21.2806],[105.886,21.2855],[105.8867,21.2866],[105.8863,21.2898],[105.8849,21.2924],[105.8832,21.2935],[105.881,21.2938],[105.8829,21.296],[105.8823,21.2973],[105.8825,21.299],[105.8794,21.303],[105.8794,21.3049],[105.8806,21.3065],[105.8802,21.3079],[105.8815,21.3112],[105.8827,21.313],[105.8855,21.3146],[105.8912,21.3155],[105.8987,21.3177],[105.8986,21.3157],[105.8969,21.3095],[105.8972,21.3079],[105.899,21.3057],[105.902,21.3034],[105.904,21.3023],[105.9081,21.3015],[105.9112,21.3021],[105.9154,21.3054],[105.9177,21.3049],[105.9177,21.3038],[105.916,21.2983],[105.9158,21.2965],[105.917,21.2947],[105.9191,21.2941],[105.9243,21.294],[105.9288,21.2953],[105.9306,21.295],[105.9316,21.293],[105.9302,21.2913],[105.9276,21.2906],[105.9255,21.2896],[105.9233,21.2878],[105.9226,21.2844],[105.9223,21.281],[105.9223,21.2742],[105.9232,21.2694],[105.9298,21.2606],[105.9347,21.252],[105.9375,21.249],[105.9391,21.2464],[105.9378,21.2435],[105.9366,21.245],[105.9335,21.2454],[105.9338,21.2428],[105.9328,21.2416],[105.9304,21.2419],[105.9292,21.2401],[105.9281,21.2402],[105.9269,21.2383],[105.9209,21.2351],[105.9207,21.2321],[105.9196,21.231],[105.9172,21.2309],[105.9157,21.232],[105.9079,21.2317],[105.9067,21.2323],[105.9056,21.2304],[105.9067,21.2291],[105.9044,21.2273],[105.9038,21.2251],[105.9039,21.2234],[105.9061,21.2226],[105.9091,21.2249],[105.9105,21.2245],[105.9121,21.2207],[105.914,21.2191],[105.9151,21.2174],[105.9155,21.2149],[105.9157,21.2089],[105.9153,21.2082],[105.9129,21.2082],[105.9104,21.2076],[105.9101,21.2061],[105.9135,21.2036],[105.9123,21.2014],[105.9092,21.1999],[105.9071,21.1967],[105.9065,21.1949],[105.9071,21.1925],[105.9067,21.1879],[105.9055,21.183],[105.9024,21.1828],[105.9002,21.1818],[105.9017,21.1785],[105.901,21.1779],[105.8966,21.1771],[105.896,21.1778],[105.8979,21.1802],[105.8984,21.183],[105.8961,21.1846],[105.8926,21.1842],[105.8889,21.1856],[105.8872,21.1901],[105.8851,21.1896],[105.8822,21.1878],[105.8772,21.1867],[105.8761,21.1879],[105.8766,21.189],[105.8797,21.1885],[105.882,21.1895],[105.8832,21.191],[105.8842,21.1946],[105.886,21.1986],[105.887,21.1995],[105.8898,21.2005],[105.8919,21.2024],[105.8913,21.2038],[105.8878,21.2056],[105.8864,21.2057],[105.8828,21.2034],[105.8798,21.2033]]]},"properties":{"name":"Đa Phúc","level":"ward"}},{"type":"Feature","geometry":{"type":"Polygon","coordinates":[[[105.8219,21.2878],[105.8232,21.2851],[105.8231,21.2833],[105.822,21.281],[105.8225,21.2729],[105.8246,21.2712],[105.8211,21.2701],[105.8198,21.2678],[105.8199,21.2643],[105.8228,21.2615],[105.8228,21.2597],[105.8236,21.2574],[105.8249,21.2567],[105.8251,21.2545],[105.826,21.2515],[105.8221,21.2488],[105.8201,21.2495],[105.819,21.2483],[105.8172,21.2479],[105.8156,21.2457],[105.8161,21.2415],[105.8148,21.2409],[105.8156,21.2395],[105.8143,21.2381],[105.8055,21.2341],[105.8071,21.2315],[105.808,21.2291],[105.813,21.2276],[105.8117,21.2234],[105.8192,21.2212],[105.8229,21.2196],[105.8276,21.2159],[105.8271,21.214],[105.8246,21.2117],[105.819,21.2132],[105.8166,21.2091],[105.8221,21.2076],[105.822,21.2031],[105.8222,21.2015],[105.825,21.2014],[105.8249,21.1983],[105.834,21.1981],[105.8348,21.1929],[105.8368,21.1914],[105.8383,21.1894],[105.8364,21.1871],[105.8349,21.1862],[105.8311,21.1882],[105.8287,21.1885],[105.8232,21.1871],[105.8191,21.1848],[105.8163,21.1842],[105.8134,21.1845],[105.8129,21.1857],[105.815,21.1865],[105.8147,21.1889],[105.8125,21.1908],[105.8085,21.191],[105.8053,21.1895],[105.8033,21.188],[105.8004,21.1875],[105.7991,21.1884],[105.7976,21.1911],[105.7957,21.1924],[105.7934,21.1924],[105.7903,21.1906],[105.7889,21.1954],[105.7879,21.1968],[105.7858,21.1981],[105.7797,21.1995],[105.7773,21.2005],[105.7747,21.2029],[105.7715,21.205],[105.7701,21.2074],[105.7697,21.2095],[105.77,21.2121],[105.7686,21.2142],[105.7646,21.213],[105.762,21.2134],[105.7607,21.2146],[105.7591,21.2174],[105.759,21.2211],[105.7584,21.2226],[105.7571,21.2229],[105.7555,21.2218],[105.7542,21.2219],[105.7531,21.2231],[105.7525,21.2256],[105.7516,21.2269],[105.7495,21.2283],[105.7473,21.2291],[105.7429,21.2313],[105.741,21.2317],[105.7381,21.2315],[105.7346,21.2331],[105.7327,21.2342],[105.7335,21.2358],[105.7348,21.2352],[105.7374,21.2357],[105.7376,21.2366],[105.7389,21.237],[105.7405,21.2388],[105.7434,21.24],[105.7444,21.2394],[105.7456,21.2373],[105.7479,21.2391],[105.7501,21.2377],[105.7531,21.2367],[105.7549,21.2385],[105.7557,21.2375],[105.7594,21.2388],[105.7611,21.2401],[105.7625,21.2387],[105.7647,21.238],[105.7657,21.2406],[105.7698,21.2416],[105.77,21.248],[105.7711,21.2477],[105.7724,21.249],[105.7709,21.2498],[105.7718,21.2512],[105.7743,21.2531],[105.7739,21.254],[105.7774,21.2571],[105.7777,21.2591],[105.781,21.2598],[105.78,21.2609],[105.7804,21.2621],[105.7823,21.262],[105.7838,21.2606],[105.7853,21.2623],[105.7891,21.2606],[105.7936,21.2664],[105.7956,21.2656],[105.7969,21.2691],[105.796,21.2694],[105.7982,21.2722],[105.7974,21.2736],[105.7995,21.2745],[105.8,21.2768],[105.8029,21.2807],[105.8032,21.2858],[105.8075,21.2848],[105.8098,21.2776],[105.811,21.2793],[105.8148,21.2822],[105.8161,21.2828],[105.8164,21.2841],[105.8183,21.2847],[105.8193,21.2878],[105.8219,21.2878]]]},"properties":{"name":"Nội Bài","level":"ward"}},{"type":"Feature","geometry":{"type":"Polygon","coordinates":[[[105.8781,21.0712],[105.8769,21.0704],[105.8721,21.0681],[105.8663,21.0665],[105.8643,21.0666],[105.8605,21.0686],[105.8564,21.0721],[105.8457,21.08],[105.8426,21.081],[105.841,21.0812],[105.8469,21.0872],[105.8489,21.0925],[105.8486,21.0956],[105.8468,21.1],[105.8459,21.1045],[105.8501,21.1073],[105.8452,21.1134],[105.8381,21.1218],[105.8361,21.1233],[105.8324,21.1245],[105.8271,21.1246],[105.8271,21.1308],[105.832,21.1309],[105.8394,21.1322],[105.8417,21.1321],[105.8436,21.1333],[105.8439,21.1343],[105.8463,21.1513],[105.8464,21.1536],[105.8548,21.1507],[105.8628,21.149],[105.8917,21.1376],[105.8979,21.1346],[105.9012,21.1318],[105.9151,21.1189],[105.91,21.1174],[105.9055,21.1141],[105.9056,21.1125],[105.9037,21.1101],[105.9014,21.1054],[105.9003,21.1065],[105.8992,21.1009],[105.8978,21.1012],[105.8965,21.0983],[105.8983,21.0968],[105.9014,21.0932],[105.9019,21.0918],[105.9043,21.0893],[105.905,21.0858],[105.9047,21.0821],[105.9027,21.0786],[105.8977,21.0798],[105.8954,21.0796],[105.8907,21.0785],[105.8855,21.0763],[105.8781,21.0712]]]},"properties":{"name":"Đông Anh","level":"ward"}},{"type":"Feature","geometry":{"type":"Polygon","coordinates":[[[105.8383,21.1894],[105.8407,21.1905],[105.8443,21.189],[105.8473,21.1892],[105.8511,21.1907],[105.855,21.1929],[105.8555,21.1886],[105.8532,21.1807],[105.8563,21.1791],[105.8563,21.1778],[105.8523,21.178],[105.8479,21.1631],[105.8465,21.1634],[105.8464,21.1536],[105.8463,21.1513],[105.8439,21.1343],[105.8436,21.1333],[105.8417,21.1321],[105.8394,21.1322],[105.832,21.1309],[105.8271,21.1308],[105.8271,21.1246],[105.8075,21.1246],[105.8079,21.1276],[105.8088,21.1285],[105.8089,21.1307],[105.8066,21.1336],[105.8041,21.1349],[105.8042,21.1372],[105.8053,21.1401],[105.8065,21.1414],[105.806,21.1458],[105.804,21.1494],[105.8033,21.1495],[105.8029,21.1524],[105.7998,21.1545],[105.7977,21.1538],[105.7953,21.1519],[105.7936,21.1494],[105.7926,21.1494],[105.7897,21.1506],[105.7841,21.1522],[105.7822,21.152],[105.7783,21.1502],[105.7736,21.1473],[105.7726,21.1459],[105.7707,21.148],[105.7721,21.1491],[105.7712,21.1571],[105.7706,21.1646],[105.7707,21.1666],[105.7702,21.1693],[105.7714,21.1694],[105.7708,21.1725],[105.7711,21.1755],[105.7719,21.1782],[105.7739,21.1779],[105.7755,21.179],[105.7807,21.1773],[105.781,21.1783],[105.7837,21.1774],[105.785,21.1795],[105.7879,21.1789],[105.7881,21.1802],[105.7905,21.1801],[105.7898,21.1821],[105.7904,21.1841],[105.7884,21.1851],[105.7879,21.1863],[105.7893,21.1879],[105.7903,21.1906],[105.7934,21.1924],[105.7957,21.1924],[105.7976,21.1911],[105.7991,21.1884],[105.8004,21.1875],[105.8033,21.188],[105.8053,21.1895],[105.8085,21.191],[105.8125,21.1908],[105.8147,21.1889],[105.815,21.1865],[105.8129,21.1857],[105.8134,21.1845],[105.8163,21.1842],[105.8191,21.1848],[105.8232,21.1871],[105.8287,21.1885],[105.8311,21.1882],[105.8349,21.1862],[105.8364,21.1871],[105.8383,21.1894]]]},"properties":{"name":"Phúc Thịnh","level":"ward"}},{"type":"Feature","geometry":{"type":"Polygon","coordinates":[[[105.855,21.1929],[105.8598,21.1956],[105.8626,21.1995],[105.8665,21.2009],[105.8673,21.1988],[105.869,21.198],[105.8713,21.1981],[105.8727,21.2006],[105.8715,21.2029],[105.8717,21.2063],[105.8722,21.2064],[105.8746,21.2024],[105.8754,21.2019],[105.8798,21.2033],[105.8828,21.2034],[105.8864,21.2057],[105.8878,21.2056],[105.8913,21.2038],[105.8919,21.2024],[105.8898,21.2005],[105.887,21.1995],[105.886,21.1986],[105.8842,21.1946],[105.8832,21.191],[105.882,21.1895],[105.8797,21.1885],[105.8766,21.189],[105.8761,21.1879],[105.8772,21.1867],[105.8822,21.1878],[105.8851,21.1896],[105.8872,21.1901],[105.8889,21.1856],[105.8926,21.1842],[105.8961,21.1846],[105.8984,21.183],[105.8979,21.1802],[105.896,21.1778],[105.8966,21.1771],[105.901,21.1779],[105.9017,21.1785],[105.9002,21.1818],[105.9024,21.1828],[105.9055,21.183],[105.9067,21.1879],[105.9071,21.1925],[105.9123,21.1924],[105.9123,21.1903],[105.9139,21.1901],[105.9161,21.1888],[105.9153,21.1873],[105.9179,21.1855],[105.9236,21.1828],[105.9202,21.1783],[105.9217,21.177],[105.9208,21.1761],[105.9211,21.1738],[105.9181,21.1736],[105.9181,21.1716],[105.9169,21.1716],[105.9172,21.1677],[105.9192,21.1633],[105.9221,21.1635],[105.9229,21.1616],[105.921,21.1596],[105.9203,21.1566],[105.9195,21.1554],[105.9221,21.1519],[105.9234,21.1473],[105.9256,21.147],[105.9252,21.1451],[105.9271,21.1426],[105.9252,21.1416],[105.9263,21.1405],[105.9238,21.1382],[105.9254,21.1363],[105.9246,21.1333],[105.9236,21.1331],[105.9219,21.1353],[105.9179,21.132],[105.9193,21.1299],[105.9156,21.1271],[105.9143,21.1272],[105.913,21.1262],[105.9155,21.1221],[105.9156,21.119],[105.9151,21.1189],[105.9012,21.1318],[105.8979,21.1346],[105.8917,21.1376],[105.8628,21.149],[105.8548,21.1507],[105.8464,21.1536],[105.8465,21.1634],[105.8479,21.1631],[105.8523,21.178],[105.8563,21.1778],[105.8563,21.1791],[105.8532,21.1807],[105.8555,21.1886],[105.855,21.1929]]]},"properties":{"name":"Thư Lâm","level":"ward"}},{"type":"Feature","geometry":{"type":"Polygon","coordinates":[[[105.7726,21.1459],[105.7736,21.1473],[105.7783,21.1502],[105.7822,21.152],[105.7841,21.1522],[105.7897,21.1506],[105.7926,21.1494],[105.7936,21.1494],[105.7953,21.1519],[105.7977,21.1538],[105.7998,21.1545],[105.8029,21.1524],[105.8033,21.1495],[105.804,21.1494],[105.806,21.1458],[105.8065,21.1414],[105.8053,21.1401],[105.8042,21.1372],[105.8041,21.1349],[105.8066,21.1336],[105.8089,21.1307],[105.8088,21.1285],[105.8079,21.1276],[105.8075,21.1246],[105.796,21.1246],[105.7939,21.1247],[105.7903,21.1256],[105.7844,21.1261],[105.7813,21.1255],[105.787,21.1085],[105.7871,21.1074],[105.7864,21.0977],[105.7725,21.0985],[105.7623,21.099],[105.7511,21.0987],[105.7489,21.0995],[105.7415,21.108],[105.7354,21.1133],[105.7361,21.1138],[105.7319,21.1221],[105.7357,21.1217],[105.7353,21.1231],[105.7372,21.1257],[105.7386,21.1252],[105.7391,21.1271],[105.7387,21.1285],[105.7411,21.1288],[105.742,21.1329],[105.7432,21.1326],[105.7437,21.1347],[105.7501,21.1342],[105.7518,21.1338],[105.7597,21.1338],[105.7604,21.1358],[105.7632,21.1355],[105.7653,21.1359],[105.7683,21.1384],[105.771,21.1423],[105.771,21.1438],[105.7726,21.1459]]]},"properties":{"name":"Thiên Lộc","level":"ward"}},{"type":"Feature","geometry":{"type":"Polygon","coordinates":[[[105.8209,21.0932],[105.8165,21.0947],[105.804,21.0956],[105.7936,21.0974],[105.7864,21.0977],[105.7871,21.1074],[105.787,21.1085],[105.7813,21.1255],[105.7844,21.1261],[105.7903,21.1256],[105.7939,21.1247],[105.796,21.1246],[105.8075,21.1246],[105.8271,21.1246],[105.8324,21.1245],[105.8361,21.1233],[105.8381,21.1218],[105.8452,21.1134],[105.8501,21.1073],[105.8459,21.1045],[105.8468,21.1],[105.8486,21.0956],[105.8489,21.0925],[105.8469,21.0872],[105.841,21.0812],[105.8352,21.0858],[105.8332,21.0868],[105.827,21.091],[105.8248,21.092],[105.8209,21.0932]]]},"properties":{"name":"Vĩnh Thanh","level":"ward"}},{"type":"Feature","geometry":{"type":"Polygon","coordinates":[[[105.9323,21.0582],[105.929,21.0655],[105.9275,21.0681],[105.9241,21.0725],[105.9209,21.0747],[105.9186,21.0759],[105.9159,21.0765],[105.9027,21.0786],[105.9047,21.0821],[105.905,21.0858],[105.9043,21.0893],[105.9019,21.0918],[105.9014,21.0932],[105.8983,21.0968],[105.8965,21.0983],[105.8978,21.1012],[105.8992,21.1009],[105.9003,21.1065],[105.9014,21.1054],[105.9037,21.1101],[105.9056,21.1125],[105.9055,21.1141],[105.91,21.1174],[105.9151,21.1189],[105.9156,21.119],[105.9193,21.119],[105.9215,21.1186],[105.9211,21.1164],[105.9257,21.1148],[105.9248,21.1132],[105.9302,21.1119],[105.9314,21.1101],[105.9309,21.1088],[105.9338,21.1067],[105.935,21.1049],[105.9343,21.103],[105.9364,21.1017],[105.9345,21.0966],[105.9366,21.0931],[105.9382,21.0938],[105.9404,21.0899],[105.9397,21.0879],[105.9405,21.0868],[105.9399,21.0853],[105.9403,21.0833],[105.9447,21.0853],[105.9472,21.0857],[105.9543,21.0896],[105.958,21.0913],[105.96,21.0884],[105.9621,21.0779],[105.9636,21.0776],[105.9689,21.0737],[105.9683,21.0721],[105.9771,21.0702],[105.9805,21.0699],[105.9869,21.0699],[105.9937,21.0689],[105.9995,21.0744],[106.0014,21.0689],[106.0026,21.0687],[105.9994,21.0672],[105.9959,21.0635],[105.9949,21.0601],[105.9949,21.057],[105.9942,21.0475],[105.9934,21.0438],[105.9924,21.0415],[105.9897,21.0394],[105.9872,21.0397],[105.9847,21.0407],[105.9778,21.0453],[105.9732,21.0478],[105.9706,21.0486],[105.9673,21.0476],[105.9624,21.0452],[105.9563,21.0407],[105.9498,21.0374],[105.9485,21.0375],[105.9391,21.0406],[105.9387,21.041],[105.9357,21.0466],[105.9336,21.0542],[105.9323,21.0582]]]},"properties":{"name":"Phù Đổng","level":"ward"}},{"type":"Feature","geometry":{"type":"Polygon","coordinates":[[[105.9485,21.0375],[105.9498,21.0374],[105.9563,21.0407],[105.9624,21.0452],[105.9673,21.0476],[105.9706,21.0486],[105.9732,21.0478],[105.9778,21.0453],[105.9847,21.0407],[105.9872,21.0397],[105.9897,21.0394],[105.9924,21.0415],[105.9934,21.0438],[105.9942,21.0475],[105.9949,21.057],[105.9949,21.0601],[105.9959,21.0635],[105.9994,21.0672],[106.0026,21.0687],[106.0068,21.0629],[106.0087,21.0642],[106.0096,21.0623],[106.0079,21.0586],[106.0082,21.0555],[106.011,21.057],[106.0143,21.056],[106.0137,21.0538],[106.0152,21.0528],[106.0139,21.051],[106.02,21.0476],[106.0198,21.0451],[106.0201,21.0415],[106.0181,21.0382],[106.0166,21.0347],[106.0129,21.0303],[106.0093,21.0295],[106.0066,21.0285],[106.0094,21.0244],[106.007,21.0243],[106.0047,21.0221],[106.0032,21.0176],[106.0062,21.0151],[106.0045,21.0117],[106.0066,21.0116],[106.0097,21.0124],[106.0085,21.0083],[106.0049,21.0085],[106.001,21.007],[106.0012,21.0057],[105.9995,21.0055],[106.0009,21.0012],[105.9994,20.9998],[105.9914,21.001],[105.9892,20.9985],[105.9873,20.9972],[105.985,20.9965],[105.9824,20.9968],[105.978,20.999],[105.9761,21.0018],[105.9739,21.0082],[105.9705,21.0152],[105.9672,21.0187],[105.9663,21.0202],[105.9648,21.0205],[105.964,21.0217],[105.9576,21.0194],[105.9568,21.0178],[105.952,21.012],[105.9469,21.0156],[105.9475,21.0174],[105.9502,21.0207],[105.9523,21.027],[105.949,21.0313],[105.9499,21.032],[105.9493,21.0343],[105.9493,21.0345],[105.9485,21.0375]]]},"properties":{"name":"Thuận An","level":"ward"}},{"type":"Feature","geometry":{"type":"Polygon","coordinates":[[[105.9291,21.0247],[105.9323,21.0318],[105.9342,21.0348],[105.9387,21.041],[105.9391,21.0406],[105.9485,21.0375],[105.9493,21.0345],[105.9493,21.0343],[105.9499,21.032],[105.949,21.0313],[105.9523,21.027],[105.9502,21.0207],[105.9475,21.0174],[105.9469,21.0156],[105.952,21.012],[105.9568,21.0178],[105.9576,21.0194],[105.964,21.0217],[105.9648,21.0205],[105.9663,21.0202],[105.9672,21.0187],[105.9705,21.0152],[105.9739,21.0082],[105.9761,21.0018],[105.978,20.999],[105.9758,20.9981],[105.9736,20.9963],[105.9719,20.9971],[105.9715,20.9945],[105.9725,20.992],[105.9722,20.9897],[105.9688,20.9887],[105.9666,20.991],[105.9651,20.991],[105.9616,20.9892],[105.9613,20.9884],[105.9635,20.986],[105.964,20.9845],[105.9623,20.9823],[105.963,20.9802],[105.9613,20.9759],[105.963,20.9748],[105.9625,20.9735],[105.9647,20.9725],[105.9652,20.9679],[105.964,20.9634],[105.9616,20.9639],[105.9602,20.9636],[105.9587,20.9648],[105.9586,20.9661],[105.9568,20.9661],[105.9568,20.9679],[105.9524,20.9678],[105.9519,20.9666],[105.9502,20.9668],[105.9478,20.9682],[105.9477,20.9693],[105.9398,20.9679],[105.9383,20.9701],[105.9363,20.9698],[105.9398,20.9741],[105.9418,20.9759],[105.9441,20.9772],[105.9432,20.9796],[105.9449,20.982],[105.941,20.9871],[105.9376,20.991],[105.9179,21.0123],[105.9202,21.0155],[105.9227,21.018],[105.9272,21.0216],[105.9291,21.0247]]]},"properties":{"name":"Gia Lâm","level":"ward"}},{"type":"Feature","geometry":{"type":"Polygon","coordinates":[[[105.9018,20.9937],[105.9142,21.0076],[105.9179,21.0123],[105.9376,20.991],[105.941,20.9871],[105.9449,20.982],[105.9432,20.9796],[105.9441,20.9772],[105.9418,20.9759],[105.9398,20.9741],[105.9363,20.9698],[105.9324,20.9736],[105.9302,20.9726],[105.9244,20.9746],[105.9184,20.9751],[105.9148,20.9748],[105.9134,20.973],[105.9132,20.9708],[105.9086,20.9629],[105.9073,20.9581],[105.9065,20.958],[105.9051,20.9508],[105.9031,20.9472],[105.91,20.9422],[105.9116,20.9388],[105.9148,20.9373],[105.91,20.9293],[105.9082,20.9271],[105.9028,20.9287],[105.9,20.9292],[105.892,20.9291],[105.8868,20.9285],[105.8825,20.9294],[105.8817,20.9305],[105.8813,20.9328],[105.8815,20.9357],[105.8817,20.939],[105.8828,20.9414],[105.8862,20.9455],[105.8925,20.9546],[105.8974,20.9602],[105.8995,20.9633],[105.9029,20.9678],[105.9038,20.9695],[105.9066,20.9765],[105.9079,20.9824],[105.9078,20.9852],[105.9068,20.9877],[105.9046,20.9913],[105.9018,20.9937]]]},"properties":{"name":"Bát Tràng","level":"ward"}},{"type":"Feature","geometry":{"type":"Polygon","coordinates":[[[105.7806,21.0366],[105.7788,21.0258],[105.7787,21.0241],[105.7794,21.0213],[105.7822,21.0177],[105.7923,21.0052],[105.7897,21.0034],[105.7871,21.0023],[105.7829,21.0022],[105.7627,21.0064],[105.7632,21.0085],[105.762,21.0104],[105.7576,21.0139],[105.7541,21.0177],[105.7538,21.0191],[105.7552,21.0227],[105.7542,21.0246],[105.7549,21.0266],[105.7581,21.0297],[105.7585,21.0306],[105.7588,21.0348],[105.7586,21.0384],[105.7603,21.0397],[105.7614,21.0417],[105.7676,21.0396],[105.7776,21.0367],[105.7806,21.0366]]]},"properties":{"name":"Từ Liêm","level":"ward"}},{"type":"Feature","geometry":{"type":"Polygon","coordinates":[[[105.7415,21.108],[105.7489,21.0995],[105.7511,21.0987],[105.7623,21.099],[105.7725,21.0985],[105.7714,21.0928],[105.7705,21.0901],[105.7711,21.0835],[105.7717,21.0715],[105.7631,21.0716],[105.7612,21.0714],[105.7606,21.0666],[105.7595,21.0658],[105.756,21.067],[105.7406,21.0729],[105.7398,21.0733],[105.7283,21.0826],[105.7279,21.0845],[105.7267,21.0852],[105.727,21.0884],[105.7257,21.0888],[105.7259,21.093],[105.727,21.0939],[105.7253,21.0969],[105.7263,21.0991],[105.7275,21.0988],[105.7299,21.1009],[105.7307,21.1007],[105.7336,21.1022],[105.737,21.1048],[105.7415,21.108]]]},"properties":{"name":"Thượng Cát","level":"ward"}},{"type":"Feature","geometry":{"type":"Polygon","coordinates":[[[105.7864,21.0977],[105.7859,21.0906],[105.7861,21.089],[105.7883,21.0824],[105.7879,21.0791],[105.7861,21.0762],[105.7857,21.0738],[105.785,21.0667],[105.7824,21.0562],[105.7822,21.0557],[105.7721,21.0543],[105.7727,21.0563],[105.7681,21.0574],[105.7609,21.0604],[105.7555,21.0651],[105.756,21.067],[105.7595,21.0658],[105.7606,21.0666],[105.7612,21.0714],[105.7631,21.0716],[105.7717,21.0715],[105.7711,21.0835],[105.7705,21.0901],[105.7714,21.0928],[105.7725,21.0985],[105.7864,21.0977]]]},"properties":{"name":"Đông Ngạc","level":"ward"}},{"type":"Feature","geometry":{"type":"Polygon","coordinates":[[[105.7879,21.0791],[105.789,21.0781],[105.7939,21.0762],[105.7944,21.0773],[105.7988,21.0756],[105.7984,21.0745],[105.809,21.0704],[105.8049,21.0633],[105.8044,21.0614],[105.8044,21.0518],[105.7904,21.0519],[105.7899,21.0522],[105.7899,21.0568],[105.7844,21.0566],[105.7824,21.0562],[105.785,21.0667],[105.7857,21.0738],[105.7861,21.0762],[105.7879,21.0791]]]},"properties":{"name":"Xuân Đỉnh","level":"ward"}},{"type":"Feature","geometry":{"type":"Polygon","coordinates":[[[105.7283,21.0826],[105.7398,21.0733],[105.7406,21.0729],[105.756,21.067],[105.7555,21.0651],[105.7609,21.0604],[105.7606,21.06],[105.7485,21.0555],[105.7478,21.0544],[105.7487,21.0522],[105.7455,21.0501],[105.7463,21.0493],[105.7454,21.0478],[105.7374,21.0511],[105.7296,21.0565],[105.7247,21.0598],[105.7248,21.0654],[105.7245,21.0692],[105.7241,21.0744],[105.7246,21.0769],[105.7259,21.0793],[105.7283,21.0826]]]},"properties":{"name":"Tây Tựu","level":"ward"}},{"type":"Feature","geometry":{"type":"Polygon","coordinates":[[[105.7822,21.0557],[105.7819,21.0537],[105.781,21.0419],[105.7806,21.0366],[105.7776,21.0367],[105.7676,21.0396],[105.7614,21.0417],[105.7454,21.0478],[105.7463,21.0493],[105.7455,21.0501],[105.7487,21.0522],[105.7478,21.0544],[105.7485,21.0555],[105.7606,21.06],[105.7609,21.0604],[105.7681,21.0574],[105.7727,21.0563],[105.7721,21.0543],[105.7822,21.0557]]]},"properties":{"name":"Phú Diễn","level":"ward"}},{"type":"Feature","geometry":{"type":"Polygon","coordinates":[[[105.7614,21.0417],[105.7603,21.0397],[105.7586,21.0384],[105.7588,21.0348],[105.7585,21.0306],[105.7581,21.0297],[105.7549,21.0266],[105.7542,21.0246],[105.7552,21.0227],[105.7538,21.0191],[105.7541,21.0177],[105.7576,21.0139],[105.762,21.0104],[105.7632,21.0085],[105.7627,21.0064],[105.7621,21.0066],[105.7495,21.0092],[105.7445,21.0097],[105.733,21.0104],[105.7324,21.0121],[105.734,21.0155],[105.7326,21.0168],[105.73,21.0179],[105.7317,21.0194],[105.7345,21.0226],[105.7356,21.0217],[105.7366,21.0236],[105.7347,21.025],[105.7348,21.0263],[105.7385,21.0278],[105.7371,21.0309],[105.7389,21.0327],[105.7381,21.0365],[105.7347,21.0368],[105.7336,21.0385],[105.734,21.0409],[105.7335,21.0434],[105.7323,21.0438],[105.7319,21.0463],[105.7299,21.047],[105.728,21.0484],[105.7287,21.0505],[105.7266,21.0527],[105.7296,21.0565],[105.7374,21.0511],[105.7454,21.0478],[105.7614,21.0417]]]},"properties":{"name":"Xuân Phương","level":"ward"}},{"type":"Feature","geometry":{"type":"Polygon","coordinates":[[[105.733,21.0104],[105.7445,21.0097],[105.7495,21.0092],[105.7621,21.0066],[105.7616,21.0021],[105.7621,21.0007],[105.7615,20.9986],[105.7626,20.9966],[105.7599,20.992],[105.7527,20.9916],[105.7463,20.9896],[105.7425,20.9931],[105.7417,20.9949],[105.7358,20.9933],[105.7305,21.0106],[105.733,21.0104]]]},"properties":{"name":"Tây Mỗ","level":"ward"}},{"type":"Feature","geometry":{"type":"Polygon","coordinates":[[[105.7923,21.0052],[105.7941,21.003],[105.7969,20.9994],[105.7902,20.9948],[105.7956,20.9916],[105.7987,20.9883],[105.7924,20.9838],[105.7911,20.9853],[105.7862,20.9857],[105.7835,20.9867],[105.7811,20.9891],[105.7761,20.9856],[105.7734,20.985],[105.7716,20.9859],[105.7685,20.9839],[105.7647,20.9829],[105.7641,20.9801],[105.7613,20.9799],[105.7551,20.9843],[105.7539,20.9861],[105.7534,20.9881],[105.7554,20.9895],[105.7528,20.9908],[105.7527,20.9916],[105.7599,20.992],[105.7626,20.9966],[105.7615,20.9986],[105.7621,21.0007],[105.7616,21.0021],[105.7621,21.0066],[105.7627,21.0064],[105.7829,21.0022],[105.7871,21.0023],[105.7897,21.0034],[105.7923,21.0052]]]},"properties":{"name":"Đại Mỗ","level":"ward"}},{"type":"Feature","geometry":{"type":"Polygon","coordinates":[[[105.8711,20.9566],[105.8798,20.9507],[105.8862,20.9455],[105.8828,20.9414],[105.8817,20.939],[105.8815,20.9357],[105.8657,20.9341],[105.8623,20.9335],[105.8591,20.9324],[105.8598,20.9264],[105.8599,20.9222],[105.8487,20.9251],[105.8452,20.9233],[105.8442,20.9234],[105.8362,20.928],[105.8358,20.9292],[105.8359,20.9319],[105.8377,20.9349],[105.8398,20.9376],[105.8416,20.9419],[105.8425,20.9432],[105.8442,20.943],[105.8444,20.9444],[105.8442,20.9512],[105.8475,20.9521],[105.8489,20.948],[105.8524,20.947],[105.8542,20.9472],[105.8593,20.9449],[105.864,20.9433],[105.8639,20.9453],[105.865,20.9494],[105.8663,20.9502],[105.8677,20.9536],[105.8696,20.9546],[105.8711,20.9566]]]},"properties":{"name":"Thanh Trì","level":"ward"}},{"type":"Feature","geometry":{"type":"Polygon","coordinates":[[[105.81,20.9823],[105.8065,20.98],[105.8086,20.977],[105.807,20.9732],[105.8176,20.9672],[105.8192,20.968],[105.8212,20.9705],[105.8216,20.9718],[105.825,20.9707],[105.8241,20.9685],[105.8217,20.9659],[105.8183,20.9634],[105.8134,20.9606],[105.8139,20.9595],[105.8165,20.9599],[105.8184,20.9592],[105.8197,20.9578],[105.8213,20.9571],[105.8194,20.9535],[105.8169,20.9496],[105.8157,20.9512],[105.8128,20.9535],[105.8134,20.9542],[105.8035,20.9594],[105.7973,20.9628],[105.7968,20.9634],[105.7921,20.9697],[105.7932,20.9706],[105.7941,20.973],[105.7964,20.9738],[105.7964,20.9748],[105.7992,20.9753],[105.7987,20.9782],[105.7973,20.9779],[105.7924,20.9838],[105.7987,20.9883],[105.8032,20.9915],[105.81,20.9823]]]},"properties":{"name":"Thanh Liệt","level":"ward"}},{"type":"Feature","geometry":{"type":"Polygon","coordinates":[[[105.8213,20.9571],[105.8251,20.9566],[105.8274,20.9555],[105.8295,20.9537],[105.8333,20.9522],[105.8359,20.9524],[105.8394,20.954],[105.8414,20.9541],[105.8424,20.9532],[105.8429,20.9511],[105.8442,20.9512],[105.8444,20.9444],[105.8442,20.943],[105.8425,20.9432],[105.8416,20.9419],[105.8398,20.9376],[105.8377,20.9349],[105.8359,20.9319],[105.8358,20.9292],[105.8342,20.9287],[105.8311,20.9258],[105.8302,20.9263],[105.828,20.9243],[105.8271,20.9228],[105.8247,20.9251],[105.8146,20.9194],[105.8121,20.9182],[105.8064,20.9116],[105.8067,20.9099],[105.8054,20.9093],[105.8034,20.9109],[105.8028,20.9126],[105.7994,20.9126],[105.7973,20.912],[105.7952,20.9129],[105.7948,20.9146],[105.7928,20.9155],[105.791,20.9154],[105.7903,20.9172],[105.7897,20.9201],[105.7917,20.9214],[105.7908,20.9245],[105.7917,20.9272],[105.7948,20.9287],[105.7962,20.9304],[105.7981,20.9315],[105.7989,20.9339],[105.8015,20.9342],[105.7984,20.9369],[105.7983,20.9384],[105.7965,20.9393],[105.7924,20.9384],[105.7905,20.9391],[105.7919,20.9425],[105.7948,20.9505],[105.794,20.9519],[105.7948,20.9547],[105.7975,20.9557],[105.7975,20.9571],[105.8005,20.9583],[105.8019,20.9572],[105.8035,20.9594],[105.8134,20.9542],[105.8128,20.9535],[105.8157,20.9512],[105.8169,20.9496],[105.8194,20.9535],[105.8213,20.9571]]]},"properties":{"name":"Đại Thanh","level":"ward"}},{"type":"Feature","geometry":{"type":"Polygon","coordinates":[[[105.8358,20.9292],[105.8362,20.928],[105.8442,20.9234],[105.8452,20.9233],[105.8487,20.9251],[105.8599,20.9222],[105.8599,20.9156],[105.8603,20.9115],[105.8611,20.9081],[105.8627,20.903],[105.8593,20.8972],[105.8564,20.8954],[105.8519,20.8987],[105.8445,20.9012],[105.8413,20.902],[105.8378,20.9036],[105.8338,20.9043],[105.8326,20.9029],[105.8329,20.9015],[105.8306,20.9004],[105.8287,20.8969],[105.8264,20.898],[105.8272,20.8994],[105.8257,20.9006],[105.8255,20.9029],[105.824,20.9036],[105.8162,20.9029],[105.8157,20.9027],[105.8067,20.9099],[105.8064,20.9116],[105.8121,20.9182],[105.8146,20.9194],[105.8247,20.9251],[105.8271,20.9228],[105.828,20.9243],[105.8302,20.9263],[105.8311,20.9258],[105.8342,20.9287],[105.8358,20.9292]]]},"properties":{"name":"Ngọc Hồi","level":"ward"}},{"type":"Feature","geometry":{"type":"Polygon","coordinates":[[[105.8815,20.9357],[105.8813,20.9328],[105.8817,20.9305],[105.8825,20.9294],[105.8868,20.9285],[105.892,20.9291],[105.9,20.9292],[105.9028,20.9287],[105.9082,20.9271],[105.9105,20.9255],[105.912,20.9236],[105.9133,20.9203],[105.9129,20.915],[105.9096,20.9121],[105.9051,20.9097],[105.8992,20.9051],[105.8946,20.9086],[105.8924,20.9094],[105.8918,20.9066],[105.8897,20.906],[105.8877,20.9062],[105.8875,20.9082],[105.8779,20.9105],[105.8749,20.9121],[105.8737,20.9105],[105.8742,20.909],[105.8737,20.9066],[105.8678,20.9091],[105.865,20.9051],[105.8627,20.903],[105.8611,20.9081],[105.8603,20.9115],[105.8599,20.9156],[105.8599,20.9222],[105.8598,20.9264],[105.8591,20.9324],[105.8623,20.9335],[105.8657,20.9341],[105.8815,20.9357]]]},"properties":{"name":"Nam Phù","level":"ward"}},{"type":"Feature","geometry":{"type":"Polygon","coordinates":[[[105.4613,21.0131],[105.4633,21.0129],[105.4663,21.0118],[105.473,21.0066],[105.4885,20.9952],[105.4906,20.9938],[105.495,20.9917],[105.4986,20.9905],[105.5048,20.9895],[105.509,20.9896],[105.517,20.9903],[105.5249,20.9904],[105.5262,20.9857],[105.5268,20.9818],[105.5295,20.9782],[105.529,20.9765],[105.5277,20.9754],[105.5271,20.9735],[105.5259,20.9735],[105.5271,20.971],[105.5292,20.9688],[105.529,20.9675],[105.5302,20.9656],[105.5283,20.9614],[105.5271,20.9597],[105.5277,20.9579],[105.5293,20.9571],[105.5282,20.9547],[105.5294,20.9535],[105.5286,20.9518],[105.5256,20.953],[105.521,20.95],[105.5202,20.951],[105.5163,20.9486],[105.518,20.9435],[105.5166,20.943],[105.5157,20.9414],[105.5157,20.9393],[105.5117,20.9348],[105.5095,20.934],[105.5074,20.9317],[105.5036,20.9296],[105.5024,20.931],[105.4991,20.9303],[105.4953,20.9329],[105.4923,20.934],[105.4902,20.9338],[105.4886,20.9355],[105.4881,20.9378],[105.4856,20.9397],[105.4856,20.941],[105.4808,20.9461],[105.4807,20.947],[105.4783,20.9487],[105.4752,20.9485],[105.4713,20.949],[105.4678,20.9475],[105.4656,20.9462],[105.4614,20.9466],[105.4596,20.9474],[105.459,20.949],[105.4576,20.9503],[105.4524,20.9536],[105.4489,20.9547],[105.4456,20.9552],[105.4443,20.9562],[105.4438,20.9596],[105.4427,20.9608],[105.443,20.9626],[105.4421,20.9645],[105.4394,20.9679],[105.4358,20.9678],[105.4317,20.9725],[105.4302,20.9751],[105.4291,20.9804],[105.4278,20.9822],[105.4248,20.9824],[105.4221,20.9819],[105.4213,20.9827],[105.4217,20.9848],[105.421,20.9855],[105.4213,20.9875],[105.42,20.9905],[105.4179,20.9926],[105.4183,20.994],[105.4173,20.9955],[105.4172,20.9976],[105.4151,20.9973],[105.4126,20.9984],[105.4092,20.998],[105.4076,20.9984],[105.4034,20.9979],[105.4018,20.9982],[105.3999,20.9998],[105.3937,21.0029],[105.3917,21.0071],[105.3926,21.0101],[105.3917,21.0149],[105.3926,21.0142],[105.3961,21.0144],[105.3984,21.0152],[105.4016,21.0138],[105.4037,21.0146],[105.4068,21.0171],[105.4095,21.018],[105.411,21.0178],[105.4131,21.0139],[105.4157,21.0125],[105.4167,21.0114],[105.4196,21.0129],[105.422,21.0127],[105.4249,21.014],[105.4258,21.0138],[105.4305,21.015],[105.4311,21.0147],[105.4336,21.017],[105.4352,21.0171],[105.4367,21.0161],[105.4406,21.0159],[105.4416,21.0147],[105.4439,21.0142],[105.4452,21.0149],[105.4483,21.015],[105.4507,21.0145],[105.4527,21.0124],[105.4546,21.0117],[105.4579,21.0128],[105.4613,21.0131]]]},"properties":{"name":"Yên Xuân","level":"ward"}},{"type":"Feature","geometry":{"type":"Polygon","coordinates":[[[105.7473,21.2291],[105.7495,21.2283],[105.7516,21.2269],[105.7525,21.2256],[105.7531,21.2231],[105.7542,21.2219],[105.7555,21.2218],[105.7571,21.2229],[105.7584,21.2226],[105.759,21.2211],[105.7591,21.2174],[105.7607,21.2146],[105.762,21.2134],[105.7646,21.213],[105.7686,21.2142],[105.77,21.2121],[105.7697,21.2095],[105.7701,21.2074],[105.7715,21.205],[105.7747,21.2029],[105.7773,21.2005],[105.7797,21.1995],[105.7858,21.1981],[105.7879,21.1968],[105.7889,21.1954],[105.7903,21.1906],[105.7893,21.1879],[105.7879,21.1863],[105.7884,21.1851],[105.7904,21.1841],[105.7898,21.1821],[105.7905,21.1801],[105.7881,21.1802],[105.7879,21.1789],[105.785,21.1795],[105.7837,21.1774],[105.781,21.1783],[105.7807,21.1773],[105.7755,21.179],[105.7739,21.1779],[105.7719,21.1782],[105.7711,21.1755],[105.7708,21.1725],[105.7714,21.1694],[105.7702,21.1693],[105.734,21.1681],[105.7306,21.1693],[105.7149,21.1837],[105.7119,21.1879],[105.7118,21.188],[105.7204,21.1966],[105.7266,21.2026],[105.729,21.2053],[105.7431,21.2242],[105.7473,21.2291]]]},"properties":{"name":"Quang Minh","level":"ward"}},{"type":"Feature","geometry":{"type":"Polygon","coordinates":[[[105.7025,21.1755],[105.7019,21.1729],[105.7013,21.1667],[105.7014,21.1647],[105.6971,21.1661],[105.6991,21.1622],[105.6988,21.157],[105.6969,21.1459],[105.6958,21.1442],[105.6958,21.1414],[105.6909,21.1412],[105.6847,21.1398],[105.681,21.1382],[105.678,21.1361],[105.674,21.1328],[105.6717,21.1317],[105.6672,21.1314],[105.6655,21.1319],[105.6619,21.1347],[105.6575,21.1393],[105.6512,21.1462],[105.6447,21.1553],[105.6389,21.1613],[105.6362,21.1645],[105.632,21.168],[105.6266,21.1706],[105.6265,21.178],[105.6245,21.1798],[105.625,21.1817],[105.6279,21.1816],[105.627,21.183],[105.6291,21.1849],[105.6255,21.1871],[105.6248,21.188],[105.6249,21.192],[105.6246,21.1935],[105.622,21.1947],[105.6217,21.1978],[105.6226,21.2004],[105.6198,21.2019],[105.6162,21.2026],[105.6164,21.2059],[105.6152,21.2076],[105.6167,21.2088],[105.62,21.2062],[105.6216,21.2061],[105.6242,21.2089],[105.6277,21.2108],[105.6291,21.2109],[105.6304,21.2094],[105.6324,21.2086],[105.6352,21.2082],[105.6385,21.2072],[105.6384,21.2059],[105.6417,21.2065],[105.645,21.2054],[105.6529,21.2066],[105.6541,21.2046],[105.6563,21.2038],[105.6584,21.2016],[105.6615,21.2007],[105.6644,21.1993],[105.6668,21.2013],[105.6716,21.1971],[105.6721,21.1964],[105.678,21.1913],[105.6773,21.189],[105.6841,21.1828],[105.6852,21.1833],[105.6902,21.187],[105.7025,21.1755]]]},"properties":{"name":"Yên Lãng","level":"ward"}},{"type":"Feature","geometry":{"type":"Polygon","coordinates":[[[105.7346,21.2331],[105.7381,21.2315],[105.741,21.2317],[105.7429,21.2313],[105.7473,21.2291],[105.7431,21.2242],[105.729,21.2053],[105.7266,21.2026],[105.7204,21.1966],[105.7118,21.188],[105.7119,21.1879],[105.7085,21.1848],[105.7042,21.1793],[105.7025,21.1755],[105.6902,21.187],[105.6852,21.1833],[105.6841,21.1828],[105.6773,21.189],[105.678,21.1913],[105.6721,21.1964],[105.6716,21.1971],[105.6668,21.2013],[105.6644,21.1993],[105.6615,21.2007],[105.6584,21.2016],[105.6563,21.2038],[105.6541,21.2046],[105.6529,21.2066],[105.645,21.2054],[105.6417,21.2065],[105.6384,21.2059],[105.6385,21.2072],[105.6393,21.2073],[105.6394,21.2117],[105.636,21.2155],[105.6358,21.217],[105.6367,21.2179],[105.6392,21.2178],[105.6417,21.2165],[105.645,21.2155],[105.6477,21.2165],[105.6533,21.2178],[105.6581,21.2202],[105.6591,21.223],[105.6559,21.2266],[105.6544,21.2276],[105.6522,21.226],[105.651,21.226],[105.6488,21.2271],[105.6466,21.2268],[105.6452,21.2276],[105.6443,21.2329],[105.6445,21.2342],[105.6477,21.2366],[105.6524,21.2381],[105.6545,21.2361],[105.6573,21.2347],[105.6621,21.2352],[105.6644,21.2368],[105.666,21.2391],[105.6672,21.2394],[105.6686,21.236],[105.6686,21.2338],[105.6703,21.2328],[105.6717,21.2332],[105.6732,21.2358],[105.6744,21.2364],[105.6754,21.2341],[105.6714,21.2307],[105.6714,21.2302],[105.6759,21.2271],[105.6767,21.227],[105.6789,21.2286],[105.6806,21.2337],[105.6819,21.2349],[105.6843,21.2355],[105.6876,21.2348],[105.6888,21.2337],[105.6874,21.232],[105.6835,21.232],[105.6825,21.2312],[105.6838,21.2297],[105.6859,21.2297],[105.6859,21.2265],[105.6887,21.2215],[105.6903,21.2199],[105.6921,21.2213],[105.6934,21.2214],[105.6956,21.2162],[105.6975,21.214],[105.6981,21.2144],[105.6973,21.2184],[105.6985,21.2196],[105.7011,21.2197],[105.7018,21.2186],[105.7033,21.2213],[105.7049,21.2214],[105.7082,21.2196],[105.71,21.2197],[105.7111,21.2206],[105.7107,21.2218],[105.7127,21.2226],[105.7157,21.2245],[105.7178,21.2228],[105.72,21.2234],[105.7221,21.2275],[105.7247,21.2247],[105.7303,21.229],[105.7346,21.2331]]]},"properties":{"name":"Tiến Thắng","level":"ward"}},{"type":"Feature","geometry":{"type":"Polygon","coordinates":[[[105.7702,21.1693],[105.7707,21.1666],[105.7706,21.1646],[105.7712,21.1571],[105.7721,21.1491],[105.7707,21.148],[105.7726,21.1459],[105.771,21.1438],[105.771,21.1423],[105.7683,21.1384],[105.7653,21.1359],[105.7632,21.1355],[105.7604,21.1358],[105.7597,21.1338],[105.7518,21.1338],[105.7501,21.1342],[105.7437,21.1347],[105.7432,21.1326],[105.742,21.1329],[105.7411,21.1288],[105.7387,21.1285],[105.7391,21.1271],[105.7386,21.1252],[105.7372,21.1257],[105.7353,21.1231],[105.7357,21.1217],[105.7319,21.1221],[105.7361,21.1138],[105.7354,21.1133],[105.7415,21.108],[105.737,21.1048],[105.7322,21.1084],[105.7276,21.1125],[105.7226,21.1191],[105.7188,21.1234],[105.7178,21.1311],[105.7177,21.1358],[105.7171,21.1384],[105.7156,21.1408],[105.7127,21.1429],[105.7108,21.1434],[105.7076,21.1431],[105.7029,21.1418],[105.7001,21.1414],[105.6958,21.1414],[105.6958,21.1442],[105.6969,21.1459],[105.6988,21.157],[105.6991,21.1622],[105.6971,21.1661],[105.7014,21.1647],[105.7013,21.1667],[105.7019,21.1729],[105.7025,21.1755],[105.7042,21.1793],[105.7085,21.1848],[105.7119,21.1879],[105.7149,21.1837],[105.7306,21.1693],[105.734,21.1681],[105.7702,21.1693]]]},"properties":{"name":"Mê Linh","level":"ward"}},{"type":"Feature","geometry":{"type":"Polygon","coordinates":[[[105.7968,20.9634],[105.7973,20.9628],[105.8035,20.9594],[105.8019,20.9572],[105.8005,20.9583],[105.7975,20.9571],[105.7975,20.9557],[105.7948,20.9547],[105.794,20.9519],[105.7948,20.9505],[105.7919,20.9425],[105.7593,20.9531],[105.7548,20.9545],[105.7649,20.9623],[105.7692,20.9657],[105.772,20.9626],[105.7722,20.9599],[105.7773,20.9639],[105.7789,20.9632],[105.783,20.9626],[105.7868,20.9633],[105.7869,20.9615],[105.7917,20.9594],[105.7953,20.96],[105.7963,20.9611],[105.7968,20.9634]]]},"properties":{"name":"Kiến Hưng","level":"ward"}},{"type":"Feature","geometry":{"type":"Polygon","coordinates":[[[105.7613,20.9799],[105.7641,20.9801],[105.7647,20.9829],[105.7685,20.9839],[105.7716,20.9859],[105.7734,20.985],[105.7761,20.9856],[105.7811,20.9891],[105.7835,20.9867],[105.7862,20.9857],[105.7911,20.9853],[105.7924,20.9838],[105.7973,20.9779],[105.7987,20.9782],[105.7992,20.9753],[105.7964,20.9748],[105.7964,20.9738],[105.7941,20.973],[105.7932,20.9706],[105.7921,20.9697],[105.7968,20.9634],[105.7963,20.9611],[105.7953,20.96],[105.7917,20.9594],[105.7869,20.9615],[105.7868,20.9633],[105.783,20.9626],[105.7789,20.9632],[105.7773,20.9639],[105.7722,20.9599],[105.772,20.9626],[105.7692,20.9657],[105.7649,20.9623],[105.7537,20.9687],[105.7559,20.9716],[105.764,20.9779],[105.7613,20.9799]]]},"properties":{"name":"Hà Đông","level":"ward"}},{"type":"Feature","geometry":{"type":"Polygon","coordinates":[[[105.7548,20.9545],[105.7504,20.9512],[105.7512,20.9502],[105.7466,20.9458],[105.7453,20.9455],[105.7464,20.9399],[105.7481,20.9396],[105.7491,20.9378],[105.7493,20.9351],[105.7513,20.9346],[105.7502,20.9303],[105.7491,20.9263],[105.7509,20.9262],[105.7515,20.9233],[105.7505,20.9232],[105.7508,20.9208],[105.7495,20.9201],[105.7496,20.9166],[105.742,20.9154],[105.7421,20.9137],[105.7407,20.9126],[105.7393,20.9138],[105.7367,20.9142],[105.7364,20.913],[105.7344,20.9138],[105.7316,20.9158],[105.7302,20.918],[105.7299,20.9214],[105.7304,20.9264],[105.7293,20.9319],[105.728,20.9346],[105.7267,20.9383],[105.7253,20.9405],[105.7237,20.9404],[105.7233,20.9378],[105.7218,20.9355],[105.7192,20.9344],[105.7161,20.9347],[105.7128,20.9369],[105.7113,20.9398],[105.7122,20.9426],[105.714,20.9447],[105.7177,20.9467],[105.7226,20.9488],[105.7251,20.951],[105.7259,20.9525],[105.725,20.9554],[105.7305,20.9609],[105.7316,20.9596],[105.7381,20.9633],[105.7408,20.9619],[105.7447,20.9603],[105.7511,20.9562],[105.7548,20.9545]]]},"properties":{"name":"Yên Nghĩa","level":"ward"}},{"type":"Feature","geometry":{"type":"Polygon","coordinates":[[[105.7919,20.9425],[105.7905,20.9391],[105.7885,20.9397],[105.788,20.9384],[105.7863,20.9389],[105.7856,20.9358],[105.7836,20.9357],[105.7837,20.9285],[105.7812,20.9291],[105.7779,20.9292],[105.7769,20.9304],[105.7723,20.9269],[105.774,20.9248],[105.7706,20.9226],[105.7678,20.9256],[105.7665,20.9241],[105.7602,20.9284],[105.7621,20.9299],[105.7594,20.9318],[105.7565,20.932],[105.757,20.9304],[105.754,20.9298],[105.7521,20.9307],[105.7502,20.9303],[105.7513,20.9346],[105.7493,20.9351],[105.7491,20.9378],[105.7481,20.9396],[105.7464,20.9399],[105.7453,20.9455],[105.7466,20.9458],[105.7512,20.9502],[105.7504,20.9512],[105.7548,20.9545],[105.7593,20.9531],[105.7919,20.9425]]]},"properties":{"name":"Phú Lương","level":"ward"}},{"type":"Feature","geometry":{"type":"Polygon","coordinates":[[[105.5156,21.1565],[105.5151,21.1524],[105.5169,21.1521],[105.517,21.1509],[105.5156,21.1449],[105.5162,21.1401],[105.517,21.1396],[105.521,21.1392],[105.5222,21.1356],[105.5243,21.1352],[105.5246,21.1339],[105.5218,21.1331],[105.5204,21.1318],[105.5201,21.1299],[105.5161,21.1289],[105.5136,21.1287],[105.5126,21.1258],[105.5105,21.1236],[105.5079,21.1247],[105.5048,21.1232],[105.5054,21.1211],[105.5051,21.1198],[105.5034,21.1178],[105.5008,21.1176],[105.5,21.1191],[105.4977,21.117],[105.4982,21.1154],[105.498,21.1132],[105.4954,21.1128],[105.4954,21.1163],[105.4917,21.1215],[105.4911,21.1241],[105.4889,21.1271],[105.4864,21.1298],[105.4843,21.133],[105.4817,21.1321],[105.4784,21.1318],[105.4752,21.1325],[105.4647,21.1369],[105.462,21.1379],[105.459,21.1384],[105.4595,21.1416],[105.457,21.1442],[105.4559,21.1435],[105.4536,21.1454],[105.4541,21.1462],[105.4561,21.1458],[105.4574,21.1464],[105.4581,21.149],[105.4593,21.1499],[105.461,21.15],[105.4615,21.1537],[105.4621,21.1554],[105.4637,21.1558],[105.4643,21.1569],[105.4632,21.1593],[105.4656,21.1614],[105.4673,21.1635],[105.467,21.1664],[105.4679,21.1687],[105.4699,21.169],[105.4754,21.1721],[105.4818,21.1665],[105.4866,21.1629],[105.4911,21.1608],[105.4956,21.1594],[105.5027,21.1585],[105.5156,21.1565]]]},"properties":{"name":"Sơn Tây","level":"ward"}},{"type":"Feature","geometry":{"type":"Polygon","coordinates":[[[105.4536,21.1454],[105.4559,21.1435],[105.457,21.1442],[105.4595,21.1416],[105.459,21.1384],[105.462,21.1379],[105.4647,21.1369],[105.4752,21.1325],[105.4784,21.1318],[105.4817,21.1321],[105.4843,21.133],[105.4864,21.1298],[105.4889,21.1271],[105.4911,21.1241],[105.4917,21.1215],[105.4954,21.1163],[105.4954,21.1128],[105.498,21.1132],[105.4982,21.1154],[105.4977,21.117],[105.5,21.1191],[105.5008,21.1176],[105.5034,21.1178],[105.5018,21.1168],[105.5028,21.1151],[105.5006,21.113],[105.5015,21.1121],[105.5015,21.1103],[105.5027,21.1091],[105.5033,21.1071],[105.5059,21.1067],[105.5056,21.1047],[105.5063,21.1039],[105.5055,21.1017],[105.5028,21.099],[105.5005,21.0983],[105.4977,21.0977],[105.4963,21.0952],[105.4942,21.0955],[105.493,21.0941],[105.4885,21.0934],[105.4877,21.0958],[105.4876,21.0988],[105.4883,21.1017],[105.486,21.1033],[105.4851,21.1032],[105.4845,21.1054],[105.48,21.1046],[105.4777,21.1057],[105.4758,21.1052],[105.4749,21.1024],[105.473,21.1035],[105.4705,21.1003],[105.4703,21.1032],[105.4606,21.1032],[105.4603,21.1023],[105.4573,21.1015],[105.4563,21.1008],[105.4521,21.0996],[105.4506,21.0995],[105.4488,21.1015],[105.4466,21.1013],[105.4427,21.0989],[105.4409,21.103],[105.4408,21.1046],[105.437,21.102],[105.4342,21.1011],[105.4303,21.1039],[105.4271,21.1036],[105.4258,21.1041],[105.424,21.1055],[105.431,21.1068],[105.4309,21.1084],[105.4298,21.1107],[105.4296,21.1137],[105.4301,21.1159],[105.4297,21.1177],[105.4312,21.1201],[105.4281,21.1208],[105.4254,21.1221],[105.4245,21.1268],[105.4234,21.1274],[105.4232,21.1294],[105.4214,21.13],[105.4208,21.1318],[105.4194,21.1318],[105.418,21.1346],[105.4146,21.1352],[105.4153,21.1361],[105.4151,21.1379],[105.4178,21.1396],[105.4187,21.1435],[105.4226,21.1441],[105.4238,21.1455],[105.4279,21.1472],[105.4319,21.1506],[105.4341,21.1515],[105.4361,21.1494],[105.44,21.1493],[105.4404,21.1484],[105.4426,21.1489],[105.4439,21.1483],[105.4459,21.1484],[105.4461,21.1464],[105.4491,21.1468],[105.4497,21.1455],[105.4486,21.144],[105.4509,21.1432],[105.4522,21.1449],[105.4536,21.1454]]]},"properties":{"name":"Tùng Thiện","level":"ward"}},{"type":"Feature","geometry":{"type":"Polygon","coordinates":[[[105.4427,21.0989],[105.4466,21.1013],[105.4488,21.1015],[105.4506,21.0995],[105.4521,21.0996],[105.4563,21.1008],[105.4573,21.1015],[105.4603,21.1023],[105.4606,21.1032],[105.4703,21.1032],[105.4705,21.1003],[105.473,21.1035],[105.4749,21.1024],[105.4758,21.1052],[105.4777,21.1057],[105.48,21.1046],[105.4845,21.1054],[105.4851,21.1032],[105.486,21.1033],[105.4883,21.1017],[105.4876,21.0988],[105.4877,21.0958],[105.4885,21.0934],[105.493,21.0941],[105.4942,21.0955],[105.4963,21.0952],[105.4977,21.0977],[105.5005,21.0983],[105.5019,21.0975],[105.502,21.0952],[105.5037,21.0951],[105.5073,21.0964],[105.5083,21.0975],[105.5104,21.0954],[105.5118,21.0952],[105.5114,21.0935],[105.5123,21.0916],[105.5145,21.0902],[105.5154,21.0914],[105.5172,21.092],[105.5174,21.0905],[105.5218,21.0903],[105.523,21.089],[105.5249,21.0893],[105.5233,21.0882],[105.5239,21.086],[105.5236,21.0843],[105.5256,21.0833],[105.5296,21.0821],[105.5306,21.0807],[105.5319,21.0807],[105.5318,21.0783],[105.533,21.075],[105.5351,21.0748],[105.5352,21.0724],[105.5361,21.0708],[105.535,21.0701],[105.5334,21.0705],[105.5312,21.0693],[105.5292,21.0639],[105.5309,21.063],[105.5318,21.0611],[105.5332,21.0612],[105.534,21.0598],[105.5336,21.0586],[105.5344,21.0572],[105.5339,21.0556],[105.5343,21.0538],[105.5327,21.052],[105.535,21.0513],[105.5331,21.0498],[105.5317,21.05],[105.53,21.0492],[105.5298,21.048],[105.5282,21.0455],[105.5295,21.0446],[105.5284,21.0432],[105.5268,21.0434],[105.526,21.0411],[105.5241,21.0398],[105.5222,21.0372],[105.5203,21.0357],[105.5173,21.0358],[105.5172,21.0331],[105.5155,21.0329],[105.5132,21.0366],[105.5118,21.0397],[105.5049,21.0489],[105.4997,21.0477],[105.4968,21.0465],[105.4896,21.0426],[105.4862,21.0398],[105.4689,21.022],[105.4653,21.0241],[105.4632,21.0259],[105.4607,21.0292],[105.4572,21.0323],[105.4581,21.0388],[105.458,21.0404],[105.4583,21.0551],[105.4613,21.0578],[105.4611,21.0611],[105.4618,21.0623],[105.4609,21.0644],[105.4615,21.0658],[105.4646,21.0676],[105.4642,21.0701],[105.4631,21.071],[105.4608,21.0686],[105.4612,21.0664],[105.4597,21.063],[105.4587,21.0579],[105.457,21.0593],[105.4591,21.0638],[105.4597,21.0665],[105.4591,21.0691],[105.4572,21.0685],[105.4535,21.0633],[105.4537,21.0662],[105.4519,21.0655],[105.449,21.063],[105.447,21.0636],[105.4446,21.0628],[105.4402,21.0665],[105.4391,21.0699],[105.4408,21.0715],[105.4406,21.0726],[105.4415,21.0745],[105.4404,21.0769],[105.4391,21.078],[105.4389,21.0797],[105.441,21.08],[105.4407,21.0818],[105.439,21.082],[105.4388,21.0832],[105.4406,21.0841],[105.4403,21.0863],[105.4395,21.0871],[105.4414,21.092],[105.4432,21.093],[105.4453,21.095],[105.4412,21.0977],[105.4427,21.0989]]]},"properties":{"name":"Đoài Phương","level":"ward"}},{"type":"Feature","geometry":{"type":"Polygon","coordinates":[[[105.4754,21.1721],[105.4699,21.169],[105.4679,21.1687],[105.467,21.1664],[105.4673,21.1635],[105.4656,21.1614],[105.4632,21.1593],[105.4643,21.1569],[105.4637,21.1558],[105.4621,21.1554],[105.4615,21.1537],[105.461,21.15],[105.4593,21.1499],[105.4581,21.149],[105.4574,21.1464],[105.4561,21.1458],[105.4541,21.1462],[105.4536,21.1454],[105.4522,21.1449],[105.4509,21.1432],[105.4486,21.144],[105.4497,21.1455],[105.4491,21.1468],[105.4461,21.1464],[105.4459,21.1484],[105.4439,21.1483],[105.4426,21.1489],[105.4404,21.1484],[105.44,21.1493],[105.4361,21.1494],[105.4341,21.1515],[105.4319,21.1506],[105.4279,21.1472],[105.4238,21.1455],[105.4226,21.1441],[105.4187,21.1435],[105.4178,21.1396],[105.4151,21.1379],[105.4153,21.1361],[105.4146,21.1352],[105.4115,21.138],[105.4082,21.1389],[105.4081,21.1416],[105.406,21.1448],[105.4056,21.1466],[105.4042,21.1459],[105.4043,21.1439],[105.4004,21.1462],[105.3986,21.1489],[105.3981,21.1509],[105.3964,21.1521],[105.3953,21.1542],[105.3926,21.156],[105.3918,21.1552],[105.39,21.1566],[105.3863,21.1582],[105.3852,21.1609],[105.3845,21.1613],[105.3834,21.164],[105.3822,21.1653],[105.3784,21.1664],[105.3766,21.1665],[105.3748,21.17],[105.3745,21.1714],[105.3763,21.1739],[105.3792,21.173],[105.3808,21.1734],[105.3831,21.1769],[105.3914,21.1779],[105.3917,21.1796],[105.3957,21.1799],[105.397,21.1818],[105.4001,21.1828],[105.4014,21.1826],[105.4042,21.1841],[105.4026,21.1862],[105.4043,21.1868],[105.4054,21.1881],[105.4072,21.1883],[105.4095,21.1902],[105.4106,21.1925],[105.4085,21.1957],[105.4122,21.1991],[105.4146,21.2024],[105.4134,21.2051],[105.4154,21.2074],[105.4173,21.2054],[105.4211,21.2085],[105.4204,21.2109],[105.4191,21.213],[105.4203,21.2156],[105.4176,21.2181],[105.4197,21.2191],[105.4208,21.2166],[105.4241,21.2158],[105.4239,21.2147],[105.428,21.2146],[105.4305,21.2141],[105.4379,21.2165],[105.4371,21.2236],[105.4394,21.2253],[105.4424,21.2294],[105.4411,21.2196],[105.4418,21.2092],[105.4429,21.2063],[105.4443,21.2039],[105.4463,21.2016],[105.4509,21.1971],[105.4677,21.1799],[105.4678,21.1779],[105.4714,21.1756],[105.4754,21.1721]]]},"properties":{"name":"Quảng Oai","level":"ward"}},{"type":"Feature","geometry":{"type":"Polygon","coordinates":[[[105.4456,21.2518],[105.4395,21.251],[105.4352,21.2522],[105.4326,21.2506],[105.4318,21.2467],[105.4293,21.2435],[105.4233,21.242],[105.4153,21.2384],[105.4119,21.2406],[105.4067,21.2409],[105.4048,21.2404],[105.4024,21.2414],[105.3954,21.2378],[105.3907,21.2407],[105.388,21.2402],[105.3846,21.2366],[105.3767,21.2423],[105.3723,21.245],[105.3716,21.2468],[105.3691,21.2438],[105.3666,21.245],[105.3649,21.2441],[105.3593,21.2445],[105.3568,21.2429],[105.3554,21.2448],[105.3534,21.2451],[105.352,21.2396],[105.3473,21.2265],[105.352,21.2396],[105.3534,21.2451],[105.3541,21.2521],[105.3525,21.2595],[105.3524,21.2701],[105.3539,21.2799],[105.357,21.2897],[105.3622,21.2849],[105.3743,21.2922],[105.3752,21.2955],[105.3877,21.3035],[105.392,21.3057],[105.3931,21.3057],[105.3981,21.3037],[105.4113,21.299],[105.4158,21.297],[105.4297,21.289],[105.4352,21.2866],[105.4394,21.2816],[105.4406,21.2787],[105.4435,21.2699],[105.4444,21.2583],[105.4456,21.2518]]]},"properties":{"name":"Cổ Đô","level":"ward"}},{"type":"Feature","geometry":{"type":"Polygon","coordinates":[[[105.4677,21.1799],[105.4509,21.1971],[105.4463,21.2016],[105.4443,21.2039],[105.4429,21.2063],[105.4418,21.2092],[105.4411,21.2196],[105.4424,21.2294],[105.4448,21.2388],[105.4464,21.2443],[105.4516,21.2379],[105.4513,21.2376],[105.4586,21.2258],[105.4614,21.2178],[105.4633,21.2087],[105.4614,21.2081],[105.4624,21.2061],[105.4639,21.2064],[105.4644,21.2034],[105.4631,21.2031],[105.4645,21.2007],[105.4664,21.201],[105.4676,21.1817],[105.4677,21.1799]]]},"properties":{"name":"Minh Châu","level":"ward"}},{"type":"Feature","geometry":{"type":"Polygon","coordinates":[[[105.4424,21.2294],[105.4394,21.2253],[105.4371,21.2236],[105.4379,21.2165],[105.4305,21.2141],[105.428,21.2146],[105.4239,21.2147],[105.4241,21.2158],[105.4208,21.2166],[105.4197,21.2191],[105.4176,21.2181],[105.4203,21.2156],[105.4191,21.213],[105.4204,21.2109],[105.4211,21.2085],[105.4173,21.2054],[105.4154,21.2074],[105.4134,21.2051],[105.4146,21.2024],[105.4122,21.1991],[105.4085,21.1957],[105.4106,21.1925],[105.4095,21.1902],[105.4072,21.1883],[105.4054,21.1881],[105.4043,21.1868],[105.4026,21.1862],[105.4042,21.1841],[105.4014,21.1826],[105.4001,21.1828],[105.397,21.1818],[105.3957,21.1799],[105.3917,21.1796],[105.3914,21.1779],[105.3831,21.1769],[105.3808,21.1734],[105.3792,21.173],[105.3763,21.1739],[105.3745,21.1714],[105.3734,21.1742],[105.3729,21.1776],[105.3727,21.1824],[105.3738,21.186],[105.3736,21.1869],[105.3688,21.1916],[105.3691,21.1987],[105.3575,21.1998],[105.3563,21.1997],[105.3537,21.201],[105.352,21.2033],[105.35,21.2076],[105.3441,21.2082],[105.3393,21.21],[105.3437,21.2198],[105.3473,21.2265],[105.352,21.2396],[105.3534,21.2451],[105.3554,21.2448],[105.3568,21.2429],[105.3593,21.2445],[105.3649,21.2441],[105.3666,21.245],[105.3691,21.2438],[105.3716,21.2468],[105.3723,21.245],[105.3767,21.2423],[105.3846,21.2366],[105.388,21.2402],[105.3907,21.2407],[105.3954,21.2378],[105.4024,21.2414],[105.4048,21.2404],[105.4067,21.2409],[105.4119,21.2406],[105.4153,21.2384],[105.4233,21.242],[105.4293,21.2435],[105.4318,21.2467],[105.4326,21.2506],[105.4352,21.2522],[105.4395,21.251],[105.4456,21.2518],[105.4464,21.2443],[105.4448,21.2388],[105.4424,21.2294]]]},"properties":{"name":"Vật Lại","level":"ward"}},{"type":"Feature","geometry":{"type":"Polygon","coordinates":[[[105.3745,21.1714],[105.3748,21.17],[105.3766,21.1665],[105.3707,21.1581],[105.3705,21.1501],[105.3682,21.1473],[105.3662,21.1409],[105.3638,21.1401],[105.3635,21.1382],[105.3603,21.1385],[105.3576,21.1383],[105.3532,21.14],[105.3485,21.1413],[105.3468,21.1454],[105.3456,21.1462],[105.3443,21.1449],[105.3435,21.1428],[105.3407,21.1412],[105.339,21.1413],[105.3365,21.1434],[105.337,21.1463],[105.3342,21.148],[105.3323,21.1474],[105.3302,21.1483],[105.3283,21.1467],[105.3282,21.1452],[105.326,21.1439],[105.3238,21.1451],[105.3214,21.1429],[105.3187,21.1422],[105.3195,21.141],[105.3197,21.1391],[105.3219,21.1377],[105.3214,21.1368],[105.3183,21.1348],[105.32,21.1324],[105.3216,21.1271],[105.3231,21.1259],[105.3236,21.1229],[105.3277,21.1217],[105.3297,21.1217],[105.3306,21.1206],[105.3311,21.1173],[105.3326,21.1158],[105.3312,21.113],[105.3271,21.1139],[105.3255,21.1138],[105.3242,21.1115],[105.3225,21.1107],[105.3201,21.1108],[105.3202,21.1101],[105.32,21.1072],[105.3191,21.1013],[105.3178,21.0954],[105.3151,21.0895],[105.3135,21.0873],[105.3101,21.084],[105.307,21.0803],[105.3038,21.0757],[105.3012,21.0705],[105.3038,21.0757],[105.3069,21.0803],[105.3101,21.084],[105.3135,21.0873],[105.3151,21.0895],[105.3178,21.0954],[105.3191,21.1013],[105.32,21.1072],[105.3202,21.1101],[105.3197,21.1136],[105.3174,21.117],[105.3149,21.1211],[105.3133,21.1244],[105.31,21.1289],[105.3072,21.1344],[105.3035,21.1381],[105.2947,21.1478],[105.2884,21.1581],[105.286,21.1612],[105.2854,21.1719],[105.2896,21.1731],[105.292,21.172],[105.3002,21.1865],[105.3028,21.1907],[105.3164,21.1983],[105.3254,21.2034],[105.3292,21.2041],[105.3356,21.2013],[105.3391,21.2018],[105.3418,21.2038],[105.3441,21.2082],[105.35,21.2076],[105.352,21.2033],[105.3537,21.201],[105.3563,21.1997],[105.3575,21.1998],[105.3691,21.1987],[105.3688,21.1916],[105.3736,21.1869],[105.3738,21.186],[105.3727,21.1824],[105.3729,21.1776],[105.3734,21.1742],[105.3745,21.1714]]]},"properties":{"name":"Bất Bạt","level":"ward"}},{"type":"Feature","geometry":{"type":"Polygon","coordinates":[[[105.4146,21.1352],[105.418,21.1346],[105.4194,21.1318],[105.4208,21.1318],[105.4214,21.13],[105.4232,21.1294],[105.4234,21.1274],[105.4245,21.1268],[105.4254,21.1221],[105.4281,21.1208],[105.4312,21.1201],[105.4297,21.1177],[105.4301,21.1159],[105.4296,21.1137],[105.4298,21.1107],[105.4309,21.1084],[105.431,21.1068],[105.424,21.1055],[105.4258,21.1041],[105.4231,21.1045],[105.4189,21.1014],[105.4118,21.1021],[105.4049,21.0978],[105.4028,21.0981],[105.4018,21.0945],[105.3995,21.094],[105.3985,21.0921],[105.3957,21.0927],[105.3933,21.0916],[105.3917,21.0914],[105.3913,21.0889],[105.3853,21.0856],[105.3835,21.0834],[105.3817,21.0831],[105.3777,21.0851],[105.3759,21.0854],[105.3771,21.0876],[105.3801,21.0949],[105.3793,21.0963],[105.377,21.0966],[105.3742,21.0954],[105.3734,21.0943],[105.3714,21.0948],[105.3723,21.0968],[105.3748,21.0989],[105.3744,21.1002],[105.375,21.1015],[105.3743,21.1034],[105.375,21.1054],[105.3716,21.1072],[105.3733,21.1099],[105.3732,21.1116],[105.3696,21.1101],[105.3673,21.1101],[105.3654,21.1086],[105.3646,21.1092],[105.3621,21.1085],[105.3606,21.1074],[105.3618,21.1055],[105.3607,21.1045],[105.3584,21.1004],[105.3561,21.0986],[105.3551,21.0974],[105.3509,21.0993],[105.3492,21.1005],[105.3471,21.1007],[105.3455,21.1025],[105.3443,21.1055],[105.3445,21.1067],[105.3429,21.1085],[105.3424,21.1099],[105.3386,21.1126],[105.3337,21.1123],[105.3312,21.113],[105.3326,21.1158],[105.3311,21.1173],[105.3306,21.1206],[105.3297,21.1217],[105.3277,21.1217],[105.3236,21.1229],[105.3231,21.1259],[105.3216,21.1271],[105.32,21.1324],[105.3183,21.1348],[105.3214,21.1368],[105.3219,21.1377],[105.3197,21.1391],[105.3195,21.141],[105.3187,21.1422],[105.3214,21.1429],[105.3238,21.1451],[105.326,21.1439],[105.3282,21.1452],[105.3283,21.1467],[105.3302,21.1483],[105.3323,21.1474],[105.3342,21.148],[105.337,21.1463],[105.3365,21.1434],[105.339,21.1413],[105.3407,21.1412],[105.3435,21.1428],[105.3443,21.1449],[105.3456,21.1462],[105.3468,21.1454],[105.3485,21.1413],[105.3532,21.14],[105.3576,21.1383],[105.3603,21.1385],[105.3635,21.1382],[105.3638,21.1401],[105.3662,21.1409],[105.3682,21.1473],[105.3705,21.1501],[105.3707,21.1581],[105.3766,21.1665],[105.3784,21.1664],[105.3822,21.1653],[105.3834,21.164],[105.3845,21.1613],[105.3852,21.1609],[105.3863,21.1582],[105.39,21.1566],[105.3918,21.1552],[105.3926,21.156],[105.3953,21.1542],[105.3964,21.1521],[105.3981,21.1509],[105.3986,21.1489],[105.4004,21.1462],[105.4043,21.1439],[105.4042,21.1459],[105.4056,21.1466],[105.406,21.1448],[105.4081,21.1416],[105.4082,21.1389],[105.4115,21.138],[105.4146,21.1352]]]},"properties":{"name":"Suối Hai","level":"ward"}},{"type":"Feature","geometry":{"type":"Polygon","coordinates":[[[105.3012,21.0705],[105.3038,21.0757],[105.307,21.0803],[105.3101,21.084],[105.3135,21.0873],[105.3151,21.0895],[105.3178,21.0954],[105.3191,21.1013],[105.32,21.1072],[105.3202,21.1101],[105.3201,21.1108],[105.3225,21.1107],[105.3242,21.1115],[105.3255,21.1138],[105.3271,21.1139],[105.3312,21.113],[105.3337,21.1123],[105.3386,21.1126],[105.3424,21.1099],[105.3429,21.1085],[105.3445,21.1067],[105.3443,21.1055],[105.3455,21.1025],[105.3471,21.1007],[105.3492,21.1005],[105.3509,21.0993],[105.3551,21.0974],[105.3561,21.0986],[105.3584,21.1004],[105.3607,21.1045],[105.3618,21.1055],[105.3606,21.1074],[105.3621,21.1085],[105.3646,21.1092],[105.3654,21.1086],[105.3673,21.1101],[105.3696,21.1101],[105.3732,21.1116],[105.3733,21.1099],[105.3716,21.1072],[105.375,21.1054],[105.3743,21.1034],[105.375,21.1015],[105.3744,21.1002],[105.3748,21.0989],[105.3723,21.0968],[105.3714,21.0948],[105.3734,21.0943],[105.3742,21.0954],[105.377,21.0966],[105.3793,21.0963],[105.3801,21.0949],[105.3771,21.0876],[105.3759,21.0854],[105.3777,21.0851],[105.3817,21.0831],[105.3802,21.0615],[105.3782,21.0347],[105.3808,21.0301],[105.3844,21.0285],[105.3865,21.0249],[105.3875,21.0244],[105.3833,21.022],[105.3789,21.0187],[105.3769,21.016],[105.3727,21.0138],[105.3685,21.0127],[105.366,21.0126],[105.3632,21.0108],[105.361,21.0105],[105.3602,21.0095],[105.3534,21.0072],[105.3508,21.0093],[105.3494,21.0126],[105.3478,21.0142],[105.3457,21.013],[105.3427,21.0127],[105.3389,21.0134],[105.3384,21.012],[105.3354,21.0114],[105.3337,21.0103],[105.3338,21.0085],[105.3293,21.0081],[105.3265,21.0092],[105.3268,21.0166],[105.3289,21.0168],[105.3304,21.0189],[105.3302,21.0207],[105.3311,21.0211],[105.3313,21.0229],[105.3274,21.0238],[105.3265,21.0216],[105.3247,21.0216],[105.3238,21.0203],[105.3226,21.0207],[105.3218,21.0182],[105.3198,21.0182],[105.3164,21.0137],[105.3144,21.0158],[105.3065,21.0213],[105.3047,21.023],[105.3008,21.0293],[105.2979,21.0332],[105.297,21.0354],[105.2935,21.0506],[105.2934,21.0527],[105.2947,21.0567],[105.2975,21.0615],[105.2993,21.0667],[105.3012,21.0705]]]},"properties":{"name":"Ba Vì","level":"ward"}},{"type":"Feature","geometry":{"type":"Polygon","coordinates":[[[105.4613,21.0131],[105.4579,21.0128],[105.4546,21.0117],[105.4527,21.0124],[105.4507,21.0145],[105.4483,21.015],[105.4452,21.0149],[105.4439,21.0142],[105.4416,21.0147],[105.4406,21.0159],[105.4367,21.0161],[105.4352,21.0171],[105.4336,21.017],[105.4311,21.0147],[105.4305,21.015],[105.4258,21.0138],[105.4249,21.014],[105.422,21.0127],[105.4196,21.0129],[105.4167,21.0114],[105.4157,21.0125],[105.4131,21.0139],[105.411,21.0178],[105.4095,21.018],[105.4068,21.0171],[105.4037,21.0146],[105.4016,21.0138],[105.3984,21.0152],[105.3961,21.0144],[105.3926,21.0142],[105.3917,21.0149],[105.3876,21.0187],[105.3866,21.0201],[105.3877,21.0227],[105.3875,21.0244],[105.3865,21.0249],[105.3844,21.0285],[105.3808,21.0301],[105.3782,21.0347],[105.3802,21.0615],[105.3817,21.0831],[105.3835,21.0834],[105.3853,21.0856],[105.3913,21.0889],[105.3917,21.0914],[105.3933,21.0916],[105.3957,21.0927],[105.3985,21.0921],[105.3995,21.094],[105.4018,21.0945],[105.4028,21.0981],[105.4049,21.0978],[105.4118,21.1021],[105.4189,21.1014],[105.4231,21.1045],[105.4258,21.1041],[105.4271,21.1036],[105.4303,21.1039],[105.4342,21.1011],[105.437,21.102],[105.4408,21.1046],[105.4409,21.103],[105.4427,21.0989],[105.4412,21.0977],[105.4453,21.095],[105.4432,21.093],[105.4414,21.092],[105.4395,21.0871],[105.4403,21.0863],[105.4406,21.0841],[105.4388,21.0832],[105.439,21.082],[105.4407,21.0818],[105.441,21.08],[105.4389,21.0797],[105.4391,21.078],[105.4404,21.0769],[105.4415,21.0745],[105.4406,21.0726],[105.4408,21.0715],[105.4391,21.0699],[105.4402,21.0665],[105.4446,21.0628],[105.447,21.0636],[105.449,21.063],[105.4519,21.0655],[105.4537,21.0662],[105.4535,21.0633],[105.4572,21.0685],[105.4591,21.0691],[105.4597,21.0665],[105.4591,21.0638],[105.457,21.0593],[105.4587,21.0579],[105.4597,21.063],[105.4612,21.0664],[105.4608,21.0686],[105.4631,21.071],[105.4642,21.0701],[105.4646,21.0676],[105.4615,21.0658],[105.4609,21.0644],[105.4618,21.0623],[105.4611,21.0611],[105.4613,21.0578],[105.4583,21.0551],[105.458,21.0404],[105.4581,21.0388],[105.4572,21.0323],[105.4607,21.0292],[105.4632,21.0259],[105.4653,21.0241],[105.4689,21.022],[105.4646,21.0175],[105.4613,21.0131]]]},"properties":{"name":"Yên Bài","level":"ward"}},{"type":"Feature","geometry":{"type":"Polygon","coordinates":[[[105.5034,21.1178],[105.5051,21.1198],[105.5054,21.1211],[105.5048,21.1232],[105.5079,21.1247],[105.5105,21.1236],[105.5126,21.1258],[105.5136,21.1287],[105.5161,21.1289],[105.5201,21.1299],[105.5204,21.1318],[105.5218,21.1331],[105.5246,21.1339],[105.5291,21.133],[105.5312,21.1342],[105.534,21.1331],[105.535,21.1314],[105.5355,21.1255],[105.5385,21.1231],[105.5498,21.1197],[105.5545,21.1209],[105.556,21.1202],[105.5595,21.1207],[105.5617,21.1172],[105.5631,21.1176],[105.5618,21.1219],[105.5684,21.1242],[105.5719,21.1272],[105.5747,21.1315],[105.5746,21.1335],[105.5777,21.1371],[105.5793,21.1383],[105.5822,21.1352],[105.5847,21.1349],[105.5849,21.1326],[105.5871,21.1312],[105.5858,21.1287],[105.5884,21.1266],[105.5915,21.1336],[105.5934,21.1344],[105.5957,21.1345],[105.5976,21.1338],[105.6006,21.1321],[105.6066,21.1391],[105.6116,21.1356],[105.6096,21.1332],[105.6087,21.1314],[105.6066,21.1301],[105.6054,21.13],[105.6059,21.1244],[105.6051,21.1233],[105.6052,21.12],[105.6061,21.1198],[105.6061,21.1158],[105.6067,21.1137],[105.6048,21.1135],[105.6027,21.1176],[105.5989,21.1207],[105.5975,21.1207],[105.5971,21.119],[105.5963,21.1108],[105.5935,21.1101],[105.5903,21.1099],[105.5896,21.1068],[105.5929,21.1067],[105.5938,21.0977],[105.5929,21.0966],[105.5937,21.0954],[105.594,21.0926],[105.5929,21.0921],[105.5931,21.0884],[105.5938,21.087],[105.5927,21.0847],[105.5913,21.0847],[105.5922,21.0799],[105.5935,21.0779],[105.5916,21.0769],[105.5875,21.0761],[105.5842,21.0753],[105.5809,21.0779],[105.5768,21.0803],[105.5749,21.0822],[105.5767,21.0862],[105.5755,21.0884],[105.5767,21.0927],[105.5756,21.0946],[105.5759,21.0965],[105.5755,21.0997],[105.5712,21.1005],[105.5633,21.1001],[105.5574,21.1021],[105.5552,21.0971],[105.5526,21.0968],[105.551,21.0972],[105.5493,21.096],[105.5494,21.094],[105.5457,21.0945],[105.5425,21.0952],[105.5395,21.0923],[105.5376,21.0911],[105.5303,21.0908],[105.5286,21.0913],[105.527,21.0896],[105.5249,21.0893],[105.523,21.089],[105.5218,21.0903],[105.5174,21.0905],[105.5172,21.092],[105.5154,21.0914],[105.5145,21.0902],[105.5123,21.0916],[105.5114,21.0935],[105.5118,21.0952],[105.5104,21.0954],[105.5083,21.0975],[105.5073,21.0964],[105.5037,21.0951],[105.502,21.0952],[105.5019,21.0975],[105.5005,21.0983],[105.5028,21.099],[105.5055,21.1017],[105.5063,21.1039],[105.5056,21.1047],[105.5059,21.1067],[105.5033,21.1071],[105.5027,21.1091],[105.5015,21.1103],[105.5015,21.1121],[105.5006,21.113],[105.5028,21.1151],[105.5018,21.1168],[105.5034,21.1178]]]},"properties":{"name":"Phúc Thọ","level":"ward"}},{"type":"Feature","geometry":{"type":"Polygon","coordinates":[[[105.6266,21.1706],[105.6278,21.144],[105.6256,21.144],[105.6247,21.1426],[105.623,21.1416],[105.6252,21.1405],[105.6236,21.1371],[105.6219,21.1379],[105.6211,21.1366],[105.6198,21.1373],[105.6171,21.1374],[105.6156,21.1354],[105.6144,21.1348],[105.6116,21.1356],[105.6066,21.1391],[105.6006,21.1321],[105.5976,21.1338],[105.5957,21.1345],[105.5934,21.1344],[105.5915,21.1336],[105.5884,21.1266],[105.5858,21.1287],[105.5871,21.1312],[105.5849,21.1326],[105.5847,21.1349],[105.5822,21.1352],[105.5793,21.1383],[105.5777,21.1371],[105.5746,21.1335],[105.5747,21.1315],[105.5719,21.1272],[105.5684,21.1242],[105.5618,21.1219],[105.5631,21.1176],[105.5617,21.1172],[105.5595,21.1207],[105.556,21.1202],[105.5545,21.1209],[105.5498,21.1197],[105.5385,21.1231],[105.5355,21.1255],[105.535,21.1314],[105.534,21.1331],[105.5312,21.1342],[105.5291,21.133],[105.5246,21.1339],[105.5243,21.1352],[105.5222,21.1356],[105.521,21.1392],[105.517,21.1396],[105.5162,21.1401],[105.5156,21.1449],[105.517,21.1509],[105.5169,21.1521],[105.5151,21.1524],[105.5156,21.1565],[105.5283,21.1551],[105.5333,21.1554],[105.5385,21.1562],[105.5539,21.1591],[105.5708,21.1604],[105.5709,21.1612],[105.5749,21.1613],[105.5752,21.1643],[105.5911,21.1672],[105.593,21.1677],[105.6176,21.1723],[105.6243,21.1737],[105.6266,21.1706]]]},"properties":{"name":"Phúc Lộc","level":"ward"}},{"type":"Feature","geometry":{"type":"Polygon","coordinates":[[[105.5935,21.0779],[105.5922,21.0799],[105.5913,21.0847],[105.5927,21.0847],[105.5938,21.087],[105.5931,21.0884],[105.5929,21.0921],[105.594,21.0926],[105.5937,21.0954],[105.5929,21.0966],[105.5938,21.0977],[105.5929,21.1067],[105.5896,21.1068],[105.5903,21.1099],[105.5935,21.1101],[105.5963,21.1108],[105.5971,21.119],[105.5975,21.1207],[105.5989,21.1207],[105.6027,21.1176],[105.6048,21.1135],[105.6067,21.1137],[105.6061,21.1158],[105.6061,21.1198],[105.6052,21.12],[105.6051,21.1233],[105.6059,21.1244],[105.6054,21.13],[105.6066,21.1301],[105.6087,21.1314],[105.6096,21.1332],[105.6116,21.1356],[105.6144,21.1348],[105.6156,21.1354],[105.6171,21.1374],[105.6198,21.1373],[105.6211,21.1366],[105.6219,21.1379],[105.6236,21.1371],[105.6233,21.1347],[105.6257,21.1315],[105.6297,21.1276],[105.6306,21.1255],[105.6298,21.1238],[105.6269,21.1221],[105.6244,21.1202],[105.6251,21.1175],[105.6296,21.1141],[105.6374,21.1116],[105.6371,21.1099],[105.6394,21.1096],[105.6385,21.1056],[105.6363,21.107],[105.6343,21.1009],[105.6348,21.1003],[105.6411,21.0981],[105.6433,21.0966],[105.6458,21.0942],[105.6471,21.0916],[105.6474,21.0904],[105.6467,21.0886],[105.6456,21.0878],[105.645,21.0861],[105.6454,21.0821],[105.6451,21.0753],[105.646,21.0714],[105.6467,21.0703],[105.6492,21.0685],[105.6529,21.0686],[105.6555,21.07],[105.6582,21.072],[105.6603,21.0715],[105.6619,21.0683],[105.6637,21.0661],[105.6647,21.064],[105.6648,21.0624],[105.6635,21.0598],[105.6608,21.0587],[105.658,21.059],[105.6561,21.0598],[105.6507,21.0636],[105.6499,21.0647],[105.6475,21.0652],[105.6462,21.0632],[105.6483,21.0579],[105.6503,21.0464],[105.6509,21.0441],[105.6503,21.044],[105.6482,21.0403],[105.6472,21.0422],[105.643,21.0437],[105.6347,21.0442],[105.6306,21.0512],[105.6321,21.0524],[105.6288,21.0597],[105.629,21.0602],[105.6264,21.0632],[105.6244,21.0648],[105.6193,21.0675],[105.6173,21.0679],[105.6165,21.0694],[105.6151,21.0686],[105.6123,21.0702],[105.6093,21.0725],[105.6072,21.0705],[105.6032,21.0721],[105.6016,21.0731],[105.5984,21.0736],[105.5948,21.0747],[105.5946,21.0768],[105.5935,21.0779]]]},"properties":{"name":"Hát Môn","level":"ward"}},{"type":"Feature","geometry":{"type":"Polygon","coordinates":[[[105.6637,21.0661],[105.6619,21.0683],[105.6603,21.0715],[105.6582,21.072],[105.6555,21.07],[105.6529,21.0686],[105.6492,21.0685],[105.6467,21.0703],[105.646,21.0714],[105.6451,21.0753],[105.6454,21.0821],[105.645,21.0861],[105.6456,21.0878],[105.6467,21.0886],[105.6474,21.0904],[105.6471,21.0916],[105.6506,21.093],[105.6521,21.0943],[105.6552,21.1004],[105.6529,21.1001],[105.6497,21.1023],[105.6485,21.1055],[105.6527,21.1066],[105.6523,21.1076],[105.6557,21.1085],[105.6591,21.1028],[105.6603,21.0981],[105.6649,21.1005],[105.6688,21.1008],[105.6714,21.1003],[105.6716,21.1025],[105.6728,21.105],[105.6728,21.1064],[105.67,21.1065],[105.6665,21.1076],[105.6645,21.1093],[105.6663,21.1136],[105.6671,21.1145],[105.6655,21.119],[105.6676,21.1199],[105.6694,21.1198],[105.6694,21.1218],[105.6723,21.123],[105.6738,21.1217],[105.6726,21.1195],[105.673,21.1185],[105.6765,21.1157],[105.6798,21.1145],[105.6788,21.1122],[105.6808,21.1095],[105.6841,21.1104],[105.6853,21.1098],[105.6861,21.1069],[105.6843,21.1066],[105.6852,21.1049],[105.683,21.1032],[105.6876,21.0995],[105.6852,21.0942],[105.687,21.0909],[105.6868,21.0903],[105.6851,21.0878],[105.6837,21.0876],[105.68,21.0847],[105.6772,21.0841],[105.6775,21.0815],[105.6792,21.0806],[105.6756,21.0768],[105.6759,21.0763],[105.6749,21.0755],[105.6761,21.0738],[105.673,21.0726],[105.6718,21.0716],[105.6725,21.0703],[105.67,21.0702],[105.6687,21.0717],[105.6665,21.0725],[105.6638,21.0705],[105.664,21.0681],[105.6667,21.0675],[105.6637,21.0661]]]},"properties":{"name":"Đan Phượng","level":"ward"}},{"type":"Feature","geometry":{"type":"Polygon","coordinates":[[[105.6266,21.1706],[105.632,21.168],[105.6362,21.1645],[105.6389,21.1613],[105.6447,21.1553],[105.6512,21.1462],[105.6575,21.1393],[105.6619,21.1347],[105.6655,21.1319],[105.6672,21.1314],[105.6717,21.1317],[105.674,21.1328],[105.677,21.1263],[105.6723,21.123],[105.6694,21.1218],[105.6694,21.1198],[105.6676,21.1199],[105.6655,21.119],[105.6671,21.1145],[105.6663,21.1136],[105.6645,21.1093],[105.6665,21.1076],[105.67,21.1065],[105.6728,21.1064],[105.6728,21.105],[105.6716,21.1025],[105.6714,21.1003],[105.6688,21.1008],[105.6649,21.1005],[105.6603,21.0981],[105.6591,21.1028],[105.6557,21.1085],[105.6523,21.1076],[105.6527,21.1066],[105.6485,21.1055],[105.6497,21.1023],[105.6529,21.1001],[105.6552,21.1004],[105.6521,21.0943],[105.6506,21.093],[105.6471,21.0916],[105.6458,21.0942],[105.6433,21.0966],[105.6411,21.0981],[105.6348,21.1003],[105.6343,21.1009],[105.6363,21.107],[105.6385,21.1056],[105.6394,21.1096],[105.6371,21.1099],[105.6374,21.1116],[105.6296,21.1141],[105.6251,21.1175],[105.6244,21.1202],[105.6269,21.1221],[105.6298,21.1238],[105.6306,21.1255],[105.6297,21.1276],[105.6257,21.1315],[105.6233,21.1347],[105.6236,21.1371],[105.6252,21.1405],[105.623,21.1416],[105.6247,21.1426],[105.6256,21.144],[105.6278,21.144],[105.6266,21.1706]]]},"properties":{"name":"Liên Minh","level":"ward"}},{"type":"Feature","geometry":{"type":"Polygon","coordinates":[[[105.737,21.1048],[105.7336,21.1022],[105.7307,21.1007],[105.7299,21.1009],[105.7275,21.0988],[105.7263,21.0991],[105.7253,21.0969],[105.727,21.0939],[105.7259,21.093],[105.7257,21.0888],[105.727,21.0884],[105.7267,21.0852],[105.7279,21.0845],[105.7283,21.0826],[105.7259,21.0793],[105.7246,21.0769],[105.7241,21.0744],[105.7245,21.0692],[105.72,21.072],[105.7173,21.0731],[105.7096,21.0752],[105.7083,21.0713],[105.7054,21.0722],[105.705,21.0714],[105.6987,21.0748],[105.7005,21.0778],[105.7015,21.0807],[105.697,21.0835],[105.6968,21.0868],[105.6956,21.0863],[105.6905,21.0882],[105.6887,21.0886],[105.6868,21.0903],[105.687,21.0909],[105.6852,21.0942],[105.6876,21.0995],[105.683,21.1032],[105.6852,21.1049],[105.6843,21.1066],[105.6861,21.1069],[105.6853,21.1098],[105.6841,21.1104],[105.6808,21.1095],[105.6788,21.1122],[105.6798,21.1145],[105.6765,21.1157],[105.673,21.1185],[105.6726,21.1195],[105.6738,21.1217],[105.6723,21.123],[105.677,21.1263],[105.674,21.1328],[105.678,21.1361],[105.681,21.1382],[105.6847,21.1398],[105.6909,21.1412],[105.6958,21.1414],[105.7001,21.1414],[105.7029,21.1418],[105.7076,21.1431],[105.7108,21.1434],[105.7127,21.1429],[105.7156,21.1408],[105.7171,21.1384],[105.7177,21.1358],[105.7178,21.1311],[105.7188,21.1234],[105.7226,21.1191],[105.7276,21.1125],[105.7322,21.1084],[105.737,21.1048]]]},"properties":{"name":"Ô Diên","level":"ward"}},{"type":"Feature","geometry":{"type":"Polygon","coordinates":[[[105.7245,21.0692],[105.7248,21.0654],[105.7247,21.0598],[105.7296,21.0565],[105.7266,21.0527],[105.7287,21.0505],[105.728,21.0484],[105.7299,21.047],[105.7281,21.0461],[105.727,21.0448],[105.7252,21.0401],[105.7232,21.0401],[105.7232,21.0383],[105.7215,21.0378],[105.7212,21.0355],[105.7203,21.0343],[105.7186,21.0337],[105.7152,21.0337],[105.7123,21.0341],[105.7104,21.0353],[105.7049,21.0446],[105.705,21.0471],[105.7041,21.0473],[105.7041,21.0507],[105.7013,21.0505],[105.7006,21.0513],[105.693,21.0515],[105.6909,21.0567],[105.69,21.0566],[105.6885,21.0603],[105.6851,21.0709],[105.6817,21.0703],[105.6759,21.0763],[105.6756,21.0768],[105.6792,21.0806],[105.6775,21.0815],[105.6772,21.0841],[105.68,21.0847],[105.6837,21.0876],[105.6851,21.0878],[105.6868,21.0903],[105.6887,21.0886],[105.6905,21.0882],[105.6956,21.0863],[105.6968,21.0868],[105.697,21.0835],[105.7015,21.0807],[105.7005,21.0778],[105.6987,21.0748],[105.705,21.0714],[105.7054,21.0722],[105.7083,21.0713],[105.7096,21.0752],[105.7173,21.0731],[105.72,21.072],[105.7245,21.0692]]]},"properties":{"name":"Hoài Đức","level":"ward"}},{"type":"Feature","geometry":{"type":"Polygon","coordinates":[[[105.6509,21.0441],[105.6503,21.0464],[105.6483,21.0579],[105.6462,21.0632],[105.6475,21.0652],[105.6499,21.0647],[105.6507,21.0636],[105.6561,21.0598],[105.658,21.059],[105.6608,21.0587],[105.6635,21.0598],[105.6648,21.0624],[105.6647,21.064],[105.6637,21.0661],[105.6667,21.0675],[105.664,21.0681],[105.6638,21.0705],[105.6665,21.0725],[105.6687,21.0717],[105.67,21.0702],[105.6725,21.0703],[105.6718,21.0716],[105.673,21.0726],[105.6761,21.0738],[105.6749,21.0755],[105.6759,21.0763],[105.6817,21.0703],[105.6851,21.0709],[105.6885,21.0603],[105.69,21.0566],[105.6909,21.0567],[105.693,21.0515],[105.6926,21.0513],[105.6925,21.0351],[105.6935,21.0349],[105.6945,21.0324],[105.6966,21.0311],[105.6957,21.03],[105.6878,21.0314],[105.6854,21.0322],[105.6835,21.0341],[105.6825,21.0335],[105.6814,21.028],[105.6797,21.0253],[105.6777,21.0232],[105.6741,21.0251],[105.6722,21.0219],[105.6687,21.0238],[105.6689,21.0268],[105.668,21.0268],[105.6668,21.029],[105.6676,21.0296],[105.6644,21.0337],[105.663,21.0344],[105.6546,21.0376],[105.6546,21.0396],[105.653,21.0403],[105.6525,21.0426],[105.6509,21.0441]]]},"properties":{"name":"Dương Hoà","level":"ward"}},{"type":"Feature","geometry":{"type":"Polygon","coordinates":[[[105.7299,21.047],[105.7319,21.0463],[105.7323,21.0438],[105.7335,21.0434],[105.734,21.0409],[105.7336,21.0385],[105.7347,21.0368],[105.7381,21.0365],[105.7389,21.0327],[105.7371,21.0309],[105.7385,21.0278],[105.7348,21.0263],[105.7347,21.025],[105.7366,21.0236],[105.7356,21.0217],[105.7345,21.0226],[105.7317,21.0194],[105.73,21.0179],[105.7326,21.0168],[105.734,21.0155],[105.7324,21.0121],[105.733,21.0104],[105.7305,21.0106],[105.7222,21.0111],[105.7184,21.0111],[105.7134,21.0106],[105.6935,21.006],[105.687,21.005],[105.6639,21.0031],[105.6634,21.0061],[105.6639,21.0076],[105.6666,21.0095],[105.6709,21.0093],[105.6746,21.0082],[105.6768,21.0095],[105.6767,21.0153],[105.6776,21.0189],[105.6722,21.0219],[105.6741,21.0251],[105.6777,21.0232],[105.6797,21.0253],[105.6814,21.028],[105.6825,21.0335],[105.6835,21.0341],[105.6854,21.0322],[105.6878,21.0314],[105.6957,21.03],[105.6966,21.0311],[105.6945,21.0324],[105.6935,21.0349],[105.6925,21.0351],[105.6926,21.0513],[105.693,21.0515],[105.7006,21.0513],[105.7013,21.0505],[105.7041,21.0507],[105.7041,21.0473],[105.705,21.0471],[105.7049,21.0446],[105.7104,21.0353],[105.7123,21.0341],[105.7152,21.0337],[105.7186,21.0337],[105.7203,21.0343],[105.7212,21.0355],[105.7215,21.0378],[105.7232,21.0383],[105.7232,21.0401],[105.7252,21.0401],[105.727,21.0448],[105.7281,21.0461],[105.7299,21.047]]]},"properties":{"name":"Sơn Đồng","level":"ward"}},{"type":"Feature","geometry":{"type":"Polygon","coordinates":[[[105.7305,21.0106],[105.7358,20.9933],[105.7301,20.9917],[105.7307,20.9905],[105.7327,20.9907],[105.7352,20.9862],[105.7379,20.9859],[105.7397,20.9762],[105.7408,20.9748],[105.7405,20.9732],[105.7389,20.9708],[105.7402,20.9687],[105.741,20.9689],[105.7413,20.9661],[105.7428,20.9641],[105.7396,20.9626],[105.7381,20.9633],[105.7316,20.9596],[105.7305,20.9609],[105.725,20.9554],[105.7222,20.9579],[105.7168,20.9615],[105.7141,20.965],[105.7128,20.9694],[105.7098,20.9725],[105.7041,20.975],[105.702,20.9767],[105.6989,20.9781],[105.6959,20.9785],[105.6928,20.977],[105.689,20.9744],[105.6884,20.9718],[105.687,20.9699],[105.6849,20.9695],[105.6839,20.9703],[105.6861,20.9724],[105.6873,20.9748],[105.6856,20.9754],[105.6847,20.9769],[105.6822,20.978],[105.6809,20.9805],[105.6773,20.9841],[105.6758,20.9862],[105.6741,20.9855],[105.6676,20.982],[105.6652,20.9829],[105.6674,20.9923],[105.6675,20.9962],[105.6671,20.9985],[105.6663,20.999],[105.6659,21.0013],[105.6644,21.0018],[105.6639,21.0031],[105.687,21.005],[105.6935,21.006],[105.7134,21.0106],[105.7184,21.0111],[105.7222,21.0111],[105.7305,21.0106]]]},"properties":{"name":"An Khánh","level":"ward"}},{"type":"Feature","geometry":{"type":"Polygon","coordinates":[[[105.7358,20.9933],[105.7417,20.9949],[105.7425,20.9931],[105.7463,20.9896],[105.7527,20.9916],[105.7528,20.9908],[105.7554,20.9895],[105.7534,20.9881],[105.7539,20.9861],[105.7551,20.9843],[105.7613,20.9799],[105.764,20.9779],[105.7559,20.9716],[105.7537,20.9687],[105.7649,20.9623],[105.7548,20.9545],[105.7511,20.9562],[105.7447,20.9603],[105.7408,20.9619],[105.7381,20.9633],[105.7396,20.9626],[105.7428,20.9641],[105.7413,20.9661],[105.741,20.9689],[105.7402,20.9687],[105.7389,20.9708],[105.7405,20.9732],[105.7408,20.9748],[105.7397,20.9762],[105.7379,20.9859],[105.7352,20.9862],[105.7327,20.9907],[105.7307,20.9905],[105.7301,20.9917],[105.7358,20.9933]]]},"properties":{"name":"Dương Nội","level":"ward"}},{"type":"Feature","geometry":{"type":"Polygon","coordinates":[[[105.6347,21.0442],[105.643,21.0437],[105.6472,21.0422],[105.6482,21.0403],[105.6503,21.044],[105.6509,21.0441],[105.6525,21.0426],[105.653,21.0403],[105.6546,21.0396],[105.6546,21.0376],[105.663,21.0344],[105.6644,21.0337],[105.6676,21.0296],[105.6668,21.029],[105.668,21.0268],[105.6689,21.0268],[105.6687,21.0238],[105.6722,21.0219],[105.6776,21.0189],[105.6767,21.0153],[105.6768,21.0095],[105.6746,21.0082],[105.6709,21.0093],[105.6666,21.0095],[105.6639,21.0076],[105.6634,21.0061],[105.6639,21.0031],[105.6644,21.0018],[105.6659,21.0013],[105.6663,20.999],[105.6671,20.9985],[105.6675,20.9962],[105.6674,20.9923],[105.6652,20.9829],[105.6622,20.9819],[105.6619,20.9842],[105.6592,20.9845],[105.6609,20.9882],[105.6595,20.9902],[105.6554,20.9896],[105.6531,20.9905],[105.6484,20.9891],[105.6475,20.9862],[105.6447,20.985],[105.643,20.9834],[105.6437,20.9823],[105.6409,20.9817],[105.641,20.98],[105.6372,20.9793],[105.6383,20.9759],[105.6382,20.9738],[105.6308,20.9706],[105.6295,20.973],[105.6309,20.9752],[105.6303,20.9767],[105.6325,20.9775],[105.6305,20.9797],[105.6324,20.9826],[105.6305,20.9855],[105.6301,20.9911],[105.6327,20.9919],[105.633,20.9898],[105.6342,20.989],[105.6352,20.9901],[105.6338,20.9911],[105.6332,20.9934],[105.6319,20.9932],[105.6302,20.9954],[105.6324,20.9969],[105.6281,21.0023],[105.6397,21.0035],[105.64,21.0107],[105.6389,21.0132],[105.6382,21.0131],[105.6347,21.0163],[105.6323,21.014],[105.6311,21.0146],[105.6279,21.0176],[105.6323,21.0226],[105.6342,21.0251],[105.6307,21.027],[105.6332,21.0354],[105.6345,21.0367],[105.6346,21.0411],[105.6355,21.0412],[105.6347,21.0442]]]},"properties":{"name":"Quốc Oai","level":"ward"}},{"type":"Feature","geometry":{"type":"Polygon","coordinates":[[[105.6281,21.0023],[105.6324,20.9969],[105.6302,20.9954],[105.6319,20.9932],[105.6332,20.9934],[105.6338,20.9911],[105.6352,20.9901],[105.6342,20.989],[105.633,20.9898],[105.6327,20.9919],[105.6301,20.9911],[105.6305,20.9855],[105.6324,20.9826],[105.6305,20.9797],[105.6325,20.9775],[105.6303,20.9767],[105.6309,20.9752],[105.6295,20.973],[105.6308,20.9706],[105.6312,20.9691],[105.6308,20.9676],[105.6332,20.9658],[105.632,20.9617],[105.6367,20.9606],[105.6348,20.9588],[105.6339,20.9557],[105.6329,20.95],[105.6299,20.9481],[105.6306,20.9473],[105.6283,20.9462],[105.6262,20.9432],[105.626,20.9411],[105.6221,20.9401],[105.6235,20.9386],[105.62,20.9365],[105.6179,20.9363],[105.6158,20.9354],[105.6146,20.9361],[105.6147,20.9375],[105.6158,20.9394],[105.6153,20.9406],[105.6118,20.9424],[105.6104,20.9439],[105.6084,20.9429],[105.606,20.9436],[105.6056,20.9456],[105.6045,20.9458],[105.5987,20.9451],[105.5972,20.9456],[105.5954,20.9486],[105.5958,20.9513],[105.5956,20.9536],[105.5921,20.9547],[105.5898,20.957],[105.5889,20.9592],[105.5866,20.9617],[105.5844,20.9625],[105.5841,20.9643],[105.5811,20.9633],[105.5821,20.9651],[105.582,20.9682],[105.5824,20.9702],[105.5785,20.9699],[105.5748,20.9732],[105.5744,20.9747],[105.5749,20.976],[105.5739,20.9768],[105.5764,20.9785],[105.576,20.9813],[105.5749,20.9825],[105.576,20.9851],[105.5774,20.9859],[105.5782,20.9845],[105.5772,20.9827],[105.5779,20.9817],[105.5795,20.9817],[105.5812,20.9836],[105.5812,20.9868],[105.5828,20.9892],[105.5809,20.9894],[105.5791,20.9918],[105.5807,20.9965],[105.5814,21.002],[105.5835,21.0041],[105.585,21.0031],[105.5873,21.0035],[105.5877,21.0043],[105.5926,21.0041],[105.5911,21.007],[105.5923,21.007],[105.5939,21.0094],[105.5938,21.0126],[105.5959,21.0134],[105.5998,21.0062],[105.6021,21.005],[105.6035,21.0052],[105.615,21.0083],[105.6145,21.0013],[105.6211,21.0017],[105.6281,21.0023]]]},"properties":{"name":"Kiều Phú","level":"ward"}},{"type":"Feature","geometry":{"type":"Polygon","coordinates":[[[105.725,20.9554],[105.7259,20.9525],[105.7251,20.951],[105.7202,20.9538],[105.718,20.9539],[105.7171,20.955],[105.7144,20.9562],[105.7116,20.9557],[105.7091,20.9578],[105.7072,20.9563],[105.7009,20.9573],[105.6995,20.956],[105.6975,20.9569],[105.6964,20.9549],[105.6945,20.9552],[105.6934,20.9565],[105.6952,20.9599],[105.6951,20.9609],[105.6964,20.9638],[105.6952,20.9647],[105.6926,20.9615],[105.6904,20.9625],[105.6887,20.9622],[105.6859,20.961],[105.6865,20.9585],[105.683,20.9579],[105.6833,20.9554],[105.6797,20.9545],[105.6791,20.9528],[105.6796,20.9517],[105.6784,20.9507],[105.6766,20.9515],[105.6633,20.9489],[105.6621,20.9492],[105.6529,20.9515],[105.6516,20.9516],[105.6462,20.9511],[105.6417,20.9554],[105.6363,20.9545],[105.6364,20.9553],[105.6339,20.9557],[105.6348,20.9588],[105.6367,20.9606],[105.632,20.9617],[105.6332,20.9658],[105.6308,20.9676],[105.6312,20.9691],[105.6308,20.9706],[105.6382,20.9738],[105.6383,20.9759],[105.6372,20.9793],[105.641,20.98],[105.6409,20.9817],[105.6437,20.9823],[105.643,20.9834],[105.6447,20.985],[105.6475,20.9862],[105.6484,20.9891],[105.6531,20.9905],[105.6554,20.9896],[105.6595,20.9902],[105.6609,20.9882],[105.6592,20.9845],[105.6619,20.9842],[105.6622,20.9819],[105.6652,20.9829],[105.6676,20.982],[105.6741,20.9855],[105.6758,20.9862],[105.6773,20.9841],[105.6809,20.9805],[105.6822,20.978],[105.6847,20.9769],[105.6856,20.9754],[105.6873,20.9748],[105.6861,20.9724],[105.6839,20.9703],[105.6849,20.9695],[105.687,20.9699],[105.6884,20.9718],[105.689,20.9744],[105.6928,20.977],[105.6959,20.9785],[105.6989,20.9781],[105.702,20.9767],[105.7041,20.975],[105.7098,20.9725],[105.7128,20.9694],[105.7141,20.965],[105.7168,20.9615],[105.7222,20.9579],[105.725,20.9554]]]},"properties":{"name":"Hưng Đạo","level":"ward"}},{"type":"Feature","geometry":{"type":"Polygon","coordinates":[[[105.5036,20.9296],[105.5074,20.9317],[105.5095,20.934],[105.5117,20.9348],[105.5157,20.9393],[105.5157,20.9414],[105.5166,20.943],[105.518,20.9435],[105.5163,20.9486],[105.5202,20.951],[105.521,20.95],[105.5256,20.953],[105.5286,20.9518],[105.5294,20.9535],[105.5282,20.9547],[105.5293,20.9571],[105.5277,20.9579],[105.5271,20.9597],[105.5283,20.9614],[105.5302,20.9656],[105.529,20.9675],[105.5292,20.9688],[105.5271,20.971],[105.5259,20.9735],[105.5271,20.9735],[105.5277,20.9754],[105.529,20.9765],[105.5295,20.9782],[105.5305,20.9798],[105.5333,20.9786],[105.5339,20.9777],[105.5357,20.9784],[105.5358,20.9798],[105.538,20.9789],[105.5394,20.9799],[105.5414,20.979],[105.5444,20.9808],[105.5462,20.9825],[105.5487,20.9834],[105.5489,20.986],[105.5496,20.987],[105.5515,20.9857],[105.555,20.9894],[105.555,20.9841],[105.5569,20.9817],[105.5581,20.9815],[105.5598,20.9826],[105.5606,20.9818],[105.5644,20.9809],[105.565,20.9795],[105.5667,20.9794],[105.5661,20.9771],[105.569,20.9772],[105.5707,20.9761],[105.5723,20.9744],[105.5744,20.9747],[105.5748,20.9732],[105.5785,20.9699],[105.5824,20.9702],[105.582,20.9682],[105.5821,20.9651],[105.5811,20.9633],[105.5841,20.9643],[105.5844,20.9625],[105.5866,20.9617],[105.5889,20.9592],[105.5898,20.957],[105.5921,20.9547],[105.5956,20.9536],[105.5958,20.9513],[105.5954,20.9486],[105.5972,20.9456],[105.5987,20.9451],[105.6045,20.9458],[105.6056,20.9456],[105.606,20.9436],[105.6084,20.9429],[105.6104,20.9439],[105.6118,20.9424],[105.6153,20.9406],[105.6158,20.9394],[105.6147,20.9375],[105.6146,20.9361],[105.6158,20.9354],[105.6179,20.9363],[105.6185,20.9343],[105.6204,20.9326],[105.619,20.9303],[105.6168,20.9304],[105.6154,20.9329],[105.614,20.9328],[105.6127,20.9316],[105.6151,20.929],[105.6157,20.9275],[105.6147,20.9256],[105.6117,20.9241],[105.6085,20.9232],[105.6061,20.924],[105.6045,20.9224],[105.6022,20.9224],[105.6013,20.921],[105.6025,20.9191],[105.6019,20.9181],[105.5987,20.9182],[105.5976,20.9175],[105.5978,20.9147],[105.5979,20.9133],[105.5962,20.9128],[105.5946,20.9137],[105.5923,20.9126],[105.5881,20.9123],[105.5872,20.9112],[105.585,20.9101],[105.5831,20.9107],[105.5823,20.9122],[105.5802,20.9124],[105.5802,20.9143],[105.5791,20.9151],[105.5789,20.9163],[105.5801,20.9178],[105.5785,20.9202],[105.5811,20.9204],[105.582,20.9199],[105.584,20.9214],[105.5845,20.9228],[105.5812,20.9236],[105.5811,20.9254],[105.58,20.9288],[105.5747,20.9297],[105.5734,20.9284],[105.5702,20.9297],[105.571,20.9279],[105.5686,20.9273],[105.5663,20.9276],[105.565,20.9266],[105.5612,20.9258],[105.5606,20.925],[105.5567,20.9268],[105.5536,20.9266],[105.5524,20.9274],[105.5513,20.926],[105.5459,20.9232],[105.5415,20.925],[105.5384,20.9278],[105.5375,20.926],[105.5328,20.9226],[105.5253,20.9189],[105.5225,20.9218],[105.5192,20.9225],[105.5166,20.9221],[105.5129,20.9222],[105.5108,20.9232],[105.506,20.9262],[105.5036,20.9296]]]},"properties":{"name":"Phú Cát","level":"ward"}},{"type":"Feature","geometry":{"type":"Polygon","coordinates":[[[105.5344,21.0572],[105.5336,21.0586],[105.534,21.0598],[105.5332,21.0612],[105.5318,21.0611],[105.5309,21.063],[105.5292,21.0639],[105.5312,21.0693],[105.5334,21.0705],[105.535,21.0701],[105.5361,21.0708],[105.5352,21.0724],[105.5351,21.0748],[105.533,21.075],[105.5318,21.0783],[105.5319,21.0807],[105.5306,21.0807],[105.5296,21.0821],[105.5256,21.0833],[105.5236,21.0843],[105.5239,21.086],[105.5233,21.0882],[105.5249,21.0893],[105.527,21.0896],[105.5286,21.0913],[105.5303,21.0908],[105.5376,21.0911],[105.5395,21.0923],[105.5425,21.0952],[105.5457,21.0945],[105.5494,21.094],[105.5493,21.096],[105.551,21.0972],[105.5526,21.0968],[105.5552,21.0971],[105.5574,21.1021],[105.5633,21.1001],[105.5712,21.1005],[105.5755,21.0997],[105.5759,21.0965],[105.5756,21.0946],[105.5767,21.0927],[105.5755,21.0884],[105.5767,21.0862],[105.5749,21.0822],[105.5768,21.0803],[105.5809,21.0779],[105.5842,21.0753],[105.5875,21.0761],[105.5878,21.0739],[105.5926,21.0744],[105.5946,21.0729],[105.5939,21.0711],[105.5944,21.0671],[105.5929,21.0638],[105.5913,21.0625],[105.5929,21.0601],[105.5899,21.0589],[105.5887,21.0561],[105.589,21.054],[105.5902,21.0524],[105.5909,21.0477],[105.5917,21.0471],[105.5906,21.0436],[105.5876,21.0419],[105.5892,21.0392],[105.5868,21.0374],[105.5832,21.0361],[105.5792,21.0362],[105.5782,21.0346],[105.5788,21.0337],[105.5774,21.031],[105.5758,21.032],[105.5739,21.0318],[105.5735,21.0336],[105.5709,21.0339],[105.5699,21.0333],[105.5678,21.0335],[105.566,21.0329],[105.5637,21.0337],[105.5646,21.0382],[105.5648,21.0403],[105.5637,21.0418],[105.5623,21.0416],[105.5636,21.0443],[105.5633,21.0489],[105.5617,21.0503],[105.5634,21.0516],[105.5641,21.0537],[105.5634,21.0556],[105.5642,21.0582],[105.5624,21.0586],[105.5596,21.0569],[105.5544,21.0565],[105.5491,21.0553],[105.5464,21.0549],[105.5432,21.0518],[105.5408,21.0505],[105.5368,21.054],[105.5363,21.0556],[105.5344,21.0572]]]},"properties":{"name":"Thạch Thất","level":"ward"}},{"type":"Feature","geometry":{"type":"Polygon","coordinates":[[[105.5155,21.0329],[105.5172,21.0331],[105.5173,21.0358],[105.5203,21.0357],[105.5222,21.0372],[105.5241,21.0398],[105.526,21.0411],[105.5268,21.0434],[105.5284,21.0432],[105.5295,21.0446],[105.5282,21.0455],[105.5298,21.048],[105.53,21.0492],[105.5317,21.05],[105.5331,21.0498],[105.535,21.0513],[105.5327,21.052],[105.5343,21.0538],[105.5339,21.0556],[105.5344,21.0572],[105.5363,21.0556],[105.5368,21.054],[105.5408,21.0505],[105.5432,21.0518],[105.5464,21.0549],[105.5491,21.0553],[105.5544,21.0565],[105.5596,21.0569],[105.5624,21.0586],[105.5642,21.0582],[105.5634,21.0556],[105.5641,21.0537],[105.5634,21.0516],[105.5617,21.0503],[105.5633,21.0489],[105.5636,21.0443],[105.5623,21.0416],[105.5637,21.0418],[105.5648,21.0403],[105.5646,21.0382],[105.5637,21.0337],[105.566,21.0329],[105.5678,21.0335],[105.5699,21.0333],[105.5709,21.0339],[105.5735,21.0336],[105.5739,21.0318],[105.5758,21.032],[105.5774,21.031],[105.5788,21.0337],[105.5782,21.0346],[105.5792,21.0362],[105.5832,21.0361],[105.5868,21.0374],[105.5853,21.0353],[105.5876,21.0324],[105.5862,21.032],[105.5852,21.0298],[105.5833,21.0278],[105.5832,21.0258],[105.5854,21.0243],[105.5858,21.0233],[105.588,21.0242],[105.5914,21.0217],[105.5924,21.0224],[105.5948,21.0195],[105.5939,21.0175],[105.5959,21.0134],[105.5938,21.0126],[105.5939,21.0094],[105.5923,21.007],[105.5911,21.007],[105.5926,21.0041],[105.5877,21.0043],[105.5873,21.0035],[105.585,21.0031],[105.5835,21.0041],[105.5814,21.002],[105.5807,20.9965],[105.5791,20.9918],[105.5809,20.9894],[105.5828,20.9892],[105.5812,20.9868],[105.5812,20.9836],[105.5795,20.9817],[105.5779,20.9817],[105.5772,20.9827],[105.5782,20.9845],[105.5774,20.9859],[105.576,20.9851],[105.5749,20.9825],[105.576,20.9813],[105.5764,20.9785],[105.5739,20.9768],[105.5749,20.976],[105.5744,20.9747],[105.5723,20.9744],[105.5707,20.9761],[105.569,20.9772],[105.5661,20.9771],[105.5667,20.9794],[105.565,20.9795],[105.5644,20.9809],[105.5606,20.9818],[105.5598,20.9826],[105.5581,20.9815],[105.5569,20.9817],[105.555,20.9841],[105.555,20.9894],[105.5561,20.9915],[105.5564,20.9942],[105.5532,21.0084],[105.5526,21.0118],[105.5502,21.0145],[105.5476,21.0143],[105.5472,21.015],[105.548,21.0178],[105.5494,21.0196],[105.5493,21.024],[105.5479,21.0266],[105.5455,21.0295],[105.5455,21.0347],[105.5438,21.0336],[105.5398,21.0343],[105.5385,21.034],[105.5353,21.0305],[105.5311,21.0288],[105.529,21.0287],[105.5265,21.0279],[105.5236,21.0263],[105.5192,21.027],[105.5155,21.0329]]]},"properties":{"name":"Hạ Bằng","level":"ward"}},{"type":"Feature","geometry":{"type":"Polygon","coordinates":[[[105.5295,20.9782],[105.5268,20.9818],[105.5262,20.9857],[105.5249,20.9904],[105.517,20.9903],[105.509,20.9896],[105.5048,20.9895],[105.4986,20.9905],[105.495,20.9917],[105.4906,20.9938],[105.4885,20.9952],[105.473,21.0066],[105.4663,21.0118],[105.4633,21.0129],[105.4613,21.0131],[105.4646,21.0175],[105.4689,21.022],[105.4862,21.0398],[105.4896,21.0426],[105.4968,21.0465],[105.4997,21.0477],[105.5049,21.0489],[105.5118,21.0397],[105.5132,21.0366],[105.5155,21.0329],[105.5192,21.027],[105.5236,21.0263],[105.5265,21.0279],[105.529,21.0287],[105.5311,21.0288],[105.5353,21.0305],[105.5385,21.034],[105.5398,21.0343],[105.5438,21.0336],[105.5455,21.0347],[105.5455,21.0295],[105.5479,21.0266],[105.5493,21.024],[105.5494,21.0196],[105.548,21.0178],[105.5472,21.015],[105.5476,21.0143],[105.5502,21.0145],[105.5526,21.0118],[105.5532,21.0084],[105.5564,20.9942],[105.5561,20.9915],[105.555,20.9894],[105.5515,20.9857],[105.5496,20.987],[105.5489,20.986],[105.5487,20.9834],[105.5462,20.9825],[105.5444,20.9808],[105.5414,20.979],[105.5394,20.9799],[105.538,20.9789],[105.5358,20.9798],[105.5357,20.9784],[105.5339,20.9777],[105.5333,20.9786],[105.5305,20.9798],[105.5295,20.9782]]]},"properties":{"name":"Hoà Lạc","level":"ward"}},{"type":"Feature","geometry":{"type":"Polygon","coordinates":[[[105.5875,21.0761],[105.5916,21.0769],[105.5935,21.0779],[105.5946,21.0768],[105.5948,21.0747],[105.5984,21.0736],[105.6016,21.0731],[105.6032,21.0721],[105.6072,21.0705],[105.6093,21.0725],[105.6123,21.0702],[105.6151,21.0686],[105.6165,21.0694],[105.6173,21.0679],[105.6193,21.0675],[105.6244,21.0648],[105.6264,21.0632],[105.629,21.0602],[105.6288,21.0597],[105.6321,21.0524],[105.6306,21.0512],[105.6347,21.0442],[105.6355,21.0412],[105.6346,21.0411],[105.6345,21.0367],[105.6332,21.0354],[105.6307,21.027],[105.6342,21.0251],[105.6323,21.0226],[105.6279,21.0176],[105.6311,21.0146],[105.6323,21.014],[105.6347,21.0163],[105.6382,21.0131],[105.6389,21.0132],[105.64,21.0107],[105.6397,21.0035],[105.6281,21.0023],[105.6211,21.0017],[105.6145,21.0013],[105.615,21.0083],[105.6035,21.0052],[105.6021,21.005],[105.5998,21.0062],[105.5959,21.0134],[105.5939,21.0175],[105.5948,21.0195],[105.5924,21.0224],[105.5914,21.0217],[105.588,21.0242],[105.5858,21.0233],[105.5854,21.0243],[105.5832,21.0258],[105.5833,21.0278],[105.5852,21.0298],[105.5862,21.032],[105.5876,21.0324],[105.5853,21.0353],[105.5868,21.0374],[105.5892,21.0392],[105.5876,21.0419],[105.5906,21.0436],[105.5917,21.0471],[105.5909,21.0477],[105.5902,21.0524],[105.589,21.054],[105.5887,21.0561],[105.5899,21.0589],[105.5929,21.0601],[105.5913,21.0625],[105.5929,21.0638],[105.5944,21.0671],[105.5939,21.0711],[105.5946,21.0729],[105.5926,21.0744],[105.5878,21.0739],[105.5875,21.0761]]]},"properties":{"name":"Tây Phương","level":"ward"}},{"type":"Feature","geometry":{"type":"Polygon","coordinates":[[[105.7251,20.951],[105.7226,20.9488],[105.7177,20.9467],[105.714,20.9447],[105.7122,20.9426],[105.7113,20.9398],[105.7128,20.9369],[105.7161,20.9347],[105.7192,20.9344],[105.7218,20.9355],[105.7233,20.9378],[105.7237,20.9404],[105.7253,20.9405],[105.7267,20.9383],[105.728,20.9346],[105.7293,20.9319],[105.7304,20.9264],[105.7299,20.9214],[105.7302,20.918],[105.7316,20.9158],[105.7344,20.9138],[105.7364,20.913],[105.7361,20.9117],[105.7322,20.909],[105.7295,20.9056],[105.728,20.9022],[105.7264,20.8997],[105.7232,20.8961],[105.7179,20.8986],[105.7007,20.8986],[105.7008,20.8959],[105.7041,20.8856],[105.7013,20.8855],[105.7004,20.8875],[105.6978,20.8873],[105.6966,20.8889],[105.6968,20.8903],[105.6927,20.8904],[105.6875,20.8898],[105.6867,20.8909],[105.6832,20.888],[105.6806,20.8924],[105.6769,20.891],[105.6768,20.8929],[105.6752,20.8952],[105.6751,20.8996],[105.6771,20.9006],[105.6755,20.9063],[105.6726,20.9136],[105.6766,20.9174],[105.677,20.9184],[105.6774,20.9235],[105.6752,20.9236],[105.675,20.9289],[105.6724,20.9292],[105.6723,20.9309],[105.6741,20.9308],[105.6741,20.9329],[105.671,20.9331],[105.6709,20.935],[105.665,20.9348],[105.6648,20.9401],[105.6626,20.94],[105.6621,20.9492],[105.6633,20.9489],[105.6766,20.9515],[105.6784,20.9507],[105.6796,20.9517],[105.6791,20.9528],[105.6797,20.9545],[105.6833,20.9554],[105.683,20.9579],[105.6865,20.9585],[105.6859,20.961],[105.6887,20.9622],[105.6904,20.9625],[105.6926,20.9615],[105.6952,20.9647],[105.6964,20.9638],[105.6951,20.9609],[105.6952,20.9599],[105.6934,20.9565],[105.6945,20.9552],[105.6964,20.9549],[105.6975,20.9569],[105.6995,20.956],[105.7009,20.9573],[105.7072,20.9563],[105.7091,20.9578],[105.7116,20.9557],[105.7144,20.9562],[105.7171,20.955],[105.718,20.9539],[105.7202,20.9538],[105.7251,20.951]]]},"properties":{"name":"Chương Mỹ","level":"ward"}},{"type":"Feature","geometry":{"type":"Polygon","coordinates":[[[105.6179,20.9363],[105.62,20.9365],[105.6235,20.9386],[105.6221,20.9401],[105.626,20.9411],[105.6262,20.9432],[105.6283,20.9462],[105.6306,20.9473],[105.6299,20.9481],[105.6329,20.95],[105.6339,20.9557],[105.6364,20.9553],[105.6363,20.9545],[105.6417,20.9554],[105.6462,20.9511],[105.6516,20.9516],[105.6529,20.9515],[105.6621,20.9492],[105.6626,20.94],[105.6648,20.9401],[105.665,20.9348],[105.6709,20.935],[105.671,20.9331],[105.6741,20.9329],[105.6741,20.9308],[105.6723,20.9309],[105.6724,20.9292],[105.675,20.9289],[105.6752,20.9236],[105.6774,20.9235],[105.677,20.9184],[105.6766,20.9174],[105.6726,20.9136],[105.6755,20.9063],[105.6771,20.9006],[105.6751,20.8996],[105.6734,20.8999],[105.6738,20.8976],[105.6711,20.8978],[105.6687,20.8958],[105.6652,20.8939],[105.6584,20.8916],[105.6548,20.8917],[105.6537,20.8902],[105.6516,20.8905],[105.65,20.887],[105.6464,20.8859],[105.6458,20.8842],[105.6475,20.883],[105.6469,20.8818],[105.6486,20.8807],[105.643,20.8817],[105.6422,20.8821],[105.6417,20.8839],[105.6423,20.8885],[105.641,20.8896],[105.6369,20.8915],[105.6349,20.8917],[105.632,20.8931],[105.63,20.8911],[105.6303,20.8902],[105.6279,20.8895],[105.627,20.8914],[105.6251,20.8916],[105.623,20.8926],[105.6203,20.8954],[105.6188,20.8951],[105.6169,20.8903],[105.6159,20.8896],[105.6123,20.8891],[105.611,20.8875],[105.6092,20.8881],[105.61,20.8927],[105.6111,20.8952],[105.6131,20.8954],[105.6131,20.8972],[105.6108,20.9004],[105.6118,20.9033],[105.6141,20.9057],[105.6137,20.907],[105.611,20.9087],[105.6087,20.909],[105.6066,20.9083],[105.6065,20.9096],[105.6047,20.9113],[105.6042,20.9128],[105.6017,20.9144],[105.5978,20.9147],[105.5976,20.9175],[105.5987,20.9182],[105.6019,20.9181],[105.6025,20.9191],[105.6013,20.921],[105.6022,20.9224],[105.6045,20.9224],[105.6061,20.924],[105.6085,20.9232],[105.6117,20.9241],[105.6147,20.9256],[105.6157,20.9275],[105.6151,20.929],[105.6127,20.9316],[105.614,20.9328],[105.6154,20.9329],[105.6168,20.9304],[105.619,20.9303],[105.6204,20.9326],[105.6185,20.9343],[105.6179,20.9363]]]},"properties":{"name":"Phú Nghĩa","level":"ward"}},{"type":"Feature","geometry":{"type":"Polygon","coordinates":[[[105.5791,20.9151],[105.5802,20.9143],[105.5802,20.9124],[105.5823,20.9122],[105.5831,20.9107],[105.585,20.9101],[105.5872,20.9112],[105.5881,20.9123],[105.5923,20.9126],[105.5946,20.9137],[105.5962,20.9128],[105.5979,20.9133],[105.5978,20.9147],[105.6017,20.9144],[105.6042,20.9128],[105.6047,20.9113],[105.6065,20.9096],[105.6066,20.9083],[105.6087,20.909],[105.611,20.9087],[105.6137,20.907],[105.6141,20.9057],[105.6118,20.9033],[105.6108,20.9004],[105.6131,20.8972],[105.6131,20.8954],[105.6111,20.8952],[105.61,20.8927],[105.6092,20.8881],[105.611,20.8875],[105.6123,20.8891],[105.6159,20.8896],[105.6169,20.8903],[105.6188,20.8951],[105.6203,20.8954],[105.623,20.8926],[105.6251,20.8916],[105.627,20.8914],[105.6279,20.8895],[105.6303,20.8902],[105.63,20.8911],[105.632,20.8931],[105.6349,20.8917],[105.6369,20.8915],[105.641,20.8896],[105.6423,20.8885],[105.6417,20.8839],[105.6422,20.8821],[105.639,20.8802],[105.6367,20.8808],[105.6346,20.8751],[105.6312,20.8741],[105.6317,20.8712],[105.6308,20.8678],[105.6288,20.8675],[105.6272,20.8652],[105.6258,20.8655],[105.6252,20.8621],[105.624,20.8618],[105.6237,20.8566],[105.6219,20.8547],[105.6224,20.8519],[105.6179,20.85],[105.6176,20.8491],[105.6132,20.8484],[105.6104,20.8494],[105.6081,20.8509],[105.6012,20.8521],[105.5991,20.8499],[105.6029,20.8459],[105.6075,20.8484],[105.6083,20.8476],[105.6083,20.8449],[105.6101,20.842],[105.6089,20.8408],[105.6088,20.8379],[105.6063,20.8381],[105.6042,20.8388],[105.6029,20.8379],[105.5999,20.8412],[105.598,20.8418],[105.5965,20.8403],[105.5978,20.8386],[105.5965,20.8373],[105.5972,20.8361],[105.5965,20.8348],[105.5978,20.8335],[105.5967,20.8317],[105.5947,20.8305],[105.5919,20.8309],[105.5904,20.8306],[105.5884,20.8315],[105.5873,20.8294],[105.5866,20.8262],[105.5879,20.8227],[105.5875,20.8199],[105.5846,20.8188],[105.5837,20.8172],[105.5832,20.8121],[105.5817,20.8117],[105.5782,20.8092],[105.575,20.8079],[105.5717,20.8086],[105.5662,20.8084],[105.5643,20.8095],[105.5634,20.8088],[105.5592,20.8083],[105.5574,20.8075],[105.5558,20.8061],[105.552,20.8072],[105.5509,20.8092],[105.5583,20.8123],[105.5585,20.815],[105.5601,20.8174],[105.5602,20.8187],[105.562,20.8226],[105.5646,20.8225],[105.5662,20.8217],[105.5675,20.822],[105.5708,20.8217],[105.5754,20.8226],[105.5762,20.8238],[105.5793,20.8265],[105.579,20.828],[105.5804,20.8308],[105.5801,20.8332],[105.5818,20.8372],[105.5833,20.8376],[105.5835,20.8388],[105.5863,20.8406],[105.5856,20.8427],[105.5872,20.8428],[105.587,20.8444],[105.5854,20.8448],[105.586,20.8468],[105.5871,20.8481],[105.5869,20.8508],[105.5861,20.8512],[105.5863,20.8535],[105.5853,20.8542],[105.5854,20.8574],[105.5829,20.8589],[105.5811,20.8609],[105.5794,20.8615],[105.5755,20.864],[105.575,20.8662],[105.5731,20.8691],[105.5712,20.8691],[105.5698,20.8702],[105.5679,20.8726],[105.5637,20.8729],[105.563,20.8763],[105.5613,20.8755],[105.5606,20.8773],[105.5595,20.8775],[105.5594,20.8808],[105.5565,20.8796],[105.5538,20.8799],[105.5537,20.8826],[105.5562,20.8837],[105.555,20.8861],[105.5567,20.8885],[105.5569,20.8896],[105.5592,20.8905],[105.5601,20.8929],[105.5599,20.8941],[105.5615,20.8983],[105.5623,20.8993],[105.5597,20.9019],[105.5555,20.9048],[105.5564,20.9063],[105.5585,20.9067],[105.5575,20.908],[105.5598,20.9098],[105.5628,20.9089],[105.569,20.9115],[105.5723,20.9135],[105.5753,20.9135],[105.577,20.9154],[105.5791,20.9151]]]},"properties":{"name":"Xuân Mai","level":"ward"}},{"type":"Feature","geometry":{"type":"Polygon","coordinates":[[[105.6751,20.8996],[105.6752,20.8952],[105.6768,20.8929],[105.6769,20.891],[105.6806,20.8924],[105.6832,20.888],[105.6867,20.8909],[105.6875,20.8898],[105.6927,20.8904],[105.6968,20.8903],[105.6966,20.8889],[105.6978,20.8873],[105.7004,20.8875],[105.7013,20.8855],[105.7041,20.8856],[105.7008,20.8959],[105.7007,20.8986],[105.7179,20.8986],[105.7232,20.8961],[105.7224,20.8948],[105.7231,20.8935],[105.725,20.8931],[105.7294,20.8938],[105.7329,20.8934],[105.7362,20.892],[105.7385,20.8886],[105.7391,20.8861],[105.7393,20.8835],[105.7388,20.879],[105.738,20.8763],[105.737,20.8744],[105.7355,20.8733],[105.7328,20.8736],[105.7308,20.8757],[105.7295,20.876],[105.7284,20.8748],[105.7286,20.872],[105.7315,20.8671],[105.7364,20.8628],[105.7413,20.8595],[105.744,20.8581],[105.7493,20.8561],[105.7506,20.8561],[105.7541,20.8539],[105.7563,20.8508],[105.7561,20.8486],[105.7519,20.8469],[105.746,20.8463],[105.7416,20.8467],[105.7362,20.8452],[105.7355,20.8447],[105.7332,20.845],[105.7287,20.8517],[105.7272,20.8508],[105.7257,20.8544],[105.724,20.8549],[105.7201,20.857],[105.7196,20.858],[105.7171,20.8594],[105.715,20.8584],[105.7127,20.8585],[105.7115,20.8561],[105.7095,20.8567],[105.7097,20.8538],[105.7114,20.8537],[105.7114,20.8515],[105.709,20.8514],[105.7065,20.8478],[105.7011,20.8479],[105.6982,20.8485],[105.6964,20.8462],[105.6941,20.8465],[105.6925,20.8461],[105.6889,20.8437],[105.6858,20.844],[105.6849,20.8447],[105.6846,20.8465],[105.6855,20.8505],[105.6846,20.8539],[105.6818,20.8566],[105.6796,20.8603],[105.6788,20.8639],[105.6764,20.8651],[105.6773,20.8661],[105.6739,20.8703],[105.671,20.8696],[105.6693,20.8723],[105.6653,20.8708],[105.6639,20.873],[105.6667,20.8741],[105.6657,20.8763],[105.664,20.8762],[105.6606,20.8785],[105.6607,20.8793],[105.6542,20.8792],[105.6526,20.8783],[105.6502,20.8754],[105.6489,20.8757],[105.6488,20.8772],[105.6497,20.8799],[105.6486,20.8807],[105.6469,20.8818],[105.6475,20.883],[105.6458,20.8842],[105.6464,20.8859],[105.65,20.887],[105.6516,20.8905],[105.6537,20.8902],[105.6548,20.8917],[105.6584,20.8916],[105.6652,20.8939],[105.6687,20.8958],[105.6711,20.8978],[105.6738,20.8976],[105.6734,20.8999],[105.6751,20.8996]]]},"properties":{"name":"Quảng Bị","level":"ward"}},{"type":"Feature","geometry":{"type":"Polygon","coordinates":[[[105.6422,20.8821],[105.643,20.8817],[105.6486,20.8807],[105.6497,20.8799],[105.6488,20.8772],[105.6489,20.8757],[105.6502,20.8754],[105.6526,20.8783],[105.6542,20.8792],[105.6607,20.8793],[105.6606,20.8785],[105.664,20.8762],[105.6657,20.8763],[105.6667,20.8741],[105.6639,20.873],[105.6653,20.8708],[105.6693,20.8723],[105.671,20.8696],[105.6739,20.8703],[105.6773,20.8661],[105.6764,20.8651],[105.6788,20.8639],[105.6796,20.8603],[105.6818,20.8566],[105.6846,20.8539],[105.6855,20.8505],[105.6846,20.8465],[105.6849,20.8447],[105.6858,20.844],[105.6856,20.8414],[105.6868,20.8409],[105.687,20.8372],[105.6896,20.8376],[105.6909,20.831],[105.6887,20.8308],[105.6856,20.8295],[105.6857,20.8278],[105.6835,20.8258],[105.6823,20.8273],[105.679,20.826],[105.6776,20.8272],[105.6744,20.8259],[105.6714,20.8239],[105.6702,20.8225],[105.6682,20.8224],[105.6672,20.8213],[105.6581,20.8166],[105.6579,20.8148],[105.6595,20.8142],[105.6628,20.8085],[105.6583,20.8082],[105.6562,20.809],[105.6494,20.8095],[105.6501,20.8043],[105.6505,20.7944],[105.6476,20.7936],[105.6484,20.7921],[105.6463,20.7923],[105.6464,20.795],[105.645,20.7963],[105.6436,20.7927],[105.6409,20.7927],[105.6371,20.7938],[105.6354,20.7952],[105.6337,20.7929],[105.6306,20.7939],[105.6332,20.7962],[105.6332,20.7978],[105.6347,20.8006],[105.6343,20.8024],[105.6326,20.8029],[105.6331,20.8053],[105.6323,20.8078],[105.6317,20.8115],[105.6322,20.8135],[105.6307,20.8158],[105.6315,20.819],[105.6331,20.8216],[105.6356,20.8215],[105.6385,20.8227],[105.641,20.8254],[105.6421,20.8274],[105.6409,20.8306],[105.6424,20.8311],[105.6417,20.833],[105.6363,20.832],[105.6354,20.8329],[105.6362,20.8353],[105.6353,20.8358],[105.6367,20.8394],[105.6338,20.8385],[105.6338,20.837],[105.6322,20.8354],[105.6282,20.8342],[105.6242,20.8319],[105.6217,20.8319],[105.6195,20.8306],[105.6158,20.8319],[105.6155,20.8333],[105.6137,20.8357],[105.6117,20.8358],[105.61,20.838],[105.6088,20.8379],[105.6089,20.8408],[105.6101,20.842],[105.6083,20.8449],[105.6083,20.8476],[105.6075,20.8484],[105.6029,20.8459],[105.5991,20.8499],[105.6012,20.8521],[105.6081,20.8509],[105.6104,20.8494],[105.6132,20.8484],[105.6176,20.8491],[105.6179,20.85],[105.6224,20.8519],[105.6219,20.8547],[105.6237,20.8566],[105.624,20.8618],[105.6252,20.8621],[105.6258,20.8655],[105.6272,20.8652],[105.6288,20.8675],[105.6308,20.8678],[105.6317,20.8712],[105.6312,20.8741],[105.6346,20.8751],[105.6367,20.8808],[105.639,20.8802],[105.6422,20.8821]]]},"properties":{"name":"Trần Phú","level":"ward"}},{"type":"Feature","geometry":{"type":"Polygon","coordinates":[[[105.6858,20.844],[105.6889,20.8437],[105.6925,20.8461],[105.6941,20.8465],[105.6964,20.8462],[105.6982,20.8485],[105.7011,20.8479],[105.7065,20.8478],[105.709,20.8514],[105.7114,20.8515],[105.7114,20.8537],[105.7097,20.8538],[105.7095,20.8567],[105.7115,20.8561],[105.7127,20.8585],[105.715,20.8584],[105.7171,20.8594],[105.7196,20.858],[105.7201,20.857],[105.724,20.8549],[105.7257,20.8544],[105.7272,20.8508],[105.7287,20.8517],[105.7332,20.845],[105.7355,20.8447],[105.734,20.843],[105.7336,20.8416],[105.7345,20.8395],[105.7391,20.8368],[105.7409,20.8364],[105.745,20.8368],[105.7473,20.8376],[105.7505,20.837],[105.7566,20.8368],[105.7587,20.8364],[105.7586,20.8352],[105.7612,20.8348],[105.7587,20.8313],[105.7556,20.8287],[105.7531,20.8241],[105.7526,20.8208],[105.7537,20.8169],[105.7549,20.8153],[105.7548,20.8132],[105.7512,20.8115],[105.7482,20.8093],[105.7462,20.8067],[105.7434,20.8051],[105.7418,20.8054],[105.7359,20.8089],[105.7326,20.8092],[105.7278,20.8077],[105.7259,20.8074],[105.7148,20.8083],[105.7091,20.8096],[105.7097,20.8117],[105.7095,20.8149],[105.7072,20.8188],[105.7068,20.8218],[105.7069,20.8249],[105.7097,20.8261],[105.7106,20.8277],[105.7096,20.8301],[105.7062,20.8289],[105.6969,20.8284],[105.6972,20.8265],[105.6959,20.8263],[105.6983,20.8204],[105.6985,20.8181],[105.6954,20.8158],[105.6938,20.8126],[105.6899,20.8123],[105.6886,20.813],[105.6862,20.8128],[105.686,20.8138],[105.6817,20.8145],[105.6744,20.8149],[105.6714,20.8139],[105.6707,20.8157],[105.6695,20.8157],[105.6674,20.8128],[105.6652,20.8142],[105.6607,20.8138],[105.6595,20.8142],[105.6579,20.8148],[105.6581,20.8166],[105.6672,20.8213],[105.6682,20.8224],[105.6702,20.8225],[105.6714,20.8239],[105.6744,20.8259],[105.6776,20.8272],[105.679,20.826],[105.6823,20.8273],[105.6835,20.8258],[105.6857,20.8278],[105.6856,20.8295],[105.6887,20.8308],[105.6909,20.831],[105.6896,20.8376],[105.687,20.8372],[105.6868,20.8409],[105.6856,20.8414],[105.6858,20.844]]]},"properties":{"name":"Hoà Phú","level":"ward"}},{"type":"Feature","geometry":{"type":"Polygon","coordinates":[[[105.7355,20.8447],[105.7362,20.8452],[105.7416,20.8467],[105.746,20.8463],[105.7519,20.8469],[105.7561,20.8486],[105.7563,20.8508],[105.7541,20.8539],[105.7506,20.8561],[105.7493,20.8561],[105.744,20.8581],[105.7413,20.8595],[105.7364,20.8628],[105.7315,20.8671],[105.7286,20.872],[105.7284,20.8748],[105.7295,20.876],[105.7308,20.8757],[105.7328,20.8736],[105.7355,20.8733],[105.737,20.8744],[105.738,20.8763],[105.7393,20.8741],[105.7435,20.8749],[105.7455,20.8741],[105.7462,20.8753],[105.748,20.8753],[105.7489,20.8737],[105.7519,20.8774],[105.7518,20.8742],[105.7599,20.8748],[105.7675,20.8699],[105.7689,20.8699],[105.7708,20.8653],[105.7719,20.866],[105.7781,20.8599],[105.7808,20.8618],[105.7823,20.8609],[105.7849,20.8582],[105.7905,20.8554],[105.7929,20.8524],[105.7947,20.8522],[105.7955,20.8481],[105.7971,20.8474],[105.7995,20.8478],[105.799,20.8461],[105.7999,20.8446],[105.8015,20.8435],[105.8002,20.8402],[105.7969,20.8396],[105.796,20.8363],[105.7985,20.8317],[105.7962,20.8305],[105.797,20.8292],[105.7986,20.8285],[105.7957,20.8272],[105.7961,20.8265],[105.7922,20.8245],[105.792,20.8239],[105.7874,20.8244],[105.7874,20.826],[105.7861,20.8272],[105.785,20.8297],[105.7834,20.8287],[105.7852,20.8254],[105.7801,20.8234],[105.7784,20.8236],[105.7766,20.8229],[105.7737,20.8201],[105.7757,20.8137],[105.7753,20.8123],[105.7715,20.8117],[105.7688,20.8116],[105.7691,20.8132],[105.7664,20.8171],[105.7621,20.822],[105.7596,20.8228],[105.759,20.8213],[105.7526,20.8208],[105.7531,20.8241],[105.7556,20.8287],[105.7587,20.8313],[105.7612,20.8348],[105.7586,20.8352],[105.7587,20.8364],[105.7566,20.8368],[105.7505,20.837],[105.7473,20.8376],[105.745,20.8368],[105.7409,20.8364],[105.7391,20.8368],[105.7345,20.8395],[105.7336,20.8416],[105.734,20.843],[105.7355,20.8447]]]},"properties":{"name":"Thanh Oai","level":"ward"}},{"type":"Feature","geometry":{"type":"Polygon","coordinates":[[[105.7905,20.9391],[105.7924,20.9384],[105.7965,20.9393],[105.7983,20.9384],[105.7984,20.9369],[105.8015,20.9342],[105.7989,20.9339],[105.7981,20.9315],[105.7962,20.9304],[105.7948,20.9287],[105.7917,20.9272],[105.7908,20.9245],[105.7917,20.9214],[105.7897,20.9201],[105.7903,20.9172],[105.7879,20.9142],[105.7869,20.9075],[105.7855,20.9024],[105.7874,20.902],[105.7861,20.9005],[105.7865,20.8978],[105.7854,20.8978],[105.7852,20.8927],[105.7828,20.8932],[105.7808,20.891],[105.7777,20.8916],[105.7746,20.8903],[105.7731,20.8872],[105.7707,20.8792],[105.7717,20.8774],[105.7691,20.8752],[105.7681,20.8737],[105.7675,20.8699],[105.7599,20.8748],[105.7518,20.8742],[105.7519,20.8774],[105.7489,20.8737],[105.748,20.8753],[105.7462,20.8753],[105.7455,20.8741],[105.7435,20.8749],[105.7393,20.8741],[105.738,20.8763],[105.7388,20.879],[105.7393,20.8835],[105.7391,20.8861],[105.7385,20.8886],[105.7362,20.892],[105.7329,20.8934],[105.7294,20.8938],[105.725,20.8931],[105.7231,20.8935],[105.7224,20.8948],[105.7232,20.8961],[105.7264,20.8997],[105.728,20.9022],[105.7295,20.9056],[105.7322,20.909],[105.7361,20.9117],[105.7364,20.913],[105.7367,20.9142],[105.7393,20.9138],[105.7407,20.9126],[105.7421,20.9137],[105.742,20.9154],[105.7496,20.9166],[105.7495,20.9201],[105.7508,20.9208],[105.7505,20.9232],[105.7515,20.9233],[105.7509,20.9262],[105.7491,20.9263],[105.7502,20.9303],[105.7521,20.9307],[105.754,20.9298],[105.757,20.9304],[105.7565,20.932],[105.7594,20.9318],[105.7621,20.9299],[105.7602,20.9284],[105.7665,20.9241],[105.7678,20.9256],[105.7706,20.9226],[105.774,20.9248],[105.7723,20.9269],[105.7769,20.9304],[105.7779,20.9292],[105.7812,20.9291],[105.7837,20.9285],[105.7836,20.9357],[105.7856,20.9358],[105.7863,20.9389],[105.788,20.9384],[105.7885,20.9397],[105.7905,20.9391]]]},"properties":{"name":"Bình Minh","level":"ward"}},{"type":"Feature","geometry":{"type":"Polygon","coordinates":[[[105.7903,20.9172],[105.791,20.9154],[105.7928,20.9155],[105.7948,20.9146],[105.7952,20.9129],[105.7973,20.912],[105.7994,20.9126],[105.8028,20.9126],[105.8034,20.9109],[105.8054,20.9093],[105.8067,20.9099],[105.8157,20.9027],[105.816,20.8994],[105.8128,20.8982],[105.8129,20.8923],[105.8143,20.8869],[105.8157,20.8861],[105.8149,20.884],[105.8141,20.88],[105.8162,20.8794],[105.8154,20.8781],[105.8168,20.8741],[105.8153,20.8717],[105.8156,20.8703],[105.8192,20.8706],[105.8241,20.8695],[105.823,20.8672],[105.8228,20.8655],[105.8244,20.8615],[105.8207,20.8604],[105.8208,20.8591],[105.8194,20.8585],[105.8197,20.8571],[105.8221,20.8564],[105.8214,20.854],[105.8236,20.8416],[105.8218,20.8412],[105.8144,20.8397],[105.8038,20.8408],[105.8002,20.8402],[105.8015,20.8435],[105.7999,20.8446],[105.799,20.8461],[105.7995,20.8478],[105.7971,20.8474],[105.7955,20.8481],[105.7947,20.8522],[105.7929,20.8524],[105.7905,20.8554],[105.7849,20.8582],[105.7823,20.8609],[105.7808,20.8618],[105.7781,20.8599],[105.7719,20.866],[105.7708,20.8653],[105.7689,20.8699],[105.7675,20.8699],[105.7681,20.8737],[105.7691,20.8752],[105.7717,20.8774],[105.7707,20.8792],[105.7731,20.8872],[105.7746,20.8903],[105.7777,20.8916],[105.7808,20.891],[105.7828,20.8932],[105.7852,20.8927],[105.7854,20.8978],[105.7865,20.8978],[105.7861,20.9005],[105.7874,20.902],[105.7855,20.9024],[105.7869,20.9075],[105.7879,20.9142],[105.7903,20.9172]]]},"properties":{"name":"Tam Hưng","level":"ward"}},{"type":"Feature","geometry":{"type":"Polygon","coordinates":[[[105.7359,20.8089],[105.7418,20.8054],[105.7434,20.8051],[105.7462,20.8067],[105.7482,20.8093],[105.7512,20.8115],[105.7548,20.8132],[105.7549,20.8153],[105.7537,20.8169],[105.7526,20.8208],[105.759,20.8213],[105.7596,20.8228],[105.7621,20.822],[105.7664,20.8171],[105.7691,20.8132],[105.7688,20.8116],[105.7715,20.8117],[105.7753,20.8123],[105.7757,20.8137],[105.7737,20.8201],[105.7766,20.8229],[105.7784,20.8236],[105.7801,20.8234],[105.7852,20.8254],[105.7834,20.8287],[105.785,20.8297],[105.7861,20.8272],[105.7874,20.826],[105.7874,20.8244],[105.792,20.8239],[105.7922,20.8245],[105.7961,20.8265],[105.7957,20.8272],[105.7986,20.8285],[105.797,20.8292],[105.7962,20.8305],[105.7985,20.8317],[105.796,20.8363],[105.7969,20.8396],[105.8002,20.8402],[105.8038,20.8408],[105.8144,20.8397],[105.8218,20.8412],[105.8234,20.8382],[105.8263,20.8357],[105.828,20.8318],[105.8276,20.8303],[105.8302,20.8253],[105.8313,20.8253],[105.8368,20.824],[105.8363,20.8218],[105.8366,20.8176],[105.8384,20.8158],[105.839,20.8142],[105.8384,20.8116],[105.8395,20.8099],[105.8386,20.8051],[105.8367,20.8051],[105.8367,20.8004],[105.8332,20.8006],[105.8326,20.8006],[105.8316,20.8063],[105.8266,20.8057],[105.8243,20.8067],[105.8169,20.8046],[105.8208,20.7952],[105.8185,20.7941],[105.8136,20.8019],[105.8099,20.7987],[105.8087,20.7967],[105.8097,20.7947],[105.8084,20.7923],[105.8108,20.7883],[105.8108,20.7874],[105.8086,20.7841],[105.8075,20.7812],[105.8066,20.7803],[105.796,20.7832],[105.7907,20.7865],[105.7897,20.7862],[105.7883,20.7893],[105.7857,20.7891],[105.7845,20.7918],[105.7824,20.7914],[105.7815,20.7897],[105.7801,20.7889],[105.7783,20.7903],[105.7768,20.7905],[105.7762,20.7879],[105.7685,20.7881],[105.7668,20.783],[105.7645,20.7836],[105.7636,20.7854],[105.7645,20.7866],[105.7636,20.788],[105.7595,20.7903],[105.7572,20.7874],[105.7545,20.7914],[105.7531,20.7904],[105.7513,20.7927],[105.7463,20.7903],[105.7454,20.7889],[105.7414,20.7914],[105.7415,20.792],[105.7383,20.7933],[105.7392,20.797],[105.7384,20.798],[105.7383,20.8007],[105.736,20.8058],[105.7359,20.8089]]]},"properties":{"name":"Dân Hoà","level":"ward"}},{"type":"Feature","geometry":{"type":"Polygon","coordinates":[[[105.8157,20.9027],[105.8162,20.9029],[105.824,20.9036],[105.8255,20.9029],[105.8257,20.9006],[105.8272,20.8994],[105.8264,20.898],[105.8287,20.8969],[105.8306,20.9004],[105.8329,20.9015],[105.8326,20.9029],[105.8338,20.9043],[105.8378,20.9036],[105.8413,20.902],[105.8445,20.9012],[105.8519,20.8987],[105.8564,20.8954],[105.8581,20.8948],[105.8592,20.8919],[105.8607,20.8908],[105.8634,20.8909],[105.8657,20.8921],[105.8671,20.8935],[105.8712,20.8927],[105.8706,20.8908],[105.8747,20.89],[105.8746,20.8853],[105.8743,20.882],[105.8753,20.882],[105.875,20.8724],[105.8757,20.8709],[105.8698,20.8717],[105.8696,20.8703],[105.8677,20.8704],[105.8662,20.8678],[105.8681,20.866],[105.8651,20.8624],[105.8664,20.8605],[105.8657,20.8584],[105.8639,20.8577],[105.8632,20.8597],[105.8558,20.8576],[105.8546,20.8611],[105.8486,20.8597],[105.8479,20.8609],[105.846,20.862],[105.8459,20.8633],[105.8446,20.8642],[105.8423,20.8614],[105.8464,20.8587],[105.8475,20.8562],[105.8468,20.855],[105.8401,20.8527],[105.8389,20.8534],[105.8374,20.8521],[105.8366,20.8497],[105.8344,20.8473],[105.8318,20.8464],[105.8292,20.8461],[105.8282,20.8377],[105.8276,20.8361],[105.8263,20.8357],[105.8234,20.8382],[105.8218,20.8412],[105.8236,20.8416],[105.8214,20.854],[105.8221,20.8564],[105.8197,20.8571],[105.8194,20.8585],[105.8208,20.8591],[105.8207,20.8604],[105.8244,20.8615],[105.8228,20.8655],[105.823,20.8672],[105.8241,20.8695],[105.8192,20.8706],[105.8156,20.8703],[105.8153,20.8717],[105.8168,20.8741],[105.8154,20.8781],[105.8162,20.8794],[105.8141,20.88],[105.8149,20.884],[105.8157,20.8861],[105.8143,20.8869],[105.8129,20.8923],[105.8128,20.8982],[105.816,20.8994],[105.8157,20.9027]]]},"properties":{"name":"Thường Tín","level":"ward"}},{"type":"Feature","geometry":{"type":"Polygon","coordinates":[[[105.8564,20.8954],[105.8593,20.8972],[105.8627,20.903],[105.865,20.9051],[105.8678,20.9091],[105.8737,20.9066],[105.8742,20.909],[105.8737,20.9105],[105.8749,20.9121],[105.8779,20.9105],[105.8875,20.9082],[105.8877,20.9062],[105.8897,20.906],[105.8918,20.9066],[105.8924,20.9094],[105.8946,20.9086],[105.8992,20.9051],[105.8951,20.8995],[105.8945,20.8974],[105.8946,20.8948],[105.8965,20.8924],[105.9005,20.8898],[105.9101,20.8859],[105.9167,20.8828],[105.9213,20.8801],[105.9246,20.8777],[105.9211,20.8708],[105.9184,20.87],[105.9155,20.8658],[105.9124,20.8661],[105.9115,20.8673],[105.905,20.8687],[105.9024,20.8689],[105.9013,20.8651],[105.9012,20.8616],[105.9007,20.8608],[105.898,20.8605],[105.8959,20.8587],[105.8948,20.8563],[105.8951,20.8527],[105.8946,20.8517],[105.8899,20.8497],[105.8878,20.8507],[105.8815,20.8478],[105.8805,20.8504],[105.8774,20.8497],[105.8737,20.8519],[105.8725,20.8546],[105.871,20.8546],[105.8681,20.8576],[105.8664,20.857],[105.8668,20.8557],[105.8645,20.8551],[105.8657,20.8584],[105.8664,20.8605],[105.8651,20.8624],[105.8681,20.866],[105.8662,20.8678],[105.8677,20.8704],[105.8696,20.8703],[105.8698,20.8717],[105.8757,20.8709],[105.875,20.8724],[105.8753,20.882],[105.8743,20.882],[105.8746,20.8853],[105.8747,20.89],[105.8706,20.8908],[105.8712,20.8927],[105.8671,20.8935],[105.8657,20.8921],[105.8634,20.8909],[105.8607,20.8908],[105.8592,20.8919],[105.8581,20.8948],[105.8564,20.8954]]]},"properties":{"name":"Hồng Vân","level":"ward"}},{"type":"Feature","geometry":{"type":"Polygon","coordinates":[[[105.8332,20.8006],[105.8367,20.8004],[105.8367,20.8051],[105.8386,20.8051],[105.8395,20.8099],[105.8384,20.8116],[105.839,20.8142],[105.8384,20.8158],[105.8366,20.8176],[105.8363,20.8218],[105.8368,20.824],[105.8313,20.8253],[105.8302,20.8253],[105.8276,20.8303],[105.828,20.8318],[105.8263,20.8357],[105.8276,20.8361],[105.8282,20.8377],[105.8292,20.8461],[105.8318,20.8464],[105.8344,20.8473],[105.8366,20.8497],[105.8374,20.8521],[105.8389,20.8534],[105.8401,20.8527],[105.8468,20.855],[105.8475,20.8562],[105.8464,20.8587],[105.8423,20.8614],[105.8446,20.8642],[105.8459,20.8633],[105.846,20.862],[105.8479,20.8609],[105.8486,20.8597],[105.8546,20.8611],[105.8558,20.8576],[105.8632,20.8597],[105.8639,20.8577],[105.8657,20.8584],[105.8645,20.8551],[105.8668,20.8557],[105.8664,20.857],[105.8681,20.8576],[105.871,20.8546],[105.8725,20.8546],[105.8737,20.8519],[105.8774,20.8497],[105.8805,20.8504],[105.8815,20.8478],[105.8878,20.8507],[105.8899,20.8497],[105.8895,20.8463],[105.8905,20.8425],[105.8885,20.8421],[105.8884,20.841],[105.8846,20.8405],[105.8849,20.8368],[105.8834,20.8368],[105.8839,20.8339],[105.8773,20.8314],[105.874,20.8312],[105.8678,20.8303],[105.8692,20.8193],[105.8727,20.8194],[105.8735,20.8118],[105.8732,20.8092],[105.8723,20.8091],[105.873,20.8039],[105.8729,20.7971],[105.8727,20.7966],[105.8721,20.7954],[105.8698,20.7968],[105.8602,20.7998],[105.8575,20.7997],[105.8549,20.8012],[105.8521,20.8018],[105.8485,20.7992],[105.8441,20.7968],[105.8389,20.7954],[105.8342,20.7951],[105.834,20.7983],[105.8332,20.8006]]]},"properties":{"name":"Thượng Phúc","level":"ward"}},{"type":"Feature","geometry":{"type":"Polygon","coordinates":[[[105.8899,20.8497],[105.8946,20.8517],[105.8951,20.8527],[105.8948,20.8563],[105.8959,20.8587],[105.898,20.8605],[105.9007,20.8608],[105.9012,20.8616],[105.9013,20.8651],[105.9024,20.8689],[105.905,20.8687],[105.9115,20.8673],[105.9124,20.8661],[105.9155,20.8658],[105.9184,20.87],[105.9211,20.8708],[105.9246,20.8777],[105.9273,20.8753],[105.9327,20.8696],[105.9355,20.8647],[105.9361,20.8616],[105.936,20.8577],[105.9347,20.8543],[105.9324,20.8512],[105.9296,20.8491],[105.9228,20.8463],[105.9189,20.844],[105.9166,20.8422],[105.9144,20.8393],[105.9129,20.8368],[105.9115,20.8305],[105.9109,20.8228],[105.9116,20.8182],[105.9141,20.8101],[105.8845,20.8023],[105.8865,20.7977],[105.8853,20.7979],[105.8831,20.7967],[105.883,20.7958],[105.88,20.7947],[105.876,20.7954],[105.8727,20.7966],[105.8729,20.7971],[105.873,20.8039],[105.8723,20.8091],[105.8732,20.8092],[105.8735,20.8118],[105.8727,20.8194],[105.8692,20.8193],[105.8678,20.8303],[105.874,20.8312],[105.8773,20.8314],[105.8839,20.8339],[105.8834,20.8368],[105.8849,20.8368],[105.8846,20.8405],[105.8884,20.841],[105.8885,20.8421],[105.8905,20.8425],[105.8895,20.8463],[105.8899,20.8497]]]},"properties":{"name":"Chương Dương","level":"ward"}},{"type":"Feature","geometry":{"type":"Polygon","coordinates":[[[105.8698,20.7968],[105.8721,20.7954],[105.8727,20.7966],[105.876,20.7954],[105.88,20.7947],[105.883,20.7958],[105.8831,20.7967],[105.8853,20.7979],[105.8865,20.7977],[105.8845,20.8023],[105.9141,20.8101],[105.9169,20.8016],[105.9184,20.7978],[105.9225,20.791],[105.9259,20.7879],[105.9287,20.786],[105.9398,20.7829],[105.9448,20.782],[105.9548,20.7806],[105.9606,20.7789],[105.9643,20.7765],[105.9683,20.7718],[105.9692,20.7695],[105.9692,20.7663],[105.9676,20.7604],[105.9673,20.7562],[105.9674,20.7493],[105.9678,20.7424],[105.9643,20.7424],[105.9535,20.7436],[105.9526,20.7422],[105.9445,20.7392],[105.945,20.7315],[105.9418,20.7316],[105.9403,20.7286],[105.9358,20.7301],[105.9359,20.7317],[105.9317,20.7317],[105.9318,20.7353],[105.9253,20.7353],[105.9213,20.7305],[105.917,20.7327],[105.9168,20.7304],[105.9143,20.7296],[105.9105,20.731],[105.9072,20.7274],[105.9058,20.7249],[105.9046,20.7194],[105.9038,20.7187],[105.9035,20.7221],[105.901,20.7209],[105.8999,20.7232],[105.8984,20.7226],[105.8972,20.7257],[105.8917,20.7255],[105.8937,20.7315],[105.8913,20.7317],[105.8866,20.7299],[105.884,20.7279],[105.8831,20.7282],[105.8818,20.7303],[105.8834,20.7318],[105.8871,20.7365],[105.8887,20.7417],[105.886,20.7425],[105.8852,20.7411],[105.8838,20.7413],[105.8833,20.7426],[105.8841,20.7459],[105.8824,20.7489],[105.8749,20.7563],[105.8754,20.7595],[105.8759,20.7594],[105.8778,20.765],[105.8782,20.7676],[105.8777,20.7684],[105.8796,20.7697],[105.8811,20.7731],[105.8834,20.773],[105.8859,20.7713],[105.887,20.7724],[105.8882,20.7714],[105.8898,20.7722],[105.8869,20.7813],[105.8848,20.7806],[105.8842,20.7826],[105.8819,20.7817],[105.879,20.7835],[105.8805,20.7843],[105.878,20.7858],[105.8765,20.7851],[105.8683,20.7897],[105.8715,20.7945],[105.8694,20.7959],[105.8698,20.7968]]]},"properties":{"name":"Phú Xuyên","level":"ward"}},{"type":"Feature","geometry":{"type":"Polygon","coordinates":[[[105.8066,20.7803],[105.8075,20.7812],[105.8086,20.7841],[105.8108,20.7874],[105.8108,20.7883],[105.8084,20.7923],[105.8097,20.7947],[105.8087,20.7967],[105.8099,20.7987],[105.8136,20.8019],[105.8185,20.7941],[105.8208,20.7952],[105.8169,20.8046],[105.8243,20.8067],[105.8266,20.8057],[105.8316,20.8063],[105.8326,20.8006],[105.8332,20.8006],[105.834,20.7983],[105.8342,20.7951],[105.8389,20.7954],[105.8441,20.7968],[105.8485,20.7992],[105.8521,20.8018],[105.8549,20.8012],[105.8575,20.7997],[105.8602,20.7998],[105.8698,20.7968],[105.8694,20.7959],[105.8715,20.7945],[105.8683,20.7897],[105.8765,20.7851],[105.878,20.7858],[105.8805,20.7843],[105.879,20.7835],[105.8819,20.7817],[105.8842,20.7826],[105.8848,20.7806],[105.8869,20.7813],[105.8898,20.7722],[105.8882,20.7714],[105.887,20.7724],[105.8859,20.7713],[105.8834,20.773],[105.8811,20.7731],[105.8796,20.7697],[105.8777,20.7684],[105.8782,20.7676],[105.8778,20.765],[105.8759,20.7594],[105.8754,20.7595],[105.8739,20.7602],[105.8708,20.7627],[105.8692,20.7627],[105.868,20.7617],[105.8661,20.7623],[105.8633,20.7616],[105.8582,20.7592],[105.8573,20.7596],[105.8553,20.7578],[105.8496,20.7584],[105.8491,20.756],[105.8494,20.7534],[105.8502,20.7519],[105.8533,20.7481],[105.8514,20.7462],[105.8497,20.7456],[105.8452,20.7452],[105.8453,20.7443],[105.844,20.7417],[105.8428,20.7408],[105.8371,20.7399],[105.8367,20.7407],[105.8319,20.7395],[105.8263,20.7371],[105.8255,20.7389],[105.822,20.7417],[105.8205,20.7392],[105.8168,20.741],[105.8137,20.7433],[105.8133,20.7448],[105.8112,20.746],[105.8099,20.7444],[105.807,20.7463],[105.8033,20.7508],[105.7983,20.7493],[105.7947,20.7495],[105.7936,20.7505],[105.7938,20.7589],[105.7923,20.7587],[105.7921,20.7627],[105.7961,20.7617],[105.7973,20.766],[105.7981,20.766],[105.7997,20.7715],[105.8004,20.7708],[105.8036,20.7714],[105.8034,20.7753],[105.8054,20.7757],[105.8044,20.7796],[105.8066,20.7803]]]},"properties":{"name":"Phượng Dực","level":"ward"}},{"type":"Feature","geometry":{"type":"Polygon","coordinates":[[[105.8754,20.7595],[105.8749,20.7563],[105.8824,20.7489],[105.8841,20.7459],[105.8833,20.7426],[105.8838,20.7413],[105.8852,20.7411],[105.886,20.7425],[105.8887,20.7417],[105.8871,20.7365],[105.8834,20.7318],[105.8818,20.7303],[105.8831,20.7282],[105.884,20.7279],[105.8866,20.7299],[105.8913,20.7317],[105.8937,20.7315],[105.8917,20.7255],[105.8972,20.7257],[105.8984,20.7226],[105.8999,20.7232],[105.901,20.7209],[105.9035,20.7221],[105.9038,20.7187],[105.9033,20.7159],[105.9043,20.7159],[105.9054,20.7128],[105.9047,20.7115],[105.9063,20.7106],[105.9108,20.7114],[105.9102,20.7048],[105.9109,20.6965],[105.9174,20.6961],[105.9194,20.6949],[105.9214,20.691],[105.9228,20.6875],[105.9224,20.6856],[105.9208,20.6834],[105.9182,20.678],[105.9187,20.6762],[105.92,20.6759],[105.9181,20.6733],[105.9174,20.6743],[105.9137,20.672],[105.9076,20.6688],[105.9055,20.6684],[105.9046,20.6703],[105.9015,20.6724],[105.8951,20.6753],[105.8945,20.6802],[105.8933,20.6791],[105.8885,20.6764],[105.8862,20.6757],[105.8855,20.6791],[105.8834,20.6779],[105.8824,20.6854],[105.8841,20.6857],[105.8843,20.6884],[105.8861,20.6914],[105.8869,20.6908],[105.8892,20.6921],[105.8884,20.6933],[105.8875,20.6965],[105.8769,20.7025],[105.8774,20.7032],[105.8721,20.7059],[105.8735,20.71],[105.8693,20.7092],[105.8675,20.7099],[105.8637,20.7142],[105.8601,20.715],[105.858,20.7172],[105.8589,20.7192],[105.8555,20.721],[105.8549,20.7218],[105.8573,20.725],[105.8544,20.7315],[105.8529,20.7323],[105.8497,20.7328],[105.8505,20.7377],[105.8481,20.7376],[105.846,20.737],[105.8456,20.7412],[105.844,20.7417],[105.8453,20.7443],[105.8452,20.7452],[105.8497,20.7456],[105.8514,20.7462],[105.8533,20.7481],[105.8502,20.7519],[105.8494,20.7534],[105.8491,20.756],[105.8496,20.7584],[105.8553,20.7578],[105.8573,20.7596],[105.8582,20.7592],[105.8633,20.7616],[105.8661,20.7623],[105.868,20.7617],[105.8692,20.7627],[105.8708,20.7627],[105.8739,20.7602],[105.8754,20.7595]]]},"properties":{"name":"Chuyên Mỹ","level":"ward"}},{"type":"Feature","geometry":{"type":"Polygon","coordinates":[[[105.9038,20.7187],[105.9046,20.7194],[105.9058,20.7249],[105.9072,20.7274],[105.9105,20.731],[105.9143,20.7296],[105.9168,20.7304],[105.917,20.7327],[105.9213,20.7305],[105.9253,20.7353],[105.9318,20.7353],[105.9317,20.7317],[105.9359,20.7317],[105.9358,20.7301],[105.9403,20.7286],[105.9418,20.7316],[105.945,20.7315],[105.9445,20.7392],[105.9526,20.7422],[105.9535,20.7436],[105.9643,20.7424],[105.9678,20.7424],[105.9687,20.7375],[105.9658,20.7315],[105.9668,20.7305],[105.9642,20.7246],[105.9702,20.7087],[105.9733,20.7006],[105.9752,20.6995],[105.9787,20.6991],[105.9826,20.7],[105.987,20.702],[105.9896,20.7042],[106.0019,20.7038],[106.0033,20.7036],[106.0023,20.7015],[105.9968,20.6982],[105.9957,20.6973],[105.998,20.6934],[105.998,20.6923],[105.9933,20.6902],[105.9919,20.6892],[105.994,20.6834],[105.996,20.6817],[105.9975,20.6784],[105.9946,20.6772],[105.9922,20.6785],[105.9946,20.6818],[105.9926,20.6814],[105.9904,20.6824],[105.9887,20.6826],[105.986,20.6808],[105.9847,20.6805],[105.9784,20.6739],[105.9789,20.6719],[105.9787,20.6696],[105.9775,20.6656],[105.9708,20.6652],[105.9672,20.6648],[105.9641,20.6636],[105.9603,20.661],[105.9582,20.6589],[105.9572,20.657],[105.9571,20.655],[105.9584,20.6516],[105.9581,20.6508],[105.9492,20.6531],[105.9466,20.6542],[105.9449,20.6557],[105.9435,20.6598],[105.9434,20.6632],[105.9456,20.6657],[105.9466,20.668],[105.9469,20.6759],[105.9452,20.6802],[105.943,20.6819],[105.9394,20.6806],[105.9344,20.6803],[105.9321,20.6798],[105.9265,20.6777],[105.92,20.6759],[105.9187,20.6762],[105.9182,20.678],[105.9208,20.6834],[105.9224,20.6856],[105.9228,20.6875],[105.9214,20.691],[105.9194,20.6949],[105.9174,20.6961],[105.9109,20.6965],[105.9102,20.7048],[105.9108,20.7114],[105.9063,20.7106],[105.9047,20.7115],[105.9054,20.7128],[105.9043,20.7159],[105.9033,20.7159],[105.9038,20.7187]]]},"properties":{"name":"Đại Xuyên","level":"ward"}},{"type":"Feature","geometry":{"type":"Polygon","coordinates":[[[105.7936,20.7505],[105.7947,20.7495],[105.7983,20.7493],[105.8033,20.7508],[105.807,20.7463],[105.8099,20.7444],[105.8112,20.746],[105.8133,20.7448],[105.8137,20.7433],[105.8168,20.741],[105.8153,20.7387],[105.8183,20.7364],[105.8204,20.7325],[105.819,20.7316],[105.8201,20.7296],[105.8186,20.7288],[105.8163,20.7199],[105.8131,20.7115],[105.8111,20.7076],[105.8047,20.7041],[105.807,20.7009],[105.8017,20.698],[105.803,20.696],[105.8009,20.6949],[105.7989,20.6945],[105.7979,20.6955],[105.7967,20.6947],[105.7946,20.6974],[105.7933,20.6968],[105.7921,20.7004],[105.7908,20.7026],[105.782,20.6991],[105.7802,20.7007],[105.7774,20.7067],[105.775,20.7065],[105.7753,20.7169],[105.7761,20.7172],[105.7743,20.7207],[105.7715,20.7205],[105.7695,20.7224],[105.7708,20.7228],[105.7704,20.7252],[105.7687,20.727],[105.7648,20.7296],[105.7611,20.7316],[105.7602,20.7315],[105.7555,20.7287],[105.7505,20.7282],[105.7476,20.7282],[105.744,20.7275],[105.7408,20.7262],[105.7368,20.723],[105.7347,20.7219],[105.7328,20.7218],[105.7307,20.7226],[105.7307,20.7241],[105.7325,20.7262],[105.7334,20.7297],[105.7331,20.7315],[105.7315,20.7361],[105.7281,20.7381],[105.7253,20.7386],[105.7194,20.7403],[105.7157,20.7409],[105.711,20.7421],[105.7064,20.7429],[105.7027,20.7431],[105.6981,20.7417],[105.6974,20.7422],[105.6964,20.7458],[105.6974,20.7508],[105.6985,20.7515],[105.705,20.7516],[105.7064,20.7519],[105.7108,20.7541],[105.7149,20.7575],[105.7189,20.762],[105.7224,20.7657],[105.725,20.7693],[105.7262,20.7726],[105.7261,20.7761],[105.7279,20.7769],[105.7307,20.777],[105.7352,20.7781],[105.7386,20.7723],[105.7361,20.7704],[105.7379,20.7681],[105.7373,20.767],[105.7402,20.7651],[105.744,20.7638],[105.7448,20.7629],[105.7435,20.7618],[105.7451,20.7608],[105.7458,20.759],[105.7454,20.7577],[105.7486,20.7568],[105.7466,20.7521],[105.7512,20.7503],[105.7563,20.7452],[105.7663,20.7469],[105.7676,20.7443],[105.7636,20.7437],[105.7641,20.7409],[105.7685,20.7415],[105.7689,20.7401],[105.7706,20.7404],[105.7715,20.7376],[105.7792,20.7375],[105.7805,20.737],[105.7809,20.7387],[105.7878,20.7396],[105.7884,20.7408],[105.7891,20.7484],[105.7935,20.7494],[105.7936,20.7505]]]},"properties":{"name":"Vân Đình","level":"ward"}},{"type":"Feature","geometry":{"type":"Polygon","coordinates":[[[105.7091,20.8096],[105.7148,20.8083],[105.7259,20.8074],[105.7278,20.8077],[105.7326,20.8092],[105.7359,20.8089],[105.736,20.8058],[105.7383,20.8007],[105.7384,20.798],[105.7392,20.797],[105.7383,20.7933],[105.7415,20.792],[105.7414,20.7914],[105.7454,20.7889],[105.7463,20.7903],[105.7513,20.7927],[105.7531,20.7904],[105.7545,20.7914],[105.7572,20.7874],[105.7595,20.7903],[105.7636,20.788],[105.7645,20.7866],[105.7636,20.7854],[105.7645,20.7836],[105.7668,20.783],[105.7685,20.7881],[105.7762,20.7879],[105.7768,20.7905],[105.7783,20.7903],[105.7801,20.7889],[105.7815,20.7897],[105.7824,20.7914],[105.7845,20.7918],[105.7857,20.7891],[105.7883,20.7893],[105.7897,20.7862],[105.7907,20.7865],[105.796,20.7832],[105.8066,20.7803],[105.8044,20.7796],[105.8054,20.7757],[105.8034,20.7753],[105.8036,20.7714],[105.8004,20.7708],[105.7997,20.7715],[105.7981,20.766],[105.7973,20.766],[105.7961,20.7617],[105.7921,20.7627],[105.7923,20.7587],[105.7938,20.7589],[105.7936,20.7505],[105.7935,20.7494],[105.7891,20.7484],[105.7884,20.7408],[105.7878,20.7396],[105.7809,20.7387],[105.7805,20.737],[105.7792,20.7375],[105.7715,20.7376],[105.7706,20.7404],[105.7689,20.7401],[105.7685,20.7415],[105.7641,20.7409],[105.7636,20.7437],[105.7676,20.7443],[105.7663,20.7469],[105.7563,20.7452],[105.7512,20.7503],[105.7466,20.7521],[105.7486,20.7568],[105.7454,20.7577],[105.7458,20.759],[105.7451,20.7608],[105.7435,20.7618],[105.7448,20.7629],[105.744,20.7638],[105.7402,20.7651],[105.7373,20.767],[105.7379,20.7681],[105.7361,20.7704],[105.7386,20.7723],[105.7352,20.7781],[105.7307,20.777],[105.7279,20.7769],[105.7261,20.7761],[105.725,20.778],[105.7174,20.7827],[105.7159,20.7845],[105.7135,20.7888],[105.7089,20.7936],[105.7052,20.799],[105.7054,20.8],[105.7078,20.8068],[105.7091,20.8096]]]},"properties":{"name":"Ứng Thiên","level":"ward"}},{"type":"Feature","geometry":{"type":"Polygon","coordinates":[[[105.8168,20.741],[105.8205,20.7392],[105.822,20.7417],[105.8255,20.7389],[105.8263,20.7371],[105.8319,20.7395],[105.8367,20.7407],[105.8371,20.7399],[105.8428,20.7408],[105.844,20.7417],[105.8456,20.7412],[105.846,20.737],[105.8481,20.7376],[105.8505,20.7377],[105.8497,20.7328],[105.8529,20.7323],[105.8544,20.7315],[105.8573,20.725],[105.8549,20.7218],[105.8555,20.721],[105.8589,20.7192],[105.858,20.7172],[105.8601,20.715],[105.8637,20.7142],[105.8675,20.7099],[105.8693,20.7092],[105.8735,20.71],[105.8721,20.7059],[105.8774,20.7032],[105.8769,20.7025],[105.8875,20.6965],[105.8884,20.6933],[105.8892,20.6921],[105.8869,20.6908],[105.8861,20.6914],[105.8843,20.6884],[105.8841,20.6857],[105.8824,20.6854],[105.8834,20.6779],[105.8855,20.6791],[105.8862,20.6757],[105.8885,20.6764],[105.8933,20.6791],[105.8945,20.6802],[105.8951,20.6753],[105.9015,20.6724],[105.9046,20.6703],[105.9055,20.6684],[105.9056,20.6647],[105.9032,20.6645],[105.8986,20.6684],[105.8961,20.6688],[105.8958,20.6661],[105.8962,20.6539],[105.8965,20.6518],[105.8956,20.6515],[105.892,20.6485],[105.8849,20.645],[105.8797,20.6432],[105.8759,20.6432],[105.8729,20.6437],[105.8689,20.645],[105.8659,20.6455],[105.8593,20.6447],[105.8566,20.6452],[105.8528,20.6481],[105.8492,20.6532],[105.8483,20.6525],[105.843,20.656],[105.8402,20.6572],[105.8405,20.659],[105.8396,20.6597],[105.8338,20.6617],[105.8333,20.6606],[105.8313,20.6622],[105.8288,20.6634],[105.8252,20.666],[105.8256,20.6672],[105.8225,20.6793],[105.8198,20.6789],[105.8177,20.6792],[105.8147,20.6781],[105.815,20.6775],[105.8054,20.6706],[105.7995,20.6769],[105.8001,20.6783],[105.7972,20.6818],[105.7965,20.6813],[105.7942,20.6843],[105.7956,20.6853],[105.7911,20.6901],[105.7922,20.6919],[105.7905,20.6951],[105.7933,20.6968],[105.7946,20.6974],[105.7967,20.6947],[105.7979,20.6955],[105.7989,20.6945],[105.8009,20.6949],[105.803,20.696],[105.8017,20.698],[105.807,20.7009],[105.8047,20.7041],[105.8111,20.7076],[105.8131,20.7115],[105.8163,20.7199],[105.8186,20.7288],[105.8201,20.7296],[105.819,20.7316],[105.8204,20.7325],[105.8183,20.7364],[105.8153,20.7387],[105.8168,20.741]]]},"properties":{"name":"Ứng Hoà","level":"ward"}},{"type":"Feature","geometry":{"type":"Polygon","coordinates":[[[105.7695,20.7224],[105.7715,20.7205],[105.7743,20.7207],[105.7761,20.7172],[105.7753,20.7169],[105.775,20.7065],[105.7774,20.7067],[105.7802,20.7007],[105.782,20.6991],[105.7908,20.7026],[105.7921,20.7004],[105.7933,20.6968],[105.7905,20.6951],[105.7922,20.6919],[105.7911,20.6901],[105.7956,20.6853],[105.7942,20.6843],[105.7965,20.6813],[105.7972,20.6818],[105.8001,20.6783],[105.7995,20.6769],[105.8054,20.6706],[105.815,20.6775],[105.8147,20.6781],[105.8177,20.6792],[105.8198,20.6789],[105.8225,20.6793],[105.8256,20.6672],[105.8252,20.666],[105.8288,20.6634],[105.823,20.6645],[105.823,20.6621],[105.8217,20.6621],[105.8195,20.6608],[105.8224,20.6577],[105.8253,20.654],[105.8278,20.6519],[105.8331,20.6498],[105.834,20.6482],[105.8333,20.6465],[105.8313,20.6443],[105.8267,20.6416],[105.8188,20.6375],[105.8137,20.6334],[105.8114,20.6295],[105.8122,20.6259],[105.8146,20.6249],[105.8134,20.6237],[105.8135,20.621],[105.8149,20.6188],[105.8128,20.6186],[105.8105,20.6188],[105.8072,20.6175],[105.8051,20.6159],[105.8038,20.6131],[105.8018,20.612],[105.7982,20.6118],[105.7954,20.6129],[105.7932,20.6148],[105.7889,20.6168],[105.7857,20.6176],[105.7837,20.6187],[105.7805,20.6221],[105.7776,20.6234],[105.7771,20.6249],[105.7796,20.6267],[105.7842,20.6273],[105.7928,20.6274],[105.7975,20.6291],[105.8017,20.6325],[105.803,20.634],[105.8036,20.636],[105.8036,20.6382],[105.8021,20.6418],[105.8003,20.643],[105.7941,20.6455],[105.7908,20.648],[105.7893,20.6497],[105.7838,20.6579],[105.7771,20.6638],[105.7713,20.6696],[105.7691,20.6712],[105.7571,20.6787],[105.7517,20.6826],[105.7456,20.6874],[105.744,20.6889],[105.7428,20.6908],[105.7428,20.6943],[105.746,20.6966],[105.7489,20.6972],[105.754,20.6976],[105.7564,20.6983],[105.7589,20.6997],[105.7609,20.702],[105.7624,20.705],[105.7632,20.7083],[105.7631,20.7103],[105.7621,20.716],[105.7632,20.7195],[105.7663,20.7217],[105.7695,20.7224]]]},"properties":{"name":"Hoà Xá","level":"ward"}},{"type":"Feature","geometry":{"type":"Polygon","coordinates":[[[105.7624,20.705],[105.7609,20.702],[105.7589,20.6997],[105.7564,20.6983],[105.754,20.6976],[105.7489,20.6972],[105.746,20.6966],[105.7428,20.6943],[105.7428,20.6908],[105.744,20.6889],[105.7456,20.6874],[105.7517,20.6826],[105.7571,20.6787],[105.7691,20.6712],[105.7713,20.6696],[105.7771,20.6638],[105.7728,20.6603],[105.7712,20.6596],[105.771,20.6555],[105.7695,20.6555],[105.7694,20.654],[105.7668,20.6543],[105.7667,20.6528],[105.7625,20.6528],[105.7623,20.6505],[105.7573,20.6511],[105.7562,20.6499],[105.7578,20.6474],[105.7569,20.6471],[105.7543,20.6441],[105.7529,20.6463],[105.7506,20.6487],[105.7523,20.6502],[105.7524,20.6515],[105.7505,20.6546],[105.7464,20.6494],[105.7455,20.6507],[105.7483,20.6528],[105.7463,20.6533],[105.7489,20.6556],[105.7472,20.6575],[105.7502,20.6601],[105.7437,20.6667],[105.7437,20.6694],[105.7412,20.6679],[105.7403,20.6664],[105.7293,20.6753],[105.7236,20.6717],[105.7228,20.6709],[105.7244,20.667],[105.726,20.6642],[105.7218,20.6609],[105.7201,20.6607],[105.7167,20.6591],[105.7152,20.6548],[105.7154,20.6533],[105.7179,20.6539],[105.7183,20.6518],[105.7178,20.6497],[105.719,20.647],[105.7215,20.6424],[105.7217,20.6406],[105.7236,20.6396],[105.7224,20.6364],[105.723,20.6344],[105.7255,20.6315],[105.7257,20.6301],[105.7222,20.6266],[105.7256,20.6243],[105.7249,20.6205],[105.7227,20.6188],[105.7227,20.6174],[105.7204,20.6157],[105.7183,20.6113],[105.7173,20.6105],[105.72,20.6094],[105.7215,20.6092],[105.7238,20.607],[105.7269,20.6056],[105.7216,20.5993],[105.7187,20.5971],[105.7167,20.5983],[105.7152,20.5978],[105.7098,20.5995],[105.7081,20.5987],[105.7056,20.6014],[105.7043,20.6021],[105.7038,20.6036],[105.7053,20.6057],[105.7046,20.6074],[105.7051,20.6095],[105.7036,20.611],[105.7049,20.6142],[105.7009,20.6218],[105.6987,20.6223],[105.6979,20.6207],[105.696,20.6201],[105.692,20.6221],[105.6904,20.6212],[105.6881,20.619],[105.6869,20.6159],[105.6851,20.6169],[105.6832,20.6163],[105.6816,20.6179],[105.6778,20.6169],[105.677,20.6161],[105.6753,20.6169],[105.6733,20.616],[105.6695,20.6178],[105.6665,20.6168],[105.6658,20.6193],[105.6661,20.6213],[105.6671,20.6218],[105.667,20.6236],[105.6645,20.6263],[105.6638,20.6282],[105.6659,20.6303],[105.6677,20.629],[105.6691,20.6298],[105.6707,20.6326],[105.672,20.6322],[105.6733,20.6291],[105.6751,20.6292],[105.6773,20.63],[105.6784,20.6285],[105.6812,20.6296],[105.6822,20.6312],[105.6845,20.6331],[105.6834,20.6355],[105.6868,20.6379],[105.6842,20.6399],[105.6823,20.6402],[105.6802,20.6429],[105.6791,20.6456],[105.6789,20.6474],[105.681,20.6517],[105.6809,20.6531],[105.6796,20.6543],[105.6806,20.6562],[105.6786,20.6591],[105.6792,20.6612],[105.6816,20.6626],[105.6792,20.6651],[105.6792,20.6683],[105.6765,20.6702],[105.6763,20.6677],[105.6775,20.6658],[105.6763,20.6641],[105.6752,20.6638],[105.6737,20.6649],[105.6722,20.668],[105.6735,20.6701],[105.6719,20.6716],[105.6712,20.6743],[105.6698,20.6758],[105.672,20.6766],[105.6735,20.6762],[105.6733,20.6748],[105.6749,20.6744],[105.6742,20.6717],[105.677,20.6716],[105.6779,20.671],[105.6802,20.6679],[105.6824,20.6677],[105.684,20.6683],[105.69,20.6665],[105.6907,20.6666],[105.6933,20.6727],[105.7,20.6717],[105.6992,20.6739],[105.7029,20.6745],[105.702,20.6807],[105.7083,20.6835],[105.71,20.684],[105.7116,20.6822],[105.7174,20.6854],[105.7195,20.6827],[105.7213,20.6836],[105.7185,20.6872],[105.7203,20.6873],[105.716,20.6927],[105.7203,20.6987],[105.7244,20.6961],[105.7283,20.7006],[105.7325,20.7049],[105.7336,20.7039],[105.7368,20.7068],[105.7414,20.7092],[105.7455,20.7119],[105.7468,20.7114],[105.7533,20.7058],[105.7548,20.705],[105.7568,20.7068],[105.7583,20.7058],[105.7592,20.7069],[105.7624,20.705]]]},"properties":{"name":"Mỹ Đức","level":"ward"}},{"type":"Feature","geometry":{"type":"Polygon","coordinates":[[[105.6484,20.7921],[105.6476,20.7936],[105.6505,20.7944],[105.6501,20.8043],[105.6494,20.8095],[105.6562,20.809],[105.6583,20.8082],[105.6628,20.8085],[105.6595,20.8142],[105.6607,20.8138],[105.6652,20.8142],[105.6674,20.8128],[105.6695,20.8157],[105.6707,20.8157],[105.6714,20.8139],[105.6744,20.8149],[105.6817,20.8145],[105.686,20.8138],[105.6862,20.8128],[105.6886,20.813],[105.6899,20.8123],[105.6938,20.8126],[105.6954,20.8158],[105.6985,20.8181],[105.6983,20.8204],[105.6959,20.8263],[105.6972,20.8265],[105.6969,20.8284],[105.7062,20.8289],[105.7096,20.8301],[105.7106,20.8277],[105.7097,20.8261],[105.7069,20.8249],[105.7068,20.8218],[105.7072,20.8188],[105.7095,20.8149],[105.7097,20.8117],[105.7091,20.8096],[105.7078,20.8068],[105.7054,20.8],[105.7052,20.799],[105.7089,20.7936],[105.7135,20.7888],[105.7159,20.7845],[105.7174,20.7827],[105.725,20.778],[105.7261,20.7761],[105.7262,20.7726],[105.725,20.7693],[105.7224,20.7657],[105.7189,20.762],[105.7172,20.763],[105.7143,20.7608],[105.711,20.7638],[105.7089,20.762],[105.7059,20.7602],[105.7036,20.7636],[105.7028,20.7624],[105.7014,20.763],[105.7011,20.7644],[105.6906,20.7653],[105.6884,20.7579],[105.6835,20.7605],[105.6831,20.7485],[105.685,20.7473],[105.6847,20.7461],[105.6857,20.7446],[105.6821,20.7423],[105.682,20.7394],[105.6797,20.7338],[105.6776,20.7342],[105.6751,20.7326],[105.674,20.7335],[105.6732,20.7355],[105.6709,20.7371],[105.6691,20.737],[105.6671,20.7351],[105.6656,20.7351],[105.6636,20.7363],[105.6625,20.7379],[105.6596,20.7407],[105.6577,20.741],[105.6575,20.7428],[105.6561,20.7445],[105.6544,20.7476],[105.6536,20.7513],[105.6538,20.7527],[105.6513,20.7537],[105.651,20.7581],[105.6493,20.7621],[105.6498,20.7645],[105.649,20.7652],[105.6484,20.7692],[105.6492,20.7718],[105.6488,20.7746],[105.6494,20.7763],[105.6478,20.7763],[105.6484,20.7821],[105.6484,20.7921]]]},"properties":{"name":"Phúc Sơn","level":"ward"}},{"type":"Feature","geometry":{"type":"Polygon","coordinates":[[[105.7189,20.762],[105.7149,20.7575],[105.7108,20.7541],[105.7064,20.7519],[105.705,20.7516],[105.6985,20.7515],[105.6974,20.7508],[105.6964,20.7458],[105.6974,20.7422],[105.6981,20.7417],[105.7027,20.7431],[105.7064,20.7429],[105.711,20.7421],[105.7157,20.7409],[105.7194,20.7403],[105.7253,20.7386],[105.7281,20.7381],[105.7315,20.7361],[105.7331,20.7315],[105.7334,20.7297],[105.7325,20.7262],[105.7307,20.7241],[105.7307,20.7226],[105.7328,20.7218],[105.7347,20.7219],[105.7368,20.723],[105.7408,20.7262],[105.744,20.7275],[105.7476,20.7282],[105.7505,20.7282],[105.7555,20.7287],[105.7602,20.7315],[105.7611,20.7316],[105.7648,20.7296],[105.7687,20.727],[105.7704,20.7252],[105.7708,20.7228],[105.7695,20.7224],[105.7663,20.7217],[105.7632,20.7195],[105.7621,20.716],[105.7631,20.7103],[105.7632,20.7083],[105.7624,20.705],[105.7592,20.7069],[105.7583,20.7058],[105.7568,20.7068],[105.7548,20.705],[105.7533,20.7058],[105.7468,20.7114],[105.7455,20.7119],[105.7414,20.7092],[105.7368,20.7068],[105.7336,20.7039],[105.7325,20.7049],[105.7283,20.7006],[105.7244,20.6961],[105.7203,20.6987],[105.716,20.6927],[105.7203,20.6873],[105.7185,20.6872],[105.7213,20.6836],[105.7195,20.6827],[105.7174,20.6854],[105.7116,20.6822],[105.71,20.684],[105.7083,20.6835],[105.702,20.6807],[105.7029,20.6745],[105.6992,20.6739],[105.7,20.6717],[105.6933,20.6727],[105.6907,20.6666],[105.69,20.6665],[105.684,20.6683],[105.6824,20.6677],[105.6802,20.6679],[105.6779,20.671],[105.677,20.6716],[105.6742,20.6717],[105.6749,20.6744],[105.6733,20.6748],[105.6735,20.6762],[105.672,20.6766],[105.6698,20.6758],[105.6679,20.6801],[105.6698,20.6808],[105.6723,20.68],[105.6732,20.6813],[105.6747,20.682],[105.6772,20.6822],[105.6777,20.684],[105.6792,20.6841],[105.6799,20.6874],[105.6787,20.6906],[105.6808,20.6917],[105.6811,20.6935],[105.6821,20.6958],[105.6811,20.697],[105.6818,20.6991],[105.6801,20.6995],[105.6796,20.7009],[105.6765,20.7033],[105.6754,20.7032],[105.6743,20.7049],[105.6714,20.7077],[105.6701,20.71],[105.6703,20.7109],[105.6683,20.7119],[105.6678,20.7133],[105.6679,20.7159],[105.6653,20.7161],[105.6649,20.7186],[105.663,20.7196],[105.6631,20.721],[105.6613,20.722],[105.6608,20.7237],[105.663,20.7258],[105.6628,20.7274],[105.6638,20.7285],[105.6654,20.7324],[105.6671,20.7351],[105.6691,20.737],[105.6709,20.7371],[105.6732,20.7355],[105.674,20.7335],[105.6751,20.7326],[105.6776,20.7342],[105.6797,20.7338],[105.682,20.7394],[105.6821,20.7423],[105.6857,20.7446],[105.6847,20.7461],[105.685,20.7473],[105.6831,20.7485],[105.6835,20.7605],[105.6884,20.7579],[105.6906,20.7653],[105.7011,20.7644],[105.7014,20.763],[105.7028,20.7624],[105.7036,20.7636],[105.7059,20.7602],[105.7089,20.762],[105.711,20.7638],[105.7143,20.7608],[105.7172,20.763],[105.7189,20.762]]]},"properties":{"name":"Hồng Sơn","level":"ward"}},{"type":"Feature","geometry":{"type":"Polygon","coordinates":[[[105.7771,20.6638],[105.7838,20.6579],[105.7893,20.6497],[105.7908,20.648],[105.7941,20.6455],[105.8003,20.643],[105.8021,20.6418],[105.8036,20.6382],[105.8036,20.636],[105.803,20.634],[105.8017,20.6325],[105.7975,20.6291],[105.7928,20.6274],[105.7842,20.6273],[105.7796,20.6267],[105.7771,20.6249],[105.7776,20.6234],[105.7805,20.6221],[105.7837,20.6187],[105.7857,20.6176],[105.7889,20.6168],[105.7932,20.6148],[105.7954,20.6129],[105.7982,20.6118],[105.8018,20.612],[105.8038,20.6131],[105.8051,20.6159],[105.8072,20.6175],[105.8105,20.6188],[105.8128,20.6186],[105.8126,20.6166],[105.8117,20.6155],[105.8074,20.6126],[105.8061,20.6111],[105.8057,20.6094],[105.8069,20.6072],[105.8082,20.6059],[105.8113,20.6046],[105.8108,20.6034],[105.8085,20.6022],[105.8073,20.6001],[105.8088,20.5995],[105.808,20.5973],[105.8066,20.5989],[105.8037,20.5988],[105.8038,20.5964],[105.8031,20.5954],[105.8031,20.5928],[105.8014,20.5907],[105.801,20.5893],[105.8014,20.5841],[105.8001,20.582],[105.7985,20.5783],[105.7987,20.5767],[105.7969,20.5742],[105.7971,20.5725],[105.7965,20.5697],[105.7947,20.5676],[105.7916,20.5671],[105.7902,20.5664],[105.7844,20.5665],[105.7816,20.5656],[105.7787,20.5658],[105.7773,20.5643],[105.7763,20.5647],[105.7687,20.5653],[105.7683,20.5683],[105.7671,20.5717],[105.7658,20.5735],[105.7652,20.5753],[105.7637,20.5774],[105.763,20.5791],[105.7604,20.5803],[105.7594,20.5815],[105.7573,20.5822],[105.7551,20.5846],[105.7539,20.5876],[105.7524,20.5895],[105.7474,20.5916],[105.7451,20.5966],[105.7428,20.5991],[105.7372,20.5983],[105.7364,20.5989],[105.7324,20.5998],[105.7298,20.6017],[105.7295,20.6025],[105.7269,20.6047],[105.7269,20.6056],[105.7238,20.607],[105.7215,20.6092],[105.72,20.6094],[105.7173,20.6105],[105.7183,20.6113],[105.7204,20.6157],[105.7227,20.6174],[105.7227,20.6188],[105.7249,20.6205],[105.7256,20.6243],[105.7222,20.6266],[105.7257,20.6301],[105.7255,20.6315],[105.723,20.6344],[105.7224,20.6364],[105.7236,20.6396],[105.7217,20.6406],[105.7215,20.6424],[105.719,20.647],[105.7178,20.6497],[105.7183,20.6518],[105.7179,20.6539],[105.7154,20.6533],[105.7152,20.6548],[105.7167,20.6591],[105.7201,20.6607],[105.7218,20.6609],[105.726,20.6642],[105.7244,20.667],[105.7228,20.6709],[105.7236,20.6717],[105.7293,20.6753],[105.7403,20.6664],[105.7412,20.6679],[105.7437,20.6694],[105.7437,20.6667],[105.7502,20.6601],[105.7472,20.6575],[105.7489,20.6556],[105.7463,20.6533],[105.7483,20.6528],[105.7455,20.6507],[105.7464,20.6494],[105.7505,20.6546],[105.7524,20.6515],[105.7523,20.6502],[105.7506,20.6487],[105.7529,20.6463],[105.7543,20.6441],[105.7569,20.6471],[105.7578,20.6474],[105.7562,20.6499],[105.7573,20.6511],[105.7623,20.6505],[105.7625,20.6528],[105.7667,20.6528],[105.7668,20.6543],[105.7694,20.654],[105.7695,20.6555],[105.771,20.6555],[105.7712,20.6596],[105.7728,20.6603],[105.7771,20.6638]]]},"properties":{"name":"Hương Sơn","level":"ward"}}]}