{"type":"FeatureCollection","features":[{"type":"Feature","geometry":{"type":"Polygon","coordinates":[[[104.9266,22.8612],[104.9235,22.8633],[104.9191,22.8686],[104.9159,22.8704],[104.915,22.8716],[104.9141,22.8753],[104.9101,22.8782],[104.9073,22.8795],[104.9065,22.8814],[104.904,22.8838],[104.9063,22.8915],[104.9064,22.893],[104.9041,22.8952],[104.9024,22.8956],[104.9022,22.8972],[104.8988,22.8987],[104.8958,22.9043],[104.8931,22.9073],[104.8912,22.912],[104.8904,22.9126],[104.8918,22.9145],[104.8938,22.9138],[104.8968,22.9151],[104.898,22.9163],[104.9012,22.9151],[104.903,22.9159],[104.9035,22.9122],[104.9055,22.9114],[104.9062,22.9096],[104.9096,22.9111],[104.9122,22.9111],[104.9174,22.9086],[104.9175,22.9067],[104.9195,22.9033],[104.9211,22.9024],[104.9231,22.9024],[104.9236,22.9011],[104.9266,22.8981],[104.928,22.8975],[104.9322,22.8975],[104.9393,22.8964],[104.9416,22.8946],[104.9432,22.8956],[104.9481,22.8926],[104.9498,22.8903],[104.9513,22.8894],[104.956,22.8902],[104.9583,22.8875],[104.9601,22.8863],[104.963,22.886],[104.9638,22.8849],[104.9656,22.8845],[104.9683,22.8829],[104.9721,22.8814],[104.973,22.8805],[104.9775,22.8786],[104.9817,22.8746],[104.9847,22.8742],[104.9872,22.8726],[104.9907,22.8715],[104.9938,22.8683],[104.9997,22.8684],[105.0027,22.8674],[105.0056,22.8678],[105.0081,22.8673],[105.0106,22.868],[105.0107,22.8666],[105.0121,22.865],[105.0128,22.8625],[105.015,22.861],[105.0161,22.8573],[105.0146,22.8555],[105.0139,22.8529],[105.0144,22.8502],[105.0133,22.848],[105.0133,22.8446],[105.0115,22.8404],[105.0139,22.8405],[105.0149,22.8415],[105.0162,22.8403],[105.0166,22.8381],[105.016,22.8356],[105.0181,22.8312],[105.0174,22.8301],[105.0155,22.8295],[105.0165,22.8278],[105.015,22.8263],[105.0138,22.8263],[105.0112,22.8249],[105.0035,22.8255],[105.0044,22.8238],[105.005,22.8196],[105.0065,22.8168],[105.0068,22.8139],[105.0061,22.8112],[105.0075,22.8072],[105.0044,22.8021],[105.0011,22.8009],[104.998,22.8012],[104.995,22.8027],[104.9929,22.8048],[104.9905,22.8054],[104.988,22.8047],[104.9855,22.8033],[104.9838,22.8041],[104.9832,22.8068],[104.9814,22.8066],[104.9802,22.804],[104.9796,22.8047],[104.9796,22.8101],[104.9806,22.811],[104.9846,22.8109],[104.9855,22.8123],[104.9855,22.8143],[104.9842,22.8168],[104.9819,22.8186],[104.9828,22.8204],[104.9846,22.8224],[104.9853,22.8249],[104.9847,22.8272],[104.9846,22.8317],[104.9829,22.8351],[104.9807,22.8368],[104.9786,22.837],[104.9763,22.8351],[104.9745,22.8346],[104.9705,22.8359],[104.9682,22.8372],[104.9657,22.8401],[104.9637,22.8402],[104.9608,22.8389],[104.9599,22.8374],[104.9583,22.8371],[104.9559,22.8384],[104.9536,22.8417],[104.9494,22.844],[104.9474,22.8463],[104.944,22.8479],[104.9413,22.8511],[104.9379,22.8525],[104.933,22.8565],[104.931,22.8587],[104.9266,22.8612]]]},"properties":{"name":"Hà Giang 2","level":"ward"}},{"type":"Feature","geometry":{"type":"Polygon","coordinates":[[[104.9266,22.8612],[104.931,22.8587],[104.933,22.8565],[104.9379,22.8525],[104.9413,22.8511],[104.944,22.8479],[104.9474,22.8463],[104.9494,22.844],[104.9536,22.8417],[104.9559,22.8384],[104.9583,22.8371],[104.9599,22.8374],[104.9608,22.8389],[104.9637,22.8402],[104.9657,22.8401],[104.9682,22.8372],[104.9705,22.8359],[104.9745,22.8346],[104.9763,22.8351],[104.9786,22.837],[104.9807,22.8368],[104.9829,22.8351],[104.9846,22.8317],[104.9847,22.8272],[104.9853,22.8249],[104.9846,22.8224],[104.9828,22.8204],[104.9819,22.8186],[104.9842,22.8168],[104.9855,22.8143],[104.9855,22.8123],[104.9846,22.8109],[104.9806,22.811],[104.9796,22.8101],[104.9796,22.8047],[104.9802,22.804],[104.9824,22.8018],[104.9867,22.8001],[104.9861,22.799],[104.9862,22.7966],[104.9874,22.7941],[104.9906,22.7924],[104.9941,22.7917],[104.9951,22.7895],[104.9931,22.7895],[104.9876,22.7875],[104.9852,22.7879],[104.9838,22.7861],[104.9838,22.782],[104.9825,22.7793],[104.9811,22.7777],[104.9806,22.7742],[104.9816,22.7717],[104.9816,22.7696],[104.9799,22.7678],[104.9786,22.7674],[104.9776,22.7657],[104.9757,22.7645],[104.9734,22.7641],[104.9715,22.7621],[104.9679,22.7603],[104.9704,22.7577],[104.9702,22.7555],[104.9685,22.7554],[104.9645,22.7567],[104.9589,22.7546],[104.9586,22.7556],[104.9565,22.7561],[104.952,22.758],[104.9487,22.761],[104.9455,22.763],[104.9403,22.765],[104.94,22.767],[104.9406,22.7712],[104.9379,22.7733],[104.9325,22.7751],[104.9304,22.7753],[104.9286,22.7762],[104.9262,22.7762],[104.9198,22.7797],[104.9175,22.7798],[104.9156,22.7812],[104.9124,22.7813],[104.9135,22.7867],[104.9134,22.7881],[104.9111,22.7917],[104.9045,22.7912],[104.901,22.7913],[104.8989,22.7919],[104.8958,22.7896],[104.8921,22.7886],[104.8867,22.791],[104.8848,22.7922],[104.8831,22.7948],[104.8774,22.7981],[104.8755,22.8],[104.8731,22.8003],[104.8718,22.8012],[104.8689,22.8018],[104.8655,22.8034],[104.8647,22.8044],[104.8649,22.8063],[104.8631,22.8087],[104.8657,22.8105],[104.8664,22.8132],[104.868,22.8158],[104.8688,22.8183],[104.8731,22.8203],[104.8746,22.8223],[104.8768,22.8238],[104.879,22.8246],[104.8809,22.8272],[104.8833,22.8284],[104.8847,22.8303],[104.8868,22.8306],[104.8916,22.8344],[104.8921,22.8361],[104.8952,22.8387],[104.8964,22.839],[104.8982,22.8423],[104.9042,22.8392],[104.9068,22.8388],[104.9102,22.837],[104.9143,22.8395],[104.9151,22.8423],[104.9172,22.8436],[104.9179,22.8453],[104.9196,22.8459],[104.9215,22.8482],[104.9254,22.8553],[104.9252,22.8579],[104.9243,22.8599],[104.9266,22.8612]]]},"properties":{"name":"Hà Giang 1","level":"ward"}},{"type":"Feature","geometry":{"type":"Polygon","coordinates":[[[105.0075,22.8072],[105.0061,22.8112],[105.0068,22.8139],[105.0065,22.8168],[105.005,22.8196],[105.0044,22.8238],[105.0035,22.8255],[105.0112,22.8249],[105.0138,22.8263],[105.015,22.8263],[105.0165,22.8278],[105.0155,22.8295],[105.0174,22.8301],[105.0181,22.8312],[105.016,22.8356],[105.0166,22.8381],[105.0162,22.8403],[105.0149,22.8415],[105.0139,22.8405],[105.0115,22.8404],[105.0133,22.8446],[105.0133,22.848],[105.0144,22.8502],[105.0139,22.8529],[105.0146,22.8555],[105.0161,22.8573],[105.015,22.861],[105.0128,22.8625],[105.0121,22.865],[105.0107,22.8666],[105.0106,22.868],[105.0099,22.8705],[105.0101,22.8721],[105.0144,22.8718],[105.0151,22.8704],[105.0185,22.8726],[105.0242,22.8788],[105.0272,22.8765],[105.0281,22.874],[105.0306,22.8719],[105.034,22.8715],[105.0359,22.8703],[105.0397,22.8668],[105.0406,22.8665],[105.0419,22.8637],[105.0449,22.8626],[105.0452,22.8599],[105.0472,22.8588],[105.048,22.8562],[105.0499,22.8554],[105.0556,22.8542],[105.0559,22.8518],[105.0585,22.8502],[105.0623,22.8497],[105.0637,22.8469],[105.066,22.8453],[105.0685,22.8445],[105.0724,22.8458],[105.0753,22.8442],[105.0747,22.8413],[105.0733,22.8403],[105.073,22.8373],[105.0764,22.8361],[105.078,22.8345],[105.0819,22.8345],[105.084,22.8336],[105.0859,22.8319],[105.0896,22.8322],[105.0932,22.831],[105.0969,22.8319],[105.1012,22.8299],[105.1029,22.8295],[105.1066,22.8302],[105.109,22.8325],[105.1118,22.8376],[105.1151,22.8394],[105.1162,22.8417],[105.1175,22.8422],[105.1233,22.8399],[105.126,22.8379],[105.1278,22.8373],[105.128,22.8394],[105.1313,22.838],[105.1342,22.838],[105.135,22.8369],[105.1386,22.8331],[105.1417,22.8323],[105.143,22.8309],[105.1459,22.8299],[105.1473,22.8278],[105.1516,22.8278],[105.1543,22.826],[105.1552,22.8233],[105.1566,22.8216],[105.1589,22.8215],[105.1628,22.8194],[105.1633,22.8182],[105.1655,22.8167],[105.1669,22.8166],[105.1725,22.8129],[105.1696,22.8115],[105.1668,22.8091],[105.1645,22.8083],[105.1615,22.8054],[105.1605,22.8039],[105.1622,22.802],[105.1642,22.8014],[105.1638,22.798],[105.1624,22.7971],[105.1623,22.794],[105.1641,22.7897],[105.1635,22.7875],[105.1617,22.7875],[105.1602,22.7864],[105.1585,22.7872],[105.1568,22.789],[105.1556,22.7924],[105.1535,22.7874],[105.1543,22.7849],[105.1601,22.7818],[105.1553,22.7761],[105.1537,22.7756],[105.1536,22.7733],[105.1525,22.7724],[105.1507,22.7684],[105.1509,22.7663],[105.1522,22.7642],[105.1542,22.7635],[105.1546,22.7621],[105.1536,22.7608],[105.1543,22.7585],[105.1536,22.7558],[105.1573,22.7567],[105.1585,22.7554],[105.1584,22.7518],[105.1561,22.7505],[105.1555,22.7478],[105.1525,22.7489],[105.15,22.745],[105.1465,22.7469],[105.1448,22.7447],[105.1439,22.7424],[105.1419,22.7426],[105.1406,22.7449],[105.1386,22.7432],[105.137,22.7412],[105.1357,22.7406],[105.1338,22.7435],[105.1309,22.7461],[105.1284,22.7504],[105.1275,22.7505],[105.1259,22.7536],[105.1236,22.7563],[105.122,22.7575],[105.1192,22.7581],[105.1168,22.7579],[105.1151,22.7586],[105.1125,22.7609],[105.1094,22.7612],[105.1083,22.7619],[105.1057,22.7622],[105.1045,22.7644],[105.1055,22.7671],[105.1045,22.7703],[105.102,22.7729],[105.1008,22.7731],[105.0988,22.772],[105.0977,22.7726],[105.0965,22.7758],[105.0949,22.7762],[105.0941,22.7778],[105.0912,22.7792],[105.0888,22.779],[105.0844,22.7822],[105.0803,22.781],[105.0755,22.7843],[105.074,22.7834],[105.0711,22.7862],[105.0716,22.7895],[105.0714,22.7909],[105.068,22.7944],[105.0667,22.798],[105.0656,22.7993],[105.0631,22.8077],[105.0609,22.8097],[105.0602,22.8124],[105.0588,22.8141],[105.0587,22.8155],[105.0566,22.8169],[105.0546,22.8172],[105.0532,22.819],[105.051,22.8204],[105.0485,22.8187],[105.0432,22.8218],[105.0431,22.8231],[105.0416,22.8242],[105.0388,22.823],[105.0349,22.819],[105.0323,22.8189],[105.0321,22.8155],[105.0307,22.8134],[105.0317,22.8108],[105.0296,22.8075],[105.0283,22.8076],[105.0256,22.8091],[105.0237,22.809],[105.0228,22.8102],[105.0188,22.8077],[105.0158,22.8075],[105.013,22.8086],[105.0075,22.8072]]]},"properties":{"name":"Ngọc Đường","level":"ward"}},{"type":"Feature","geometry":{"type":"Polygon","coordinates":[[[104.9802,22.804],[104.9814,22.8066],[104.9832,22.8068],[104.9838,22.8041],[104.9855,22.8033],[104.988,22.8047],[104.9905,22.8054],[104.9929,22.8048],[104.995,22.8027],[104.998,22.8012],[105.0011,22.8009],[105.0044,22.8021],[105.0075,22.8072],[105.013,22.8086],[105.0158,22.8075],[105.0188,22.8077],[105.0228,22.8102],[105.0237,22.809],[105.0256,22.8091],[105.0283,22.8076],[105.0296,22.8075],[105.0317,22.8108],[105.0307,22.8134],[105.0321,22.8155],[105.0323,22.8189],[105.0349,22.819],[105.0388,22.823],[105.0416,22.8242],[105.0431,22.8231],[105.0432,22.8218],[105.0485,22.8187],[105.051,22.8204],[105.0532,22.819],[105.0546,22.8172],[105.0566,22.8169],[105.0587,22.8155],[105.0588,22.8141],[105.0602,22.8124],[105.0609,22.8097],[105.0631,22.8077],[105.0656,22.7993],[105.0667,22.798],[105.068,22.7944],[105.0714,22.7909],[105.0716,22.7895],[105.0711,22.7862],[105.074,22.7834],[105.0755,22.7843],[105.0803,22.781],[105.0844,22.7822],[105.0888,22.779],[105.0912,22.7792],[105.0941,22.7778],[105.0949,22.7762],[105.0965,22.7758],[105.0977,22.7726],[105.0988,22.772],[105.1008,22.7731],[105.102,22.7729],[105.1045,22.7703],[105.1055,22.7671],[105.1045,22.7644],[105.1057,22.7622],[105.1083,22.7619],[105.1094,22.7612],[105.1125,22.7609],[105.1151,22.7586],[105.1168,22.7579],[105.1192,22.7581],[105.122,22.7575],[105.1236,22.7563],[105.1259,22.7536],[105.1275,22.7505],[105.1284,22.7504],[105.1309,22.7461],[105.1338,22.7435],[105.1357,22.7406],[105.1328,22.7392],[105.1313,22.7365],[105.1315,22.7335],[105.1295,22.7306],[105.1267,22.732],[105.1229,22.732],[105.1214,22.7314],[105.1186,22.732],[105.1179,22.7315],[105.1173,22.7286],[105.1157,22.7273],[105.1138,22.7247],[105.1111,22.7219],[105.1088,22.7204],[105.1083,22.7184],[105.1063,22.7152],[105.1042,22.7157],[105.1027,22.7153],[105.101,22.7161],[105.0998,22.7188],[105.0983,22.7192],[105.098,22.7212],[105.0956,22.7218],[105.0949,22.7235],[105.0936,22.7246],[105.0914,22.7216],[105.0896,22.7213],[105.0875,22.7228],[105.0868,22.7252],[105.0836,22.7264],[105.0823,22.7243],[105.0812,22.7237],[105.078,22.7237],[105.0744,22.7226],[105.072,22.7213],[105.0713,22.7231],[105.0695,22.7255],[105.0694,22.7267],[105.0658,22.7293],[105.0605,22.7323],[105.0587,22.7326],[105.0567,22.7381],[105.0563,22.7411],[105.0521,22.7414],[105.0471,22.7407],[105.0426,22.7409],[105.0414,22.7394],[105.0387,22.7373],[105.037,22.7347],[105.0347,22.7338],[105.0338,22.732],[105.0324,22.7312],[105.029,22.7316],[105.0254,22.7325],[105.0244,22.7321],[105.0251,22.7293],[105.0221,22.7264],[105.0218,22.725],[105.0184,22.7227],[105.0177,22.7192],[105.0206,22.7147],[105.021,22.7126],[105.0202,22.7112],[105.0199,22.7079],[105.018,22.7053],[105.0186,22.7039],[105.0184,22.6989],[105.019,22.6971],[105.0181,22.6964],[105.018,22.6918],[105.0152,22.6888],[105.0143,22.6856],[105.0127,22.6821],[105.0103,22.6806],[105.0098,22.6792],[105.0081,22.6776],[105.005,22.6777],[105.0015,22.6767],[105.0006,22.6789],[104.9972,22.6808],[104.9942,22.6799],[104.9919,22.6799],[104.9901,22.6806],[104.9907,22.6818],[104.9888,22.6839],[104.9873,22.6847],[104.9868,22.6882],[104.9879,22.6961],[104.9879,22.6995],[104.9871,22.7073],[104.9872,22.7126],[104.989,22.7166],[104.9897,22.7192],[104.9917,22.7224],[104.9917,22.7243],[104.9926,22.7268],[104.9918,22.729],[104.9922,22.7315],[104.9949,22.7351],[104.9949,22.7373],[104.9993,22.7404],[105.0031,22.7464],[105.0047,22.7481],[105.0069,22.7494],[105.0076,22.7522],[105.007,22.7551],[105.0092,22.7579],[105.0097,22.7603],[105.0072,22.7612],[105.0077,22.764],[105.0067,22.7656],[105.0063,22.7682],[105.005,22.7723],[105.0035,22.7748],[105.0004,22.7776],[104.9976,22.7789],[104.9956,22.7804],[104.9932,22.7851],[104.9933,22.7873],[104.9951,22.7895],[104.9941,22.7917],[104.9906,22.7924],[104.9874,22.7941],[104.9862,22.7966],[104.9861,22.799],[104.9867,22.8001],[104.9824,22.8018],[104.9802,22.804]]]},"properties":{"name":"Phú Linh","level":"ward"}},{"type":"Feature","geometry":{"type":"Polygon","coordinates":[[[105.3702,23.32],[105.3686,23.3194],[105.3653,23.3172],[105.3626,23.317],[105.3594,23.3158],[105.3568,23.3157],[105.3525,23.3147],[105.3485,23.3152],[105.3478,23.3133],[105.3464,23.3126],[105.3456,23.3109],[105.3443,23.3115],[105.3425,23.3092],[105.3411,23.3089],[105.34,23.3068],[105.3368,23.3046],[105.3357,23.303],[105.3313,23.3013],[105.3308,23.2998],[105.3293,23.2999],[105.3269,23.2986],[105.3256,23.2968],[105.3222,23.2959],[105.3211,23.2944],[105.3185,23.2932],[105.3162,23.2914],[105.3118,23.2888],[105.3077,23.2881],[105.307,23.2892],[105.3043,23.2898],[105.3011,23.2864],[105.296,23.2854],[105.2954,23.2839],[105.2915,23.2817],[105.2875,23.2809],[105.2873,23.2782],[105.2855,23.2765],[105.2795,23.2774],[105.2782,23.2757],[105.278,23.272],[105.2766,23.2707],[105.2778,23.2694],[105.2768,23.2684],[105.2756,23.2649],[105.2767,23.2586],[105.2713,23.2598],[105.2698,23.2585],[105.2654,23.2602],[105.2621,23.263],[105.2586,23.2633],[105.2567,23.2665],[105.2555,23.2672],[105.2555,23.2699],[105.2537,23.2699],[105.2518,23.2708],[105.2503,23.2703],[105.2486,23.2729],[105.2485,23.2744],[105.2466,23.2743],[105.2433,23.2772],[105.2423,23.2771],[105.2398,23.2793],[105.2386,23.2818],[105.2355,23.283],[105.2342,23.2845],[105.2354,23.2857],[105.2341,23.2884],[105.2406,23.2909],[105.2437,23.2908],[105.246,23.2927],[105.2475,23.2956],[105.2478,23.2983],[105.2503,23.2998],[105.2505,23.3064],[105.2495,23.3093],[105.2519,23.3102],[105.2526,23.3112],[105.2567,23.3126],[105.2579,23.3153],[105.2586,23.3194],[105.2563,23.3214],[105.2557,23.3255],[105.2525,23.33],[105.25,23.331],[105.249,23.3328],[105.2507,23.3339],[105.2514,23.3354],[105.254,23.3391],[105.256,23.3396],[105.2565,23.3425],[105.261,23.3434],[105.2636,23.3426],[105.2666,23.3428],[105.2679,23.3418],[105.2746,23.3395],[105.2765,23.3416],[105.2782,23.3411],[105.2812,23.3423],[105.2831,23.342],[105.2841,23.3433],[105.2843,23.3473],[105.2859,23.349],[105.286,23.3506],[105.2876,23.3522],[105.2872,23.3555],[105.2878,23.359],[105.29,23.36],[105.2927,23.3604],[105.2941,23.363],[105.2966,23.3651],[105.2978,23.3685],[105.2993,23.3702],[105.3012,23.3705],[105.3027,23.3716],[105.3026,23.374],[105.3079,23.3819],[105.3114,23.3821],[105.3134,23.3836],[105.3145,23.3853],[105.3174,23.3872],[105.3203,23.3911],[105.3221,23.3924],[105.3249,23.3923],[105.3271,23.3901],[105.3305,23.3835],[105.3324,23.3823],[105.335,23.3795],[105.3384,23.3766],[105.3404,23.3758],[105.3441,23.3726],[105.3464,23.3712],[105.3482,23.3693],[105.3507,23.3646],[105.3506,23.3593],[105.3496,23.3553],[105.3497,23.3538],[105.3509,23.3516],[105.351,23.3474],[105.3513,23.3453],[105.3541,23.3415],[105.355,23.3397],[105.3593,23.3357],[105.3613,23.3328],[105.3665,23.3263],[105.3685,23.3246],[105.3702,23.32]]]},"properties":{"name":"Lũng Cú","level":"ward"}},{"type":"Feature","geometry":{"type":"Polygon","coordinates":[[[105.2767,23.2586],[105.2756,23.2649],[105.2768,23.2684],[105.2778,23.2694],[105.2766,23.2707],[105.278,23.272],[105.2782,23.2757],[105.2795,23.2774],[105.2855,23.2765],[105.2873,23.2782],[105.2875,23.2809],[105.2915,23.2817],[105.2954,23.2839],[105.296,23.2854],[105.3011,23.2864],[105.3043,23.2898],[105.307,23.2892],[105.3077,23.2881],[105.3118,23.2888],[105.3162,23.2914],[105.3185,23.2932],[105.3211,23.2944],[105.3222,23.2959],[105.3256,23.2968],[105.3269,23.2986],[105.3293,23.2999],[105.3308,23.2998],[105.3313,23.3013],[105.3357,23.303],[105.3368,23.3046],[105.34,23.3068],[105.3411,23.3089],[105.3425,23.3092],[105.3443,23.3115],[105.3456,23.3109],[105.3464,23.3126],[105.3478,23.3133],[105.3485,23.3152],[105.3525,23.3147],[105.3568,23.3157],[105.3594,23.3158],[105.3626,23.317],[105.3653,23.3172],[105.3686,23.3194],[105.3702,23.32],[105.3729,23.3173],[105.383,23.3109],[105.3852,23.3083],[105.3868,23.3051],[105.3893,23.3025],[105.3896,23.3006],[105.3907,23.2994],[105.3937,23.293],[105.3965,23.2893],[105.3991,23.2827],[105.4,23.2813],[105.4003,23.2769],[105.4016,23.2754],[105.4065,23.2714],[105.4077,23.2679],[105.4078,23.2648],[105.4062,23.2611],[105.4063,23.2585],[105.4078,23.2553],[105.4142,23.2536],[105.4178,23.2519],[105.4186,23.2493],[105.4184,23.2462],[105.4178,23.2443],[105.4188,23.2406],[105.4184,23.2379],[105.4191,23.2364],[105.4172,23.2364],[105.4142,23.2388],[105.411,23.2405],[105.4083,23.239],[105.4089,23.237],[105.4057,23.236],[105.4026,23.2374],[105.401,23.2367],[105.4011,23.2349],[105.3981,23.2334],[105.397,23.2335],[105.3967,23.2361],[105.3951,23.2366],[105.3922,23.2349],[105.3908,23.2349],[105.3899,23.2331],[105.3901,23.2313],[105.3887,23.2298],[105.3924,23.2274],[105.3929,23.2261],[105.392,23.2239],[105.3922,23.2225],[105.3945,23.222],[105.3949,23.2203],[105.3931,23.219],[105.3886,23.2195],[105.3852,23.2188],[105.3843,23.2178],[105.3803,23.2193],[105.3791,23.2192],[105.3788,23.2163],[105.3774,23.2151],[105.3765,23.2129],[105.3736,23.2123],[105.3729,23.2106],[105.3743,23.2088],[105.3773,23.207],[105.3744,23.2047],[105.3748,23.2033],[105.3709,23.2024],[105.3692,23.2037],[105.3691,23.2053],[105.3669,23.2057],[105.3638,23.2033],[105.3604,23.2058],[105.3597,23.202],[105.3578,23.2008],[105.3554,23.2016],[105.3516,23.2004],[105.3514,23.199],[105.3533,23.1984],[105.3547,23.196],[105.3519,23.1954],[105.3507,23.1934],[105.3482,23.194],[105.347,23.1928],[105.345,23.1934],[105.3446,23.1943],[105.3415,23.1949],[105.3386,23.1964],[105.3381,23.1996],[105.3397,23.2025],[105.3425,23.2044],[105.3431,23.2069],[105.3407,23.2095],[105.3406,23.2132],[105.341,23.2147],[105.3377,23.2145],[105.3348,23.2124],[105.3326,23.2119],[105.3324,23.2093],[105.3283,23.2079],[105.3277,23.206],[105.326,23.2055],[105.3252,23.2072],[105.3235,23.2064],[105.3239,23.204],[105.3213,23.2037],[105.3202,23.2048],[105.3198,23.2075],[105.3223,23.2098],[105.3221,23.2119],[105.3172,23.211],[105.3143,23.2096],[105.3096,23.21],[105.3044,23.2086],[105.3023,23.2121],[105.2991,23.2146],[105.2966,23.2185],[105.2964,23.2209],[105.2974,23.223],[105.2974,23.2251],[105.2946,23.2266],[105.2954,23.2283],[105.2919,23.2305],[105.2908,23.2333],[105.2915,23.2341],[105.2944,23.2349],[105.2949,23.2369],[105.2939,23.2385],[105.2947,23.2412],[105.2942,23.2432],[105.2911,23.2463],[105.2892,23.2438],[105.2863,23.2443],[105.2822,23.2433],[105.2806,23.2443],[105.2792,23.2461],[105.275,23.2472],[105.2748,23.2493],[105.2785,23.251],[105.2803,23.2528],[105.2787,23.256],[105.2767,23.2586]]]},"properties":{"name":"Đồng Văn","level":"ward"}},{"type":"Feature","geometry":{"type":"Polygon","coordinates":[[[105.2423,23.2771],[105.2433,23.2772],[105.2466,23.2743],[105.2485,23.2744],[105.2486,23.2729],[105.2503,23.2703],[105.2518,23.2708],[105.2537,23.2699],[105.2555,23.2699],[105.2555,23.2672],[105.2567,23.2665],[105.2586,23.2633],[105.2621,23.263],[105.2654,23.2602],[105.2698,23.2585],[105.2713,23.2598],[105.2767,23.2586],[105.2787,23.256],[105.2803,23.2528],[105.2785,23.251],[105.2748,23.2493],[105.275,23.2472],[105.2792,23.2461],[105.2806,23.2443],[105.2822,23.2433],[105.2863,23.2443],[105.2892,23.2438],[105.2911,23.2463],[105.2942,23.2432],[105.2947,23.2412],[105.2939,23.2385],[105.2949,23.2369],[105.2944,23.2349],[105.2915,23.2341],[105.2908,23.2333],[105.2919,23.2305],[105.2954,23.2283],[105.2946,23.2266],[105.2974,23.2251],[105.2974,23.223],[105.2964,23.2209],[105.2966,23.2185],[105.2991,23.2146],[105.3023,23.2121],[105.3044,23.2086],[105.3042,23.2058],[105.3033,23.2051],[105.2994,23.2035],[105.299,23.2016],[105.2972,23.1989],[105.296,23.1982],[105.2949,23.1953],[105.2927,23.1934],[105.2936,23.1899],[105.2909,23.1881],[105.289,23.1888],[105.2907,23.1913],[105.2893,23.1918],[105.2874,23.1942],[105.2864,23.1964],[105.2827,23.1977],[105.2814,23.1969],[105.2807,23.1946],[105.2771,23.1916],[105.2775,23.19],[105.2739,23.1879],[105.2708,23.1879],[105.2708,23.1888],[105.2688,23.1909],[105.2657,23.1896],[105.2619,23.1896],[105.2585,23.1882],[105.2572,23.1817],[105.255,23.1819],[105.2519,23.1815],[105.251,23.1821],[105.2475,23.1815],[105.249,23.1792],[105.2483,23.1777],[105.2444,23.1788],[105.2426,23.177],[105.2425,23.1747],[105.2405,23.1753],[105.2371,23.1741],[105.236,23.173],[105.233,23.1738],[105.2309,23.1725],[105.2286,23.1711],[105.2258,23.1711],[105.2247,23.1699],[105.2228,23.1708],[105.2207,23.1702],[105.2176,23.171],[105.2162,23.1741],[105.2186,23.1766],[105.2183,23.1777],[105.2149,23.1789],[105.2125,23.1806],[105.213,23.1852],[105.2116,23.1897],[105.2092,23.1914],[105.2079,23.1951],[105.2081,23.1969],[105.2106,23.1973],[105.2134,23.2008],[105.214,23.2038],[105.2154,23.2037],[105.2191,23.2005],[105.2208,23.2005],[105.2232,23.2042],[105.2251,23.2055],[105.2245,23.2067],[105.2247,23.2094],[105.2262,23.2105],[105.2257,23.2123],[105.2231,23.211],[105.2215,23.2111],[105.2204,23.213],[105.2187,23.2138],[105.2163,23.2138],[105.2137,23.2153],[105.2118,23.2148],[105.2087,23.2156],[105.2022,23.2216],[105.1988,23.2219],[105.1984,23.2227],[105.1937,23.2244],[105.1913,23.2265],[105.1919,23.2283],[105.1972,23.2309],[105.1982,23.2326],[105.1983,23.2355],[105.1974,23.2391],[105.1983,23.2407],[105.1986,23.2434],[105.1967,23.246],[105.1958,23.249],[105.1972,23.2504],[105.1964,23.2531],[105.1968,23.2572],[105.1945,23.2584],[105.1948,23.2624],[105.1942,23.2634],[105.1945,23.2665],[105.1964,23.2686],[105.1976,23.2715],[105.1999,23.2732],[105.2014,23.2733],[105.203,23.2716],[105.2067,23.2725],[105.208,23.2721],[105.2104,23.2694],[105.2098,23.2677],[105.2138,23.2672],[105.2171,23.2694],[105.2206,23.2708],[105.223,23.2693],[105.2245,23.2674],[105.2261,23.2669],[105.2255,23.2651],[105.2265,23.2609],[105.2293,23.262],[105.2322,23.2609],[105.2343,23.2617],[105.235,23.263],[105.2372,23.2647],[105.2372,23.2666],[105.2364,23.2678],[105.2378,23.2692],[105.2386,23.2726],[105.2384,23.2764],[105.2405,23.2763],[105.2423,23.2771]]]},"properties":{"name":"Sà Phìn","level":"ward"}},{"type":"Feature","geometry":{"type":"Polygon","coordinates":[[[105.1999,23.2732],[105.1976,23.2715],[105.1964,23.2686],[105.1945,23.2665],[105.1942,23.2634],[105.1948,23.2624],[105.1945,23.2584],[105.1968,23.2572],[105.1964,23.2531],[105.1972,23.2504],[105.1958,23.249],[105.1967,23.246],[105.1986,23.2434],[105.1983,23.2407],[105.1974,23.2391],[105.1983,23.2355],[105.1982,23.2326],[105.1972,23.2309],[105.1919,23.2283],[105.1913,23.2265],[105.1937,23.2244],[105.1984,23.2227],[105.1988,23.2219],[105.2022,23.2216],[105.2087,23.2156],[105.2118,23.2148],[105.2137,23.2153],[105.2163,23.2138],[105.2187,23.2138],[105.2204,23.213],[105.2215,23.2111],[105.2231,23.211],[105.2257,23.2123],[105.2262,23.2105],[105.2247,23.2094],[105.2245,23.2067],[105.2251,23.2055],[105.2232,23.2042],[105.2208,23.2005],[105.2191,23.2005],[105.2154,23.2037],[105.214,23.2038],[105.2134,23.2008],[105.2106,23.1973],[105.2081,23.1969],[105.2079,23.1951],[105.2092,23.1914],[105.2116,23.1897],[105.213,23.1852],[105.2125,23.1806],[105.2149,23.1789],[105.2183,23.1777],[105.2186,23.1766],[105.2162,23.1741],[105.2176,23.171],[105.2172,23.1704],[105.2138,23.1714],[105.2112,23.1726],[105.2035,23.1724],[105.1976,23.1706],[105.1942,23.169],[105.1919,23.1674],[105.1856,23.1646],[105.1842,23.163],[105.1809,23.1608],[105.1797,23.1606],[105.179,23.1584],[105.174,23.1579],[105.1743,23.1596],[105.1732,23.1629],[105.1704,23.166],[105.1687,23.1694],[105.1695,23.172],[105.1722,23.1739],[105.1723,23.1753],[105.1672,23.176],[105.1671,23.1774],[105.1684,23.1786],[105.1649,23.1795],[105.1641,23.1811],[105.1617,23.182],[105.1603,23.1835],[105.1584,23.1846],[105.1567,23.1871],[105.1528,23.1903],[105.1495,23.1951],[105.1449,23.1959],[105.1439,23.1978],[105.1436,23.1999],[105.1417,23.2021],[105.1418,23.2054],[105.1399,23.2072],[105.1424,23.2108],[105.1442,23.2113],[105.1448,23.2125],[105.1441,23.2138],[105.1449,23.2161],[105.1442,23.2202],[105.1432,23.2227],[105.1411,23.2234],[105.1402,23.2257],[105.1387,23.2263],[105.1366,23.2254],[105.1354,23.2233],[105.1342,23.2237],[105.1327,23.2259],[105.131,23.2303],[105.1293,23.2323],[105.1292,23.2348],[105.128,23.2358],[105.1279,23.2384],[105.1272,23.2405],[105.1256,23.2404],[105.1245,23.2416],[105.1246,23.2441],[105.1236,23.245],[105.1224,23.2482],[105.1205,23.2488],[105.1194,23.2506],[105.1211,23.2518],[105.1246,23.2533],[105.1262,23.2572],[105.131,23.2559],[105.1353,23.2563],[105.1356,23.2581],[105.1411,23.2621],[105.1436,23.261],[105.1464,23.2621],[105.1494,23.2649],[105.1537,23.2655],[105.156,23.267],[105.1576,23.2717],[105.1597,23.2712],[105.162,23.273],[105.1638,23.2769],[105.1652,23.2782],[105.1664,23.2781],[105.168,23.2795],[105.1685,23.281],[105.1673,23.2824],[105.1685,23.2837],[105.1701,23.2831],[105.1713,23.2836],[105.1699,23.288],[105.1707,23.2892],[105.1758,23.2887],[105.1786,23.288],[105.1803,23.2868],[105.1804,23.2841],[105.1821,23.2824],[105.1818,23.2791],[105.1822,23.2776],[105.1849,23.2773],[105.1861,23.2786],[105.1904,23.2802],[105.1931,23.2796],[105.1952,23.2813],[105.1973,23.2801],[105.1993,23.2784],[105.1981,23.277],[105.1982,23.2748],[105.1999,23.2732]]]},"properties":{"name":"Phố Bảng","level":"ward"}},{"type":"Feature","geometry":{"type":"Polygon","coordinates":[[[105.2309,23.1725],[105.233,23.1738],[105.236,23.173],[105.2371,23.1741],[105.2405,23.1753],[105.2425,23.1747],[105.2426,23.177],[105.2444,23.1788],[105.2483,23.1777],[105.249,23.1792],[105.2475,23.1815],[105.251,23.1821],[105.2519,23.1815],[105.255,23.1819],[105.2572,23.1817],[105.2585,23.1882],[105.2619,23.1896],[105.2657,23.1896],[105.2688,23.1909],[105.2708,23.1888],[105.2708,23.1879],[105.27,23.1841],[105.2708,23.1819],[105.2735,23.1811],[105.2744,23.1799],[105.2766,23.1794],[105.2786,23.1768],[105.2819,23.1769],[105.2838,23.1751],[105.2815,23.1739],[105.2838,23.1717],[105.2844,23.1698],[105.2873,23.167],[105.2895,23.1667],[105.2907,23.1675],[105.2957,23.1667],[105.2971,23.1676],[105.3012,23.1678],[105.302,23.1674],[105.3011,23.1643],[105.3015,23.1616],[105.3034,23.1595],[105.3035,23.1584],[105.3017,23.1564],[105.3036,23.1553],[105.3047,23.1536],[105.3084,23.1563],[105.3088,23.1572],[105.3113,23.1583],[105.3136,23.1571],[105.3186,23.1563],[105.3169,23.1532],[105.3141,23.1496],[105.3079,23.1466],[105.3062,23.1462],[105.3056,23.1446],[105.3059,23.142],[105.305,23.1412],[105.3022,23.136],[105.3012,23.1359],[105.2998,23.134],[105.2973,23.134],[105.2961,23.1328],[105.2964,23.1316],[105.2947,23.1291],[105.2949,23.1261],[105.2939,23.1251],[105.2978,23.1228],[105.2969,23.118],[105.2932,23.1158],[105.2947,23.1141],[105.2949,23.1121],[105.2931,23.1097],[105.2916,23.1089],[105.2908,23.1072],[105.2912,23.1059],[105.2911,23.1023],[105.287,23.1003],[105.2856,23.0983],[105.283,23.097],[105.2773,23.0965],[105.2763,23.0949],[105.2722,23.0947],[105.2692,23.0932],[105.2666,23.0927],[105.265,23.0934],[105.2618,23.0965],[105.2582,23.0979],[105.2592,23.0961],[105.2596,23.0934],[105.2582,23.0923],[105.258,23.0897],[105.2561,23.0909],[105.2546,23.0941],[105.2505,23.097],[105.2442,23.0981],[105.2409,23.1009],[105.237,23.1024],[105.2332,23.1026],[105.2323,23.1034],[105.2269,23.1023],[105.2238,23.1067],[105.2232,23.1086],[105.2182,23.1136],[105.2177,23.1164],[105.2142,23.1189],[105.2131,23.1192],[105.2101,23.1227],[105.211,23.1252],[105.2138,23.1263],[105.2186,23.1295],[105.2075,23.1352],[105.2089,23.1416],[105.2123,23.1429],[105.2222,23.1386],[105.2254,23.1413],[105.2256,23.1454],[105.2298,23.1442],[105.2309,23.1459],[105.2257,23.1502],[105.2265,23.152],[105.2299,23.1529],[105.2316,23.1543],[105.2343,23.1547],[105.2352,23.1559],[105.2341,23.1581],[105.2357,23.1625],[105.2332,23.1658],[105.2336,23.1685],[105.2313,23.17],[105.2309,23.1725]]]},"properties":{"name":"Lũng Phìn","level":"ward"}},{"type":"Feature","geometry":{"type":"Polygon","coordinates":[[[105.3709,23.2024],[105.3748,23.2033],[105.3744,23.2047],[105.3773,23.207],[105.3743,23.2088],[105.3729,23.2106],[105.3736,23.2123],[105.3765,23.2129],[105.3774,23.2151],[105.3788,23.2163],[105.3791,23.2192],[105.3803,23.2193],[105.3843,23.2178],[105.3852,23.2188],[105.3886,23.2195],[105.3931,23.219],[105.3949,23.2203],[105.3945,23.222],[105.3922,23.2225],[105.392,23.2239],[105.3929,23.2261],[105.3924,23.2274],[105.3887,23.2298],[105.3901,23.2313],[105.3899,23.2331],[105.3908,23.2349],[105.3922,23.2349],[105.3951,23.2366],[105.3967,23.2361],[105.397,23.2335],[105.3981,23.2334],[105.4011,23.2349],[105.401,23.2367],[105.4026,23.2374],[105.4057,23.236],[105.4089,23.237],[105.4083,23.239],[105.411,23.2405],[105.4142,23.2388],[105.4172,23.2364],[105.4191,23.2364],[105.4206,23.2345],[105.4263,23.232],[105.4305,23.2308],[105.4352,23.231],[105.4371,23.2304],[105.4414,23.2261],[105.4423,23.2235],[105.4432,23.2232],[105.4474,23.2201],[105.4485,23.2198],[105.449,23.2177],[105.4513,23.2138],[105.4537,23.2125],[105.4553,23.2105],[105.4562,23.2063],[105.4598,23.2018],[105.4634,23.1999],[105.465,23.1977],[105.4683,23.1949],[105.4696,23.1919],[105.4728,23.1869],[105.4763,23.1841],[105.4792,23.1807],[105.4757,23.179],[105.4731,23.1781],[105.4708,23.1792],[105.4681,23.1781],[105.4651,23.1784],[105.4638,23.1767],[105.4617,23.1765],[105.4587,23.1771],[105.4577,23.1794],[105.4541,23.1788],[105.453,23.1812],[105.4502,23.1827],[105.4491,23.1828],[105.4481,23.1795],[105.4452,23.1752],[105.4441,23.1718],[105.4409,23.1711],[105.4395,23.1716],[105.4367,23.1712],[105.4372,23.1695],[105.4356,23.1642],[105.4367,23.1627],[105.4341,23.1604],[105.4325,23.1563],[105.4308,23.1563],[105.4316,23.153],[105.4307,23.1515],[105.4292,23.151],[105.4287,23.1477],[105.4278,23.1459],[105.4302,23.1454],[105.4331,23.1441],[105.4352,23.1439],[105.4382,23.1449],[105.4402,23.1447],[105.4424,23.1429],[105.4426,23.1396],[105.4409,23.1371],[105.4405,23.1351],[105.4394,23.134],[105.442,23.1303],[105.4435,23.1293],[105.4406,23.1262],[105.4406,23.1251],[105.4391,23.1245],[105.4363,23.1246],[105.4347,23.1255],[105.4311,23.1254],[105.4281,23.1272],[105.4241,23.1277],[105.4211,23.1264],[105.4182,23.1276],[105.417,23.1315],[105.4169,23.1358],[105.4158,23.1369],[105.4129,23.1374],[105.4106,23.136],[105.4076,23.139],[105.4056,23.1394],[105.4024,23.1411],[105.4009,23.1389],[105.3989,23.1392],[105.3965,23.1368],[105.3962,23.1357],[105.3932,23.1331],[105.393,23.1268],[105.3899,23.1247],[105.3868,23.1236],[105.3851,23.1237],[105.382,23.1213],[105.3797,23.1231],[105.3786,23.1245],[105.3773,23.1234],[105.3716,23.122],[105.3709,23.1246],[105.3675,23.1269],[105.3667,23.1292],[105.3653,23.1305],[105.3652,23.1344],[105.3665,23.1358],[105.366,23.1386],[105.3639,23.139],[105.3617,23.1385],[105.3598,23.1395],[105.3552,23.1402],[105.3546,23.1419],[105.355,23.1474],[105.3548,23.15],[105.3593,23.1506],[105.3606,23.1504],[105.3611,23.1534],[105.3643,23.1556],[105.3646,23.1575],[105.3667,23.1584],[105.3683,23.1583],[105.3686,23.1603],[105.3674,23.1618],[105.3676,23.1637],[105.3659,23.1641],[105.3655,23.1653],[105.3669,23.1669],[105.3667,23.1686],[105.3633,23.1725],[105.3645,23.1734],[105.3664,23.1728],[105.3678,23.1733],[105.3703,23.1776],[105.3719,23.1789],[105.3722,23.1808],[105.3698,23.1822],[105.3687,23.1855],[105.367,23.1866],[105.3666,23.1894],[105.3658,23.1906],[105.3663,23.1927],[105.3677,23.1954],[105.3692,23.1959],[105.3713,23.1949],[105.3734,23.1971],[105.3726,23.1998],[105.3709,23.2024]]]},"properties":{"name":"Mèo Vạc","level":"ward"}},{"type":"Feature","geometry":{"type":"Polygon","coordinates":[[[105.4191,23.2364],[105.4184,23.2379],[105.4188,23.2406],[105.4178,23.2443],[105.4184,23.2462],[105.4186,23.2493],[105.4178,23.2519],[105.4142,23.2536],[105.4078,23.2553],[105.4063,23.2585],[105.4062,23.2611],[105.4078,23.2648],[105.4077,23.2679],[105.4065,23.2714],[105.4016,23.2754],[105.4003,23.2769],[105.4,23.2813],[105.3991,23.2827],[105.3965,23.2893],[105.3937,23.293],[105.3907,23.2994],[105.3896,23.3006],[105.3893,23.3025],[105.3868,23.3051],[105.3852,23.3083],[105.383,23.3109],[105.3849,23.3122],[105.3862,23.3141],[105.4012,23.2969],[105.4025,23.2954],[105.4059,23.2935],[105.4071,23.2918],[105.4095,23.29],[105.411,23.288],[105.4165,23.2854],[105.4191,23.2849],[105.4215,23.2851],[105.4226,23.2868],[105.4287,23.2906],[105.4295,23.2919],[105.4265,23.2956],[105.4287,23.3016],[105.4301,23.3029],[105.4343,23.3028],[105.4348,23.3007],[105.4392,23.3007],[105.4415,23.2995],[105.441,23.2981],[105.4455,23.2942],[105.4471,23.2908],[105.4462,23.2898],[105.4465,23.2865],[105.4481,23.2843],[105.4481,23.2829],[105.4508,23.2778],[105.4532,23.2761],[105.4551,23.2741],[105.459,23.2719],[105.46,23.2702],[105.4626,23.2679],[105.4624,23.2669],[105.4651,23.2646],[105.4679,23.2595],[105.4688,23.2569],[105.4725,23.2549],[105.4727,23.2515],[105.4779,23.2467],[105.4797,23.2468],[105.4811,23.2445],[105.4834,23.243],[105.4867,23.2373],[105.4871,23.2341],[105.4898,23.2329],[105.493,23.2322],[105.4922,23.2306],[105.4912,23.226],[105.4923,23.222],[105.4915,23.2209],[105.4942,23.2185],[105.4948,23.2158],[105.496,23.2142],[105.4959,23.212],[105.4979,23.2102],[105.4969,23.2063],[105.4983,23.203],[105.5002,23.2019],[105.502,23.202],[105.5046,23.2002],[105.5059,23.2003],[105.5097,23.1975],[105.5126,23.1962],[105.5149,23.1972],[105.5174,23.1964],[105.5203,23.1933],[105.5239,23.1898],[105.5267,23.1887],[105.5335,23.1909],[105.5397,23.1925],[105.5411,23.1939],[105.5437,23.1935],[105.5448,23.1918],[105.5461,23.1914],[105.5484,23.1885],[105.55,23.1889],[105.553,23.1877],[105.5542,23.1832],[105.5558,23.1829],[105.5563,23.1791],[105.5582,23.1782],[105.5574,23.1747],[105.5586,23.1734],[105.5588,23.1713],[105.5605,23.1688],[105.5627,23.1677],[105.5649,23.1655],[105.5684,23.1629],[105.5701,23.1608],[105.5737,23.1615],[105.574,23.1587],[105.5732,23.1568],[105.5736,23.1555],[105.5732,23.153],[105.5704,23.1507],[105.572,23.1489],[105.5704,23.1482],[105.5673,23.1456],[105.5646,23.1448],[105.5636,23.1436],[105.5665,23.136],[105.5654,23.1332],[105.5625,23.1311],[105.5596,23.1287],[105.5627,23.1253],[105.563,23.1234],[105.5642,23.1214],[105.562,23.1189],[105.5575,23.1178],[105.5564,23.1164],[105.554,23.1146],[105.5544,23.1132],[105.5513,23.1107],[105.5467,23.1096],[105.5442,23.1097],[105.5432,23.1091],[105.5395,23.1092],[105.5381,23.1103],[105.5336,23.1106],[105.5318,23.1114],[105.5321,23.1133],[105.5311,23.1185],[105.5312,23.1248],[105.5308,23.1286],[105.533,23.1301],[105.533,23.134],[105.5306,23.1364],[105.5247,23.1395],[105.5215,23.1396],[105.5196,23.1401],[105.5162,23.1422],[105.513,23.1447],[105.5114,23.1478],[105.5114,23.1522],[105.5109,23.1562],[105.5096,23.1581],[105.5095,23.1603],[105.5082,23.1646],[105.5069,23.1671],[105.505,23.1688],[105.5019,23.1697],[105.5002,23.1706],[105.4955,23.1718],[105.4932,23.1721],[105.4902,23.1738],[105.4895,23.1748],[105.4841,23.1785],[105.4805,23.1795],[105.4792,23.1807],[105.4763,23.1841],[105.4728,23.1869],[105.4696,23.1919],[105.4683,23.1949],[105.465,23.1977],[105.4634,23.1999],[105.4598,23.2018],[105.4562,23.2063],[105.4553,23.2105],[105.4537,23.2125],[105.4513,23.2138],[105.449,23.2177],[105.4485,23.2198],[105.4474,23.2201],[105.4432,23.2232],[105.4423,23.2235],[105.4414,23.2261],[105.4371,23.2304],[105.4352,23.231],[105.4305,23.2308],[105.4263,23.232],[105.4206,23.2345],[105.4191,23.2364]]]},"properties":{"name":"Sơn Vĩ","level":"ward"}},{"type":"Feature","geometry":{"type":"Polygon","coordinates":[[[105.3044,23.2086],[105.3096,23.21],[105.3143,23.2096],[105.3172,23.211],[105.3221,23.2119],[105.3223,23.2098],[105.3198,23.2075],[105.3202,23.2048],[105.3213,23.2037],[105.3239,23.204],[105.3235,23.2064],[105.3252,23.2072],[105.326,23.2055],[105.3277,23.206],[105.3283,23.2079],[105.3324,23.2093],[105.3326,23.2119],[105.3348,23.2124],[105.3377,23.2145],[105.341,23.2147],[105.3406,23.2132],[105.3407,23.2095],[105.3431,23.2069],[105.3425,23.2044],[105.3397,23.2025],[105.3381,23.1996],[105.3386,23.1964],[105.3415,23.1949],[105.3446,23.1943],[105.345,23.1934],[105.347,23.1928],[105.3482,23.194],[105.3507,23.1934],[105.3519,23.1954],[105.3547,23.196],[105.3533,23.1984],[105.3514,23.199],[105.3516,23.2004],[105.3554,23.2016],[105.3578,23.2008],[105.3597,23.202],[105.3604,23.2058],[105.3638,23.2033],[105.3669,23.2057],[105.3691,23.2053],[105.3692,23.2037],[105.3709,23.2024],[105.3726,23.1998],[105.3734,23.1971],[105.3713,23.1949],[105.3692,23.1959],[105.3677,23.1954],[105.3663,23.1927],[105.3658,23.1906],[105.3666,23.1894],[105.367,23.1866],[105.3687,23.1855],[105.3698,23.1822],[105.3722,23.1808],[105.3719,23.1789],[105.3703,23.1776],[105.3678,23.1733],[105.3664,23.1728],[105.3645,23.1734],[105.3633,23.1725],[105.3667,23.1686],[105.3669,23.1669],[105.3655,23.1653],[105.3659,23.1641],[105.3676,23.1637],[105.3674,23.1618],[105.3686,23.1603],[105.3683,23.1583],[105.3667,23.1584],[105.3646,23.1575],[105.3643,23.1556],[105.3611,23.1534],[105.3606,23.1504],[105.3593,23.1506],[105.3548,23.15],[105.355,23.1474],[105.3546,23.1419],[105.3552,23.1402],[105.3598,23.1395],[105.3617,23.1385],[105.3639,23.139],[105.366,23.1386],[105.3665,23.1358],[105.3652,23.1344],[105.3653,23.1305],[105.3667,23.1292],[105.3675,23.1269],[105.3709,23.1246],[105.3716,23.122],[105.3706,23.1208],[105.3683,23.1201],[105.3661,23.1201],[105.3632,23.118],[105.3593,23.1164],[105.3557,23.1163],[105.3522,23.118],[105.3513,23.1198],[105.3492,23.1203],[105.3468,23.1218],[105.3442,23.116],[105.3445,23.1134],[105.3424,23.1115],[105.3421,23.1104],[105.3401,23.1092],[105.3385,23.1074],[105.3375,23.1095],[105.3352,23.11],[105.3322,23.1118],[105.3288,23.1107],[105.3276,23.1093],[105.3246,23.1087],[105.3233,23.1079],[105.3222,23.1042],[105.3221,23.1013],[105.3215,23.1007],[105.3168,23.1004],[105.3145,23.1011],[105.3097,23.0999],[105.3094,23.1038],[105.3071,23.1062],[105.305,23.1073],[105.3039,23.1089],[105.3038,23.1148],[105.3,23.1123],[105.2949,23.1121],[105.2947,23.1141],[105.2932,23.1158],[105.2969,23.118],[105.2978,23.1228],[105.2939,23.1251],[105.2949,23.1261],[105.2947,23.1291],[105.2964,23.1316],[105.2961,23.1328],[105.2973,23.134],[105.2998,23.134],[105.3012,23.1359],[105.3022,23.136],[105.305,23.1412],[105.3059,23.142],[105.3056,23.1446],[105.3062,23.1462],[105.3079,23.1466],[105.3141,23.1496],[105.3169,23.1532],[105.3186,23.1563],[105.3136,23.1571],[105.3113,23.1583],[105.3088,23.1572],[105.3084,23.1563],[105.3047,23.1536],[105.3036,23.1553],[105.3017,23.1564],[105.3035,23.1584],[105.3034,23.1595],[105.3015,23.1616],[105.3011,23.1643],[105.302,23.1674],[105.3012,23.1678],[105.2971,23.1676],[105.2957,23.1667],[105.2907,23.1675],[105.2895,23.1667],[105.2873,23.167],[105.2844,23.1698],[105.2838,23.1717],[105.2815,23.1739],[105.2838,23.1751],[105.2819,23.1769],[105.2786,23.1768],[105.2766,23.1794],[105.2744,23.1799],[105.2735,23.1811],[105.2708,23.1819],[105.27,23.1841],[105.2708,23.1879],[105.2739,23.1879],[105.2775,23.19],[105.2771,23.1916],[105.2807,23.1946],[105.2814,23.1969],[105.2827,23.1977],[105.2864,23.1964],[105.2874,23.1942],[105.2893,23.1918],[105.2907,23.1913],[105.289,23.1888],[105.2909,23.1881],[105.2936,23.1899],[105.2927,23.1934],[105.2949,23.1953],[105.296,23.1982],[105.2972,23.1989],[105.299,23.2016],[105.2994,23.2035],[105.3033,23.2051],[105.3042,23.2058],[105.3044,23.2086]]]},"properties":{"name":"Sủng Máng","level":"ward"}},{"type":"Feature","geometry":{"type":"Polygon","coordinates":[[[105.4406,23.1251],[105.4406,23.1262],[105.4435,23.1293],[105.442,23.1303],[105.4394,23.134],[105.4405,23.1351],[105.4409,23.1371],[105.4426,23.1396],[105.4424,23.1429],[105.4402,23.1447],[105.4382,23.1449],[105.4352,23.1439],[105.4331,23.1441],[105.4302,23.1454],[105.4278,23.1459],[105.4287,23.1477],[105.4292,23.151],[105.4307,23.1515],[105.4316,23.153],[105.4308,23.1563],[105.4325,23.1563],[105.4341,23.1604],[105.4367,23.1627],[105.4356,23.1642],[105.4372,23.1695],[105.4367,23.1712],[105.4395,23.1716],[105.4409,23.1711],[105.4441,23.1718],[105.4452,23.1752],[105.4481,23.1795],[105.4491,23.1828],[105.4502,23.1827],[105.453,23.1812],[105.4541,23.1788],[105.4577,23.1794],[105.4587,23.1771],[105.4617,23.1765],[105.4638,23.1767],[105.4651,23.1784],[105.4681,23.1781],[105.4708,23.1792],[105.4731,23.1781],[105.4757,23.179],[105.4792,23.1807],[105.4805,23.1795],[105.4841,23.1785],[105.4895,23.1748],[105.4902,23.1738],[105.4932,23.1721],[105.4955,23.1718],[105.5002,23.1706],[105.5019,23.1697],[105.505,23.1688],[105.5069,23.1671],[105.5082,23.1646],[105.5095,23.1603],[105.5096,23.1581],[105.5109,23.1562],[105.5114,23.1522],[105.5114,23.1478],[105.513,23.1447],[105.5162,23.1422],[105.5196,23.1401],[105.5215,23.1396],[105.5247,23.1395],[105.5306,23.1364],[105.533,23.134],[105.533,23.1301],[105.5308,23.1286],[105.5312,23.1248],[105.5311,23.1185],[105.5321,23.1133],[105.5318,23.1114],[105.5313,23.1103],[105.5289,23.1088],[105.5282,23.1073],[105.5278,23.1036],[105.525,23.1002],[105.5245,23.0968],[105.5235,23.0944],[105.5211,23.0902],[105.5203,23.0879],[105.5178,23.0841],[105.5178,23.0827],[105.519,23.0818],[105.5204,23.0793],[105.5207,23.0765],[105.5198,23.0744],[105.5137,23.0697],[105.5131,23.0661],[105.5086,23.061],[105.5076,23.057],[105.5086,23.0534],[105.5083,23.0516],[105.506,23.0508],[105.5044,23.0474],[105.5043,23.0435],[105.5024,23.0416],[105.5032,23.0442],[105.5024,23.0456],[105.4983,23.0457],[105.4966,23.0475],[105.4953,23.0472],[105.4932,23.0495],[105.491,23.0508],[105.4856,23.0523],[105.4837,23.0541],[105.4813,23.0581],[105.4807,23.0599],[105.4787,23.0617],[105.4786,23.0633],[105.4761,23.0629],[105.4712,23.0596],[105.467,23.0606],[105.4651,23.0621],[105.4626,23.0634],[105.4609,23.0634],[105.4575,23.062],[105.4532,23.0631],[105.4524,23.064],[105.4497,23.0649],[105.4466,23.0677],[105.4444,23.0667],[105.4414,23.0643],[105.4377,23.063],[105.4352,23.063],[105.4365,23.0653],[105.4346,23.0699],[105.4354,23.0711],[105.435,23.0728],[105.4323,23.0757],[105.4321,23.0774],[105.4333,23.0788],[105.435,23.0796],[105.437,23.0821],[105.4383,23.0856],[105.4401,23.0866],[105.4405,23.0882],[105.4375,23.0939],[105.4406,23.0941],[105.4435,23.0988],[105.4449,23.102],[105.4436,23.1038],[105.4443,23.1059],[105.4458,23.1068],[105.4505,23.1122],[105.4526,23.1151],[105.4524,23.1192],[105.4537,23.1206],[105.4534,23.1228],[105.4502,23.1226],[105.4446,23.123],[105.4406,23.1251]]]},"properties":{"name":"Khâu Vai","level":"ward"}},{"type":"Feature","geometry":{"type":"Polygon","coordinates":[[[105.3716,23.122],[105.3773,23.1234],[105.3786,23.1245],[105.3797,23.1231],[105.382,23.1213],[105.3851,23.1237],[105.3868,23.1236],[105.3899,23.1247],[105.393,23.1268],[105.3932,23.1331],[105.3962,23.1357],[105.3965,23.1368],[105.3989,23.1392],[105.4009,23.1389],[105.4024,23.1411],[105.4056,23.1394],[105.4076,23.139],[105.4106,23.136],[105.4129,23.1374],[105.4158,23.1369],[105.4169,23.1358],[105.417,23.1315],[105.4182,23.1276],[105.4211,23.1264],[105.4241,23.1277],[105.4281,23.1272],[105.4311,23.1254],[105.4347,23.1255],[105.4363,23.1246],[105.4391,23.1245],[105.4406,23.1251],[105.4446,23.123],[105.4502,23.1226],[105.4534,23.1228],[105.4537,23.1206],[105.4524,23.1192],[105.4526,23.1151],[105.4505,23.1122],[105.4458,23.1068],[105.4443,23.1059],[105.4436,23.1038],[105.4449,23.102],[105.4435,23.0988],[105.4406,23.0941],[105.4375,23.0939],[105.4405,23.0882],[105.4401,23.0866],[105.4383,23.0856],[105.437,23.0821],[105.435,23.0796],[105.4333,23.0788],[105.4321,23.0774],[105.4323,23.0757],[105.435,23.0728],[105.4354,23.0711],[105.4346,23.0699],[105.4365,23.0653],[105.4326,23.0657],[105.4316,23.0651],[105.4289,23.0658],[105.4254,23.0661],[105.4232,23.065],[105.4195,23.0646],[105.418,23.0641],[105.4157,23.0613],[105.4116,23.0622],[105.4109,23.0639],[105.409,23.066],[105.407,23.0658],[105.4041,23.0646],[105.4018,23.063],[105.3969,23.0611],[105.3928,23.0639],[105.39,23.0615],[105.3896,23.06],[105.3869,23.0572],[105.3867,23.0554],[105.3844,23.0525],[105.3832,23.052],[105.379,23.0474],[105.3759,23.0457],[105.3734,23.0436],[105.3722,23.0434],[105.37,23.0418],[105.3692,23.0404],[105.37,23.0395],[105.3659,23.0388],[105.3649,23.0395],[105.3605,23.0408],[105.3587,23.0408],[105.3546,23.0396],[105.3492,23.04],[105.3464,23.0429],[105.3416,23.0435],[105.3377,23.0432],[105.3368,23.0437],[105.3389,23.0451],[105.339,23.0465],[105.3405,23.0478],[105.3397,23.0495],[105.3382,23.0499],[105.3363,23.0491],[105.3348,23.0531],[105.333,23.0527],[105.3317,23.0537],[105.3324,23.0559],[105.3302,23.0556],[105.3306,23.0585],[105.3317,23.0598],[105.3306,23.062],[105.3317,23.0638],[105.3304,23.0664],[105.3316,23.0675],[105.3324,23.0719],[105.3317,23.076],[105.3296,23.0786],[105.3297,23.0812],[105.3276,23.0835],[105.327,23.0848],[105.324,23.0863],[105.3246,23.0883],[105.3246,23.0906],[105.3239,23.0925],[105.3243,23.0968],[105.325,23.0999],[105.3233,23.1019],[105.3231,23.104],[105.3237,23.1079],[105.3246,23.1087],[105.3276,23.1093],[105.3288,23.1107],[105.3322,23.1118],[105.3352,23.11],[105.3375,23.1095],[105.3385,23.1074],[105.3401,23.1092],[105.3421,23.1104],[105.3424,23.1115],[105.3445,23.1134],[105.3442,23.116],[105.3468,23.1218],[105.3492,23.1203],[105.3513,23.1198],[105.3522,23.118],[105.3557,23.1163],[105.3593,23.1164],[105.3632,23.118],[105.3661,23.1201],[105.3683,23.1201],[105.3706,23.1208],[105.3716,23.122]]]},"properties":{"name":"Tát Ngà","level":"ward"}},{"type":"Feature","geometry":{"type":"Polygon","coordinates":[[[105.4365,23.0653],[105.4352,23.063],[105.4377,23.063],[105.4414,23.0643],[105.4444,23.0667],[105.4466,23.0677],[105.4497,23.0649],[105.4524,23.064],[105.4532,23.0631],[105.4575,23.062],[105.4609,23.0634],[105.4626,23.0634],[105.4651,23.0621],[105.467,23.0606],[105.4712,23.0596],[105.4761,23.0629],[105.4786,23.0633],[105.4787,23.0617],[105.4807,23.0599],[105.4813,23.0581],[105.4837,23.0541],[105.4856,23.0523],[105.491,23.0508],[105.4932,23.0495],[105.4953,23.0472],[105.4966,23.0475],[105.4983,23.0457],[105.5024,23.0456],[105.5032,23.0442],[105.5024,23.0416],[105.5002,23.0411],[105.4976,23.0392],[105.4967,23.0355],[105.4944,23.0326],[105.4946,23.0303],[105.493,23.0283],[105.4914,23.0225],[105.4917,23.0177],[105.4906,23.0159],[105.4903,23.0132],[105.4877,23.0092],[105.4821,23.0089],[105.4778,23.0081],[105.4741,23.0067],[105.4695,23.0078],[105.4662,23.0065],[105.4647,23.0038],[105.4618,23.0032],[105.459,23.0049],[105.455,23.0037],[105.4526,23.0023],[105.4519,23.0009],[105.4501,23.0005],[105.4491,22.9991],[105.4462,22.9999],[105.4438,23.0018],[105.4436,23.0033],[105.4416,23.0039],[105.4373,23.0028],[105.4349,23.0028],[105.4311,23.0015],[105.4287,22.9993],[105.4255,22.9991],[105.4225,23.0001],[105.4185,23.0021],[105.4167,22.9994],[105.4148,22.9983],[105.4135,22.9958],[105.4121,22.9951],[105.4094,22.9951],[105.4052,22.9957],[105.3983,22.9916],[105.3937,22.9925],[105.391,22.9926],[105.3867,22.9903],[105.3819,22.9898],[105.3789,22.9903],[105.3747,22.9903],[105.3737,22.9927],[105.3739,22.9949],[105.3717,22.9998],[105.371,23.0026],[105.3757,23.006],[105.3764,23.0092],[105.3802,23.0126],[105.3842,23.0158],[105.3832,23.0184],[105.3821,23.0197],[105.38,23.0209],[105.3789,23.0241],[105.3778,23.0248],[105.3778,23.0263],[105.3758,23.0284],[105.3757,23.0304],[105.3727,23.0331],[105.3711,23.0352],[105.3717,23.0379],[105.37,23.0395],[105.3692,23.0404],[105.37,23.0418],[105.3722,23.0434],[105.3734,23.0436],[105.3759,23.0457],[105.379,23.0474],[105.3832,23.052],[105.3844,23.0525],[105.3867,23.0554],[105.3869,23.0572],[105.3896,23.06],[105.39,23.0615],[105.3928,23.0639],[105.3969,23.0611],[105.4018,23.063],[105.4041,23.0646],[105.407,23.0658],[105.409,23.066],[105.4109,23.0639],[105.4116,23.0622],[105.4157,23.0613],[105.418,23.0641],[105.4195,23.0646],[105.4232,23.065],[105.4254,23.0661],[105.4289,23.0658],[105.4316,23.0651],[105.4326,23.0657],[105.4365,23.0653]]]},"properties":{"name":"Niêm Sơn","level":"ward"}},{"type":"Feature","geometry":{"type":"Polygon","coordinates":[[[105.2176,23.171],[105.2207,23.1702],[105.2228,23.1708],[105.2247,23.1699],[105.2258,23.1711],[105.2286,23.1711],[105.2309,23.1725],[105.2313,23.17],[105.2336,23.1685],[105.2332,23.1658],[105.2357,23.1625],[105.2341,23.1581],[105.2352,23.1559],[105.2343,23.1547],[105.2316,23.1543],[105.2299,23.1529],[105.2265,23.152],[105.2257,23.1502],[105.2309,23.1459],[105.2298,23.1442],[105.2256,23.1454],[105.2254,23.1413],[105.2222,23.1386],[105.2123,23.1429],[105.2089,23.1416],[105.2075,23.1352],[105.2186,23.1295],[105.2138,23.1263],[105.211,23.1252],[105.2101,23.1227],[105.2131,23.1192],[105.2142,23.1189],[105.2177,23.1164],[105.2182,23.1136],[105.2154,23.1135],[105.2125,23.1101],[105.2114,23.1095],[105.2056,23.1021],[105.2049,23.0995],[105.2092,23.0965],[105.2105,23.094],[105.2146,23.0888],[105.2164,23.0843],[105.2187,23.0819],[105.2194,23.0802],[105.2209,23.079],[105.2167,23.0748],[105.2136,23.0768],[105.2128,23.0784],[105.2102,23.0796],[105.206,23.079],[105.2044,23.0792],[105.2018,23.0809],[105.2002,23.0754],[105.2002,23.0732],[105.199,23.0714],[105.1969,23.071],[105.1933,23.0718],[105.1923,23.0728],[105.1884,23.0729],[105.1869,23.0767],[105.1857,23.0785],[105.1844,23.0776],[105.1834,23.0791],[105.1802,23.079],[105.1788,23.0766],[105.1774,23.0779],[105.1751,23.0771],[105.1746,23.0788],[105.1728,23.0806],[105.1733,23.0814],[105.1716,23.0841],[105.1696,23.0854],[105.1671,23.0849],[105.1663,23.0864],[105.1621,23.0827],[105.1604,23.0828],[105.1573,23.0815],[105.1565,23.0822],[105.155,23.0792],[105.1529,23.0771],[105.1511,23.0768],[105.1494,23.0752],[105.1466,23.0737],[105.143,23.0703],[105.1416,23.0681],[105.1399,23.0669],[105.138,23.0612],[105.1347,23.0578],[105.1325,23.0528],[105.1293,23.0519],[105.1268,23.0516],[105.1259,23.05],[105.1232,23.0492],[105.1211,23.0494],[105.118,23.051],[105.1156,23.0482],[105.1124,23.0468],[105.1088,23.0505],[105.1054,23.0518],[105.1021,23.0543],[105.0992,23.0545],[105.0986,23.0569],[105.1,23.0582],[105.0998,23.0596],[105.1021,23.0633],[105.1009,23.0645],[105.0992,23.0639],[105.0958,23.0642],[105.0944,23.069],[105.0933,23.0702],[105.09,23.0695],[105.0889,23.0719],[105.0851,23.0711],[105.0837,23.0734],[105.0831,23.0771],[105.084,23.0784],[105.0871,23.0803],[105.0873,23.083],[105.0861,23.0854],[105.0871,23.0886],[105.0875,23.0912],[105.0868,23.0938],[105.0842,23.0944],[105.0833,23.0958],[105.0807,23.0977],[105.0787,23.1002],[105.0773,23.1001],[105.0767,23.1016],[105.0735,23.1011],[105.0726,23.0989],[105.0697,23.0998],[105.0684,23.1016],[105.07,23.1044],[105.0694,23.1053],[105.0663,23.1062],[105.0648,23.1075],[105.066,23.1126],[105.0656,23.1137],[105.0638,23.1152],[105.0596,23.1176],[105.0568,23.1185],[105.0566,23.121],[105.0534,23.1219],[105.0497,23.1222],[105.0486,23.1227],[105.0475,23.125],[105.0481,23.1268],[105.0495,23.1279],[105.0503,23.1304],[105.0477,23.1309],[105.0453,23.133],[105.042,23.1337],[105.0434,23.1363],[105.0429,23.1389],[105.0434,23.1415],[105.043,23.1424],[105.0438,23.1444],[105.0454,23.1464],[105.0452,23.148],[105.0461,23.1501],[105.0454,23.152],[105.0437,23.1532],[105.0424,23.1552],[105.0421,23.1573],[105.0441,23.1583],[105.046,23.1563],[105.0478,23.1567],[105.0487,23.155],[105.0525,23.1546],[105.0559,23.1535],[105.0575,23.1539],[105.0592,23.1528],[105.0587,23.1518],[105.0599,23.1498],[105.0642,23.1508],[105.0651,23.1494],[105.0673,23.1492],[105.0701,23.1472],[105.072,23.1477],[105.073,23.1463],[105.0727,23.1447],[105.0763,23.1421],[105.0764,23.14],[105.0791,23.1399],[105.0815,23.1362],[105.0832,23.1361],[105.0868,23.1371],[105.0862,23.141],[105.0874,23.143],[105.0881,23.1464],[105.0896,23.1475],[105.0889,23.1505],[105.092,23.1523],[105.0935,23.1554],[105.093,23.1577],[105.0945,23.1614],[105.0941,23.1641],[105.0968,23.169],[105.0968,23.173],[105.0985,23.1732],[105.1027,23.1713],[105.1045,23.1665],[105.1001,23.1638],[105.1011,23.1613],[105.1047,23.1612],[105.1052,23.1622],[105.1073,23.1617],[105.1088,23.162],[105.1117,23.1608],[105.112,23.1591],[105.1137,23.1597],[105.1163,23.158],[105.1153,23.1566],[105.1153,23.155],[105.1176,23.1537],[105.1196,23.1541],[105.1231,23.1517],[105.1247,23.1473],[105.1245,23.1454],[105.1258,23.1425],[105.1257,23.1402],[105.1264,23.1384],[105.1283,23.1366],[105.1295,23.1363],[105.1324,23.1328],[105.1374,23.1325],[105.1394,23.1345],[105.1407,23.135],[105.1441,23.1338],[105.1464,23.1336],[105.1504,23.1348],[105.1515,23.1336],[105.1548,23.1352],[105.1561,23.1341],[105.1586,23.1362],[105.1608,23.1374],[105.1622,23.1405],[105.1652,23.1396],[105.167,23.1405],[105.1674,23.1418],[105.1649,23.1417],[105.1631,23.1438],[105.1622,23.1462],[105.1622,23.149],[105.1606,23.1493],[105.1578,23.1525],[105.1548,23.1533],[105.1544,23.157],[105.1518,23.1593],[105.1509,23.1608],[105.1509,23.1623],[105.15,23.1644],[105.1506,23.1686],[105.1489,23.1695],[105.1463,23.1746],[105.1469,23.177],[105.1451,23.1798],[105.1455,23.184],[105.1443,23.1851],[105.1451,23.1862],[105.1444,23.1895],[105.1412,23.1922],[105.1448,23.1937],[105.1449,23.1959],[105.1495,23.1951],[105.1528,23.1903],[105.1567,23.1871],[105.1584,23.1846],[105.1603,23.1835],[105.1617,23.182],[105.1641,23.1811],[105.1649,23.1795],[105.1684,23.1786],[105.1671,23.1774],[105.1672,23.176],[105.1723,23.1753],[105.1722,23.1739],[105.1695,23.172],[105.1687,23.1694],[105.1704,23.166],[105.1732,23.1629],[105.1743,23.1596],[105.174,23.1579],[105.179,23.1584],[105.1797,23.1606],[105.1809,23.1608],[105.1842,23.163],[105.1856,23.1646],[105.1919,23.1674],[105.1942,23.169],[105.1976,23.1706],[105.2035,23.1724],[105.2112,23.1726],[105.2138,23.1714],[105.2172,23.1704],[105.2176,23.171]]]},"properties":{"name":"Yên Minh","level":"ward"}},{"type":"Feature","geometry":{"type":"Polygon","coordinates":[[[105.1194,23.2506],[105.1205,23.2488],[105.1224,23.2482],[105.1236,23.245],[105.1246,23.2441],[105.1245,23.2416],[105.1256,23.2404],[105.1272,23.2405],[105.1279,23.2384],[105.128,23.2358],[105.1292,23.2348],[105.1293,23.2323],[105.131,23.2303],[105.1327,23.2259],[105.1342,23.2237],[105.1354,23.2233],[105.1366,23.2254],[105.1387,23.2263],[105.1402,23.2257],[105.1411,23.2234],[105.1432,23.2227],[105.1442,23.2202],[105.1449,23.2161],[105.1441,23.2138],[105.1448,23.2125],[105.1442,23.2113],[105.1424,23.2108],[105.1399,23.2072],[105.1418,23.2054],[105.1417,23.2021],[105.1436,23.1999],[105.1439,23.1978],[105.1449,23.1959],[105.1448,23.1937],[105.1412,23.1922],[105.1444,23.1895],[105.1451,23.1862],[105.1443,23.1851],[105.1455,23.184],[105.1451,23.1798],[105.1469,23.177],[105.1463,23.1746],[105.1489,23.1695],[105.1506,23.1686],[105.15,23.1644],[105.1509,23.1623],[105.1509,23.1608],[105.1518,23.1593],[105.1544,23.157],[105.1548,23.1533],[105.1578,23.1525],[105.1606,23.1493],[105.1622,23.149],[105.1622,23.1462],[105.1631,23.1438],[105.1649,23.1417],[105.1674,23.1418],[105.167,23.1405],[105.1652,23.1396],[105.1622,23.1405],[105.1608,23.1374],[105.1586,23.1362],[105.1561,23.1341],[105.1548,23.1352],[105.1515,23.1336],[105.1504,23.1348],[105.1464,23.1336],[105.1441,23.1338],[105.1407,23.135],[105.1394,23.1345],[105.1374,23.1325],[105.1324,23.1328],[105.1295,23.1363],[105.1283,23.1366],[105.1264,23.1384],[105.1257,23.1402],[105.1258,23.1425],[105.1245,23.1454],[105.1247,23.1473],[105.1231,23.1517],[105.1196,23.1541],[105.1176,23.1537],[105.1153,23.155],[105.1153,23.1566],[105.1163,23.158],[105.1137,23.1597],[105.112,23.1591],[105.1117,23.1608],[105.1088,23.162],[105.1073,23.1617],[105.1052,23.1622],[105.1047,23.1612],[105.1011,23.1613],[105.1001,23.1638],[105.1045,23.1665],[105.1027,23.1713],[105.0985,23.1732],[105.0968,23.173],[105.0955,23.1742],[105.0967,23.1751],[105.0975,23.1771],[105.0986,23.182],[105.0975,23.1828],[105.0969,23.1863],[105.0944,23.1883],[105.0904,23.187],[105.0898,23.188],[105.0874,23.1865],[105.086,23.1865],[105.0829,23.1903],[105.0817,23.1912],[105.0816,23.1936],[105.0807,23.1964],[105.0768,23.198],[105.0729,23.1984],[105.0708,23.1981],[105.066,23.1998],[105.0644,23.1999],[105.0606,23.2025],[105.0587,23.2035],[105.0607,23.2063],[105.0606,23.2071],[105.0622,23.2108],[105.0638,23.2108],[105.0645,23.2119],[105.0647,23.2147],[105.0674,23.2173],[105.0685,23.221],[105.0702,23.2211],[105.0772,23.2261],[105.0799,23.2266],[105.0824,23.2284],[105.0832,23.2308],[105.0833,23.2332],[105.0853,23.236],[105.0857,23.2392],[105.0872,23.2406],[105.0894,23.241],[105.0903,23.2436],[105.0943,23.2457],[105.0953,23.2471],[105.0983,23.248],[105.0994,23.2475],[105.1029,23.248],[105.104,23.2487],[105.1061,23.2482],[105.1063,23.2467],[105.1075,23.2456],[105.1089,23.2465],[105.111,23.2464],[105.113,23.2486],[105.115,23.2498],[105.1194,23.2506]]]},"properties":{"name":"Thắng Mố","level":"ward"}},{"type":"Feature","geometry":{"type":"Polygon","coordinates":[[[105.0968,23.173],[105.0968,23.169],[105.0941,23.1641],[105.0945,23.1614],[105.093,23.1577],[105.0935,23.1554],[105.092,23.1523],[105.0889,23.1505],[105.0896,23.1475],[105.0881,23.1464],[105.0874,23.143],[105.0862,23.141],[105.0868,23.1371],[105.0832,23.1361],[105.0815,23.1362],[105.0791,23.1399],[105.0764,23.14],[105.0763,23.1421],[105.0727,23.1447],[105.073,23.1463],[105.072,23.1477],[105.0701,23.1472],[105.0673,23.1492],[105.0651,23.1494],[105.0642,23.1508],[105.0599,23.1498],[105.0587,23.1518],[105.0592,23.1528],[105.0575,23.1539],[105.0559,23.1535],[105.0525,23.1546],[105.0487,23.155],[105.0478,23.1567],[105.046,23.1563],[105.0441,23.1583],[105.0421,23.1573],[105.0424,23.1552],[105.0437,23.1532],[105.0454,23.152],[105.0461,23.1501],[105.0452,23.148],[105.0454,23.1464],[105.0438,23.1444],[105.043,23.1424],[105.0434,23.1415],[105.0429,23.1389],[105.0434,23.1363],[105.042,23.1337],[105.0387,23.1343],[105.0348,23.1378],[105.033,23.1383],[105.0281,23.1428],[105.0271,23.144],[105.0247,23.1452],[105.0244,23.15],[105.0227,23.1527],[105.023,23.1553],[105.019,23.1562],[105.0154,23.159],[105.0151,23.1608],[105.014,23.1623],[105.0115,23.163],[105.009,23.1615],[105.008,23.1628],[105.0085,23.1645],[105.008,23.1665],[105.0065,23.1676],[105.0063,23.1693],[105.0041,23.1706],[105.0019,23.171],[104.9977,23.1726],[104.9941,23.1722],[104.99,23.1745],[104.9865,23.1756],[104.9861,23.1766],[104.9841,23.1772],[104.984,23.1791],[104.9818,23.1854],[104.979,23.1868],[104.9761,23.1868],[104.9762,23.1893],[104.9731,23.1896],[104.9712,23.189],[104.9661,23.1893],[104.9637,23.1911],[104.9599,23.1915],[104.9585,23.193],[104.9594,23.1952],[104.9611,23.197],[104.9625,23.2001],[104.9665,23.1995],[104.9688,23.2019],[104.971,23.2031],[104.9731,23.2034],[104.9743,23.2046],[104.9765,23.204],[104.9794,23.2056],[104.9818,23.2037],[104.9834,23.2043],[104.9841,23.2032],[104.987,23.2009],[104.9896,23.2022],[104.9974,23.203],[104.9977,23.2068],[104.9989,23.2083],[104.9985,23.211],[104.9992,23.2135],[105.0047,23.2172],[105.0066,23.2173],[105.0096,23.216],[105.0155,23.2168],[105.0183,23.2177],[105.0215,23.2181],[105.0221,23.2188],[105.0245,23.2189],[105.0261,23.2206],[105.028,23.2216],[105.0288,23.2256],[105.0314,23.228],[105.0327,23.2286],[105.0354,23.2323],[105.0382,23.2331],[105.0411,23.2333],[105.0435,23.236],[105.0468,23.241],[105.0468,23.2433],[105.05,23.2446],[105.0507,23.2476],[105.054,23.249],[105.057,23.2477],[105.0588,23.25],[105.0591,23.2545],[105.0619,23.256],[105.0637,23.2553],[105.0649,23.2556],[105.066,23.2573],[105.07,23.2578],[105.071,23.2604],[105.0722,23.2614],[105.0748,23.2616],[105.0768,23.2649],[105.0802,23.2665],[105.0828,23.2669],[105.0846,23.2654],[105.0864,23.2652],[105.088,23.2632],[105.0916,23.264],[105.0964,23.2607],[105.0981,23.2578],[105.1017,23.2572],[105.1014,23.2551],[105.1018,23.2523],[105.0996,23.2503],[105.0981,23.2499],[105.0983,23.248],[105.0953,23.2471],[105.0943,23.2457],[105.0903,23.2436],[105.0894,23.241],[105.0872,23.2406],[105.0857,23.2392],[105.0853,23.236],[105.0833,23.2332],[105.0832,23.2308],[105.0824,23.2284],[105.0799,23.2266],[105.0772,23.2261],[105.0702,23.2211],[105.0685,23.221],[105.0674,23.2173],[105.0647,23.2147],[105.0645,23.2119],[105.0638,23.2108],[105.0622,23.2108],[105.0606,23.2071],[105.0607,23.2063],[105.0587,23.2035],[105.0606,23.2025],[105.0644,23.1999],[105.066,23.1998],[105.0708,23.1981],[105.0729,23.1984],[105.0768,23.198],[105.0807,23.1964],[105.0816,23.1936],[105.0817,23.1912],[105.0829,23.1903],[105.086,23.1865],[105.0874,23.1865],[105.0898,23.188],[105.0904,23.187],[105.0944,23.1883],[105.0969,23.1863],[105.0975,23.1828],[105.0986,23.182],[105.0975,23.1771],[105.0967,23.1751],[105.0955,23.1742],[105.0968,23.173]]]},"properties":{"name":"Bạch Đích","level":"ward"}},{"type":"Feature","geometry":{"type":"Polygon","coordinates":[[[105.2182,23.1136],[105.2232,23.1086],[105.2238,23.1067],[105.2269,23.1023],[105.2323,23.1034],[105.2332,23.1026],[105.237,23.1024],[105.2409,23.1009],[105.2442,23.0981],[105.2505,23.097],[105.2546,23.0941],[105.2561,23.0909],[105.258,23.0897],[105.2582,23.0923],[105.2596,23.0934],[105.2592,23.0961],[105.2582,23.0979],[105.2618,23.0965],[105.265,23.0934],[105.2666,23.0927],[105.2692,23.0932],[105.2722,23.0947],[105.2763,23.0949],[105.2773,23.0965],[105.283,23.097],[105.2856,23.0983],[105.287,23.1003],[105.2911,23.1023],[105.2912,23.1059],[105.2908,23.1072],[105.2916,23.1089],[105.2931,23.1097],[105.2949,23.1121],[105.3,23.1123],[105.3038,23.1148],[105.3039,23.1089],[105.305,23.1073],[105.3071,23.1062],[105.3094,23.1038],[105.3097,23.0999],[105.3145,23.1011],[105.3168,23.1004],[105.3215,23.1007],[105.3221,23.1013],[105.3222,23.1042],[105.3233,23.1079],[105.3246,23.1087],[105.3237,23.1079],[105.3231,23.104],[105.3233,23.1019],[105.325,23.0999],[105.3243,23.0968],[105.3239,23.0925],[105.3246,23.0906],[105.3246,23.0883],[105.324,23.0863],[105.327,23.0848],[105.3276,23.0835],[105.3297,23.0812],[105.3296,23.0786],[105.3317,23.076],[105.3324,23.0719],[105.3316,23.0675],[105.3304,23.0664],[105.3317,23.0638],[105.3306,23.062],[105.3317,23.0598],[105.3306,23.0585],[105.3302,23.0556],[105.3324,23.0559],[105.3317,23.0537],[105.333,23.0527],[105.3348,23.0531],[105.3363,23.0491],[105.3382,23.0499],[105.3397,23.0495],[105.3405,23.0478],[105.339,23.0465],[105.3389,23.0451],[105.3368,23.0437],[105.3368,23.0454],[105.3317,23.0482],[105.3302,23.0452],[105.3266,23.0423],[105.3276,23.0408],[105.3266,23.0388],[105.3244,23.0371],[105.3239,23.0351],[105.3223,23.033],[105.3195,23.0326],[105.3165,23.0296],[105.3173,23.0278],[105.3166,23.0251],[105.314,23.023],[105.3121,23.0232],[105.3113,23.0215],[105.3075,23.0195],[105.3065,23.0155],[105.3046,23.0142],[105.3031,23.0123],[105.303,23.0111],[105.2991,23.0075],[105.2969,23.0061],[105.2951,23.0056],[105.2951,23.0068],[105.2966,23.0076],[105.2955,23.0094],[105.2907,23.011],[105.2897,23.0109],[105.288,23.0126],[105.2879,23.014],[105.2846,23.0151],[105.2839,23.0185],[105.284,23.0208],[105.2855,23.0246],[105.2837,23.026],[105.2801,23.0266],[105.2776,23.0259],[105.2718,23.0255],[105.2687,23.0282],[105.2669,23.028],[105.2643,23.0293],[105.26,23.0294],[105.2588,23.0299],[105.2561,23.0295],[105.2545,23.0267],[105.2498,23.0224],[105.2463,23.0204],[105.2452,23.0186],[105.2423,23.0176],[105.2352,23.0137],[105.2308,23.0123],[105.2262,23.0131],[105.2249,23.0114],[105.2231,23.0107],[105.2197,23.0117],[105.2174,23.0136],[105.2129,23.0163],[105.2058,23.0174],[105.203,23.0196],[105.2005,23.0182],[105.1989,23.0179],[105.1983,23.0161],[105.194,23.0148],[105.1915,23.0137],[105.1906,23.0127],[105.1873,23.0117],[105.1882,23.0095],[105.1878,23.0087],[105.1852,23.0078],[105.1841,23.0097],[105.1838,23.0124],[105.1845,23.0144],[105.1836,23.0158],[105.1817,23.017],[105.181,23.0192],[105.1767,23.0213],[105.1738,23.0195],[105.1716,23.0225],[105.1686,23.0199],[105.1658,23.0199],[105.1651,23.0206],[105.1648,23.0231],[105.1617,23.0235],[105.16,23.0201],[105.1577,23.0194],[105.1558,23.0196],[105.1538,23.0206],[105.1539,23.0226],[105.1531,23.0234],[105.1505,23.0236],[105.1485,23.0247],[105.1471,23.0263],[105.144,23.0287],[105.1437,23.0306],[105.1418,23.0297],[105.1388,23.0313],[105.136,23.0314],[105.1334,23.0298],[105.1331,23.0272],[105.1307,23.0301],[105.1302,23.032],[105.1278,23.0333],[105.1252,23.0335],[105.1241,23.0326],[105.1203,23.034],[105.1185,23.0335],[105.115,23.0345],[105.1136,23.0331],[105.1114,23.0328],[105.1093,23.0308],[105.107,23.0318],[105.1071,23.0332],[105.1018,23.0362],[105.1022,23.0376],[105.1057,23.0392],[105.1061,23.0413],[105.1053,23.0431],[105.107,23.045],[105.1095,23.0455],[105.1124,23.0468],[105.1156,23.0482],[105.118,23.051],[105.1211,23.0494],[105.1232,23.0492],[105.1259,23.05],[105.1268,23.0516],[105.1293,23.0519],[105.1325,23.0528],[105.1347,23.0578],[105.138,23.0612],[105.1399,23.0669],[105.1416,23.0681],[105.143,23.0703],[105.1466,23.0737],[105.1494,23.0752],[105.1511,23.0768],[105.1529,23.0771],[105.155,23.0792],[105.1565,23.0822],[105.1573,23.0815],[105.1604,23.0828],[105.1621,23.0827],[105.1663,23.0864],[105.1671,23.0849],[105.1696,23.0854],[105.1716,23.0841],[105.1733,23.0814],[105.1728,23.0806],[105.1746,23.0788],[105.1751,23.0771],[105.1774,23.0779],[105.1788,23.0766],[105.1802,23.079],[105.1834,23.0791],[105.1844,23.0776],[105.1857,23.0785],[105.1869,23.0767],[105.1884,23.0729],[105.1923,23.0728],[105.1933,23.0718],[105.1969,23.071],[105.199,23.0714],[105.2002,23.0732],[105.2002,23.0754],[105.2018,23.0809],[105.2044,23.0792],[105.206,23.079],[105.2102,23.0796],[105.2128,23.0784],[105.2136,23.0768],[105.2167,23.0748],[105.2209,23.079],[105.2194,23.0802],[105.2187,23.0819],[105.2164,23.0843],[105.2146,23.0888],[105.2105,23.094],[105.2092,23.0965],[105.2049,23.0995],[105.2056,23.1021],[105.2114,23.1095],[105.2125,23.1101],[105.2154,23.1135],[105.2182,23.1136]]]},"properties":{"name":"Mậu Duệ","level":"ward"}},{"type":"Feature","geometry":{"type":"Polygon","coordinates":[[[105.3368,23.0437],[105.3377,23.0432],[105.3416,23.0435],[105.3464,23.0429],[105.3492,23.04],[105.3546,23.0396],[105.3587,23.0408],[105.3605,23.0408],[105.3649,23.0395],[105.3659,23.0388],[105.37,23.0395],[105.3717,23.0379],[105.3711,23.0352],[105.3727,23.0331],[105.3757,23.0304],[105.3758,23.0284],[105.3778,23.0263],[105.3778,23.0248],[105.3789,23.0241],[105.38,23.0209],[105.3821,23.0197],[105.3832,23.0184],[105.3842,23.0158],[105.3802,23.0126],[105.3764,23.0092],[105.3757,23.006],[105.371,23.0026],[105.3717,22.9998],[105.3739,22.9949],[105.3737,22.9927],[105.3747,22.9903],[105.3717,22.9857],[105.3695,22.9841],[105.3665,22.9834],[105.3654,22.982],[105.3611,22.9796],[105.3616,22.9757],[105.3602,22.973],[105.3619,22.9702],[105.3643,22.9681],[105.3647,22.9644],[105.3621,22.9616],[105.3621,22.9592],[105.3614,22.9573],[105.3631,22.9538],[105.3644,22.952],[105.3637,22.9501],[105.3621,22.9484],[105.3629,22.9471],[105.3634,22.9444],[105.3625,22.9435],[105.3619,22.9396],[105.3601,22.9389],[105.3596,22.9376],[105.3575,22.9359],[105.3551,22.9364],[105.3519,22.9357],[105.3507,22.936],[105.3486,22.9352],[105.3458,22.9333],[105.3435,22.9337],[105.3421,22.9332],[105.34,22.9341],[105.3386,22.9336],[105.3351,22.9333],[105.3327,22.9342],[105.3299,22.9363],[105.3278,22.9366],[105.3223,22.9395],[105.3207,22.9396],[105.3174,22.9442],[105.3151,22.9463],[105.3156,22.9483],[105.315,22.9502],[105.3127,22.9505],[105.3114,22.9516],[105.3082,22.9532],[105.3076,22.9544],[105.3073,22.96],[105.3062,22.9611],[105.3041,22.9611],[105.3025,22.9624],[105.3015,22.9642],[105.2978,22.9672],[105.2958,22.9678],[105.2942,22.9673],[105.2907,22.9694],[105.2895,22.9713],[105.2867,22.9713],[105.2855,22.9705],[105.2821,22.9703],[105.2812,22.9697],[105.2773,22.9696],[105.2752,22.9702],[105.2733,22.9685],[105.2699,22.9633],[105.2678,22.961],[105.2667,22.9606],[105.2668,22.9646],[105.2662,22.9666],[105.2668,22.9677],[105.2689,22.9688],[105.2695,22.9702],[105.2674,22.9722],[105.2686,22.9741],[105.2705,22.9742],[105.2717,22.9755],[105.2727,22.978],[105.2715,22.9791],[105.2704,22.9817],[105.2712,22.9844],[105.2749,22.9883],[105.2762,22.9908],[105.2777,22.9917],[105.2792,22.9953],[105.2815,22.9957],[105.2828,22.998],[105.2856,23.0006],[105.2872,23.001],[105.2915,23.0005],[105.2956,23.0043],[105.2951,23.0056],[105.2969,23.0061],[105.2991,23.0075],[105.303,23.0111],[105.3031,23.0123],[105.3046,23.0142],[105.3065,23.0155],[105.3075,23.0195],[105.3113,23.0215],[105.3121,23.0232],[105.314,23.023],[105.3166,23.0251],[105.3173,23.0278],[105.3165,23.0296],[105.3195,23.0326],[105.3223,23.033],[105.3239,23.0351],[105.3244,23.0371],[105.3266,23.0388],[105.3276,23.0408],[105.3266,23.0423],[105.3302,23.0452],[105.3317,23.0482],[105.3368,23.0454],[105.3368,23.0437]]]},"properties":{"name":"Ngọc Long","level":"ward"}},{"type":"Feature","geometry":{"type":"Polygon","coordinates":[[[105.1331,23.0272],[105.1334,23.0298],[105.136,23.0314],[105.1388,23.0313],[105.1418,23.0297],[105.1437,23.0306],[105.144,23.0287],[105.1471,23.0263],[105.1485,23.0247],[105.1505,23.0236],[105.1531,23.0234],[105.1539,23.0226],[105.1538,23.0206],[105.1558,23.0196],[105.1577,23.0194],[105.16,23.0201],[105.1617,23.0235],[105.1648,23.0231],[105.1651,23.0206],[105.1658,23.0199],[105.1686,23.0199],[105.1716,23.0225],[105.1738,23.0195],[105.1767,23.0213],[105.181,23.0192],[105.1817,23.017],[105.1836,23.0158],[105.1845,23.0144],[105.1838,23.0124],[105.1841,23.0097],[105.1852,23.0078],[105.1878,23.0087],[105.1882,23.0095],[105.1873,23.0117],[105.1906,23.0127],[105.1915,23.0137],[105.194,23.0148],[105.1983,23.0161],[105.1989,23.0179],[105.2005,23.0182],[105.203,23.0196],[105.2058,23.0174],[105.2129,23.0163],[105.2174,23.0136],[105.2197,23.0117],[105.2231,23.0107],[105.2249,23.0114],[105.2262,23.0131],[105.2308,23.0123],[105.2352,23.0137],[105.2423,23.0176],[105.2452,23.0186],[105.2463,23.0204],[105.2498,23.0224],[105.2545,23.0267],[105.2561,23.0295],[105.2588,23.0299],[105.26,23.0294],[105.2643,23.0293],[105.2669,23.028],[105.2687,23.0282],[105.2718,23.0255],[105.2776,23.0259],[105.2801,23.0266],[105.2837,23.026],[105.2855,23.0246],[105.284,23.0208],[105.2839,23.0185],[105.2846,23.0151],[105.2879,23.014],[105.288,23.0126],[105.2897,23.0109],[105.2907,23.011],[105.2955,23.0094],[105.2966,23.0076],[105.2951,23.0068],[105.2951,23.0056],[105.2956,23.0043],[105.2915,23.0005],[105.2872,23.001],[105.2856,23.0006],[105.2828,22.998],[105.2815,22.9957],[105.2792,22.9953],[105.2777,22.9917],[105.2762,22.9908],[105.2749,22.9883],[105.2712,22.9844],[105.2704,22.9817],[105.2715,22.9791],[105.2727,22.978],[105.2717,22.9755],[105.2705,22.9742],[105.2686,22.9741],[105.2674,22.9722],[105.2695,22.9702],[105.2689,22.9688],[105.2668,22.9677],[105.2662,22.9666],[105.2668,22.9646],[105.2667,22.9606],[105.2633,22.9548],[105.2591,22.9517],[105.2541,22.9497],[105.2525,22.9479],[105.2511,22.9445],[105.2503,22.941],[105.2482,22.9437],[105.2415,22.9455],[105.2407,22.9461],[105.2388,22.9446],[105.2377,22.9454],[105.2366,22.9475],[105.2344,22.9489],[105.2327,22.9471],[105.2289,22.9471],[105.2257,22.9495],[105.226,22.9516],[105.2231,22.9519],[105.2205,22.9547],[105.2202,22.9566],[105.2188,22.9582],[105.216,22.9584],[105.213,22.9575],[105.2082,22.9585],[105.2043,22.9607],[105.2047,22.9632],[105.2026,22.9637],[105.2014,22.965],[105.1975,22.9657],[105.1972,22.9648],[105.1891,22.9646],[105.1867,22.9653],[105.1852,22.9645],[105.1838,22.9653],[105.1807,22.9631],[105.1786,22.9636],[105.1765,22.9658],[105.1746,22.9644],[105.1725,22.964],[105.1694,22.9646],[105.1661,22.9644],[105.1636,22.9629],[105.1625,22.9631],[105.1598,22.9621],[105.1573,22.9631],[105.1555,22.9618],[105.1518,22.9609],[105.15,22.9614],[105.1482,22.9601],[105.1466,22.9566],[105.1439,22.9548],[105.1425,22.9524],[105.1401,22.9506],[105.1347,22.9518],[105.1355,22.9559],[105.1344,22.9564],[105.1331,22.9601],[105.1349,22.965],[105.135,22.9673],[105.1359,22.9726],[105.1381,22.9748],[105.1382,22.9758],[105.143,22.9829],[105.1421,22.9848],[105.1422,22.9881],[105.1428,22.99],[105.1424,22.9941],[105.143,22.9965],[105.1408,22.9982],[105.139,22.9984],[105.1385,23.0001],[105.1353,23.0002],[105.1328,22.9996],[105.1291,22.9998],[105.1251,23.0017],[105.1253,23.0038],[105.1275,23.0074],[105.1279,23.0101],[105.1262,23.0116],[105.1276,23.0124],[105.1296,23.0179],[105.1321,23.0198],[105.1325,23.0208],[105.1347,23.0206],[105.1348,23.0226],[105.1338,23.0234],[105.1331,23.0272]]]},"properties":{"name":"Đường Thượng","level":"ward"}},{"type":"Feature","geometry":{"type":"Polygon","coordinates":[[[105.2667,22.9606],[105.2678,22.961],[105.2699,22.9633],[105.2733,22.9685],[105.2752,22.9702],[105.2773,22.9696],[105.2812,22.9697],[105.2821,22.9703],[105.2855,22.9705],[105.2867,22.9713],[105.2895,22.9713],[105.2907,22.9694],[105.2942,22.9673],[105.2958,22.9678],[105.2978,22.9672],[105.3015,22.9642],[105.3025,22.9624],[105.3041,22.9611],[105.3062,22.9611],[105.3073,22.96],[105.3076,22.9544],[105.3082,22.9532],[105.3114,22.9516],[105.3127,22.9505],[105.315,22.9502],[105.3156,22.9483],[105.3151,22.9463],[105.3174,22.9442],[105.3207,22.9396],[105.3223,22.9395],[105.3278,22.9366],[105.3299,22.9363],[105.3327,22.9342],[105.3316,22.9323],[105.333,22.9295],[105.331,22.9267],[105.3304,22.9247],[105.3287,22.9227],[105.3262,22.9223],[105.3248,22.9208],[105.3223,22.9157],[105.32,22.9151],[105.3186,22.9156],[105.3164,22.9149],[105.3124,22.9154],[105.3114,22.9129],[105.3074,22.9122],[105.3066,22.9107],[105.3081,22.9082],[105.3063,22.9068],[105.3052,22.9042],[105.3048,22.8999],[105.3062,22.8975],[105.305,22.8956],[105.3058,22.8937],[105.3057,22.8908],[105.3069,22.8893],[105.3045,22.886],[105.3036,22.8832],[105.3042,22.8792],[105.3032,22.8763],[105.3022,22.8767],[105.2995,22.8752],[105.2971,22.8754],[105.2948,22.8763],[105.2912,22.8765],[105.2905,22.8772],[105.2868,22.8787],[105.2839,22.8788],[105.2818,22.8771],[105.2769,22.8791],[105.2741,22.8787],[105.273,22.8795],[105.2701,22.8801],[105.2675,22.8813],[105.2647,22.8826],[105.2632,22.8842],[105.2585,22.8868],[105.2561,22.8866],[105.2536,22.8876],[105.2494,22.8863],[105.2432,22.8863],[105.2402,22.8854],[105.2353,22.8844],[105.2327,22.8815],[105.232,22.8797],[105.2304,22.8795],[105.2273,22.8806],[105.224,22.8829],[105.223,22.8842],[105.224,22.8869],[105.2228,22.888],[105.2212,22.888],[105.2169,22.8904],[105.214,22.8925],[105.2119,22.8946],[105.2104,22.8971],[105.2087,22.8982],[105.2076,22.9004],[105.2078,22.9031],[105.206,22.9055],[105.204,22.9065],[105.2014,22.9069],[105.2003,22.9085],[105.1957,22.9074],[105.193,22.9082],[105.1917,22.9074],[105.1889,22.9103],[105.1868,22.9101],[105.1828,22.9122],[105.179,22.9134],[105.178,22.9124],[105.1744,22.9152],[105.173,22.9178],[105.1706,22.9211],[105.1692,22.9217],[105.1669,22.921],[105.1658,22.9225],[105.1625,22.9235],[105.1596,22.9218],[105.1567,22.923],[105.1523,22.923],[105.1499,22.9207],[105.1491,22.9189],[105.146,22.9201],[105.1445,22.9212],[105.1423,22.922],[105.1407,22.9228],[105.1408,22.9252],[105.1401,22.9266],[105.1401,22.9299],[105.1421,22.9323],[105.1418,22.9373],[105.1398,22.9409],[105.1399,22.9463],[105.1369,22.9481],[105.1347,22.9518],[105.1401,22.9506],[105.1425,22.9524],[105.1439,22.9548],[105.1466,22.9566],[105.1482,22.9601],[105.15,22.9614],[105.1518,22.9609],[105.1555,22.9618],[105.1573,22.9631],[105.1598,22.9621],[105.1625,22.9631],[105.1636,22.9629],[105.1661,22.9644],[105.1694,22.9646],[105.1725,22.964],[105.1746,22.9644],[105.1765,22.9658],[105.1786,22.9636],[105.1807,22.9631],[105.1838,22.9653],[105.1852,22.9645],[105.1867,22.9653],[105.1891,22.9646],[105.1972,22.9648],[105.1975,22.9657],[105.2014,22.965],[105.2026,22.9637],[105.2047,22.9632],[105.2043,22.9607],[105.2082,22.9585],[105.213,22.9575],[105.216,22.9584],[105.2188,22.9582],[105.2202,22.9566],[105.2205,22.9547],[105.2231,22.9519],[105.226,22.9516],[105.2257,22.9495],[105.2289,22.9471],[105.2327,22.9471],[105.2344,22.9489],[105.2366,22.9475],[105.2377,22.9454],[105.2388,22.9446],[105.2407,22.9461],[105.2415,22.9455],[105.2482,22.9437],[105.2503,22.941],[105.2511,22.9445],[105.2525,22.9479],[105.2541,22.9497],[105.2591,22.9517],[105.2633,22.9548],[105.2667,22.9606]]]},"properties":{"name":"Du Già","level":"ward"}},{"type":"Feature","geometry":{"type":"Polygon","coordinates":[[[104.9523,22.9946],[104.9507,22.9957],[104.9498,22.9969],[104.9471,22.9968],[104.9456,22.9992],[104.944,22.9983],[104.9371,22.9971],[104.9352,22.9952],[104.9309,22.9951],[104.9294,22.9958],[104.9281,23.0021],[104.9314,23.0024],[104.9347,23.0037],[104.9354,23.0057],[104.9323,23.006],[104.929,23.0078],[104.9271,23.0142],[104.9285,23.0162],[104.9282,23.0185],[104.9272,23.0214],[104.9255,23.0239],[104.9252,23.0266],[104.9239,23.0275],[104.9246,23.0316],[104.924,23.0349],[104.9213,23.0377],[104.9199,23.0424],[104.9207,23.0433],[104.9258,23.0422],[104.9289,23.0426],[104.9312,23.0438],[104.9322,23.0456],[104.9324,23.0479],[104.9346,23.0499],[104.9368,23.0509],[104.9371,23.0532],[104.9414,23.0544],[104.9437,23.0577],[104.9421,23.0591],[104.9414,23.0615],[104.9392,23.0618],[104.9391,23.0653],[104.9417,23.0683],[104.9414,23.0709],[104.9421,23.0727],[104.9424,23.0758],[104.9472,23.0761],[104.9493,23.0784],[104.953,23.0798],[104.953,23.0812],[104.958,23.0826],[104.9584,23.0808],[104.9613,23.082],[104.9634,23.081],[104.9665,23.0823],[104.9705,23.0812],[104.975,23.0844],[104.9771,23.085],[104.9801,23.0829],[104.9814,23.081],[104.9854,23.0811],[104.9866,23.0817],[104.9897,23.0794],[104.9923,23.0784],[104.9947,23.0789],[104.9983,23.0781],[104.9998,23.0783],[105.0043,23.0772],[105.0076,23.0778],[105.01,23.0796],[105.0135,23.0806],[105.0147,23.0815],[105.0153,23.0833],[105.0189,23.0833],[105.0209,23.0823],[105.0198,23.0813],[105.0187,23.0776],[105.0224,23.0758],[105.0222,23.0734],[105.0215,23.0695],[105.0237,23.0682],[105.0218,23.0655],[105.0241,23.0639],[105.0243,23.0622],[105.0213,23.0598],[105.0206,23.0585],[105.0236,23.0543],[105.0232,23.0505],[105.0225,23.0501],[105.0231,23.0467],[105.0267,23.0445],[105.0291,23.0418],[105.0287,23.0401],[105.0302,23.0378],[105.0288,23.0357],[105.0299,23.033],[105.0302,23.0307],[105.0297,23.0275],[105.0305,23.0241],[105.03,23.0218],[105.0311,23.0197],[105.0337,23.0189],[105.0347,23.0178],[105.0327,23.0157],[105.0319,23.0135],[105.0303,23.0121],[105.0254,23.0102],[105.022,23.0097],[105.0208,23.0079],[105.0234,23.0043],[105.0262,23.0031],[105.0254,22.998],[105.0277,22.994],[105.028,22.9927],[105.0297,22.9918],[105.0283,22.9909],[105.0253,22.9906],[105.024,22.9914],[105.023,22.9933],[105.0226,22.9955],[105.0207,22.9966],[105.017,22.9979],[105.0165,22.9981],[105.0133,22.9997],[105.01,22.9997],[105.0072,23.0017],[105.0004,22.9995],[104.9974,22.993],[104.9952,22.9869],[104.9904,22.9857],[104.9864,22.9834],[104.9861,22.9735],[104.9827,22.9673],[104.9825,22.9649],[104.9862,22.9648],[104.9867,22.9539],[104.977,22.9405],[104.9769,22.9406],[104.9756,22.943],[104.974,22.9488],[104.9723,22.949],[104.9681,22.9516],[104.9664,22.9517],[104.9659,22.9529],[104.9636,22.9538],[104.9624,22.9559],[104.9602,22.9573],[104.9596,22.9601],[104.9585,22.9612],[104.9585,22.9629],[104.9593,22.9648],[104.9637,22.9674],[104.964,22.969],[104.9657,22.9701],[104.9655,22.9733],[104.9669,22.9738],[104.9671,22.9759],[104.9661,22.9809],[104.9651,22.9828],[104.9642,22.9866],[104.9652,22.99],[104.9641,22.9915],[104.9641,22.9932],[104.9611,22.9948],[104.9592,22.9932],[104.9588,22.9919],[104.9566,22.9921],[104.954,22.9941],[104.9523,22.9946]]]},"properties":{"name":"Quản Bạ","level":"ward"}},{"type":"Feature","geometry":{"type":"Polygon","coordinates":[[[105.042,23.1337],[105.0453,23.133],[105.0477,23.1309],[105.0503,23.1304],[105.0495,23.1279],[105.0481,23.1268],[105.0475,23.125],[105.0486,23.1227],[105.0497,23.1222],[105.0534,23.1219],[105.0566,23.121],[105.0568,23.1185],[105.0596,23.1176],[105.0638,23.1152],[105.0656,23.1137],[105.066,23.1126],[105.0648,23.1075],[105.0663,23.1062],[105.0694,23.1053],[105.07,23.1044],[105.0684,23.1016],[105.0697,23.0998],[105.0726,23.0989],[105.0735,23.1011],[105.0767,23.1016],[105.0773,23.1001],[105.0787,23.1002],[105.0807,23.0977],[105.0833,23.0958],[105.0842,23.0944],[105.0868,23.0938],[105.0875,23.0912],[105.0871,23.0886],[105.0861,23.0854],[105.0873,23.083],[105.0871,23.0803],[105.084,23.0784],[105.0831,23.0771],[105.0799,23.076],[105.0773,23.077],[105.0762,23.0763],[105.0767,23.0746],[105.0748,23.0742],[105.074,23.0752],[105.07,23.076],[105.0691,23.078],[105.0671,23.0787],[105.065,23.0769],[105.0614,23.0765],[105.0609,23.0772],[105.0578,23.0765],[105.0542,23.0763],[105.0463,23.0728],[105.0472,23.0706],[105.0489,23.0685],[105.0495,23.0668],[105.0516,23.0634],[105.0499,23.0615],[105.0479,23.0633],[105.0483,23.0645],[105.046,23.0668],[105.0425,23.0657],[105.0433,23.0628],[105.0421,23.0625],[105.0381,23.0674],[105.0377,23.0703],[105.0365,23.0718],[105.0322,23.0712],[105.0291,23.073],[105.0239,23.0737],[105.0222,23.0734],[105.0224,23.0758],[105.0187,23.0776],[105.0198,23.0813],[105.0209,23.0823],[105.0217,23.0846],[105.0197,23.0859],[105.0169,23.089],[105.0162,23.0918],[105.0148,23.0924],[105.0151,23.0953],[105.0116,23.0977],[105.0091,23.1016],[105.0067,23.102],[105.0041,23.1039],[105.002,23.1082],[104.9967,23.111],[104.9963,23.1124],[104.9945,23.1134],[104.9951,23.1161],[104.9914,23.1199],[104.9904,23.1193],[104.9814,23.1201],[104.9786,23.1192],[104.9781,23.1183],[104.9714,23.1186],[104.969,23.1181],[104.9664,23.117],[104.9647,23.1182],[104.9637,23.1205],[104.9609,23.1215],[104.9587,23.1232],[104.9599,23.124],[104.9605,23.1258],[104.9626,23.1259],[104.9666,23.1291],[104.9642,23.1314],[104.9616,23.132],[104.9609,23.1349],[104.9593,23.1346],[104.9583,23.1375],[104.9569,23.1378],[104.9547,23.1405],[104.9538,23.1428],[104.9523,23.1431],[104.9515,23.1451],[104.9496,23.1478],[104.9468,23.1488],[104.9448,23.1518],[104.9471,23.1511],[104.9486,23.1525],[104.9503,23.1563],[104.9497,23.1591],[104.9515,23.1632],[104.9473,23.1675],[104.9479,23.1685],[104.9471,23.1704],[104.9495,23.1715],[104.9517,23.1737],[104.9527,23.176],[104.9557,23.18],[104.9568,23.1827],[104.9572,23.186],[104.958,23.1884],[104.9568,23.1923],[104.9585,23.193],[104.9599,23.1915],[104.9637,23.1911],[104.9661,23.1893],[104.9712,23.189],[104.9731,23.1896],[104.9762,23.1893],[104.9761,23.1868],[104.979,23.1868],[104.9818,23.1854],[104.984,23.1791],[104.9841,23.1772],[104.9861,23.1766],[104.9865,23.1756],[104.99,23.1745],[104.9941,23.1722],[104.9977,23.1726],[105.0019,23.171],[105.0041,23.1706],[105.0063,23.1693],[105.0065,23.1676],[105.008,23.1665],[105.0085,23.1645],[105.008,23.1628],[105.009,23.1615],[105.0115,23.163],[105.014,23.1623],[105.0151,23.1608],[105.0154,23.159],[105.019,23.1562],[105.023,23.1553],[105.0227,23.1527],[105.0244,23.15],[105.0247,23.1452],[105.0271,23.144],[105.0281,23.1428],[105.033,23.1383],[105.0348,23.1378],[105.0387,23.1343],[105.042,23.1337]]]},"properties":{"name":"Cán Tỷ","level":"ward"}},{"type":"Feature","geometry":{"type":"Polygon","coordinates":[[[105.0209,23.0823],[105.0189,23.0833],[105.0153,23.0833],[105.0147,23.0815],[105.0135,23.0806],[105.01,23.0796],[105.0076,23.0778],[105.0043,23.0772],[104.9998,23.0783],[104.9983,23.0781],[104.9947,23.0789],[104.9923,23.0784],[104.9897,23.0794],[104.9866,23.0817],[104.9854,23.0811],[104.9814,23.081],[104.9801,23.0829],[104.9771,23.085],[104.975,23.0844],[104.9705,23.0812],[104.9665,23.0823],[104.9634,23.081],[104.9613,23.082],[104.9584,23.0808],[104.958,23.0826],[104.953,23.0812],[104.953,23.0798],[104.9493,23.0784],[104.9472,23.0761],[104.9424,23.0758],[104.9385,23.0759],[104.939,23.0791],[104.9376,23.0799],[104.9375,23.0835],[104.9356,23.0847],[104.9363,23.0857],[104.9353,23.0872],[104.9333,23.087],[104.9314,23.0893],[104.9299,23.0896],[104.9295,23.0908],[104.9272,23.0928],[104.9264,23.0968],[104.9221,23.0989],[104.9212,23.1003],[104.9198,23.1004],[104.9186,23.1021],[104.9187,23.1046],[104.9177,23.1061],[104.9172,23.1084],[104.9176,23.1101],[104.9166,23.1119],[104.9167,23.1148],[104.9153,23.1156],[104.9119,23.1155],[104.9098,23.1167],[104.9051,23.1167],[104.9014,23.1156],[104.8986,23.1164],[104.8949,23.1216],[104.8934,23.1214],[104.8921,23.1181],[104.8905,23.117],[104.8932,23.1153],[104.8929,23.1124],[104.8918,23.1114],[104.8915,23.1098],[104.8899,23.1078],[104.8846,23.108],[104.8827,23.112],[104.8808,23.113],[104.8795,23.1154],[104.881,23.1184],[104.8799,23.1204],[104.881,23.1227],[104.8805,23.1245],[104.8821,23.1254],[104.8835,23.1273],[104.8816,23.1292],[104.8788,23.1295],[104.8768,23.1314],[104.8771,23.1339],[104.8779,23.1363],[104.8792,23.1373],[104.8794,23.1396],[104.8812,23.1425],[104.8821,23.1452],[104.8796,23.15],[104.8804,23.1523],[104.8828,23.1545],[104.8832,23.1566],[104.8821,23.1576],[104.8826,23.1598],[104.8813,23.1608],[104.8819,23.1623],[104.8809,23.1637],[104.8823,23.1666],[104.8846,23.1684],[104.8875,23.17],[104.8877,23.1717],[104.8897,23.1748],[104.8936,23.1777],[104.897,23.1795],[104.9015,23.1788],[104.9042,23.18],[104.9058,23.1798],[104.9084,23.1806],[104.9129,23.1786],[104.9172,23.176],[104.9177,23.1739],[104.9173,23.1708],[104.916,23.1693],[104.9222,23.1703],[104.9224,23.1666],[104.9255,23.1651],[104.9259,23.1635],[104.9249,23.1609],[104.9276,23.1571],[104.9294,23.1566],[104.9325,23.1575],[104.9363,23.1555],[104.9373,23.1556],[104.9398,23.1538],[104.9448,23.1518],[104.9468,23.1488],[104.9496,23.1478],[104.9515,23.1451],[104.9523,23.1431],[104.9538,23.1428],[104.9547,23.1405],[104.9569,23.1378],[104.9583,23.1375],[104.9593,23.1346],[104.9609,23.1349],[104.9616,23.132],[104.9642,23.1314],[104.9666,23.1291],[104.9626,23.1259],[104.9605,23.1258],[104.9599,23.124],[104.9587,23.1232],[104.9609,23.1215],[104.9637,23.1205],[104.9647,23.1182],[104.9664,23.117],[104.969,23.1181],[104.9714,23.1186],[104.9781,23.1183],[104.9786,23.1192],[104.9814,23.1201],[104.9904,23.1193],[104.9914,23.1199],[104.9951,23.1161],[104.9945,23.1134],[104.9963,23.1124],[104.9967,23.111],[105.002,23.1082],[105.0041,23.1039],[105.0067,23.102],[105.0091,23.1016],[105.0116,23.0977],[105.0151,23.0953],[105.0148,23.0924],[105.0162,23.0918],[105.0169,23.089],[105.0197,23.0859],[105.0217,23.0846],[105.0209,23.0823]]]},"properties":{"name":"Nghĩa Thuận","level":"ward"}},{"type":"Feature","geometry":{"type":"Polygon","coordinates":[[[104.9424,23.0758],[104.9421,23.0727],[104.9414,23.0709],[104.9417,23.0683],[104.9391,23.0653],[104.9392,23.0618],[104.9414,23.0615],[104.9421,23.0591],[104.9437,23.0577],[104.9414,23.0544],[104.9371,23.0532],[104.9368,23.0509],[104.9346,23.0499],[104.9324,23.0479],[104.9322,23.0456],[104.9312,23.0438],[104.9289,23.0426],[104.9258,23.0422],[104.9207,23.0433],[104.9199,23.0424],[104.9183,23.0418],[104.9162,23.0429],[104.9135,23.0417],[104.9134,23.0375],[104.912,23.0344],[104.9042,23.0299],[104.8993,23.0262],[104.8912,23.0227],[104.8956,23.0178],[104.8977,23.017],[104.898,23.0146],[104.8995,23.0134],[104.8997,23.0105],[104.9004,23.0084],[104.8983,23.0059],[104.8977,23.0036],[104.8917,23.0015],[104.8911,23.0002],[104.8893,23.0001],[104.8867,22.9965],[104.8857,22.9947],[104.8846,22.9942],[104.8827,22.9911],[104.8796,22.9905],[104.8781,22.9885],[104.8786,22.987],[104.8781,22.9843],[104.8766,22.9828],[104.8773,22.9813],[104.8771,22.979],[104.876,22.9774],[104.8727,22.9766],[104.8721,22.9791],[104.87,22.9796],[104.8674,22.9791],[104.8659,22.9814],[104.8634,22.9809],[104.8605,22.9788],[104.8589,22.9785],[104.8555,22.9792],[104.8536,22.9777],[104.8511,22.979],[104.8496,22.9785],[104.8483,22.9797],[104.847,22.9829],[104.8446,22.9851],[104.8432,22.9855],[104.8408,22.984],[104.8387,22.9847],[104.8362,22.9865],[104.8353,22.9884],[104.8391,22.9916],[104.8371,22.9929],[104.838,22.9957],[104.8367,22.9974],[104.8335,22.9976],[104.833,22.9987],[104.8298,22.9979],[104.8292,22.9996],[104.8314,23.0041],[104.8306,23.0052],[104.8299,23.008],[104.8303,23.0162],[104.8286,23.0192],[104.8282,23.0261],[104.8259,23.0277],[104.8255,23.0307],[104.8238,23.0327],[104.8211,23.0336],[104.8199,23.0379],[104.8212,23.0445],[104.8207,23.0466],[104.8214,23.0509],[104.8206,23.0521],[104.8204,23.0555],[104.819,23.0573],[104.8179,23.0569],[104.8139,23.0578],[104.8144,23.0594],[104.8139,23.061],[104.8155,23.0659],[104.8147,23.0683],[104.8123,23.0715],[104.8171,23.0748],[104.8162,23.0764],[104.816,23.0789],[104.8123,23.0803],[104.809,23.0801],[104.8067,23.084],[104.8068,23.0879],[104.8058,23.0895],[104.805,23.0947],[104.8052,23.0957],[104.8039,23.0978],[104.8042,23.1008],[104.803,23.1018],[104.8034,23.1032],[104.802,23.1074],[104.8021,23.1094],[104.8011,23.115],[104.8017,23.1164],[104.8034,23.1173],[104.8062,23.1176],[104.8103,23.1167],[104.8119,23.1177],[104.8135,23.1174],[104.8199,23.1179],[104.8219,23.1171],[104.8214,23.1139],[104.8238,23.1089],[104.8257,23.1076],[104.8267,23.1079],[104.8304,23.1138],[104.8308,23.1156],[104.8357,23.1162],[104.8382,23.1138],[104.84,23.113],[104.8394,23.1193],[104.8417,23.1178],[104.8441,23.1176],[104.8481,23.1209],[104.8485,23.1218],[104.8505,23.1216],[104.852,23.1227],[104.854,23.1229],[104.8553,23.1259],[104.857,23.1271],[104.857,23.1288],[104.8603,23.1291],[104.8609,23.1247],[104.8622,23.124],[104.8659,23.1242],[104.8689,23.1259],[104.87,23.1253],[104.8728,23.1258],[104.8744,23.1251],[104.8762,23.126],[104.8765,23.1275],[104.8788,23.1295],[104.8816,23.1292],[104.8835,23.1273],[104.8821,23.1254],[104.8805,23.1245],[104.881,23.1227],[104.8799,23.1204],[104.881,23.1184],[104.8795,23.1154],[104.8808,23.113],[104.8827,23.112],[104.8846,23.108],[104.8899,23.1078],[104.8915,23.1098],[104.8918,23.1114],[104.8929,23.1124],[104.8932,23.1153],[104.8905,23.117],[104.8921,23.1181],[104.8934,23.1214],[104.8949,23.1216],[104.8986,23.1164],[104.9014,23.1156],[104.9051,23.1167],[104.9098,23.1167],[104.9119,23.1155],[104.9153,23.1156],[104.9167,23.1148],[104.9166,23.1119],[104.9176,23.1101],[104.9172,23.1084],[104.9177,23.1061],[104.9187,23.1046],[104.9186,23.1021],[104.9198,23.1004],[104.9212,23.1003],[104.9221,23.0989],[104.9264,23.0968],[104.9272,23.0928],[104.9295,23.0908],[104.9299,23.0896],[104.9314,23.0893],[104.9333,23.087],[104.9353,23.0872],[104.9363,23.0857],[104.9356,23.0847],[104.9375,23.0835],[104.9376,23.0799],[104.939,23.0791],[104.9385,23.0759],[104.9424,23.0758]]]},"properties":{"name":"Tùng Vài","level":"ward"}},{"type":"Feature","geometry":{"type":"Polygon","coordinates":[[[105.0831,23.0771],[105.0837,23.0734],[105.0851,23.0711],[105.0889,23.0719],[105.09,23.0695],[105.0933,23.0702],[105.0944,23.069],[105.0958,23.0642],[105.0992,23.0639],[105.1009,23.0645],[105.1021,23.0633],[105.0998,23.0596],[105.1,23.0582],[105.0986,23.0569],[105.0992,23.0545],[105.1021,23.0543],[105.1054,23.0518],[105.1088,23.0505],[105.1124,23.0468],[105.1095,23.0455],[105.107,23.045],[105.1053,23.0431],[105.1061,23.0413],[105.1057,23.0392],[105.1022,23.0376],[105.1018,23.0362],[105.1071,23.0332],[105.107,23.0318],[105.1093,23.0308],[105.1114,23.0328],[105.1136,23.0331],[105.115,23.0345],[105.1185,23.0335],[105.1203,23.034],[105.1241,23.0326],[105.1252,23.0335],[105.1278,23.0333],[105.1302,23.032],[105.1307,23.0301],[105.1331,23.0272],[105.1338,23.0234],[105.1348,23.0226],[105.1347,23.0206],[105.1325,23.0208],[105.1321,23.0198],[105.1296,23.0179],[105.1276,23.0124],[105.1262,23.0116],[105.1279,23.0101],[105.1275,23.0074],[105.1253,23.0038],[105.1251,23.0017],[105.1291,22.9998],[105.1328,22.9996],[105.1353,23.0002],[105.1385,23.0001],[105.139,22.9984],[105.1408,22.9982],[105.143,22.9965],[105.1424,22.9941],[105.1428,22.99],[105.1422,22.9881],[105.1421,22.9848],[105.143,22.9829],[105.1382,22.9758],[105.1381,22.9748],[105.1359,22.9726],[105.135,22.9673],[105.1349,22.965],[105.1331,22.9601],[105.1311,22.9598],[105.1276,22.962],[105.1267,22.9604],[105.1245,22.9592],[105.1211,22.9591],[105.1157,22.9583],[105.1127,22.9585],[105.1091,22.9598],[105.1057,22.9602],[105.1043,22.9616],[105.1011,22.9629],[105.0981,22.962],[105.097,22.9606],[105.0953,22.9564],[105.0936,22.956],[105.0917,22.9568],[105.0892,22.957],[105.088,22.958],[105.0848,22.9585],[105.0829,22.9576],[105.0812,22.9586],[105.076,22.9569],[105.0703,22.9573],[105.0698,22.9561],[105.0715,22.9523],[105.0712,22.9514],[105.0676,22.9509],[105.0635,22.9489],[105.0579,22.9468],[105.0575,22.9487],[105.0542,22.9506],[105.0523,22.9535],[105.0482,22.9557],[105.0468,22.9588],[105.045,22.9598],[105.0424,22.9641],[105.0395,22.9662],[105.0377,22.9693],[105.0376,22.9711],[105.0355,22.9731],[105.0345,22.9759],[105.0342,22.9787],[105.0315,22.983],[105.0308,22.9856],[105.0308,22.9879],[105.03,22.9895],[105.0297,22.9918],[105.028,22.9927],[105.0277,22.994],[105.0254,22.998],[105.0262,23.0031],[105.0234,23.0043],[105.0208,23.0079],[105.022,23.0097],[105.0254,23.0102],[105.0303,23.0121],[105.0319,23.0135],[105.0327,23.0157],[105.0347,23.0178],[105.0337,23.0189],[105.0311,23.0197],[105.03,23.0218],[105.0305,23.0241],[105.0297,23.0275],[105.0302,23.0307],[105.0299,23.033],[105.0288,23.0357],[105.0302,23.0378],[105.0287,23.0401],[105.0291,23.0418],[105.0267,23.0445],[105.0231,23.0467],[105.0225,23.0501],[105.0232,23.0505],[105.0236,23.0543],[105.0206,23.0585],[105.0213,23.0598],[105.0243,23.0622],[105.0241,23.0639],[105.0218,23.0655],[105.0237,23.0682],[105.0215,23.0695],[105.0222,23.0734],[105.0239,23.0737],[105.0291,23.073],[105.0322,23.0712],[105.0365,23.0718],[105.0377,23.0703],[105.0381,23.0674],[105.0421,23.0625],[105.0433,23.0628],[105.0425,23.0657],[105.046,23.0668],[105.0483,23.0645],[105.0479,23.0633],[105.0499,23.0615],[105.0516,23.0634],[105.0495,23.0668],[105.0489,23.0685],[105.0472,23.0706],[105.0463,23.0728],[105.0542,23.0763],[105.0578,23.0765],[105.0609,23.0772],[105.0614,23.0765],[105.065,23.0769],[105.0671,23.0787],[105.0691,23.078],[105.07,23.076],[105.074,23.0752],[105.0748,23.0742],[105.0767,23.0746],[105.0762,23.0763],[105.0773,23.077],[105.0799,23.076],[105.0831,23.0771]]]},"properties":{"name":"Lùng Tám","level":"ward"}},{"type":"Feature","geometry":{"type":"Polygon","coordinates":[[[104.9589,22.7546],[104.9645,22.7567],[104.9685,22.7554],[104.9702,22.7555],[104.9704,22.7577],[104.9679,22.7603],[104.9715,22.7621],[104.9734,22.7641],[104.9757,22.7645],[104.9776,22.7657],[104.9786,22.7674],[104.9799,22.7678],[104.9816,22.7696],[104.9816,22.7717],[104.9806,22.7742],[104.9811,22.7777],[104.9825,22.7793],[104.9838,22.782],[104.9838,22.7861],[104.9852,22.7879],[104.9876,22.7875],[104.9931,22.7895],[104.9951,22.7895],[104.9933,22.7873],[104.9932,22.7851],[104.9956,22.7804],[104.9976,22.7789],[105.0004,22.7776],[105.0035,22.7748],[105.005,22.7723],[105.0063,22.7682],[105.0067,22.7656],[105.0077,22.764],[105.0072,22.7612],[105.0097,22.7603],[105.0092,22.7579],[105.007,22.7551],[105.0076,22.7522],[105.0069,22.7494],[105.0047,22.7481],[105.0031,22.7464],[104.9993,22.7404],[104.9949,22.7373],[104.9949,22.7351],[104.9922,22.7315],[104.9918,22.729],[104.9926,22.7268],[104.9917,22.7243],[104.9917,22.7224],[104.9897,22.7192],[104.989,22.7166],[104.9872,22.7126],[104.9871,22.7073],[104.9879,22.6995],[104.9879,22.6961],[104.9868,22.6882],[104.9873,22.6847],[104.9888,22.6839],[104.9864,22.6826],[104.9868,22.6803],[104.9859,22.6787],[104.9863,22.6745],[104.9902,22.6681],[104.9926,22.6668],[104.996,22.6657],[104.9973,22.6635],[104.9958,22.6614],[104.9936,22.6601],[104.9933,22.6583],[104.9918,22.6554],[104.9921,22.6528],[104.9889,22.6488],[104.9859,22.6485],[104.9846,22.6474],[104.9835,22.645],[104.9816,22.6431],[104.9805,22.641],[104.9807,22.6386],[104.9817,22.6356],[104.9799,22.6346],[104.9758,22.6362],[104.9752,22.6345],[104.9765,22.6326],[104.9762,22.6315],[104.9737,22.6299],[104.9704,22.6288],[104.9708,22.6258],[104.973,22.6254],[104.9745,22.6225],[104.9711,22.6204],[104.9727,22.6174],[104.9732,22.6152],[104.9763,22.6127],[104.9765,22.6107],[104.9757,22.6091],[104.9755,22.6066],[104.9738,22.6034],[104.9723,22.6028],[104.9686,22.6035],[104.9674,22.6018],[104.9676,22.5984],[104.967,22.5918],[104.9673,22.5887],[104.9668,22.5846],[104.9655,22.5826],[104.9645,22.5839],[104.9623,22.5847],[104.961,22.5867],[104.9603,22.5894],[104.9593,22.5896],[104.9578,22.5934],[104.9593,22.5951],[104.9603,22.6038],[104.9583,22.6087],[104.957,22.6097],[104.9537,22.6042],[104.9518,22.6004],[104.9509,22.597],[104.9488,22.5943],[104.9461,22.5931],[104.9434,22.5914],[104.9446,22.5933],[104.9473,22.5952],[104.9492,22.5999],[104.9495,22.6056],[104.9489,22.6064],[104.9482,22.6101],[104.9449,22.6129],[104.9449,22.6154],[104.9435,22.6204],[104.9435,22.6251],[104.9424,22.6278],[104.9434,22.6285],[104.9436,22.6306],[104.9451,22.6312],[104.9465,22.6356],[104.9444,22.6411],[104.9433,22.6416],[104.9451,22.6437],[104.9463,22.6473],[104.9476,22.6481],[104.9473,22.6495],[104.9494,22.6505],[104.9502,22.6519],[104.9503,22.6539],[104.952,22.6553],[104.9538,22.6554],[104.9547,22.6572],[104.958,22.6563],[104.9599,22.6575],[104.9616,22.6599],[104.9611,22.6621],[104.9634,22.6647],[104.9642,22.6668],[104.963,22.6713],[104.9613,22.6736],[104.958,22.6742],[104.9539,22.6784],[104.9521,22.6786],[104.9523,22.6806],[104.9491,22.6847],[104.9482,22.6879],[104.947,22.6897],[104.9436,22.6914],[104.942,22.6936],[104.9401,22.693],[104.938,22.6934],[104.9371,22.6954],[104.9373,22.6981],[104.94,22.7006],[104.9398,22.703],[104.9417,22.7079],[104.9409,22.7108],[104.9408,22.713],[104.9432,22.7126],[104.9453,22.7133],[104.9458,22.7144],[104.9443,22.7153],[104.9435,22.7171],[104.9437,22.72],[104.9459,22.7226],[104.9487,22.7235],[104.9504,22.7264],[104.9518,22.7278],[104.952,22.7293],[104.9542,22.7316],[104.9532,22.7355],[104.9532,22.7396],[104.9536,22.7429],[104.9542,22.7441],[104.9531,22.746],[104.9551,22.7484],[104.9546,22.7504],[104.9566,22.7546],[104.9589,22.7546]]]},"properties":{"name":"Vị Xuyên","level":"ward"}},{"type":"Feature","geometry":{"type":"Polygon","coordinates":[[[104.9393,22.8964],[104.9322,22.8975],[104.928,22.8975],[104.9266,22.8981],[104.9236,22.9011],[104.9231,22.9024],[104.9211,22.9024],[104.9195,22.9033],[104.9175,22.9067],[104.9174,22.9086],[104.9122,22.9111],[104.9096,22.9111],[104.9062,22.9096],[104.9055,22.9114],[104.9035,22.9122],[104.903,22.9159],[104.9012,22.9151],[104.898,22.9163],[104.8968,22.9151],[104.8938,22.9138],[104.8918,22.9145],[104.8904,22.9126],[104.8877,22.9168],[104.8855,22.917],[104.8847,22.92],[104.887,22.9223],[104.8832,22.9245],[104.8814,22.927],[104.88,22.9301],[104.8766,22.9318],[104.8749,22.9346],[104.8728,22.9355],[104.8711,22.9372],[104.867,22.9402],[104.866,22.9428],[104.8663,22.9444],[104.8652,22.9462],[104.866,22.9481],[104.8644,22.9491],[104.8637,22.9505],[104.8644,22.9532],[104.8652,22.9544],[104.8649,22.9598],[104.8657,22.961],[104.8646,22.9638],[104.8627,22.965],[104.8607,22.9686],[104.8625,22.9747],[104.8605,22.9766],[104.8605,22.9788],[104.8634,22.9809],[104.8659,22.9814],[104.8674,22.9791],[104.87,22.9796],[104.8721,22.9791],[104.8727,22.9766],[104.876,22.9774],[104.8771,22.979],[104.8773,22.9813],[104.8766,22.9828],[104.8781,22.9843],[104.8786,22.987],[104.8781,22.9885],[104.8796,22.9905],[104.8827,22.9911],[104.8846,22.9942],[104.8857,22.9947],[104.8867,22.9965],[104.8893,23.0001],[104.8911,23.0002],[104.8917,23.0015],[104.8977,23.0036],[104.8983,23.0059],[104.9004,23.0084],[104.8997,23.0105],[104.8995,23.0134],[104.898,23.0146],[104.8977,23.017],[104.8956,23.0178],[104.8912,23.0227],[104.8993,23.0262],[104.9042,23.0299],[104.912,23.0344],[104.9134,23.0375],[104.9135,23.0417],[104.9162,23.0429],[104.9183,23.0418],[104.9199,23.0424],[104.9213,23.0377],[104.924,23.0349],[104.9246,23.0316],[104.9239,23.0275],[104.9252,23.0266],[104.9255,23.0239],[104.9272,23.0214],[104.9282,23.0185],[104.9285,23.0162],[104.9271,23.0142],[104.929,23.0078],[104.9323,23.006],[104.9354,23.0057],[104.9347,23.0037],[104.9314,23.0024],[104.9281,23.0021],[104.9294,22.9958],[104.9309,22.9951],[104.9352,22.9952],[104.9371,22.9971],[104.944,22.9983],[104.9456,22.9992],[104.9471,22.9968],[104.9498,22.9969],[104.9507,22.9957],[104.9523,22.9946],[104.954,22.9941],[104.9566,22.9921],[104.9588,22.9919],[104.9592,22.9932],[104.9611,22.9948],[104.9641,22.9932],[104.9641,22.9915],[104.9652,22.99],[104.9642,22.9866],[104.9651,22.9828],[104.9661,22.9809],[104.9671,22.9759],[104.9669,22.9738],[104.9655,22.9733],[104.9657,22.9701],[104.964,22.969],[104.9637,22.9674],[104.9593,22.9648],[104.9585,22.9629],[104.9585,22.9612],[104.9596,22.9601],[104.9602,22.9573],[104.9624,22.9559],[104.9636,22.9538],[104.9659,22.9529],[104.9664,22.9517],[104.9681,22.9516],[104.9723,22.949],[104.974,22.9488],[104.9756,22.943],[104.9769,22.9406],[104.977,22.9405],[104.9772,22.9403],[104.9781,22.9396],[104.9785,22.9376],[104.9799,22.9356],[104.9804,22.9308],[104.9798,22.9286],[104.9766,22.9258],[104.9701,22.9272],[104.9678,22.9265],[104.963,22.9214],[104.9579,22.919],[104.9557,22.9195],[104.9538,22.9179],[104.9522,22.9201],[104.9512,22.9201],[104.9492,22.9216],[104.9474,22.9222],[104.9448,22.9214],[104.9437,22.9219],[104.9425,22.9204],[104.9442,22.9186],[104.9441,22.9156],[104.9447,22.9129],[104.9416,22.9093],[104.9407,22.9061],[104.939,22.9028],[104.9408,22.8986],[104.9393,22.8964]]]},"properties":{"name":"Minh Tân","level":"ward"}},{"type":"Feature","geometry":{"type":"Polygon","coordinates":[[[104.9393,22.8964],[104.9408,22.8986],[104.939,22.9028],[104.9407,22.9061],[104.9416,22.9093],[104.9447,22.9129],[104.9441,22.9156],[104.9442,22.9186],[104.9425,22.9204],[104.9437,22.9219],[104.9448,22.9214],[104.9474,22.9222],[104.9492,22.9216],[104.9512,22.9201],[104.9522,22.9201],[104.9538,22.9179],[104.9557,22.9195],[104.9579,22.919],[104.963,22.9214],[104.9678,22.9265],[104.9701,22.9272],[104.9766,22.9258],[104.9798,22.9286],[104.9804,22.9308],[104.9799,22.9356],[104.9785,22.9376],[104.9781,22.9396],[104.9772,22.9403],[104.977,22.9405],[104.9867,22.9539],[104.9862,22.9648],[104.9825,22.9649],[104.9827,22.9673],[104.9861,22.9735],[104.9864,22.9834],[104.9904,22.9857],[104.9952,22.9869],[104.9974,22.993],[105.0004,22.9995],[105.0072,23.0017],[105.01,22.9997],[105.0133,22.9997],[105.0165,22.9981],[105.017,22.9979],[105.0207,22.9966],[105.0226,22.9955],[105.023,22.9933],[105.024,22.9914],[105.0253,22.9906],[105.0283,22.9909],[105.0297,22.9918],[105.03,22.9895],[105.0308,22.9879],[105.0308,22.9856],[105.0315,22.983],[105.0342,22.9787],[105.0345,22.9759],[105.0355,22.9731],[105.0376,22.9711],[105.0377,22.9693],[105.0395,22.9662],[105.0424,22.9641],[105.045,22.9598],[105.0468,22.9588],[105.0482,22.9557],[105.0523,22.9535],[105.0542,22.9506],[105.0575,22.9487],[105.0579,22.9468],[105.0575,22.943],[105.0567,22.9415],[105.0546,22.9403],[105.0543,22.939],[105.0527,22.9373],[105.0516,22.935],[105.0513,22.9306],[105.0522,22.9271],[105.051,22.925],[105.0528,22.9197],[105.0549,22.9171],[105.0564,22.9126],[105.0577,22.9099],[105.0548,22.9047],[105.056,22.9015],[105.0548,22.8993],[105.055,22.8953],[105.0539,22.8931],[105.0516,22.8793],[105.051,22.8775],[105.051,22.8746],[105.0472,22.8663],[105.0428,22.8675],[105.0406,22.8665],[105.0397,22.8668],[105.0359,22.8703],[105.034,22.8715],[105.0306,22.8719],[105.0281,22.874],[105.0272,22.8765],[105.0242,22.8788],[105.0185,22.8726],[105.0151,22.8704],[105.0144,22.8718],[105.0101,22.8721],[105.0099,22.8705],[105.0106,22.868],[105.0081,22.8673],[105.0056,22.8678],[105.0027,22.8674],[104.9997,22.8684],[104.9938,22.8683],[104.9907,22.8715],[104.9872,22.8726],[104.9847,22.8742],[104.9817,22.8746],[104.9775,22.8786],[104.973,22.8805],[104.9721,22.8814],[104.9683,22.8829],[104.9656,22.8845],[104.9638,22.8849],[104.963,22.886],[104.9601,22.8863],[104.9583,22.8875],[104.956,22.8902],[104.9513,22.8894],[104.9498,22.8903],[104.9481,22.8926],[104.9432,22.8956],[104.9416,22.8946],[104.9393,22.8964]]]},"properties":{"name":"Thuận Hoà","level":"ward"}},{"type":"Feature","geometry":{"type":"Polygon","coordinates":[[[105.135,22.8369],[105.1342,22.838],[105.1313,22.838],[105.128,22.8394],[105.1278,22.8373],[105.126,22.8379],[105.1233,22.8399],[105.1175,22.8422],[105.1162,22.8417],[105.1151,22.8394],[105.1118,22.8376],[105.109,22.8325],[105.1066,22.8302],[105.1029,22.8295],[105.1012,22.8299],[105.0969,22.8319],[105.0932,22.831],[105.0896,22.8322],[105.0859,22.8319],[105.084,22.8336],[105.0819,22.8345],[105.078,22.8345],[105.0764,22.8361],[105.073,22.8373],[105.0733,22.8403],[105.0747,22.8413],[105.0753,22.8442],[105.0724,22.8458],[105.0685,22.8445],[105.066,22.8453],[105.0637,22.8469],[105.0623,22.8497],[105.0585,22.8502],[105.0559,22.8518],[105.0556,22.8542],[105.0499,22.8554],[105.048,22.8562],[105.0472,22.8588],[105.0452,22.8599],[105.0449,22.8626],[105.0419,22.8637],[105.0406,22.8665],[105.0428,22.8675],[105.0472,22.8663],[105.051,22.8746],[105.051,22.8775],[105.0516,22.8793],[105.0539,22.8931],[105.055,22.8953],[105.0548,22.8993],[105.056,22.9015],[105.0548,22.9047],[105.0577,22.9099],[105.0564,22.9126],[105.0549,22.9171],[105.0528,22.9197],[105.051,22.925],[105.0522,22.9271],[105.0513,22.9306],[105.0516,22.935],[105.0527,22.9373],[105.0543,22.939],[105.0546,22.9403],[105.0567,22.9415],[105.0575,22.943],[105.0579,22.9468],[105.0635,22.9489],[105.0676,22.9509],[105.0712,22.9514],[105.0715,22.9523],[105.0698,22.9561],[105.0703,22.9573],[105.076,22.9569],[105.0812,22.9586],[105.0829,22.9576],[105.0848,22.9585],[105.088,22.958],[105.0892,22.957],[105.0917,22.9568],[105.0936,22.956],[105.0953,22.9564],[105.097,22.9606],[105.0981,22.962],[105.1011,22.9629],[105.1043,22.9616],[105.1057,22.9602],[105.1091,22.9598],[105.1127,22.9585],[105.1157,22.9583],[105.1211,22.9591],[105.1245,22.9592],[105.1267,22.9604],[105.1276,22.962],[105.1311,22.9598],[105.1331,22.9601],[105.1344,22.9564],[105.1355,22.9559],[105.1347,22.9518],[105.1369,22.9481],[105.1399,22.9463],[105.1398,22.9409],[105.1418,22.9373],[105.1421,22.9323],[105.1401,22.9299],[105.1401,22.9266],[105.1408,22.9252],[105.1407,22.9228],[105.1423,22.922],[105.1418,22.9204],[105.1393,22.9187],[105.1393,22.9167],[105.1385,22.9144],[105.1365,22.9134],[105.1349,22.9117],[105.1376,22.9078],[105.1375,22.9059],[105.1401,22.9019],[105.1415,22.899],[105.1427,22.8981],[105.1438,22.8962],[105.1455,22.8946],[105.1465,22.8911],[105.1475,22.8892],[105.1465,22.8855],[105.1478,22.8824],[105.1471,22.8807],[105.1477,22.8776],[105.1504,22.873],[105.1507,22.8704],[105.1506,22.8654],[105.1518,22.8607],[105.1509,22.8593],[105.1482,22.8585],[105.1436,22.8581],[105.1413,22.8574],[105.1419,22.8538],[105.1412,22.8512],[105.1431,22.8484],[105.1382,22.8458],[105.1361,22.843],[105.1364,22.8391],[105.135,22.8369]]]},"properties":{"name":"Tùng Bá","level":"ward"}},{"type":"Feature","geometry":{"type":"Polygon","coordinates":[[[104.8904,22.9126],[104.8912,22.912],[104.8931,22.9073],[104.8958,22.9043],[104.8988,22.8987],[104.9022,22.8972],[104.9024,22.8956],[104.9041,22.8952],[104.9064,22.893],[104.9063,22.8915],[104.904,22.8838],[104.9065,22.8814],[104.9073,22.8795],[104.9101,22.8782],[104.9141,22.8753],[104.915,22.8716],[104.9159,22.8704],[104.9191,22.8686],[104.9235,22.8633],[104.9266,22.8612],[104.9243,22.8599],[104.9252,22.8579],[104.9254,22.8553],[104.9215,22.8482],[104.9196,22.8459],[104.9179,22.8453],[104.9172,22.8436],[104.9151,22.8423],[104.9143,22.8395],[104.9102,22.837],[104.9068,22.8388],[104.9042,22.8392],[104.8982,22.8423],[104.8964,22.839],[104.8952,22.8387],[104.8921,22.8361],[104.8916,22.8344],[104.8868,22.8306],[104.8847,22.8303],[104.8833,22.8284],[104.8809,22.8272],[104.879,22.8246],[104.8768,22.8238],[104.8746,22.8223],[104.8731,22.8203],[104.8688,22.8183],[104.868,22.8158],[104.8664,22.8132],[104.8657,22.8105],[104.8631,22.8087],[104.8609,22.8087],[104.8535,22.8068],[104.8529,22.8059],[104.8497,22.8048],[104.8445,22.8039],[104.8426,22.8045],[104.8394,22.8037],[104.8375,22.8024],[104.8368,22.8009],[104.835,22.8001],[104.8292,22.7995],[104.828,22.7989],[104.8225,22.7993],[104.8216,22.7996],[104.8179,22.7991],[104.814,22.8001],[104.8089,22.7999],[104.8059,22.8019],[104.8044,22.8011],[104.803,22.8045],[104.8041,22.8083],[104.8075,22.8115],[104.8102,22.8157],[104.8152,22.8201],[104.8183,22.8211],[104.8202,22.8245],[104.8218,22.8254],[104.821,22.8277],[104.823,22.8291],[104.8263,22.8302],[104.8252,22.8321],[104.8247,22.8346],[104.8227,22.8376],[104.821,22.8389],[104.821,22.8402],[104.8196,22.8418],[104.8216,22.8438],[104.8237,22.8483],[104.8258,22.85],[104.8277,22.8523],[104.8309,22.8535],[104.8333,22.8555],[104.8335,22.8615],[104.8329,22.8654],[104.8349,22.8673],[104.837,22.8676],[104.8394,22.8687],[104.8434,22.8687],[104.8444,22.8676],[104.8476,22.8685],[104.8505,22.8678],[104.8504,22.8699],[104.8511,22.8736],[104.8499,22.8753],[104.8509,22.878],[104.8508,22.8822],[104.8515,22.8844],[104.8506,22.8887],[104.8507,22.8919],[104.8514,22.894],[104.85,22.8973],[104.8452,22.8976],[104.8441,22.8984],[104.843,22.9013],[104.8417,22.9018],[104.8391,22.9001],[104.8373,22.901],[104.8353,22.9032],[104.8335,22.9041],[104.8304,22.9039],[104.8292,22.9028],[104.825,22.9059],[104.821,22.9107],[104.8188,22.9124],[104.817,22.9131],[104.8118,22.9134],[104.8088,22.915],[104.8083,22.9164],[104.8102,22.9195],[104.8136,22.9212],[104.8156,22.9208],[104.8173,22.9215],[104.82,22.9235],[104.8218,22.9234],[104.8242,22.9242],[104.8287,22.9244],[104.8295,22.9248],[104.8343,22.9236],[104.8386,22.9221],[104.8401,22.9227],[104.8399,22.9243],[104.8408,22.9268],[104.8433,22.9304],[104.8442,22.9303],[104.8451,22.9328],[104.8466,22.9334],[104.8487,22.9355],[104.8497,22.9373],[104.8553,22.9398],[104.8623,22.9423],[104.8642,22.945],[104.8644,22.9491],[104.866,22.9481],[104.8652,22.9462],[104.8663,22.9444],[104.866,22.9428],[104.867,22.9402],[104.8711,22.9372],[104.8728,22.9355],[104.8749,22.9346],[104.8766,22.9318],[104.88,22.9301],[104.8814,22.927],[104.8832,22.9245],[104.887,22.9223],[104.8847,22.92],[104.8855,22.917],[104.8877,22.9168],[104.8904,22.9126]]]},"properties":{"name":"Thanh Thuỷ","level":"ward"}},{"type":"Feature","geometry":{"type":"Polygon","coordinates":[[[104.8088,22.915],[104.8118,22.9134],[104.817,22.9131],[104.8188,22.9124],[104.821,22.9107],[104.825,22.9059],[104.8292,22.9028],[104.8304,22.9039],[104.8335,22.9041],[104.8353,22.9032],[104.8373,22.901],[104.8391,22.9001],[104.8417,22.9018],[104.843,22.9013],[104.8441,22.8984],[104.8452,22.8976],[104.85,22.8973],[104.8514,22.894],[104.8507,22.8919],[104.8506,22.8887],[104.8515,22.8844],[104.8508,22.8822],[104.8509,22.878],[104.8499,22.8753],[104.8511,22.8736],[104.8504,22.8699],[104.8505,22.8678],[104.8476,22.8685],[104.8444,22.8676],[104.8434,22.8687],[104.8394,22.8687],[104.837,22.8676],[104.8349,22.8673],[104.8329,22.8654],[104.8335,22.8615],[104.8333,22.8555],[104.8309,22.8535],[104.8277,22.8523],[104.8258,22.85],[104.8237,22.8483],[104.8216,22.8438],[104.8196,22.8418],[104.821,22.8402],[104.821,22.8389],[104.8227,22.8376],[104.8247,22.8346],[104.8252,22.8321],[104.8263,22.8302],[104.823,22.8291],[104.821,22.8277],[104.8218,22.8254],[104.8202,22.8245],[104.8183,22.8211],[104.8152,22.8201],[104.8102,22.8157],[104.8075,22.8115],[104.8041,22.8083],[104.803,22.8045],[104.7997,22.8057],[104.7967,22.8058],[104.7931,22.8076],[104.7912,22.8071],[104.789,22.8082],[104.7863,22.808],[104.7848,22.8071],[104.7793,22.8069],[104.7787,22.8043],[104.7768,22.8013],[104.7754,22.8002],[104.7724,22.7989],[104.7692,22.7967],[104.7655,22.7962],[104.7647,22.7953],[104.7625,22.7967],[104.7563,22.7967],[104.7541,22.7977],[104.7516,22.7978],[104.7478,22.7994],[104.7464,22.7991],[104.7431,22.8004],[104.7426,22.8018],[104.7394,22.8034],[104.7382,22.8062],[104.7394,22.8083],[104.7389,22.8094],[104.7394,22.813],[104.7384,22.8166],[104.7368,22.8179],[104.7345,22.8207],[104.7349,22.8215],[104.7337,22.8235],[104.7326,22.8235],[104.7332,22.8252],[104.7344,22.8257],[104.7358,22.8304],[104.7344,22.8318],[104.734,22.8348],[104.7326,22.8364],[104.733,22.8405],[104.7306,22.8446],[104.7283,22.8459],[104.7245,22.8498],[104.7272,22.8515],[104.7322,22.8567],[104.7357,22.8582],[104.7382,22.8588],[104.7429,22.8578],[104.7505,22.8578],[104.7527,22.857],[104.7566,22.859],[104.7573,22.8627],[104.7592,22.8641],[104.7605,22.8658],[104.7611,22.8686],[104.7625,22.8689],[104.7639,22.872],[104.7639,22.8768],[104.7642,22.8784],[104.7656,22.8808],[104.7658,22.8834],[104.7652,22.8846],[104.7661,22.8863],[104.7687,22.8879],[104.7705,22.8903],[104.771,22.8942],[104.7704,22.895],[104.7719,22.8973],[104.7744,22.8998],[104.7743,22.9015],[104.7767,22.9027],[104.7774,22.9052],[104.7819,22.9063],[104.7835,22.905],[104.7885,22.9044],[104.7916,22.9054],[104.7934,22.9067],[104.7957,22.9106],[104.7983,22.9116],[104.8008,22.9112],[104.8028,22.9138],[104.8075,22.9152],[104.8088,22.915]]]},"properties":{"name":"Lao Chải","level":"ward"}},{"type":"Feature","geometry":{"type":"Polygon","coordinates":[[[104.8631,22.8087],[104.8649,22.8063],[104.8647,22.8044],[104.8655,22.8034],[104.8689,22.8018],[104.8718,22.8012],[104.8731,22.8003],[104.8755,22.8],[104.8774,22.7981],[104.8831,22.7948],[104.8848,22.7922],[104.8867,22.791],[104.8921,22.7886],[104.8958,22.7896],[104.8989,22.7919],[104.901,22.7913],[104.9045,22.7912],[104.9111,22.7917],[104.9134,22.7881],[104.9135,22.7867],[104.9124,22.7813],[104.9156,22.7812],[104.9175,22.7798],[104.9198,22.7797],[104.9262,22.7762],[104.9286,22.7762],[104.9304,22.7753],[104.9325,22.7751],[104.9379,22.7733],[104.9406,22.7712],[104.94,22.767],[104.9403,22.765],[104.9455,22.763],[104.9487,22.761],[104.952,22.758],[104.9565,22.7561],[104.9586,22.7556],[104.9589,22.7546],[104.9566,22.7546],[104.9546,22.7504],[104.9551,22.7484],[104.9531,22.746],[104.9542,22.7441],[104.9536,22.7429],[104.9532,22.7396],[104.9532,22.7355],[104.9542,22.7316],[104.952,22.7293],[104.9518,22.7278],[104.9504,22.7264],[104.9487,22.7235],[104.9459,22.7226],[104.9437,22.72],[104.9435,22.7171],[104.9443,22.7153],[104.9458,22.7144],[104.9453,22.7133],[104.9432,22.7126],[104.9408,22.713],[104.9409,22.7108],[104.9417,22.7079],[104.9398,22.703],[104.94,22.7006],[104.9373,22.6981],[104.9341,22.6975],[104.9311,22.6998],[104.9285,22.6994],[104.9245,22.7014],[104.9205,22.7043],[104.9163,22.7049],[104.9139,22.7076],[104.9107,22.7104],[104.9087,22.7105],[104.9077,22.7138],[104.908,22.7149],[104.9071,22.7176],[104.9051,22.7205],[104.9035,22.7216],[104.9014,22.7206],[104.9002,22.7207],[104.8965,22.7224],[104.8919,22.7231],[104.8886,22.7232],[104.8876,22.7228],[104.8819,22.7244],[104.8793,22.7246],[104.8781,22.7238],[104.8752,22.724],[104.8698,22.7216],[104.8681,22.7222],[104.8666,22.7246],[104.8632,22.7266],[104.8613,22.7266],[104.8563,22.7288],[104.8547,22.7284],[104.8529,22.7293],[104.8507,22.7291],[104.8486,22.7324],[104.8454,22.734],[104.8439,22.7337],[104.8428,22.7349],[104.8404,22.7353],[104.8387,22.7363],[104.8372,22.7362],[104.8336,22.7391],[104.8293,22.7421],[104.8264,22.7435],[104.8202,22.7473],[104.8141,22.7496],[104.8125,22.7507],[104.811,22.7494],[104.811,22.7506],[104.8084,22.7532],[104.8079,22.7552],[104.805,22.7578],[104.8036,22.7581],[104.8033,22.7603],[104.8068,22.7644],[104.8074,22.7657],[104.8061,22.7712],[104.808,22.7718],[104.8097,22.7734],[104.8111,22.7736],[104.8149,22.7768],[104.8123,22.779],[104.8102,22.7824],[104.8099,22.7852],[104.8066,22.7875],[104.8077,22.7907],[104.8073,22.7955],[104.8076,22.7971],[104.8089,22.7999],[104.814,22.8001],[104.8179,22.7991],[104.8216,22.7996],[104.8225,22.7993],[104.828,22.7989],[104.8292,22.7995],[104.835,22.8001],[104.8368,22.8009],[104.8375,22.8024],[104.8394,22.8037],[104.8426,22.8045],[104.8445,22.8039],[104.8497,22.8048],[104.8529,22.8059],[104.8535,22.8068],[104.8609,22.8087],[104.8631,22.8087]]]},"properties":{"name":"Cao Bồ","level":"ward"}},{"type":"Feature","geometry":{"type":"Polygon","coordinates":[[[104.811,22.7494],[104.8125,22.7507],[104.8141,22.7496],[104.8202,22.7473],[104.8264,22.7435],[104.8293,22.7421],[104.8336,22.7391],[104.8372,22.7362],[104.8387,22.7363],[104.8404,22.7353],[104.8428,22.7349],[104.8439,22.7337],[104.8454,22.734],[104.8486,22.7324],[104.8507,22.7291],[104.8475,22.7264],[104.8427,22.7238],[104.8418,22.7213],[104.8383,22.7179],[104.8384,22.7168],[104.841,22.7116],[104.8439,22.7093],[104.8449,22.7079],[104.8468,22.707],[104.848,22.7041],[104.8491,22.6984],[104.8488,22.6956],[104.8505,22.6932],[104.8512,22.691],[104.8537,22.6888],[104.8553,22.6868],[104.86,22.685],[104.8646,22.6819],[104.8655,22.6793],[104.8694,22.6769],[104.8731,22.6774],[104.8748,22.676],[104.8774,22.6747],[104.8802,22.674],[104.8781,22.6714],[104.8779,22.6673],[104.8802,22.6654],[104.8826,22.662],[104.8818,22.6601],[104.882,22.6572],[104.8837,22.6542],[104.8853,22.6524],[104.8865,22.6522],[104.8882,22.6535],[104.8896,22.6516],[104.8948,22.6469],[104.8951,22.6425],[104.8961,22.6416],[104.896,22.64],[104.8977,22.6378],[104.8989,22.6333],[104.897,22.6311],[104.8968,22.6294],[104.898,22.6273],[104.8966,22.6266],[104.8936,22.6266],[104.8911,22.6233],[104.8922,22.6213],[104.8916,22.6169],[104.892,22.6161],[104.8953,22.6142],[104.8975,22.6147],[104.8999,22.6136],[104.9001,22.6095],[104.9025,22.6093],[104.9051,22.608],[104.9068,22.6065],[104.9073,22.6027],[104.9063,22.6011],[104.9081,22.597],[104.9049,22.5931],[104.9018,22.5903],[104.9003,22.588],[104.8997,22.5842],[104.8962,22.5805],[104.8932,22.5794],[104.8922,22.5783],[104.8899,22.5782],[104.8877,22.5793],[104.8867,22.5807],[104.8823,22.5828],[104.8803,22.5834],[104.8796,22.5863],[104.8792,22.5899],[104.8784,22.5918],[104.8758,22.592],[104.8738,22.5943],[104.8707,22.5941],[104.8695,22.5926],[104.8679,22.5924],[104.8661,22.591],[104.8596,22.5918],[104.8582,22.5926],[104.8537,22.5923],[104.8497,22.5916],[104.8473,22.5942],[104.8445,22.5952],[104.8429,22.5982],[104.8395,22.6024],[104.8338,22.6044],[104.8322,22.6039],[104.8279,22.604],[104.8265,22.6069],[104.8241,22.6073],[104.823,22.6084],[104.8205,22.6087],[104.8182,22.6102],[104.8149,22.6103],[104.814,22.6115],[104.81,22.6117],[104.8072,22.6127],[104.8064,22.6181],[104.8041,22.6196],[104.8024,22.6198],[104.8015,22.6211],[104.7969,22.6215],[104.7922,22.62],[104.7883,22.6213],[104.7847,22.6211],[104.7825,22.6222],[104.7831,22.6233],[104.7837,22.6263],[104.7834,22.6278],[104.782,22.6301],[104.7818,22.632],[104.7796,22.6344],[104.7767,22.64],[104.7751,22.6421],[104.7746,22.644],[104.7717,22.6457],[104.7697,22.6502],[104.7714,22.6513],[104.7717,22.6536],[104.7748,22.6543],[104.7765,22.6565],[104.7756,22.6579],[104.7755,22.6627],[104.7737,22.6658],[104.7683,22.6721],[104.7691,22.6753],[104.7727,22.6756],[104.7748,22.6747],[104.777,22.6723],[104.7789,22.6718],[104.7835,22.6685],[104.7863,22.6689],[104.7911,22.6723],[104.7929,22.6731],[104.796,22.6754],[104.7988,22.6755],[104.7992,22.6763],[104.7976,22.6782],[104.7968,22.6811],[104.7982,22.684],[104.7967,22.6866],[104.7937,22.6893],[104.7943,22.6898],[104.7911,22.6942],[104.7909,22.6955],[104.7874,22.6977],[104.7866,22.6973],[104.7838,22.6996],[104.7803,22.7014],[104.7814,22.704],[104.779,22.7072],[104.7775,22.7109],[104.7761,22.712],[104.7754,22.7168],[104.776,22.7202],[104.7795,22.721],[104.7823,22.7236],[104.7844,22.7248],[104.7875,22.7255],[104.7912,22.7274],[104.7947,22.7304],[104.7978,22.7312],[104.799,22.7329],[104.8006,22.7337],[104.8013,22.7377],[104.8033,22.738],[104.8075,22.7405],[104.809,22.7439],[104.8104,22.7455],[104.811,22.7494]]]},"properties":{"name":"Thượng Sơn","level":"ward"}},{"type":"Feature","geometry":{"type":"Polygon","coordinates":[[[104.9373,22.6981],[104.9371,22.6954],[104.938,22.6934],[104.9401,22.693],[104.942,22.6936],[104.9436,22.6914],[104.947,22.6897],[104.9482,22.6879],[104.9491,22.6847],[104.9523,22.6806],[104.9521,22.6786],[104.9539,22.6784],[104.958,22.6742],[104.9613,22.6736],[104.963,22.6713],[104.9642,22.6668],[104.9634,22.6647],[104.9611,22.6621],[104.9616,22.6599],[104.9599,22.6575],[104.958,22.6563],[104.9547,22.6572],[104.9538,22.6554],[104.952,22.6553],[104.9503,22.6539],[104.9502,22.6519],[104.9494,22.6505],[104.9473,22.6495],[104.9476,22.6481],[104.9463,22.6473],[104.9451,22.6437],[104.9433,22.6416],[104.9444,22.6411],[104.9465,22.6356],[104.9451,22.6312],[104.9436,22.6306],[104.9434,22.6285],[104.9424,22.6278],[104.9435,22.6251],[104.9435,22.6204],[104.9449,22.6154],[104.9449,22.6129],[104.9482,22.6101],[104.9489,22.6064],[104.9495,22.6056],[104.9492,22.5999],[104.9473,22.5952],[104.9446,22.5933],[104.9434,22.5914],[104.9419,22.5907],[104.9405,22.5912],[104.9392,22.5928],[104.9373,22.5934],[104.9347,22.5928],[104.9314,22.5909],[104.9282,22.5927],[104.9266,22.5922],[104.9257,22.5939],[104.9194,22.5995],[104.9178,22.5964],[104.9164,22.5953],[104.9105,22.5947],[104.9118,22.5981],[104.9114,22.601],[104.91,22.602],[104.9073,22.6027],[104.9068,22.6065],[104.9051,22.608],[104.9025,22.6093],[104.9001,22.6095],[104.8999,22.6136],[104.8975,22.6147],[104.8953,22.6142],[104.892,22.6161],[104.8916,22.6169],[104.8922,22.6213],[104.8911,22.6233],[104.8936,22.6266],[104.8966,22.6266],[104.898,22.6273],[104.8968,22.6294],[104.897,22.6311],[104.8989,22.6333],[104.8977,22.6378],[104.896,22.64],[104.8961,22.6416],[104.8951,22.6425],[104.8948,22.6469],[104.8896,22.6516],[104.8882,22.6535],[104.8865,22.6522],[104.8853,22.6524],[104.8837,22.6542],[104.882,22.6572],[104.8818,22.6601],[104.8826,22.662],[104.8802,22.6654],[104.8779,22.6673],[104.8781,22.6714],[104.8802,22.674],[104.8774,22.6747],[104.8748,22.676],[104.8731,22.6774],[104.8694,22.6769],[104.8655,22.6793],[104.8646,22.6819],[104.86,22.685],[104.8553,22.6868],[104.8537,22.6888],[104.8512,22.691],[104.8505,22.6932],[104.8488,22.6956],[104.8491,22.6984],[104.848,22.7041],[104.8468,22.707],[104.8449,22.7079],[104.8439,22.7093],[104.841,22.7116],[104.8384,22.7168],[104.8383,22.7179],[104.8418,22.7213],[104.8427,22.7238],[104.8475,22.7264],[104.8507,22.7291],[104.8529,22.7293],[104.8547,22.7284],[104.8563,22.7288],[104.8613,22.7266],[104.8632,22.7266],[104.8666,22.7246],[104.8681,22.7222],[104.8698,22.7216],[104.8752,22.724],[104.8781,22.7238],[104.8793,22.7246],[104.8819,22.7244],[104.8876,22.7228],[104.8886,22.7232],[104.8919,22.7231],[104.8965,22.7224],[104.9002,22.7207],[104.9014,22.7206],[104.9035,22.7216],[104.9051,22.7205],[104.9071,22.7176],[104.908,22.7149],[104.9077,22.7138],[104.9087,22.7105],[104.9107,22.7104],[104.9139,22.7076],[104.9163,22.7049],[104.9205,22.7043],[104.9245,22.7014],[104.9285,22.6994],[104.9311,22.6998],[104.9341,22.6975],[104.9373,22.6981]]]},"properties":{"name":"Việt Lâm","level":"ward"}},{"type":"Feature","geometry":{"type":"Polygon","coordinates":[[[104.9888,22.6839],[104.9907,22.6818],[104.9901,22.6806],[104.9919,22.6799],[104.9942,22.6799],[104.9972,22.6808],[105.0006,22.6789],[105.0015,22.6767],[105.005,22.6777],[105.0081,22.6776],[105.0098,22.6792],[105.0103,22.6806],[105.0127,22.6821],[105.0143,22.6856],[105.0152,22.6888],[105.018,22.6918],[105.0181,22.6964],[105.019,22.6971],[105.0184,22.6989],[105.0186,22.7039],[105.018,22.7053],[105.0199,22.7079],[105.0202,22.7112],[105.021,22.7126],[105.0206,22.7147],[105.0177,22.7192],[105.0184,22.7227],[105.0218,22.725],[105.0221,22.7264],[105.0251,22.7293],[105.0244,22.7321],[105.0254,22.7325],[105.029,22.7316],[105.0324,22.7312],[105.0338,22.732],[105.0347,22.7338],[105.037,22.7347],[105.0387,22.7373],[105.0414,22.7394],[105.0426,22.7409],[105.0471,22.7407],[105.0521,22.7414],[105.0563,22.7411],[105.0567,22.7381],[105.0587,22.7326],[105.0605,22.7323],[105.0658,22.7293],[105.0694,22.7267],[105.0695,22.7255],[105.0713,22.7231],[105.072,22.7213],[105.0744,22.7226],[105.078,22.7237],[105.0812,22.7237],[105.0823,22.7243],[105.0836,22.7264],[105.0868,22.7252],[105.0875,22.7228],[105.0896,22.7213],[105.0914,22.7216],[105.0936,22.7246],[105.0949,22.7235],[105.0956,22.7218],[105.098,22.7212],[105.0983,22.7192],[105.0998,22.7188],[105.101,22.7161],[105.1027,22.7153],[105.1042,22.7157],[105.1063,22.7152],[105.1083,22.7184],[105.1088,22.7204],[105.1111,22.7219],[105.1138,22.7247],[105.1157,22.7273],[105.1173,22.7286],[105.1179,22.7315],[105.1186,22.732],[105.1214,22.7314],[105.1229,22.732],[105.1267,22.732],[105.1295,22.7306],[105.1321,22.7286],[105.1381,22.7249],[105.1397,22.7229],[105.1414,22.7219],[105.1451,22.7186],[105.1501,22.7159],[105.1507,22.7143],[105.1525,22.7119],[105.1524,22.7087],[105.1507,22.7069],[105.1508,22.7052],[105.1474,22.7023],[105.1483,22.698],[105.1477,22.6949],[105.1462,22.6923],[105.142,22.6905],[105.1388,22.687],[105.1384,22.6848],[105.1367,22.6805],[105.1344,22.6786],[105.1337,22.6766],[105.1289,22.6741],[105.1276,22.6757],[105.1256,22.6767],[105.1247,22.678],[105.1229,22.6788],[105.1204,22.678],[105.1155,22.6785],[105.1122,22.6709],[105.109,22.6689],[105.1069,22.6662],[105.1029,22.666],[105.0994,22.6676],[105.0938,22.6687],[105.091,22.668],[105.0857,22.6642],[105.0851,22.6632],[105.0804,22.661],[105.079,22.6614],[105.0783,22.6634],[105.0758,22.6625],[105.0744,22.6635],[105.0686,22.663],[105.0648,22.6637],[105.0619,22.6626],[105.0597,22.6634],[105.0577,22.6623],[105.0563,22.6609],[105.0538,22.6594],[105.052,22.6592],[105.0486,22.657],[105.0475,22.6541],[105.0441,22.6526],[105.0448,22.6493],[105.0476,22.6492],[105.0483,22.6478],[105.0522,22.6469],[105.0576,22.6475],[105.0592,22.6455],[105.0567,22.6439],[105.0572,22.6409],[105.0554,22.6402],[105.0539,22.6409],[105.0525,22.6398],[105.0523,22.6381],[105.0506,22.6372],[105.0502,22.6356],[105.0486,22.6361],[105.0464,22.6353],[105.0452,22.6363],[105.0459,22.6379],[105.0429,22.6407],[105.042,22.6386],[105.0406,22.6407],[105.0379,22.6384],[105.0382,22.6358],[105.0394,22.6358],[105.0409,22.6344],[105.0381,22.6325],[105.0372,22.6306],[105.0352,22.6288],[105.0333,22.6292],[105.0303,22.6284],[105.0291,22.6266],[105.0252,22.625],[105.024,22.6231],[105.0203,22.6205],[105.0183,22.6182],[105.0178,22.6133],[105.0166,22.609],[105.0179,22.6062],[105.0181,22.6039],[105.0165,22.6019],[105.016,22.5995],[105.0125,22.5981],[105.0114,22.5937],[105.009,22.5922],[105.0081,22.5904],[105.005,22.5891],[105.0049,22.5878],[105.0033,22.5868],[105.0008,22.5806],[105.0009,22.5767],[104.9988,22.5725],[104.9984,22.5697],[104.9975,22.5681],[104.9977,22.5659],[104.997,22.5642],[104.998,22.5626],[105.0015,22.5605],[105.0021,22.5593],[105.0054,22.5585],[105.0031,22.5577],[105.0023,22.5552],[105.0007,22.553],[104.9976,22.5521],[104.9966,22.5491],[104.9947,22.5482],[104.9946,22.5419],[104.9941,22.5397],[104.9951,22.536],[104.9967,22.5361],[104.9976,22.5315],[104.9932,22.5241],[104.991,22.5211],[104.9881,22.5221],[104.9872,22.5218],[104.9834,22.5244],[104.9822,22.522],[104.9782,22.52],[104.9754,22.5214],[104.976,22.523],[104.9749,22.5244],[104.9728,22.525],[104.9696,22.5297],[104.9666,22.5311],[104.9654,22.5344],[104.963,22.5355],[104.9606,22.5358],[104.9581,22.5369],[104.9579,22.5384],[104.953,22.5398],[104.9549,22.5432],[104.9553,22.5448],[104.9527,22.5474],[104.9496,22.5465],[104.9483,22.5477],[104.9451,22.549],[104.944,22.55],[104.9406,22.55],[104.9392,22.5511],[104.9331,22.5525],[104.9323,22.5533],[104.9309,22.5555],[104.9296,22.5558],[104.9293,22.5576],[104.9273,22.5594],[104.9267,22.5613],[104.927,22.5629],[104.9258,22.5634],[104.9286,22.5685],[104.9309,22.572],[104.9332,22.5746],[104.9342,22.5789],[104.9364,22.5822],[104.9373,22.5846],[104.9392,22.5875],[104.9419,22.5907],[104.9434,22.5914],[104.9461,22.5931],[104.9488,22.5943],[104.9509,22.597],[104.9518,22.6004],[104.9537,22.6042],[104.957,22.6097],[104.9583,22.6087],[104.9603,22.6038],[104.9593,22.5951],[104.9578,22.5934],[104.9593,22.5896],[104.9603,22.5894],[104.961,22.5867],[104.9623,22.5847],[104.9645,22.5839],[104.9655,22.5826],[104.9668,22.5846],[104.9673,22.5887],[104.967,22.5918],[104.9676,22.5984],[104.9674,22.6018],[104.9686,22.6035],[104.9723,22.6028],[104.9738,22.6034],[104.9755,22.6066],[104.9757,22.6091],[104.9765,22.6107],[104.9763,22.6127],[104.9732,22.6152],[104.9727,22.6174],[104.9711,22.6204],[104.9745,22.6225],[104.973,22.6254],[104.9708,22.6258],[104.9704,22.6288],[104.9737,22.6299],[104.9762,22.6315],[104.9765,22.6326],[104.9752,22.6345],[104.9758,22.6362],[104.9799,22.6346],[104.9817,22.6356],[104.9807,22.6386],[104.9805,22.641],[104.9816,22.6431],[104.9835,22.645],[104.9846,22.6474],[104.9859,22.6485],[104.9889,22.6488],[104.9921,22.6528],[104.9918,22.6554],[104.9933,22.6583],[104.9936,22.6601],[104.9958,22.6614],[104.9973,22.6635],[104.996,22.6657],[104.9926,22.6668],[104.9902,22.6681],[104.9863,22.6745],[104.9859,22.6787],[104.9868,22.6803],[104.9864,22.6826],[104.9888,22.6839]]]},"properties":{"name":"Linh Hồ","level":"ward"}},{"type":"Feature","geometry":{"type":"Polygon","coordinates":[[[105.0054,22.5585],[105.0021,22.5593],[105.0015,22.5605],[104.998,22.5626],[104.997,22.5642],[104.9977,22.5659],[104.9975,22.5681],[104.9984,22.5697],[104.9988,22.5725],[105.0009,22.5767],[105.0008,22.5806],[105.0033,22.5868],[105.0049,22.5878],[105.005,22.5891],[105.0081,22.5904],[105.009,22.5922],[105.0114,22.5937],[105.0125,22.5981],[105.016,22.5995],[105.0165,22.6019],[105.0181,22.6039],[105.0179,22.6062],[105.0166,22.609],[105.0178,22.6133],[105.0183,22.6182],[105.0203,22.6205],[105.024,22.6231],[105.0252,22.625],[105.0291,22.6266],[105.0303,22.6284],[105.0333,22.6292],[105.0352,22.6288],[105.0372,22.6306],[105.0381,22.6325],[105.0409,22.6344],[105.0394,22.6358],[105.0382,22.6358],[105.0379,22.6384],[105.0406,22.6407],[105.042,22.6386],[105.0429,22.6407],[105.0459,22.6379],[105.0452,22.6363],[105.0464,22.6353],[105.0486,22.6361],[105.0502,22.6356],[105.0506,22.6372],[105.0523,22.6381],[105.0525,22.6398],[105.0539,22.6409],[105.0554,22.6402],[105.0572,22.6409],[105.0567,22.6439],[105.0592,22.6455],[105.0576,22.6475],[105.0522,22.6469],[105.0483,22.6478],[105.0476,22.6492],[105.0448,22.6493],[105.0441,22.6526],[105.0475,22.6541],[105.0486,22.657],[105.052,22.6592],[105.0538,22.6594],[105.0563,22.6609],[105.0577,22.6623],[105.0597,22.6634],[105.0619,22.6626],[105.0648,22.6637],[105.0686,22.663],[105.0744,22.6635],[105.0758,22.6625],[105.0783,22.6634],[105.079,22.6614],[105.0804,22.661],[105.0851,22.6632],[105.0857,22.6642],[105.091,22.668],[105.0938,22.6687],[105.0994,22.6676],[105.1029,22.666],[105.1069,22.6662],[105.109,22.6689],[105.1122,22.6709],[105.1155,22.6785],[105.1204,22.678],[105.1229,22.6788],[105.1247,22.678],[105.1256,22.6767],[105.1276,22.6757],[105.1289,22.6741],[105.1283,22.6729],[105.129,22.6706],[105.1309,22.6686],[105.134,22.6675],[105.1347,22.6666],[105.1382,22.6645],[105.1393,22.6645],[105.1402,22.6622],[105.1396,22.66],[105.1358,22.6598],[105.136,22.6582],[105.135,22.6559],[105.1351,22.6542],[105.131,22.6515],[105.1303,22.6496],[105.1311,22.6464],[105.1352,22.6428],[105.1357,22.6409],[105.1369,22.6399],[105.142,22.6394],[105.1429,22.6377],[105.1466,22.6359],[105.1504,22.6367],[105.151,22.6377],[105.153,22.6374],[105.1542,22.6364],[105.1555,22.6333],[105.157,22.6319],[105.1567,22.6305],[105.1541,22.6293],[105.1553,22.6279],[105.1583,22.6262],[105.158,22.6243],[105.1597,22.6216],[105.1578,22.6207],[105.1554,22.6205],[105.1531,22.6186],[105.1522,22.6187],[105.1512,22.6205],[105.1494,22.6221],[105.1482,22.6219],[105.1458,22.6243],[105.1425,22.6244],[105.1404,22.6221],[105.1404,22.6186],[105.1393,22.6148],[105.1364,22.6109],[105.1331,22.6107],[105.132,22.6093],[105.1267,22.6052],[105.1269,22.6031],[105.1282,22.601],[105.1287,22.5959],[105.1296,22.5939],[105.1331,22.5928],[105.1338,22.592],[105.1331,22.5889],[105.1301,22.5877],[105.1265,22.5851],[105.1233,22.5847],[105.1215,22.5826],[105.1226,22.5798],[105.12,22.5779],[105.1167,22.5779],[105.1142,22.5748],[105.1173,22.5711],[105.1182,22.569],[105.12,22.5676],[105.1203,22.565],[105.1217,22.5629],[105.121,22.562],[105.1208,22.5592],[105.1198,22.5563],[105.1218,22.5541],[105.122,22.5512],[105.1232,22.5507],[105.1242,22.5483],[105.126,22.5459],[105.1252,22.5442],[105.1261,22.5425],[105.1269,22.5372],[105.1278,22.5359],[105.1269,22.533],[105.1203,22.514],[105.1195,22.5127],[105.1161,22.512],[105.1153,22.5099],[105.1174,22.5082],[105.1148,22.5036],[105.1134,22.5024],[105.1101,22.4968],[105.1086,22.4953],[105.1081,22.4921],[105.1074,22.4908],[105.1055,22.4885],[105.1003,22.4888],[105.097,22.4884],[105.0954,22.4872],[105.094,22.4873],[105.0928,22.486],[105.0905,22.4857],[105.0878,22.4845],[105.0859,22.4859],[105.0847,22.488],[105.0848,22.49],[105.0819,22.4921],[105.0821,22.4942],[105.0813,22.4961],[105.0815,22.4985],[105.0796,22.5002],[105.0754,22.5006],[105.0726,22.5021],[105.0722,22.5044],[105.0691,22.5054],[105.0687,22.5075],[105.0666,22.5082],[105.0658,22.5094],[105.0619,22.5101],[105.058,22.5096],[105.0571,22.5106],[105.0546,22.5106],[105.0525,22.5128],[105.0518,22.5147],[105.0533,22.5157],[105.0577,22.517],[105.0578,22.5193],[105.0598,22.5212],[105.0588,22.5265],[105.0572,22.5277],[105.0581,22.5295],[105.0547,22.5326],[105.0532,22.5334],[105.0537,22.5356],[105.0522,22.5384],[105.0515,22.5389],[105.0515,22.5412],[105.0494,22.5446],[105.047,22.5468],[105.0443,22.5467],[105.0433,22.5484],[105.0436,22.5507],[105.0408,22.5548],[105.0387,22.5563],[105.0381,22.5579],[105.0349,22.559],[105.0325,22.5604],[105.0263,22.5606],[105.0232,22.5602],[105.022,22.5625],[105.0174,22.562],[105.0126,22.5574],[105.0096,22.5561],[105.008,22.5567],[105.0054,22.5585]]]},"properties":{"name":"Bạch Ngọc","level":"ward"}},{"type":"Feature","geometry":{"type":"Polygon","coordinates":[[[105.1725,22.8129],[105.1669,22.8166],[105.1655,22.8167],[105.1633,22.8182],[105.1628,22.8194],[105.1589,22.8215],[105.1566,22.8216],[105.1552,22.8233],[105.1543,22.826],[105.1516,22.8278],[105.1473,22.8278],[105.1459,22.8299],[105.143,22.8309],[105.1417,22.8323],[105.1386,22.8331],[105.135,22.8369],[105.1364,22.8391],[105.1361,22.843],[105.1382,22.8458],[105.1431,22.8484],[105.1412,22.8512],[105.1419,22.8538],[105.1413,22.8574],[105.1436,22.8581],[105.1482,22.8585],[105.1509,22.8593],[105.1518,22.8607],[105.1506,22.8654],[105.1507,22.8704],[105.1504,22.873],[105.1477,22.8776],[105.1471,22.8807],[105.1478,22.8824],[105.1465,22.8855],[105.1475,22.8892],[105.1465,22.8911],[105.1455,22.8946],[105.1438,22.8962],[105.1427,22.8981],[105.1415,22.899],[105.1401,22.9019],[105.1375,22.9059],[105.1376,22.9078],[105.1349,22.9117],[105.1365,22.9134],[105.1385,22.9144],[105.1393,22.9167],[105.1393,22.9187],[105.1418,22.9204],[105.1423,22.922],[105.1445,22.9212],[105.146,22.9201],[105.1491,22.9189],[105.1499,22.9207],[105.1523,22.923],[105.1567,22.923],[105.1596,22.9218],[105.1625,22.9235],[105.1658,22.9225],[105.1669,22.921],[105.1692,22.9217],[105.1706,22.9211],[105.173,22.9178],[105.1744,22.9152],[105.178,22.9124],[105.179,22.9134],[105.1828,22.9122],[105.1868,22.9101],[105.1889,22.9103],[105.1917,22.9074],[105.193,22.9082],[105.1957,22.9074],[105.2003,22.9085],[105.2014,22.9069],[105.204,22.9065],[105.206,22.9055],[105.2078,22.9031],[105.2076,22.9004],[105.2087,22.8982],[105.2104,22.8971],[105.2119,22.8946],[105.214,22.8925],[105.2169,22.8904],[105.2212,22.888],[105.2228,22.888],[105.224,22.8869],[105.223,22.8842],[105.224,22.8829],[105.2273,22.8806],[105.2304,22.8795],[105.232,22.8797],[105.2327,22.8815],[105.2353,22.8844],[105.2402,22.8854],[105.2432,22.8863],[105.2494,22.8863],[105.2536,22.8876],[105.2561,22.8866],[105.2585,22.8868],[105.2632,22.8842],[105.2647,22.8826],[105.2675,22.8813],[105.2691,22.8772],[105.2687,22.8768],[105.268,22.8725],[105.2665,22.867],[105.2657,22.8656],[105.268,22.8653],[105.2737,22.8635],[105.2733,22.8625],[105.2761,22.8605],[105.2786,22.857],[105.28,22.8562],[105.2789,22.8546],[105.2783,22.852],[105.2771,22.851],[105.2733,22.8506],[105.2729,22.8472],[105.2706,22.8445],[105.2708,22.8427],[105.2692,22.8381],[105.2698,22.8357],[105.2692,22.8346],[105.2662,22.8326],[105.2646,22.8295],[105.2626,22.8285],[105.2632,22.8266],[105.262,22.8238],[105.262,22.822],[105.2628,22.8197],[105.2609,22.8176],[105.2602,22.8155],[105.258,22.8151],[105.2569,22.8139],[105.2555,22.8137],[105.2537,22.8092],[105.2509,22.8076],[105.2504,22.8051],[105.2482,22.8004],[105.2483,22.7978],[105.2512,22.7947],[105.252,22.7917],[105.2552,22.789],[105.2555,22.7873],[105.2574,22.7844],[105.2535,22.7808],[105.2516,22.7779],[105.2495,22.7767],[105.2482,22.7775],[105.2462,22.7768],[105.2439,22.7751],[105.2427,22.7736],[105.2379,22.7747],[105.2335,22.7772],[105.2322,22.7809],[105.2301,22.7818],[105.226,22.7822],[105.2212,22.7817],[105.2181,22.7793],[105.2152,22.7789],[105.2142,22.7797],[105.2119,22.7799],[105.2091,22.7808],[105.2075,22.7821],[105.2045,22.7825],[105.2038,22.7833],[105.2007,22.7845],[105.2001,22.7855],[105.1971,22.7874],[105.1921,22.7936],[105.1901,22.7952],[105.187,22.7971],[105.1864,22.801],[105.1843,22.8048],[105.1814,22.8064],[105.1798,22.8082],[105.1788,22.811],[105.1773,22.8114],[105.1734,22.8115],[105.1725,22.8129]]]},"properties":{"name":"Minh Sơn","level":"ward"}},{"type":"Feature","geometry":{"type":"Polygon","coordinates":[[[105.2462,22.7768],[105.2482,22.7775],[105.2495,22.7767],[105.2516,22.7779],[105.2535,22.7808],[105.2574,22.7844],[105.2555,22.7873],[105.2552,22.789],[105.252,22.7917],[105.2512,22.7947],[105.2483,22.7978],[105.2482,22.8004],[105.2504,22.8051],[105.2509,22.8076],[105.2537,22.8092],[105.2555,22.8137],[105.2569,22.8139],[105.258,22.8151],[105.2602,22.8155],[105.2609,22.8176],[105.2628,22.8197],[105.262,22.822],[105.262,22.8238],[105.2632,22.8266],[105.2626,22.8285],[105.2646,22.8295],[105.2662,22.8326],[105.2692,22.8346],[105.2698,22.8357],[105.2692,22.8381],[105.2708,22.8427],[105.2706,22.8445],[105.2729,22.8472],[105.2733,22.8506],[105.2771,22.851],[105.2783,22.852],[105.2789,22.8546],[105.28,22.8562],[105.2838,22.8554],[105.286,22.8562],[105.2881,22.8553],[105.2909,22.8555],[105.2941,22.8552],[105.2956,22.8557],[105.2992,22.8548],[105.3007,22.8557],[105.3018,22.8541],[105.3071,22.8508],[105.3082,22.8495],[105.3115,22.8511],[105.3134,22.8489],[105.3145,22.8487],[105.3162,22.8469],[105.3177,22.8469],[105.3201,22.8445],[105.3234,22.8446],[105.3249,22.8437],[105.3252,22.842],[105.3245,22.8392],[105.3254,22.8348],[105.3278,22.8328],[105.3297,22.8322],[105.3323,22.8331],[105.3329,22.8311],[105.3351,22.8309],[105.3364,22.8298],[105.3384,22.8292],[105.342,22.8297],[105.3435,22.8282],[105.3455,22.8253],[105.3474,22.8256],[105.3505,22.8253],[105.3491,22.8225],[105.3495,22.8205],[105.3496,22.8157],[105.3474,22.8145],[105.3431,22.8159],[105.3417,22.8149],[105.3408,22.8126],[105.3383,22.8135],[105.3328,22.8099],[105.332,22.8062],[105.3323,22.8029],[105.3319,22.7998],[105.3308,22.798],[105.3299,22.7945],[105.3287,22.7934],[105.3269,22.79],[105.3272,22.7874],[105.3262,22.7842],[105.3243,22.7832],[105.3251,22.7788],[105.3274,22.7751],[105.3266,22.7731],[105.3249,22.7723],[105.3216,22.772],[105.3203,22.7731],[105.3162,22.7717],[105.3146,22.7728],[105.3136,22.7712],[105.3118,22.7709],[105.3111,22.7699],[105.3118,22.7684],[105.3137,22.7674],[105.3136,22.7653],[105.308,22.764],[105.3077,22.7625],[105.3076,22.7573],[105.3045,22.7556],[105.303,22.7533],[105.3003,22.7538],[105.2951,22.7534],[105.2932,22.7544],[105.29,22.7542],[105.2902,22.7575],[105.2896,22.7593],[105.29,22.7608],[105.2891,22.7625],[105.2873,22.7635],[105.2826,22.7633],[105.2781,22.7617],[105.274,22.7612],[105.2661,22.7627],[105.2644,22.7619],[105.262,22.7619],[105.262,22.7656],[105.2629,22.7681],[105.2607,22.7697],[105.2584,22.7723],[105.2552,22.7743],[105.249,22.7754],[105.2462,22.7768]]]},"properties":{"name":"Giáp Trung","level":"ward"}},{"type":"Feature","geometry":{"type":"Polygon","coordinates":[[[105.2152,22.7789],[105.2181,22.7793],[105.2212,22.7817],[105.226,22.7822],[105.2301,22.7818],[105.2322,22.7809],[105.2335,22.7772],[105.2379,22.7747],[105.2427,22.7736],[105.2439,22.7751],[105.2462,22.7768],[105.249,22.7754],[105.2552,22.7743],[105.2584,22.7723],[105.2607,22.7697],[105.2629,22.7681],[105.262,22.7656],[105.262,22.7619],[105.2644,22.7619],[105.2661,22.7627],[105.274,22.7612],[105.2781,22.7617],[105.2826,22.7633],[105.2873,22.7635],[105.2891,22.7625],[105.29,22.7608],[105.2896,22.7593],[105.2902,22.7575],[105.29,22.7542],[105.2932,22.7544],[105.2951,22.7534],[105.3003,22.7538],[105.303,22.7533],[105.3045,22.7556],[105.3076,22.7573],[105.3077,22.7625],[105.308,22.764],[105.3136,22.7653],[105.3137,22.7674],[105.3118,22.7684],[105.3111,22.7699],[105.3118,22.7709],[105.3136,22.7712],[105.3146,22.7728],[105.3162,22.7717],[105.3203,22.7731],[105.3216,22.772],[105.3249,22.7723],[105.3266,22.7731],[105.3274,22.7751],[105.3251,22.7788],[105.3243,22.7832],[105.3262,22.7842],[105.3272,22.7874],[105.3269,22.79],[105.3287,22.7934],[105.3299,22.7945],[105.3308,22.798],[105.3319,22.7998],[105.3323,22.8029],[105.332,22.8062],[105.3328,22.8099],[105.3383,22.8135],[105.3408,22.8126],[105.3417,22.8149],[105.3431,22.8159],[105.3474,22.8145],[105.3496,22.8157],[105.3495,22.8205],[105.3491,22.8225],[105.3505,22.8253],[105.3557,22.824],[105.357,22.8225],[105.3586,22.8229],[105.3626,22.8248],[105.3648,22.8244],[105.3651,22.8213],[105.3676,22.8203],[105.3687,22.8161],[105.3681,22.8135],[105.3686,22.8126],[105.3723,22.8117],[105.3745,22.8125],[105.3794,22.8126],[105.3804,22.8118],[105.3823,22.8124],[105.3841,22.8106],[105.387,22.8101],[105.3882,22.8083],[105.3907,22.8064],[105.3914,22.8041],[105.3946,22.8018],[105.3945,22.7996],[105.3963,22.7967],[105.3992,22.7948],[105.4035,22.7955],[105.4095,22.7916],[105.4099,22.7894],[105.4111,22.7891],[105.4144,22.7863],[105.4177,22.7852],[105.4225,22.7853],[105.4225,22.7835],[105.4217,22.7804],[105.4237,22.779],[105.4239,22.7773],[105.4249,22.776],[105.4295,22.7772],[105.4334,22.7751],[105.4377,22.7738],[105.4401,22.774],[105.4446,22.7715],[105.447,22.7694],[105.448,22.7656],[105.448,22.7629],[105.4494,22.7595],[105.4484,22.7583],[105.4488,22.7571],[105.4472,22.7557],[105.4456,22.75],[105.4404,22.7497],[105.4385,22.7511],[105.4356,22.7513],[105.4338,22.7486],[105.4335,22.7467],[105.431,22.7439],[105.4259,22.7453],[105.4224,22.7443],[105.4203,22.7475],[105.4122,22.7435],[105.4088,22.7413],[105.4077,22.7397],[105.4041,22.7385],[105.4015,22.7391],[105.3982,22.7418],[105.3936,22.7438],[105.3899,22.7441],[105.3869,22.7418],[105.3843,22.7383],[105.3824,22.7369],[105.3755,22.7337],[105.3707,22.7314],[105.3668,22.7308],[105.362,22.7311],[105.3599,22.7319],[105.3521,22.7328],[105.3503,22.7321],[105.3486,22.7282],[105.3472,22.7278],[105.3477,22.7254],[105.3421,22.723],[105.3399,22.7203],[105.3378,22.7188],[105.3384,22.7169],[105.3401,22.7158],[105.3431,22.7154],[105.3443,22.714],[105.3429,22.7111],[105.3401,22.7083],[105.3389,22.7081],[105.3374,22.7061],[105.3369,22.7034],[105.3347,22.7038],[105.3314,22.7052],[105.3268,22.7043],[105.3237,22.7055],[105.3236,22.7071],[105.3253,22.7103],[105.3232,22.712],[105.3202,22.7126],[105.3153,22.7113],[105.3135,22.7089],[105.31,22.7068],[105.3083,22.7079],[105.3064,22.7077],[105.3045,22.7067],[105.3027,22.7066],[105.3,22.7056],[105.2987,22.7062],[105.2959,22.7062],[105.2933,22.7056],[105.2899,22.7069],[105.2852,22.7069],[105.2822,22.7061],[105.2783,22.7072],[105.2771,22.7081],[105.2749,22.711],[105.2762,22.716],[105.2745,22.7177],[105.2716,22.7176],[105.2684,22.7166],[105.2662,22.7175],[105.2648,22.719],[105.263,22.7192],[105.2594,22.7213],[105.2579,22.7243],[105.2591,22.7266],[105.2571,22.728],[105.2548,22.7284],[105.2535,22.7259],[105.2499,22.7243],[105.2508,22.722],[105.2498,22.7206],[105.2467,22.7211],[105.2428,22.7251],[105.2408,22.7278],[105.2387,22.7299],[105.2388,22.7309],[105.236,22.7312],[105.2261,22.7315],[105.2234,22.7361],[105.2198,22.7411],[105.2184,22.741],[105.2172,22.7421],[105.2143,22.7421],[105.2116,22.7462],[105.2124,22.7479],[105.2109,22.7532],[105.2122,22.7555],[105.212,22.7581],[105.2131,22.7594],[105.2136,22.7619],[105.2154,22.7649],[105.2156,22.7671],[105.2149,22.7682],[105.2154,22.7722],[105.2137,22.7759],[105.2152,22.7789]]]},"properties":{"name":"Bắc Mê","level":"ward"}},{"type":"Feature","geometry":{"type":"Polygon","coordinates":[[[105.1357,22.7406],[105.137,22.7412],[105.1386,22.7432],[105.1406,22.7449],[105.1419,22.7426],[105.1439,22.7424],[105.1448,22.7447],[105.1465,22.7469],[105.15,22.745],[105.1525,22.7489],[105.1555,22.7478],[105.1561,22.7505],[105.1584,22.7518],[105.1585,22.7554],[105.1573,22.7567],[105.1536,22.7558],[105.1543,22.7585],[105.1536,22.7608],[105.1546,22.7621],[105.1542,22.7635],[105.1522,22.7642],[105.1509,22.7663],[105.1507,22.7684],[105.1525,22.7724],[105.1536,22.7733],[105.1537,22.7756],[105.1553,22.7761],[105.1601,22.7818],[105.1543,22.7849],[105.1535,22.7874],[105.1556,22.7924],[105.1568,22.789],[105.1585,22.7872],[105.1602,22.7864],[105.1617,22.7875],[105.1635,22.7875],[105.1641,22.7897],[105.1623,22.794],[105.1624,22.7971],[105.1638,22.798],[105.1642,22.8014],[105.1622,22.802],[105.1605,22.8039],[105.1615,22.8054],[105.1645,22.8083],[105.1668,22.8091],[105.1696,22.8115],[105.1725,22.8129],[105.1734,22.8115],[105.1773,22.8114],[105.1788,22.811],[105.1798,22.8082],[105.1814,22.8064],[105.1843,22.8048],[105.1864,22.801],[105.187,22.7971],[105.1901,22.7952],[105.1921,22.7936],[105.1971,22.7874],[105.2001,22.7855],[105.2007,22.7845],[105.2038,22.7833],[105.2045,22.7825],[105.2075,22.7821],[105.2091,22.7808],[105.2119,22.7799],[105.2142,22.7797],[105.2152,22.7789],[105.2137,22.7759],[105.2154,22.7722],[105.2149,22.7682],[105.2156,22.7671],[105.2154,22.7649],[105.2136,22.7619],[105.2131,22.7594],[105.212,22.7581],[105.2122,22.7555],[105.2109,22.7532],[105.2124,22.7479],[105.2116,22.7462],[105.2143,22.7421],[105.2172,22.7421],[105.2184,22.741],[105.2198,22.7411],[105.2234,22.7361],[105.2261,22.7315],[105.236,22.7312],[105.2388,22.7309],[105.2387,22.7299],[105.2408,22.7278],[105.2428,22.7251],[105.2467,22.7211],[105.2498,22.7206],[105.2508,22.722],[105.2499,22.7243],[105.2535,22.7259],[105.2548,22.7284],[105.2571,22.728],[105.2591,22.7266],[105.2579,22.7243],[105.2594,22.7213],[105.263,22.7192],[105.2648,22.719],[105.2662,22.7175],[105.2684,22.7166],[105.2716,22.7176],[105.2745,22.7177],[105.2762,22.716],[105.2749,22.711],[105.2771,22.7081],[105.2783,22.7072],[105.2822,22.7061],[105.2852,22.7069],[105.284,22.7049],[105.2868,22.7022],[105.2864,22.7001],[105.2872,22.699],[105.2864,22.6958],[105.2874,22.6944],[105.2928,22.6931],[105.295,22.6919],[105.2956,22.6906],[105.2968,22.6832],[105.2987,22.6807],[105.3008,22.6801],[105.3009,22.6776],[105.3002,22.6767],[105.3009,22.6703],[105.2994,22.6698],[105.2992,22.6673],[105.2979,22.6643],[105.298,22.6633],[105.3,22.6604],[105.3021,22.6585],[105.3024,22.6549],[105.3049,22.6534],[105.3041,22.6509],[105.3055,22.6485],[105.3048,22.6464],[105.3034,22.6449],[105.3042,22.6398],[105.304,22.6365],[105.3013,22.6342],[105.2983,22.6339],[105.2964,22.6345],[105.2926,22.6342],[105.2886,22.6361],[105.2865,22.6355],[105.2836,22.6361],[105.2845,22.6371],[105.284,22.6393],[105.2818,22.6401],[105.2787,22.6445],[105.2752,22.6458],[105.2736,22.6473],[105.2697,22.649],[105.2669,22.6487],[105.2627,22.6498],[105.2575,22.6518],[105.254,22.654],[105.2533,22.6555],[105.2473,22.6516],[105.2443,22.6488],[105.2434,22.65],[105.2429,22.6526],[105.2433,22.654],[105.2426,22.6557],[105.2405,22.6575],[105.2375,22.6588],[105.2354,22.6608],[105.2316,22.6611],[105.2313,22.6623],[105.2294,22.6631],[105.2284,22.6626],[105.2239,22.6624],[105.2206,22.6617],[105.2194,22.661],[105.2152,22.6631],[105.2103,22.6663],[105.2104,22.6701],[105.2093,22.674],[105.2081,22.6741],[105.2052,22.6781],[105.2031,22.678],[105.1997,22.6767],[105.1966,22.6776],[105.1939,22.6777],[105.1902,22.679],[105.189,22.6799],[105.1842,22.6814],[105.1831,22.6821],[105.1805,22.681],[105.1775,22.6823],[105.1769,22.6842],[105.1725,22.686],[105.1706,22.6886],[105.1663,22.6904],[105.1628,22.6909],[105.1612,22.6905],[105.1595,22.6912],[105.157,22.6933],[105.1551,22.6937],[105.1539,22.695],[105.1489,22.6972],[105.1483,22.698],[105.1474,22.7023],[105.1508,22.7052],[105.1507,22.7069],[105.1524,22.7087],[105.1525,22.7119],[105.1507,22.7143],[105.1501,22.7159],[105.1451,22.7186],[105.1414,22.7219],[105.1397,22.7229],[105.1381,22.7249],[105.1321,22.7286],[105.1295,22.7306],[105.1315,22.7335],[105.1313,22.7365],[105.1328,22.7392],[105.1357,22.7406]]]},"properties":{"name":"Minh Ngọc","level":"ward"}},{"type":"Feature","geometry":{"type":"Polygon","coordinates":[[[105.2852,22.7069],[105.2899,22.7069],[105.2933,22.7056],[105.2959,22.7062],[105.2987,22.7062],[105.3,22.7056],[105.3027,22.7066],[105.3045,22.7067],[105.3064,22.7077],[105.3083,22.7079],[105.31,22.7068],[105.3135,22.7089],[105.3153,22.7113],[105.3202,22.7126],[105.3232,22.712],[105.3253,22.7103],[105.3236,22.7071],[105.3237,22.7055],[105.3268,22.7043],[105.3314,22.7052],[105.3347,22.7038],[105.3369,22.7034],[105.3374,22.7061],[105.3389,22.7081],[105.3401,22.7083],[105.3429,22.7111],[105.3443,22.714],[105.3431,22.7154],[105.3401,22.7158],[105.3384,22.7169],[105.3378,22.7188],[105.3399,22.7203],[105.3421,22.723],[105.3477,22.7254],[105.3472,22.7278],[105.3486,22.7282],[105.3503,22.7321],[105.3521,22.7328],[105.3599,22.7319],[105.362,22.7311],[105.3668,22.7308],[105.3707,22.7314],[105.3755,22.7337],[105.3784,22.7315],[105.3825,22.7304],[105.3844,22.729],[105.3856,22.727],[105.3858,22.7249],[105.3876,22.7229],[105.3886,22.7205],[105.392,22.72],[105.3941,22.7185],[105.3979,22.7172],[105.4,22.7155],[105.4022,22.7143],[105.4045,22.7143],[105.4063,22.7137],[105.4104,22.7107],[105.4113,22.7094],[105.4136,22.7091],[105.4177,22.7096],[105.4193,22.7076],[105.4225,22.7066],[105.4232,22.7058],[105.4225,22.7031],[105.423,22.7008],[105.4226,22.699],[105.4235,22.6978],[105.4258,22.6993],[105.4274,22.6985],[105.4301,22.6986],[105.4306,22.697],[105.4344,22.6962],[105.4363,22.6963],[105.438,22.6955],[105.4395,22.6963],[105.4412,22.6952],[105.4422,22.6894],[105.4437,22.6879],[105.4465,22.6869],[105.4472,22.6848],[105.4462,22.6833],[105.4441,22.6822],[105.4425,22.6776],[105.4401,22.6769],[105.4347,22.674],[105.4318,22.6701],[105.4303,22.6692],[105.4295,22.6674],[105.4273,22.6653],[105.4236,22.663],[105.4208,22.665],[105.4143,22.6666],[105.4093,22.6651],[105.4069,22.6632],[105.4033,22.6629],[105.3996,22.6608],[105.3979,22.6588],[105.3952,22.6579],[105.3903,22.6553],[105.3871,22.6562],[105.3847,22.6548],[105.3836,22.6549],[105.3819,22.6498],[105.38,22.647],[105.381,22.6452],[105.3802,22.6433],[105.3775,22.6419],[105.375,22.6397],[105.3706,22.6391],[105.3686,22.6385],[105.3658,22.6365],[105.363,22.637],[105.3617,22.6391],[105.3596,22.6386],[105.3578,22.6395],[105.3554,22.6389],[105.3544,22.6398],[105.3499,22.6396],[105.3463,22.6402],[105.3452,22.6393],[105.3421,22.6406],[105.3351,22.6387],[105.3319,22.6405],[105.3305,22.6405],[105.3257,22.6374],[105.3223,22.6339],[105.3234,22.6318],[105.3254,22.6299],[105.322,22.6284],[105.3229,22.6265],[105.3214,22.625],[105.3193,22.6245],[105.318,22.6235],[105.3178,22.6216],[105.3167,22.6201],[105.317,22.617],[105.3159,22.6138],[105.3144,22.6111],[105.3159,22.608],[105.3183,22.6042],[105.3168,22.6038],[105.314,22.6059],[105.312,22.6064],[105.3112,22.61],[105.3123,22.613],[105.3102,22.6129],[105.3038,22.6136],[105.3007,22.6132],[105.2996,22.6143],[105.2983,22.6133],[105.2965,22.6134],[105.2925,22.6147],[105.2908,22.6134],[105.289,22.6139],[105.2866,22.618],[105.286,22.6229],[105.2884,22.6257],[105.287,22.6285],[105.2867,22.6303],[105.2838,22.6311],[105.2826,22.634],[105.2836,22.6361],[105.2865,22.6355],[105.2886,22.6361],[105.2926,22.6342],[105.2964,22.6345],[105.2983,22.6339],[105.3013,22.6342],[105.304,22.6365],[105.3042,22.6398],[105.3034,22.6449],[105.3048,22.6464],[105.3055,22.6485],[105.3041,22.6509],[105.3049,22.6534],[105.3024,22.6549],[105.3021,22.6585],[105.3,22.6604],[105.298,22.6633],[105.2979,22.6643],[105.2992,22.6673],[105.2994,22.6698],[105.3009,22.6703],[105.3002,22.6767],[105.3009,22.6776],[105.3008,22.6801],[105.2987,22.6807],[105.2968,22.6832],[105.2956,22.6906],[105.295,22.6919],[105.2928,22.6931],[105.2874,22.6944],[105.2864,22.6958],[105.2872,22.699],[105.2864,22.7001],[105.2868,22.7022],[105.284,22.7049],[105.2852,22.7069]]]},"properties":{"name":"Yên Cường","level":"ward"}},{"type":"Feature","geometry":{"type":"Polygon","coordinates":[[[105.3755,22.7337],[105.3824,22.7369],[105.3843,22.7383],[105.3869,22.7418],[105.3899,22.7441],[105.3936,22.7438],[105.3982,22.7418],[105.4015,22.7391],[105.4041,22.7385],[105.4077,22.7397],[105.4088,22.7413],[105.4122,22.7435],[105.4203,22.7475],[105.4224,22.7443],[105.4259,22.7453],[105.431,22.7439],[105.4335,22.7467],[105.4338,22.7486],[105.4356,22.7513],[105.4385,22.7511],[105.4404,22.7497],[105.4456,22.75],[105.4472,22.7557],[105.4488,22.7571],[105.4484,22.7583],[105.4494,22.7595],[105.4512,22.759],[105.4527,22.7594],[105.4577,22.7583],[105.4591,22.7584],[105.4639,22.7556],[105.4659,22.7553],[105.4677,22.7561],[105.4704,22.7552],[105.4702,22.7525],[105.4687,22.7495],[105.4715,22.7477],[105.4737,22.7457],[105.4763,22.7416],[105.4777,22.7405],[105.4786,22.738],[105.477,22.7356],[105.4768,22.7326],[105.4751,22.7282],[105.4766,22.7242],[105.4753,22.7232],[105.4758,22.72],[105.4753,22.7189],[105.479,22.715],[105.4799,22.7146],[105.4821,22.7094],[105.4845,22.7079],[105.4862,22.7078],[105.4893,22.7084],[105.4917,22.7072],[105.4933,22.7053],[105.4958,22.7031],[105.4986,22.7023],[105.5004,22.7011],[105.5017,22.6992],[105.5032,22.695],[105.5006,22.6931],[105.4992,22.6931],[105.4965,22.6923],[105.4945,22.691],[105.493,22.687],[105.494,22.6843],[105.4922,22.6818],[105.4928,22.6796],[105.4927,22.6763],[105.4912,22.6728],[105.4906,22.6701],[105.4928,22.6682],[105.4951,22.6653],[105.495,22.6638],[105.4957,22.6606],[105.4976,22.6552],[105.5015,22.6523],[105.5042,22.6518],[105.5038,22.6506],[105.5063,22.646],[105.5094,22.6426],[105.5097,22.6415],[105.5122,22.6391],[105.5131,22.6388],[105.5139,22.6366],[105.5129,22.6354],[105.5111,22.6357],[105.5089,22.6342],[105.5047,22.6345],[105.5019,22.635],[105.4988,22.6337],[105.4964,22.6286],[105.4949,22.6248],[105.4928,22.6244],[105.492,22.6231],[105.4895,22.6212],[105.4869,22.6181],[105.485,22.6176],[105.4837,22.6195],[105.4821,22.6202],[105.4793,22.6202],[105.4765,22.6206],[105.4742,22.6172],[105.4688,22.6163],[105.4672,22.6144],[105.4653,22.6144],[105.4638,22.6134],[105.4631,22.6119],[105.4605,22.6092],[105.4586,22.6096],[105.4561,22.6081],[105.4518,22.6087],[105.4484,22.6107],[105.4494,22.6127],[105.4466,22.6123],[105.4453,22.6093],[105.4457,22.607],[105.4421,22.6051],[105.442,22.6082],[105.4415,22.6096],[105.4378,22.6091],[105.4369,22.608],[105.438,22.6061],[105.4379,22.6044],[105.4343,22.6054],[105.433,22.6035],[105.4304,22.6037],[105.4267,22.6025],[105.4248,22.6008],[105.421,22.6041],[105.4188,22.6049],[105.4181,22.6068],[105.415,22.6094],[105.4126,22.6101],[105.4098,22.6124],[105.4093,22.6157],[105.4068,22.6174],[105.4054,22.6191],[105.4045,22.6218],[105.4033,22.623],[105.4021,22.6256],[105.3973,22.6275],[105.3953,22.6299],[105.3938,22.6302],[105.39,22.6291],[105.3887,22.6279],[105.3846,22.627],[105.3832,22.6285],[105.3795,22.6305],[105.3758,22.6316],[105.3751,22.6334],[105.3713,22.633],[105.3697,22.6339],[105.3683,22.6361],[105.3658,22.6365],[105.3686,22.6385],[105.3706,22.6391],[105.375,22.6397],[105.3775,22.6419],[105.3802,22.6433],[105.381,22.6452],[105.38,22.647],[105.3819,22.6498],[105.3836,22.6549],[105.3847,22.6548],[105.3871,22.6562],[105.3903,22.6553],[105.3952,22.6579],[105.3979,22.6588],[105.3996,22.6608],[105.4033,22.6629],[105.4069,22.6632],[105.4093,22.6651],[105.4143,22.6666],[105.4208,22.665],[105.4236,22.663],[105.4273,22.6653],[105.4295,22.6674],[105.4303,22.6692],[105.4318,22.6701],[105.4347,22.674],[105.4401,22.6769],[105.4425,22.6776],[105.4441,22.6822],[105.4462,22.6833],[105.4472,22.6848],[105.4465,22.6869],[105.4437,22.6879],[105.4422,22.6894],[105.4412,22.6952],[105.4395,22.6963],[105.438,22.6955],[105.4363,22.6963],[105.4344,22.6962],[105.4306,22.697],[105.4301,22.6986],[105.4274,22.6985],[105.4258,22.6993],[105.4235,22.6978],[105.4226,22.699],[105.423,22.7008],[105.4225,22.7031],[105.4232,22.7058],[105.4225,22.7066],[105.4193,22.7076],[105.4177,22.7096],[105.4136,22.7091],[105.4113,22.7094],[105.4104,22.7107],[105.4063,22.7137],[105.4045,22.7143],[105.4022,22.7143],[105.4,22.7155],[105.3979,22.7172],[105.3941,22.7185],[105.392,22.72],[105.3886,22.7205],[105.3876,22.7229],[105.3858,22.7249],[105.3856,22.727],[105.3844,22.729],[105.3825,22.7304],[105.3784,22.7315],[105.3755,22.7337]]]},"properties":{"name":"Đường Hồng","level":"ward"}},{"type":"Feature","geometry":{"type":"Polygon","coordinates":[[[104.7394,22.8034],[104.7426,22.8018],[104.7431,22.8004],[104.7464,22.7991],[104.7478,22.7994],[104.7516,22.7978],[104.7541,22.7977],[104.7563,22.7967],[104.7625,22.7967],[104.7647,22.7953],[104.764,22.7928],[104.7641,22.7896],[104.7615,22.7866],[104.7606,22.784],[104.7596,22.783],[104.7568,22.7827],[104.754,22.7813],[104.7478,22.7727],[104.7434,22.7704],[104.7435,22.7698],[104.7394,22.7687],[104.7368,22.7655],[104.731,22.7629],[104.7281,22.7629],[104.7255,22.7621],[104.7241,22.7631],[104.7212,22.7628],[104.7189,22.7609],[104.7184,22.7598],[104.7161,22.7592],[104.7149,22.7567],[104.712,22.7565],[104.7121,22.7538],[104.7098,22.754],[104.7099,22.7519],[104.7049,22.7518],[104.7031,22.7506],[104.7042,22.7477],[104.7028,22.7474],[104.7029,22.7456],[104.701,22.7454],[104.6995,22.7436],[104.6979,22.7428],[104.6968,22.7407],[104.6964,22.7385],[104.6973,22.7371],[104.6971,22.7349],[104.6998,22.7337],[104.7022,22.7338],[104.7041,22.7298],[104.7069,22.7303],[104.7081,22.732],[104.7107,22.7303],[104.7117,22.727],[104.7101,22.7254],[104.7175,22.7236],[104.7185,22.7246],[104.7224,22.7252],[104.7237,22.723],[104.7287,22.723],[104.7292,22.7199],[104.73,22.719],[104.7301,22.7161],[104.7286,22.7135],[104.7297,22.7115],[104.73,22.7082],[104.7306,22.7069],[104.729,22.703],[104.7289,22.7001],[104.7279,22.6982],[104.7255,22.6959],[104.7252,22.6906],[104.7216,22.6902],[104.7198,22.6893],[104.7174,22.6894],[104.7115,22.6914],[104.7107,22.6926],[104.708,22.6922],[104.7041,22.689],[104.7007,22.6877],[104.6967,22.6878],[104.6953,22.6898],[104.692,22.6914],[104.6919,22.6895],[104.6906,22.6882],[104.6924,22.6826],[104.693,22.6796],[104.6949,22.679],[104.6953,22.6767],[104.6975,22.675],[104.6977,22.6734],[104.6932,22.6717],[104.6905,22.6697],[104.6881,22.6688],[104.6867,22.6676],[104.6852,22.6637],[104.6837,22.663],[104.6827,22.6602],[104.6813,22.6589],[104.6786,22.658],[104.6744,22.6603],[104.6725,22.6607],[104.6715,22.66],[104.6696,22.6603],[104.6654,22.6601],[104.6642,22.6591],[104.6622,22.6594],[104.6586,22.6586],[104.6555,22.6593],[104.6547,22.6602],[104.6519,22.6617],[104.6475,22.6625],[104.6467,22.6631],[104.642,22.6635],[104.6393,22.6644],[104.6381,22.6659],[104.6365,22.6664],[104.6351,22.668],[104.6335,22.6672],[104.627,22.6676],[104.6235,22.6663],[104.624,22.6677],[104.6264,22.6696],[104.6293,22.6699],[104.6312,22.6713],[104.6328,22.6713],[104.6423,22.6747],[104.6444,22.676],[104.6453,22.6776],[104.6454,22.6816],[104.6468,22.6837],[104.6465,22.6883],[104.6496,22.6905],[104.6497,22.6923],[104.6537,22.6936],[104.6582,22.696],[104.6606,22.6978],[104.6617,22.6964],[104.6638,22.6964],[104.6665,22.6979],[104.6703,22.6982],[104.6703,22.6995],[104.6677,22.7004],[104.6663,22.7034],[104.6639,22.7049],[104.6633,22.707],[104.6615,22.7081],[104.6582,22.7085],[104.6583,22.7102],[104.6537,22.7154],[104.6514,22.7168],[104.6529,22.7206],[104.6522,22.7218],[104.6468,22.7255],[104.6446,22.7263],[104.643,22.7282],[104.6418,22.7285],[104.6397,22.7304],[104.6352,22.7339],[104.6348,22.735],[104.6319,22.7379],[104.631,22.7402],[104.6287,22.7406],[104.6267,22.7427],[104.6255,22.7426],[104.6224,22.7445],[104.6213,22.7447],[104.6223,22.746],[104.6202,22.748],[104.6206,22.749],[104.6206,22.7546],[104.6191,22.7591],[104.6177,22.7611],[104.6174,22.7642],[104.6206,22.7666],[104.6214,22.7683],[104.6253,22.7674],[104.6269,22.7664],[104.628,22.7634],[104.6297,22.7632],[104.6296,22.7617],[104.6329,22.7594],[104.6354,22.7588],[104.6362,22.757],[104.6381,22.7586],[104.6432,22.7592],[104.6449,22.7566],[104.6488,22.7586],[104.6523,22.7593],[104.6545,22.7579],[104.6547,22.7564],[104.6559,22.7562],[104.6574,22.754],[104.6589,22.7528],[104.6604,22.7504],[104.662,22.7496],[104.6648,22.7504],[104.6662,22.7495],[104.6706,22.7493],[104.6723,22.7483],[104.6749,22.7507],[104.6826,22.7508],[104.6847,22.7504],[104.6883,22.7518],[104.6888,22.7536],[104.6914,22.7548],[104.6939,22.7543],[104.6953,22.7546],[104.6974,22.7566],[104.6997,22.7613],[104.7028,22.763],[104.7043,22.7651],[104.7051,22.7679],[104.7053,22.7728],[104.7076,22.7767],[104.7091,22.7779],[104.7123,22.7776],[104.7131,22.7789],[104.7201,22.7778],[104.725,22.7788],[104.7254,22.7813],[104.7283,22.7824],[104.7289,22.7836],[104.7276,22.7889],[104.7303,22.7933],[104.7308,22.7954],[104.7333,22.7966],[104.7346,22.7987],[104.7379,22.8025],[104.7394,22.8034]]]},"properties":{"name":"Hoàng Su Phì","level":"ward"}},{"type":"Feature","geometry":{"type":"Polygon","coordinates":[[[104.6547,22.7564],[104.6545,22.7579],[104.6523,22.7593],[104.6488,22.7586],[104.6449,22.7566],[104.6432,22.7592],[104.6381,22.7586],[104.6362,22.757],[104.6354,22.7588],[104.6329,22.7594],[104.6296,22.7617],[104.6297,22.7632],[104.628,22.7634],[104.6269,22.7664],[104.6253,22.7674],[104.6214,22.7683],[104.6206,22.7666],[104.6174,22.7642],[104.6177,22.7611],[104.6191,22.7591],[104.6206,22.7546],[104.6206,22.749],[104.6202,22.748],[104.6223,22.746],[104.6213,22.7447],[104.6193,22.7437],[104.6159,22.744],[104.6118,22.7437],[104.6092,22.743],[104.6061,22.7456],[104.6025,22.7437],[104.5996,22.744],[104.5957,22.7438],[104.5933,22.7448],[104.5951,22.7467],[104.5942,22.7489],[104.5947,22.7509],[104.5967,22.751],[104.5961,22.7541],[104.5979,22.7538],[104.5986,22.758],[104.5947,22.7586],[104.5957,22.7602],[104.5976,22.7617],[104.597,22.7654],[104.598,22.7677],[104.5972,22.7681],[104.5957,22.7663],[104.5937,22.766],[104.5936,22.7679],[104.592,22.7678],[104.5902,22.7708],[104.5875,22.771],[104.5836,22.7721],[104.5792,22.7718],[104.5758,22.774],[104.5747,22.7738],[104.5724,22.7754],[104.5704,22.7759],[104.5695,22.777],[104.5701,22.7812],[104.5713,22.7864],[104.5694,22.7888],[104.5686,22.7909],[104.5667,22.7924],[104.5641,22.7928],[104.56,22.7918],[104.555,22.7949],[104.5535,22.7977],[104.5549,22.7997],[104.5544,22.8012],[104.5562,22.8035],[104.5544,22.8072],[104.5503,22.8065],[104.5485,22.8048],[104.5451,22.8035],[104.5444,22.802],[104.542,22.8012],[104.5414,22.7999],[104.539,22.801],[104.5356,22.8012],[104.5343,22.8028],[104.53,22.8057],[104.5261,22.8073],[104.5245,22.8075],[104.524,22.8108],[104.5254,22.8131],[104.5258,22.8151],[104.5302,22.8204],[104.5337,22.8213],[104.5363,22.8262],[104.5377,22.8274],[104.5396,22.8265],[104.5424,22.826],[104.5464,22.8306],[104.5501,22.834],[104.5517,22.8337],[104.5529,22.8348],[104.551,22.8359],[104.5485,22.836],[104.5454,22.8377],[104.5468,22.8403],[104.5497,22.8401],[104.5543,22.8424],[104.5599,22.8416],[104.5637,22.8434],[104.5661,22.8431],[104.567,22.8446],[104.5697,22.8441],[104.5699,22.847],[104.5708,22.8482],[104.575,22.8506],[104.5774,22.8536],[104.5809,22.8518],[104.5852,22.8517],[104.5867,22.8524],[104.589,22.8521],[104.5906,22.8509],[104.5921,22.8508],[104.5941,22.8492],[104.5945,22.8477],[104.5985,22.8467],[104.5996,22.843],[104.5985,22.8411],[104.5996,22.8386],[104.6005,22.838],[104.6017,22.8346],[104.6031,22.8328],[104.6045,22.833],[104.6049,22.8313],[104.604,22.8266],[104.6011,22.827],[104.6005,22.8247],[104.5979,22.8235],[104.5988,22.821],[104.5979,22.8199],[104.598,22.8169],[104.6008,22.8163],[104.6025,22.8181],[104.6064,22.8185],[104.608,22.8176],[104.6103,22.8198],[104.6109,22.8183],[104.6129,22.8163],[104.614,22.8144],[104.6129,22.8134],[104.6112,22.8136],[104.6102,22.8124],[104.6081,22.8124],[104.6077,22.8093],[104.6059,22.8076],[104.6073,22.8059],[104.6082,22.8066],[104.6135,22.8068],[104.614,22.8061],[104.6184,22.807],[104.6206,22.8036],[104.6268,22.803],[104.6313,22.8001],[104.6328,22.7982],[104.6356,22.7974],[104.6396,22.7975],[104.6419,22.796],[104.6444,22.7913],[104.6474,22.7906],[104.6483,22.7894],[104.6515,22.7901],[104.6566,22.7897],[104.6581,22.7878],[104.6587,22.7844],[104.66,22.7818],[104.6587,22.7685],[104.6601,22.7648],[104.6591,22.7625],[104.6547,22.7564]]]},"properties":{"name":"Bản Máy","level":"ward"}},{"type":"Feature","geometry":{"type":"Polygon","coordinates":[[[104.7326,22.8235],[104.7337,22.8235],[104.7349,22.8215],[104.7345,22.8207],[104.7368,22.8179],[104.7384,22.8166],[104.7394,22.813],[104.7389,22.8094],[104.7394,22.8083],[104.7382,22.8062],[104.7394,22.8034],[104.7379,22.8025],[104.7346,22.7987],[104.7333,22.7966],[104.7308,22.7954],[104.7303,22.7933],[104.7276,22.7889],[104.7289,22.7836],[104.7283,22.7824],[104.7254,22.7813],[104.725,22.7788],[104.7201,22.7778],[104.7131,22.7789],[104.7123,22.7776],[104.7091,22.7779],[104.7076,22.7767],[104.7053,22.7728],[104.7051,22.7679],[104.7043,22.7651],[104.7028,22.763],[104.6997,22.7613],[104.6974,22.7566],[104.6953,22.7546],[104.6939,22.7543],[104.6914,22.7548],[104.6888,22.7536],[104.6883,22.7518],[104.6847,22.7504],[104.6826,22.7508],[104.6749,22.7507],[104.6723,22.7483],[104.6706,22.7493],[104.6662,22.7495],[104.6648,22.7504],[104.662,22.7496],[104.6604,22.7504],[104.6589,22.7528],[104.6574,22.754],[104.6559,22.7562],[104.6547,22.7564],[104.6591,22.7625],[104.6601,22.7648],[104.6587,22.7685],[104.66,22.7818],[104.6587,22.7844],[104.6581,22.7878],[104.6566,22.7897],[104.6515,22.7901],[104.6483,22.7894],[104.6474,22.7906],[104.6444,22.7913],[104.6419,22.796],[104.6396,22.7975],[104.6356,22.7974],[104.6328,22.7982],[104.6313,22.8001],[104.6268,22.803],[104.6206,22.8036],[104.6184,22.807],[104.614,22.8061],[104.6135,22.8068],[104.6082,22.8066],[104.6073,22.8059],[104.6059,22.8076],[104.6077,22.8093],[104.6081,22.8124],[104.6102,22.8124],[104.6112,22.8136],[104.6129,22.8134],[104.614,22.8144],[104.6129,22.8163],[104.6162,22.819],[104.6175,22.8218],[104.6173,22.8241],[104.6195,22.8239],[104.6218,22.8249],[104.6217,22.8262],[104.624,22.8298],[104.6226,22.8308],[104.6214,22.8335],[104.6182,22.8336],[104.6177,22.8356],[104.6195,22.8361],[104.6187,22.8376],[104.6188,22.8404],[104.6215,22.8437],[104.6212,22.8455],[104.623,22.8452],[104.625,22.8459],[104.6269,22.8404],[104.6265,22.8387],[104.6286,22.8376],[104.6306,22.8359],[104.6343,22.8351],[104.6376,22.8336],[104.6401,22.8356],[104.6402,22.8363],[104.6449,22.8366],[104.6467,22.8354],[104.65,22.8356],[104.6536,22.8349],[104.6565,22.8339],[104.6607,22.8291],[104.6646,22.8276],[104.669,22.8219],[104.6708,22.8201],[104.6717,22.8183],[104.673,22.8179],[104.6774,22.82],[104.68,22.818],[104.6834,22.8198],[104.686,22.8221],[104.6883,22.8223],[104.6915,22.8237],[104.6943,22.8238],[104.699,22.8255],[104.7003,22.8264],[104.7034,22.8265],[104.7054,22.825],[104.7098,22.8245],[104.7114,22.8231],[104.715,22.8219],[104.7177,22.8227],[104.7185,22.8218],[104.7223,22.8204],[104.7244,22.8201],[104.7262,22.8213],[104.7326,22.8235]]]},"properties":{"name":"Thàng Tín","level":"ward"}},{"type":"Feature","geometry":{"type":"Polygon","coordinates":[[[104.803,22.8045],[104.8044,22.8011],[104.8059,22.8019],[104.8089,22.7999],[104.8076,22.7971],[104.8073,22.7955],[104.8077,22.7907],[104.8066,22.7875],[104.8099,22.7852],[104.8102,22.7824],[104.8123,22.779],[104.8149,22.7768],[104.8111,22.7736],[104.8097,22.7734],[104.808,22.7718],[104.8061,22.7712],[104.8074,22.7657],[104.8068,22.7644],[104.8033,22.7603],[104.8036,22.7581],[104.805,22.7578],[104.8079,22.7552],[104.8084,22.7532],[104.811,22.7506],[104.811,22.7494],[104.8104,22.7455],[104.809,22.7439],[104.8075,22.7405],[104.8033,22.738],[104.8013,22.7377],[104.8006,22.7337],[104.799,22.7329],[104.7978,22.7312],[104.7947,22.7304],[104.7912,22.7274],[104.7875,22.7255],[104.7844,22.7248],[104.7823,22.7236],[104.7795,22.721],[104.776,22.7202],[104.7754,22.7168],[104.7761,22.712],[104.7775,22.7109],[104.779,22.7072],[104.7814,22.704],[104.7803,22.7014],[104.7785,22.6989],[104.7751,22.6967],[104.7714,22.696],[104.7678,22.698],[104.7658,22.6986],[104.7623,22.7007],[104.7608,22.7009],[104.7587,22.7],[104.755,22.7001],[104.7511,22.7011],[104.749,22.6992],[104.7492,22.6977],[104.7473,22.695],[104.7437,22.6934],[104.7409,22.6911],[104.7408,22.6893],[104.7352,22.6872],[104.7352,22.6863],[104.7321,22.6839],[104.7293,22.6851],[104.7291,22.6861],[104.7266,22.6884],[104.7252,22.6906],[104.7255,22.6959],[104.7279,22.6982],[104.7289,22.7001],[104.729,22.703],[104.7306,22.7069],[104.73,22.7082],[104.7297,22.7115],[104.7286,22.7135],[104.7301,22.7161],[104.73,22.719],[104.7292,22.7199],[104.7287,22.723],[104.7237,22.723],[104.7224,22.7252],[104.7185,22.7246],[104.7175,22.7236],[104.7101,22.7254],[104.7117,22.727],[104.7107,22.7303],[104.7081,22.732],[104.7069,22.7303],[104.7041,22.7298],[104.7022,22.7338],[104.6998,22.7337],[104.6971,22.7349],[104.6973,22.7371],[104.6964,22.7385],[104.6968,22.7407],[104.6979,22.7428],[104.6995,22.7436],[104.701,22.7454],[104.7029,22.7456],[104.7028,22.7474],[104.7042,22.7477],[104.7031,22.7506],[104.7049,22.7518],[104.7099,22.7519],[104.7098,22.754],[104.7121,22.7538],[104.712,22.7565],[104.7149,22.7567],[104.7161,22.7592],[104.7184,22.7598],[104.7189,22.7609],[104.7212,22.7628],[104.7241,22.7631],[104.7255,22.7621],[104.7281,22.7629],[104.731,22.7629],[104.7368,22.7655],[104.7394,22.7687],[104.7435,22.7698],[104.7434,22.7704],[104.7478,22.7727],[104.754,22.7813],[104.7568,22.7827],[104.7596,22.783],[104.7606,22.784],[104.7615,22.7866],[104.7641,22.7896],[104.764,22.7928],[104.7647,22.7953],[104.7655,22.7962],[104.7692,22.7967],[104.7724,22.7989],[104.7754,22.8002],[104.7768,22.8013],[104.7787,22.8043],[104.7793,22.8069],[104.7848,22.8071],[104.7863,22.808],[104.789,22.8082],[104.7912,22.8071],[104.7931,22.8076],[104.7967,22.8058],[104.7997,22.8057],[104.803,22.8045]]]},"properties":{"name":"Tân Tiến","level":"ward"}},{"type":"Feature","geometry":{"type":"Polygon","coordinates":[[[104.6213,22.7447],[104.6224,22.7445],[104.6255,22.7426],[104.6267,22.7427],[104.6287,22.7406],[104.631,22.7402],[104.6319,22.7379],[104.6348,22.735],[104.6352,22.7339],[104.6397,22.7304],[104.6418,22.7285],[104.643,22.7282],[104.6446,22.7263],[104.6468,22.7255],[104.6522,22.7218],[104.6529,22.7206],[104.6514,22.7168],[104.6537,22.7154],[104.6583,22.7102],[104.6582,22.7085],[104.6615,22.7081],[104.6633,22.707],[104.6639,22.7049],[104.6663,22.7034],[104.6677,22.7004],[104.6703,22.6995],[104.6703,22.6982],[104.6665,22.6979],[104.6638,22.6964],[104.6617,22.6964],[104.6606,22.6978],[104.6582,22.696],[104.6537,22.6936],[104.6497,22.6923],[104.6496,22.6905],[104.6465,22.6883],[104.6468,22.6837],[104.6454,22.6816],[104.6453,22.6776],[104.6444,22.676],[104.6423,22.6747],[104.6328,22.6713],[104.6312,22.6713],[104.6293,22.6699],[104.6264,22.6696],[104.624,22.6677],[104.6235,22.6663],[104.6224,22.6646],[104.6179,22.665],[104.6148,22.6637],[104.6117,22.6647],[104.6074,22.6646],[104.6062,22.669],[104.6041,22.6707],[104.6028,22.673],[104.6,22.6747],[104.599,22.6798],[104.5981,22.6813],[104.5976,22.6842],[104.5958,22.6874],[104.5883,22.6893],[104.5881,22.6923],[104.5889,22.6933],[104.589,22.6966],[104.5898,22.6972],[104.5909,22.7012],[104.591,22.7033],[104.5904,22.7131],[104.5911,22.715],[104.589,22.7178],[104.587,22.7196],[104.586,22.7243],[104.5859,22.727],[104.5842,22.7291],[104.5824,22.7306],[104.5825,22.733],[104.5817,22.736],[104.5828,22.7369],[104.5822,22.7383],[104.5849,22.7398],[104.5895,22.7407],[104.5913,22.7418],[104.5933,22.7448],[104.5957,22.7438],[104.5996,22.744],[104.6025,22.7437],[104.6061,22.7456],[104.6092,22.743],[104.6118,22.7437],[104.6159,22.744],[104.6193,22.7437],[104.6213,22.7447]]]},"properties":{"name":"Pờ Ly Ngài","level":"ward"}},{"type":"Feature","geometry":{"type":"Polygon","coordinates":[[[104.7803,22.7014],[104.7838,22.6996],[104.7866,22.6973],[104.7874,22.6977],[104.7909,22.6955],[104.7911,22.6942],[104.7943,22.6898],[104.7937,22.6893],[104.7967,22.6866],[104.7982,22.684],[104.7968,22.6811],[104.7976,22.6782],[104.7992,22.6763],[104.7988,22.6755],[104.796,22.6754],[104.7929,22.6731],[104.7911,22.6723],[104.7863,22.6689],[104.7835,22.6685],[104.7789,22.6718],[104.777,22.6723],[104.7748,22.6747],[104.7727,22.6756],[104.7691,22.6753],[104.7683,22.6721],[104.7737,22.6658],[104.7755,22.6627],[104.7756,22.6579],[104.7765,22.6565],[104.7748,22.6543],[104.7717,22.6536],[104.7714,22.6513],[104.7697,22.6502],[104.7717,22.6457],[104.7746,22.644],[104.7751,22.6421],[104.7767,22.64],[104.7796,22.6344],[104.7818,22.632],[104.782,22.6301],[104.7834,22.6278],[104.7837,22.6263],[104.7831,22.6233],[104.7825,22.6222],[104.7844,22.6178],[104.7857,22.6175],[104.7856,22.6141],[104.7879,22.6126],[104.7904,22.609],[104.7897,22.6064],[104.7918,22.6043],[104.7918,22.5998],[104.7927,22.5979],[104.7925,22.5961],[104.7933,22.5926],[104.7931,22.5913],[104.7947,22.5905],[104.7966,22.5884],[104.7976,22.5882],[104.8016,22.5859],[104.8024,22.5838],[104.8023,22.5804],[104.8043,22.5771],[104.8055,22.5759],[104.8087,22.5742],[104.81,22.5717],[104.8093,22.5683],[104.8074,22.5678],[104.8056,22.5664],[104.8045,22.5632],[104.805,22.5619],[104.8032,22.5593],[104.8019,22.5586],[104.8004,22.5563],[104.7994,22.5562],[104.7945,22.5602],[104.7924,22.5635],[104.7909,22.5639],[104.7894,22.5669],[104.7862,22.5693],[104.7852,22.5713],[104.7836,22.5712],[104.7814,22.5722],[104.7774,22.5726],[104.7739,22.5741],[104.7703,22.574],[104.768,22.5747],[104.7644,22.5748],[104.7626,22.5757],[104.7602,22.5757],[104.7548,22.5794],[104.7538,22.5808],[104.7508,22.5818],[104.7522,22.5843],[104.7528,22.5865],[104.7514,22.5892],[104.7485,22.5899],[104.7476,22.5908],[104.748,22.5949],[104.7485,22.5963],[104.7482,22.5985],[104.7462,22.5976],[104.7459,22.5948],[104.7442,22.5938],[104.7436,22.5978],[104.7419,22.5993],[104.7383,22.6001],[104.7358,22.6032],[104.7355,22.6053],[104.7329,22.6064],[104.7312,22.6066],[104.726,22.6106],[104.7246,22.6106],[104.7185,22.6146],[104.718,22.6161],[104.7215,22.618],[104.7251,22.6232],[104.7277,22.6253],[104.7327,22.6274],[104.7337,22.6285],[104.7343,22.6305],[104.7334,22.6322],[104.7339,22.6339],[104.732,22.6376],[104.7319,22.6397],[104.7289,22.6425],[104.7248,22.6435],[104.7214,22.6455],[104.7209,22.6493],[104.7176,22.6524],[104.7159,22.6509],[104.7141,22.6508],[104.7128,22.6496],[104.7088,22.6474],[104.7062,22.6443],[104.7023,22.6443],[104.7015,22.6448],[104.6997,22.6411],[104.6983,22.6391],[104.6951,22.6405],[104.6926,22.6423],[104.6922,22.6442],[104.6912,22.6445],[104.6882,22.6497],[104.6853,22.6504],[104.6853,22.6516],[104.6813,22.6528],[104.681,22.6537],[104.677,22.6543],[104.6749,22.6555],[104.6721,22.6559],[104.6698,22.6558],[104.6684,22.6564],[104.6655,22.6592],[104.6642,22.6591],[104.6654,22.6601],[104.6696,22.6603],[104.6715,22.66],[104.6725,22.6607],[104.6744,22.6603],[104.6786,22.658],[104.6813,22.6589],[104.6827,22.6602],[104.6837,22.663],[104.6852,22.6637],[104.6867,22.6676],[104.6881,22.6688],[104.6905,22.6697],[104.6932,22.6717],[104.6977,22.6734],[104.6975,22.675],[104.6953,22.6767],[104.6949,22.679],[104.693,22.6796],[104.6924,22.6826],[104.6906,22.6882],[104.6919,22.6895],[104.692,22.6914],[104.6953,22.6898],[104.6967,22.6878],[104.7007,22.6877],[104.7041,22.689],[104.708,22.6922],[104.7107,22.6926],[104.7115,22.6914],[104.7174,22.6894],[104.7198,22.6893],[104.7216,22.6902],[104.7252,22.6906],[104.7266,22.6884],[104.7291,22.6861],[104.7293,22.6851],[104.7321,22.6839],[104.7352,22.6863],[104.7352,22.6872],[104.7408,22.6893],[104.7409,22.6911],[104.7437,22.6934],[104.7473,22.695],[104.7492,22.6977],[104.749,22.6992],[104.7511,22.7011],[104.755,22.7001],[104.7587,22.7],[104.7608,22.7009],[104.7623,22.7007],[104.7658,22.6986],[104.7678,22.698],[104.7714,22.696],[104.7751,22.6967],[104.7785,22.6989],[104.7803,22.7014]]]},"properties":{"name":"Nậm Dịch","level":"ward"}},{"type":"Feature","geometry":{"type":"Polygon","coordinates":[[[104.6235,22.6663],[104.627,22.6676],[104.6335,22.6672],[104.6351,22.668],[104.6365,22.6664],[104.6381,22.6659],[104.6393,22.6644],[104.642,22.6635],[104.6467,22.6631],[104.6475,22.6625],[104.6519,22.6617],[104.6547,22.6602],[104.6555,22.6593],[104.6586,22.6586],[104.6622,22.6594],[104.6642,22.6591],[104.6655,22.6592],[104.6684,22.6564],[104.6698,22.6558],[104.6721,22.6559],[104.6749,22.6555],[104.677,22.6543],[104.681,22.6537],[104.6813,22.6528],[104.6853,22.6516],[104.6853,22.6504],[104.6882,22.6497],[104.6912,22.6445],[104.6922,22.6442],[104.6926,22.6423],[104.6951,22.6405],[104.6983,22.6391],[104.6997,22.6411],[104.7015,22.6448],[104.7023,22.6443],[104.7062,22.6443],[104.7088,22.6474],[104.7128,22.6496],[104.7141,22.6508],[104.7159,22.6509],[104.7176,22.6524],[104.7209,22.6493],[104.7214,22.6455],[104.7248,22.6435],[104.7289,22.6425],[104.7319,22.6397],[104.732,22.6376],[104.7339,22.6339],[104.7334,22.6322],[104.7343,22.6305],[104.7337,22.6285],[104.7327,22.6274],[104.7277,22.6253],[104.7251,22.6232],[104.7215,22.618],[104.718,22.6161],[104.716,22.6143],[104.7102,22.6122],[104.7074,22.6117],[104.7053,22.6121],[104.7053,22.6096],[104.7021,22.6055],[104.6984,22.6033],[104.6975,22.6007],[104.698,22.5977],[104.6974,22.5956],[104.6961,22.5939],[104.6977,22.5917],[104.6981,22.5877],[104.7005,22.5849],[104.701,22.5818],[104.7018,22.5801],[104.704,22.5777],[104.7039,22.5747],[104.7088,22.5735],[104.7111,22.5723],[104.7143,22.5679],[104.714,22.5657],[104.7162,22.562],[104.7186,22.5608],[104.72,22.5573],[104.7205,22.5551],[104.7196,22.5535],[104.72,22.5483],[104.7132,22.5477],[104.7114,22.5469],[104.7091,22.545],[104.7054,22.545],[104.7042,22.5444],[104.7004,22.5443],[104.6962,22.5413],[104.6937,22.5424],[104.6933,22.5442],[104.6901,22.5441],[104.6853,22.5444],[104.6836,22.5432],[104.6798,22.5428],[104.6793,22.5418],[104.676,22.5402],[104.6753,22.5416],[104.6709,22.545],[104.6696,22.5471],[104.668,22.5472],[104.6619,22.5489],[104.6616,22.5477],[104.6586,22.5473],[104.6559,22.5454],[104.6516,22.544],[104.6507,22.5424],[104.6483,22.5402],[104.6441,22.5393],[104.6407,22.538],[104.6388,22.5382],[104.6352,22.538],[104.6328,22.5392],[104.6302,22.5419],[104.6274,22.542],[104.6249,22.5442],[104.6206,22.5453],[104.6195,22.546],[104.6203,22.5481],[104.6186,22.5531],[104.6182,22.5578],[104.6202,22.561],[104.6196,22.5704],[104.6217,22.5715],[104.6217,22.5749],[104.623,22.5799],[104.6214,22.5808],[104.6211,22.5828],[104.6183,22.5858],[104.6196,22.5885],[104.6195,22.5901],[104.6184,22.5918],[104.6205,22.595],[104.6211,22.5972],[104.6186,22.5984],[104.6184,22.5995],[104.6166,22.6012],[104.6139,22.6026],[104.6091,22.6029],[104.6061,22.6044],[104.6038,22.6049],[104.6032,22.6081],[104.6015,22.6105],[104.6022,22.612],[104.601,22.6152],[104.6016,22.6178],[104.601,22.619],[104.5988,22.6206],[104.5958,22.6259],[104.5934,22.6281],[104.5921,22.6336],[104.5936,22.6347],[104.5938,22.639],[104.5946,22.6419],[104.5932,22.6438],[104.592,22.6468],[104.5925,22.6484],[104.592,22.6507],[104.5921,22.6527],[104.5937,22.654],[104.5956,22.6542],[104.5974,22.6576],[104.5998,22.6601],[104.6026,22.6609],[104.6039,22.663],[104.6074,22.6646],[104.6117,22.6647],[104.6148,22.6637],[104.6179,22.665],[104.6224,22.6646],[104.6235,22.6663]]]},"properties":{"name":"Hồ Thầu","level":"ward"}},{"type":"Feature","geometry":{"type":"Polygon","coordinates":[[[104.718,22.6161],[104.7185,22.6146],[104.7246,22.6106],[104.726,22.6106],[104.7312,22.6066],[104.7329,22.6064],[104.7355,22.6053],[104.7358,22.6032],[104.7383,22.6001],[104.7419,22.5993],[104.7436,22.5978],[104.7442,22.5938],[104.7459,22.5948],[104.7462,22.5976],[104.7482,22.5985],[104.7485,22.5963],[104.748,22.5949],[104.7476,22.5908],[104.7485,22.5899],[104.7514,22.5892],[104.7528,22.5865],[104.7522,22.5843],[104.7508,22.5818],[104.7538,22.5808],[104.7548,22.5794],[104.7602,22.5757],[104.7626,22.5757],[104.7644,22.5748],[104.768,22.5747],[104.7703,22.574],[104.7739,22.5741],[104.7774,22.5726],[104.7814,22.5722],[104.7836,22.5712],[104.7852,22.5713],[104.7862,22.5693],[104.7894,22.5669],[104.7909,22.5639],[104.7924,22.5635],[104.7945,22.5602],[104.7994,22.5562],[104.8004,22.5563],[104.7988,22.5539],[104.7966,22.5518],[104.7949,22.5514],[104.7907,22.5515],[104.792,22.5485],[104.7915,22.544],[104.7906,22.5407],[104.7863,22.5407],[104.7844,22.5399],[104.7837,22.5375],[104.7811,22.5349],[104.7822,22.5334],[104.7826,22.5314],[104.7837,22.5304],[104.7844,22.5277],[104.783,22.5235],[104.7814,22.5216],[104.7804,22.5193],[104.7815,22.518],[104.7808,22.5155],[104.782,22.5126],[104.7808,22.5106],[104.7789,22.5093],[104.7802,22.5067],[104.7791,22.5044],[104.78,22.5024],[104.7812,22.5015],[104.782,22.4996],[104.7818,22.4961],[104.7827,22.4933],[104.7823,22.4902],[104.7835,22.4902],[104.7869,22.4879],[104.7878,22.486],[104.7908,22.4853],[104.793,22.484],[104.793,22.4801],[104.7918,22.4763],[104.7914,22.4728],[104.789,22.47],[104.7843,22.4667],[104.7807,22.4647],[104.7793,22.4634],[104.7706,22.4607],[104.7685,22.4603],[104.7656,22.4588],[104.7635,22.4588],[104.7606,22.4565],[104.7537,22.4541],[104.7483,22.4499],[104.7472,22.4472],[104.7455,22.4462],[104.7428,22.4421],[104.7398,22.4393],[104.738,22.4386],[104.7359,22.4391],[104.734,22.4411],[104.7288,22.4431],[104.7271,22.4466],[104.7253,22.4481],[104.7249,22.4495],[104.7254,22.4541],[104.724,22.4573],[104.7243,22.4589],[104.7263,22.4625],[104.7302,22.4656],[104.7318,22.4692],[104.7349,22.4716],[104.7349,22.4749],[104.7336,22.4796],[104.7345,22.4821],[104.7345,22.4842],[104.7362,22.4886],[104.733,22.4897],[104.7313,22.4924],[104.7278,22.4957],[104.7278,22.499],[104.7243,22.5046],[104.7247,22.5063],[104.724,22.5082],[104.7247,22.5107],[104.7221,22.5147],[104.7228,22.5162],[104.7219,22.5178],[104.7183,22.5188],[104.7169,22.5207],[104.7154,22.5214],[104.7154,22.523],[104.7144,22.5247],[104.7136,22.529],[104.7156,22.5322],[104.716,22.5336],[104.7116,22.5362],[104.708,22.5392],[104.7054,22.5389],[104.7004,22.5443],[104.7042,22.5444],[104.7054,22.545],[104.7091,22.545],[104.7114,22.5469],[104.7132,22.5477],[104.72,22.5483],[104.7196,22.5535],[104.7205,22.5551],[104.72,22.5573],[104.7186,22.5608],[104.7162,22.562],[104.714,22.5657],[104.7143,22.5679],[104.7111,22.5723],[104.7088,22.5735],[104.7039,22.5747],[104.704,22.5777],[104.7018,22.5801],[104.701,22.5818],[104.7005,22.5849],[104.6981,22.5877],[104.6977,22.5917],[104.6961,22.5939],[104.6974,22.5956],[104.698,22.5977],[104.6975,22.6007],[104.6984,22.6033],[104.7021,22.6055],[104.7053,22.6096],[104.7053,22.6121],[104.7074,22.6117],[104.7102,22.6122],[104.716,22.6143],[104.718,22.6161]]]},"properties":{"name":"Thông Nguyên","level":"ward"}},{"type":"Feature","geometry":{"type":"Polygon","coordinates":[[[104.4666,22.6897],[104.4656,22.6856],[104.4664,22.6841],[104.4663,22.6804],[104.4652,22.6765],[104.4628,22.673],[104.4635,22.6705],[104.467,22.669],[104.4673,22.6654],[104.4682,22.6642],[104.4703,22.6595],[104.473,22.6562],[104.4734,22.654],[104.4727,22.6512],[104.4736,22.6501],[104.4726,22.6475],[104.4749,22.6457],[104.4764,22.6434],[104.4764,22.6421],[104.4786,22.6386],[104.4801,22.6373],[104.4811,22.6353],[104.4829,22.6343],[104.4838,22.6318],[104.4799,22.6301],[104.4764,22.6303],[104.4715,22.6263],[104.4701,22.6245],[104.4661,22.6219],[104.4653,22.6205],[104.4632,22.6185],[104.4616,22.6152],[104.4618,22.6125],[104.4599,22.6104],[104.4603,22.6075],[104.4593,22.6055],[104.4581,22.6043],[104.4539,22.6036],[104.4523,22.6037],[104.4499,22.606],[104.4477,22.605],[104.4456,22.6054],[104.4427,22.6045],[104.4417,22.6073],[104.439,22.6088],[104.4386,22.611],[104.4367,22.6114],[104.4343,22.611],[104.4331,22.6119],[104.4322,22.6148],[104.4335,22.6188],[104.4333,22.6204],[104.4345,22.6237],[104.4337,22.6261],[104.4359,22.6285],[104.4349,22.6295],[104.4332,22.6337],[104.4336,22.6353],[104.4325,22.6384],[104.434,22.6399],[104.4346,22.6439],[104.4301,22.6444],[104.4288,22.6414],[104.4285,22.6394],[104.4271,22.6387],[104.427,22.6372],[104.4253,22.6365],[104.4242,22.6338],[104.4243,22.6322],[104.4217,22.6308],[104.4178,22.6304],[104.4169,22.6291],[104.4147,22.6277],[104.4128,22.6276],[104.409,22.6291],[104.4072,22.6285],[104.4066,22.6296],[104.409,22.632],[104.4087,22.634],[104.4097,22.6344],[104.4106,22.6365],[104.4126,22.6382],[104.4133,22.6399],[104.4134,22.6422],[104.4155,22.6434],[104.4155,22.6449],[104.4135,22.6467],[104.4134,22.6484],[104.4102,22.6485],[104.4087,22.6506],[104.4083,22.6548],[104.4065,22.656],[104.4063,22.6607],[104.4055,22.6615],[104.4066,22.6663],[104.4061,22.6691],[104.4051,22.6719],[104.404,22.6735],[104.4042,22.6755],[104.4021,22.6811],[104.3992,22.6805],[104.3938,22.6805],[104.39,22.6792],[104.3868,22.68],[104.3851,22.6797],[104.3824,22.6774],[104.3793,22.6765],[104.3743,22.676],[104.3719,22.675],[104.3687,22.6743],[104.3648,22.6729],[104.3596,22.6734],[104.3532,22.6761],[104.3499,22.679],[104.3447,22.6821],[104.3412,22.6863],[104.3369,22.6881],[104.3343,22.6904],[104.3363,22.6945],[104.3354,22.6964],[104.3372,22.6994],[104.3389,22.7007],[104.3398,22.703],[104.3411,22.7037],[104.3404,22.7054],[104.3407,22.7091],[104.3418,22.7119],[104.3439,22.7071],[104.3477,22.704],[104.3486,22.7014],[104.3499,22.7],[104.3502,22.6974],[104.3512,22.6964],[104.3513,22.6944],[104.3528,22.6924],[104.3556,22.6915],[104.3579,22.6921],[104.3615,22.6924],[104.3623,22.6917],[104.3641,22.6925],[104.3665,22.6917],[104.3666,22.6898],[104.3688,22.6888],[104.3715,22.6884],[104.3736,22.6902],[104.3775,22.6915],[104.3787,22.6948],[104.3813,22.6977],[104.384,22.7021],[104.3857,22.7036],[104.3878,22.7044],[104.3918,22.7044],[104.3953,22.7035],[104.3973,22.7014],[104.3993,22.702],[104.4,22.7064],[104.4014,22.709],[104.4033,22.7089],[104.4053,22.7121],[104.4034,22.7131],[104.4058,22.7172],[104.4064,22.7221],[104.408,22.7233],[104.4087,22.726],[104.4116,22.7277],[104.4132,22.7275],[104.4147,22.7277],[104.4164,22.7263],[104.4184,22.727],[104.4191,22.7282],[104.4208,22.729],[104.4229,22.7287],[104.4256,22.7292],[104.4278,22.7309],[104.4307,22.7287],[104.4321,22.7256],[104.4316,22.7228],[104.43,22.7204],[104.4301,22.7187],[104.4316,22.7153],[104.4312,22.713],[104.4327,22.7105],[104.4349,22.7112],[104.4374,22.7112],[104.4402,22.71],[104.4487,22.7073],[104.45,22.7045],[104.4519,22.7034],[104.4542,22.7004],[104.4572,22.6992],[104.4579,22.6974],[104.4605,22.6958],[104.4626,22.6936],[104.4642,22.6929],[104.4651,22.6904],[104.4666,22.6897]]]},"properties":{"name":"Pà Vầy Sủ","level":"ward"}},{"type":"Feature","geometry":{"type":"Polygon","coordinates":[[[104.5245,22.8075],[104.5261,22.8073],[104.53,22.8057],[104.5343,22.8028],[104.5356,22.8012],[104.539,22.801],[104.5414,22.7999],[104.542,22.8012],[104.5444,22.802],[104.5451,22.8035],[104.5485,22.8048],[104.5503,22.8065],[104.5544,22.8072],[104.5562,22.8035],[104.5544,22.8012],[104.5549,22.7997],[104.5535,22.7977],[104.555,22.7949],[104.56,22.7918],[104.5641,22.7928],[104.5667,22.7924],[104.5686,22.7909],[104.5694,22.7888],[104.5713,22.7864],[104.5701,22.7812],[104.5695,22.777],[104.5704,22.7759],[104.5724,22.7754],[104.5747,22.7738],[104.5758,22.774],[104.5792,22.7718],[104.5836,22.7721],[104.5875,22.771],[104.5902,22.7708],[104.592,22.7678],[104.5936,22.7679],[104.5937,22.766],[104.5957,22.7663],[104.5972,22.7681],[104.598,22.7677],[104.597,22.7654],[104.5976,22.7617],[104.5957,22.7602],[104.5947,22.7586],[104.5986,22.758],[104.5979,22.7538],[104.5961,22.7541],[104.5967,22.751],[104.5947,22.7509],[104.5942,22.7489],[104.5951,22.7467],[104.5933,22.7448],[104.5913,22.7418],[104.5895,22.7407],[104.5849,22.7398],[104.5822,22.7383],[104.5794,22.7372],[104.5736,22.7367],[104.5707,22.7342],[104.5681,22.7308],[104.567,22.7299],[104.5626,22.7286],[104.5592,22.7285],[104.5577,22.7279],[104.55,22.7262],[104.5492,22.725],[104.5445,22.721],[104.5416,22.7207],[104.5357,22.7158],[104.5347,22.7139],[104.5306,22.7097],[104.5271,22.7069],[104.5209,22.7054],[104.5191,22.7041],[104.5172,22.7019],[104.515,22.7004],[104.5114,22.7],[104.507,22.6988],[104.5015,22.6979],[104.4978,22.6955],[104.4959,22.6932],[104.4932,22.6926],[104.4894,22.6935],[104.4857,22.693],[104.4809,22.6898],[104.4758,22.6878],[104.4734,22.6895],[104.4702,22.6904],[104.4666,22.6897],[104.4651,22.6904],[104.4642,22.6929],[104.4626,22.6936],[104.4605,22.6958],[104.4579,22.6974],[104.4572,22.6992],[104.4542,22.7004],[104.4519,22.7034],[104.45,22.7045],[104.4487,22.7073],[104.4402,22.71],[104.4374,22.7112],[104.4349,22.7112],[104.4327,22.7105],[104.4312,22.713],[104.4316,22.7153],[104.4301,22.7187],[104.43,22.7204],[104.4316,22.7228],[104.4321,22.7256],[104.4307,22.7287],[104.4278,22.7309],[104.4256,22.7292],[104.4229,22.7287],[104.4208,22.729],[104.4191,22.7282],[104.4184,22.727],[104.4164,22.7263],[104.4147,22.7277],[104.4132,22.7275],[104.4137,22.7288],[104.4164,22.7302],[104.4169,22.7316],[104.4195,22.7336],[104.4206,22.7356],[104.4237,22.738],[104.4286,22.7399],[104.433,22.7426],[104.4364,22.7433],[104.4384,22.7446],[104.4421,22.7451],[104.4444,22.7464],[104.4494,22.7484],[104.4539,22.7496],[104.458,22.7529],[104.4594,22.7522],[104.4627,22.7546],[104.4703,22.7577],[104.4727,22.7605],[104.4776,22.7639],[104.4816,22.7676],[104.4828,22.7696],[104.4865,22.7711],[104.488,22.7738],[104.4903,22.775],[104.4915,22.7779],[104.4933,22.779],[104.4963,22.7785],[104.4973,22.7796],[104.4983,22.7828],[104.4992,22.7841],[104.4984,22.7864],[104.5056,22.7884],[104.5086,22.7886],[104.5095,22.7881],[104.5137,22.7898],[104.5142,22.7922],[104.5157,22.793],[104.5168,22.7961],[104.5194,22.7979],[104.519,22.7991],[104.5205,22.8015],[104.5195,22.8024],[104.5202,22.8048],[104.5233,22.8056],[104.5245,22.8075]]]},"properties":{"name":"Xín Mần","level":"ward"}},{"type":"Feature","geometry":{"type":"Polygon","coordinates":[[[104.5822,22.7383],[104.5828,22.7369],[104.5817,22.736],[104.5825,22.733],[104.5824,22.7306],[104.5842,22.7291],[104.5859,22.727],[104.586,22.7243],[104.587,22.7196],[104.589,22.7178],[104.5911,22.715],[104.5904,22.7131],[104.591,22.7033],[104.5909,22.7012],[104.5898,22.6972],[104.589,22.6966],[104.5889,22.6933],[104.5881,22.6923],[104.5883,22.6893],[104.5958,22.6874],[104.5976,22.6842],[104.5981,22.6813],[104.599,22.6798],[104.6,22.6747],[104.6028,22.673],[104.6041,22.6707],[104.6062,22.669],[104.6074,22.6646],[104.6039,22.663],[104.6026,22.6609],[104.5998,22.6601],[104.5974,22.6576],[104.5956,22.6542],[104.5937,22.654],[104.5921,22.6527],[104.592,22.6507],[104.5909,22.6501],[104.587,22.65],[104.5855,22.6486],[104.5824,22.6493],[104.5802,22.6507],[104.5778,22.6514],[104.573,22.6513],[104.5719,22.6485],[104.5688,22.6461],[104.5684,22.6434],[104.5671,22.6419],[104.5659,22.642],[104.5632,22.6405],[104.5588,22.6397],[104.557,22.6383],[104.5538,22.6408],[104.5529,22.6423],[104.5493,22.6446],[104.5468,22.6453],[104.5448,22.6452],[104.543,22.646],[104.5391,22.6463],[104.5368,22.6469],[104.5337,22.6467],[104.5322,22.6481],[104.5303,22.6515],[104.5277,22.6528],[104.5268,22.6541],[104.5241,22.6554],[104.5219,22.6553],[104.5209,22.6542],[104.5189,22.6533],[104.5173,22.6519],[104.5125,22.6496],[104.5101,22.6498],[104.509,22.6505],[104.5099,22.6521],[104.5097,22.6545],[104.5109,22.6556],[104.5121,22.659],[104.5115,22.6624],[104.5096,22.6656],[104.5087,22.669],[104.5087,22.6712],[104.5068,22.6732],[104.5068,22.676],[104.5055,22.6762],[104.5052,22.6789],[104.5077,22.678],[104.5091,22.6786],[104.5083,22.6812],[104.5074,22.6815],[104.5063,22.6854],[104.5064,22.6865],[104.5052,22.6879],[104.5044,22.6903],[104.5031,22.6916],[104.502,22.6939],[104.5015,22.6979],[104.507,22.6988],[104.5114,22.7],[104.515,22.7004],[104.5172,22.7019],[104.5191,22.7041],[104.5209,22.7054],[104.5271,22.7069],[104.5306,22.7097],[104.5347,22.7139],[104.5357,22.7158],[104.5416,22.7207],[104.5445,22.721],[104.5492,22.725],[104.55,22.7262],[104.5577,22.7279],[104.5592,22.7285],[104.5626,22.7286],[104.567,22.7299],[104.5681,22.7308],[104.5707,22.7342],[104.5736,22.7367],[104.5794,22.7372],[104.5822,22.7383]]]},"properties":{"name":"Trung Thịnh","level":"ward"}},{"type":"Feature","geometry":{"type":"Polygon","coordinates":[[[104.4593,22.6055],[104.4603,22.6075],[104.4599,22.6104],[104.4618,22.6125],[104.4616,22.6152],[104.4632,22.6185],[104.4653,22.6205],[104.4661,22.6219],[104.4701,22.6245],[104.4715,22.6263],[104.4764,22.6303],[104.4799,22.6301],[104.4838,22.6318],[104.4829,22.6343],[104.4811,22.6353],[104.4801,22.6373],[104.4786,22.6386],[104.4764,22.6421],[104.4764,22.6434],[104.4749,22.6457],[104.4726,22.6475],[104.4736,22.6501],[104.4727,22.6512],[104.4734,22.654],[104.473,22.6562],[104.4703,22.6595],[104.4682,22.6642],[104.4673,22.6654],[104.467,22.669],[104.4635,22.6705],[104.4628,22.673],[104.4652,22.6765],[104.4663,22.6804],[104.4664,22.6841],[104.4656,22.6856],[104.4666,22.6897],[104.4702,22.6904],[104.4734,22.6895],[104.4758,22.6878],[104.4809,22.6898],[104.4857,22.693],[104.4894,22.6935],[104.4932,22.6926],[104.4959,22.6932],[104.4978,22.6955],[104.5015,22.6979],[104.502,22.6939],[104.5031,22.6916],[104.5044,22.6903],[104.5052,22.6879],[104.5064,22.6865],[104.5063,22.6854],[104.5074,22.6815],[104.5083,22.6812],[104.5091,22.6786],[104.5077,22.678],[104.5052,22.6789],[104.5055,22.6762],[104.5068,22.676],[104.5068,22.6732],[104.5087,22.6712],[104.5087,22.669],[104.5096,22.6656],[104.5115,22.6624],[104.5121,22.659],[104.5109,22.6556],[104.5097,22.6545],[104.5099,22.6521],[104.509,22.6505],[104.5101,22.6498],[104.5125,22.6496],[104.5173,22.6519],[104.5189,22.6533],[104.5209,22.6542],[104.5219,22.6553],[104.5241,22.6554],[104.5268,22.6541],[104.5277,22.6528],[104.5303,22.6515],[104.5322,22.6481],[104.5337,22.6467],[104.5368,22.6469],[104.5391,22.6463],[104.543,22.646],[104.5448,22.6452],[104.5468,22.6453],[104.5493,22.6446],[104.5529,22.6423],[104.5538,22.6408],[104.557,22.6383],[104.558,22.6336],[104.5575,22.6299],[104.558,22.6289],[104.558,22.624],[104.5586,22.6233],[104.5585,22.6182],[104.556,22.6143],[104.556,22.6126],[104.5478,22.6121],[104.5448,22.6093],[104.5432,22.6064],[104.5396,22.6024],[104.5396,22.6015],[104.535,22.6005],[104.532,22.5993],[104.5305,22.5994],[104.5264,22.5985],[104.5263,22.5966],[104.5228,22.5927],[104.5218,22.5909],[104.5203,22.5897],[104.5202,22.588],[104.5188,22.5878],[104.5166,22.5858],[104.5145,22.5825],[104.511,22.5792],[104.5119,22.5768],[104.5136,22.5753],[104.5138,22.5733],[104.5129,22.5711],[104.5109,22.571],[104.5079,22.5711],[104.507,22.5695],[104.5044,22.5689],[104.5008,22.5669],[104.4987,22.5679],[104.4969,22.568],[104.4955,22.5695],[104.4925,22.5694],[104.4909,22.5698],[104.4874,22.5699],[104.486,22.5703],[104.4809,22.5692],[104.476,22.5665],[104.4711,22.5663],[104.467,22.5652],[104.4641,22.5652],[104.4611,22.5668],[104.4598,22.5694],[104.4597,22.5718],[104.4607,22.5728],[104.4667,22.5744],[104.4647,22.5783],[104.4641,22.5836],[104.4628,22.5851],[104.4626,22.5882],[104.463,22.5899],[104.4623,22.5934],[104.4634,22.598],[104.4625,22.5998],[104.4589,22.604],[104.4593,22.6055]]]},"properties":{"name":"Nấm Dẩn","level":"ward"}},{"type":"Feature","geometry":{"type":"Polygon","coordinates":[[[104.592,22.6507],[104.5925,22.6484],[104.592,22.6468],[104.5932,22.6438],[104.5946,22.6419],[104.5938,22.639],[104.5936,22.6347],[104.5921,22.6336],[104.5934,22.6281],[104.5958,22.6259],[104.5988,22.6206],[104.601,22.619],[104.6016,22.6178],[104.601,22.6152],[104.6022,22.612],[104.6015,22.6105],[104.6032,22.6081],[104.6038,22.6049],[104.6061,22.6044],[104.6091,22.6029],[104.6139,22.6026],[104.6166,22.6012],[104.6184,22.5995],[104.6186,22.5984],[104.6211,22.5972],[104.6205,22.595],[104.6184,22.5918],[104.6195,22.5901],[104.6196,22.5885],[104.6183,22.5858],[104.6211,22.5828],[104.6214,22.5808],[104.623,22.5799],[104.6217,22.5749],[104.6217,22.5715],[104.6196,22.5704],[104.6202,22.561],[104.6182,22.5578],[104.6186,22.5531],[104.6203,22.5481],[104.6195,22.546],[104.6187,22.5439],[104.616,22.5414],[104.6126,22.5418],[104.6104,22.5415],[104.6058,22.5423],[104.6027,22.5415],[104.5988,22.5398],[104.5979,22.5361],[104.5966,22.5349],[104.5939,22.5337],[104.5926,22.5316],[104.5882,22.5317],[104.5864,22.5309],[104.5821,22.5318],[104.579,22.5318],[104.5773,22.5312],[104.5746,22.5316],[104.5717,22.5306],[104.5701,22.5309],[104.5678,22.529],[104.5648,22.5276],[104.5594,22.5287],[104.5585,22.5298],[104.5552,22.5316],[104.5532,22.5322],[104.5511,22.5304],[104.5495,22.5306],[104.5477,22.5317],[104.5459,22.5342],[104.5418,22.5375],[104.5389,22.5418],[104.5378,22.5456],[104.5343,22.5478],[104.5334,22.5456],[104.5331,22.5427],[104.5301,22.5402],[104.5293,22.5385],[104.5271,22.5367],[104.5242,22.538],[104.5202,22.5417],[104.5188,22.5435],[104.5171,22.5478],[104.5134,22.5536],[104.5131,22.5561],[104.514,22.5617],[104.5139,22.5659],[104.5131,22.5682],[104.5109,22.571],[104.5129,22.5711],[104.5138,22.5733],[104.5136,22.5753],[104.5119,22.5768],[104.511,22.5792],[104.5145,22.5825],[104.5166,22.5858],[104.5188,22.5878],[104.5202,22.588],[104.5203,22.5897],[104.5218,22.5909],[104.5228,22.5927],[104.5263,22.5966],[104.5264,22.5985],[104.5305,22.5994],[104.532,22.5993],[104.535,22.6005],[104.5396,22.6015],[104.5396,22.6024],[104.5432,22.6064],[104.5448,22.6093],[104.5478,22.6121],[104.556,22.6126],[104.556,22.6143],[104.5585,22.6182],[104.5586,22.6233],[104.558,22.624],[104.558,22.6289],[104.5575,22.6299],[104.558,22.6336],[104.557,22.6383],[104.5588,22.6397],[104.5632,22.6405],[104.5659,22.642],[104.5671,22.6419],[104.5684,22.6434],[104.5688,22.6461],[104.5719,22.6485],[104.573,22.6513],[104.5778,22.6514],[104.5802,22.6507],[104.5824,22.6493],[104.5855,22.6486],[104.587,22.65],[104.5909,22.6501],[104.592,22.6507]]]},"properties":{"name":"Quảng Nguyên","level":"ward"}},{"type":"Feature","geometry":{"type":"Polygon","coordinates":[[[104.4597,22.5718],[104.4598,22.5694],[104.4611,22.5668],[104.4641,22.5652],[104.467,22.5652],[104.4711,22.5663],[104.476,22.5665],[104.4809,22.5692],[104.486,22.5703],[104.4874,22.5699],[104.4909,22.5698],[104.4925,22.5694],[104.4955,22.5695],[104.4969,22.568],[104.4987,22.5679],[104.5008,22.5669],[104.5044,22.5689],[104.507,22.5695],[104.5079,22.5711],[104.5109,22.571],[104.5131,22.5682],[104.5139,22.5659],[104.514,22.5617],[104.5131,22.5561],[104.5134,22.5536],[104.5171,22.5478],[104.5188,22.5435],[104.5202,22.5417],[104.5242,22.538],[104.5271,22.5367],[104.5293,22.5385],[104.5301,22.5402],[104.5331,22.5427],[104.5334,22.5456],[104.5343,22.5478],[104.5378,22.5456],[104.5389,22.5418],[104.5418,22.5375],[104.5459,22.5342],[104.5477,22.5317],[104.5495,22.5306],[104.5511,22.5304],[104.5532,22.5322],[104.5552,22.5316],[104.5585,22.5298],[104.5594,22.5287],[104.5648,22.5276],[104.5678,22.529],[104.5701,22.5309],[104.5717,22.5306],[104.5746,22.5316],[104.5773,22.5312],[104.579,22.5318],[104.5821,22.5318],[104.5864,22.5309],[104.5882,22.5317],[104.5926,22.5316],[104.5924,22.5283],[104.5908,22.5259],[104.5879,22.523],[104.5857,22.5223],[104.5832,22.5204],[104.5831,22.5185],[104.5799,22.5184],[104.5752,22.5166],[104.5732,22.5133],[104.5732,22.5116],[104.572,22.5097],[104.569,22.5068],[104.5668,22.5058],[104.5651,22.5042],[104.5593,22.5017],[104.5572,22.5015],[104.5557,22.5025],[104.5542,22.5015],[104.5505,22.5006],[104.5494,22.4969],[104.5453,22.4938],[104.547,22.4908],[104.5437,22.4856],[104.5412,22.4835],[104.5428,22.4826],[104.5424,22.4811],[104.5399,22.4807],[104.54,22.4781],[104.5355,22.4762],[104.5318,22.4756],[104.5305,22.4763],[104.5268,22.4717],[104.5263,22.4704],[104.5221,22.4714],[104.5206,22.4702],[104.5205,22.4691],[104.5177,22.465],[104.5152,22.4649],[104.5123,22.4614],[104.5082,22.4628],[104.5044,22.4656],[104.5005,22.4651],[104.4972,22.4656],[104.4969,22.4683],[104.4958,22.4708],[104.4935,22.4717],[104.4907,22.472],[104.4876,22.4731],[104.4865,22.4748],[104.4806,22.4783],[104.478,22.479],[104.475,22.4809],[104.472,22.479],[104.4673,22.4767],[104.4641,22.4762],[104.4646,22.4771],[104.4677,22.4786],[104.4679,22.4796],[104.4725,22.4832],[104.4716,22.485],[104.4711,22.4882],[104.469,22.4903],[104.4672,22.4901],[104.4643,22.4912],[104.4624,22.4912],[104.4608,22.4938],[104.4572,22.4954],[104.4552,22.4947],[104.4525,22.496],[104.4516,22.4982],[104.4503,22.499],[104.4489,22.5014],[104.4451,22.5039],[104.4452,22.5054],[104.4465,22.5077],[104.4447,22.5097],[104.4451,22.5117],[104.4437,22.5147],[104.4421,22.5152],[104.4405,22.5168],[104.4389,22.5198],[104.4362,22.5203],[104.4346,22.523],[104.4319,22.5222],[104.4291,22.5234],[104.4216,22.5248],[104.4213,22.5266],[104.4201,22.5286],[104.418,22.5283],[104.4149,22.5305],[104.4146,22.5327],[104.4151,22.5351],[104.4168,22.5393],[104.4192,22.5408],[104.4199,22.5433],[104.4212,22.5441],[104.4233,22.5489],[104.4236,22.5511],[104.4222,22.5563],[104.4212,22.5571],[104.4217,22.5603],[104.4244,22.5638],[104.4249,22.5686],[104.4242,22.5722],[104.4252,22.5733],[104.4272,22.5734],[104.4289,22.5747],[104.4329,22.5758],[104.4351,22.5751],[104.4389,22.5755],[104.4407,22.5761],[104.4505,22.5755],[104.4508,22.5739],[104.4526,22.5718],[104.457,22.5732],[104.4597,22.5718]]]},"properties":{"name":"Khuôn Lùng","level":"ward"}},{"type":"Feature","geometry":{"type":"Polygon","coordinates":[[[104.7807,22.4647],[104.7843,22.4667],[104.789,22.47],[104.7914,22.4728],[104.7961,22.4708],[104.8007,22.4714],[104.8044,22.4722],[104.8104,22.4702],[104.8133,22.47],[104.8151,22.4693],[104.8196,22.4686],[104.822,22.4676],[104.8237,22.4677],[104.8253,22.4693],[104.8282,22.4711],[104.831,22.4737],[104.8343,22.4747],[104.8394,22.4782],[104.8399,22.4794],[104.8422,22.4801],[104.8476,22.4806],[104.8486,22.482],[104.8515,22.4816],[104.857,22.4801],[104.8629,22.4776],[104.8656,22.4788],[104.8674,22.4786],[104.8699,22.4775],[104.8718,22.478],[104.8731,22.4817],[104.8759,22.4799],[104.8746,22.4761],[104.8789,22.4767],[104.8807,22.476],[104.8832,22.4788],[104.8847,22.4828],[104.8833,22.4833],[104.883,22.4853],[104.8889,22.4839],[104.8916,22.4819],[104.8923,22.4794],[104.8938,22.4797],[104.8965,22.4781],[104.8982,22.4748],[104.8975,22.4712],[104.8984,22.4685],[104.8995,22.4669],[104.8981,22.4646],[104.8957,22.4621],[104.896,22.4588],[104.8956,22.4556],[104.8982,22.4543],[104.9037,22.45],[104.9063,22.4468],[104.9073,22.4461],[104.912,22.4448],[104.9155,22.444],[104.9168,22.4426],[104.916,22.4395],[104.918,22.4351],[104.9185,22.4324],[104.9166,22.4314],[104.9125,22.4315],[104.9069,22.4303],[104.9042,22.428],[104.903,22.4241],[104.9023,22.4233],[104.8989,22.4216],[104.8954,22.421],[104.894,22.4202],[104.893,22.4186],[104.893,22.4166],[104.8944,22.4151],[104.8973,22.416],[104.8997,22.4157],[104.9007,22.4143],[104.9013,22.4098],[104.9001,22.408],[104.8989,22.4017],[104.8984,22.3945],[104.8975,22.3931],[104.8954,22.3928],[104.8938,22.394],[104.8917,22.3946],[104.8892,22.3942],[104.8871,22.3928],[104.8866,22.3914],[104.8875,22.3889],[104.8896,22.3864],[104.89,22.3846],[104.8888,22.3804],[104.8891,22.3783],[104.8904,22.377],[104.8979,22.3763],[104.9027,22.3742],[104.904,22.3719],[104.9045,22.3671],[104.9039,22.3642],[104.9023,22.3629],[104.9029,22.3602],[104.9057,22.3594],[104.906,22.3565],[104.9039,22.3561],[104.9011,22.355],[104.9002,22.3536],[104.8978,22.3537],[104.894,22.3527],[104.8903,22.3494],[104.8871,22.3496],[104.8851,22.3505],[104.8815,22.3532],[104.8804,22.3534],[104.8796,22.3559],[104.8779,22.357],[104.8757,22.3568],[104.8753,22.3586],[104.8708,22.363],[104.8674,22.363],[104.8671,22.3645],[104.8647,22.3669],[104.8621,22.3674],[104.8596,22.3707],[104.8584,22.3702],[104.8564,22.3706],[104.8555,22.3718],[104.8524,22.3732],[104.8484,22.3731],[104.8462,22.374],[104.8457,22.3752],[104.8429,22.3762],[104.8421,22.3777],[104.8395,22.3803],[104.8354,22.3825],[104.8292,22.3849],[104.8267,22.3833],[104.8235,22.3851],[104.8227,22.3865],[104.8206,22.3868],[104.8199,22.3884],[104.8161,22.3898],[104.8147,22.3917],[104.8122,22.3919],[104.8067,22.3857],[104.8071,22.3841],[104.8049,22.3827],[104.8027,22.3865],[104.802,22.3869],[104.798,22.3923],[104.7948,22.3922],[104.7927,22.3932],[104.7886,22.3913],[104.7862,22.3929],[104.785,22.3902],[104.784,22.3896],[104.7818,22.3907],[104.7814,22.3929],[104.7802,22.3934],[104.7802,22.3961],[104.7791,22.3977],[104.7775,22.3977],[104.7759,22.4003],[104.7741,22.4021],[104.7756,22.4047],[104.7744,22.4063],[104.7717,22.406],[104.7688,22.4071],[104.7676,22.4068],[104.7661,22.4091],[104.7682,22.4113],[104.7665,22.4125],[104.7673,22.4148],[104.7662,22.4168],[104.7659,22.4212],[104.7685,22.4243],[104.7708,22.429],[104.7711,22.431],[104.7764,22.4347],[104.7777,22.4378],[104.7782,22.4409],[104.7783,22.4441],[104.7792,22.4454],[104.7823,22.4479],[104.7827,22.4509],[104.7819,22.4516],[104.7821,22.4543],[104.7815,22.4562],[104.7795,22.4592],[104.7796,22.4625],[104.7807,22.4647]]]},"properties":{"name":"Bắc Quang","level":"ward"}},{"type":"Feature","geometry":{"type":"Polygon","coordinates":[[[104.8981,22.3153],[104.9007,22.3158],[104.9026,22.3153],[104.9068,22.3131],[104.9093,22.3134],[104.9121,22.3115],[104.9135,22.3087],[104.9145,22.3075],[104.917,22.3061],[104.9182,22.3034],[104.9178,22.3018],[104.9154,22.2988],[104.9163,22.2959],[104.9211,22.2929],[104.9218,22.2899],[104.9194,22.2891],[104.916,22.2905],[104.9146,22.2905],[104.9123,22.2887],[104.9112,22.287],[104.911,22.2823],[104.9084,22.2806],[104.9065,22.276],[104.9049,22.2748],[104.9019,22.2751],[104.8991,22.2762],[104.897,22.2765],[104.895,22.2758],[104.8927,22.274],[104.8921,22.272],[104.8933,22.2698],[104.897,22.2676],[104.8998,22.2651],[104.9038,22.2621],[104.9074,22.2584],[104.908,22.2556],[104.9082,22.252],[104.9088,22.2509],[104.9119,22.2484],[104.916,22.2481],[104.9171,22.2461],[104.9183,22.2402],[104.917,22.2394],[104.9137,22.2385],[104.9122,22.2363],[104.9122,22.2307],[104.9114,22.2289],[104.9115,22.2266],[104.9137,22.226],[104.9118,22.2211],[104.9131,22.22],[104.914,22.218],[104.9138,22.2153],[104.9124,22.2141],[104.9116,22.2117],[104.9098,22.2113],[104.9075,22.2123],[104.9056,22.2139],[104.9032,22.2105],[104.9038,22.2066],[104.8993,22.2042],[104.8986,22.2023],[104.899,22.1997],[104.8971,22.1968],[104.8971,22.1952],[104.8955,22.1913],[104.8957,22.1894],[104.897,22.1867],[104.8937,22.1828],[104.8894,22.1861],[104.8862,22.1851],[104.8848,22.1865],[104.8823,22.1846],[104.8802,22.1862],[104.8782,22.1891],[104.8769,22.1898],[104.8768,22.192],[104.875,22.1939],[104.8745,22.1963],[104.8762,22.1971],[104.8764,22.1987],[104.8751,22.2011],[104.8721,22.201],[104.8712,22.2015],[104.8643,22.2024],[104.8631,22.1999],[104.8604,22.1972],[104.8563,22.1977],[104.8549,22.1933],[104.8551,22.1902],[104.8508,22.1863],[104.8487,22.1851],[104.8458,22.185],[104.8437,22.1828],[104.8405,22.1816],[104.8388,22.1797],[104.8359,22.18],[104.8346,22.1808],[104.832,22.179],[104.8296,22.1783],[104.8293,22.1799],[104.8267,22.1818],[104.825,22.1822],[104.8229,22.184],[104.8171,22.1858],[104.8156,22.1868],[104.8125,22.1926],[104.8103,22.1947],[104.8105,22.1978],[104.8126,22.1997],[104.8136,22.203],[104.8126,22.2056],[104.811,22.207],[104.8114,22.2086],[104.8101,22.2115],[104.8124,22.2153],[104.815,22.2168],[104.8186,22.2171],[104.8198,22.2177],[104.8213,22.2203],[104.8199,22.2232],[104.8205,22.2257],[104.8202,22.2268],[104.8211,22.2286],[104.8204,22.2307],[104.8208,22.2328],[104.823,22.2341],[104.8247,22.2336],[104.83,22.2394],[104.832,22.2399],[104.8316,22.2415],[104.8338,22.2428],[104.8359,22.2425],[104.8365,22.2437],[104.8396,22.2447],[104.8425,22.2447],[104.8432,22.2463],[104.8422,22.2501],[104.8395,22.254],[104.8398,22.2563],[104.8393,22.2578],[104.8374,22.2574],[104.8332,22.2579],[104.8324,22.2591],[104.8299,22.2582],[104.8272,22.2597],[104.8242,22.259],[104.8205,22.2613],[104.8183,22.2633],[104.8154,22.2645],[104.8157,22.2678],[104.8144,22.2707],[104.8176,22.2717],[104.8191,22.2751],[104.8192,22.2777],[104.8213,22.2779],[104.8237,22.2808],[104.8277,22.2811],[104.8305,22.2855],[104.8329,22.2859],[104.834,22.2875],[104.8362,22.2892],[104.84,22.2913],[104.8449,22.2912],[104.8467,22.2933],[104.8491,22.2939],[104.8499,22.295],[104.8458,22.2979],[104.8455,22.3003],[104.8491,22.3036],[104.85,22.3055],[104.852,22.3054],[104.8543,22.3067],[104.8575,22.3039],[104.8592,22.3054],[104.858,22.3086],[104.859,22.3096],[104.8585,22.3138],[104.8597,22.3163],[104.8618,22.3179],[104.8624,22.3221],[104.864,22.3235],[104.8652,22.3229],[104.8683,22.3228],[104.8728,22.3207],[104.8754,22.3199],[104.877,22.3174],[104.8759,22.3155],[104.8772,22.3128],[104.8777,22.3095],[104.8806,22.3069],[104.8831,22.3072],[104.8852,22.3067],[104.8881,22.3076],[104.8889,22.3085],[104.8912,22.3093],[104.894,22.3083],[104.8959,22.3092],[104.8958,22.3116],[104.8993,22.3139],[104.8981,22.3153]]]},"properties":{"name":"Vĩnh Tuy","level":"ward"}},{"type":"Feature","geometry":{"type":"Polygon","coordinates":[[[104.9323,22.5533],[104.9331,22.5525],[104.9392,22.5511],[104.9406,22.55],[104.944,22.55],[104.9451,22.549],[104.9483,22.5477],[104.9496,22.5465],[104.9527,22.5474],[104.9553,22.5448],[104.9549,22.5432],[104.953,22.5398],[104.9579,22.5384],[104.9581,22.5369],[104.9606,22.5358],[104.963,22.5355],[104.9654,22.5344],[104.9666,22.5311],[104.9696,22.5297],[104.9728,22.525],[104.9749,22.5244],[104.976,22.523],[104.9754,22.5214],[104.9782,22.52],[104.9822,22.522],[104.9834,22.5244],[104.9872,22.5218],[104.9881,22.5221],[104.991,22.5211],[104.9932,22.5241],[104.9976,22.5315],[104.9967,22.5361],[104.9951,22.536],[104.9941,22.5397],[104.9946,22.5419],[104.9947,22.5482],[104.9966,22.5491],[104.9976,22.5521],[105.0007,22.553],[105.0023,22.5552],[105.0031,22.5577],[105.0054,22.5585],[105.008,22.5567],[105.0096,22.5561],[105.0126,22.5574],[105.0174,22.562],[105.022,22.5625],[105.0232,22.5602],[105.0263,22.5606],[105.0325,22.5604],[105.0349,22.559],[105.0381,22.5579],[105.0387,22.5563],[105.0408,22.5548],[105.0436,22.5507],[105.0433,22.5484],[105.0443,22.5467],[105.047,22.5468],[105.0494,22.5446],[105.0515,22.5412],[105.0515,22.5389],[105.0522,22.5384],[105.0537,22.5356],[105.0532,22.5334],[105.0547,22.5326],[105.0581,22.5295],[105.0572,22.5277],[105.0588,22.5265],[105.0598,22.5212],[105.0578,22.5193],[105.0577,22.517],[105.0533,22.5157],[105.0518,22.5147],[105.0525,22.5128],[105.0546,22.5106],[105.0571,22.5106],[105.058,22.5096],[105.0619,22.5101],[105.0658,22.5094],[105.0666,22.5082],[105.0687,22.5075],[105.0691,22.5054],[105.0722,22.5044],[105.0726,22.5021],[105.0754,22.5006],[105.0796,22.5002],[105.0815,22.4985],[105.0813,22.4961],[105.0821,22.4942],[105.0819,22.4921],[105.0848,22.49],[105.0847,22.488],[105.0859,22.4859],[105.0878,22.4845],[105.0875,22.4822],[105.0818,22.4814],[105.0772,22.4793],[105.076,22.4784],[105.0751,22.4765],[105.0751,22.4738],[105.0742,22.4694],[105.0752,22.4675],[105.0731,22.4656],[105.0724,22.4641],[105.0701,22.4636],[105.0676,22.4612],[105.0667,22.4593],[105.0632,22.4569],[105.0613,22.4542],[105.0607,22.4507],[105.0614,22.449],[105.0587,22.4483],[105.0545,22.448],[105.0534,22.4474],[105.0518,22.4482],[105.0491,22.448],[105.0471,22.4461],[105.0464,22.444],[105.0436,22.4421],[105.0417,22.4417],[105.0402,22.4422],[105.0393,22.4436],[105.0369,22.4447],[105.0346,22.4467],[105.0344,22.449],[105.0316,22.4512],[105.0284,22.451],[105.025,22.4521],[105.0218,22.4545],[105.0175,22.4562],[105.0126,22.4573],[105.0105,22.4583],[105.0097,22.4628],[105.0081,22.4648],[105.0045,22.466],[105.0039,22.4676],[105.0013,22.4689],[105.0003,22.47],[105.0013,22.4718],[104.9988,22.4734],[104.9962,22.4734],[104.9955,22.4752],[104.9932,22.4759],[104.9919,22.4749],[104.9895,22.4761],[104.9881,22.4755],[104.9832,22.4757],[104.9831,22.4784],[104.9796,22.4831],[104.978,22.4831],[104.9767,22.481],[104.9739,22.4804],[104.967,22.4806],[104.9651,22.4781],[104.9611,22.4757],[104.9573,22.4748],[104.9556,22.4736],[104.9526,22.4739],[104.9483,22.4706],[104.9465,22.4681],[104.9426,22.4643],[104.942,22.4632],[104.9397,22.4638],[104.9331,22.467],[104.9314,22.4688],[104.9289,22.4643],[104.9259,22.4637],[104.924,22.4617],[104.9204,22.4593],[104.9192,22.4592],[104.9164,22.4579],[104.9144,22.4557],[104.9118,22.455],[104.9111,22.4529],[104.9122,22.4494],[104.912,22.4448],[104.9073,22.4461],[104.9063,22.4468],[104.9037,22.45],[104.8982,22.4543],[104.8956,22.4556],[104.896,22.4588],[104.8957,22.4621],[104.8981,22.4646],[104.8995,22.4669],[104.8984,22.4685],[104.8975,22.4712],[104.8982,22.4748],[104.8965,22.4781],[104.8938,22.4797],[104.8923,22.4794],[104.8916,22.4819],[104.8889,22.4839],[104.883,22.4853],[104.8835,22.4868],[104.8865,22.4875],[104.8877,22.4894],[104.8889,22.4926],[104.8914,22.4971],[104.8933,22.4987],[104.8939,22.5013],[104.8959,22.5057],[104.8995,22.5087],[104.9007,22.5122],[104.9032,22.5141],[104.904,22.5162],[104.9063,22.5181],[104.9099,22.5199],[104.9134,22.5243],[104.9147,22.5233],[104.916,22.5237],[104.9188,22.5263],[104.9186,22.5283],[104.9177,22.5293],[104.9174,22.5313],[104.9192,22.5354],[104.9214,22.5361],[104.9222,22.5389],[104.9225,22.542],[104.9239,22.5452],[104.9258,22.5472],[104.9282,22.548],[104.9292,22.551],[104.9306,22.5512],[104.9323,22.5533]]]},"properties":{"name":"Đồng Tâm","level":"ward"}},{"type":"Feature","geometry":{"type":"Polygon","coordinates":[[[104.7825,22.6222],[104.7847,22.6211],[104.7883,22.6213],[104.7922,22.62],[104.7969,22.6215],[104.8015,22.6211],[104.8024,22.6198],[104.8041,22.6196],[104.8064,22.6181],[104.8072,22.6127],[104.81,22.6117],[104.814,22.6115],[104.8149,22.6103],[104.8182,22.6102],[104.8205,22.6087],[104.823,22.6084],[104.8241,22.6073],[104.8265,22.6069],[104.8279,22.604],[104.8322,22.6039],[104.8338,22.6044],[104.8395,22.6024],[104.8429,22.5982],[104.8445,22.5952],[104.8473,22.5942],[104.8497,22.5916],[104.8537,22.5923],[104.8582,22.5926],[104.8596,22.5918],[104.8661,22.591],[104.8679,22.5924],[104.8695,22.5926],[104.8707,22.5941],[104.8738,22.5943],[104.8758,22.592],[104.8784,22.5918],[104.8792,22.5899],[104.8796,22.5863],[104.8803,22.5834],[104.8823,22.5828],[104.8867,22.5807],[104.8877,22.5793],[104.8899,22.5782],[104.8922,22.5783],[104.8932,22.5794],[104.8962,22.5805],[104.8997,22.5842],[104.9003,22.588],[104.9018,22.5903],[104.9049,22.5931],[104.9081,22.597],[104.9063,22.6011],[104.9073,22.6027],[104.91,22.602],[104.9114,22.601],[104.9118,22.5981],[104.9105,22.5947],[104.9164,22.5953],[104.9178,22.5964],[104.9194,22.5995],[104.9257,22.5939],[104.9266,22.5922],[104.9282,22.5927],[104.9314,22.5909],[104.9347,22.5928],[104.9373,22.5934],[104.9392,22.5928],[104.9405,22.5912],[104.9419,22.5907],[104.9392,22.5875],[104.9373,22.5846],[104.9364,22.5822],[104.9342,22.5789],[104.9332,22.5746],[104.9309,22.572],[104.9286,22.5685],[104.9258,22.5634],[104.927,22.5629],[104.9267,22.5613],[104.9273,22.5594],[104.9293,22.5576],[104.9296,22.5558],[104.9309,22.5555],[104.9323,22.5533],[104.9306,22.5512],[104.9292,22.551],[104.9282,22.548],[104.9258,22.5472],[104.9239,22.5452],[104.9225,22.542],[104.9222,22.5389],[104.9214,22.5361],[104.9192,22.5354],[104.9174,22.5313],[104.9177,22.5293],[104.9186,22.5283],[104.9188,22.5263],[104.916,22.5237],[104.9147,22.5233],[104.9134,22.5243],[104.9099,22.5199],[104.9063,22.5181],[104.904,22.5162],[104.9032,22.5141],[104.9007,22.5122],[104.8995,22.5087],[104.8959,22.5057],[104.8939,22.5013],[104.8933,22.4987],[104.8914,22.4971],[104.8889,22.4926],[104.8877,22.4894],[104.8865,22.4875],[104.8835,22.4868],[104.883,22.4853],[104.8833,22.4833],[104.8847,22.4828],[104.8832,22.4788],[104.8807,22.476],[104.8789,22.4767],[104.8746,22.4761],[104.8759,22.4799],[104.8731,22.4817],[104.8718,22.478],[104.8699,22.4775],[104.8674,22.4786],[104.8656,22.4788],[104.8629,22.4776],[104.857,22.4801],[104.8515,22.4816],[104.8486,22.482],[104.8476,22.4806],[104.8422,22.4801],[104.8399,22.4794],[104.8394,22.4782],[104.8343,22.4747],[104.831,22.4737],[104.8282,22.4711],[104.8253,22.4693],[104.8237,22.4677],[104.822,22.4676],[104.8196,22.4686],[104.8151,22.4693],[104.8133,22.47],[104.8104,22.4702],[104.8044,22.4722],[104.8007,22.4714],[104.7961,22.4708],[104.7914,22.4728],[104.7918,22.4763],[104.793,22.4801],[104.793,22.484],[104.7908,22.4853],[104.7878,22.486],[104.7869,22.4879],[104.7835,22.4902],[104.7823,22.4902],[104.7827,22.4933],[104.7818,22.4961],[104.782,22.4996],[104.7812,22.5015],[104.78,22.5024],[104.7791,22.5044],[104.7802,22.5067],[104.7789,22.5093],[104.7808,22.5106],[104.782,22.5126],[104.7808,22.5155],[104.7815,22.518],[104.7804,22.5193],[104.7814,22.5216],[104.783,22.5235],[104.7844,22.5277],[104.7837,22.5304],[104.7826,22.5314],[104.7822,22.5334],[104.7811,22.5349],[104.7837,22.5375],[104.7844,22.5399],[104.7863,22.5407],[104.7906,22.5407],[104.7915,22.544],[104.792,22.5485],[104.7907,22.5515],[104.7949,22.5514],[104.7966,22.5518],[104.7988,22.5539],[104.8004,22.5563],[104.8019,22.5586],[104.8032,22.5593],[104.805,22.5619],[104.8045,22.5632],[104.8056,22.5664],[104.8074,22.5678],[104.8093,22.5683],[104.81,22.5717],[104.8087,22.5742],[104.8055,22.5759],[104.8043,22.5771],[104.8023,22.5804],[104.8024,22.5838],[104.8016,22.5859],[104.7976,22.5882],[104.7966,22.5884],[104.7947,22.5905],[104.7931,22.5913],[104.7933,22.5926],[104.7925,22.5961],[104.7927,22.5979],[104.7918,22.5998],[104.7918,22.6043],[104.7897,22.6064],[104.7904,22.609],[104.7879,22.6126],[104.7856,22.6141],[104.7857,22.6175],[104.7844,22.6178],[104.7825,22.6222]]]},"properties":{"name":"Tân Quang","level":"ward"}},{"type":"Feature","geometry":{"type":"Polygon","coordinates":[[[104.9002,22.3536],[104.9011,22.355],[104.9039,22.3561],[104.906,22.3565],[104.9057,22.3594],[104.9029,22.3602],[104.9023,22.3629],[104.9039,22.3642],[104.9045,22.3671],[104.904,22.3719],[104.9027,22.3742],[104.8979,22.3763],[104.8904,22.377],[104.8891,22.3783],[104.8888,22.3804],[104.89,22.3846],[104.8896,22.3864],[104.8875,22.3889],[104.8866,22.3914],[104.8871,22.3928],[104.8892,22.3942],[104.8917,22.3946],[104.8938,22.394],[104.8954,22.3928],[104.8975,22.3931],[104.8984,22.3945],[104.8989,22.4017],[104.9001,22.408],[104.9013,22.4098],[104.9007,22.4143],[104.8997,22.4157],[104.8973,22.416],[104.8944,22.4151],[104.893,22.4166],[104.893,22.4186],[104.894,22.4202],[104.8954,22.421],[104.8989,22.4216],[104.9023,22.4233],[104.903,22.4241],[104.9042,22.428],[104.9069,22.4303],[104.9125,22.4315],[104.9166,22.4314],[104.9185,22.4324],[104.918,22.4351],[104.916,22.4395],[104.9168,22.4426],[104.9155,22.444],[104.912,22.4448],[104.9122,22.4494],[104.9111,22.4529],[104.9118,22.455],[104.9144,22.4557],[104.9164,22.4579],[104.9192,22.4592],[104.9204,22.4593],[104.924,22.4617],[104.9259,22.4637],[104.9289,22.4643],[104.9314,22.4688],[104.9331,22.467],[104.9397,22.4638],[104.942,22.4632],[104.9426,22.4643],[104.9465,22.4681],[104.9483,22.4706],[104.9526,22.4739],[104.9556,22.4736],[104.9573,22.4748],[104.9611,22.4757],[104.9651,22.4781],[104.967,22.4806],[104.9739,22.4804],[104.9767,22.481],[104.978,22.4831],[104.9796,22.4831],[104.9831,22.4784],[104.9832,22.4757],[104.9881,22.4755],[104.9895,22.4761],[104.9919,22.4749],[104.9932,22.4759],[104.9955,22.4752],[104.9962,22.4734],[104.9988,22.4734],[105.0013,22.4718],[105.0003,22.47],[105.0013,22.4689],[105.0039,22.4676],[105.0045,22.466],[105.0081,22.4648],[105.0097,22.4628],[105.0105,22.4583],[105.0126,22.4573],[105.0175,22.4562],[105.0218,22.4545],[105.025,22.4521],[105.0284,22.451],[105.0316,22.4512],[105.0344,22.449],[105.0346,22.4467],[105.0369,22.4447],[105.0325,22.442],[105.0299,22.4396],[105.0295,22.4387],[105.0263,22.4369],[105.0252,22.4348],[105.0201,22.4326],[105.0191,22.4286],[105.0181,22.4267],[105.0184,22.425],[105.0147,22.423],[105.0184,22.4207],[105.0199,22.4193],[105.0235,22.4188],[105.0235,22.4166],[105.022,22.4156],[105.0203,22.4158],[105.0153,22.4118],[105.0135,22.4115],[105.0117,22.4096],[105.0094,22.4089],[105.0077,22.4096],[105.0048,22.4087],[105.0025,22.4097],[105.002,22.4082],[105.0026,22.4065],[105.0026,22.4036],[105.0018,22.4023],[104.9987,22.4009],[104.9973,22.3996],[104.995,22.4],[104.9944,22.4016],[104.9923,22.4031],[104.9911,22.4021],[104.9865,22.4023],[104.9842,22.4008],[104.9835,22.3979],[104.9863,22.3886],[104.9842,22.3854],[104.9825,22.3835],[104.9812,22.3795],[104.979,22.3797],[104.9776,22.3789],[104.9771,22.3744],[104.9787,22.3714],[104.9777,22.3686],[104.9778,22.367],[104.9763,22.3655],[104.9754,22.3622],[104.9775,22.3596],[104.977,22.3566],[104.9775,22.3549],[104.9765,22.3516],[104.9748,22.3502],[104.9719,22.3493],[104.9706,22.3481],[104.9688,22.348],[104.9689,22.3436],[104.9684,22.3401],[104.97,22.3401],[104.9741,22.3378],[104.9756,22.3357],[104.9741,22.3326],[104.9739,22.3304],[104.9773,22.3255],[104.9727,22.3201],[104.9703,22.319],[104.967,22.3192],[104.9644,22.318],[104.96,22.3191],[104.9581,22.3181],[104.9555,22.3204],[104.9493,22.3206],[104.9472,22.3231],[104.9457,22.3235],[104.9444,22.326],[104.943,22.3269],[104.9409,22.33],[104.9392,22.3339],[104.9374,22.335],[104.9344,22.3342],[104.9346,22.3327],[104.9314,22.3319],[104.928,22.3336],[104.9256,22.3325],[104.9231,22.3331],[104.9207,22.3329],[104.9187,22.3335],[104.9178,22.3349],[104.9153,22.336],[104.9147,22.3385],[104.9129,22.3393],[104.9111,22.3418],[104.9112,22.3452],[104.9095,22.3479],[104.9081,22.3491],[104.9038,22.3494],[104.8999,22.3502],[104.9002,22.3536]]]},"properties":{"name":"Bằng Hành","level":"ward"}},{"type":"Feature","geometry":{"type":"Polygon","coordinates":[[[105.0878,22.4845],[105.0905,22.4857],[105.0928,22.486],[105.094,22.4873],[105.0954,22.4872],[105.097,22.4884],[105.1003,22.4888],[105.1055,22.4885],[105.1074,22.4908],[105.1087,22.4901],[105.1114,22.4861],[105.113,22.4844],[105.1122,22.4832],[105.1114,22.4777],[105.11,22.4747],[105.1099,22.4736],[105.1116,22.4712],[105.1111,22.4647],[105.115,22.4624],[105.117,22.4605],[105.1177,22.46],[105.1177,22.4556],[105.1159,22.4539],[105.1126,22.4522],[105.1085,22.4509],[105.1064,22.4507],[105.1015,22.4459],[105.1007,22.4448],[105.0969,22.4443],[105.0904,22.4403],[105.0886,22.4403],[105.087,22.4388],[105.0878,22.4363],[105.0901,22.4331],[105.0917,22.433],[105.0944,22.4311],[105.0963,22.4289],[105.0975,22.4241],[105.1,22.4214],[105.0996,22.4186],[105.101,22.4144],[105.0992,22.4127],[105.0982,22.4083],[105.0965,22.4058],[105.0967,22.404],[105.0934,22.4019],[105.0912,22.396],[105.0898,22.3944],[105.0846,22.3951],[105.0812,22.3968],[105.0798,22.3956],[105.0774,22.396],[105.0756,22.3942],[105.0729,22.3946],[105.0696,22.3929],[105.0716,22.3912],[105.0721,22.389],[105.0733,22.3874],[105.0728,22.384],[105.0732,22.3817],[105.0755,22.3796],[105.0756,22.3774],[105.0783,22.3755],[105.0787,22.3732],[105.0803,22.3733],[105.0823,22.3703],[105.0825,22.3683],[105.0848,22.3645],[105.087,22.3628],[105.0875,22.3597],[105.086,22.3587],[105.0854,22.3568],[105.0833,22.3538],[105.0814,22.3525],[105.079,22.3524],[105.0764,22.3523],[105.0734,22.3542],[105.072,22.3532],[105.0654,22.3558],[105.0637,22.3558],[105.0603,22.3569],[105.0572,22.3574],[105.0554,22.3564],[105.0466,22.3573],[105.0412,22.3519],[105.0461,22.3485],[105.0476,22.3458],[105.0489,22.3449],[105.0504,22.34],[105.0502,22.3381],[105.0518,22.3358],[105.0543,22.3363],[105.0587,22.3337],[105.0604,22.3311],[105.0619,22.3302],[105.06,22.329],[105.0611,22.3264],[105.0595,22.3246],[105.0588,22.3208],[105.0598,22.3192],[105.06,22.3162],[105.0588,22.3135],[105.0536,22.3129],[105.0509,22.314],[105.0455,22.3126],[105.0448,22.3111],[105.0456,22.3081],[105.0436,22.3066],[105.0468,22.3052],[105.0496,22.3029],[105.0501,22.3007],[105.0492,22.2998],[105.0496,22.2938],[105.0484,22.2913],[105.0488,22.289],[105.048,22.2877],[105.048,22.2849],[105.0467,22.2818],[105.0427,22.281],[105.0422,22.2835],[105.0412,22.2842],[105.0369,22.2855],[105.0339,22.2844],[105.032,22.2826],[105.0298,22.2825],[105.0269,22.2791],[105.0255,22.279],[105.0215,22.2764],[105.0189,22.2727],[105.0193,22.2718],[105.0175,22.2704],[105.0149,22.2667],[105.0133,22.2673],[105.0122,22.2693],[105.01,22.2679],[105.0093,22.2707],[105.007,22.2721],[105.0078,22.2731],[105.0084,22.2762],[105.007,22.2785],[105.0072,22.2811],[105.0048,22.2821],[105.0036,22.2833],[105.0038,22.2847],[105.0056,22.2855],[105.0066,22.2891],[105.0059,22.2911],[105.0072,22.2934],[105.0078,22.2954],[105.0052,22.2989],[105.0005,22.2999],[104.9989,22.3014],[104.9962,22.3017],[104.9961,22.3054],[104.994,22.3079],[104.9948,22.3105],[104.994,22.3121],[104.9937,22.3148],[104.9917,22.3162],[104.9881,22.3168],[104.9878,22.3182],[104.9846,22.321],[104.9842,22.3236],[104.9828,22.3244],[104.9773,22.3255],[104.9739,22.3304],[104.9741,22.3326],[104.9756,22.3357],[104.9741,22.3378],[104.97,22.3401],[104.9684,22.3401],[104.9689,22.3436],[104.9688,22.348],[104.9706,22.3481],[104.9719,22.3493],[104.9748,22.3502],[104.9765,22.3516],[104.9775,22.3549],[104.977,22.3566],[104.9775,22.3596],[104.9754,22.3622],[104.9763,22.3655],[104.9778,22.367],[104.9777,22.3686],[104.9787,22.3714],[104.9771,22.3744],[104.9776,22.3789],[104.979,22.3797],[104.9812,22.3795],[104.9825,22.3835],[104.9842,22.3854],[104.9863,22.3886],[104.9835,22.3979],[104.9842,22.4008],[104.9865,22.4023],[104.9911,22.4021],[104.9923,22.4031],[104.9944,22.4016],[104.995,22.4],[104.9973,22.3996],[104.9987,22.4009],[105.0018,22.4023],[105.0026,22.4036],[105.0026,22.4065],[105.002,22.4082],[105.0025,22.4097],[105.0048,22.4087],[105.0077,22.4096],[105.0094,22.4089],[105.0117,22.4096],[105.0135,22.4115],[105.0153,22.4118],[105.0203,22.4158],[105.022,22.4156],[105.0235,22.4166],[105.0235,22.4188],[105.0199,22.4193],[105.0184,22.4207],[105.0147,22.423],[105.0184,22.425],[105.0181,22.4267],[105.0191,22.4286],[105.0201,22.4326],[105.0252,22.4348],[105.0263,22.4369],[105.0295,22.4387],[105.0299,22.4396],[105.0325,22.442],[105.0369,22.4447],[105.0393,22.4436],[105.0402,22.4422],[105.0417,22.4417],[105.0436,22.4421],[105.0464,22.444],[105.0471,22.4461],[105.0491,22.448],[105.0518,22.4482],[105.0534,22.4474],[105.0545,22.448],[105.0587,22.4483],[105.0614,22.449],[105.0607,22.4507],[105.0613,22.4542],[105.0632,22.4569],[105.0667,22.4593],[105.0676,22.4612],[105.0701,22.4636],[105.0724,22.4641],[105.0731,22.4656],[105.0752,22.4675],[105.0742,22.4694],[105.0751,22.4738],[105.0751,22.4765],[105.076,22.4784],[105.0772,22.4793],[105.0818,22.4814],[105.0875,22.4822],[105.0878,22.4845]]]},"properties":{"name":"Liên Hiệp","level":"ward"}},{"type":"Feature","geometry":{"type":"Polygon","coordinates":[[[104.7818,22.3907],[104.784,22.3896],[104.785,22.3902],[104.7862,22.3929],[104.7886,22.3913],[104.7927,22.3932],[104.7948,22.3922],[104.798,22.3923],[104.802,22.3869],[104.8027,22.3865],[104.8049,22.3827],[104.8071,22.3841],[104.8067,22.3857],[104.8122,22.3919],[104.8147,22.3917],[104.8161,22.3898],[104.8199,22.3884],[104.8206,22.3868],[104.8227,22.3865],[104.8235,22.3851],[104.8267,22.3833],[104.8292,22.3849],[104.8354,22.3825],[104.8395,22.3803],[104.8421,22.3777],[104.8429,22.3762],[104.8457,22.3752],[104.8462,22.374],[104.8484,22.3731],[104.8524,22.3732],[104.8555,22.3718],[104.8564,22.3706],[104.8584,22.3702],[104.8596,22.3707],[104.8621,22.3674],[104.8647,22.3669],[104.8671,22.3645],[104.8674,22.363],[104.8708,22.363],[104.8753,22.3586],[104.8757,22.3568],[104.8779,22.357],[104.8796,22.3559],[104.8804,22.3534],[104.8815,22.3532],[104.8851,22.3505],[104.8871,22.3496],[104.8903,22.3494],[104.894,22.3527],[104.8978,22.3537],[104.9002,22.3536],[104.8999,22.3502],[104.9006,22.3469],[104.9003,22.3434],[104.8991,22.3415],[104.8967,22.3394],[104.8964,22.3361],[104.8976,22.3312],[104.8974,22.3299],[104.8955,22.3274],[104.8928,22.3259],[104.8917,22.3235],[104.8961,22.3193],[104.8968,22.3163],[104.8981,22.3153],[104.8993,22.3139],[104.8958,22.3116],[104.8959,22.3092],[104.894,22.3083],[104.8912,22.3093],[104.8889,22.3085],[104.8881,22.3076],[104.8852,22.3067],[104.8831,22.3072],[104.8806,22.3069],[104.8777,22.3095],[104.8772,22.3128],[104.8759,22.3155],[104.877,22.3174],[104.8754,22.3199],[104.8728,22.3207],[104.8683,22.3228],[104.8652,22.3229],[104.864,22.3235],[104.8624,22.3221],[104.8618,22.3179],[104.8597,22.3163],[104.8585,22.3138],[104.859,22.3096],[104.858,22.3086],[104.8592,22.3054],[104.8575,22.3039],[104.8543,22.3067],[104.852,22.3054],[104.85,22.3055],[104.8491,22.3036],[104.8455,22.3003],[104.8458,22.2979],[104.8499,22.295],[104.8491,22.2939],[104.8467,22.2933],[104.8449,22.2912],[104.84,22.2913],[104.8362,22.2892],[104.834,22.2875],[104.8329,22.2859],[104.8305,22.2855],[104.8277,22.2811],[104.8237,22.2808],[104.8213,22.2779],[104.8192,22.2777],[104.8191,22.2751],[104.8176,22.2717],[104.8144,22.2707],[104.81,22.2718],[104.8093,22.2735],[104.8049,22.2747],[104.8032,22.2742],[104.8016,22.2762],[104.7983,22.2768],[104.7955,22.2753],[104.7916,22.2756],[104.7897,22.2747],[104.7861,22.2746],[104.7845,22.2734],[104.7816,22.2732],[104.7779,22.2744],[104.7765,22.2754],[104.775,22.2752],[104.7719,22.2774],[104.7706,22.2797],[104.7708,22.281],[104.7722,22.2839],[104.7743,22.2866],[104.7739,22.289],[104.7746,22.2896],[104.7757,22.2941],[104.7771,22.2954],[104.777,22.2977],[104.7761,22.2985],[104.7746,22.3033],[104.7736,22.3048],[104.7751,22.3061],[104.7772,22.3067],[104.7781,22.3081],[104.7806,22.3099],[104.7786,22.3122],[104.7785,22.3136],[104.7794,22.3161],[104.7794,22.3195],[104.7786,22.3201],[104.7779,22.3236],[104.7768,22.3251],[104.7792,22.3261],[104.781,22.3293],[104.7811,22.3306],[104.7826,22.3318],[104.7843,22.3321],[104.7867,22.3339],[104.7854,22.337],[104.7867,22.3381],[104.7899,22.3373],[104.7914,22.3383],[104.7903,22.3402],[104.7887,22.3415],[104.7884,22.3466],[104.7874,22.3498],[104.7879,22.3519],[104.786,22.3542],[104.7846,22.3543],[104.7808,22.3533],[104.7793,22.3513],[104.7772,22.352],[104.773,22.3578],[104.7694,22.3582],[104.7667,22.3571],[104.7649,22.3558],[104.7628,22.3554],[104.7593,22.3565],[104.7557,22.358],[104.7541,22.3595],[104.754,22.3606],[104.7547,22.3637],[104.7589,22.3647],[104.7599,22.3661],[104.7604,22.3709],[104.7616,22.3719],[104.7632,22.3713],[104.7643,22.3725],[104.7619,22.3745],[104.758,22.3757],[104.7546,22.3775],[104.7511,22.3774],[104.7488,22.3791],[104.7518,22.3791],[104.7527,22.3797],[104.7554,22.3784],[104.7583,22.3808],[104.7607,22.3815],[104.7627,22.3814],[104.7644,22.384],[104.7693,22.3842],[104.7704,22.3894],[104.7718,22.3919],[104.7726,22.3918],[104.7746,22.3867],[104.7764,22.3877],[104.7796,22.3886],[104.7818,22.3907]]]},"properties":{"name":"Hùng An","level":"ward"}},{"type":"Feature","geometry":{"type":"Polygon","coordinates":[[[104.8144,22.2707],[104.8157,22.2678],[104.8154,22.2645],[104.8183,22.2633],[104.8205,22.2613],[104.8242,22.259],[104.8272,22.2597],[104.8299,22.2582],[104.8324,22.2591],[104.8332,22.2579],[104.8374,22.2574],[104.8393,22.2578],[104.8398,22.2563],[104.8395,22.254],[104.8422,22.2501],[104.8432,22.2463],[104.8425,22.2447],[104.8396,22.2447],[104.8365,22.2437],[104.8359,22.2425],[104.8338,22.2428],[104.8316,22.2415],[104.832,22.2399],[104.83,22.2394],[104.8247,22.2336],[104.823,22.2341],[104.8208,22.2328],[104.8204,22.2307],[104.8211,22.2286],[104.8202,22.2268],[104.8205,22.2257],[104.8199,22.2232],[104.8213,22.2203],[104.8198,22.2177],[104.8186,22.2171],[104.815,22.2168],[104.8124,22.2153],[104.8101,22.2115],[104.8114,22.2086],[104.811,22.207],[104.8126,22.2056],[104.8136,22.203],[104.8126,22.1997],[104.8105,22.1978],[104.8103,22.1947],[104.8125,22.1926],[104.8156,22.1868],[104.8171,22.1858],[104.8188,22.1841],[104.8192,22.1808],[104.8183,22.1788],[104.8143,22.1768],[104.8139,22.1755],[104.8111,22.174],[104.8081,22.1733],[104.8071,22.1719],[104.8047,22.1715],[104.8014,22.1716],[104.7998,22.17],[104.7964,22.1716],[104.794,22.1711],[104.7919,22.1739],[104.7892,22.1745],[104.7874,22.1727],[104.7844,22.1725],[104.7797,22.1707],[104.7788,22.173],[104.7773,22.1744],[104.7754,22.1736],[104.7727,22.1733],[104.7707,22.1714],[104.7688,22.172],[104.7651,22.1716],[104.7641,22.1708],[104.7635,22.1686],[104.7624,22.1681],[104.761,22.1695],[104.7609,22.1714],[104.7593,22.1731],[104.7579,22.1732],[104.7563,22.1746],[104.754,22.1777],[104.7546,22.1795],[104.7579,22.1796],[104.7567,22.1817],[104.7562,22.1841],[104.7551,22.1856],[104.7491,22.1858],[104.7467,22.1869],[104.7429,22.1854],[104.741,22.1856],[104.7393,22.1877],[104.7384,22.1926],[104.7353,22.1947],[104.7337,22.1963],[104.7307,22.1963],[104.7274,22.1968],[104.724,22.1987],[104.7232,22.2028],[104.7242,22.2039],[104.7231,22.2051],[104.7237,22.2079],[104.7266,22.2085],[104.7288,22.2075],[104.7319,22.2091],[104.7346,22.2082],[104.7402,22.2078],[104.7415,22.2058],[104.7447,22.2027],[104.7471,22.2014],[104.7505,22.2016],[104.7515,22.2026],[104.7558,22.2036],[104.7594,22.2049],[104.7608,22.2066],[104.7636,22.2117],[104.7662,22.2124],[104.7685,22.2161],[104.7686,22.2191],[104.7674,22.2224],[104.7662,22.2236],[104.7647,22.2291],[104.7616,22.2338],[104.7619,22.2374],[104.7579,22.2401],[104.7561,22.242],[104.7583,22.2458],[104.7626,22.2523],[104.757,22.2574],[104.753,22.2606],[104.7527,22.2623],[104.7511,22.2632],[104.7493,22.2665],[104.7461,22.268],[104.7446,22.2681],[104.7413,22.2697],[104.7413,22.2724],[104.7435,22.2734],[104.7456,22.2737],[104.7462,22.2751],[104.7501,22.2751],[104.7517,22.2789],[104.7533,22.2795],[104.7558,22.2775],[104.7573,22.2777],[104.7606,22.2756],[104.7631,22.2765],[104.7656,22.2755],[104.7678,22.2785],[104.7679,22.2796],[104.7706,22.2797],[104.7719,22.2774],[104.775,22.2752],[104.7765,22.2754],[104.7779,22.2744],[104.7816,22.2732],[104.7845,22.2734],[104.7861,22.2746],[104.7897,22.2747],[104.7916,22.2756],[104.7955,22.2753],[104.7983,22.2768],[104.8016,22.2762],[104.8032,22.2742],[104.8049,22.2747],[104.8093,22.2735],[104.81,22.2718],[104.8144,22.2707]]]},"properties":{"name":"Đồng Yên","level":"ward"}},{"type":"Feature","geometry":{"type":"Polygon","coordinates":[[[104.6195,22.546],[104.6206,22.5453],[104.6249,22.5442],[104.6274,22.542],[104.6302,22.5419],[104.6328,22.5392],[104.6352,22.538],[104.6388,22.5382],[104.6407,22.538],[104.6441,22.5393],[104.6483,22.5402],[104.6507,22.5424],[104.6516,22.544],[104.6559,22.5454],[104.6586,22.5473],[104.6616,22.5477],[104.6619,22.5489],[104.668,22.5472],[104.6696,22.5471],[104.6709,22.545],[104.6753,22.5416],[104.676,22.5402],[104.6793,22.5418],[104.6798,22.5428],[104.6836,22.5432],[104.6853,22.5444],[104.6901,22.5441],[104.6933,22.5442],[104.6937,22.5424],[104.6962,22.5413],[104.7004,22.5443],[104.7054,22.5389],[104.708,22.5392],[104.7116,22.5362],[104.716,22.5336],[104.7156,22.5322],[104.7136,22.529],[104.7144,22.5247],[104.7154,22.523],[104.7154,22.5214],[104.7169,22.5207],[104.7183,22.5188],[104.7219,22.5178],[104.7228,22.5162],[104.7221,22.5147],[104.7247,22.5107],[104.724,22.5082],[104.7247,22.5063],[104.7243,22.5046],[104.7278,22.499],[104.7278,22.4957],[104.7313,22.4924],[104.733,22.4897],[104.7362,22.4886],[104.7345,22.4842],[104.7345,22.4821],[104.7336,22.4796],[104.7349,22.4749],[104.7349,22.4716],[104.7318,22.4692],[104.7302,22.4656],[104.7263,22.4625],[104.7243,22.4589],[104.7222,22.4616],[104.7222,22.4639],[104.7215,22.4682],[104.7207,22.4703],[104.719,22.4723],[104.7179,22.4759],[104.7192,22.4788],[104.7188,22.4809],[104.7157,22.4814],[104.7151,22.4806],[104.7115,22.4801],[104.7096,22.4791],[104.7031,22.4795],[104.7013,22.4788],[104.6967,22.4795],[104.696,22.4777],[104.6931,22.4749],[104.691,22.474],[104.6877,22.4745],[104.6862,22.4742],[104.6838,22.4722],[104.6814,22.4693],[104.6788,22.4673],[104.6805,22.4641],[104.6818,22.4631],[104.6804,22.4604],[104.6721,22.4581],[104.6681,22.4554],[104.6658,22.4554],[104.6647,22.4547],[104.664,22.4528],[104.6581,22.4482],[104.6564,22.4481],[104.6559,22.4466],[104.6521,22.4445],[104.651,22.4447],[104.6508,22.4423],[104.6516,22.4405],[104.6515,22.4366],[104.6483,22.4334],[104.6456,22.4356],[104.6447,22.4378],[104.6432,22.4364],[104.6419,22.4337],[104.642,22.4311],[104.6387,22.4298],[104.6366,22.4324],[104.6347,22.4331],[104.6309,22.4337],[104.6236,22.4329],[104.6182,22.4338],[104.6154,22.4327],[104.6134,22.4344],[104.6119,22.4312],[104.6089,22.4315],[104.6083,22.4329],[104.6091,22.4346],[104.6067,22.4362],[104.6045,22.4356],[104.6036,22.4385],[104.6054,22.4411],[104.6048,22.4444],[104.6038,22.4463],[104.6053,22.4492],[104.6085,22.4524],[104.6105,22.453],[104.6123,22.4528],[104.6159,22.4534],[104.6216,22.4562],[104.6227,22.4596],[104.6244,22.4614],[104.632,22.4657],[104.634,22.4661],[104.6356,22.4677],[104.6396,22.4694],[104.6405,22.4722],[104.6416,22.4731],[104.6418,22.475],[104.6406,22.4785],[104.6432,22.4817],[104.6435,22.4842],[104.6434,22.4893],[104.6429,22.4932],[104.6451,22.496],[104.6441,22.504],[104.6429,22.5077],[104.6413,22.5094],[104.6411,22.5118],[104.6417,22.5142],[104.6399,22.5194],[104.6378,22.5204],[104.6377,22.5223],[104.6352,22.5227],[104.6325,22.5241],[104.6302,22.5261],[104.629,22.5298],[104.6265,22.5316],[104.6263,22.5335],[104.6251,22.5349],[104.6206,22.5365],[104.6177,22.5383],[104.6177,22.5396],[104.616,22.5414],[104.6187,22.5439],[104.6195,22.546]]]},"properties":{"name":"Tiên Nguyên","level":"ward"}},{"type":"Feature","geometry":{"type":"Polygon","coordinates":[[[104.4641,22.4762],[104.4673,22.4767],[104.472,22.479],[104.475,22.4809],[104.478,22.479],[104.4806,22.4783],[104.4865,22.4748],[104.4876,22.4731],[104.4907,22.472],[104.4935,22.4717],[104.4958,22.4708],[104.4969,22.4683],[104.4972,22.4656],[104.5005,22.4651],[104.5044,22.4656],[104.5082,22.4628],[104.5123,22.4614],[104.5152,22.4649],[104.5177,22.465],[104.5205,22.4691],[104.5206,22.4702],[104.5221,22.4714],[104.5263,22.4704],[104.5267,22.4693],[104.5261,22.4654],[104.5263,22.464],[104.5294,22.463],[104.5313,22.4637],[104.5369,22.4634],[104.5381,22.4612],[104.5406,22.4607],[104.5419,22.461],[104.5427,22.4588],[104.5425,22.4566],[104.5438,22.4522],[104.5458,22.452],[104.5463,22.4509],[104.5514,22.4488],[104.5529,22.4455],[104.5543,22.4454],[104.5558,22.4439],[104.5572,22.4443],[104.5587,22.4429],[104.5626,22.4429],[104.566,22.4415],[104.5628,22.4348],[104.5657,22.435],[104.5673,22.4343],[104.5716,22.4349],[104.575,22.4334],[104.576,22.4322],[104.5757,22.429],[104.5761,22.4253],[104.5748,22.4233],[104.5755,22.4196],[104.5739,22.4186],[104.5702,22.4178],[104.5679,22.4168],[104.5657,22.4166],[104.5654,22.4103],[104.5658,22.4084],[104.565,22.4075],[104.5647,22.4039],[104.5637,22.4017],[104.5612,22.3997],[104.5615,22.3984],[104.5593,22.3961],[104.5587,22.3947],[104.5599,22.3935],[104.5605,22.3915],[104.5585,22.3907],[104.5578,22.389],[104.5566,22.388],[104.5562,22.3848],[104.553,22.3827],[104.5521,22.3815],[104.5491,22.3812],[104.546,22.3818],[104.5439,22.3833],[104.5414,22.3837],[104.5387,22.385],[104.5366,22.3868],[104.5317,22.3884],[104.5291,22.3906],[104.5282,22.392],[104.5251,22.3917],[104.5226,22.3938],[104.5212,22.3959],[104.5179,22.3966],[104.5136,22.3985],[104.5115,22.4013],[104.5086,22.4034],[104.5077,22.4052],[104.5038,22.4045],[104.499,22.4051],[104.4974,22.4047],[104.4941,22.4092],[104.4919,22.411],[104.4904,22.4132],[104.4903,22.4145],[104.4914,22.4164],[104.4908,22.4196],[104.4881,22.4198],[104.4869,22.4207],[104.4832,22.4212],[104.481,22.4206],[104.4784,22.4207],[104.4767,22.4215],[104.4759,22.4229],[104.474,22.4225],[104.467,22.4242],[104.4662,22.4252],[104.4647,22.4307],[104.4632,22.4324],[104.4619,22.4349],[104.4583,22.4366],[104.4555,22.4402],[104.4549,22.442],[104.4533,22.4433],[104.4519,22.446],[104.4501,22.4478],[104.4491,22.4497],[104.4498,22.4511],[104.4491,22.4545],[104.4484,22.4553],[104.4488,22.4612],[104.4503,22.4627],[104.4563,22.4643],[104.4566,22.466],[104.4605,22.4702],[104.4636,22.4719],[104.4642,22.4731],[104.4641,22.4762]]]},"properties":{"name":"Yên Thành","level":"ward"}},{"type":"Feature","geometry":{"type":"Polygon","coordinates":[[[104.5926,22.5316],[104.5939,22.5337],[104.5966,22.5349],[104.5979,22.5361],[104.5988,22.5398],[104.6027,22.5415],[104.6058,22.5423],[104.6104,22.5415],[104.6126,22.5418],[104.616,22.5414],[104.6177,22.5396],[104.6177,22.5383],[104.6206,22.5365],[104.6251,22.5349],[104.6263,22.5335],[104.6265,22.5316],[104.629,22.5298],[104.6302,22.5261],[104.6325,22.5241],[104.6352,22.5227],[104.6377,22.5223],[104.6378,22.5204],[104.6399,22.5194],[104.6417,22.5142],[104.6411,22.5118],[104.6413,22.5094],[104.6429,22.5077],[104.6441,22.504],[104.6451,22.496],[104.6429,22.4932],[104.6434,22.4893],[104.6435,22.4842],[104.6432,22.4817],[104.6406,22.4785],[104.6418,22.475],[104.6416,22.4731],[104.6405,22.4722],[104.6396,22.4694],[104.6356,22.4677],[104.634,22.4661],[104.632,22.4657],[104.6244,22.4614],[104.6227,22.4596],[104.6216,22.4562],[104.6159,22.4534],[104.6123,22.4528],[104.6105,22.453],[104.6085,22.4524],[104.6053,22.4492],[104.6038,22.4463],[104.6048,22.4444],[104.6054,22.4411],[104.6036,22.4385],[104.6045,22.4356],[104.6067,22.4362],[104.6091,22.4346],[104.6083,22.4329],[104.6089,22.4315],[104.6119,22.4312],[104.6134,22.4344],[104.6154,22.4327],[104.6182,22.4338],[104.6236,22.4329],[104.6309,22.4337],[104.6347,22.4331],[104.6366,22.4324],[104.6387,22.4298],[104.642,22.4311],[104.6454,22.4298],[104.6464,22.4283],[104.6502,22.4254],[104.6518,22.4227],[104.6538,22.42],[104.6559,22.4185],[104.6551,22.4172],[104.6518,22.4156],[104.6496,22.413],[104.65,22.4097],[104.6487,22.407],[104.6468,22.4065],[104.6465,22.4032],[104.646,22.4024],[104.6469,22.4005],[104.6458,22.3984],[104.6443,22.3983],[104.6412,22.4003],[104.6403,22.4019],[104.6359,22.4069],[104.6323,22.408],[104.6277,22.4117],[104.6253,22.4131],[104.6213,22.4127],[104.619,22.4098],[104.6186,22.407],[104.6162,22.4063],[104.612,22.4042],[104.6102,22.405],[104.608,22.402],[104.6062,22.4014],[104.6052,22.3988],[104.6027,22.3987],[104.6054,22.3949],[104.6051,22.3931],[104.6034,22.3911],[104.6031,22.3899],[104.6007,22.3896],[104.6004,22.3886],[104.5974,22.386],[104.5943,22.3855],[104.5887,22.3835],[104.585,22.3843],[104.582,22.3845],[104.5765,22.3825],[104.5748,22.3805],[104.5755,22.3782],[104.5734,22.3775],[104.5734,22.3747],[104.5725,22.3717],[104.5724,22.3674],[104.5718,22.3661],[104.5734,22.3641],[104.5746,22.3617],[104.5707,22.3574],[104.5693,22.3554],[104.5672,22.3556],[104.5647,22.3539],[104.5617,22.3549],[104.5575,22.355],[104.5553,22.3534],[104.5533,22.3538],[104.5523,22.3554],[104.5487,22.3572],[104.5467,22.3609],[104.5501,22.3669],[104.5534,22.3706],[104.5537,22.3725],[104.5521,22.376],[104.5497,22.3783],[104.5521,22.3815],[104.553,22.3827],[104.5562,22.3848],[104.5566,22.388],[104.5578,22.389],[104.5585,22.3907],[104.5605,22.3915],[104.5599,22.3935],[104.5587,22.3947],[104.5593,22.3961],[104.5615,22.3984],[104.5612,22.3997],[104.5637,22.4017],[104.5647,22.4039],[104.565,22.4075],[104.5658,22.4084],[104.5654,22.4103],[104.5657,22.4166],[104.5679,22.4168],[104.5702,22.4178],[104.5739,22.4186],[104.5755,22.4196],[104.5748,22.4233],[104.5761,22.4253],[104.5757,22.429],[104.576,22.4322],[104.575,22.4334],[104.5716,22.4349],[104.5673,22.4343],[104.5657,22.435],[104.5628,22.4348],[104.566,22.4415],[104.5626,22.4429],[104.5587,22.4429],[104.5572,22.4443],[104.5558,22.4439],[104.5543,22.4454],[104.5529,22.4455],[104.5514,22.4488],[104.5463,22.4509],[104.5458,22.452],[104.5438,22.4522],[104.5425,22.4566],[104.5427,22.4588],[104.5419,22.461],[104.5406,22.4607],[104.5381,22.4612],[104.5369,22.4634],[104.5313,22.4637],[104.5294,22.463],[104.5263,22.464],[104.5261,22.4654],[104.5267,22.4693],[104.5263,22.4704],[104.5268,22.4717],[104.5305,22.4763],[104.5318,22.4756],[104.5355,22.4762],[104.54,22.4781],[104.5399,22.4807],[104.5424,22.4811],[104.5428,22.4826],[104.5412,22.4835],[104.5437,22.4856],[104.547,22.4908],[104.5453,22.4938],[104.5494,22.4969],[104.5505,22.5006],[104.5542,22.5015],[104.5557,22.5025],[104.5572,22.5015],[104.5593,22.5017],[104.5651,22.5042],[104.5668,22.5058],[104.569,22.5068],[104.572,22.5097],[104.5732,22.5116],[104.5732,22.5133],[104.5752,22.5166],[104.5799,22.5184],[104.5831,22.5185],[104.5832,22.5204],[104.5857,22.5223],[104.5879,22.523],[104.5908,22.5259],[104.5924,22.5283],[104.5926,22.5316]]]},"properties":{"name":"Quang Bình","level":"ward"}},{"type":"Feature","geometry":{"type":"Polygon","coordinates":[[[104.7243,22.4589],[104.724,22.4573],[104.7254,22.4541],[104.7249,22.4495],[104.7253,22.4481],[104.7271,22.4466],[104.7288,22.4431],[104.734,22.4411],[104.7359,22.4391],[104.738,22.4386],[104.7398,22.4393],[104.7428,22.4421],[104.7455,22.4462],[104.7472,22.4472],[104.7483,22.4499],[104.7537,22.4541],[104.7606,22.4565],[104.7635,22.4588],[104.7656,22.4588],[104.7685,22.4603],[104.7706,22.4607],[104.7793,22.4634],[104.7807,22.4647],[104.7796,22.4625],[104.7795,22.4592],[104.7815,22.4562],[104.7821,22.4543],[104.7819,22.4516],[104.7827,22.4509],[104.7823,22.4479],[104.7792,22.4454],[104.7783,22.4441],[104.7782,22.4409],[104.7777,22.4378],[104.7764,22.4347],[104.7711,22.431],[104.7708,22.429],[104.7685,22.4243],[104.7659,22.4212],[104.7662,22.4168],[104.7673,22.4148],[104.7665,22.4125],[104.7682,22.4113],[104.7661,22.4091],[104.7676,22.4068],[104.7688,22.4071],[104.7717,22.406],[104.7744,22.4063],[104.7756,22.4047],[104.7741,22.4021],[104.7759,22.4003],[104.7775,22.3977],[104.7791,22.3977],[104.7802,22.3961],[104.7802,22.3934],[104.7814,22.3929],[104.7818,22.3907],[104.7796,22.3886],[104.7764,22.3877],[104.7746,22.3867],[104.7726,22.3918],[104.7718,22.3919],[104.7704,22.3894],[104.7693,22.3842],[104.7644,22.384],[104.7627,22.3814],[104.7607,22.3815],[104.7583,22.3808],[104.7554,22.3784],[104.7527,22.3797],[104.7518,22.3791],[104.7488,22.3791],[104.7483,22.377],[104.7458,22.3767],[104.7416,22.3772],[104.74,22.376],[104.7378,22.3764],[104.7368,22.3759],[104.7342,22.3764],[104.7294,22.3762],[104.7244,22.3726],[104.7232,22.371],[104.7203,22.37],[104.7168,22.3726],[104.7123,22.3714],[104.7102,22.3738],[104.708,22.3749],[104.7082,22.3763],[104.7066,22.3769],[104.7043,22.3788],[104.7041,22.3796],[104.6985,22.3795],[104.6962,22.3803],[104.6949,22.38],[104.6906,22.3811],[104.6892,22.38],[104.6868,22.3807],[104.6841,22.38],[104.6798,22.3803],[104.6768,22.3821],[104.6744,22.3825],[104.6693,22.3839],[104.6685,22.3837],[104.6665,22.386],[104.665,22.387],[104.6611,22.3885],[104.6581,22.3878],[104.6564,22.3906],[104.6551,22.3914],[104.6526,22.3891],[104.6489,22.3903],[104.6469,22.3916],[104.6445,22.3941],[104.6449,22.3978],[104.6458,22.3984],[104.6469,22.4005],[104.646,22.4024],[104.6465,22.4032],[104.6468,22.4065],[104.6487,22.407],[104.65,22.4097],[104.6496,22.413],[104.6518,22.4156],[104.6551,22.4172],[104.6559,22.4185],[104.6538,22.42],[104.6518,22.4227],[104.6502,22.4254],[104.6464,22.4283],[104.6454,22.4298],[104.642,22.4311],[104.6419,22.4337],[104.6432,22.4364],[104.6447,22.4378],[104.6456,22.4356],[104.6483,22.4334],[104.6515,22.4366],[104.6516,22.4405],[104.6508,22.4423],[104.651,22.4447],[104.6521,22.4445],[104.6559,22.4466],[104.6564,22.4481],[104.6581,22.4482],[104.664,22.4528],[104.6647,22.4547],[104.6658,22.4554],[104.6681,22.4554],[104.6721,22.4581],[104.6804,22.4604],[104.6818,22.4631],[104.6805,22.4641],[104.6788,22.4673],[104.6814,22.4693],[104.6838,22.4722],[104.6862,22.4742],[104.6877,22.4745],[104.691,22.474],[104.6931,22.4749],[104.696,22.4777],[104.6967,22.4795],[104.7013,22.4788],[104.7031,22.4795],[104.7096,22.4791],[104.7115,22.4801],[104.7151,22.4806],[104.7157,22.4814],[104.7188,22.4809],[104.7192,22.4788],[104.7179,22.4759],[104.719,22.4723],[104.7207,22.4703],[104.7215,22.4682],[104.7222,22.4639],[104.7222,22.4616],[104.7243,22.4589]]]},"properties":{"name":"Tân Trịnh","level":"ward"}},{"type":"Feature","geometry":{"type":"Polygon","coordinates":[[[104.7488,22.3791],[104.7511,22.3774],[104.7546,22.3775],[104.758,22.3757],[104.7619,22.3745],[104.7643,22.3725],[104.7632,22.3713],[104.7616,22.3719],[104.7604,22.3709],[104.7599,22.3661],[104.7589,22.3647],[104.7547,22.3637],[104.754,22.3606],[104.7525,22.3607],[104.7506,22.3591],[104.749,22.355],[104.7469,22.3527],[104.7453,22.3516],[104.7438,22.3483],[104.7412,22.3459],[104.74,22.3439],[104.7407,22.3413],[104.738,22.3393],[104.7378,22.3374],[104.7352,22.3354],[104.7341,22.3328],[104.735,22.327],[104.7366,22.3255],[104.7364,22.3198],[104.7373,22.3184],[104.7371,22.3156],[104.7355,22.3162],[104.7338,22.3151],[104.7321,22.313],[104.7301,22.3139],[104.726,22.3126],[104.7247,22.3117],[104.7214,22.3129],[104.7196,22.3128],[104.7178,22.3154],[104.7146,22.3145],[104.712,22.3124],[104.7113,22.3099],[104.7104,22.3101],[104.7079,22.3134],[104.7095,22.3147],[104.7086,22.3159],[104.7096,22.318],[104.7095,22.3197],[104.7075,22.3208],[104.7069,22.3222],[104.7076,22.3247],[104.7065,22.3262],[104.7065,22.3282],[104.7052,22.3292],[104.7004,22.3293],[104.6983,22.33],[104.6972,22.3288],[104.6962,22.3311],[104.6948,22.3322],[104.6934,22.3317],[104.6915,22.3334],[104.6897,22.3334],[104.6869,22.3313],[104.6838,22.3307],[104.6825,22.3324],[104.6776,22.3329],[104.6751,22.3313],[104.6731,22.3317],[104.6726,22.3298],[104.6704,22.3313],[104.6671,22.3321],[104.6672,22.3334],[104.6636,22.335],[104.6615,22.3341],[104.6578,22.3351],[104.6565,22.3348],[104.6549,22.3364],[104.6522,22.3362],[104.6516,22.3402],[104.6529,22.3416],[104.6516,22.3436],[104.6498,22.3444],[104.6482,22.3459],[104.6511,22.3477],[104.6532,22.3532],[104.6523,22.3549],[104.6508,22.3551],[104.6456,22.3528],[104.6428,22.3533],[104.6407,22.35],[104.6409,22.348],[104.6396,22.347],[104.6382,22.3447],[104.6337,22.3415],[104.6305,22.3431],[104.6296,22.3413],[104.6258,22.3385],[104.624,22.3353],[104.6172,22.3359],[104.6161,22.3357],[104.6141,22.3335],[104.613,22.3302],[104.611,22.3298],[104.6088,22.3286],[104.6064,22.3281],[104.6035,22.3251],[104.6011,22.326],[104.5984,22.3255],[104.5974,22.3267],[104.5951,22.3279],[104.5936,22.3267],[104.5929,22.3246],[104.5927,22.3216],[104.5914,22.3203],[104.5917,22.3191],[104.5907,22.317],[104.589,22.3173],[104.5863,22.3166],[104.583,22.3166],[104.5811,22.3156],[104.5791,22.3132],[104.5786,22.3157],[104.5768,22.3161],[104.5735,22.3196],[104.5724,22.3218],[104.5724,22.3244],[104.5686,22.3282],[104.5649,22.3303],[104.5646,22.3315],[104.5658,22.3333],[104.5675,22.3344],[104.5688,22.3361],[104.5721,22.3388],[104.5731,22.3425],[104.5771,22.3425],[104.5787,22.3433],[104.5811,22.3459],[104.5797,22.3501],[104.5772,22.3514],[104.5752,22.3537],[104.5726,22.3537],[104.5693,22.3554],[104.5707,22.3574],[104.5746,22.3617],[104.5734,22.3641],[104.5718,22.3661],[104.5724,22.3674],[104.5725,22.3717],[104.5734,22.3747],[104.5734,22.3775],[104.5755,22.3782],[104.5748,22.3805],[104.5765,22.3825],[104.582,22.3845],[104.585,22.3843],[104.5887,22.3835],[104.5943,22.3855],[104.5974,22.386],[104.6004,22.3886],[104.6007,22.3896],[104.6031,22.3899],[104.6034,22.3911],[104.6051,22.3931],[104.6054,22.3949],[104.6027,22.3987],[104.6052,22.3988],[104.6062,22.4014],[104.608,22.402],[104.6102,22.405],[104.612,22.4042],[104.6162,22.4063],[104.6186,22.407],[104.619,22.4098],[104.6213,22.4127],[104.6253,22.4131],[104.6277,22.4117],[104.6323,22.408],[104.6359,22.4069],[104.6403,22.4019],[104.6412,22.4003],[104.6443,22.3983],[104.6458,22.3984],[104.6449,22.3978],[104.6445,22.3941],[104.6469,22.3916],[104.6489,22.3903],[104.6526,22.3891],[104.6551,22.3914],[104.6564,22.3906],[104.6581,22.3878],[104.6611,22.3885],[104.665,22.387],[104.6665,22.386],[104.6685,22.3837],[104.6693,22.3839],[104.6744,22.3825],[104.6768,22.3821],[104.6798,22.3803],[104.6841,22.38],[104.6868,22.3807],[104.6892,22.38],[104.6906,22.3811],[104.6949,22.38],[104.6962,22.3803],[104.6985,22.3795],[104.7041,22.3796],[104.7043,22.3788],[104.7066,22.3769],[104.7082,22.3763],[104.708,22.3749],[104.7102,22.3738],[104.7123,22.3714],[104.7168,22.3726],[104.7203,22.37],[104.7232,22.371],[104.7244,22.3726],[104.7294,22.3762],[104.7342,22.3764],[104.7368,22.3759],[104.7378,22.3764],[104.74,22.376],[104.7416,22.3772],[104.7458,22.3767],[104.7483,22.377],[104.7488,22.3791]]]},"properties":{"name":"Bằng Lang","level":"ward"}},{"type":"Feature","geometry":{"type":"Polygon","coordinates":[[[104.5791,22.3132],[104.5811,22.3156],[104.583,22.3166],[104.5863,22.3166],[104.589,22.3173],[104.5907,22.317],[104.5917,22.3191],[104.5914,22.3203],[104.5927,22.3216],[104.5929,22.3246],[104.5936,22.3267],[104.5951,22.3279],[104.5974,22.3267],[104.5984,22.3255],[104.6011,22.326],[104.6035,22.3251],[104.6064,22.3281],[104.6088,22.3286],[104.611,22.3298],[104.613,22.3302],[104.6141,22.3335],[104.6161,22.3357],[104.6172,22.3359],[104.624,22.3353],[104.6258,22.3385],[104.6296,22.3413],[104.6305,22.3431],[104.6337,22.3415],[104.6382,22.3447],[104.6396,22.347],[104.6409,22.348],[104.6407,22.35],[104.6428,22.3533],[104.6456,22.3528],[104.6508,22.3551],[104.6523,22.3549],[104.6532,22.3532],[104.6511,22.3477],[104.6482,22.3459],[104.6498,22.3444],[104.6516,22.3436],[104.6529,22.3416],[104.6516,22.3402],[104.6522,22.3362],[104.6549,22.3364],[104.6565,22.3348],[104.6578,22.3351],[104.6615,22.3341],[104.6636,22.335],[104.6672,22.3334],[104.6671,22.3321],[104.6704,22.3313],[104.6726,22.3298],[104.6731,22.3317],[104.6751,22.3313],[104.6776,22.3329],[104.6825,22.3324],[104.6838,22.3307],[104.6869,22.3313],[104.6897,22.3334],[104.6915,22.3334],[104.6934,22.3317],[104.6948,22.3322],[104.6962,22.3311],[104.6972,22.3288],[104.6983,22.33],[104.7004,22.3293],[104.7052,22.3292],[104.7065,22.3282],[104.7065,22.3262],[104.7076,22.3247],[104.7069,22.3222],[104.7075,22.3208],[104.7095,22.3197],[104.7096,22.318],[104.7086,22.3159],[104.7095,22.3147],[104.7079,22.3134],[104.7104,22.3101],[104.7113,22.3099],[104.712,22.3124],[104.7146,22.3145],[104.7178,22.3154],[104.7196,22.3128],[104.7179,22.3097],[104.7178,22.3068],[104.7147,22.3044],[104.7104,22.3047],[104.7097,22.3063],[104.7084,22.3066],[104.7066,22.3081],[104.7047,22.3073],[104.7009,22.3089],[104.6995,22.311],[104.6955,22.312],[104.6938,22.3135],[104.6918,22.3132],[104.6907,22.3121],[104.6893,22.3067],[104.6873,22.3058],[104.6847,22.3055],[104.6839,22.3041],[104.6823,22.304],[104.6789,22.3026],[104.6769,22.3008],[104.6767,22.2996],[104.6721,22.2973],[104.6699,22.2972],[104.6714,22.2954],[104.6708,22.294],[104.6699,22.2862],[104.6685,22.2836],[104.6699,22.2792],[104.67,22.2768],[104.6663,22.2766],[104.6643,22.2735],[104.6608,22.2731],[104.6565,22.2751],[104.6547,22.2775],[104.6527,22.2776],[104.6509,22.2802],[104.6451,22.2797],[104.6419,22.2764],[104.6401,22.278],[104.6386,22.2781],[104.6375,22.2806],[104.6329,22.2835],[104.6319,22.2837],[104.6287,22.2872],[104.6239,22.288],[104.6203,22.287],[104.6174,22.2866],[104.6164,22.287],[104.6147,22.29],[104.6127,22.2912],[104.611,22.2913],[104.6092,22.2927],[104.6068,22.2922],[104.6061,22.2908],[104.6036,22.2882],[104.6022,22.2859],[104.6021,22.2847],[104.6007,22.2831],[104.6006,22.281],[104.599,22.2802],[104.5979,22.2774],[104.5962,22.2767],[104.594,22.2713],[104.5912,22.2708],[104.5891,22.2691],[104.5877,22.266],[104.5857,22.264],[104.5854,22.2605],[104.5865,22.2583],[104.5865,22.2531],[104.585,22.251],[104.5794,22.2521],[104.5758,22.2497],[104.5753,22.2461],[104.573,22.244],[104.5692,22.2449],[104.5626,22.2436],[104.5597,22.2419],[104.5572,22.2413],[104.554,22.2412],[104.5512,22.2425],[104.5506,22.2454],[104.5488,22.2502],[104.5486,22.2535],[104.548,22.2565],[104.5461,22.2585],[104.5468,22.2628],[104.5466,22.2648],[104.5448,22.27],[104.5451,22.274],[104.5444,22.2774],[104.5467,22.2781],[104.5483,22.2793],[104.5493,22.2814],[104.5513,22.2831],[104.5542,22.2842],[104.5588,22.2834],[104.5609,22.2843],[104.5612,22.2858],[104.5631,22.2868],[104.5635,22.288],[104.5655,22.2895],[104.5654,22.2922],[104.5695,22.2974],[104.5731,22.2994],[104.5761,22.3004],[104.5789,22.3032],[104.5797,22.3049],[104.5793,22.3072],[104.5796,22.3113],[104.5791,22.3132]]]},"properties":{"name":"Xuân Giang","level":"ward"}},{"type":"Feature","geometry":{"type":"Polygon","coordinates":[[[104.754,22.3606],[104.7541,22.3595],[104.7557,22.358],[104.7593,22.3565],[104.7628,22.3554],[104.7649,22.3558],[104.7667,22.3571],[104.7694,22.3582],[104.773,22.3578],[104.7772,22.352],[104.7793,22.3513],[104.7808,22.3533],[104.7846,22.3543],[104.786,22.3542],[104.7879,22.3519],[104.7874,22.3498],[104.7884,22.3466],[104.7887,22.3415],[104.7903,22.3402],[104.7914,22.3383],[104.7899,22.3373],[104.7867,22.3381],[104.7854,22.337],[104.7867,22.3339],[104.7843,22.3321],[104.7826,22.3318],[104.7811,22.3306],[104.781,22.3293],[104.7792,22.3261],[104.7768,22.3251],[104.7779,22.3236],[104.7786,22.3201],[104.7794,22.3195],[104.7794,22.3161],[104.7785,22.3136],[104.7786,22.3122],[104.7806,22.3099],[104.7781,22.3081],[104.7772,22.3067],[104.7751,22.3061],[104.7736,22.3048],[104.7746,22.3033],[104.7761,22.2985],[104.777,22.2977],[104.7771,22.2954],[104.7757,22.2941],[104.7746,22.2896],[104.7739,22.289],[104.7743,22.2866],[104.7722,22.2839],[104.7708,22.281],[104.7706,22.2797],[104.7679,22.2796],[104.7678,22.2785],[104.7656,22.2755],[104.7631,22.2765],[104.7606,22.2756],[104.7573,22.2777],[104.7558,22.2775],[104.7533,22.2795],[104.7517,22.2789],[104.7501,22.2751],[104.7462,22.2751],[104.7456,22.2737],[104.7435,22.2734],[104.7413,22.2724],[104.7413,22.2697],[104.7446,22.2681],[104.7461,22.268],[104.7493,22.2665],[104.7511,22.2632],[104.7527,22.2623],[104.753,22.2606],[104.757,22.2574],[104.7626,22.2523],[104.7583,22.2458],[104.7561,22.242],[104.7579,22.2401],[104.7619,22.2374],[104.7616,22.2338],[104.7647,22.2291],[104.7662,22.2236],[104.7674,22.2224],[104.7686,22.2191],[104.7685,22.2161],[104.7662,22.2124],[104.7636,22.2117],[104.7608,22.2066],[104.7594,22.2049],[104.7558,22.2036],[104.7515,22.2026],[104.7505,22.2016],[104.7471,22.2014],[104.7447,22.2027],[104.7415,22.2058],[104.7402,22.2078],[104.7346,22.2082],[104.7319,22.2091],[104.7288,22.2075],[104.7266,22.2085],[104.7237,22.2079],[104.7228,22.2101],[104.7199,22.2153],[104.723,22.218],[104.7243,22.22],[104.7261,22.2209],[104.7294,22.225],[104.7296,22.226],[104.7287,22.2304],[104.7289,22.2332],[104.7296,22.2337],[104.732,22.2319],[104.7333,22.2337],[104.7314,22.2362],[104.729,22.2381],[104.7293,22.24],[104.7287,22.2425],[104.7278,22.2436],[104.7278,22.2456],[104.7234,22.246],[104.7232,22.2483],[104.7223,22.2513],[104.7227,22.2533],[104.7236,22.254],[104.7233,22.2558],[104.7218,22.2579],[104.7196,22.2581],[104.7172,22.261],[104.714,22.2618],[104.7083,22.2612],[104.7058,22.2613],[104.7045,22.2641],[104.7017,22.2636],[104.6995,22.2639],[104.6956,22.2624],[104.6917,22.2628],[104.6908,22.2617],[104.6871,22.2612],[104.6842,22.2618],[104.6788,22.2644],[104.6765,22.2649],[104.6764,22.2678],[104.6743,22.2703],[104.6742,22.2723],[104.6716,22.2733],[104.67,22.2768],[104.6699,22.2792],[104.6685,22.2836],[104.6699,22.2862],[104.6708,22.294],[104.6714,22.2954],[104.6699,22.2972],[104.6721,22.2973],[104.6767,22.2996],[104.6769,22.3008],[104.6789,22.3026],[104.6823,22.304],[104.6839,22.3041],[104.6847,22.3055],[104.6873,22.3058],[104.6893,22.3067],[104.6907,22.3121],[104.6918,22.3132],[104.6938,22.3135],[104.6955,22.312],[104.6995,22.311],[104.7009,22.3089],[104.7047,22.3073],[104.7066,22.3081],[104.7084,22.3066],[104.7097,22.3063],[104.7104,22.3047],[104.7147,22.3044],[104.7178,22.3068],[104.7179,22.3097],[104.7196,22.3128],[104.7214,22.3129],[104.7247,22.3117],[104.726,22.3126],[104.7301,22.3139],[104.7321,22.313],[104.7338,22.3151],[104.7355,22.3162],[104.7371,22.3156],[104.7373,22.3184],[104.7364,22.3198],[104.7366,22.3255],[104.735,22.327],[104.7341,22.3328],[104.7352,22.3354],[104.7378,22.3374],[104.738,22.3393],[104.7407,22.3413],[104.74,22.3439],[104.7412,22.3459],[104.7438,22.3483],[104.7453,22.3516],[104.7469,22.3527],[104.749,22.355],[104.7506,22.3591],[104.7525,22.3607],[104.754,22.3606]]]},"properties":{"name":"Tiên Yên","level":"ward"}},{"type":"Feature","geometry":{"type":"Polygon","coordinates":[[[105.2192,21.8167],[105.2196,21.8174],[105.2243,21.824],[105.2246,21.8262],[105.2234,21.8297],[105.2209,21.8305],[105.217,21.8308],[105.2142,21.8318],[105.2023,21.8382],[105.1983,21.841],[105.1947,21.8429],[105.1911,21.8451],[105.1884,21.8479],[105.1877,21.8491],[105.1871,21.8524],[105.1902,21.8508],[105.1919,21.8491],[105.1944,21.8508],[105.1947,21.8528],[105.1988,21.8523],[105.2016,21.8538],[105.203,21.8577],[105.2041,21.8594],[105.2071,21.8597],[105.2082,21.8582],[105.2122,21.8594],[105.212,21.861],[105.2128,21.863],[105.2141,21.8644],[105.2168,21.8649],[105.2198,21.8624],[105.2207,21.8603],[105.2232,21.8594],[105.2247,21.8581],[105.2261,21.8555],[105.2274,21.8568],[105.2271,21.8581],[105.2281,21.8607],[105.2311,21.8613],[105.2339,21.8607],[105.235,21.8589],[105.238,21.858],[105.2406,21.8583],[105.2436,21.8561],[105.2436,21.852],[105.2441,21.8506],[105.2465,21.8507],[105.2482,21.853],[105.2496,21.8527],[105.2535,21.8539],[105.2552,21.8553],[105.2574,21.8555],[105.259,21.8536],[105.2592,21.8521],[105.2628,21.8505],[105.2632,21.8495],[105.2676,21.8462],[105.2693,21.8458],[105.2687,21.843],[105.2665,21.842],[105.265,21.8421],[105.2618,21.8405],[105.2593,21.841],[105.2592,21.8388],[105.2577,21.8358],[105.2539,21.8345],[105.251,21.8321],[105.2493,21.8312],[105.2492,21.8297],[105.2471,21.8283],[105.2461,21.8269],[105.2452,21.8239],[105.2474,21.8228],[105.2477,21.8215],[105.2454,21.8186],[105.2434,21.8177],[105.2398,21.821],[105.2388,21.8182],[105.2394,21.8165],[105.2386,21.8141],[105.239,21.8103],[105.2399,21.8096],[105.2372,21.8081],[105.2351,21.8059],[105.2277,21.8023],[105.2273,21.8021],[105.2236,21.8005],[105.2211,21.7987],[105.2191,21.7992],[105.2172,21.8004],[105.2155,21.8031],[105.2152,21.8069],[105.2155,21.8096],[105.2168,21.8131],[105.2192,21.8167]]]},"properties":{"name":"Nông Tiến","level":"ward"}},{"type":"Feature","geometry":{"type":"Polygon","coordinates":[[[105.1877,21.8491],[105.1884,21.8479],[105.1911,21.8451],[105.1947,21.8429],[105.1983,21.841],[105.2023,21.8382],[105.2142,21.8318],[105.217,21.8308],[105.2209,21.8305],[105.2234,21.8297],[105.2246,21.8262],[105.2243,21.824],[105.2196,21.8174],[105.2192,21.8167],[105.2168,21.8131],[105.2155,21.8096],[105.2152,21.8069],[105.213,21.8079],[105.2126,21.8107],[105.2113,21.8111],[105.2099,21.81],[105.2076,21.8106],[105.2057,21.8095],[105.2046,21.8065],[105.2024,21.8069],[105.2014,21.8042],[105.1998,21.804],[105.1981,21.8024],[105.1968,21.7997],[105.1959,21.7947],[105.194,21.7933],[105.1921,21.7909],[105.1921,21.789],[105.1937,21.7871],[105.1932,21.786],[105.1909,21.7837],[105.192,21.782],[105.1924,21.7801],[105.1898,21.7788],[105.1884,21.7793],[105.1881,21.776],[105.1851,21.7748],[105.1798,21.7736],[105.179,21.7704],[105.1777,21.7687],[105.1768,21.7665],[105.174,21.7656],[105.1725,21.7624],[105.1645,21.7669],[105.1605,21.7685],[105.1584,21.7683],[105.1543,21.7694],[105.1497,21.7688],[105.1475,21.774],[105.1457,21.7769],[105.1464,21.7779],[105.1462,21.7813],[105.1465,21.7833],[105.1456,21.7852],[105.1457,21.788],[105.1461,21.79],[105.1477,21.7913],[105.1476,21.7927],[105.1502,21.794],[105.1529,21.7942],[105.1541,21.7961],[105.1539,21.7978],[105.1554,21.7984],[105.1569,21.8008],[105.1571,21.8052],[105.1556,21.8069],[105.1541,21.807],[105.1519,21.8101],[105.1516,21.8154],[105.1536,21.8176],[105.1543,21.8193],[105.154,21.8229],[105.155,21.8238],[105.1549,21.8254],[105.1572,21.8262],[105.1581,21.8283],[105.1574,21.83],[105.1609,21.8321],[105.163,21.8373],[105.1606,21.8388],[105.1587,21.8451],[105.1609,21.8463],[105.1653,21.8472],[105.1674,21.851],[105.1688,21.8506],[105.1697,21.8519],[105.1713,21.8516],[105.1753,21.849],[105.1776,21.8487],[105.1791,21.8463],[105.1834,21.8456],[105.1867,21.8475],[105.1877,21.8491]]]},"properties":{"name":"Minh Xuân","level":"ward"}},{"type":"Feature","geometry":{"type":"Polygon","coordinates":[[[105.381,22.4027],[105.3831,22.3993],[105.3854,22.3946],[105.3875,22.3913],[105.391,22.386],[105.3932,22.3823],[105.396,22.3784],[105.3979,22.3764],[105.4032,22.3813],[105.4045,22.3837],[105.4045,22.3881],[105.4057,22.3907],[105.4083,22.3925],[105.4113,22.3932],[105.4149,22.3926],[105.4202,22.3909],[105.4221,22.3909],[105.4258,22.3925],[105.4288,22.3945],[105.4316,22.3885],[105.434,22.3864],[105.4351,22.3835],[105.4348,22.3781],[105.4402,22.3743],[105.4451,22.3703],[105.4438,22.3699],[105.4415,22.3672],[105.4377,22.3674],[105.4367,22.3665],[105.4316,22.3667],[105.4303,22.3655],[105.4283,22.3652],[105.4265,22.3631],[105.4254,22.3596],[105.4243,22.3584],[105.4258,22.3527],[105.4249,22.3489],[105.4223,22.3462],[105.4204,22.3451],[105.4192,22.3428],[105.4198,22.34],[105.4191,22.3381],[105.4168,22.3365],[105.4145,22.3357],[105.4137,22.3321],[105.4157,22.3312],[105.4175,22.3269],[105.4203,22.3254],[105.4192,22.3226],[105.421,22.3221],[105.4245,22.3202],[105.4249,22.3193],[105.4277,22.3169],[105.4289,22.3133],[105.431,22.3118],[105.4327,22.3113],[105.4344,22.3095],[105.4379,22.3063],[105.44,22.3031],[105.4401,22.301],[105.4418,22.3009],[105.4447,22.2987],[105.4477,22.2981],[105.4481,22.2963],[105.4518,22.2941],[105.4555,22.2909],[105.4561,22.2886],[105.4576,22.2881],[105.4601,22.2836],[105.461,22.2814],[105.4653,22.2796],[105.4698,22.2768],[105.4723,22.2748],[105.4732,22.2729],[105.4707,22.272],[105.4683,22.2697],[105.4676,22.2684],[105.4651,22.267],[105.464,22.2647],[105.4601,22.2658],[105.4585,22.2672],[105.4569,22.2675],[105.4554,22.2689],[105.4534,22.2679],[105.4528,22.2658],[105.4505,22.2645],[105.4483,22.2651],[105.4437,22.2643],[105.4428,22.2629],[105.4399,22.261],[105.4384,22.2614],[105.4369,22.2606],[105.4356,22.2584],[105.433,22.2589],[105.4298,22.2582],[105.4259,22.2593],[105.4218,22.2616],[105.4166,22.2666],[105.4153,22.2703],[105.4132,22.2714],[105.4114,22.2715],[105.4079,22.2698],[105.4058,22.2682],[105.4034,22.2648],[105.4001,22.2633],[105.3943,22.2624],[105.3906,22.2634],[105.3853,22.2672],[105.3833,22.2677],[105.3814,22.2696],[105.3775,22.271],[105.3752,22.2699],[105.3717,22.2702],[105.3684,22.2697],[105.3655,22.2704],[105.3613,22.2696],[105.359,22.2703],[105.3555,22.2691],[105.3525,22.2653],[105.351,22.2639],[105.3459,22.2637],[105.3436,22.2629],[105.3389,22.2628],[105.3368,22.2624],[105.3346,22.26],[105.3329,22.2599],[105.3315,22.2582],[105.3266,22.2564],[105.3242,22.256],[105.3196,22.2562],[105.3169,22.2568],[105.3143,22.2589],[105.3123,22.2587],[105.3112,22.2578],[105.3071,22.2578],[105.3059,22.2592],[105.3031,22.2594],[105.3024,22.263],[105.3009,22.264],[105.2989,22.2637],[105.2981,22.2654],[105.2985,22.2673],[105.2951,22.2709],[105.2928,22.2712],[105.2902,22.2741],[105.2865,22.2732],[105.2841,22.2763],[105.2814,22.2769],[105.2803,22.2762],[105.2777,22.2768],[105.2769,22.2778],[105.2755,22.2813],[105.2696,22.2856],[105.2692,22.2874],[105.2678,22.2879],[105.2667,22.2906],[105.2672,22.2926],[105.2664,22.2937],[105.2639,22.295],[105.2652,22.2969],[105.2673,22.2984],[105.2666,22.3005],[105.2666,22.3036],[105.2698,22.3067],[105.2721,22.3079],[105.2721,22.3095],[105.274,22.3116],[105.2775,22.3131],[105.2796,22.3151],[105.2796,22.3169],[105.2785,22.3221],[105.2766,22.3239],[105.276,22.3264],[105.2774,22.3301],[105.277,22.3344],[105.2795,22.3357],[105.279,22.3369],[105.283,22.3382],[105.2866,22.341],[105.2886,22.3421],[105.2914,22.3428],[105.2921,22.345],[105.2933,22.3458],[105.2915,22.3475],[105.291,22.3517],[105.29,22.3533],[105.29,22.3564],[105.2889,22.3571],[105.2901,22.3628],[105.2939,22.368],[105.2925,22.37],[105.2923,22.3718],[105.2944,22.3745],[105.2929,22.3761],[105.2894,22.3759],[105.2873,22.3746],[105.2863,22.3763],[105.284,22.3769],[105.2818,22.3784],[105.2816,22.3808],[105.2799,22.3832],[105.2811,22.391],[105.2809,22.3935],[105.2797,22.3956],[105.2741,22.3957],[105.2684,22.3954],[105.2665,22.3939],[105.2633,22.3932],[105.2595,22.3957],[105.2588,22.3969],[105.2601,22.3988],[105.2603,22.4028],[105.2625,22.4057],[105.2669,22.4071],[105.2676,22.409],[105.2695,22.4097],[105.2689,22.4118],[105.2694,22.4139],[105.2712,22.4165],[105.2697,22.4178],[105.2687,22.4217],[105.269,22.4229],[105.2716,22.4275],[105.2717,22.4289],[105.2705,22.4306],[105.2708,22.4338],[105.274,22.4347],[105.2749,22.4339],[105.278,22.4369],[105.2814,22.4354],[105.2837,22.4325],[105.2863,22.4313],[105.2863,22.4282],[105.2872,22.4269],[105.2874,22.4248],[105.2901,22.4238],[105.2924,22.4217],[105.2983,22.4223],[105.2994,22.4207],[105.3031,22.4185],[105.3059,22.4151],[105.3082,22.4134],[105.3073,22.4119],[105.3091,22.4103],[105.3081,22.4059],[105.3098,22.4037],[105.3099,22.3977],[105.3132,22.3989],[105.315,22.4005],[105.3216,22.4038],[105.3248,22.4071],[105.3292,22.408],[105.3348,22.4108],[105.3375,22.4135],[105.3393,22.4126],[105.3408,22.4146],[105.3446,22.4175],[105.3507,22.414],[105.3526,22.4153],[105.3556,22.4087],[105.3574,22.4086],[105.3596,22.4096],[105.3609,22.4087],[105.3639,22.4086],[105.367,22.4069],[105.3733,22.4043],[105.381,22.4027]]]},"properties":{"name":"Nà Hang","level":"ward"}},{"type":"Feature","geometry":{"type":"Polygon","coordinates":[[[105.4248,22.6008],[105.4267,22.6025],[105.4304,22.6037],[105.433,22.6035],[105.4343,22.6054],[105.4379,22.6044],[105.438,22.6061],[105.4369,22.608],[105.4378,22.6091],[105.4415,22.6096],[105.442,22.6082],[105.4421,22.6051],[105.4457,22.607],[105.4453,22.6093],[105.4466,22.6123],[105.4494,22.6127],[105.4484,22.6107],[105.4518,22.6087],[105.4561,22.6081],[105.4586,22.6096],[105.4605,22.6092],[105.4631,22.6119],[105.4638,22.6134],[105.4653,22.6144],[105.4672,22.6144],[105.4688,22.6163],[105.4742,22.6172],[105.4765,22.6206],[105.4793,22.6202],[105.4821,22.6202],[105.4837,22.6195],[105.485,22.6176],[105.4869,22.6181],[105.4895,22.6212],[105.492,22.6231],[105.4928,22.6244],[105.4949,22.6248],[105.4964,22.6286],[105.4988,22.6337],[105.5019,22.635],[105.5047,22.6345],[105.5089,22.6342],[105.5111,22.6357],[105.5129,22.6354],[105.5139,22.6366],[105.5166,22.6364],[105.5196,22.6348],[105.5225,22.6348],[105.5246,22.634],[105.5268,22.6349],[105.5287,22.6336],[105.5312,22.6333],[105.5315,22.6301],[105.5297,22.6284],[105.5302,22.6214],[105.529,22.6191],[105.5328,22.6174],[105.5333,22.6144],[105.5351,22.6137],[105.5364,22.6117],[105.5384,22.611],[105.5398,22.6074],[105.5429,22.6051],[105.5441,22.6031],[105.5467,22.6008],[105.5491,22.5997],[105.5496,22.5978],[105.5471,22.594],[105.547,22.5912],[105.5464,22.5886],[105.5468,22.5867],[105.5484,22.5853],[105.5492,22.5801],[105.5512,22.5783],[105.5515,22.5759],[105.5511,22.5749],[105.5503,22.5743],[105.5487,22.5728],[105.5462,22.5722],[105.5429,22.5728],[105.5397,22.5711],[105.5379,22.5685],[105.5353,22.5668],[105.5303,22.5659],[105.5248,22.5639],[105.5197,22.5637],[105.5198,22.5621],[105.5193,22.5612],[105.5188,22.5601],[105.5178,22.5597],[105.5156,22.5588],[105.5136,22.5587],[105.5139,22.5567],[105.5132,22.5554],[105.5106,22.5533],[105.5112,22.552],[105.5104,22.55],[105.5079,22.548],[105.5065,22.5474],[105.5057,22.5469],[105.5049,22.5463],[105.4994,22.5421],[105.4991,22.5405],[105.4954,22.539],[105.4927,22.5372],[105.4898,22.536],[105.4881,22.5366],[105.4853,22.5367],[105.4817,22.5361],[105.4788,22.5336],[105.4788,22.5355],[105.4776,22.537],[105.4756,22.5379],[105.4753,22.5392],[105.4734,22.542],[105.4758,22.5445],[105.4772,22.5445],[105.4791,22.5474],[105.4805,22.5513],[105.4837,22.5558],[105.4836,22.5591],[105.484,22.5609],[105.4802,22.5607],[105.4791,22.5614],[105.4779,22.564],[105.4764,22.5654],[105.4714,22.5663],[105.4693,22.5709],[105.4652,22.5725],[105.458,22.5716],[105.4563,22.5717],[105.4548,22.5727],[105.4534,22.5696],[105.4492,22.5693],[105.445,22.57],[105.4412,22.5689],[105.4397,22.5676],[105.4383,22.5674],[105.4372,22.5648],[105.4336,22.5661],[105.4317,22.5673],[105.4314,22.5704],[105.4318,22.5724],[105.4313,22.5763],[105.4319,22.5792],[105.4327,22.5808],[105.4283,22.5814],[105.425,22.5866],[105.4239,22.5898],[105.4285,22.5912],[105.4279,22.5943],[105.4263,22.5959],[105.425,22.596],[105.4243,22.5977],[105.4248,22.6008]]]},"properties":{"name":"Thượng Nông","level":"ward"}},{"type":"Feature","geometry":{"type":"Polygon","coordinates":[[[105.3183,22.6042],[105.3159,22.608],[105.3144,22.6111],[105.3159,22.6138],[105.317,22.617],[105.3167,22.6201],[105.3178,22.6216],[105.318,22.6235],[105.3193,22.6245],[105.3214,22.625],[105.3229,22.6265],[105.322,22.6284],[105.3254,22.6299],[105.3234,22.6318],[105.3223,22.6339],[105.3257,22.6374],[105.3305,22.6405],[105.3319,22.6405],[105.3351,22.6387],[105.3421,22.6406],[105.3452,22.6393],[105.3463,22.6402],[105.3499,22.6396],[105.3544,22.6398],[105.3554,22.6389],[105.3578,22.6395],[105.3596,22.6386],[105.3617,22.6391],[105.363,22.637],[105.3658,22.6365],[105.3683,22.6361],[105.3697,22.6339],[105.3713,22.633],[105.3751,22.6334],[105.3758,22.6316],[105.3795,22.6305],[105.3832,22.6285],[105.3846,22.627],[105.3887,22.6279],[105.39,22.6291],[105.3938,22.6302],[105.3953,22.6299],[105.3973,22.6275],[105.4021,22.6256],[105.4033,22.623],[105.4045,22.6218],[105.4054,22.6191],[105.4068,22.6174],[105.4093,22.6157],[105.4098,22.6124],[105.4126,22.6101],[105.415,22.6094],[105.4181,22.6068],[105.4188,22.6049],[105.421,22.6041],[105.4248,22.6008],[105.4243,22.5977],[105.425,22.596],[105.4263,22.5959],[105.4279,22.5943],[105.4285,22.5912],[105.4239,22.5898],[105.425,22.5866],[105.4283,22.5814],[105.4327,22.5808],[105.4319,22.5792],[105.4313,22.5763],[105.4318,22.5724],[105.4314,22.5704],[105.4317,22.5673],[105.4336,22.5661],[105.4372,22.5648],[105.4383,22.5674],[105.4397,22.5676],[105.4412,22.5689],[105.445,22.57],[105.4492,22.5693],[105.4534,22.5696],[105.4548,22.5727],[105.4563,22.5717],[105.458,22.5716],[105.4652,22.5725],[105.4693,22.5709],[105.4714,22.5663],[105.4764,22.5654],[105.4779,22.564],[105.4791,22.5614],[105.4802,22.5607],[105.484,22.5609],[105.4836,22.5591],[105.4837,22.5558],[105.4805,22.5513],[105.4791,22.5474],[105.4772,22.5445],[105.4758,22.5445],[105.4734,22.542],[105.4753,22.5392],[105.4756,22.5379],[105.4776,22.537],[105.4788,22.5355],[105.4788,22.5336],[105.4778,22.5322],[105.472,22.529],[105.4658,22.52],[105.4659,22.5168],[105.4645,22.5153],[105.4637,22.5123],[105.4615,22.5069],[105.4577,22.5029],[105.4575,22.4972],[105.4548,22.4961],[105.4531,22.4965],[105.4468,22.4934],[105.4348,22.4937],[105.4354,22.4953],[105.4354,22.499],[105.4316,22.5049],[105.4243,22.5005],[105.4238,22.4998],[105.423,22.4955],[105.4229,22.4934],[105.4237,22.4887],[105.4229,22.4867],[105.4223,22.4831],[105.4206,22.4801],[105.4205,22.4768],[105.4181,22.4716],[105.4151,22.4681],[105.4111,22.4659],[105.4092,22.4642],[105.4032,22.4631],[105.3991,22.4591],[105.3937,22.456],[105.3882,22.4549],[105.3859,22.4548],[105.385,22.456],[105.3837,22.4616],[105.3812,22.4682],[105.3795,22.4703],[105.3822,22.4719],[105.3844,22.475],[105.3854,22.4774],[105.3874,22.4789],[105.3873,22.4819],[105.3877,22.4855],[105.3901,22.4874],[105.3909,22.4892],[105.3985,22.4909],[105.4028,22.4955],[105.4025,22.5013],[105.3999,22.5056],[105.3949,22.5061],[105.3887,22.5153],[105.3878,22.5185],[105.3835,22.5202],[105.3827,22.5215],[105.3829,22.5236],[105.3824,22.5256],[105.3805,22.5264],[105.3784,22.5282],[105.3784,22.5293],[105.3764,22.5317],[105.3761,22.533],[105.3746,22.5335],[105.3722,22.5363],[105.3698,22.5365],[105.3657,22.5389],[105.365,22.5429],[105.363,22.5477],[105.3625,22.5501],[105.3594,22.5532],[105.3575,22.5547],[105.353,22.555],[105.3521,22.5543],[105.3472,22.555],[105.3469,22.5568],[105.3478,22.5609],[105.3492,22.5614],[105.3512,22.5638],[105.3516,22.5658],[105.3489,22.5688],[105.3467,22.5704],[105.3476,22.5729],[105.3475,22.5752],[105.3457,22.5803],[105.3449,22.5813],[105.343,22.5881],[105.3413,22.5898],[105.3393,22.5903],[105.3387,22.5928],[105.3348,22.5976],[105.3314,22.5991],[105.3286,22.5991],[105.3265,22.6001],[105.3234,22.6032],[105.3215,22.6041],[105.3183,22.6042]]]},"properties":{"name":"Côn Lôn","level":"ward"}},{"type":"Feature","geometry":{"type":"Polygon","coordinates":[[[105.4288,22.3945],[105.4258,22.3925],[105.4221,22.3909],[105.4202,22.3909],[105.4149,22.3926],[105.4113,22.3932],[105.4083,22.3925],[105.4057,22.3907],[105.4045,22.3881],[105.4045,22.3837],[105.4032,22.3813],[105.3979,22.3764],[105.396,22.3784],[105.3932,22.3823],[105.391,22.386],[105.3875,22.3913],[105.3854,22.3946],[105.3831,22.3993],[105.381,22.4027],[105.38,22.4174],[105.3814,22.4232],[105.3818,22.4285],[105.3808,22.4338],[105.3808,22.4373],[105.3833,22.4482],[105.3843,22.4514],[105.3859,22.4548],[105.3882,22.4549],[105.3937,22.456],[105.3991,22.4591],[105.4032,22.4631],[105.4092,22.4642],[105.4111,22.4659],[105.4151,22.4681],[105.4181,22.4716],[105.4205,22.4768],[105.4206,22.4801],[105.4223,22.4831],[105.4229,22.4867],[105.4237,22.4887],[105.4229,22.4934],[105.423,22.4955],[105.4238,22.4998],[105.4243,22.5005],[105.4316,22.5049],[105.4354,22.499],[105.4354,22.4953],[105.4348,22.4937],[105.4468,22.4934],[105.4531,22.4965],[105.4548,22.4961],[105.4575,22.4972],[105.4577,22.5029],[105.4615,22.5069],[105.4637,22.5123],[105.4645,22.5153],[105.4659,22.5168],[105.4658,22.52],[105.472,22.529],[105.4778,22.5322],[105.4788,22.5336],[105.4817,22.5361],[105.4853,22.5367],[105.4881,22.5366],[105.4898,22.536],[105.4927,22.5372],[105.4954,22.539],[105.4991,22.5405],[105.4994,22.5421],[105.5049,22.5463],[105.5057,22.5469],[105.5065,22.5474],[105.5079,22.548],[105.5104,22.55],[105.5112,22.552],[105.5106,22.5533],[105.5132,22.5554],[105.5139,22.5567],[105.5136,22.5587],[105.5156,22.5588],[105.5178,22.5597],[105.5188,22.5601],[105.5193,22.5612],[105.5198,22.5621],[105.5197,22.5637],[105.5248,22.5639],[105.5303,22.5659],[105.5353,22.5668],[105.5379,22.5685],[105.5397,22.5711],[105.5429,22.5728],[105.5462,22.5722],[105.5487,22.5728],[105.5503,22.5743],[105.5511,22.5749],[105.5515,22.5759],[105.5537,22.5745],[105.5572,22.5744],[105.5588,22.573],[105.56,22.5705],[105.5601,22.5686],[105.5616,22.5676],[105.5636,22.5645],[105.5634,22.56],[105.5616,22.5567],[105.5628,22.5551],[105.5657,22.5529],[105.5657,22.5511],[105.5637,22.5481],[105.5636,22.5452],[105.5662,22.5427],[105.5633,22.5406],[105.5623,22.5386],[105.5604,22.5369],[105.5584,22.5363],[105.557,22.5346],[105.5611,22.5341],[105.5607,22.533],[105.5582,22.5321],[105.5554,22.5319],[105.5602,22.5256],[105.5576,22.5248],[105.5546,22.5229],[105.5517,22.5216],[105.5505,22.5206],[105.5495,22.5174],[105.5458,22.5136],[105.5409,22.5119],[105.5388,22.5125],[105.5361,22.5103],[105.5337,22.5098],[105.5307,22.5077],[105.5273,22.5065],[105.5245,22.506],[105.5228,22.5042],[105.5233,22.5022],[105.5215,22.4994],[105.5199,22.4989],[105.5146,22.4981],[105.5122,22.4995],[105.5091,22.4994],[105.5076,22.4962],[105.5059,22.4942],[105.5044,22.4913],[105.5027,22.49],[105.5035,22.4881],[105.5021,22.4867],[105.5007,22.482],[105.4982,22.4822],[105.4966,22.4842],[105.4948,22.4829],[105.4974,22.4819],[105.4978,22.4809],[105.4968,22.4789],[105.4981,22.4746],[105.4997,22.4732],[105.4979,22.4722],[105.4895,22.4699],[105.4883,22.4713],[105.4858,22.4716],[105.4841,22.471],[105.4781,22.4664],[105.4764,22.4663],[105.4725,22.465],[105.4696,22.4634],[105.4645,22.4594],[105.461,22.4563],[105.4603,22.4552],[105.4614,22.4503],[105.4614,22.4482],[105.4603,22.4438],[105.4613,22.4412],[105.4604,22.4366],[105.456,22.4293],[105.4553,22.4247],[105.456,22.4204],[105.4547,22.4176],[105.4535,22.4137],[105.4544,22.4094],[105.4545,22.4055],[105.4536,22.4032],[105.4536,22.3997],[105.4521,22.398],[105.4505,22.3974],[105.4458,22.3972],[105.4367,22.3976],[105.4349,22.3969],[105.4306,22.396],[105.4288,22.3945]]]},"properties":{"name":"Yên Hoa","level":"ward"}},{"type":"Feature","geometry":{"type":"Polygon","coordinates":[[[105.4601,22.2836],[105.4576,22.2881],[105.4561,22.2886],[105.4555,22.2909],[105.4518,22.2941],[105.4481,22.2963],[105.4477,22.2981],[105.4447,22.2987],[105.4418,22.3009],[105.4401,22.301],[105.44,22.3031],[105.4379,22.3063],[105.4344,22.3095],[105.4327,22.3113],[105.431,22.3118],[105.4289,22.3133],[105.4277,22.3169],[105.4249,22.3193],[105.4245,22.3202],[105.421,22.3221],[105.4192,22.3226],[105.4203,22.3254],[105.4175,22.3269],[105.4157,22.3312],[105.4137,22.3321],[105.4145,22.3357],[105.4168,22.3365],[105.4191,22.3381],[105.4198,22.34],[105.4192,22.3428],[105.4204,22.3451],[105.4223,22.3462],[105.4249,22.3489],[105.4258,22.3527],[105.4243,22.3584],[105.4254,22.3596],[105.4265,22.3631],[105.4283,22.3652],[105.4303,22.3655],[105.4316,22.3667],[105.4367,22.3665],[105.4377,22.3674],[105.4415,22.3672],[105.4438,22.3699],[105.4451,22.3703],[105.4402,22.3743],[105.4348,22.3781],[105.4351,22.3835],[105.434,22.3864],[105.4316,22.3885],[105.4288,22.3945],[105.4306,22.396],[105.4349,22.3969],[105.4367,22.3976],[105.4458,22.3972],[105.4505,22.3974],[105.4521,22.398],[105.4536,22.3997],[105.4536,22.4032],[105.4545,22.4055],[105.4544,22.4094],[105.4535,22.4137],[105.4547,22.4176],[105.456,22.4204],[105.4553,22.4247],[105.456,22.4293],[105.4604,22.4366],[105.4613,22.4412],[105.4603,22.4438],[105.4614,22.4482],[105.4614,22.4503],[105.4603,22.4552],[105.461,22.4563],[105.4645,22.4594],[105.4696,22.4634],[105.4725,22.465],[105.4764,22.4663],[105.4781,22.4664],[105.4841,22.471],[105.4858,22.4716],[105.4883,22.4713],[105.4895,22.4699],[105.4979,22.4722],[105.4997,22.4732],[105.4981,22.4746],[105.4968,22.4789],[105.4978,22.4809],[105.4974,22.4819],[105.4948,22.4829],[105.4966,22.4842],[105.4982,22.4822],[105.5007,22.482],[105.5021,22.4867],[105.5035,22.4881],[105.5027,22.49],[105.5044,22.4913],[105.5059,22.4942],[105.5076,22.4962],[105.5091,22.4994],[105.5122,22.4995],[105.5146,22.4981],[105.5199,22.4989],[105.5215,22.4994],[105.5233,22.5022],[105.5228,22.5042],[105.5245,22.506],[105.5273,22.5065],[105.5307,22.5077],[105.5337,22.5098],[105.5361,22.5103],[105.5388,22.5125],[105.5409,22.5119],[105.5458,22.5136],[105.5495,22.5174],[105.5505,22.5206],[105.5517,22.5216],[105.5546,22.5229],[105.5576,22.5248],[105.5602,22.5256],[105.5554,22.5319],[105.5582,22.5321],[105.5607,22.533],[105.5611,22.5341],[105.557,22.5346],[105.5584,22.5363],[105.5604,22.5369],[105.5623,22.5386],[105.5633,22.5406],[105.5662,22.5427],[105.5636,22.5452],[105.5637,22.5481],[105.5657,22.5511],[105.5657,22.5529],[105.5628,22.5551],[105.5616,22.5567],[105.5634,22.56],[105.5661,22.5608],[105.5721,22.5619],[105.5743,22.5613],[105.5784,22.5577],[105.58,22.5544],[105.5834,22.5529],[105.5857,22.5523],[105.5859,22.5491],[105.5877,22.5486],[105.5889,22.5452],[105.5916,22.5436],[105.5916,22.5381],[105.5928,22.5369],[105.5925,22.5355],[105.5953,22.5307],[105.5958,22.5279],[105.5949,22.5261],[105.5964,22.5234],[105.5985,22.5213],[105.5975,22.5185],[105.598,22.5169],[105.5957,22.5153],[105.5933,22.5146],[105.593,22.5123],[105.5914,22.5098],[105.5918,22.5078],[105.5961,22.5038],[105.594,22.4987],[105.5944,22.4959],[105.5941,22.4943],[105.5948,22.4916],[105.5967,22.4908],[105.5956,22.4897],[105.5808,22.48],[105.5803,22.4789],[105.5724,22.4728],[105.5711,22.4725],[105.5681,22.4699],[105.5669,22.4693],[105.5659,22.4663],[105.5645,22.4653],[105.5631,22.4631],[105.5595,22.4624],[105.5584,22.4534],[105.5595,22.4513],[105.5557,22.4461],[105.5559,22.4433],[105.5552,22.4417],[105.5567,22.4401],[105.5557,22.4377],[105.5484,22.4377],[105.5506,22.4343],[105.5533,22.4326],[105.554,22.4289],[105.5552,22.428],[105.5526,22.4258],[105.5517,22.4232],[105.5503,22.4205],[105.5509,22.4161],[105.5522,22.4145],[105.5524,22.4125],[105.5535,22.4114],[105.5556,22.4117],[105.5587,22.4098],[105.5608,22.411],[105.5648,22.4165],[105.5665,22.4178],[105.5708,22.4192],[105.5689,22.4167],[105.568,22.4164],[105.5658,22.412],[105.5651,22.4075],[105.5632,22.4062],[105.5622,22.4039],[105.5594,22.4022],[105.5546,22.4022],[105.5526,22.4036],[105.5464,22.4051],[105.5444,22.4047],[105.5423,22.4055],[105.5413,22.407],[105.5349,22.4077],[105.5328,22.4041],[105.5293,22.4043],[105.5283,22.4047],[105.5237,22.4039],[105.5221,22.4043],[105.5211,22.4016],[105.5183,22.4008],[105.518,22.3995],[105.5192,22.398],[105.5194,22.3964],[105.5182,22.3949],[105.5201,22.3917],[105.5196,22.3879],[105.5185,22.3861],[105.5163,22.3847],[105.5159,22.3817],[105.5134,22.377],[105.5135,22.3737],[105.5145,22.3698],[105.5168,22.3684],[105.5172,22.3673],[105.5158,22.3638],[105.515,22.3587],[105.5131,22.3563],[105.5137,22.355],[105.5136,22.3527],[105.5143,22.3518],[105.5142,22.3488],[105.5117,22.3477],[105.5099,22.3453],[105.5071,22.3427],[105.504,22.3419],[105.5019,22.3402],[105.4987,22.3393],[105.4975,22.3385],[105.498,22.3361],[105.4976,22.3347],[105.4984,22.3319],[105.4976,22.3304],[105.4979,22.3281],[105.4969,22.3261],[105.497,22.322],[105.4978,22.3204],[105.4968,22.3195],[105.4942,22.3196],[105.4935,22.3186],[105.4909,22.3178],[105.4883,22.3192],[105.4828,22.3171],[105.4811,22.315],[105.4798,22.3114],[105.4787,22.3093],[105.4785,22.3042],[105.4791,22.3034],[105.482,22.3022],[105.4834,22.3009],[105.4861,22.2972],[105.4902,22.2957],[105.4908,22.2938],[105.4862,22.2925],[105.4817,22.2898],[105.4803,22.2882],[105.4735,22.2868],[105.4721,22.2856],[105.4677,22.2853],[105.4668,22.2845],[105.4612,22.2844],[105.4601,22.2836]]]},"properties":{"name":"Hồng Thái","level":"ward"}},{"type":"Feature","geometry":{"type":"Polygon","coordinates":[[[105.1289,22.6741],[105.1337,22.6766],[105.1344,22.6786],[105.1367,22.6805],[105.1384,22.6848],[105.1388,22.687],[105.142,22.6905],[105.1462,22.6923],[105.1477,22.6949],[105.1483,22.698],[105.1489,22.6972],[105.1539,22.695],[105.1551,22.6937],[105.157,22.6933],[105.1595,22.6912],[105.1612,22.6905],[105.1628,22.6909],[105.1663,22.6904],[105.1706,22.6886],[105.1725,22.686],[105.1769,22.6842],[105.1775,22.6823],[105.1805,22.681],[105.1831,22.6821],[105.1842,22.6814],[105.189,22.6799],[105.1902,22.679],[105.1939,22.6777],[105.1966,22.6776],[105.1997,22.6767],[105.2031,22.678],[105.2052,22.6781],[105.2081,22.6741],[105.2093,22.674],[105.2104,22.6701],[105.2103,22.6663],[105.2152,22.6631],[105.2194,22.661],[105.2206,22.6617],[105.2239,22.6624],[105.2284,22.6626],[105.2294,22.6631],[105.2313,22.6623],[105.2316,22.6611],[105.2354,22.6608],[105.2375,22.6588],[105.2405,22.6575],[105.2426,22.6557],[105.2433,22.654],[105.2429,22.6526],[105.2434,22.65],[105.2443,22.6488],[105.2428,22.6477],[105.2397,22.6412],[105.2397,22.6398],[105.2411,22.6324],[105.2386,22.6269],[105.2379,22.6217],[105.2383,22.6171],[105.2375,22.6157],[105.2373,22.6131],[105.2385,22.6024],[105.2395,22.6],[105.2441,22.5947],[105.2491,22.5856],[105.2519,22.5811],[105.2573,22.579],[105.2594,22.5777],[105.2633,22.5712],[105.2636,22.5701],[105.2603,22.5671],[105.2567,22.5645],[105.2535,22.5606],[105.2519,22.5582],[105.248,22.555],[105.2479,22.5535],[105.2507,22.5529],[105.2491,22.5507],[105.2485,22.5488],[105.2453,22.5452],[105.2446,22.5434],[105.2469,22.5438],[105.2484,22.5434],[105.2483,22.5406],[105.2449,22.5373],[105.2461,22.5362],[105.247,22.5326],[105.2435,22.5303],[105.2446,22.5264],[105.2426,22.5243],[105.244,22.5224],[105.2441,22.5191],[105.2414,22.5171],[105.2389,22.5172],[105.2378,22.5164],[105.2372,22.5139],[105.2361,22.513],[105.2332,22.512],[105.233,22.5106],[105.2338,22.509],[105.2324,22.5069],[105.2332,22.5057],[105.233,22.5031],[105.2319,22.5024],[105.2317,22.4983],[105.2302,22.4981],[105.2301,22.4958],[105.2339,22.4933],[105.2368,22.4949],[105.24,22.4951],[105.2413,22.4973],[105.2488,22.4985],[105.2514,22.4976],[105.2537,22.4958],[105.2557,22.4895],[105.2617,22.487],[105.2638,22.485],[105.2655,22.4827],[105.2666,22.4796],[105.266,22.4784],[105.2656,22.4748],[105.2639,22.4733],[105.2616,22.4727],[105.259,22.4687],[105.2622,22.4664],[105.263,22.4643],[105.2655,22.4614],[105.2683,22.4609],[105.27,22.4595],[105.2718,22.4596],[105.2729,22.4584],[105.2735,22.4559],[105.2749,22.455],[105.2782,22.4547],[105.279,22.4541],[105.2823,22.455],[105.2833,22.4564],[105.285,22.4546],[105.2838,22.4521],[105.2842,22.451],[105.2834,22.4486],[105.2807,22.447],[105.2799,22.4444],[105.2821,22.4433],[105.2829,22.4414],[105.2817,22.439],[105.2801,22.4388],[105.278,22.4369],[105.2749,22.4339],[105.274,22.4347],[105.2708,22.4338],[105.2705,22.4306],[105.2717,22.4289],[105.2716,22.4275],[105.269,22.4229],[105.2687,22.4217],[105.2697,22.4178],[105.2712,22.4165],[105.2694,22.4139],[105.2689,22.4118],[105.2695,22.4097],[105.2676,22.409],[105.2669,22.4071],[105.2625,22.4057],[105.2603,22.4028],[105.2601,22.3988],[105.2588,22.3969],[105.257,22.3964],[105.2544,22.3973],[105.2514,22.3964],[105.2497,22.3988],[105.2492,22.4004],[105.2458,22.4036],[105.2472,22.406],[105.2473,22.4085],[105.2479,22.4105],[105.2478,22.4123],[105.2456,22.4146],[105.2441,22.4148],[105.2425,22.414],[105.2399,22.4196],[105.2376,22.4203],[105.232,22.4211],[105.2312,22.4195],[105.2296,22.4192],[105.2268,22.423],[105.2248,22.4245],[105.2196,22.4255],[105.2167,22.4249],[105.2158,22.4264],[105.214,22.4271],[105.2129,22.4284],[105.2075,22.4275],[105.2056,22.4282],[105.204,22.43],[105.205,22.4336],[105.2043,22.4359],[105.2045,22.4375],[105.2035,22.4385],[105.2014,22.4391],[105.2001,22.4412],[105.1991,22.4455],[105.1977,22.4483],[105.1978,22.4504],[105.1952,22.4519],[105.1892,22.4512],[105.1869,22.4524],[105.185,22.4517],[105.1794,22.4545],[105.1786,22.4567],[105.1747,22.4592],[105.1733,22.4596],[105.1705,22.4626],[105.1687,22.4629],[105.1635,22.4652],[105.162,22.4662],[105.1611,22.4695],[105.1601,22.471],[105.1577,22.4718],[105.1564,22.4732],[105.1517,22.4749],[105.1503,22.4782],[105.1482,22.4786],[105.1444,22.4781],[105.1418,22.4796],[105.1388,22.4799],[105.1358,22.4796],[105.132,22.4815],[105.1304,22.4812],[105.1285,22.4819],[105.1249,22.4816],[105.1238,22.4827],[105.1202,22.4833],[105.1183,22.4843],[105.115,22.4839],[105.113,22.4844],[105.1114,22.4861],[105.1087,22.4901],[105.1074,22.4908],[105.1081,22.4921],[105.1086,22.4953],[105.1101,22.4968],[105.1134,22.5024],[105.1148,22.5036],[105.1174,22.5082],[105.1153,22.5099],[105.1161,22.512],[105.1195,22.5127],[105.1203,22.514],[105.1269,22.533],[105.1278,22.5359],[105.1269,22.5372],[105.1261,22.5425],[105.1252,22.5442],[105.126,22.5459],[105.1242,22.5483],[105.1232,22.5507],[105.122,22.5512],[105.1218,22.5541],[105.1198,22.5563],[105.1208,22.5592],[105.121,22.562],[105.1217,22.5629],[105.1203,22.565],[105.12,22.5676],[105.1182,22.569],[105.1173,22.5711],[105.1142,22.5748],[105.1167,22.5779],[105.12,22.5779],[105.1226,22.5798],[105.1215,22.5826],[105.1233,22.5847],[105.1265,22.5851],[105.1301,22.5877],[105.1331,22.5889],[105.1338,22.592],[105.1331,22.5928],[105.1296,22.5939],[105.1287,22.5959],[105.1282,22.601],[105.1269,22.6031],[105.1267,22.6052],[105.132,22.6093],[105.1331,22.6107],[105.1364,22.6109],[105.1393,22.6148],[105.1404,22.6186],[105.1404,22.6221],[105.1425,22.6244],[105.1458,22.6243],[105.1482,22.6219],[105.1494,22.6221],[105.1512,22.6205],[105.1522,22.6187],[105.1531,22.6186],[105.1554,22.6205],[105.1578,22.6207],[105.1597,22.6216],[105.158,22.6243],[105.1583,22.6262],[105.1553,22.6279],[105.1541,22.6293],[105.1567,22.6305],[105.157,22.6319],[105.1555,22.6333],[105.1542,22.6364],[105.153,22.6374],[105.151,22.6377],[105.1504,22.6367],[105.1466,22.6359],[105.1429,22.6377],[105.142,22.6394],[105.1369,22.6399],[105.1357,22.6409],[105.1352,22.6428],[105.1311,22.6464],[105.1303,22.6496],[105.131,22.6515],[105.1351,22.6542],[105.135,22.6559],[105.136,22.6582],[105.1358,22.6598],[105.1396,22.66],[105.1402,22.6622],[105.1393,22.6645],[105.1382,22.6645],[105.1347,22.6666],[105.134,22.6675],[105.1309,22.6686],[105.129,22.6706],[105.1283,22.6729],[105.1289,22.6741]]]},"properties":{"name":"Lâm Bình","level":"ward"}},{"type":"Feature","geometry":{"type":"Polygon","coordinates":[[[105.2443,22.6488],[105.2473,22.6516],[105.2533,22.6555],[105.254,22.654],[105.2575,22.6518],[105.2627,22.6498],[105.2669,22.6487],[105.2697,22.649],[105.2736,22.6473],[105.2752,22.6458],[105.2787,22.6445],[105.2818,22.6401],[105.284,22.6393],[105.2845,22.6371],[105.2836,22.6361],[105.2826,22.634],[105.2838,22.6311],[105.2867,22.6303],[105.287,22.6285],[105.2884,22.6257],[105.286,22.6229],[105.2866,22.618],[105.289,22.6139],[105.2908,22.6134],[105.2925,22.6147],[105.2965,22.6134],[105.2983,22.6133],[105.2996,22.6143],[105.3007,22.6132],[105.3038,22.6136],[105.3102,22.6129],[105.3123,22.613],[105.3112,22.61],[105.312,22.6064],[105.314,22.6059],[105.3168,22.6038],[105.3183,22.6042],[105.3215,22.6041],[105.3234,22.6032],[105.3265,22.6001],[105.3286,22.5991],[105.3314,22.5991],[105.3348,22.5976],[105.3387,22.5928],[105.3393,22.5903],[105.3413,22.5898],[105.343,22.5881],[105.3449,22.5813],[105.3457,22.5803],[105.3475,22.5752],[105.3476,22.5729],[105.3467,22.5704],[105.3489,22.5688],[105.3516,22.5658],[105.3512,22.5638],[105.3492,22.5614],[105.3478,22.5609],[105.3469,22.5568],[105.3472,22.555],[105.3521,22.5543],[105.353,22.555],[105.3575,22.5547],[105.3594,22.5532],[105.3625,22.5501],[105.363,22.5477],[105.365,22.5429],[105.3657,22.5389],[105.3698,22.5365],[105.3722,22.5363],[105.3746,22.5335],[105.3761,22.533],[105.3764,22.5317],[105.3784,22.5293],[105.3784,22.5282],[105.3805,22.5264],[105.3824,22.5256],[105.3829,22.5236],[105.3827,22.5215],[105.3835,22.5202],[105.3878,22.5185],[105.3887,22.5153],[105.3949,22.5061],[105.3999,22.5056],[105.4025,22.5013],[105.4028,22.4955],[105.3985,22.4909],[105.3909,22.4892],[105.3901,22.4874],[105.3877,22.4855],[105.3873,22.4819],[105.3874,22.4789],[105.3854,22.4774],[105.3844,22.475],[105.3822,22.4719],[105.3795,22.4703],[105.3812,22.4682],[105.3837,22.4616],[105.385,22.456],[105.3859,22.4548],[105.3843,22.4514],[105.3833,22.4482],[105.3808,22.4373],[105.3808,22.4338],[105.3818,22.4285],[105.3814,22.4232],[105.38,22.4174],[105.381,22.4027],[105.3733,22.4043],[105.367,22.4069],[105.3639,22.4086],[105.3609,22.4087],[105.3596,22.4096],[105.3574,22.4086],[105.3556,22.4087],[105.3526,22.4153],[105.3507,22.414],[105.3446,22.4175],[105.3408,22.4146],[105.3393,22.4126],[105.3375,22.4135],[105.3348,22.4108],[105.3292,22.408],[105.3248,22.4071],[105.3216,22.4038],[105.315,22.4005],[105.3132,22.3989],[105.3099,22.3977],[105.3098,22.4037],[105.3081,22.4059],[105.3091,22.4103],[105.3073,22.4119],[105.3082,22.4134],[105.3059,22.4151],[105.3031,22.4185],[105.2994,22.4207],[105.2983,22.4223],[105.2924,22.4217],[105.2901,22.4238],[105.2874,22.4248],[105.2872,22.4269],[105.2863,22.4282],[105.2863,22.4313],[105.2837,22.4325],[105.2814,22.4354],[105.278,22.4369],[105.2801,22.4388],[105.2817,22.439],[105.2829,22.4414],[105.2821,22.4433],[105.2799,22.4444],[105.2807,22.447],[105.2834,22.4486],[105.2842,22.451],[105.2838,22.4521],[105.285,22.4546],[105.2833,22.4564],[105.2823,22.455],[105.279,22.4541],[105.2782,22.4547],[105.2749,22.455],[105.2735,22.4559],[105.2729,22.4584],[105.2718,22.4596],[105.27,22.4595],[105.2683,22.4609],[105.2655,22.4614],[105.263,22.4643],[105.2622,22.4664],[105.259,22.4687],[105.2616,22.4727],[105.2639,22.4733],[105.2656,22.4748],[105.266,22.4784],[105.2666,22.4796],[105.2655,22.4827],[105.2638,22.485],[105.2617,22.487],[105.2557,22.4895],[105.2537,22.4958],[105.2514,22.4976],[105.2488,22.4985],[105.2413,22.4973],[105.24,22.4951],[105.2368,22.4949],[105.2339,22.4933],[105.2301,22.4958],[105.2302,22.4981],[105.2317,22.4983],[105.2319,22.5024],[105.233,22.5031],[105.2332,22.5057],[105.2324,22.5069],[105.2338,22.509],[105.233,22.5106],[105.2332,22.512],[105.2361,22.513],[105.2372,22.5139],[105.2378,22.5164],[105.2389,22.5172],[105.2414,22.5171],[105.2441,22.5191],[105.244,22.5224],[105.2426,22.5243],[105.2446,22.5264],[105.2435,22.5303],[105.247,22.5326],[105.2461,22.5362],[105.2449,22.5373],[105.2483,22.5406],[105.2484,22.5434],[105.2469,22.5438],[105.2446,22.5434],[105.2453,22.5452],[105.2485,22.5488],[105.2491,22.5507],[105.2507,22.5529],[105.2479,22.5535],[105.248,22.555],[105.2519,22.5582],[105.2535,22.5606],[105.2567,22.5645],[105.2603,22.5671],[105.2636,22.5701],[105.2633,22.5712],[105.2594,22.5777],[105.2573,22.579],[105.2519,22.5811],[105.2491,22.5856],[105.2441,22.5947],[105.2395,22.6],[105.2385,22.6024],[105.2373,22.6131],[105.2375,22.6157],[105.2383,22.6171],[105.2379,22.6217],[105.2386,22.6269],[105.2411,22.6324],[105.2397,22.6398],[105.2397,22.6412],[105.2428,22.6477],[105.2443,22.6488]]]},"properties":{"name":"Thượng Lâm","level":"ward"}},{"type":"Feature","geometry":{"type":"Polygon","coordinates":[[[105.3288,22.2087],[105.3319,22.2084],[105.3344,22.2077],[105.3394,22.2079],[105.3406,22.2074],[105.3432,22.208],[105.343,22.2052],[105.3415,22.2037],[105.3401,22.2004],[105.339,22.1997],[105.3396,22.1975],[105.3395,22.1956],[105.3368,22.1955],[105.3403,22.1914],[105.3411,22.1896],[105.3424,22.189],[105.3426,22.1875],[105.3413,22.1869],[105.3403,22.1847],[105.3345,22.1849],[105.3326,22.1842],[105.3339,22.1812],[105.3308,22.1816],[105.3301,22.1807],[105.3277,22.1824],[105.3237,22.182],[105.3218,22.1812],[105.322,22.1781],[105.3213,22.1755],[105.3216,22.173],[105.3234,22.1692],[105.3228,22.1677],[105.3233,22.165],[105.3265,22.1614],[105.3266,22.1586],[105.3282,22.1579],[105.33,22.1585],[105.3331,22.1587],[105.3345,22.1575],[105.335,22.1558],[105.3363,22.155],[105.3375,22.153],[105.3373,22.1521],[105.3384,22.1468],[105.3398,22.1442],[105.3389,22.1425],[105.339,22.1408],[105.3356,22.1394],[105.3332,22.1375],[105.3301,22.1372],[105.3252,22.1342],[105.3225,22.1344],[105.3212,22.1326],[105.3136,22.1293],[105.3116,22.1278],[105.3103,22.1261],[105.3082,22.125],[105.3057,22.1248],[105.3002,22.1232],[105.3,22.1218],[105.2952,22.121],[105.2914,22.1195],[105.2861,22.1188],[105.2847,22.1181],[105.2825,22.1194],[105.2808,22.1189],[105.2776,22.1191],[105.2771,22.1178],[105.274,22.1164],[105.2707,22.1164],[105.2658,22.1157],[105.2657,22.1145],[105.268,22.1073],[105.2694,22.1049],[105.2749,22.1002],[105.2779,22.0947],[105.2803,22.0932],[105.2867,22.0907],[105.2877,22.0878],[105.2857,22.084],[105.2841,22.0826],[105.2814,22.0785],[105.2801,22.0798],[105.278,22.0805],[105.2779,22.0831],[105.2748,22.0822],[105.2752,22.0838],[105.2728,22.0876],[105.2753,22.0875],[105.2776,22.0882],[105.2748,22.0908],[105.2719,22.0918],[105.2684,22.0955],[105.2669,22.0964],[105.2648,22.099],[105.2606,22.0998],[105.2582,22.1013],[105.2578,22.1037],[105.2595,22.1048],[105.258,22.1067],[105.2566,22.1063],[105.2526,22.1079],[105.2502,22.1125],[105.2458,22.1111],[105.242,22.1109],[105.2411,22.1113],[105.241,22.1158],[105.2382,22.1189],[105.2387,22.12],[105.2411,22.1206],[105.2398,22.124],[105.2419,22.1248],[105.2432,22.1277],[105.2435,22.1298],[105.2444,22.1304],[105.2431,22.1323],[105.24,22.1324],[105.2388,22.133],[105.2384,22.1346],[105.2363,22.1384],[105.2351,22.1417],[105.2351,22.1462],[105.2345,22.1485],[105.2326,22.1509],[105.2314,22.1516],[105.2268,22.1521],[105.2239,22.1513],[105.2215,22.1514],[105.2187,22.1486],[105.2179,22.1507],[105.2155,22.15],[105.2122,22.1509],[105.2119,22.1525],[105.2094,22.1542],[105.2082,22.1544],[105.2072,22.156],[105.2053,22.1568],[105.2005,22.1611],[105.1932,22.164],[105.196,22.1665],[105.1964,22.1696],[105.1989,22.1729],[105.1993,22.1751],[105.2027,22.1769],[105.2071,22.1764],[105.2087,22.1779],[105.2104,22.1782],[105.2126,22.1765],[105.2157,22.1763],[105.2176,22.1788],[105.2199,22.1785],[105.2215,22.1776],[105.2232,22.1783],[105.2259,22.1806],[105.231,22.1805],[105.2301,22.1849],[105.2304,22.1887],[105.2287,22.1904],[105.2287,22.1949],[105.2309,22.1961],[105.2342,22.2011],[105.2357,22.202],[105.2377,22.1971],[105.2415,22.1976],[105.245,22.1999],[105.2479,22.1999],[105.2498,22.2003],[105.2516,22.1996],[105.2532,22.2008],[105.2531,22.2031],[105.2561,22.2064],[105.2595,22.2068],[105.2604,22.2089],[105.2625,22.2104],[105.263,22.2121],[105.265,22.2132],[105.2669,22.2125],[105.2709,22.2119],[105.2732,22.2119],[105.2783,22.2107],[105.28,22.2098],[105.2829,22.2093],[105.2859,22.2094],[105.288,22.2081],[105.2897,22.2086],[105.2927,22.2078],[105.2963,22.2084],[105.2994,22.2063],[105.3027,22.2076],[105.3068,22.2074],[105.3088,22.2063],[105.3115,22.2073],[105.3155,22.2042],[105.3174,22.2041],[105.3203,22.205],[105.3205,22.2079],[105.3229,22.2085],[105.3243,22.2082],[105.327,22.209],[105.3288,22.2087]]]},"properties":{"name":"Chiêm Hoá","level":"ward"}},{"type":"Feature","geometry":{"type":"Polygon","coordinates":[[[105.117,22.4605],[105.115,22.4624],[105.1111,22.4647],[105.1116,22.4712],[105.1099,22.4736],[105.11,22.4747],[105.1114,22.4777],[105.1122,22.4832],[105.113,22.4844],[105.115,22.4839],[105.1183,22.4843],[105.1202,22.4833],[105.1238,22.4827],[105.1249,22.4816],[105.1285,22.4819],[105.1304,22.4812],[105.132,22.4815],[105.1358,22.4796],[105.1388,22.4799],[105.1418,22.4796],[105.1444,22.4781],[105.1482,22.4786],[105.1503,22.4782],[105.1517,22.4749],[105.1564,22.4732],[105.1577,22.4718],[105.1601,22.471],[105.1611,22.4695],[105.162,22.4662],[105.1635,22.4652],[105.1687,22.4629],[105.1705,22.4626],[105.1733,22.4596],[105.1747,22.4592],[105.1786,22.4567],[105.1794,22.4545],[105.185,22.4517],[105.1869,22.4524],[105.1892,22.4512],[105.1952,22.4519],[105.1978,22.4504],[105.1977,22.4483],[105.1991,22.4455],[105.2001,22.4412],[105.2014,22.4391],[105.2035,22.4385],[105.2045,22.4375],[105.2043,22.4359],[105.205,22.4336],[105.204,22.43],[105.2056,22.4282],[105.2075,22.4275],[105.2129,22.4284],[105.214,22.4271],[105.2158,22.4264],[105.2167,22.4249],[105.2196,22.4255],[105.2248,22.4245],[105.2268,22.423],[105.2296,22.4192],[105.2312,22.4195],[105.232,22.4211],[105.2376,22.4203],[105.2399,22.4196],[105.2425,22.414],[105.2441,22.4148],[105.2456,22.4146],[105.2478,22.4123],[105.2479,22.4105],[105.2473,22.4085],[105.2472,22.406],[105.2458,22.4036],[105.2492,22.4004],[105.2497,22.3988],[105.2514,22.3964],[105.2523,22.3951],[105.2517,22.3928],[105.2502,22.3901],[105.2504,22.3877],[105.2494,22.3855],[105.249,22.382],[105.2468,22.3811],[105.2478,22.3766],[105.2507,22.3754],[105.2503,22.3733],[105.2478,22.3716],[105.2481,22.3695],[105.2459,22.3641],[105.2452,22.3629],[105.2432,22.3619],[105.2412,22.3623],[105.2366,22.3616],[105.2326,22.3627],[105.2308,22.3643],[105.2279,22.3647],[105.2258,22.3633],[105.2236,22.3583],[105.2223,22.3571],[105.222,22.3546],[105.2211,22.3533],[105.2222,22.3497],[105.221,22.3489],[105.2205,22.3472],[105.217,22.3432],[105.2141,22.3404],[105.2132,22.3378],[105.2105,22.3362],[105.2092,22.3337],[105.2063,22.3348],[105.2035,22.3369],[105.2019,22.3373],[105.2007,22.3367],[105.1989,22.3378],[105.1957,22.3379],[105.194,22.3387],[105.1909,22.3372],[105.1899,22.3385],[105.1833,22.3408],[105.1806,22.3434],[105.1798,22.347],[105.1751,22.3499],[105.1731,22.3502],[105.1698,22.3527],[105.1689,22.354],[105.1698,22.3556],[105.1692,22.3571],[105.1656,22.3611],[105.1647,22.3629],[105.1651,22.3688],[105.1646,22.3702],[105.1632,22.3711],[105.1609,22.3706],[105.1574,22.3712],[105.1553,22.3721],[105.1532,22.3753],[105.154,22.3775],[105.1526,22.3801],[105.1491,22.3817],[105.1428,22.3828],[105.1412,22.3838],[105.1404,22.3855],[105.1413,22.3872],[105.1408,22.3884],[105.1421,22.39],[105.1418,22.3924],[105.1426,22.3933],[105.1455,22.3945],[105.1453,22.3981],[105.1418,22.3982],[105.1391,22.3975],[105.1356,22.3991],[105.1335,22.4018],[105.1333,22.4035],[105.1356,22.4066],[105.1353,22.4083],[105.1365,22.4119],[105.1364,22.4185],[105.1382,22.4202],[105.1393,22.4226],[105.1389,22.4272],[105.1406,22.4314],[105.1402,22.435],[105.1405,22.4415],[105.1361,22.444],[105.1355,22.4462],[105.1331,22.4499],[105.1309,22.4515],[105.1283,22.4519],[105.1268,22.4532],[105.1263,22.4546],[105.123,22.4559],[105.1208,22.4573],[105.1191,22.46],[105.117,22.4605]]]},"properties":{"name":"Bình An","level":"ward"}},{"type":"Feature","geometry":{"type":"Polygon","coordinates":[[[105.079,22.3524],[105.0814,22.3525],[105.0833,22.3538],[105.0854,22.3568],[105.086,22.3587],[105.0875,22.3597],[105.087,22.3628],[105.0848,22.3645],[105.0825,22.3683],[105.0823,22.3703],[105.0803,22.3733],[105.0787,22.3732],[105.0783,22.3755],[105.0756,22.3774],[105.0755,22.3796],[105.0732,22.3817],[105.0728,22.384],[105.0733,22.3874],[105.0721,22.389],[105.0716,22.3912],[105.0696,22.3929],[105.0729,22.3946],[105.0756,22.3942],[105.0774,22.396],[105.0798,22.3956],[105.0812,22.3968],[105.0846,22.3951],[105.0898,22.3944],[105.0912,22.396],[105.0934,22.4019],[105.0967,22.404],[105.0965,22.4058],[105.0982,22.4083],[105.0992,22.4127],[105.101,22.4144],[105.0996,22.4186],[105.1,22.4214],[105.0975,22.4241],[105.0963,22.4289],[105.0944,22.4311],[105.0917,22.433],[105.0901,22.4331],[105.0878,22.4363],[105.087,22.4388],[105.0886,22.4403],[105.0904,22.4403],[105.0969,22.4443],[105.1007,22.4448],[105.1015,22.4459],[105.1064,22.4507],[105.1085,22.4509],[105.1126,22.4522],[105.1159,22.4539],[105.1177,22.4556],[105.1177,22.46],[105.117,22.4605],[105.1191,22.46],[105.1208,22.4573],[105.123,22.4559],[105.1263,22.4546],[105.1268,22.4532],[105.1283,22.4519],[105.1309,22.4515],[105.1331,22.4499],[105.1355,22.4462],[105.1361,22.444],[105.1405,22.4415],[105.1402,22.435],[105.1406,22.4314],[105.1389,22.4272],[105.1393,22.4226],[105.1382,22.4202],[105.1364,22.4185],[105.1365,22.4119],[105.1353,22.4083],[105.1356,22.4066],[105.1333,22.4035],[105.1335,22.4018],[105.1356,22.3991],[105.1391,22.3975],[105.1418,22.3982],[105.1453,22.3981],[105.1455,22.3945],[105.1426,22.3933],[105.1418,22.3924],[105.1421,22.39],[105.1408,22.3884],[105.1413,22.3872],[105.1404,22.3855],[105.1412,22.3838],[105.1428,22.3828],[105.1491,22.3817],[105.1526,22.3801],[105.154,22.3775],[105.1532,22.3753],[105.1553,22.3721],[105.1574,22.3712],[105.1609,22.3706],[105.1632,22.3711],[105.1646,22.3702],[105.1651,22.3688],[105.1647,22.3629],[105.1656,22.3611],[105.1692,22.3571],[105.1698,22.3556],[105.1689,22.354],[105.1698,22.3527],[105.1731,22.3502],[105.1751,22.3499],[105.1798,22.347],[105.1806,22.3434],[105.1833,22.3408],[105.1899,22.3385],[105.1909,22.3372],[105.194,22.3387],[105.1957,22.3379],[105.1989,22.3378],[105.2007,22.3367],[105.2019,22.3373],[105.2035,22.3369],[105.2063,22.3348],[105.2092,22.3337],[105.2105,22.3362],[105.2132,22.3378],[105.2141,22.3404],[105.217,22.3432],[105.2205,22.3472],[105.221,22.3489],[105.2222,22.3497],[105.2211,22.3533],[105.222,22.3546],[105.2223,22.3571],[105.2236,22.3583],[105.2258,22.3633],[105.2279,22.3647],[105.2308,22.3643],[105.2326,22.3627],[105.2366,22.3616],[105.2412,22.3623],[105.2432,22.3619],[105.2452,22.3629],[105.2459,22.3641],[105.2481,22.3695],[105.2478,22.3716],[105.2503,22.3733],[105.2507,22.3754],[105.2478,22.3766],[105.2468,22.3811],[105.249,22.382],[105.2494,22.3855],[105.2504,22.3877],[105.2502,22.3901],[105.2517,22.3928],[105.2523,22.3951],[105.2514,22.3964],[105.2544,22.3973],[105.257,22.3964],[105.2588,22.3969],[105.2595,22.3957],[105.2633,22.3932],[105.2665,22.3939],[105.2684,22.3954],[105.2741,22.3957],[105.2797,22.3956],[105.2809,22.3935],[105.2811,22.391],[105.2799,22.3832],[105.2816,22.3808],[105.2818,22.3784],[105.284,22.3769],[105.2863,22.3763],[105.2873,22.3746],[105.2894,22.3759],[105.2929,22.3761],[105.2944,22.3745],[105.2923,22.3718],[105.2925,22.37],[105.2939,22.368],[105.2901,22.3628],[105.2889,22.3571],[105.29,22.3564],[105.29,22.3533],[105.291,22.3517],[105.2915,22.3475],[105.2933,22.3458],[105.2921,22.345],[105.2914,22.3428],[105.2886,22.3421],[105.2866,22.341],[105.283,22.3382],[105.279,22.3369],[105.2795,22.3357],[105.277,22.3344],[105.2774,22.3301],[105.276,22.3264],[105.2766,22.3239],[105.2785,22.3221],[105.2796,22.3169],[105.2796,22.3151],[105.2775,22.3131],[105.274,22.3116],[105.2721,22.3095],[105.2721,22.3079],[105.2698,22.3067],[105.2666,22.3036],[105.2666,22.3005],[105.2673,22.2984],[105.2652,22.2969],[105.2639,22.295],[105.2664,22.2937],[105.2672,22.2926],[105.2667,22.2906],[105.2678,22.2879],[105.2692,22.2874],[105.2696,22.2856],[105.2755,22.2813],[105.2769,22.2778],[105.2777,22.2768],[105.2779,22.2682],[105.277,22.2674],[105.2775,22.2649],[105.2756,22.2637],[105.2752,22.2615],[105.2728,22.2602],[105.272,22.2576],[105.2691,22.255],[105.2654,22.259],[105.2627,22.261],[105.2616,22.2601],[105.2587,22.2611],[105.2562,22.2589],[105.2528,22.2582],[105.2443,22.2603],[105.242,22.2613],[105.2401,22.2595],[105.2345,22.2582],[105.2317,22.2589],[105.2303,22.2622],[105.2301,22.2641],[105.2276,22.2644],[105.2247,22.2656],[105.2241,22.2672],[105.2243,22.2693],[105.2224,22.2704],[105.2214,22.2723],[105.2192,22.2725],[105.2182,22.2756],[105.2181,22.2787],[105.2165,22.2794],[105.2169,22.2833],[105.2166,22.2851],[105.2173,22.2867],[105.216,22.2894],[105.2169,22.291],[105.2157,22.2937],[105.2129,22.2932],[105.2108,22.289],[105.2092,22.2882],[105.2078,22.289],[105.2039,22.2945],[105.2028,22.2982],[105.2011,22.2994],[105.1994,22.3021],[105.1982,22.3026],[105.1955,22.3062],[105.1918,22.3052],[105.1903,22.3044],[105.187,22.3053],[105.184,22.3055],[105.1827,22.3042],[105.176,22.3059],[105.1726,22.3075],[105.1713,22.3087],[105.1673,22.3112],[105.1645,22.3113],[105.1628,22.3138],[105.163,22.316],[105.1598,22.3169],[105.158,22.3187],[105.1535,22.3174],[105.1509,22.3192],[105.1493,22.3218],[105.1474,22.3232],[105.1463,22.3249],[105.1428,22.325],[105.14,22.3272],[105.1369,22.3266],[105.1352,22.327],[105.1338,22.3266],[105.1303,22.3303],[105.1283,22.333],[105.1268,22.3307],[105.1242,22.3284],[105.1227,22.3278],[105.121,22.325],[105.1192,22.3236],[105.115,22.3215],[105.1134,22.3214],[105.113,22.3184],[105.1122,22.3179],[105.1108,22.3217],[105.1093,22.3235],[105.1095,22.3252],[105.1088,22.3274],[105.108,22.3322],[105.106,22.3341],[105.1057,22.3372],[105.1041,22.3381],[105.1018,22.341],[105.1001,22.3426],[105.0995,22.347],[105.098,22.3476],[105.0965,22.347],[105.0923,22.3491],[105.0907,22.3487],[105.0874,22.3488],[105.0867,22.3504],[105.0807,22.3524],[105.079,22.3524]]]},"properties":{"name":"Minh Quang","level":"ward"}},{"type":"Feature","geometry":{"type":"Polygon","coordinates":[[[105.01,22.2679],[105.0122,22.2693],[105.0133,22.2673],[105.0149,22.2667],[105.0175,22.2704],[105.0193,22.2718],[105.0189,22.2727],[105.0215,22.2764],[105.0255,22.279],[105.0269,22.2791],[105.0298,22.2825],[105.032,22.2826],[105.0339,22.2844],[105.0369,22.2855],[105.0412,22.2842],[105.0422,22.2835],[105.0427,22.281],[105.0467,22.2818],[105.048,22.2849],[105.048,22.2877],[105.0488,22.289],[105.0484,22.2913],[105.0496,22.2938],[105.0492,22.2998],[105.0501,22.3007],[105.0496,22.3029],[105.0468,22.3052],[105.0436,22.3066],[105.0456,22.3081],[105.0448,22.3111],[105.0455,22.3126],[105.0509,22.314],[105.0536,22.3129],[105.0588,22.3135],[105.06,22.3162],[105.0598,22.3192],[105.0588,22.3208],[105.0595,22.3246],[105.0611,22.3264],[105.06,22.329],[105.0619,22.3302],[105.0604,22.3311],[105.0587,22.3337],[105.0543,22.3363],[105.0518,22.3358],[105.0502,22.3381],[105.0504,22.34],[105.0489,22.3449],[105.0476,22.3458],[105.0461,22.3485],[105.0412,22.3519],[105.0466,22.3573],[105.0554,22.3564],[105.0572,22.3574],[105.0603,22.3569],[105.0637,22.3558],[105.0654,22.3558],[105.072,22.3532],[105.0734,22.3542],[105.0764,22.3523],[105.079,22.3524],[105.0807,22.3524],[105.0867,22.3504],[105.0874,22.3488],[105.0907,22.3487],[105.0923,22.3491],[105.0965,22.347],[105.098,22.3476],[105.0995,22.347],[105.1001,22.3426],[105.1018,22.341],[105.1041,22.3381],[105.1057,22.3372],[105.106,22.3341],[105.108,22.3322],[105.1088,22.3274],[105.1095,22.3252],[105.1093,22.3235],[105.1108,22.3217],[105.1122,22.3179],[105.114,22.3157],[105.1176,22.3132],[105.118,22.3105],[105.1204,22.3074],[105.1244,22.3059],[105.1286,22.2989],[105.1324,22.2961],[105.1312,22.2917],[105.1297,22.2904],[105.1293,22.2882],[105.1284,22.2872],[105.1276,22.2824],[105.1262,22.2818],[105.125,22.2829],[105.1216,22.2832],[105.1197,22.2846],[105.1188,22.2829],[105.1159,22.2816],[105.1145,22.2822],[105.1097,22.2798],[105.1058,22.2787],[105.1053,22.278],[105.1067,22.2751],[105.1066,22.2736],[105.1074,22.2709],[105.1073,22.2666],[105.106,22.2646],[105.1055,22.2629],[105.1025,22.2582],[105.101,22.254],[105.0976,22.2525],[105.0929,22.2527],[105.0892,22.251],[105.0872,22.2491],[105.0855,22.2484],[105.0848,22.2473],[105.0819,22.245],[105.0818,22.243],[105.0785,22.2396],[105.0771,22.2367],[105.0762,22.2316],[105.0751,22.2285],[105.07,22.2298],[105.0652,22.2305],[105.0636,22.2317],[105.0593,22.2357],[105.0553,22.2351],[105.0537,22.2341],[105.0493,22.2354],[105.048,22.2372],[105.0435,22.2388],[105.0411,22.2376],[105.0388,22.2372],[105.0341,22.24],[105.0304,22.241],[105.0278,22.2382],[105.0247,22.2379],[105.0233,22.2351],[105.0201,22.2309],[105.0216,22.2295],[105.0219,22.2273],[105.0229,22.2258],[105.0217,22.224],[105.0192,22.2245],[105.0143,22.2226],[105.0127,22.223],[105.0094,22.2245],[105.0083,22.2225],[105.0056,22.2243],[105.0063,22.2293],[105.0057,22.2311],[105.0037,22.232],[104.9994,22.2362],[104.9974,22.2379],[104.996,22.2404],[104.9967,22.2413],[104.9964,22.2468],[104.9955,22.2481],[104.9944,22.2511],[104.9964,22.2534],[104.996,22.2549],[104.9986,22.2561],[105.0006,22.2609],[105.0043,22.2613],[105.007,22.2612],[105.0096,22.2629],[105.0102,22.2648],[105.01,22.2679]]]},"properties":{"name":"Trung Hà","level":"ward"}},{"type":"Feature","geometry":{"type":"Polygon","coordinates":[[[105.2777,22.2768],[105.2803,22.2762],[105.2814,22.2769],[105.2841,22.2763],[105.2865,22.2732],[105.2902,22.2741],[105.2928,22.2712],[105.2951,22.2709],[105.2985,22.2673],[105.2981,22.2654],[105.2989,22.2637],[105.3009,22.264],[105.3024,22.263],[105.3031,22.2594],[105.3059,22.2592],[105.3071,22.2578],[105.3112,22.2578],[105.3123,22.2587],[105.3143,22.2589],[105.3169,22.2568],[105.3196,22.2562],[105.3242,22.256],[105.3266,22.2564],[105.3315,22.2582],[105.3329,22.2599],[105.3346,22.26],[105.3368,22.2624],[105.3389,22.2628],[105.3436,22.2629],[105.3459,22.2637],[105.351,22.2639],[105.3511,22.2607],[105.3527,22.2587],[105.3547,22.2546],[105.3534,22.2525],[105.353,22.2506],[105.3504,22.2481],[105.3488,22.2446],[105.3474,22.2432],[105.3464,22.2394],[105.3448,22.2379],[105.3417,22.2371],[105.3395,22.2359],[105.3389,22.2295],[105.3404,22.2242],[105.3386,22.2208],[105.3352,22.2193],[105.3319,22.2171],[105.3299,22.2138],[105.3298,22.2111],[105.3288,22.2087],[105.327,22.209],[105.3243,22.2082],[105.3229,22.2085],[105.3205,22.2079],[105.3203,22.205],[105.3174,22.2041],[105.3155,22.2042],[105.3115,22.2073],[105.3088,22.2063],[105.3068,22.2074],[105.3027,22.2076],[105.2994,22.2063],[105.2963,22.2084],[105.2927,22.2078],[105.2897,22.2086],[105.288,22.2081],[105.2859,22.2094],[105.2829,22.2093],[105.28,22.2098],[105.2783,22.2107],[105.2732,22.2119],[105.2709,22.2119],[105.2669,22.2125],[105.265,22.2132],[105.263,22.2121],[105.2625,22.2104],[105.2604,22.2089],[105.2595,22.2068],[105.2561,22.2064],[105.2531,22.2031],[105.2532,22.2008],[105.2516,22.1996],[105.2498,22.2003],[105.2479,22.1999],[105.245,22.1999],[105.2415,22.1976],[105.2377,22.1971],[105.2357,22.202],[105.2317,22.2056],[105.2315,22.2072],[105.2341,22.2077],[105.2354,22.2099],[105.2351,22.211],[105.2379,22.2152],[105.2375,22.2173],[105.2366,22.2177],[105.2356,22.2153],[105.234,22.2142],[105.2323,22.2144],[105.2316,22.2175],[105.2279,22.2177],[105.2251,22.216],[105.2241,22.2206],[105.2271,22.221],[105.2274,22.223],[105.2249,22.2256],[105.222,22.222],[105.2178,22.222],[105.2162,22.2216],[105.2147,22.2227],[105.2111,22.2228],[105.2085,22.2222],[105.2068,22.2242],[105.2031,22.224],[105.2013,22.2249],[105.2,22.2243],[105.198,22.226],[105.1987,22.2283],[105.1974,22.2294],[105.1946,22.2294],[105.1942,22.2305],[105.192,22.2316],[105.19,22.2319],[105.189,22.2334],[105.1875,22.2338],[105.1864,22.2357],[105.1822,22.2338],[105.1794,22.2349],[105.1772,22.2335],[105.1758,22.2333],[105.1739,22.2345],[105.1711,22.2374],[105.1706,22.2402],[105.1719,22.2409],[105.1714,22.2423],[105.174,22.2451],[105.1711,22.249],[105.1712,22.2521],[105.1704,22.2539],[105.1717,22.2585],[105.1704,22.2622],[105.1694,22.263],[105.1675,22.2666],[105.1667,22.2675],[105.1653,22.2709],[105.164,22.2721],[105.1648,22.2759],[105.1622,22.2759],[105.1586,22.273],[105.1567,22.272],[105.1556,22.2757],[105.1541,22.2764],[105.1546,22.2797],[105.1503,22.2834],[105.149,22.2854],[105.147,22.2873],[105.1471,22.2882],[105.1455,22.2909],[105.1416,22.2929],[105.1398,22.2948],[105.1324,22.2961],[105.1286,22.2989],[105.1244,22.3059],[105.1204,22.3074],[105.118,22.3105],[105.1176,22.3132],[105.114,22.3157],[105.1122,22.3179],[105.113,22.3184],[105.1134,22.3214],[105.115,22.3215],[105.1192,22.3236],[105.121,22.325],[105.1227,22.3278],[105.1242,22.3284],[105.1268,22.3307],[105.1283,22.333],[105.1303,22.3303],[105.1338,22.3266],[105.1352,22.327],[105.1369,22.3266],[105.14,22.3272],[105.1428,22.325],[105.1463,22.3249],[105.1474,22.3232],[105.1493,22.3218],[105.1509,22.3192],[105.1535,22.3174],[105.158,22.3187],[105.1598,22.3169],[105.163,22.316],[105.1628,22.3138],[105.1645,22.3113],[105.1673,22.3112],[105.1713,22.3087],[105.1726,22.3075],[105.176,22.3059],[105.1827,22.3042],[105.184,22.3055],[105.187,22.3053],[105.1903,22.3044],[105.1918,22.3052],[105.1955,22.3062],[105.1982,22.3026],[105.1994,22.3021],[105.2011,22.2994],[105.2028,22.2982],[105.2039,22.2945],[105.2078,22.289],[105.2092,22.2882],[105.2108,22.289],[105.2129,22.2932],[105.2157,22.2937],[105.2169,22.291],[105.216,22.2894],[105.2173,22.2867],[105.2166,22.2851],[105.2169,22.2833],[105.2165,22.2794],[105.2181,22.2787],[105.2182,22.2756],[105.2192,22.2725],[105.2214,22.2723],[105.2224,22.2704],[105.2243,22.2693],[105.2241,22.2672],[105.2247,22.2656],[105.2276,22.2644],[105.2301,22.2641],[105.2303,22.2622],[105.2317,22.2589],[105.2345,22.2582],[105.2401,22.2595],[105.242,22.2613],[105.2443,22.2603],[105.2528,22.2582],[105.2562,22.2589],[105.2587,22.2611],[105.2616,22.2601],[105.2627,22.261],[105.2654,22.259],[105.2691,22.255],[105.272,22.2576],[105.2728,22.2602],[105.2752,22.2615],[105.2756,22.2637],[105.2775,22.2649],[105.277,22.2674],[105.2779,22.2682],[105.2777,22.2768]]]},"properties":{"name":"Tân Mỹ","level":"ward"}},{"type":"Feature","geometry":{"type":"Polygon","coordinates":[[[105.351,22.2639],[105.3525,22.2653],[105.3555,22.2691],[105.359,22.2703],[105.3613,22.2696],[105.3655,22.2704],[105.3684,22.2697],[105.3717,22.2702],[105.3752,22.2699],[105.3775,22.271],[105.3814,22.2696],[105.3833,22.2677],[105.3853,22.2672],[105.3906,22.2634],[105.3943,22.2624],[105.4001,22.2633],[105.4034,22.2648],[105.4058,22.2682],[105.4079,22.2698],[105.4114,22.2715],[105.4132,22.2714],[105.4153,22.2703],[105.4166,22.2666],[105.4218,22.2616],[105.4259,22.2593],[105.4298,22.2582],[105.433,22.2589],[105.4356,22.2584],[105.4369,22.2557],[105.4389,22.2548],[105.4373,22.2515],[105.4383,22.2496],[105.438,22.2484],[105.4385,22.2439],[105.4372,22.2434],[105.436,22.2396],[105.4398,22.2376],[105.4413,22.2321],[105.441,22.2307],[105.4394,22.2306],[105.4356,22.2281],[105.4353,22.2267],[105.4355,22.2222],[105.4341,22.2195],[105.4347,22.2178],[105.4341,22.2159],[105.4315,22.2164],[105.4309,22.2144],[105.4322,22.2128],[105.433,22.2107],[105.4346,22.2099],[105.4361,22.208],[105.4378,22.2072],[105.4388,22.2057],[105.4437,22.2006],[105.4452,22.1982],[105.4452,22.1972],[105.4485,22.1945],[105.4493,22.1915],[105.4516,22.1896],[105.4546,22.1879],[105.4561,22.1877],[105.4587,22.1896],[105.4608,22.19],[105.4602,22.1871],[105.4604,22.1854],[105.4623,22.1842],[105.4633,22.1807],[105.4614,22.1784],[105.4612,22.1729],[105.4631,22.171],[105.4622,22.1692],[105.4588,22.1666],[105.4542,22.1645],[105.4539,22.1618],[105.4497,22.1611],[105.446,22.1599],[105.4425,22.1597],[105.4398,22.157],[105.44,22.1544],[105.4388,22.1522],[105.4388,22.1501],[105.4379,22.1482],[105.4345,22.1487],[105.4319,22.1476],[105.4303,22.149],[105.4273,22.1495],[105.4272,22.1568],[105.4247,22.1602],[105.4182,22.1612],[105.4139,22.1606],[105.4118,22.1599],[105.4084,22.1576],[105.4064,22.1558],[105.4048,22.1568],[105.4039,22.1583],[105.402,22.1598],[105.3981,22.1603],[105.3991,22.1615],[105.3992,22.1644],[105.3982,22.1693],[105.3986,22.1716],[105.401,22.1729],[105.4034,22.1779],[105.4027,22.1808],[105.3991,22.1808],[105.3939,22.182],[105.3895,22.1843],[105.386,22.1838],[105.3842,22.1852],[105.3792,22.1875],[105.3788,22.1887],[105.376,22.1905],[105.3743,22.189],[105.3724,22.1892],[105.3693,22.1915],[105.3681,22.194],[105.3661,22.1942],[105.3646,22.1935],[105.3629,22.1938],[105.3619,22.1955],[105.3619,22.1984],[105.3602,22.1983],[105.3554,22.2012],[105.3532,22.2012],[105.3512,22.2032],[105.3497,22.2033],[105.3487,22.2069],[105.3432,22.208],[105.3406,22.2074],[105.3394,22.2079],[105.3344,22.2077],[105.3319,22.2084],[105.3288,22.2087],[105.3298,22.2111],[105.3299,22.2138],[105.3319,22.2171],[105.3352,22.2193],[105.3386,22.2208],[105.3404,22.2242],[105.3389,22.2295],[105.3395,22.2359],[105.3417,22.2371],[105.3448,22.2379],[105.3464,22.2394],[105.3474,22.2432],[105.3488,22.2446],[105.3504,22.2481],[105.353,22.2506],[105.3534,22.2525],[105.3547,22.2546],[105.3527,22.2587],[105.3511,22.2607],[105.351,22.2639]]]},"properties":{"name":"Yên Lập","level":"ward"}},{"type":"Feature","geometry":{"type":"Polygon","coordinates":[[[105.2357,22.202],[105.2342,22.2011],[105.2309,22.1961],[105.2287,22.1949],[105.2287,22.1904],[105.2304,22.1887],[105.2301,22.1849],[105.231,22.1805],[105.2259,22.1806],[105.2232,22.1783],[105.2215,22.1776],[105.2199,22.1785],[105.2176,22.1788],[105.2157,22.1763],[105.2126,22.1765],[105.2104,22.1782],[105.2087,22.1779],[105.2071,22.1764],[105.2027,22.1769],[105.1993,22.1751],[105.1989,22.1729],[105.1964,22.1696],[105.196,22.1665],[105.1932,22.164],[105.1926,22.1622],[105.1887,22.1596],[105.1853,22.16],[105.1797,22.1616],[105.1762,22.1614],[105.1747,22.1608],[105.17,22.1609],[105.1653,22.1586],[105.1643,22.1567],[105.162,22.1577],[105.1614,22.1595],[105.1583,22.1615],[105.1557,22.1614],[105.1524,22.1642],[105.1512,22.1664],[105.1507,22.1686],[105.1478,22.1704],[105.1468,22.1716],[105.1465,22.1755],[105.1445,22.1764],[105.1429,22.1794],[105.143,22.1809],[105.1412,22.184],[105.1411,22.1852],[105.1378,22.1853],[105.1334,22.184],[105.1316,22.1842],[105.1306,22.1831],[105.1295,22.1792],[105.1257,22.1788],[105.1246,22.1758],[105.1226,22.1781],[105.1205,22.1788],[105.1181,22.1818],[105.1174,22.1843],[105.1154,22.185],[105.1134,22.1846],[105.1111,22.1856],[105.1081,22.1844],[105.1053,22.1865],[105.1072,22.1877],[105.1054,22.1895],[105.1047,22.1913],[105.1027,22.1942],[105.1004,22.1964],[105.0994,22.1988],[105.096,22.2021],[105.0945,22.206],[105.0914,22.2085],[105.087,22.2089],[105.085,22.2134],[105.0864,22.2147],[105.0858,22.2157],[105.0859,22.2182],[105.0828,22.2196],[105.0817,22.221],[105.0778,22.2206],[105.0766,22.221],[105.0763,22.2231],[105.0744,22.226],[105.0751,22.2285],[105.0762,22.2316],[105.0771,22.2367],[105.0785,22.2396],[105.0818,22.243],[105.0819,22.245],[105.0848,22.2473],[105.0855,22.2484],[105.0872,22.2491],[105.0892,22.251],[105.0929,22.2527],[105.0976,22.2525],[105.101,22.254],[105.1025,22.2582],[105.1055,22.2629],[105.106,22.2646],[105.1073,22.2666],[105.1074,22.2709],[105.1066,22.2736],[105.1067,22.2751],[105.1053,22.278],[105.1058,22.2787],[105.1097,22.2798],[105.1145,22.2822],[105.1159,22.2816],[105.1188,22.2829],[105.1197,22.2846],[105.1216,22.2832],[105.125,22.2829],[105.1262,22.2818],[105.1276,22.2824],[105.1284,22.2872],[105.1293,22.2882],[105.1297,22.2904],[105.1312,22.2917],[105.1324,22.2961],[105.1398,22.2948],[105.1416,22.2929],[105.1455,22.2909],[105.1471,22.2882],[105.147,22.2873],[105.149,22.2854],[105.1503,22.2834],[105.1546,22.2797],[105.1541,22.2764],[105.1556,22.2757],[105.1567,22.272],[105.1586,22.273],[105.1622,22.2759],[105.1648,22.2759],[105.164,22.2721],[105.1653,22.2709],[105.1667,22.2675],[105.1675,22.2666],[105.1694,22.263],[105.1704,22.2622],[105.1717,22.2585],[105.1704,22.2539],[105.1712,22.2521],[105.1711,22.249],[105.174,22.2451],[105.1714,22.2423],[105.1719,22.2409],[105.1706,22.2402],[105.1711,22.2374],[105.1739,22.2345],[105.1758,22.2333],[105.1772,22.2335],[105.1794,22.2349],[105.1822,22.2338],[105.1864,22.2357],[105.1875,22.2338],[105.189,22.2334],[105.19,22.2319],[105.192,22.2316],[105.1942,22.2305],[105.1946,22.2294],[105.1974,22.2294],[105.1987,22.2283],[105.198,22.226],[105.2,22.2243],[105.2013,22.2249],[105.2031,22.224],[105.2068,22.2242],[105.2085,22.2222],[105.2111,22.2228],[105.2147,22.2227],[105.2162,22.2216],[105.2178,22.222],[105.222,22.222],[105.2249,22.2256],[105.2274,22.223],[105.2271,22.221],[105.2241,22.2206],[105.2251,22.216],[105.2279,22.2177],[105.2316,22.2175],[105.2323,22.2144],[105.234,22.2142],[105.2356,22.2153],[105.2366,22.2177],[105.2375,22.2173],[105.2379,22.2152],[105.2351,22.211],[105.2354,22.2099],[105.2341,22.2077],[105.2315,22.2072],[105.2317,22.2056],[105.2357,22.202]]]},"properties":{"name":"Tân An","level":"ward"}},{"type":"Feature","geometry":{"type":"Polygon","coordinates":[[[105.339,22.1408],[105.3389,22.1425],[105.3398,22.1442],[105.3384,22.1468],[105.3373,22.1521],[105.3375,22.153],[105.3363,22.155],[105.335,22.1558],[105.3345,22.1575],[105.3331,22.1587],[105.33,22.1585],[105.3282,22.1579],[105.3266,22.1586],[105.3265,22.1614],[105.3233,22.165],[105.3228,22.1677],[105.3234,22.1692],[105.3216,22.173],[105.3213,22.1755],[105.322,22.1781],[105.3218,22.1812],[105.3237,22.182],[105.3277,22.1824],[105.3301,22.1807],[105.3308,22.1816],[105.3339,22.1812],[105.3326,22.1842],[105.3345,22.1849],[105.3403,22.1847],[105.3413,22.1869],[105.3426,22.1875],[105.3424,22.189],[105.3411,22.1896],[105.3403,22.1914],[105.3368,22.1955],[105.3395,22.1956],[105.3396,22.1975],[105.339,22.1997],[105.3401,22.2004],[105.3415,22.2037],[105.343,22.2052],[105.3432,22.208],[105.3487,22.2069],[105.3497,22.2033],[105.3512,22.2032],[105.3532,22.2012],[105.3554,22.2012],[105.3602,22.1983],[105.3619,22.1984],[105.3619,22.1955],[105.3629,22.1938],[105.3646,22.1935],[105.3661,22.1942],[105.3681,22.194],[105.3693,22.1915],[105.3724,22.1892],[105.3743,22.189],[105.376,22.1905],[105.3788,22.1887],[105.3792,22.1875],[105.3842,22.1852],[105.386,22.1838],[105.3895,22.1843],[105.3939,22.182],[105.3991,22.1808],[105.4027,22.1808],[105.4034,22.1779],[105.401,22.1729],[105.3986,22.1716],[105.3982,22.1693],[105.3992,22.1644],[105.3991,22.1615],[105.3981,22.1603],[105.402,22.1598],[105.4039,22.1583],[105.4048,22.1568],[105.4064,22.1558],[105.4084,22.1576],[105.4118,22.1599],[105.4139,22.1606],[105.4182,22.1612],[105.4247,22.1602],[105.4272,22.1568],[105.4273,22.1495],[105.4303,22.149],[105.4319,22.1476],[105.4345,22.1487],[105.4379,22.1482],[105.4388,22.1501],[105.4388,22.1522],[105.44,22.1544],[105.4398,22.157],[105.4425,22.1597],[105.446,22.1599],[105.4497,22.1611],[105.4539,22.1618],[105.4542,22.1645],[105.4588,22.1666],[105.4622,22.1692],[105.4659,22.166],[105.47,22.1602],[105.4729,22.1621],[105.475,22.162],[105.476,22.1634],[105.4786,22.1633],[105.4798,22.1622],[105.4826,22.1615],[105.4835,22.162],[105.4857,22.1601],[105.4909,22.1583],[105.4935,22.1577],[105.4935,22.1563],[105.492,22.1541],[105.4931,22.1528],[105.4938,22.1507],[105.4909,22.1512],[105.4878,22.15],[105.4819,22.1458],[105.4816,22.1437],[105.4737,22.1369],[105.4753,22.1339],[105.4763,22.1292],[105.4753,22.1267],[105.4732,22.1254],[105.4702,22.1258],[105.4691,22.125],[105.4687,22.1232],[105.467,22.1214],[105.4655,22.1212],[105.4648,22.1197],[105.4654,22.1175],[105.4634,22.1161],[105.4626,22.1143],[105.4644,22.1119],[105.4634,22.1081],[105.4655,22.1031],[105.4692,22.1028],[105.4714,22.1011],[105.4721,22.0977],[105.4734,22.0974],[105.4735,22.0956],[105.4691,22.0914],[105.4681,22.0896],[105.4685,22.0868],[105.4697,22.0847],[105.4694,22.0811],[105.4656,22.0775],[105.4636,22.0766],[105.4627,22.0744],[105.4604,22.0721],[105.4567,22.0722],[105.4532,22.073],[105.4476,22.0709],[105.447,22.0675],[105.4462,22.066],[105.444,22.0654],[105.4414,22.0619],[105.4392,22.061],[105.4358,22.0586],[105.432,22.0607],[105.4307,22.0633],[105.4293,22.0683],[105.4294,22.0708],[105.4274,22.0727],[105.4237,22.074],[105.4227,22.078],[105.4219,22.0799],[105.4192,22.0808],[105.4127,22.0794],[105.4108,22.0831],[105.4081,22.0855],[105.4069,22.0873],[105.4064,22.0898],[105.4039,22.0919],[105.3981,22.0937],[105.396,22.0936],[105.3929,22.0946],[105.3914,22.0988],[105.389,22.1006],[105.3838,22.1008],[105.3811,22.1025],[105.3804,22.1041],[105.3745,22.1056],[105.3681,22.1045],[105.3656,22.1059],[105.3639,22.1051],[105.363,22.1066],[105.3644,22.1087],[105.3644,22.1102],[105.3656,22.1117],[105.3638,22.1153],[105.3629,22.1187],[105.363,22.1213],[105.3611,22.1241],[105.3598,22.13],[105.3559,22.1293],[105.3537,22.1285],[105.3528,22.129],[105.3523,22.131],[105.3528,22.1355],[105.3525,22.138],[105.3489,22.1384],[105.3468,22.1398],[105.3438,22.1412],[105.3424,22.1402],[105.3407,22.1401],[105.339,22.1408]]]},"properties":{"name":"Kiên Đài","level":"ward"}},{"type":"Feature","geometry":{"type":"Polygon","coordinates":[[[105.2814,22.0785],[105.2841,22.0826],[105.2857,22.084],[105.2877,22.0878],[105.2867,22.0907],[105.2803,22.0932],[105.2779,22.0947],[105.2749,22.1002],[105.2694,22.1049],[105.268,22.1073],[105.2657,22.1145],[105.2658,22.1157],[105.2707,22.1164],[105.274,22.1164],[105.2771,22.1178],[105.2776,22.1191],[105.2808,22.1189],[105.2825,22.1194],[105.2847,22.1181],[105.2861,22.1188],[105.2914,22.1195],[105.2952,22.121],[105.3,22.1218],[105.3002,22.1232],[105.3057,22.1248],[105.3082,22.125],[105.3103,22.1261],[105.3116,22.1278],[105.3136,22.1293],[105.3212,22.1326],[105.3225,22.1344],[105.3252,22.1342],[105.3301,22.1372],[105.3332,22.1375],[105.3356,22.1394],[105.339,22.1408],[105.3407,22.1401],[105.3424,22.1402],[105.3438,22.1412],[105.3468,22.1398],[105.3489,22.1384],[105.3525,22.138],[105.3528,22.1355],[105.3523,22.131],[105.3528,22.129],[105.3537,22.1285],[105.3559,22.1293],[105.3598,22.13],[105.3611,22.1241],[105.363,22.1213],[105.3629,22.1187],[105.3638,22.1153],[105.3656,22.1117],[105.3644,22.1102],[105.3644,22.1087],[105.363,22.1066],[105.3639,22.1051],[105.363,22.1039],[105.3611,22.1041],[105.3572,22.1034],[105.3566,22.1026],[105.3516,22.1017],[105.3495,22.099],[105.3481,22.0987],[105.3456,22.0954],[105.3464,22.0902],[105.3483,22.0876],[105.3475,22.0847],[105.3451,22.0834],[105.3436,22.0818],[105.343,22.0774],[105.3448,22.0766],[105.346,22.0769],[105.3506,22.0763],[105.3524,22.0716],[105.3536,22.0711],[105.3545,22.0675],[105.3527,22.0649],[105.3527,22.0637],[105.3542,22.0615],[105.3533,22.0593],[105.3534,22.0559],[105.3546,22.0551],[105.3533,22.0508],[105.3561,22.045],[105.3528,22.0368],[105.3528,22.0357],[105.3496,22.0369],[105.3464,22.036],[105.3434,22.037],[105.3395,22.0356],[105.336,22.0354],[105.3341,22.0397],[105.3281,22.0393],[105.3261,22.0396],[105.3248,22.0411],[105.3224,22.0396],[105.3208,22.0396],[105.3185,22.0362],[105.3175,22.0356],[105.3163,22.0307],[105.3143,22.0299],[105.3116,22.0279],[105.3085,22.0246],[105.3082,22.0227],[105.306,22.0224],[105.3048,22.0215],[105.3024,22.0239],[105.2991,22.0225],[105.2956,22.022],[105.2939,22.0197],[105.2938,22.0176],[105.2889,22.0131],[105.2865,22.013],[105.2851,22.0143],[105.2849,22.0158],[105.283,22.017],[105.2806,22.0174],[105.2798,22.0185],[105.2769,22.0207],[105.2755,22.0213],[105.2744,22.023],[105.2676,22.0234],[105.2638,22.0207],[105.2591,22.0192],[105.2567,22.019],[105.2583,22.0202],[105.2607,22.0232],[105.2599,22.0286],[105.2588,22.0308],[105.2584,22.0328],[105.2597,22.0366],[105.261,22.0383],[105.2656,22.0413],[105.2676,22.0441],[105.2696,22.0453],[105.2715,22.0474],[105.2766,22.0524],[105.2773,22.054],[105.2803,22.0576],[105.281,22.0609],[105.2821,22.0627],[105.2842,22.0638],[105.2886,22.0649],[105.2888,22.0665],[105.2874,22.0678],[105.2838,22.0694],[105.2818,22.072],[105.281,22.0752],[105.2814,22.0785]]]},"properties":{"name":"Kim Bình","level":"ward"}},{"type":"Feature","geometry":{"type":"Polygon","coordinates":[[[105.1932,22.164],[105.2005,22.1611],[105.2053,22.1568],[105.2072,22.156],[105.2082,22.1544],[105.2094,22.1542],[105.2119,22.1525],[105.2122,22.1509],[105.2155,22.15],[105.2179,22.1507],[105.2187,22.1486],[105.2215,22.1514],[105.2239,22.1513],[105.2268,22.1521],[105.2314,22.1516],[105.2326,22.1509],[105.2345,22.1485],[105.2351,22.1462],[105.2351,22.1417],[105.2363,22.1384],[105.2384,22.1346],[105.2388,22.133],[105.24,22.1324],[105.2431,22.1323],[105.2444,22.1304],[105.2435,22.1298],[105.2432,22.1277],[105.2419,22.1248],[105.2398,22.124],[105.2411,22.1206],[105.2387,22.12],[105.2382,22.1189],[105.241,22.1158],[105.2411,22.1113],[105.242,22.1109],[105.2458,22.1111],[105.2502,22.1125],[105.2526,22.1079],[105.2566,22.1063],[105.258,22.1067],[105.2595,22.1048],[105.2578,22.1037],[105.2582,22.1013],[105.2606,22.0998],[105.2648,22.099],[105.2669,22.0964],[105.2684,22.0955],[105.2719,22.0918],[105.2748,22.0908],[105.2776,22.0882],[105.2753,22.0875],[105.2728,22.0876],[105.2752,22.0838],[105.2748,22.0822],[105.2779,22.0831],[105.278,22.0805],[105.2801,22.0798],[105.2814,22.0785],[105.281,22.0752],[105.2818,22.072],[105.2838,22.0694],[105.2874,22.0678],[105.2888,22.0665],[105.2886,22.0649],[105.2842,22.0638],[105.2821,22.0627],[105.281,22.0609],[105.2803,22.0576],[105.2773,22.054],[105.2766,22.0524],[105.2715,22.0474],[105.2696,22.0453],[105.2676,22.0441],[105.2656,22.0413],[105.261,22.0383],[105.2597,22.0366],[105.2584,22.0328],[105.2588,22.0308],[105.2599,22.0286],[105.2607,22.0232],[105.2583,22.0202],[105.2567,22.019],[105.2548,22.0168],[105.2519,22.017],[105.2494,22.0165],[105.2474,22.0154],[105.2436,22.0154],[105.239,22.0167],[105.2384,22.019],[105.2354,22.0225],[105.2346,22.0253],[105.2355,22.03],[105.237,22.0329],[105.2385,22.0334],[105.241,22.0354],[105.2428,22.0354],[105.2433,22.0384],[105.2412,22.0409],[105.2419,22.0445],[105.2411,22.0456],[105.2408,22.049],[105.2379,22.0557],[105.2378,22.059],[105.236,22.0599],[105.2337,22.0633],[105.2312,22.063],[105.2294,22.0642],[105.2254,22.0631],[105.223,22.0638],[105.2214,22.0653],[105.22,22.0654],[105.2163,22.0692],[105.2149,22.0696],[105.2111,22.0691],[105.2074,22.0691],[105.2067,22.0708],[105.2086,22.0734],[105.2097,22.0756],[105.2108,22.0765],[105.2116,22.0785],[105.2136,22.081],[105.2148,22.0817],[105.2143,22.0854],[105.2164,22.0883],[105.2184,22.0891],[105.2192,22.0903],[105.2185,22.0921],[105.2192,22.0929],[105.2196,22.0957],[105.2191,22.0977],[105.2171,22.0986],[105.2114,22.1053],[105.2114,22.1067],[105.2092,22.1084],[105.2077,22.1134],[105.2054,22.1144],[105.2043,22.116],[105.203,22.1194],[105.2029,22.124],[105.2005,22.1276],[105.1988,22.1284],[105.1986,22.1331],[105.1966,22.1352],[105.1936,22.137],[105.191,22.1408],[105.1897,22.1462],[105.1898,22.1488],[105.1907,22.1517],[105.1906,22.1572],[105.1887,22.1586],[105.1887,22.1596],[105.1926,22.1622],[105.1932,22.164]]]},"properties":{"name":"Hoà An","level":"ward"}},{"type":"Feature","geometry":{"type":"Polygon","coordinates":[[[105.3639,22.1051],[105.3656,22.1059],[105.3681,22.1045],[105.3745,22.1056],[105.3804,22.1041],[105.3811,22.1025],[105.3838,22.1008],[105.389,22.1006],[105.3914,22.0988],[105.3929,22.0946],[105.396,22.0936],[105.3981,22.0937],[105.4039,22.0919],[105.4064,22.0898],[105.4069,22.0873],[105.4081,22.0855],[105.4108,22.0831],[105.4127,22.0794],[105.4192,22.0808],[105.4219,22.0799],[105.4227,22.078],[105.4237,22.074],[105.4274,22.0727],[105.4294,22.0708],[105.4293,22.0683],[105.4307,22.0633],[105.432,22.0607],[105.4358,22.0586],[105.4392,22.061],[105.4414,22.0619],[105.444,22.0654],[105.4462,22.066],[105.447,22.0675],[105.4476,22.0709],[105.4532,22.073],[105.4567,22.0722],[105.4604,22.0721],[105.4627,22.0744],[105.4679,22.0729],[105.4679,22.0704],[105.4691,22.0684],[105.4712,22.0686],[105.4739,22.0675],[105.4746,22.0651],[105.4732,22.0637],[105.4735,22.0608],[105.4754,22.0577],[105.4775,22.0567],[105.4779,22.0552],[105.4807,22.0538],[105.4824,22.0498],[105.4847,22.0497],[105.4873,22.0476],[105.4887,22.0449],[105.4874,22.0412],[105.4882,22.0394],[105.4904,22.0387],[105.4905,22.035],[105.4887,22.0321],[105.4898,22.0303],[105.4862,22.0285],[105.4833,22.0288],[105.4817,22.0278],[105.4787,22.0271],[105.4776,22.0256],[105.4787,22.0236],[105.4792,22.0209],[105.479,22.0192],[105.4797,22.0167],[105.4817,22.015],[105.4814,22.0105],[105.4802,22.0072],[105.4758,22.0055],[105.4734,22.0042],[105.4711,21.9992],[105.4687,21.9964],[105.4679,21.9941],[105.4645,21.9933],[105.4636,21.9904],[105.4645,21.9871],[105.4641,21.9824],[105.4647,21.9795],[105.4641,21.977],[105.4636,21.9716],[105.4628,21.9705],[105.4629,21.9687],[105.4616,21.9666],[105.4597,21.9659],[105.4563,21.9633],[105.4498,21.9629],[105.4462,21.9631],[105.4453,21.9642],[105.4427,21.9655],[105.4398,21.966],[105.4379,21.9652],[105.4365,21.9636],[105.4341,21.9637],[105.4339,21.9614],[105.4316,21.9593],[105.4269,21.958],[105.4256,21.9559],[105.4232,21.9558],[105.4221,21.9529],[105.4189,21.9494],[105.4176,21.9481],[105.4156,21.9486],[105.4153,21.9475],[105.409,21.9461],[105.4084,21.9435],[105.4062,21.9439],[105.4002,21.942],[105.3986,21.9406],[105.3967,21.9419],[105.395,21.942],[105.3915,21.9436],[105.3902,21.9435],[105.3889,21.9457],[105.3841,21.9478],[105.378,21.948],[105.3771,21.9491],[105.3769,21.9519],[105.3757,21.9545],[105.3748,21.9554],[105.375,21.9576],[105.3735,21.9594],[105.3716,21.96],[105.3703,21.9623],[105.3716,21.9627],[105.3755,21.966],[105.3758,21.9679],[105.3774,21.9697],[105.3772,21.9721],[105.3756,21.9739],[105.3756,21.976],[105.3728,21.979],[105.373,21.9814],[105.3718,21.9838],[105.3735,21.9861],[105.3726,21.9895],[105.3712,21.9918],[105.3686,21.9925],[105.3663,21.9943],[105.3647,21.9939],[105.3659,21.9981],[105.3669,21.9993],[105.3675,22.0029],[105.3664,22.0046],[105.3682,22.0079],[105.3677,22.0101],[105.3677,22.0137],[105.3681,22.0145],[105.3654,22.0159],[105.3636,22.0159],[105.3628,22.0194],[105.3635,22.021],[105.362,22.0226],[105.3595,22.0226],[105.3589,22.0257],[105.356,22.0287],[105.357,22.031],[105.356,22.0331],[105.3528,22.0357],[105.3528,22.0368],[105.3561,22.045],[105.3533,22.0508],[105.3546,22.0551],[105.3534,22.0559],[105.3533,22.0593],[105.3542,22.0615],[105.3527,22.0637],[105.3527,22.0649],[105.3545,22.0675],[105.3536,22.0711],[105.3524,22.0716],[105.3506,22.0763],[105.346,22.0769],[105.3448,22.0766],[105.343,22.0774],[105.3436,22.0818],[105.3451,22.0834],[105.3475,22.0847],[105.3483,22.0876],[105.3464,22.0902],[105.3456,22.0954],[105.3481,22.0987],[105.3495,22.099],[105.3516,22.1017],[105.3566,22.1026],[105.3572,22.1034],[105.3611,22.1041],[105.363,22.1039],[105.3639,22.1051]]]},"properties":{"name":"Tri Phú","level":"ward"}},{"type":"Feature","geometry":{"type":"Polygon","coordinates":[[[105.1246,22.1758],[105.1257,22.1788],[105.1295,22.1792],[105.1306,22.1831],[105.1316,22.1842],[105.1334,22.184],[105.1378,22.1853],[105.1411,22.1852],[105.1412,22.184],[105.143,22.1809],[105.1429,22.1794],[105.1445,22.1764],[105.1465,22.1755],[105.1468,22.1716],[105.1478,22.1704],[105.1507,22.1686],[105.1512,22.1664],[105.1524,22.1642],[105.1557,22.1614],[105.1583,22.1615],[105.1614,22.1595],[105.162,22.1577],[105.1643,22.1567],[105.1653,22.1586],[105.17,22.1609],[105.1747,22.1608],[105.1762,22.1614],[105.1797,22.1616],[105.1853,22.16],[105.1887,22.1596],[105.1887,22.1586],[105.1906,22.1572],[105.1907,22.1517],[105.1898,22.1488],[105.1897,22.1462],[105.191,22.1408],[105.1936,22.137],[105.1966,22.1352],[105.1986,22.1331],[105.1988,22.1284],[105.2005,22.1276],[105.2029,22.124],[105.203,22.1194],[105.2043,22.116],[105.2054,22.1144],[105.2077,22.1134],[105.2092,22.1084],[105.2114,22.1067],[105.2114,22.1053],[105.2171,22.0986],[105.2191,22.0977],[105.2196,22.0957],[105.2192,22.0929],[105.2185,22.0921],[105.2192,22.0903],[105.2184,22.0891],[105.2164,22.0883],[105.2143,22.0854],[105.2148,22.0817],[105.2136,22.081],[105.2116,22.0785],[105.2108,22.0765],[105.2097,22.0756],[105.2086,22.0734],[105.2067,22.0708],[105.2074,22.0691],[105.2087,22.0649],[105.2073,22.0622],[105.2045,22.0608],[105.2032,22.0611],[105.2016,22.0586],[105.2022,22.0564],[105.2013,22.0528],[105.1988,22.0512],[105.1986,22.0495],[105.1944,22.0471],[105.1944,22.0461],[105.1905,22.0418],[105.1861,22.0401],[105.184,22.0401],[105.1832,22.0377],[105.1817,22.0374],[105.1794,22.036],[105.1765,22.0359],[105.1747,22.0343],[105.1743,22.0321],[105.1757,22.0282],[105.1735,22.0267],[105.1727,22.0241],[105.173,22.0189],[105.1736,22.0179],[105.1711,22.0157],[105.1677,22.0163],[105.1672,22.0143],[105.1635,22.0129],[105.159,22.013],[105.1586,22.015],[105.1546,22.0155],[105.151,22.0188],[105.1484,22.0203],[105.1452,22.02],[105.1453,22.0215],[105.1442,22.0233],[105.1384,22.0254],[105.1389,22.0266],[105.1377,22.0299],[105.1383,22.0319],[105.1377,22.0339],[105.1383,22.0359],[105.1401,22.0362],[105.1405,22.038],[105.1392,22.04],[105.1416,22.0416],[105.1415,22.0425],[105.1432,22.0445],[105.149,22.0465],[105.1521,22.0481],[105.1537,22.0479],[105.1552,22.0487],[105.1562,22.0509],[105.1581,22.0518],[105.1595,22.0513],[105.1635,22.0531],[105.1631,22.0582],[105.1592,22.0584],[105.1583,22.0598],[105.1562,22.0608],[105.1577,22.0637],[105.1554,22.0651],[105.1535,22.0681],[105.1507,22.0705],[105.1499,22.0724],[105.1483,22.0737],[105.1476,22.0783],[105.1483,22.081],[105.1503,22.0827],[105.1522,22.0867],[105.154,22.0868],[105.1565,22.0878],[105.1585,22.09],[105.1589,22.0917],[105.1575,22.0941],[105.1569,22.0963],[105.1568,22.0993],[105.1574,22.1012],[105.157,22.1065],[105.1538,22.1077],[105.1528,22.1099],[105.1481,22.1102],[105.1447,22.1097],[105.1437,22.1118],[105.1427,22.1175],[105.1415,22.119],[105.1415,22.1206],[105.1392,22.1221],[105.1365,22.1246],[105.1352,22.1248],[105.1329,22.1266],[105.1325,22.1281],[105.1305,22.1303],[105.1277,22.1309],[105.1219,22.1333],[105.1195,22.1352],[105.1198,22.1385],[105.1224,22.1413],[105.1258,22.1429],[105.1274,22.1451],[105.1282,22.1473],[105.1267,22.149],[105.1252,22.149],[105.1236,22.1518],[105.1211,22.1527],[105.1209,22.1551],[105.1236,22.1556],[105.1239,22.1571],[105.1268,22.1592],[105.127,22.1611],[105.1245,22.1632],[105.1241,22.1654],[105.122,22.1661],[105.1214,22.1674],[105.1224,22.169],[105.1231,22.172],[105.1247,22.1726],[105.1246,22.1758]]]},"properties":{"name":"Yên Nguyên","level":"ward"}},{"type":"Feature","geometry":{"type":"Polygon","coordinates":[[[105.0635,22.1393],[105.0659,22.1376],[105.0682,22.1369],[105.0697,22.1353],[105.0718,22.1312],[105.072,22.1259],[105.0734,22.1215],[105.0748,22.1216],[105.0773,22.1179],[105.0795,22.117],[105.0812,22.113],[105.0847,22.111],[105.0877,22.1108],[105.0929,22.1088],[105.0942,22.1094],[105.0952,22.1077],[105.0938,22.1065],[105.0942,22.105],[105.0951,22.0979],[105.0948,22.0962],[105.0932,22.0952],[105.0923,22.0932],[105.095,22.09],[105.0981,22.0874],[105.1,22.0886],[105.1042,22.087],[105.1022,22.0829],[105.1018,22.0803],[105.1006,22.0754],[105.1018,22.0745],[105.1012,22.072],[105.1019,22.0699],[105.1042,22.0684],[105.1041,22.0664],[105.1026,22.0624],[105.1009,22.0599],[105.0969,22.0581],[105.0921,22.0578],[105.0899,22.0563],[105.0863,22.0598],[105.0786,22.0626],[105.0761,22.0643],[105.0736,22.0651],[105.0678,22.0636],[105.0656,22.062],[105.0648,22.0602],[105.0634,22.059],[105.0592,22.0587],[105.0607,22.0572],[105.0608,22.0532],[105.0603,22.0507],[105.0582,22.0497],[105.0583,22.0488],[105.0551,22.0416],[105.0529,22.042],[105.0498,22.0401],[105.0525,22.0364],[105.0533,22.0323],[105.0549,22.0311],[105.0533,22.0273],[105.0541,22.0253],[105.0553,22.0243],[105.0542,22.0227],[105.0538,22.0191],[105.0554,22.0165],[105.0552,22.0147],[105.0526,22.0145],[105.0506,22.0117],[105.0505,22.0098],[105.0519,22.008],[105.0516,22.0061],[105.0489,22.0028],[105.0462,22.0031],[105.0421,22.0023],[105.0385,22.003],[105.0361,22.0014],[105.0362,21.9998],[105.0371,21.9974],[105.0347,21.993],[105.0325,21.9917],[105.029,21.9875],[105.0275,21.987],[105.0252,21.9875],[105.0235,21.9869],[105.02,21.9843],[105.019,21.978],[105.0208,21.9764],[105.0205,21.9709],[105.022,21.9689],[105.019,21.9662],[105.0177,21.9638],[105.0176,21.962],[105.0167,21.9611],[105.019,21.9573],[105.0239,21.9513],[105.0255,21.9502],[105.0231,21.9487],[105.0211,21.9448],[105.0203,21.9443],[105.0205,21.9413],[105.021,21.9406],[105.021,21.938],[105.0191,21.9357],[105.0164,21.9352],[105.0137,21.9356],[105.0122,21.9366],[105.009,21.9372],[105.0078,21.9349],[105.005,21.9347],[105.0025,21.9334],[105,21.9296],[104.9968,21.9287],[104.9933,21.93],[104.9916,21.9302],[104.9893,21.9315],[104.9886,21.9347],[104.9864,21.9363],[104.9873,21.9387],[104.9866,21.9402],[104.9876,21.944],[104.9894,21.9456],[104.9899,21.9484],[104.9908,21.9501],[104.9926,21.9517],[104.9941,21.9579],[104.9949,21.9602],[104.9952,21.9642],[104.9948,21.9675],[104.9927,21.9713],[104.9943,21.9755],[104.994,21.9769],[104.995,21.9787],[104.9973,21.9812],[104.9976,21.9835],[104.9993,21.9864],[104.9996,21.9882],[104.9977,21.9904],[104.9973,21.9923],[104.9944,21.9933],[104.9927,21.9946],[104.9908,21.9951],[104.992,21.9973],[104.9898,22.0016],[104.9898,22.0032],[104.991,22.0052],[104.9916,22.0079],[104.9946,22.0127],[104.9963,22.0143],[104.9943,22.0172],[104.9923,22.0185],[104.9922,22.0205],[104.9945,22.0242],[104.9942,22.0259],[104.9948,22.0279],[104.9938,22.0298],[104.9938,22.0323],[104.9952,22.0359],[104.9961,22.0409],[104.998,22.0426],[104.9968,22.0442],[104.9943,22.0442],[104.9905,22.0454],[104.9863,22.0432],[104.983,22.0422],[104.9801,22.0426],[104.9786,22.0412],[104.9749,22.0414],[104.9725,22.0407],[104.9712,22.0396],[104.9689,22.0353],[104.9693,22.0341],[104.9673,22.0308],[104.9626,22.0288],[104.9592,22.031],[104.9595,22.033],[104.9586,22.034],[104.9595,22.0391],[104.9606,22.0427],[104.9629,22.0434],[104.9633,22.0465],[104.9646,22.0487],[104.9664,22.0492],[104.9698,22.0487],[104.9707,22.049],[104.973,22.0514],[104.9779,22.0536],[104.9799,22.0562],[104.9798,22.0585],[104.9818,22.0602],[104.9822,22.0637],[104.9846,22.0644],[104.9879,22.064],[104.9903,22.0657],[104.9917,22.0644],[104.9951,22.0638],[104.9969,22.0627],[104.9981,22.0603],[104.9997,22.0603],[105.0026,22.0594],[105.0061,22.0571],[105.0085,22.0563],[105.0109,22.0542],[105.0131,22.0538],[105.0135,22.0549],[105.0159,22.056],[105.0175,22.0558],[105.0212,22.0576],[105.0223,22.0576],[105.0238,22.0604],[105.0222,22.0621],[105.023,22.0655],[105.0242,22.0666],[105.0248,22.069],[105.0265,22.0699],[105.0276,22.0719],[105.0274,22.0733],[105.0284,22.0764],[105.0285,22.0805],[105.0282,22.0819],[105.0305,22.0834],[105.028,22.0858],[105.0273,22.0882],[105.0267,22.0922],[105.0234,22.0948],[105.0225,22.0982],[105.0225,22.1022],[105.022,22.1069],[105.0206,22.1092],[105.0167,22.1131],[105.0159,22.1162],[105.0132,22.1201],[105.018,22.1195],[105.0191,22.121],[105.0195,22.1257],[105.0204,22.1265],[105.0255,22.1274],[105.0268,22.1265],[105.0262,22.1253],[105.0275,22.1241],[105.0291,22.1248],[105.0307,22.1268],[105.0337,22.1293],[105.0349,22.1282],[105.0374,22.1281],[105.0378,22.1269],[105.0412,22.1276],[105.0452,22.1302],[105.049,22.1333],[105.0522,22.1338],[105.0536,22.1353],[105.0564,22.1372],[105.0581,22.1373],[105.0604,22.1391],[105.0635,22.1393]]]},"properties":{"name":"Hàm Yên","level":"ward"}},{"type":"Feature","geometry":{"type":"Polygon","coordinates":[[[104.9183,22.2402],[104.9171,22.2461],[104.916,22.2481],[104.9119,22.2484],[104.9088,22.2509],[104.9082,22.252],[104.908,22.2556],[104.9074,22.2584],[104.9038,22.2621],[104.8998,22.2651],[104.897,22.2676],[104.8933,22.2698],[104.8921,22.272],[104.8927,22.274],[104.895,22.2758],[104.897,22.2765],[104.8991,22.2762],[104.9019,22.2751],[104.9049,22.2748],[104.9065,22.276],[104.9084,22.2806],[104.911,22.2823],[104.9112,22.287],[104.9123,22.2887],[104.9146,22.2905],[104.916,22.2905],[104.9194,22.2891],[104.9218,22.2899],[104.9211,22.2929],[104.9163,22.2959],[104.9154,22.2988],[104.9178,22.3018],[104.9182,22.3034],[104.917,22.3061],[104.9145,22.3075],[104.9135,22.3087],[104.9121,22.3115],[104.9093,22.3134],[104.9068,22.3131],[104.9026,22.3153],[104.9007,22.3158],[104.8981,22.3153],[104.8968,22.3163],[104.8961,22.3193],[104.8917,22.3235],[104.8928,22.3259],[104.8955,22.3274],[104.8974,22.3299],[104.8976,22.3312],[104.8964,22.3361],[104.8967,22.3394],[104.8991,22.3415],[104.9003,22.3434],[104.9006,22.3469],[104.8999,22.3502],[104.9038,22.3494],[104.9081,22.3491],[104.9095,22.3479],[104.9112,22.3452],[104.9111,22.3418],[104.9129,22.3393],[104.9147,22.3385],[104.9153,22.336],[104.9178,22.3349],[104.9187,22.3335],[104.9207,22.3329],[104.9231,22.3331],[104.9256,22.3325],[104.928,22.3336],[104.9314,22.3319],[104.9346,22.3327],[104.9344,22.3342],[104.9374,22.335],[104.9392,22.3339],[104.9409,22.33],[104.943,22.3269],[104.9444,22.326],[104.9457,22.3235],[104.9472,22.3231],[104.9493,22.3206],[104.9555,22.3204],[104.9581,22.3181],[104.96,22.3191],[104.9644,22.318],[104.967,22.3192],[104.9703,22.319],[104.9727,22.3201],[104.9773,22.3255],[104.9828,22.3244],[104.9842,22.3236],[104.9846,22.321],[104.9878,22.3182],[104.9881,22.3168],[104.9917,22.3162],[104.9937,22.3148],[104.994,22.3121],[104.9948,22.3105],[104.994,22.3079],[104.9961,22.3054],[104.9962,22.3017],[104.9989,22.3014],[105.0005,22.2999],[105.0052,22.2989],[105.0078,22.2954],[105.0072,22.2934],[105.0059,22.2911],[105.0066,22.2891],[105.0056,22.2855],[105.0038,22.2847],[105.0036,22.2833],[105.0048,22.2821],[105.0072,22.2811],[105.007,22.2785],[105.0084,22.2762],[105.0078,22.2731],[105.007,22.2721],[105.0093,22.2707],[105.01,22.2679],[105.0102,22.2648],[105.0096,22.2629],[105.007,22.2612],[105.0043,22.2613],[105.0006,22.2609],[104.9986,22.2561],[104.996,22.2549],[104.9964,22.2534],[104.9944,22.2511],[104.9955,22.2481],[104.9964,22.2468],[104.9967,22.2413],[104.996,22.2404],[104.9953,22.2379],[104.9939,22.2367],[104.9939,22.2351],[104.9916,22.2307],[104.9875,22.2298],[104.9881,22.2277],[104.9881,22.2253],[104.9892,22.2227],[104.9892,22.2185],[104.9874,22.2149],[104.9851,22.2126],[104.9843,22.2108],[104.9814,22.2107],[104.9801,22.2092],[104.9775,22.212],[104.9756,22.211],[104.9726,22.2087],[104.972,22.2075],[104.9745,22.2051],[104.974,22.2017],[104.9758,22.1994],[104.9765,22.1967],[104.9764,22.1953],[104.974,22.1915],[104.9711,22.1894],[104.9706,22.1862],[104.9695,22.1844],[104.9663,22.1806],[104.9652,22.1811],[104.9632,22.1788],[104.9626,22.1794],[104.9578,22.1806],[104.9556,22.1801],[104.9499,22.1797],[104.9484,22.1805],[104.9447,22.1864],[104.9444,22.1883],[104.9421,22.1909],[104.9376,22.1942],[104.936,22.1974],[104.9334,22.2011],[104.9301,22.2065],[104.9287,22.2116],[104.9249,22.2161],[104.9242,22.2193],[104.9251,22.2244],[104.9245,22.2296],[104.9227,22.2369],[104.922,22.2378],[104.9183,22.2402]]]},"properties":{"name":"Bạch Xa","level":"ward"}},{"type":"Feature","geometry":{"type":"Polygon","coordinates":[[[104.996,22.2404],[104.9974,22.2379],[104.9994,22.2362],[105.0037,22.232],[105.0057,22.2311],[105.0063,22.2293],[105.0056,22.2243],[105.0083,22.2225],[105.0094,22.2245],[105.0127,22.223],[105.0143,22.2226],[105.0192,22.2245],[105.0217,22.224],[105.0229,22.2258],[105.0219,22.2273],[105.0216,22.2295],[105.0201,22.2309],[105.0233,22.2351],[105.0247,22.2379],[105.0278,22.2382],[105.0304,22.241],[105.0341,22.24],[105.0388,22.2372],[105.0411,22.2376],[105.0435,22.2388],[105.048,22.2372],[105.0493,22.2354],[105.0537,22.2341],[105.0553,22.2351],[105.0593,22.2357],[105.0636,22.2317],[105.0652,22.2305],[105.07,22.2298],[105.0751,22.2285],[105.0744,22.226],[105.0763,22.2231],[105.0766,22.221],[105.0778,22.2206],[105.0817,22.221],[105.0828,22.2196],[105.0859,22.2182],[105.0858,22.2157],[105.0864,22.2147],[105.085,22.2134],[105.087,22.2089],[105.0914,22.2085],[105.0945,22.206],[105.096,22.2021],[105.0994,22.1988],[105.1004,22.1964],[105.1027,22.1942],[105.1047,22.1913],[105.1054,22.1895],[105.1072,22.1877],[105.1053,22.1865],[105.1002,22.1855],[105.0996,22.1833],[105.0981,22.1822],[105.0938,22.1757],[105.0927,22.1709],[105.0914,22.1695],[105.0882,22.1686],[105.0856,22.1657],[105.0832,22.1644],[105.0826,22.1626],[105.0797,22.1601],[105.0768,22.1589],[105.0737,22.1594],[105.0721,22.1591],[105.0705,22.1575],[105.0679,22.1578],[105.0652,22.1575],[105.0619,22.1558],[105.06,22.1539],[105.0591,22.152],[105.0591,22.1502],[105.0575,22.1485],[105.0577,22.1455],[105.0594,22.1433],[105.0602,22.1433],[105.0622,22.14],[105.0635,22.1393],[105.0604,22.1391],[105.0581,22.1373],[105.0564,22.1372],[105.0536,22.1353],[105.0522,22.1338],[105.049,22.1333],[105.0452,22.1302],[105.0412,22.1276],[105.0378,22.1269],[105.0374,22.1281],[105.0349,22.1282],[105.0337,22.1293],[105.0307,22.1268],[105.0291,22.1248],[105.0275,22.1241],[105.0262,22.1253],[105.0268,22.1265],[105.0255,22.1274],[105.0204,22.1265],[105.0195,22.1257],[105.0191,22.121],[105.018,22.1195],[105.0132,22.1201],[105.0116,22.1221],[105.0074,22.1282],[105.0059,22.1313],[105.0058,22.1333],[105.0044,22.136],[105.0006,22.1391],[104.9976,22.1408],[104.9948,22.1433],[104.9922,22.1463],[104.9862,22.1498],[104.9843,22.1515],[104.9819,22.1526],[104.9792,22.1544],[104.9739,22.1567],[104.9724,22.1597],[104.9717,22.1656],[104.9726,22.1697],[104.9724,22.171],[104.971,22.1728],[104.9658,22.1753],[104.9637,22.1773],[104.9632,22.1788],[104.9652,22.1811],[104.9663,22.1806],[104.9695,22.1844],[104.9706,22.1862],[104.9711,22.1894],[104.974,22.1915],[104.9764,22.1953],[104.9765,22.1967],[104.9758,22.1994],[104.974,22.2017],[104.9745,22.2051],[104.972,22.2075],[104.9726,22.2087],[104.9756,22.211],[104.9775,22.212],[104.9801,22.2092],[104.9814,22.2107],[104.9843,22.2108],[104.9851,22.2126],[104.9874,22.2149],[104.9892,22.2185],[104.9892,22.2227],[104.9881,22.2253],[104.9881,22.2277],[104.9875,22.2298],[104.9916,22.2307],[104.9939,22.2351],[104.9939,22.2367],[104.9953,22.2379],[104.996,22.2404]]]},"properties":{"name":"Phù Lưu","level":"ward"}},{"type":"Feature","geometry":{"type":"Polygon","coordinates":[[[104.8487,22.1851],[104.8508,22.1863],[104.8551,22.1902],[104.8549,22.1933],[104.8563,22.1977],[104.8604,22.1972],[104.8631,22.1999],[104.8643,22.2024],[104.8712,22.2015],[104.8721,22.201],[104.8751,22.2011],[104.8764,22.1987],[104.8762,22.1971],[104.8745,22.1963],[104.875,22.1939],[104.8768,22.192],[104.8769,22.1898],[104.8782,22.1891],[104.8802,22.1862],[104.8823,22.1846],[104.8848,22.1865],[104.8862,22.1851],[104.8894,22.1861],[104.8937,22.1828],[104.897,22.1867],[104.8957,22.1894],[104.8955,22.1913],[104.8971,22.1952],[104.8971,22.1968],[104.899,22.1997],[104.8986,22.2023],[104.8993,22.2042],[104.9038,22.2066],[104.9032,22.2105],[104.9056,22.2139],[104.9075,22.2123],[104.9098,22.2113],[104.9116,22.2117],[104.9124,22.2141],[104.9138,22.2153],[104.914,22.218],[104.9131,22.22],[104.9118,22.2211],[104.9137,22.226],[104.9115,22.2266],[104.9114,22.2289],[104.9122,22.2307],[104.9122,22.2363],[104.9137,22.2385],[104.917,22.2394],[104.9183,22.2402],[104.922,22.2378],[104.9227,22.2369],[104.9245,22.2296],[104.9251,22.2244],[104.9242,22.2193],[104.9249,22.2161],[104.9287,22.2116],[104.9301,22.2065],[104.9334,22.2011],[104.936,22.1974],[104.9376,22.1942],[104.9421,22.1909],[104.9444,22.1883],[104.9447,22.1864],[104.9484,22.1805],[104.9499,22.1797],[104.9556,22.1801],[104.9578,22.1806],[104.9626,22.1794],[104.9632,22.1788],[104.9637,22.1773],[104.9658,22.1753],[104.971,22.1728],[104.9724,22.171],[104.9726,22.1697],[104.9717,22.1656],[104.9724,22.1597],[104.9739,22.1567],[104.9792,22.1544],[104.9819,22.1526],[104.9843,22.1515],[104.9862,22.1498],[104.9922,22.1463],[104.9948,22.1433],[104.9976,22.1408],[105.0006,22.1391],[105.0044,22.136],[105.0058,22.1333],[105.0059,22.1313],[105.0074,22.1282],[105.0116,22.1221],[105.0132,22.1201],[105.0159,22.1162],[105.0167,22.1131],[105.0206,22.1092],[105.022,22.1069],[105.0225,22.1022],[105.0225,22.0982],[105.0234,22.0948],[105.0267,22.0922],[105.0273,22.0882],[105.028,22.0858],[105.0305,22.0834],[105.0282,22.0819],[105.0285,22.0805],[105.0284,22.0764],[105.0274,22.0733],[105.0276,22.0719],[105.0265,22.0699],[105.0248,22.069],[105.0242,22.0666],[105.023,22.0655],[105.0222,22.0621],[105.0238,22.0604],[105.0223,22.0576],[105.0212,22.0576],[105.0175,22.0558],[105.0159,22.056],[105.0135,22.0549],[105.0131,22.0538],[105.0109,22.0542],[105.0085,22.0563],[105.0061,22.0571],[105.0026,22.0594],[104.9997,22.0603],[104.9981,22.0603],[104.9969,22.0627],[104.9951,22.0638],[104.9917,22.0644],[104.9903,22.0657],[104.9879,22.064],[104.9846,22.0644],[104.9822,22.0637],[104.9818,22.0602],[104.9798,22.0585],[104.9799,22.0562],[104.9779,22.0536],[104.973,22.0514],[104.9707,22.049],[104.9698,22.0487],[104.9664,22.0492],[104.9646,22.0487],[104.9633,22.0465],[104.9629,22.0434],[104.9606,22.0427],[104.9595,22.0391],[104.9586,22.034],[104.9575,22.034],[104.9547,22.0357],[104.9539,22.0349],[104.9502,22.0344],[104.9461,22.0358],[104.9457,22.038],[104.9437,22.0399],[104.9421,22.0434],[104.9405,22.0441],[104.941,22.0458],[104.9411,22.0498],[104.9417,22.0517],[104.9409,22.0531],[104.9385,22.0553],[104.938,22.0565],[104.9363,22.0572],[104.935,22.0586],[104.9337,22.0588],[104.9283,22.0618],[104.9228,22.0606],[104.9207,22.0606],[104.9183,22.0588],[104.9153,22.0616],[104.9152,22.0624],[104.9128,22.0651],[104.9114,22.0653],[104.9075,22.0632],[104.902,22.0644],[104.9009,22.0666],[104.8979,22.0693],[104.8971,22.0706],[104.8937,22.0723],[104.8908,22.0724],[104.8866,22.0708],[104.8818,22.0722],[104.8812,22.0747],[104.8795,22.0754],[104.8752,22.079],[104.8734,22.0811],[104.8737,22.0832],[104.8729,22.0851],[104.8712,22.0863],[104.8717,22.0895],[104.8713,22.0921],[104.8648,22.0965],[104.8646,22.0997],[104.8652,22.1022],[104.8649,22.1045],[104.8656,22.1065],[104.8644,22.1098],[104.865,22.1122],[104.8633,22.1153],[104.8636,22.1186],[104.8619,22.1194],[104.8605,22.122],[104.8603,22.1249],[104.8594,22.1259],[104.8592,22.1289],[104.8607,22.1303],[104.8617,22.1324],[104.8596,22.1345],[104.8604,22.1369],[104.8615,22.1378],[104.8619,22.1396],[104.8635,22.1415],[104.862,22.1448],[104.8622,22.1479],[104.8596,22.1481],[104.8588,22.153],[104.8563,22.1545],[104.8542,22.1569],[104.8543,22.1603],[104.855,22.1618],[104.8537,22.1638],[104.8541,22.1657],[104.8558,22.1686],[104.8556,22.1703],[104.8523,22.1717],[104.8504,22.1756],[104.8506,22.1783],[104.8488,22.1806],[104.8485,22.1822],[104.8492,22.1844],[104.8487,22.1851]]]},"properties":{"name":"Yên Phú","level":"ward"}},{"type":"Feature","geometry":{"type":"Polygon","coordinates":[[[105.1053,22.1865],[105.1081,22.1844],[105.1111,22.1856],[105.1134,22.1846],[105.1154,22.185],[105.1174,22.1843],[105.1181,22.1818],[105.1205,22.1788],[105.1226,22.1781],[105.1246,22.1758],[105.1247,22.1726],[105.1231,22.172],[105.1224,22.169],[105.1214,22.1674],[105.122,22.1661],[105.1241,22.1654],[105.1245,22.1632],[105.127,22.1611],[105.1268,22.1592],[105.1239,22.1571],[105.1236,22.1556],[105.1209,22.1551],[105.1211,22.1527],[105.1236,22.1518],[105.1252,22.149],[105.1267,22.149],[105.1282,22.1473],[105.1274,22.1451],[105.1258,22.1429],[105.1224,22.1413],[105.1198,22.1385],[105.1195,22.1352],[105.1219,22.1333],[105.1277,22.1309],[105.1305,22.1303],[105.1325,22.1281],[105.1329,22.1266],[105.1352,22.1248],[105.1365,22.1246],[105.1392,22.1221],[105.1415,22.1206],[105.1415,22.119],[105.1427,22.1175],[105.1437,22.1118],[105.1447,22.1097],[105.1481,22.1102],[105.1528,22.1099],[105.1538,22.1077],[105.157,22.1065],[105.1574,22.1012],[105.1568,22.0993],[105.1569,22.0963],[105.1575,22.0941],[105.1589,22.0917],[105.1585,22.09],[105.1565,22.0878],[105.154,22.0868],[105.1522,22.0867],[105.1503,22.0827],[105.1483,22.081],[105.1476,22.0783],[105.1483,22.0737],[105.1499,22.0724],[105.1507,22.0705],[105.1535,22.0681],[105.1554,22.0651],[105.1577,22.0637],[105.1562,22.0608],[105.1583,22.0598],[105.1592,22.0584],[105.1631,22.0582],[105.1635,22.0531],[105.1595,22.0513],[105.1581,22.0518],[105.1562,22.0509],[105.1552,22.0487],[105.1537,22.0479],[105.1521,22.0481],[105.149,22.0465],[105.1432,22.0445],[105.1415,22.0425],[105.1416,22.0416],[105.1392,22.04],[105.1405,22.038],[105.1401,22.0362],[105.1383,22.0359],[105.1377,22.0339],[105.1383,22.0319],[105.1377,22.0299],[105.1389,22.0266],[105.1384,22.0254],[105.1344,22.0271],[105.1286,22.0306],[105.1269,22.0327],[105.1234,22.0345],[105.1189,22.0335],[105.1178,22.0336],[105.1142,22.0359],[105.1128,22.038],[105.1076,22.0412],[105.1041,22.0413],[105.1004,22.042],[105.0975,22.045],[105.0949,22.0493],[105.0917,22.0531],[105.0912,22.0549],[105.0899,22.0563],[105.0921,22.0578],[105.0969,22.0581],[105.1009,22.0599],[105.1026,22.0624],[105.1041,22.0664],[105.1042,22.0684],[105.1019,22.0699],[105.1012,22.072],[105.1018,22.0745],[105.1006,22.0754],[105.1018,22.0803],[105.1022,22.0829],[105.1042,22.087],[105.1,22.0886],[105.0981,22.0874],[105.095,22.09],[105.0923,22.0932],[105.0932,22.0952],[105.0948,22.0962],[105.0951,22.0979],[105.0942,22.105],[105.0938,22.1065],[105.0952,22.1077],[105.0942,22.1094],[105.0929,22.1088],[105.0877,22.1108],[105.0847,22.111],[105.0812,22.113],[105.0795,22.117],[105.0773,22.1179],[105.0748,22.1216],[105.0734,22.1215],[105.072,22.1259],[105.0718,22.1312],[105.0697,22.1353],[105.0682,22.1369],[105.0659,22.1376],[105.0635,22.1393],[105.0622,22.14],[105.0602,22.1433],[105.0594,22.1433],[105.0577,22.1455],[105.0575,22.1485],[105.0591,22.1502],[105.0591,22.152],[105.06,22.1539],[105.0619,22.1558],[105.0652,22.1575],[105.0679,22.1578],[105.0705,22.1575],[105.0721,22.1591],[105.0737,22.1594],[105.0768,22.1589],[105.0797,22.1601],[105.0826,22.1626],[105.0832,22.1644],[105.0856,22.1657],[105.0882,22.1686],[105.0914,22.1695],[105.0927,22.1709],[105.0938,22.1757],[105.0981,22.1822],[105.0996,22.1833],[105.1002,22.1855],[105.1053,22.1865]]]},"properties":{"name":"Bình Xa","level":"ward"}},{"type":"Feature","geometry":{"type":"Polygon","coordinates":[[[105.1384,22.0254],[105.1442,22.0233],[105.1453,22.0215],[105.1452,22.02],[105.1447,22.0191],[105.1411,22.0171],[105.1395,22.0157],[105.1362,22.0147],[105.1344,22.0133],[105.133,22.0109],[105.1316,22.0107],[105.1307,22.0093],[105.1272,22.007],[105.1245,22.0042],[105.1232,22.0083],[105.1212,22.0084],[105.1171,22.0069],[105.1133,22.0049],[105.1125,22.0025],[105.1116,22.0016],[105.1107,21.9989],[105.109,21.9965],[105.1069,21.9957],[105.1032,21.9936],[105.1019,21.9916],[105.0997,21.9901],[105.0976,21.9902],[105.0968,21.9884],[105.0951,21.9877],[105.0911,21.9876],[105.0898,21.9852],[105.089,21.981],[105.0865,21.9807],[105.0848,21.982],[105.0828,21.98],[105.0807,21.9798],[105.0788,21.9778],[105.0776,21.9748],[105.0783,21.9728],[105.0799,21.9726],[105.0805,21.97],[105.0792,21.9661],[105.0801,21.9635],[105.0791,21.9607],[105.0777,21.9596],[105.0747,21.9547],[105.0744,21.9515],[105.0756,21.9495],[105.0774,21.9478],[105.0794,21.9471],[105.0793,21.9452],[105.08,21.9423],[105.077,21.9416],[105.0742,21.9401],[105.0726,21.9363],[105.0677,21.9367],[105.065,21.9347],[105.0619,21.9318],[105.06,21.9287],[105.0582,21.9288],[105.0541,21.9264],[105.0524,21.926],[105.0498,21.9266],[105.0462,21.9247],[105.0456,21.9236],[105.0435,21.9237],[105.0421,21.9248],[105.0392,21.9243],[105.0351,21.9244],[105.0329,21.9228],[105.0306,21.9228],[105.0285,21.9235],[105.0261,21.9236],[105.0228,21.9244],[105.0203,21.9257],[105.018,21.9284],[105.0193,21.9317],[105.0196,21.9348],[105.0191,21.9357],[105.021,21.938],[105.021,21.9406],[105.0205,21.9413],[105.0203,21.9443],[105.0211,21.9448],[105.0231,21.9487],[105.0255,21.9502],[105.0239,21.9513],[105.019,21.9573],[105.0167,21.9611],[105.0176,21.962],[105.0177,21.9638],[105.019,21.9662],[105.022,21.9689],[105.0205,21.9709],[105.0208,21.9764],[105.019,21.978],[105.02,21.9843],[105.0235,21.9869],[105.0252,21.9875],[105.0275,21.987],[105.029,21.9875],[105.0325,21.9917],[105.0347,21.993],[105.0371,21.9974],[105.0362,21.9998],[105.0361,22.0014],[105.0385,22.003],[105.0421,22.0023],[105.0462,22.0031],[105.0489,22.0028],[105.0516,22.0061],[105.0519,22.008],[105.0505,22.0098],[105.0506,22.0117],[105.0526,22.0145],[105.0552,22.0147],[105.0554,22.0165],[105.0538,22.0191],[105.0542,22.0227],[105.0553,22.0243],[105.0541,22.0253],[105.0533,22.0273],[105.0549,22.0311],[105.0533,22.0323],[105.0525,22.0364],[105.0498,22.0401],[105.0529,22.042],[105.0551,22.0416],[105.0583,22.0488],[105.0582,22.0497],[105.0603,22.0507],[105.0608,22.0532],[105.0607,22.0572],[105.0592,22.0587],[105.0634,22.059],[105.0648,22.0602],[105.0656,22.062],[105.0678,22.0636],[105.0736,22.0651],[105.0761,22.0643],[105.0786,22.0626],[105.0863,22.0598],[105.0899,22.0563],[105.0912,22.0549],[105.0917,22.0531],[105.0949,22.0493],[105.0975,22.045],[105.1004,22.042],[105.1041,22.0413],[105.1076,22.0412],[105.1128,22.038],[105.1142,22.0359],[105.1178,22.0336],[105.1189,22.0335],[105.1234,22.0345],[105.1269,22.0327],[105.1286,22.0306],[105.1344,22.0271],[105.1384,22.0254]]]},"properties":{"name":"Thái Sơn","level":"ward"}},{"type":"Feature","geometry":{"type":"Polygon","coordinates":[[[105.08,21.9423],[105.0793,21.9452],[105.0794,21.9471],[105.0774,21.9478],[105.0756,21.9495],[105.0744,21.9515],[105.0747,21.9547],[105.0777,21.9596],[105.0791,21.9607],[105.0801,21.9635],[105.0792,21.9661],[105.0805,21.97],[105.0799,21.9726],[105.0783,21.9728],[105.0776,21.9748],[105.0788,21.9778],[105.0807,21.9798],[105.0828,21.98],[105.0848,21.982],[105.0865,21.9807],[105.089,21.981],[105.0898,21.9852],[105.0911,21.9876],[105.0951,21.9877],[105.0968,21.9884],[105.0976,21.9902],[105.0997,21.9901],[105.1019,21.9916],[105.1032,21.9936],[105.1069,21.9957],[105.109,21.9965],[105.1107,21.9989],[105.1116,22.0016],[105.1125,22.0025],[105.1133,22.0049],[105.1171,22.0069],[105.1212,22.0084],[105.1232,22.0083],[105.1245,22.0042],[105.1272,22.007],[105.1307,22.0093],[105.1316,22.0107],[105.133,22.0109],[105.1333,22.0075],[105.1352,22.0056],[105.1401,22.0027],[105.142,21.999],[105.1427,21.9962],[105.1428,21.9862],[105.1407,21.9835],[105.1396,21.9812],[105.1396,21.9789],[105.1406,21.9786],[105.1451,21.9792],[105.1485,21.9793],[105.1517,21.9779],[105.1537,21.9747],[105.1536,21.972],[105.1528,21.9697],[105.1499,21.9645],[105.1474,21.9614],[105.1463,21.9582],[105.148,21.9558],[105.1541,21.9519],[105.1557,21.9506],[105.1569,21.9491],[105.1578,21.9462],[105.1573,21.9427],[105.155,21.9387],[105.1547,21.9364],[105.1577,21.9289],[105.1585,21.9279],[105.156,21.9278],[105.1538,21.9267],[105.1494,21.9285],[105.1458,21.9284],[105.1432,21.9252],[105.1405,21.9238],[105.1391,21.9237],[105.1377,21.9221],[105.1337,21.9239],[105.1327,21.9211],[105.1301,21.9198],[105.1279,21.9207],[105.1284,21.9246],[105.1276,21.9259],[105.1249,21.9282],[105.1209,21.9251],[105.1186,21.9253],[105.1169,21.9216],[105.115,21.9213],[105.1131,21.9223],[105.1118,21.9241],[105.1072,21.9226],[105.1063,21.9218],[105.104,21.9222],[105.1039,21.9255],[105.0992,21.9296],[105.0986,21.9309],[105.1006,21.9361],[105.1004,21.9381],[105.097,21.938],[105.0953,21.9365],[105.094,21.9363],[105.0926,21.9421],[105.0911,21.9425],[105.087,21.9392],[105.0843,21.9401],[105.0818,21.942],[105.08,21.9423]]]},"properties":{"name":"Thái Hoà","level":"ward"}},{"type":"Feature","geometry":{"type":"Polygon","coordinates":[[[105.0228,21.9244],[105.0261,21.9236],[105.0285,21.9235],[105.0306,21.9228],[105.0329,21.9228],[105.0351,21.9244],[105.0392,21.9243],[105.0421,21.9248],[105.0435,21.9237],[105.0456,21.9236],[105.0462,21.9247],[105.0498,21.9266],[105.0524,21.926],[105.0541,21.9264],[105.0582,21.9288],[105.06,21.9287],[105.0619,21.9318],[105.065,21.9347],[105.0677,21.9367],[105.0726,21.9363],[105.0742,21.9401],[105.077,21.9416],[105.08,21.9423],[105.0818,21.942],[105.0843,21.9401],[105.087,21.9392],[105.0911,21.9425],[105.0926,21.9421],[105.094,21.9363],[105.0953,21.9365],[105.097,21.938],[105.1004,21.9381],[105.1006,21.9361],[105.0986,21.9309],[105.0992,21.9296],[105.1039,21.9255],[105.104,21.9222],[105.1063,21.9218],[105.1072,21.9226],[105.1118,21.9241],[105.1131,21.9223],[105.115,21.9213],[105.1169,21.9216],[105.1183,21.9187],[105.1199,21.918],[105.1216,21.9155],[105.1195,21.9143],[105.1168,21.9116],[105.116,21.9093],[105.1144,21.9093],[105.114,21.9074],[105.1117,21.906],[105.1101,21.9039],[105.1079,21.9022],[105.1062,21.9001],[105.1038,21.893],[105.0993,21.8921],[105.0955,21.8935],[105.092,21.8915],[105.0928,21.8887],[105.0941,21.8866],[105.094,21.8803],[105.095,21.8794],[105.0955,21.8772],[105.0941,21.8733],[105.0958,21.8715],[105.0938,21.8689],[105.0934,21.8676],[105.0903,21.8661],[105.089,21.863],[105.0875,21.8614],[105.0842,21.8603],[105.0826,21.8611],[105.0801,21.8597],[105.0784,21.8579],[105.0781,21.8558],[105.0789,21.8542],[105.079,21.8515],[105.0783,21.8499],[105.0793,21.8462],[105.0749,21.8438],[105.0741,21.8424],[105.0714,21.8399],[105.0697,21.8394],[105.0673,21.8407],[105.0653,21.8442],[105.0626,21.8469],[105.0604,21.8527],[105.0602,21.8547],[105.0584,21.857],[105.0585,21.8581],[105.0544,21.8591],[105.0523,21.8586],[105.0507,21.8604],[105.0474,21.862],[105.0441,21.8657],[105.0426,21.8721],[105.041,21.8737],[105.0413,21.8756],[105.0426,21.8778],[105.0413,21.8799],[105.0425,21.883],[105.0412,21.885],[105.0377,21.888],[105.0369,21.8914],[105.0338,21.8919],[105.0322,21.8929],[105.0294,21.8925],[105.0273,21.8917],[105.0242,21.892],[105.0243,21.8931],[105.022,21.8949],[105.0206,21.8938],[105.0181,21.8939],[105.0179,21.8954],[105.0161,21.8973],[105.0143,21.8981],[105.0136,21.9002],[105.0159,21.9032],[105.016,21.9045],[105.0143,21.9064],[105.0146,21.9078],[105.0168,21.91],[105.0191,21.9112],[105.0204,21.915],[105.0221,21.9175],[105.0217,21.9211],[105.0228,21.9244]]]},"properties":{"name":"Hùng Đức","level":"ward"}},{"type":"Feature","geometry":{"type":"Polygon","coordinates":[[[105.2074,22.0691],[105.2111,22.0691],[105.2149,22.0696],[105.2163,22.0692],[105.22,22.0654],[105.2214,22.0653],[105.223,22.0638],[105.2254,22.0631],[105.2294,22.0642],[105.2312,22.063],[105.2337,22.0633],[105.236,22.0599],[105.2378,22.059],[105.2379,22.0557],[105.2408,22.049],[105.2411,22.0456],[105.2419,22.0445],[105.2412,22.0409],[105.2433,22.0384],[105.2428,22.0354],[105.241,22.0354],[105.2385,22.0334],[105.237,22.0329],[105.2355,22.03],[105.2346,22.0253],[105.2354,22.0225],[105.2384,22.019],[105.239,22.0167],[105.2436,22.0154],[105.2474,22.0154],[105.2494,22.0165],[105.2519,22.017],[105.2548,22.0168],[105.2524,22.0147],[105.2521,22.0105],[105.2507,22.0075],[105.2529,22.0059],[105.2554,22.0049],[105.2575,22.002],[105.26,22.0021],[105.2629,21.9991],[105.2642,21.9986],[105.265,21.9972],[105.2634,21.995],[105.2644,21.9934],[105.2636,21.9913],[105.2609,21.9904],[105.2589,21.9881],[105.2556,21.9861],[105.2543,21.9842],[105.2533,21.9839],[105.2505,21.9815],[105.2494,21.9784],[105.2477,21.9772],[105.2443,21.9773],[105.2404,21.9792],[105.2388,21.9783],[105.2369,21.979],[105.2349,21.9806],[105.2322,21.9807],[105.2278,21.9816],[105.2261,21.9811],[105.2231,21.9813],[105.2212,21.9801],[105.2209,21.9826],[105.2161,21.9869],[105.2138,21.9905],[105.2127,21.9909],[105.2101,21.9864],[105.2091,21.9833],[105.2109,21.9788],[105.2129,21.9748],[105.2123,21.9731],[105.2098,21.9735],[105.2078,21.9743],[105.2033,21.9746],[105.2011,21.9726],[105.1972,21.9729],[105.1983,21.9767],[105.1966,21.9771],[105.1923,21.9772],[105.1882,21.9769],[105.1873,21.976],[105.1866,21.9734],[105.1838,21.971],[105.1828,21.9679],[105.1794,21.9668],[105.178,21.9652],[105.1765,21.9617],[105.1736,21.9597],[105.1715,21.9571],[105.1704,21.9548],[105.1692,21.9542],[105.1665,21.9553],[105.1651,21.9548],[105.1623,21.9522],[105.1604,21.9514],[105.1557,21.9506],[105.1541,21.9519],[105.148,21.9558],[105.1463,21.9582],[105.1474,21.9614],[105.1499,21.9645],[105.1528,21.9697],[105.1536,21.972],[105.1537,21.9747],[105.1517,21.9779],[105.1485,21.9793],[105.1451,21.9792],[105.1406,21.9786],[105.1396,21.9789],[105.1396,21.9812],[105.1407,21.9835],[105.1428,21.9862],[105.1427,21.9962],[105.142,21.999],[105.1401,22.0027],[105.1352,22.0056],[105.1333,22.0075],[105.133,22.0109],[105.1344,22.0133],[105.1362,22.0147],[105.1395,22.0157],[105.1411,22.0171],[105.1447,22.0191],[105.1452,22.02],[105.1484,22.0203],[105.151,22.0188],[105.1546,22.0155],[105.1586,22.015],[105.159,22.013],[105.1635,22.0129],[105.1672,22.0143],[105.1677,22.0163],[105.1711,22.0157],[105.1736,22.0179],[105.173,22.0189],[105.1727,22.0241],[105.1735,22.0267],[105.1757,22.0282],[105.1743,22.0321],[105.1747,22.0343],[105.1765,22.0359],[105.1794,22.036],[105.1817,22.0374],[105.1832,22.0377],[105.184,22.0401],[105.1861,22.0401],[105.1905,22.0418],[105.1944,22.0461],[105.1944,22.0471],[105.1986,22.0495],[105.1988,22.0512],[105.2013,22.0528],[105.2022,22.0564],[105.2016,22.0586],[105.2032,22.0611],[105.2045,22.0608],[105.2073,22.0622],[105.2087,22.0649],[105.2074,22.0691]]]},"properties":{"name":"Lực Hành","level":"ward"}},{"type":"Feature","geometry":{"type":"Polygon","coordinates":[[[105.2567,22.019],[105.2591,22.0192],[105.2638,22.0207],[105.2676,22.0234],[105.2744,22.023],[105.2755,22.0213],[105.2769,22.0207],[105.2798,22.0185],[105.2806,22.0174],[105.283,22.017],[105.2849,22.0158],[105.2851,22.0143],[105.2865,22.013],[105.2889,22.0131],[105.2938,22.0176],[105.2939,22.0197],[105.2956,22.022],[105.2991,22.0225],[105.3024,22.0239],[105.3048,22.0215],[105.306,22.0224],[105.3082,22.0227],[105.3085,22.0246],[105.3116,22.0279],[105.3143,22.0299],[105.3163,22.0307],[105.3175,22.0356],[105.3185,22.0362],[105.3208,22.0396],[105.3224,22.0396],[105.3248,22.0411],[105.3261,22.0396],[105.3281,22.0393],[105.3341,22.0397],[105.336,22.0354],[105.3395,22.0356],[105.3434,22.037],[105.3464,22.036],[105.3496,22.0369],[105.3528,22.0357],[105.356,22.0331],[105.357,22.031],[105.356,22.0287],[105.3589,22.0257],[105.3595,22.0226],[105.362,22.0226],[105.3635,22.021],[105.3628,22.0194],[105.3636,22.0159],[105.3654,22.0159],[105.3681,22.0145],[105.3677,22.0137],[105.3677,22.0101],[105.3682,22.0079],[105.3664,22.0046],[105.3675,22.0029],[105.3669,21.9993],[105.3659,21.9981],[105.3647,21.9939],[105.3663,21.9943],[105.3686,21.9925],[105.3712,21.9918],[105.3726,21.9895],[105.3735,21.9861],[105.3718,21.9838],[105.373,21.9814],[105.3728,21.979],[105.3756,21.976],[105.3756,21.9739],[105.3772,21.9721],[105.3774,21.9697],[105.3758,21.9679],[105.3755,21.966],[105.3716,21.9627],[105.3703,21.9623],[105.3716,21.96],[105.3735,21.9594],[105.375,21.9576],[105.3748,21.9554],[105.3757,21.9545],[105.3769,21.9519],[105.3771,21.9491],[105.378,21.948],[105.3841,21.9478],[105.3889,21.9457],[105.3902,21.9435],[105.3915,21.9436],[105.395,21.942],[105.3967,21.9419],[105.3986,21.9406],[105.3951,21.9389],[105.3941,21.9375],[105.396,21.9349],[105.3954,21.9331],[105.3956,21.931],[105.3921,21.9276],[105.3919,21.9261],[105.3903,21.9237],[105.3877,21.9221],[105.3857,21.9216],[105.385,21.9205],[105.383,21.9201],[105.3808,21.9216],[105.3794,21.9193],[105.3789,21.9162],[105.3802,21.9135],[105.3797,21.9124],[105.3811,21.9101],[105.3787,21.9087],[105.3769,21.9055],[105.375,21.905],[105.373,21.9031],[105.3701,21.9042],[105.3649,21.9025],[105.3639,21.9028],[105.3622,21.9071],[105.3603,21.907],[105.3594,21.9092],[105.3558,21.9108],[105.3557,21.9125],[105.3537,21.9142],[105.3538,21.9179],[105.3533,21.9191],[105.3511,21.92],[105.3499,21.9216],[105.348,21.9214],[105.3469,21.9195],[105.345,21.9186],[105.3424,21.9187],[105.342,21.918],[105.338,21.9211],[105.338,21.9219],[105.335,21.9233],[105.3355,21.9262],[105.3325,21.928],[105.3315,21.9292],[105.3321,21.9318],[105.3289,21.934],[105.3291,21.938],[105.3279,21.9396],[105.3246,21.94],[105.3207,21.9391],[105.3171,21.9392],[105.3152,21.9383],[105.3144,21.9406],[105.3158,21.943],[105.3151,21.9448],[105.3138,21.9454],[105.3118,21.9451],[105.3074,21.9462],[105.3055,21.9479],[105.3054,21.9498],[105.3023,21.952],[105.3017,21.954],[105.2998,21.958],[105.2974,21.959],[105.2973,21.9599],[105.295,21.9612],[105.2947,21.9622],[105.2961,21.9642],[105.2954,21.9663],[105.2969,21.9686],[105.2969,21.9713],[105.2979,21.974],[105.2952,21.977],[105.2922,21.977],[105.2913,21.9788],[105.2889,21.98],[105.2881,21.9823],[105.2859,21.984],[105.2859,21.9869],[105.2854,21.9903],[105.2835,21.9911],[105.2822,21.9908],[105.2791,21.9921],[105.2774,21.9942],[105.2747,21.9917],[105.2739,21.9897],[105.2709,21.9902],[105.2696,21.9909],[105.2673,21.9897],[105.2636,21.9913],[105.2644,21.9934],[105.2634,21.995],[105.265,21.9972],[105.2642,21.9986],[105.2629,21.9991],[105.26,22.0021],[105.2575,22.002],[105.2554,22.0049],[105.2529,22.0059],[105.2507,22.0075],[105.2521,22.0105],[105.2524,22.0147],[105.2548,22.0168],[105.2567,22.019]]]},"properties":{"name":"Kiến Thiết","level":"ward"}},{"type":"Feature","geometry":{"type":"Polygon","coordinates":[[[105.1585,21.9279],[105.1577,21.9289],[105.1547,21.9364],[105.155,21.9387],[105.1573,21.9427],[105.1578,21.9462],[105.1569,21.9491],[105.1557,21.9506],[105.1604,21.9514],[105.1623,21.9522],[105.1651,21.9548],[105.1665,21.9553],[105.1692,21.9542],[105.1704,21.9548],[105.1715,21.9571],[105.1736,21.9597],[105.1765,21.9617],[105.178,21.9652],[105.1794,21.9668],[105.1828,21.9679],[105.1838,21.971],[105.1866,21.9734],[105.1873,21.976],[105.1882,21.9769],[105.1923,21.9772],[105.1966,21.9771],[105.1983,21.9767],[105.1972,21.9729],[105.2011,21.9726],[105.2033,21.9746],[105.2078,21.9743],[105.2098,21.9735],[105.2123,21.9731],[105.2129,21.9748],[105.2109,21.9788],[105.2091,21.9833],[105.2101,21.9864],[105.2127,21.9909],[105.2138,21.9905],[105.2161,21.9869],[105.2209,21.9826],[105.2212,21.9801],[105.2231,21.9813],[105.2261,21.9811],[105.2278,21.9816],[105.2322,21.9807],[105.2349,21.9806],[105.2369,21.979],[105.2388,21.9783],[105.2404,21.9792],[105.2443,21.9773],[105.2477,21.9772],[105.2494,21.9784],[105.2505,21.9815],[105.2533,21.9839],[105.2543,21.9842],[105.2556,21.9861],[105.2589,21.9881],[105.2609,21.9904],[105.2636,21.9913],[105.2673,21.9897],[105.2696,21.9909],[105.2709,21.9902],[105.2739,21.9897],[105.2747,21.9917],[105.2774,21.9942],[105.2791,21.9921],[105.2822,21.9908],[105.2835,21.9911],[105.2854,21.9903],[105.2859,21.9869],[105.2859,21.984],[105.2881,21.9823],[105.2889,21.98],[105.2913,21.9788],[105.2922,21.977],[105.2952,21.977],[105.2979,21.974],[105.2969,21.9713],[105.2969,21.9686],[105.2954,21.9663],[105.2961,21.9642],[105.2947,21.9622],[105.295,21.9612],[105.2973,21.9599],[105.2974,21.959],[105.2998,21.958],[105.3017,21.954],[105.3023,21.952],[105.3054,21.9498],[105.3055,21.9479],[105.3074,21.9462],[105.3118,21.9451],[105.3138,21.9454],[105.3151,21.9448],[105.3158,21.943],[105.3144,21.9406],[105.3152,21.9383],[105.3122,21.9372],[105.3111,21.935],[105.311,21.9327],[105.3077,21.929],[105.3052,21.9283],[105.3041,21.9268],[105.3039,21.9247],[105.3023,21.923],[105.3001,21.9242],[105.2981,21.9243],[105.2956,21.9233],[105.29,21.9255],[105.2883,21.9225],[105.2861,21.9208],[105.281,21.9208],[105.2791,21.9191],[105.2755,21.9176],[105.2729,21.9196],[105.2698,21.9199],[105.2686,21.9217],[105.2673,21.9223],[105.2645,21.9217],[105.2626,21.9222],[105.2563,21.9209],[105.2546,21.9195],[105.2531,21.9171],[105.2482,21.9165],[105.2479,21.916],[105.2429,21.9141],[105.2411,21.9157],[105.2381,21.9153],[105.235,21.9141],[105.2333,21.9127],[105.2308,21.9132],[105.2276,21.9131],[105.2257,21.915],[105.2236,21.9151],[105.2226,21.9161],[105.2199,21.9158],[105.2189,21.9141],[105.2174,21.914],[105.2151,21.9159],[105.211,21.9163],[105.2099,21.9167],[105.2075,21.9156],[105.2054,21.9168],[105.2017,21.9154],[105.1979,21.9108],[105.1923,21.9049],[105.193,21.9028],[105.1912,21.9028],[105.1865,21.9003],[105.1848,21.9002],[105.1827,21.901],[105.1802,21.9029],[105.1757,21.9048],[105.1746,21.9076],[105.1727,21.9085],[105.1702,21.9084],[105.167,21.9078],[105.1635,21.908],[105.1613,21.9092],[105.1615,21.9124],[105.1634,21.9146],[105.166,21.9193],[105.1675,21.9227],[105.1666,21.9245],[105.1652,21.925],[105.161,21.925],[105.1601,21.9254],[105.1585,21.9279]]]},"properties":{"name":"Xuân Vân","level":"ward"}},{"type":"Feature","geometry":{"type":"Polygon","coordinates":[[[105.4189,21.9494],[105.4221,21.9529],[105.4232,21.9558],[105.4256,21.9559],[105.4269,21.958],[105.4316,21.9593],[105.4339,21.9614],[105.4341,21.9637],[105.4365,21.9636],[105.4379,21.9652],[105.4398,21.966],[105.4427,21.9655],[105.4453,21.9642],[105.4462,21.9631],[105.4498,21.9629],[105.4563,21.9633],[105.4597,21.9659],[105.4616,21.9666],[105.4629,21.9687],[105.4628,21.9705],[105.4636,21.9716],[105.4641,21.977],[105.4647,21.9795],[105.4641,21.9824],[105.4645,21.9871],[105.4636,21.9904],[105.4645,21.9933],[105.4679,21.9941],[105.4687,21.9964],[105.4711,21.9992],[105.4734,22.0042],[105.4758,22.0055],[105.4802,22.0072],[105.4814,22.0105],[105.4817,22.015],[105.4797,22.0167],[105.479,22.0192],[105.4792,22.0209],[105.4787,22.0236],[105.4776,22.0256],[105.4787,22.0271],[105.4817,22.0278],[105.4833,22.0288],[105.4862,22.0285],[105.4898,22.0303],[105.4926,22.0249],[105.4934,22.021],[105.4928,22.0187],[105.4939,22.0138],[105.4938,22.0118],[105.4955,22.0103],[105.4981,22.0093],[105.5007,22.0103],[105.5053,22.0084],[105.5057,22.0052],[105.505,22.0027],[105.5061,21.9964],[105.5049,21.9928],[105.5068,21.992],[105.5084,21.9904],[105.5112,21.9903],[105.5124,21.9876],[105.5119,21.9846],[105.5135,21.9839],[105.5148,21.9843],[105.5156,21.9869],[105.5171,21.9867],[105.519,21.9844],[105.5206,21.9835],[105.5232,21.983],[105.5258,21.9803],[105.5267,21.977],[105.5292,21.9736],[105.5293,21.9722],[105.5314,21.9688],[105.5335,21.9667],[105.5377,21.9673],[105.5395,21.9646],[105.5413,21.9639],[105.5456,21.9642],[105.5495,21.9627],[105.5527,21.9626],[105.5538,21.9593],[105.5557,21.9575],[105.5547,21.9559],[105.5517,21.9528],[105.5518,21.9506],[105.5501,21.9494],[105.5494,21.9476],[105.5507,21.9467],[105.5523,21.9433],[105.5511,21.9396],[105.5522,21.9347],[105.5505,21.9316],[105.5509,21.9256],[105.5502,21.9237],[105.5511,21.9209],[105.5535,21.9187],[105.5531,21.9166],[105.5542,21.9148],[105.553,21.9088],[105.5508,21.9072],[105.5484,21.9067],[105.5453,21.9048],[105.5449,21.903],[105.5459,21.9006],[105.5459,21.8988],[105.5471,21.8969],[105.5469,21.8955],[105.5454,21.8942],[105.545,21.8927],[105.5423,21.8905],[105.5376,21.8898],[105.5355,21.8902],[105.5341,21.8883],[105.5287,21.8876],[105.5249,21.888],[105.5215,21.885],[105.5195,21.8821],[105.5198,21.8802],[105.5183,21.8771],[105.5182,21.8741],[105.5204,21.8734],[105.5224,21.8698],[105.523,21.866],[105.5254,21.8631],[105.5266,21.8575],[105.5289,21.8519],[105.5272,21.8502],[105.5294,21.8478],[105.5294,21.8457],[105.528,21.8407],[105.5286,21.8388],[105.5285,21.8362],[105.5277,21.8347],[105.522,21.8316],[105.5198,21.8308],[105.5187,21.8289],[105.5168,21.8267],[105.5148,21.8268],[105.5136,21.8296],[105.5105,21.8327],[105.5062,21.8331],[105.5042,21.8323],[105.502,21.8327],[105.499,21.8319],[105.4975,21.8326],[105.4954,21.836],[105.4947,21.8396],[105.4928,21.8412],[105.4883,21.8421],[105.4863,21.8412],[105.4847,21.8416],[105.4827,21.8434],[105.4815,21.8433],[105.4801,21.8459],[105.478,21.8457],[105.4768,21.8469],[105.4764,21.8486],[105.4748,21.8503],[105.4767,21.8543],[105.4755,21.8565],[105.4739,21.8582],[105.4749,21.8601],[105.4696,21.8604],[105.4689,21.8598],[105.4656,21.8595],[105.4652,21.861],[105.4636,21.8615],[105.4635,21.8636],[105.4624,21.8645],[105.4613,21.8675],[105.4622,21.8693],[105.4645,21.872],[105.4639,21.874],[105.4645,21.8769],[105.4628,21.8793],[105.4627,21.8816],[105.4591,21.8819],[105.4566,21.8805],[105.454,21.8813],[105.4541,21.8853],[105.4531,21.8876],[105.4547,21.8908],[105.4534,21.8934],[105.4518,21.8949],[105.4504,21.8984],[105.4488,21.9033],[105.4439,21.9063],[105.4415,21.9066],[105.4398,21.9052],[105.4386,21.9033],[105.4335,21.9054],[105.4296,21.9039],[105.4285,21.903],[105.4268,21.9033],[105.4252,21.905],[105.4236,21.904],[105.4209,21.9032],[105.419,21.9056],[105.4174,21.9061],[105.4157,21.9078],[105.4139,21.908],[105.4124,21.9105],[105.4105,21.911],[105.4099,21.9144],[105.411,21.9158],[105.4125,21.9155],[105.4146,21.9185],[105.4144,21.9217],[105.4164,21.9242],[105.4157,21.9273],[105.4173,21.9287],[105.4186,21.931],[105.421,21.9328],[105.4212,21.9363],[105.4221,21.937],[105.4223,21.9397],[105.4233,21.9418],[105.4219,21.9423],[105.4196,21.9461],[105.4189,21.9494]]]},"properties":{"name":"Hùng Lợi","level":"ward"}},{"type":"Feature","geometry":{"type":"Polygon","coordinates":[[[105.3986,21.9406],[105.4002,21.942],[105.4062,21.9439],[105.4084,21.9435],[105.409,21.9461],[105.4153,21.9475],[105.4156,21.9486],[105.4176,21.9481],[105.4189,21.9494],[105.4196,21.9461],[105.4219,21.9423],[105.4233,21.9418],[105.4223,21.9397],[105.4221,21.937],[105.4212,21.9363],[105.421,21.9328],[105.4186,21.931],[105.4173,21.9287],[105.4157,21.9273],[105.4164,21.9242],[105.4144,21.9217],[105.4146,21.9185],[105.4125,21.9155],[105.411,21.9158],[105.4099,21.9144],[105.4105,21.911],[105.4124,21.9105],[105.4139,21.908],[105.4157,21.9078],[105.4174,21.9061],[105.419,21.9056],[105.4209,21.9032],[105.4236,21.904],[105.4252,21.905],[105.4268,21.9033],[105.4285,21.903],[105.4296,21.9039],[105.4335,21.9054],[105.4386,21.9033],[105.4398,21.9052],[105.4415,21.9066],[105.4439,21.9063],[105.4488,21.9033],[105.4504,21.8984],[105.4518,21.8949],[105.4534,21.8934],[105.4547,21.8908],[105.4531,21.8876],[105.4494,21.8871],[105.4477,21.8841],[105.447,21.8814],[105.4442,21.8788],[105.4435,21.8774],[105.4416,21.8772],[105.4397,21.8761],[105.4383,21.874],[105.4372,21.871],[105.4359,21.8706],[105.4329,21.8709],[105.4322,21.868],[105.4303,21.8669],[105.4282,21.8649],[105.4273,21.8624],[105.4247,21.8611],[105.4218,21.8622],[105.4185,21.8656],[105.411,21.8634],[105.4066,21.8665],[105.405,21.8663],[105.4032,21.865],[105.4012,21.8651],[105.3973,21.8643],[105.3959,21.8602],[105.3975,21.858],[105.4005,21.8586],[105.4032,21.8554],[105.4064,21.8533],[105.4085,21.8528],[105.4092,21.8502],[105.4079,21.8479],[105.4064,21.8464],[105.4069,21.8442],[105.4088,21.8423],[105.4104,21.8419],[105.4109,21.8398],[105.4141,21.8395],[105.4156,21.8377],[105.4161,21.8353],[105.4129,21.832],[105.4133,21.8306],[105.415,21.829],[105.4169,21.828],[105.4166,21.8266],[105.4186,21.8238],[105.4161,21.8212],[105.4133,21.8158],[105.4114,21.8126],[105.4088,21.8095],[105.4066,21.8097],[105.4043,21.812],[105.401,21.8104],[105.3983,21.8074],[105.3973,21.8049],[105.3957,21.8031],[105.3959,21.8015],[105.3948,21.7997],[105.3953,21.7974],[105.3926,21.7954],[105.3908,21.795],[105.3883,21.7954],[105.3855,21.7963],[105.3838,21.7952],[105.3812,21.7951],[105.3779,21.7906],[105.3777,21.7876],[105.3754,21.7865],[105.3732,21.7867],[105.3727,21.7893],[105.3715,21.7905],[105.3678,21.7916],[105.3653,21.7906],[105.364,21.7907],[105.3636,21.7891],[105.3614,21.7875],[105.3557,21.7925],[105.3557,21.7944],[105.3563,21.7989],[105.3542,21.7998],[105.3529,21.8023],[105.3507,21.8035],[105.3482,21.8034],[105.3424,21.8036],[105.3392,21.805],[105.339,21.8069],[105.3398,21.8084],[105.3376,21.8123],[105.3311,21.8163],[105.3291,21.8169],[105.3278,21.8193],[105.326,21.8206],[105.3248,21.8232],[105.3217,21.8248],[105.3186,21.8252],[105.3139,21.8242],[105.3124,21.8244],[105.312,21.8271],[105.3106,21.8284],[105.312,21.8302],[105.3151,21.831],[105.3158,21.8323],[105.3188,21.8345],[105.3236,21.8331],[105.3266,21.8354],[105.3255,21.8369],[105.3261,21.8387],[105.3286,21.8404],[105.3289,21.8448],[105.3299,21.8462],[105.3276,21.8472],[105.3273,21.8534],[105.328,21.8541],[105.3265,21.8565],[105.3261,21.8591],[105.3264,21.8605],[105.3252,21.8633],[105.3224,21.8648],[105.3206,21.8642],[105.3193,21.866],[105.3165,21.8671],[105.3155,21.8696],[105.3156,21.8718],[105.3143,21.8746],[105.3157,21.8757],[105.3179,21.8763],[105.3206,21.88],[105.3203,21.8839],[105.322,21.8849],[105.323,21.8866],[105.3265,21.8895],[105.3289,21.8907],[105.3291,21.8923],[105.3308,21.894],[105.3313,21.8977],[105.3331,21.9016],[105.3324,21.9034],[105.3336,21.9065],[105.3352,21.9075],[105.3378,21.9078],[105.3402,21.9095],[105.3398,21.9104],[105.341,21.9162],[105.342,21.918],[105.3424,21.9187],[105.345,21.9186],[105.3469,21.9195],[105.348,21.9214],[105.3499,21.9216],[105.3511,21.92],[105.3533,21.9191],[105.3538,21.9179],[105.3537,21.9142],[105.3557,21.9125],[105.3558,21.9108],[105.3594,21.9092],[105.3603,21.907],[105.3622,21.9071],[105.3639,21.9028],[105.3649,21.9025],[105.3701,21.9042],[105.373,21.9031],[105.375,21.905],[105.3769,21.9055],[105.3787,21.9087],[105.3811,21.9101],[105.3797,21.9124],[105.3802,21.9135],[105.3789,21.9162],[105.3794,21.9193],[105.3808,21.9216],[105.383,21.9201],[105.385,21.9205],[105.3857,21.9216],[105.3877,21.9221],[105.3903,21.9237],[105.3919,21.9261],[105.3921,21.9276],[105.3956,21.931],[105.3954,21.9331],[105.396,21.9349],[105.3941,21.9375],[105.3951,21.9389],[105.3986,21.9406]]]},"properties":{"name":"Trung Sơn","level":"ward"}},{"type":"Feature","geometry":{"type":"Polygon","coordinates":[[[105.2693,21.8458],[105.2676,21.8462],[105.2632,21.8495],[105.2628,21.8505],[105.2592,21.8521],[105.259,21.8536],[105.2574,21.8555],[105.2552,21.8553],[105.2535,21.8539],[105.2496,21.8527],[105.2482,21.853],[105.2465,21.8507],[105.2441,21.8506],[105.2436,21.852],[105.2436,21.8561],[105.2406,21.8583],[105.238,21.858],[105.235,21.8589],[105.2339,21.8607],[105.2311,21.8613],[105.2281,21.8607],[105.2271,21.8581],[105.2274,21.8568],[105.2261,21.8555],[105.2247,21.8581],[105.2232,21.8594],[105.2207,21.8603],[105.2198,21.8624],[105.2168,21.8649],[105.2141,21.8644],[105.2128,21.863],[105.212,21.861],[105.2122,21.8594],[105.2082,21.8582],[105.2071,21.8597],[105.2041,21.8594],[105.203,21.8577],[105.2016,21.8538],[105.1988,21.8523],[105.1947,21.8528],[105.1944,21.8508],[105.1919,21.8491],[105.1902,21.8508],[105.1871,21.8524],[105.1869,21.8557],[105.1877,21.8581],[105.1894,21.86],[105.1934,21.8628],[105.1969,21.8713],[105.1985,21.8731],[105.2025,21.8761],[105.2027,21.8782],[105.2023,21.8838],[105.2017,21.8867],[105.1996,21.8886],[105.1983,21.8907],[105.1984,21.8957],[105.1975,21.8985],[105.1955,21.9012],[105.193,21.9028],[105.1923,21.9049],[105.1979,21.9108],[105.2017,21.9154],[105.2054,21.9168],[105.2075,21.9156],[105.2099,21.9167],[105.211,21.9163],[105.2151,21.9159],[105.2174,21.914],[105.2189,21.9141],[105.2199,21.9158],[105.2226,21.9161],[105.2236,21.9151],[105.2257,21.915],[105.2276,21.9131],[105.2308,21.9132],[105.2333,21.9127],[105.235,21.9141],[105.2381,21.9153],[105.2411,21.9157],[105.2429,21.9141],[105.2479,21.916],[105.2482,21.9165],[105.2531,21.9171],[105.2546,21.9195],[105.2563,21.9209],[105.2626,21.9222],[105.2645,21.9217],[105.2673,21.9223],[105.2686,21.9217],[105.2698,21.9199],[105.2729,21.9196],[105.2755,21.9176],[105.2791,21.9191],[105.281,21.9208],[105.2861,21.9208],[105.2883,21.9225],[105.29,21.9255],[105.2956,21.9233],[105.2981,21.9243],[105.3001,21.9242],[105.3023,21.923],[105.3039,21.9247],[105.3041,21.9268],[105.3052,21.9283],[105.3077,21.929],[105.311,21.9327],[105.3111,21.935],[105.3122,21.9372],[105.3152,21.9383],[105.3171,21.9392],[105.3207,21.9391],[105.3246,21.94],[105.3279,21.9396],[105.3291,21.938],[105.3289,21.934],[105.3321,21.9318],[105.3315,21.9292],[105.3325,21.928],[105.3355,21.9262],[105.335,21.9233],[105.338,21.9219],[105.338,21.9211],[105.342,21.918],[105.341,21.9162],[105.3398,21.9104],[105.3402,21.9095],[105.3378,21.9078],[105.3352,21.9075],[105.3336,21.9065],[105.3324,21.9034],[105.3331,21.9016],[105.3313,21.8977],[105.3308,21.894],[105.3291,21.8923],[105.3289,21.8907],[105.3265,21.8895],[105.323,21.8866],[105.322,21.8849],[105.3203,21.8839],[105.3206,21.88],[105.3179,21.8763],[105.3157,21.8757],[105.3143,21.8746],[105.3156,21.8718],[105.3087,21.8719],[105.3057,21.8699],[105.3047,21.8688],[105.3006,21.8663],[105.2992,21.8639],[105.2972,21.8624],[105.2955,21.8592],[105.295,21.8569],[105.2931,21.8553],[105.2892,21.8564],[105.2867,21.8555],[105.282,21.8554],[105.2802,21.8543],[105.278,21.8539],[105.2753,21.8566],[105.2739,21.8571],[105.2721,21.8556],[105.2725,21.8541],[105.2712,21.8523],[105.2708,21.8498],[105.2711,21.8485],[105.2693,21.8458]]]},"properties":{"name":"Tân Long","level":"ward"}},{"type":"Feature","geometry":{"type":"Polygon","coordinates":[[[105.1871,21.8524],[105.1877,21.8491],[105.1867,21.8475],[105.1834,21.8456],[105.1791,21.8463],[105.1776,21.8487],[105.1753,21.849],[105.1713,21.8516],[105.1697,21.8519],[105.1688,21.8506],[105.1674,21.851],[105.1653,21.8472],[105.1609,21.8463],[105.1587,21.8451],[105.1606,21.8388],[105.163,21.8373],[105.1609,21.8321],[105.1574,21.83],[105.1581,21.8283],[105.1572,21.8262],[105.1549,21.8254],[105.155,21.8238],[105.154,21.8229],[105.1543,21.8193],[105.1536,21.8176],[105.1516,21.8154],[105.1519,21.8101],[105.1541,21.807],[105.1556,21.8069],[105.1571,21.8052],[105.1569,21.8008],[105.1554,21.7984],[105.1539,21.7978],[105.1541,21.7961],[105.1529,21.7942],[105.1502,21.794],[105.1476,21.7927],[105.1477,21.7913],[105.1461,21.79],[105.1457,21.788],[105.1394,21.7847],[105.1361,21.7875],[105.1335,21.7889],[105.1326,21.7887],[105.1303,21.792],[105.1305,21.7936],[105.1295,21.7971],[105.1273,21.7996],[105.1266,21.8019],[105.1228,21.8057],[105.1216,21.8059],[105.12,21.8047],[105.1178,21.8044],[105.1169,21.8023],[105.1147,21.8006],[105.1098,21.7997],[105.1082,21.8004],[105.1066,21.8026],[105.1047,21.8027],[105.1048,21.8066],[105.1018,21.8094],[105.1004,21.8115],[105.0996,21.8144],[105.0988,21.815],[105.0982,21.8176],[105.0957,21.8187],[105.0926,21.8209],[105.0909,21.8253],[105.089,21.828],[105.085,21.8292],[105.0795,21.8292],[105.0777,21.8299],[105.0752,21.8321],[105.0729,21.8352],[105.07,21.8377],[105.0697,21.8394],[105.0714,21.8399],[105.0741,21.8424],[105.0749,21.8438],[105.0793,21.8462],[105.0783,21.8499],[105.079,21.8515],[105.0789,21.8542],[105.0781,21.8558],[105.0784,21.8579],[105.0801,21.8597],[105.0826,21.8611],[105.0842,21.8603],[105.0875,21.8614],[105.089,21.863],[105.0903,21.8661],[105.0934,21.8676],[105.0938,21.8689],[105.0958,21.8715],[105.0941,21.8733],[105.0955,21.8772],[105.095,21.8794],[105.094,21.8803],[105.0941,21.8866],[105.0928,21.8887],[105.092,21.8915],[105.0955,21.8935],[105.0993,21.8921],[105.1038,21.893],[105.1062,21.9001],[105.1079,21.9022],[105.1101,21.9039],[105.1117,21.906],[105.114,21.9074],[105.1144,21.9093],[105.116,21.9093],[105.1168,21.9116],[105.1195,21.9143],[105.1216,21.9155],[105.1199,21.918],[105.1183,21.9187],[105.1169,21.9216],[105.1186,21.9253],[105.1209,21.9251],[105.1249,21.9282],[105.1276,21.9259],[105.1284,21.9246],[105.1279,21.9207],[105.1301,21.9198],[105.1327,21.9211],[105.1337,21.9239],[105.1377,21.9221],[105.1391,21.9237],[105.1405,21.9238],[105.1432,21.9252],[105.1458,21.9284],[105.1494,21.9285],[105.1538,21.9267],[105.156,21.9278],[105.1585,21.9279],[105.1601,21.9254],[105.161,21.925],[105.1652,21.925],[105.1666,21.9245],[105.1675,21.9227],[105.166,21.9193],[105.1634,21.9146],[105.1615,21.9124],[105.1613,21.9092],[105.1635,21.908],[105.167,21.9078],[105.1702,21.9084],[105.1727,21.9085],[105.1746,21.9076],[105.1757,21.9048],[105.1802,21.9029],[105.1827,21.901],[105.1848,21.9002],[105.1865,21.9003],[105.1912,21.9028],[105.193,21.9028],[105.1955,21.9012],[105.1975,21.8985],[105.1984,21.8957],[105.1983,21.8907],[105.1996,21.8886],[105.2017,21.8867],[105.2023,21.8838],[105.2027,21.8782],[105.2025,21.8761],[105.1985,21.8731],[105.1969,21.8713],[105.1934,21.8628],[105.1894,21.86],[105.1877,21.8581],[105.1869,21.8557],[105.1871,21.8524]]]},"properties":{"name":"Yên Sơn","level":"ward"}},{"type":"Feature","geometry":{"type":"Polygon","coordinates":[[[105.2399,21.8096],[105.239,21.8103],[105.2386,21.8141],[105.2394,21.8165],[105.2388,21.8182],[105.2398,21.821],[105.2434,21.8177],[105.2454,21.8186],[105.2477,21.8215],[105.2474,21.8228],[105.2452,21.8239],[105.2461,21.8269],[105.2471,21.8283],[105.2492,21.8297],[105.2493,21.8312],[105.251,21.8321],[105.2539,21.8345],[105.2577,21.8358],[105.2592,21.8388],[105.2593,21.841],[105.2618,21.8405],[105.265,21.8421],[105.2665,21.842],[105.2687,21.843],[105.2693,21.8458],[105.2711,21.8485],[105.2708,21.8498],[105.2712,21.8523],[105.2725,21.8541],[105.2721,21.8556],[105.2739,21.8571],[105.2753,21.8566],[105.278,21.8539],[105.2802,21.8543],[105.282,21.8554],[105.2867,21.8555],[105.2892,21.8564],[105.2931,21.8553],[105.295,21.8569],[105.2955,21.8592],[105.2972,21.8624],[105.2992,21.8639],[105.3006,21.8663],[105.3047,21.8688],[105.3057,21.8699],[105.3087,21.8719],[105.3156,21.8718],[105.3155,21.8696],[105.3165,21.8671],[105.3193,21.866],[105.3206,21.8642],[105.3224,21.8648],[105.3252,21.8633],[105.3264,21.8605],[105.3261,21.8591],[105.3265,21.8565],[105.328,21.8541],[105.3273,21.8534],[105.3276,21.8472],[105.3299,21.8462],[105.3289,21.8448],[105.3286,21.8404],[105.3261,21.8387],[105.3255,21.8369],[105.3266,21.8354],[105.3236,21.8331],[105.3188,21.8345],[105.3158,21.8323],[105.3151,21.831],[105.312,21.8302],[105.3106,21.8284],[105.312,21.8271],[105.3124,21.8244],[105.3139,21.8242],[105.3186,21.8252],[105.3217,21.8248],[105.3248,21.8232],[105.326,21.8206],[105.3278,21.8193],[105.3291,21.8169],[105.3311,21.8163],[105.3376,21.8123],[105.3398,21.8084],[105.339,21.8069],[105.3392,21.805],[105.3424,21.8036],[105.3482,21.8034],[105.3507,21.8035],[105.3529,21.8023],[105.3542,21.7998],[105.3563,21.7989],[105.3557,21.7944],[105.3557,21.7925],[105.3614,21.7875],[105.3636,21.7891],[105.364,21.7907],[105.3653,21.7906],[105.3678,21.7916],[105.3715,21.7905],[105.3727,21.7893],[105.3732,21.7867],[105.3754,21.7865],[105.3757,21.7836],[105.3753,21.7794],[105.3765,21.777],[105.3762,21.7726],[105.3741,21.7711],[105.3737,21.7664],[105.3741,21.7656],[105.3722,21.7625],[105.3751,21.7589],[105.3764,21.7582],[105.377,21.7545],[105.3788,21.7526],[105.3802,21.7519],[105.3802,21.7502],[105.3774,21.7468],[105.3748,21.7411],[105.3749,21.7398],[105.3722,21.735],[105.3711,21.7306],[105.3686,21.7309],[105.3677,21.7325],[105.3645,21.7337],[105.3618,21.7319],[105.3587,21.7326],[105.3569,21.7293],[105.354,21.7281],[105.3528,21.73],[105.3502,21.7306],[105.3492,21.7321],[105.3508,21.7356],[105.3489,21.7372],[105.3474,21.737],[105.3458,21.7403],[105.349,21.743],[105.3482,21.7447],[105.3461,21.7461],[105.343,21.7452],[105.3416,21.7464],[105.3414,21.7497],[105.3395,21.7507],[105.3387,21.7537],[105.3389,21.755],[105.3342,21.7555],[105.333,21.756],[105.3334,21.7583],[105.3327,21.761],[105.3272,21.7616],[105.3268,21.7633],[105.3255,21.7634],[105.3239,21.762],[105.3216,21.761],[105.3191,21.7615],[105.3162,21.7631],[105.3143,21.763],[105.3105,21.7655],[105.3071,21.7658],[105.3063,21.7645],[105.3043,21.7633],[105.3038,21.7645],[105.2994,21.7649],[105.2973,21.7671],[105.2928,21.7695],[105.2924,21.7709],[105.2934,21.773],[105.2933,21.7746],[105.2914,21.7773],[105.2892,21.7787],[105.2859,21.7801],[105.2784,21.7826],[105.2738,21.7835],[105.2696,21.7846],[105.2643,21.7871],[105.2605,21.7895],[105.2537,21.7952],[105.2529,21.7965],[105.2514,21.8013],[105.2489,21.8052],[105.2471,21.8071],[105.2429,21.8093],[105.2399,21.8096]]]},"properties":{"name":"Thái Bình","level":"ward"}},{"type":"Feature","geometry":{"type":"Polygon","coordinates":[[[105.1457,21.788],[105.1456,21.7852],[105.1465,21.7833],[105.1462,21.7813],[105.1464,21.7779],[105.1457,21.7769],[105.1475,21.774],[105.1497,21.7688],[105.1543,21.7694],[105.1584,21.7683],[105.1605,21.7685],[105.1645,21.7669],[105.1725,21.7624],[105.1725,21.7598],[105.1734,21.7569],[105.1719,21.7564],[105.1691,21.754],[105.1697,21.7498],[105.1711,21.7492],[105.1715,21.7468],[105.1698,21.7431],[105.171,21.7417],[105.1708,21.739],[105.1678,21.7367],[105.1669,21.7369],[105.1655,21.735],[105.1617,21.7328],[105.1593,21.7303],[105.1561,21.7297],[105.156,21.7284],[105.1576,21.7261],[105.1562,21.7233],[105.1535,21.724],[105.1518,21.7237],[105.1503,21.7224],[105.1446,21.721],[105.1446,21.7198],[105.1388,21.7203],[105.1361,21.7226],[105.1348,21.7279],[105.1326,21.7315],[105.1321,21.7336],[105.1334,21.7384],[105.1314,21.7408],[105.1276,21.7408],[105.1262,21.7431],[105.124,21.7442],[105.1212,21.7431],[105.1203,21.7402],[105.1202,21.7376],[105.118,21.7379],[105.1174,21.737],[105.1186,21.7353],[105.1126,21.734],[105.1111,21.733],[105.1119,21.7313],[105.1078,21.7262],[105.1084,21.7248],[105.1058,21.7242],[105.1037,21.7203],[105.1041,21.719],[105.1019,21.7175],[105.0992,21.7166],[105.0988,21.7174],[105.0956,21.7188],[105.0933,21.7185],[105.0921,21.7195],[105.0909,21.7185],[105.0865,21.7184],[105.0841,21.7231],[105.0821,21.7239],[105.0785,21.7219],[105.0773,21.722],[105.0759,21.7238],[105.0751,21.727],[105.0739,21.7284],[105.0766,21.7317],[105.0768,21.7347],[105.0762,21.7357],[105.0703,21.7383],[105.0676,21.7405],[105.0669,21.7417],[105.0647,21.743],[105.0616,21.7438],[105.0566,21.7473],[105.0584,21.7494],[105.0614,21.7484],[105.0644,21.7491],[105.0648,21.7503],[105.0691,21.7514],[105.0697,21.7531],[105.0721,21.7544],[105.0723,21.758],[105.0739,21.7576],[105.0749,21.7586],[105.0753,21.7607],[105.0781,21.7617],[105.0771,21.7634],[105.078,21.7657],[105.0816,21.7714],[105.0798,21.7728],[105.0773,21.7734],[105.0755,21.7755],[105.0724,21.7781],[105.0717,21.7816],[105.0732,21.7815],[105.0747,21.7828],[105.0755,21.7847],[105.0774,21.7868],[105.0795,21.7865],[105.0808,21.7873],[105.0807,21.79],[105.0828,21.7917],[105.0822,21.7926],[105.0844,21.7978],[105.0851,21.8009],[105.0849,21.802],[105.0863,21.8036],[105.0886,21.8073],[105.0951,21.8107],[105.0983,21.8117],[105.1004,21.8115],[105.1018,21.8094],[105.1048,21.8066],[105.1047,21.8027],[105.1066,21.8026],[105.1082,21.8004],[105.1098,21.7997],[105.1147,21.8006],[105.1169,21.8023],[105.1178,21.8044],[105.12,21.8047],[105.1216,21.8059],[105.1228,21.8057],[105.1266,21.8019],[105.1273,21.7996],[105.1295,21.7971],[105.1305,21.7936],[105.1303,21.792],[105.1326,21.7887],[105.1335,21.7889],[105.1361,21.7875],[105.1394,21.7847],[105.1457,21.788]]]},"properties":{"name":"Mỹ Lâm","level":"ward"}},{"type":"Feature","geometry":{"type":"Polygon","coordinates":[[[105.2152,21.8069],[105.2155,21.8031],[105.2172,21.8004],[105.2191,21.7992],[105.2211,21.7987],[105.2236,21.8005],[105.2273,21.8021],[105.2277,21.8023],[105.2351,21.8059],[105.2372,21.8081],[105.2399,21.8096],[105.2429,21.8093],[105.2471,21.8071],[105.2489,21.8052],[105.2514,21.8013],[105.2529,21.7965],[105.2537,21.7952],[105.2605,21.7895],[105.2643,21.7871],[105.2696,21.7846],[105.2738,21.7835],[105.2784,21.7826],[105.2859,21.7801],[105.2892,21.7787],[105.2914,21.7773],[105.2933,21.7746],[105.2934,21.773],[105.2924,21.7709],[105.2903,21.7709],[105.2867,21.7728],[105.2817,21.7749],[105.278,21.775],[105.2753,21.7742],[105.2741,21.7726],[105.2728,21.7723],[105.2684,21.7729],[105.2645,21.773],[105.2617,21.7727],[105.2582,21.7707],[105.2567,21.769],[105.256,21.7669],[105.257,21.7616],[105.261,21.7572],[105.2624,21.7518],[105.2577,21.753],[105.2561,21.7543],[105.2561,21.7574],[105.2544,21.7574],[105.2497,21.7549],[105.2465,21.754],[105.2447,21.756],[105.2422,21.7571],[105.2402,21.7559],[105.2386,21.756],[105.2359,21.7554],[105.2352,21.7586],[105.2328,21.7589],[105.2294,21.7564],[105.2264,21.7548],[105.2255,21.7532],[105.2235,21.7519],[105.2216,21.7521],[105.2197,21.7508],[105.2181,21.7506],[105.2147,21.7511],[105.2121,21.7474],[105.2131,21.746],[105.213,21.7437],[105.2108,21.7426],[105.2107,21.7408],[105.208,21.7412],[105.2036,21.743],[105.2007,21.7426],[105.1989,21.7403],[105.1949,21.7388],[105.194,21.7373],[105.191,21.7381],[105.1899,21.741],[105.1874,21.7389],[105.186,21.7352],[105.1833,21.7347],[105.1808,21.7359],[105.1805,21.737],[105.1788,21.7385],[105.178,21.7405],[105.1765,21.7421],[105.171,21.7417],[105.1698,21.7431],[105.1715,21.7468],[105.1711,21.7492],[105.1697,21.7498],[105.1691,21.754],[105.1719,21.7564],[105.1734,21.7569],[105.1725,21.7598],[105.1725,21.7624],[105.174,21.7656],[105.1768,21.7665],[105.1777,21.7687],[105.179,21.7704],[105.1798,21.7736],[105.1851,21.7748],[105.1881,21.776],[105.1884,21.7793],[105.1898,21.7788],[105.1924,21.7801],[105.192,21.782],[105.1909,21.7837],[105.1932,21.786],[105.1937,21.7871],[105.1921,21.789],[105.1921,21.7909],[105.194,21.7933],[105.1959,21.7947],[105.1968,21.7997],[105.1981,21.8024],[105.1998,21.804],[105.2014,21.8042],[105.2024,21.8069],[105.2046,21.8065],[105.2057,21.8095],[105.2076,21.8106],[105.2099,21.81],[105.2113,21.8111],[105.2126,21.8107],[105.213,21.8079],[105.2152,21.8069]]]},"properties":{"name":"An Tường","level":"ward"}},{"type":"Feature","geometry":{"type":"Polygon","coordinates":[[[105.1833,21.7347],[105.186,21.7352],[105.1874,21.7389],[105.1899,21.741],[105.191,21.7381],[105.194,21.7373],[105.1949,21.7388],[105.1989,21.7403],[105.2007,21.7426],[105.2036,21.743],[105.208,21.7412],[105.2107,21.7408],[105.2108,21.7426],[105.213,21.7437],[105.2131,21.746],[105.2121,21.7474],[105.2147,21.7511],[105.2181,21.7506],[105.2197,21.7508],[105.2216,21.7521],[105.2235,21.7519],[105.2255,21.7532],[105.2264,21.7548],[105.2294,21.7564],[105.2328,21.7589],[105.2352,21.7586],[105.2359,21.7554],[105.2386,21.756],[105.2402,21.7559],[105.2422,21.7571],[105.2447,21.756],[105.2465,21.754],[105.2497,21.7549],[105.2544,21.7574],[105.2561,21.7574],[105.2561,21.7543],[105.2577,21.753],[105.2624,21.7518],[105.2645,21.7461],[105.2682,21.7422],[105.2704,21.7387],[105.272,21.7346],[105.273,21.7278],[105.2725,21.7236],[105.2718,21.7206],[105.2701,21.7159],[105.2689,21.7134],[105.2667,21.7112],[105.2643,21.7108],[105.2605,21.7094],[105.2579,21.7081],[105.2554,21.7061],[105.2528,21.7032],[105.2504,21.6987],[105.2494,21.6957],[105.2495,21.6939],[105.2517,21.6887],[105.2505,21.6873],[105.2486,21.6875],[105.2478,21.6889],[105.2451,21.6894],[105.2439,21.6919],[105.2416,21.6916],[105.2417,21.688],[105.2386,21.6844],[105.237,21.6854],[105.2348,21.6847],[105.2324,21.6864],[105.229,21.6878],[105.2259,21.6896],[105.2245,21.6896],[105.2213,21.6879],[105.2196,21.6861],[105.2177,21.685],[105.2155,21.6868],[105.2122,21.6884],[105.214,21.69],[105.2153,21.692],[105.2197,21.6946],[105.2204,21.6982],[105.2223,21.7007],[105.2205,21.7023],[105.2192,21.7016],[105.2175,21.7031],[105.2163,21.702],[105.2141,21.7038],[105.2145,21.7054],[105.2136,21.7069],[105.2128,21.7102],[105.2105,21.7106],[105.2087,21.714],[105.2088,21.7154],[105.2049,21.7157],[105.2014,21.7195],[105.1925,21.7187],[105.1916,21.7177],[105.1897,21.7181],[105.1877,21.7172],[105.1865,21.7177],[105.184,21.7172],[105.1822,21.7159],[105.1798,21.717],[105.1778,21.7173],[105.1763,21.7206],[105.1794,21.7246],[105.1792,21.7301],[105.1808,21.7315],[105.1835,21.732],[105.1833,21.7347]]]},"properties":{"name":"Bình Thuận","level":"ward"}},{"type":"Feature","geometry":{"type":"Polygon","coordinates":[[[105.1019,21.7175],[105.1041,21.719],[105.1037,21.7203],[105.1058,21.7242],[105.1084,21.7248],[105.1078,21.7262],[105.1119,21.7313],[105.1111,21.733],[105.1126,21.734],[105.1186,21.7353],[105.1174,21.737],[105.118,21.7379],[105.1202,21.7376],[105.1203,21.7402],[105.1212,21.7431],[105.124,21.7442],[105.1262,21.7431],[105.1276,21.7408],[105.1314,21.7408],[105.1334,21.7384],[105.1321,21.7336],[105.1326,21.7315],[105.1348,21.7279],[105.1361,21.7226],[105.1388,21.7203],[105.1446,21.7198],[105.1446,21.721],[105.1503,21.7224],[105.1518,21.7237],[105.1535,21.724],[105.1562,21.7233],[105.1576,21.7261],[105.156,21.7284],[105.1561,21.7297],[105.1593,21.7303],[105.1617,21.7328],[105.1655,21.735],[105.1669,21.7369],[105.1678,21.7367],[105.1708,21.739],[105.171,21.7417],[105.1765,21.7421],[105.178,21.7405],[105.1788,21.7385],[105.1805,21.737],[105.1808,21.7359],[105.1833,21.7347],[105.1835,21.732],[105.1808,21.7315],[105.1792,21.7301],[105.1794,21.7246],[105.1763,21.7206],[105.1778,21.7173],[105.1798,21.717],[105.1822,21.7159],[105.184,21.7172],[105.1865,21.7177],[105.1877,21.7172],[105.1897,21.7181],[105.1916,21.7177],[105.1925,21.7187],[105.2014,21.7195],[105.2049,21.7157],[105.2088,21.7154],[105.2087,21.714],[105.2105,21.7106],[105.2128,21.7102],[105.2136,21.7069],[105.2145,21.7054],[105.2141,21.7038],[105.2163,21.702],[105.2175,21.7031],[105.2192,21.7016],[105.2205,21.7023],[105.2223,21.7007],[105.2204,21.6982],[105.2197,21.6946],[105.2153,21.692],[105.214,21.69],[105.2122,21.6884],[105.2155,21.6868],[105.2177,21.685],[105.2196,21.6861],[105.2213,21.6879],[105.2245,21.6896],[105.2259,21.6896],[105.229,21.6878],[105.2324,21.6864],[105.2348,21.6847],[105.237,21.6854],[105.2386,21.6844],[105.2417,21.688],[105.2416,21.6916],[105.2439,21.6919],[105.2451,21.6894],[105.2478,21.6889],[105.2486,21.6875],[105.2505,21.6873],[105.2517,21.6887],[105.2524,21.6855],[105.2525,21.6822],[105.2522,21.6803],[105.2496,21.6765],[105.2478,21.6748],[105.2454,21.6734],[105.2395,21.6717],[105.2367,21.6703],[105.2348,21.6666],[105.2346,21.6631],[105.2354,21.6588],[105.2327,21.659],[105.2309,21.66],[105.2286,21.6602],[105.2262,21.6592],[105.2218,21.6588],[105.2202,21.6607],[105.2183,21.6619],[105.2154,21.6625],[105.212,21.6612],[105.2086,21.6608],[105.2045,21.6628],[105.204,21.664],[105.2023,21.6639],[105.2005,21.6653],[105.1986,21.6677],[105.1958,21.6678],[105.1946,21.6699],[105.1924,21.6711],[105.1936,21.6732],[105.1937,21.6757],[105.1917,21.6771],[105.189,21.6765],[105.1856,21.6769],[105.1819,21.6796],[105.1813,21.6818],[105.1796,21.6835],[105.1782,21.687],[105.1764,21.6873],[105.1744,21.6862],[105.1689,21.6865],[105.168,21.6874],[105.1644,21.6886],[105.1637,21.6869],[105.161,21.6854],[105.1604,21.6838],[105.156,21.6812],[105.1557,21.6839],[105.157,21.6849],[105.1567,21.6874],[105.1555,21.6877],[105.151,21.6919],[105.1502,21.696],[105.151,21.6972],[105.1503,21.6997],[105.1488,21.6996],[105.1454,21.7007],[105.1434,21.6979],[105.1341,21.6965],[105.1325,21.6971],[105.1291,21.7005],[105.1275,21.7009],[105.1262,21.7031],[105.1248,21.7042],[105.1225,21.705],[105.1186,21.7055],[105.1166,21.7048],[105.113,21.7068],[105.11,21.7059],[105.1085,21.7068],[105.108,21.7089],[105.1054,21.7124],[105.1039,21.7121],[105.1034,21.7156],[105.1019,21.7175]]]},"properties":{"name":"Nhữ Khê","level":"ward"}},{"type":"Feature","geometry":{"type":"Polygon","coordinates":[[[105.3502,21.7306],[105.3528,21.73],[105.354,21.7281],[105.3569,21.7293],[105.3587,21.7326],[105.3618,21.7319],[105.3645,21.7337],[105.3677,21.7325],[105.3686,21.7309],[105.3711,21.7306],[105.3722,21.735],[105.3749,21.7398],[105.3748,21.7411],[105.3774,21.7468],[105.3802,21.7502],[105.3802,21.7519],[105.3831,21.7516],[105.3842,21.75],[105.3857,21.7497],[105.3875,21.751],[105.3902,21.7508],[105.3928,21.7493],[105.3957,21.7487],[105.3991,21.7474],[105.4019,21.7476],[105.4043,21.7487],[105.4072,21.7481],[105.4091,21.7461],[105.4108,21.7453],[105.4132,21.7462],[105.4165,21.7443],[105.4161,21.7428],[105.4173,21.7413],[105.4123,21.7379],[105.4104,21.7343],[105.4123,21.7339],[105.4139,21.7323],[105.4141,21.7308],[105.4128,21.7289],[105.4147,21.7273],[105.4156,21.725],[105.4154,21.7231],[105.4206,21.7226],[105.4222,21.7215],[105.4252,21.7222],[105.4302,21.7192],[105.4301,21.7172],[105.4322,21.7156],[105.4326,21.7142],[105.435,21.7132],[105.438,21.7141],[105.4398,21.713],[105.442,21.7128],[105.4448,21.7112],[105.448,21.7123],[105.4582,21.7107],[105.4621,21.7097],[105.4653,21.7102],[105.4717,21.7126],[105.4734,21.7125],[105.4786,21.7098],[105.4824,21.7097],[105.4843,21.7084],[105.4849,21.7072],[105.4888,21.7055],[105.4902,21.7037],[105.4892,21.7027],[105.4864,21.7028],[105.4818,21.7006],[105.4809,21.699],[105.4778,21.6982],[105.4777,21.6962],[105.4787,21.6953],[105.4816,21.6945],[105.4844,21.6931],[105.485,21.6919],[105.4876,21.6905],[105.488,21.6885],[105.4872,21.6862],[105.4876,21.6843],[105.4872,21.681],[105.4849,21.6795],[105.4819,21.6788],[105.4808,21.6773],[105.4802,21.6751],[105.4794,21.6744],[105.4821,21.6724],[105.4821,21.6675],[105.4839,21.6634],[105.4834,21.6604],[105.4857,21.6575],[105.486,21.6556],[105.4875,21.6528],[105.489,21.651],[105.4883,21.6492],[105.4901,21.6464],[105.4909,21.6427],[105.4943,21.6405],[105.4963,21.64],[105.4978,21.6387],[105.4967,21.638],[105.4918,21.6364],[105.4898,21.6349],[105.4861,21.6348],[105.4837,21.6378],[105.4822,21.6387],[105.4817,21.6405],[105.48,21.6419],[105.4782,21.6459],[105.4748,21.6445],[105.4712,21.6451],[105.469,21.6476],[105.4684,21.6493],[105.4703,21.6519],[105.4712,21.6558],[105.4706,21.659],[105.4698,21.6605],[105.47,21.6623],[105.4694,21.6661],[105.4667,21.6677],[105.4655,21.6699],[105.4664,21.6711],[105.4656,21.6732],[105.4631,21.6746],[105.4617,21.676],[105.4592,21.6765],[105.4594,21.6778],[105.4577,21.6805],[105.4552,21.6801],[105.454,21.6821],[105.4538,21.6846],[105.4512,21.6858],[105.449,21.6877],[105.4464,21.6854],[105.444,21.6844],[105.4412,21.6837],[105.4394,21.6843],[105.435,21.6836],[105.4328,21.6817],[105.4309,21.6813],[105.4277,21.6792],[105.425,21.6787],[105.4215,21.68],[105.4201,21.6798],[105.4178,21.6805],[105.4156,21.6801],[105.4101,21.6774],[105.4052,21.6765],[105.4031,21.6744],[105.3997,21.6738],[105.3977,21.6725],[105.3964,21.6701],[105.3935,21.6691],[105.3897,21.6649],[105.3879,21.6656],[105.3852,21.6653],[105.383,21.6624],[105.3833,21.6607],[105.3853,21.659],[105.3878,21.6577],[105.3904,21.6585],[105.3926,21.6601],[105.3943,21.6602],[105.3987,21.6573],[105.3996,21.6549],[105.401,21.6539],[105.4033,21.6539],[105.4046,21.6523],[105.4047,21.6499],[105.4061,21.6479],[105.4081,21.6464],[105.409,21.64],[105.4121,21.6366],[105.4109,21.634],[105.4093,21.632],[105.408,21.6341],[105.4068,21.6343],[105.4044,21.6335],[105.4044,21.6308],[105.402,21.6308],[105.4005,21.6302],[105.3986,21.6307],[105.3985,21.6282],[105.3964,21.6279],[105.3929,21.6281],[105.391,21.6262],[105.3889,21.6262],[105.3868,21.6279],[105.3846,21.6287],[105.3815,21.6282],[105.3792,21.6274],[105.3754,21.6278],[105.3742,21.6291],[105.3714,21.6311],[105.3708,21.6331],[105.3682,21.6327],[105.3654,21.6316],[105.3625,21.6338],[105.3591,21.6342],[105.3567,21.6335],[105.3567,21.6355],[105.3551,21.6357],[105.352,21.6377],[105.3493,21.6401],[105.3478,21.6429],[105.3458,21.6441],[105.3445,21.6461],[105.3396,21.6497],[105.3357,21.6539],[105.3328,21.6556],[105.3321,21.6568],[105.3298,21.6593],[105.3287,21.6599],[105.3278,21.6664],[105.3297,21.6681],[105.328,21.6704],[105.3309,21.6715],[105.3319,21.6713],[105.3342,21.6728],[105.3368,21.6727],[105.3406,21.6732],[105.3417,21.6751],[105.345,21.6759],[105.3452,21.6776],[105.3444,21.6798],[105.3447,21.6816],[105.3426,21.6843],[105.3423,21.6866],[105.3444,21.6867],[105.3442,21.6888],[105.3417,21.6921],[105.341,21.6923],[105.3406,21.6953],[105.3419,21.6971],[105.3416,21.6989],[105.34,21.699],[105.3382,21.698],[105.3373,21.6967],[105.3347,21.6969],[105.333,21.698],[105.3317,21.6978],[105.3298,21.6992],[105.326,21.6987],[105.3249,21.6992],[105.3255,21.7007],[105.3252,21.7032],[105.3227,21.7047],[105.3219,21.7063],[105.3222,21.708],[105.3247,21.7078],[105.3259,21.7093],[105.3258,21.7124],[105.3268,21.7141],[105.3286,21.7156],[105.3301,21.7193],[105.3329,21.72],[105.337,21.7185],[105.3406,21.7189],[105.3422,21.7199],[105.3454,21.7228],[105.3442,21.7232],[105.3428,21.7265],[105.3445,21.7276],[105.3465,21.7278],[105.3502,21.7272],[105.3502,21.7306]]]},"properties":{"name":"Sơn Dương","level":"ward"}},{"type":"Feature","geometry":{"type":"Polygon","coordinates":[[[105.4531,21.8876],[105.4541,21.8853],[105.454,21.8813],[105.4566,21.8805],[105.4591,21.8819],[105.4627,21.8816],[105.4628,21.8793],[105.4645,21.8769],[105.4639,21.874],[105.4645,21.872],[105.4622,21.8693],[105.4613,21.8675],[105.4624,21.8645],[105.4635,21.8636],[105.4636,21.8615],[105.4652,21.861],[105.4656,21.8595],[105.4689,21.8598],[105.4696,21.8604],[105.4749,21.8601],[105.4739,21.8582],[105.4755,21.8565],[105.4767,21.8543],[105.4748,21.8503],[105.4764,21.8486],[105.4768,21.8469],[105.478,21.8457],[105.4801,21.8459],[105.4815,21.8433],[105.4827,21.8434],[105.4847,21.8416],[105.4863,21.8412],[105.4883,21.8421],[105.4928,21.8412],[105.4947,21.8396],[105.4954,21.836],[105.4975,21.8326],[105.4953,21.8314],[105.4942,21.8285],[105.4934,21.8281],[105.4939,21.8222],[105.4945,21.8215],[105.4951,21.8173],[105.4945,21.8151],[105.4942,21.8076],[105.4929,21.8046],[105.4946,21.8008],[105.4956,21.7998],[105.4949,21.797],[105.4969,21.7957],[105.4975,21.7929],[105.4963,21.7889],[105.4962,21.786],[105.4956,21.7835],[105.4926,21.7798],[105.4926,21.7784],[105.4937,21.7765],[105.4936,21.7754],[105.4954,21.7735],[105.4973,21.7727],[105.4996,21.7708],[105.5019,21.7706],[105.5058,21.7713],[105.508,21.7726],[105.5111,21.7735],[105.5139,21.7733],[105.5163,21.7743],[105.5172,21.7731],[105.52,21.7715],[105.5223,21.7709],[105.5251,21.769],[105.5258,21.7679],[105.5247,21.7646],[105.5228,21.7631],[105.5209,21.7608],[105.5181,21.7556],[105.514,21.7548],[105.5114,21.7526],[105.5109,21.7514],[105.509,21.7503],[105.5054,21.7522],[105.5025,21.7543],[105.4986,21.7507],[105.4963,21.7506],[105.4922,21.7482],[105.4856,21.7511],[105.4825,21.7513],[105.48,21.7536],[105.4779,21.7546],[105.4765,21.7562],[105.4766,21.7578],[105.4728,21.7587],[105.4698,21.7626],[105.4682,21.7623],[105.4665,21.7632],[105.4664,21.7661],[105.4623,21.7684],[105.4598,21.7674],[105.4572,21.7671],[105.4561,21.7676],[105.4523,21.7673],[105.4481,21.7682],[105.4464,21.7674],[105.443,21.7666],[105.4442,21.7643],[105.4462,21.7622],[105.4483,21.7614],[105.4496,21.7588],[105.4471,21.7577],[105.4426,21.7572],[105.4409,21.7565],[105.4396,21.7568],[105.4394,21.7601],[105.4368,21.7612],[105.434,21.7601],[105.4333,21.7589],[105.4338,21.7564],[105.4314,21.7548],[105.4307,21.7558],[105.4326,21.7572],[105.4318,21.7592],[105.4285,21.7594],[105.4278,21.763],[105.4251,21.7624],[105.4232,21.7629],[105.4211,21.7652],[105.4187,21.7667],[105.4163,21.769],[105.4163,21.7709],[105.4146,21.7723],[105.4148,21.7736],[105.4188,21.776],[105.4209,21.7744],[105.4227,21.7745],[105.4247,21.7757],[105.4243,21.7781],[105.4267,21.7802],[105.4296,21.7801],[105.4306,21.7814],[105.429,21.7843],[105.4312,21.7855],[105.431,21.7874],[105.4294,21.7888],[105.4258,21.7896],[105.4256,21.7917],[105.4304,21.7939],[105.4323,21.7969],[105.43,21.8001],[105.4292,21.8036],[105.4269,21.8056],[105.4212,21.8069],[105.4189,21.8093],[105.4209,21.8109],[105.4211,21.8121],[105.4227,21.8142],[105.4196,21.8168],[105.4178,21.8168],[105.4157,21.8154],[105.4133,21.8158],[105.4161,21.8212],[105.4186,21.8238],[105.4166,21.8266],[105.4169,21.828],[105.415,21.829],[105.4133,21.8306],[105.4129,21.832],[105.4161,21.8353],[105.4156,21.8377],[105.4141,21.8395],[105.4109,21.8398],[105.4104,21.8419],[105.4088,21.8423],[105.4069,21.8442],[105.4064,21.8464],[105.4079,21.8479],[105.4092,21.8502],[105.4085,21.8528],[105.4064,21.8533],[105.4032,21.8554],[105.4005,21.8586],[105.3975,21.858],[105.3959,21.8602],[105.3973,21.8643],[105.4012,21.8651],[105.4032,21.865],[105.405,21.8663],[105.4066,21.8665],[105.411,21.8634],[105.4185,21.8656],[105.4218,21.8622],[105.4247,21.8611],[105.4273,21.8624],[105.4282,21.8649],[105.4303,21.8669],[105.4322,21.868],[105.4329,21.8709],[105.4359,21.8706],[105.4372,21.871],[105.4383,21.874],[105.4397,21.8761],[105.4416,21.8772],[105.4435,21.8774],[105.4442,21.8788],[105.447,21.8814],[105.4477,21.8841],[105.4494,21.8871],[105.4531,21.8876]]]},"properties":{"name":"Tân Trào","level":"ward"}},{"type":"Feature","geometry":{"type":"Polygon","coordinates":[[[105.2924,21.7709],[105.2928,21.7695],[105.2973,21.7671],[105.2994,21.7649],[105.3038,21.7645],[105.3043,21.7633],[105.3063,21.7645],[105.3071,21.7658],[105.3105,21.7655],[105.3143,21.763],[105.3162,21.7631],[105.3191,21.7615],[105.3216,21.761],[105.3239,21.762],[105.3255,21.7634],[105.3268,21.7633],[105.3272,21.7616],[105.3327,21.761],[105.3334,21.7583],[105.333,21.756],[105.3342,21.7555],[105.3389,21.755],[105.3387,21.7537],[105.3395,21.7507],[105.3414,21.7497],[105.3416,21.7464],[105.343,21.7452],[105.3461,21.7461],[105.3482,21.7447],[105.349,21.743],[105.3458,21.7403],[105.3474,21.737],[105.3489,21.7372],[105.3508,21.7356],[105.3492,21.7321],[105.3502,21.7306],[105.3502,21.7272],[105.3465,21.7278],[105.3445,21.7276],[105.3428,21.7265],[105.3442,21.7232],[105.3454,21.7228],[105.3422,21.7199],[105.3406,21.7189],[105.337,21.7185],[105.3329,21.72],[105.3301,21.7193],[105.3286,21.7156],[105.3268,21.7141],[105.3258,21.7124],[105.3259,21.7093],[105.3247,21.7078],[105.3222,21.708],[105.3219,21.7063],[105.3227,21.7047],[105.3252,21.7032],[105.3255,21.7007],[105.3249,21.6992],[105.3244,21.6979],[105.3221,21.6958],[105.3218,21.694],[105.3189,21.6934],[105.3173,21.6937],[105.3134,21.696],[105.3119,21.6948],[105.3098,21.6949],[105.3077,21.6933],[105.3075,21.6911],[105.3064,21.6909],[105.3048,21.6891],[105.3024,21.6898],[105.2986,21.6855],[105.2967,21.6854],[105.2948,21.6835],[105.2948,21.6824],[105.2916,21.6823],[105.2894,21.6809],[105.2867,21.6809],[105.2818,21.6788],[105.2777,21.6788],[105.2755,21.6795],[105.275,21.6777],[105.2737,21.6779],[105.272,21.6768],[105.27,21.6774],[105.2676,21.6795],[105.2648,21.6799],[105.2634,21.6817],[105.261,21.6826],[105.2597,21.6847],[105.2586,21.6848],[105.2576,21.6825],[105.2551,21.6835],[105.2545,21.6854],[105.2524,21.6855],[105.2517,21.6887],[105.2495,21.6939],[105.2494,21.6957],[105.2504,21.6987],[105.2528,21.7032],[105.2554,21.7061],[105.2579,21.7081],[105.2605,21.7094],[105.2643,21.7108],[105.2667,21.7112],[105.2689,21.7134],[105.2701,21.7159],[105.2718,21.7206],[105.2725,21.7236],[105.273,21.7278],[105.272,21.7346],[105.2704,21.7387],[105.2682,21.7422],[105.2645,21.7461],[105.2624,21.7518],[105.261,21.7572],[105.257,21.7616],[105.256,21.7669],[105.2567,21.769],[105.2582,21.7707],[105.2617,21.7727],[105.2645,21.773],[105.2684,21.7729],[105.2728,21.7723],[105.2741,21.7726],[105.2753,21.7742],[105.278,21.775],[105.2817,21.7749],[105.2867,21.7728],[105.2903,21.7709],[105.2924,21.7709]]]},"properties":{"name":"Bình Ca","level":"ward"}},{"type":"Feature","geometry":{"type":"Polygon","coordinates":[[[105.3754,21.7865],[105.3777,21.7876],[105.3779,21.7906],[105.3812,21.7951],[105.3838,21.7952],[105.3855,21.7963],[105.3883,21.7954],[105.3908,21.795],[105.3926,21.7954],[105.3953,21.7974],[105.3948,21.7997],[105.3959,21.8015],[105.3957,21.8031],[105.3973,21.8049],[105.3983,21.8074],[105.401,21.8104],[105.4043,21.812],[105.4066,21.8097],[105.4088,21.8095],[105.4114,21.8126],[105.4133,21.8158],[105.4157,21.8154],[105.4178,21.8168],[105.4196,21.8168],[105.4227,21.8142],[105.4211,21.8121],[105.4209,21.8109],[105.4189,21.8093],[105.4212,21.8069],[105.4269,21.8056],[105.4292,21.8036],[105.43,21.8001],[105.4323,21.7969],[105.4304,21.7939],[105.4256,21.7917],[105.4258,21.7896],[105.4294,21.7888],[105.431,21.7874],[105.4312,21.7855],[105.429,21.7843],[105.4306,21.7814],[105.4296,21.7801],[105.4267,21.7802],[105.4243,21.7781],[105.4247,21.7757],[105.4227,21.7745],[105.4209,21.7744],[105.4188,21.776],[105.4148,21.7736],[105.4146,21.7723],[105.4163,21.7709],[105.4163,21.769],[105.4187,21.7667],[105.4211,21.7652],[105.4232,21.7629],[105.4251,21.7624],[105.4278,21.763],[105.4285,21.7594],[105.4318,21.7592],[105.4326,21.7572],[105.4307,21.7558],[105.4314,21.7548],[105.4338,21.7564],[105.4333,21.7589],[105.434,21.7601],[105.4368,21.7612],[105.4394,21.7601],[105.4396,21.7568],[105.4409,21.7565],[105.4426,21.7572],[105.4471,21.7577],[105.4496,21.7588],[105.4483,21.7614],[105.4462,21.7622],[105.4442,21.7643],[105.443,21.7666],[105.4464,21.7674],[105.4481,21.7682],[105.4523,21.7673],[105.4561,21.7676],[105.4572,21.7671],[105.4598,21.7674],[105.4623,21.7684],[105.4664,21.7661],[105.4665,21.7632],[105.4682,21.7623],[105.4698,21.7626],[105.4728,21.7587],[105.4766,21.7578],[105.4765,21.7562],[105.4779,21.7546],[105.48,21.7536],[105.4825,21.7513],[105.4856,21.7511],[105.4922,21.7482],[105.4963,21.7506],[105.4986,21.7507],[105.5025,21.7543],[105.5054,21.7522],[105.509,21.7503],[105.5119,21.7431],[105.5145,21.7415],[105.5163,21.7393],[105.5159,21.7361],[105.5123,21.733],[105.507,21.73],[105.5038,21.7295],[105.5028,21.7275],[105.503,21.7264],[105.5005,21.7248],[105.4993,21.7231],[105.5007,21.7187],[105.5004,21.7176],[105.4982,21.7168],[105.4957,21.7172],[105.494,21.716],[105.4927,21.7133],[105.4928,21.7115],[105.4905,21.7072],[105.4911,21.7059],[105.4902,21.7037],[105.4888,21.7055],[105.4849,21.7072],[105.4843,21.7084],[105.4824,21.7097],[105.4786,21.7098],[105.4734,21.7125],[105.4717,21.7126],[105.4653,21.7102],[105.4621,21.7097],[105.4582,21.7107],[105.448,21.7123],[105.4448,21.7112],[105.442,21.7128],[105.4398,21.713],[105.438,21.7141],[105.435,21.7132],[105.4326,21.7142],[105.4322,21.7156],[105.4301,21.7172],[105.4302,21.7192],[105.4252,21.7222],[105.4222,21.7215],[105.4206,21.7226],[105.4154,21.7231],[105.4156,21.725],[105.4147,21.7273],[105.4128,21.7289],[105.4141,21.7308],[105.4139,21.7323],[105.4123,21.7339],[105.4104,21.7343],[105.4123,21.7379],[105.4173,21.7413],[105.4161,21.7428],[105.4165,21.7443],[105.4132,21.7462],[105.4108,21.7453],[105.4091,21.7461],[105.4072,21.7481],[105.4043,21.7487],[105.4019,21.7476],[105.3991,21.7474],[105.3957,21.7487],[105.3928,21.7493],[105.3902,21.7508],[105.3875,21.751],[105.3857,21.7497],[105.3842,21.75],[105.3831,21.7516],[105.3802,21.7519],[105.3788,21.7526],[105.377,21.7545],[105.3764,21.7582],[105.3751,21.7589],[105.3722,21.7625],[105.3741,21.7656],[105.3737,21.7664],[105.3741,21.7711],[105.3762,21.7726],[105.3765,21.777],[105.3753,21.7794],[105.3757,21.7836],[105.3754,21.7865]]]},"properties":{"name":"Minh Thanh","level":"ward"}},{"type":"Feature","geometry":{"type":"Polygon","coordinates":[[[105.2354,21.6588],[105.2346,21.6631],[105.2348,21.6666],[105.2367,21.6703],[105.2395,21.6717],[105.2454,21.6734],[105.2478,21.6748],[105.2496,21.6765],[105.2522,21.6803],[105.2525,21.6822],[105.2524,21.6855],[105.2545,21.6854],[105.2551,21.6835],[105.2576,21.6825],[105.2586,21.6848],[105.2597,21.6847],[105.261,21.6826],[105.2634,21.6817],[105.2648,21.6799],[105.2676,21.6795],[105.27,21.6774],[105.272,21.6768],[105.2737,21.6779],[105.275,21.6777],[105.2755,21.6795],[105.2777,21.6788],[105.2818,21.6788],[105.2867,21.6809],[105.2894,21.6809],[105.2916,21.6823],[105.2948,21.6824],[105.2948,21.6835],[105.2967,21.6854],[105.2986,21.6855],[105.3024,21.6898],[105.3048,21.6891],[105.3064,21.6909],[105.3075,21.6911],[105.3077,21.6933],[105.3098,21.6949],[105.3119,21.6948],[105.3134,21.696],[105.3173,21.6937],[105.3189,21.6934],[105.3218,21.694],[105.3221,21.6958],[105.3244,21.6979],[105.3249,21.6992],[105.326,21.6987],[105.3298,21.6992],[105.3317,21.6978],[105.333,21.698],[105.3347,21.6969],[105.3373,21.6967],[105.3382,21.698],[105.34,21.699],[105.3416,21.6989],[105.3419,21.6971],[105.3406,21.6953],[105.341,21.6923],[105.3417,21.6921],[105.3442,21.6888],[105.3444,21.6867],[105.3423,21.6866],[105.3426,21.6843],[105.3447,21.6816],[105.3444,21.6798],[105.3452,21.6776],[105.345,21.6759],[105.3417,21.6751],[105.3406,21.6732],[105.3368,21.6727],[105.3342,21.6728],[105.3319,21.6713],[105.3309,21.6715],[105.328,21.6704],[105.3297,21.6681],[105.3278,21.6664],[105.3287,21.6599],[105.3298,21.6593],[105.3321,21.6568],[105.3313,21.6537],[105.3308,21.6493],[105.3293,21.6484],[105.3278,21.6492],[105.3261,21.6484],[105.3235,21.6488],[105.3211,21.6499],[105.3192,21.6461],[105.3195,21.6423],[105.3208,21.6407],[105.3237,21.6393],[105.3251,21.6375],[105.3271,21.6365],[105.3273,21.6345],[105.3288,21.6326],[105.3314,21.6304],[105.3334,21.6297],[105.3341,21.6281],[105.3302,21.627],[105.3282,21.6282],[105.3266,21.626],[105.3247,21.6224],[105.325,21.6207],[105.3227,21.6194],[105.3196,21.6162],[105.3177,21.6186],[105.3146,21.6203],[105.3095,21.6207],[105.308,21.6216],[105.3063,21.621],[105.3034,21.6214],[105.3019,21.6222],[105.2985,21.6225],[105.2964,21.6235],[105.2952,21.6226],[105.2904,21.6222],[105.2841,21.6162],[105.283,21.6138],[105.2817,21.6141],[105.2808,21.6128],[105.2777,21.6146],[105.274,21.6135],[105.2745,21.6111],[105.2723,21.6104],[105.2716,21.608],[105.2729,21.6067],[105.272,21.605],[105.2698,21.6035],[105.2681,21.6035],[105.2678,21.6048],[105.2648,21.6066],[105.2654,21.6113],[105.2645,21.6119],[105.2666,21.6146],[105.2646,21.6164],[105.2668,21.6186],[105.2651,21.6203],[105.266,21.6215],[105.2658,21.6253],[105.2644,21.6271],[105.2634,21.6266],[105.2615,21.6242],[105.2578,21.6238],[105.2577,21.6223],[105.2558,21.6213],[105.2541,21.6185],[105.2543,21.6161],[105.2528,21.6157],[105.2471,21.616],[105.2456,21.6165],[105.2437,21.6162],[105.2367,21.6177],[105.2346,21.6184],[105.2329,21.6175],[105.2308,21.6213],[105.2281,21.6235],[105.2263,21.628],[105.2248,21.6288],[105.2244,21.631],[105.2266,21.6322],[105.2322,21.637],[105.2365,21.642],[105.2379,21.6448],[105.238,21.6508],[105.2376,21.6531],[105.2354,21.6588]]]},"properties":{"name":"Đông Thọ","level":"ward"}},{"type":"Feature","geometry":{"type":"Polygon","coordinates":[[[105.3321,21.6568],[105.3328,21.6556],[105.3357,21.6539],[105.3396,21.6497],[105.3445,21.6461],[105.3458,21.6441],[105.3478,21.6429],[105.3493,21.6401],[105.352,21.6377],[105.3551,21.6357],[105.3567,21.6355],[105.3567,21.6335],[105.3591,21.6342],[105.3625,21.6338],[105.3654,21.6316],[105.3682,21.6327],[105.3708,21.6331],[105.3714,21.6311],[105.3742,21.6291],[105.3754,21.6278],[105.3792,21.6274],[105.3815,21.6282],[105.3846,21.6287],[105.3868,21.6279],[105.3889,21.6262],[105.391,21.6262],[105.3929,21.6281],[105.3964,21.6279],[105.3985,21.6282],[105.3986,21.6307],[105.4005,21.6302],[105.402,21.6308],[105.4044,21.6308],[105.4044,21.6335],[105.4068,21.6343],[105.408,21.6341],[105.4093,21.632],[105.4109,21.634],[105.4121,21.6366],[105.409,21.64],[105.4081,21.6464],[105.4061,21.6479],[105.4047,21.6499],[105.4046,21.6523],[105.4033,21.6539],[105.401,21.6539],[105.3996,21.6549],[105.3987,21.6573],[105.3943,21.6602],[105.3926,21.6601],[105.3904,21.6585],[105.3878,21.6577],[105.3853,21.659],[105.3833,21.6607],[105.383,21.6624],[105.3852,21.6653],[105.3879,21.6656],[105.3897,21.6649],[105.3935,21.6691],[105.3964,21.6701],[105.3977,21.6725],[105.3997,21.6738],[105.4031,21.6744],[105.4052,21.6765],[105.4101,21.6774],[105.4156,21.6801],[105.4178,21.6805],[105.4201,21.6798],[105.4215,21.68],[105.425,21.6787],[105.4277,21.6792],[105.4309,21.6813],[105.4328,21.6817],[105.435,21.6836],[105.4394,21.6843],[105.4412,21.6837],[105.444,21.6844],[105.4464,21.6854],[105.449,21.6877],[105.4512,21.6858],[105.4538,21.6846],[105.454,21.6821],[105.4552,21.6801],[105.4577,21.6805],[105.4594,21.6778],[105.4592,21.6765],[105.4617,21.676],[105.4631,21.6746],[105.4656,21.6732],[105.4664,21.6711],[105.4655,21.6699],[105.4667,21.6677],[105.4694,21.6661],[105.47,21.6623],[105.4698,21.6605],[105.4706,21.659],[105.4712,21.6558],[105.4703,21.6519],[105.4684,21.6493],[105.469,21.6476],[105.4712,21.6451],[105.4748,21.6445],[105.4782,21.6459],[105.48,21.6419],[105.4817,21.6405],[105.4822,21.6387],[105.4837,21.6378],[105.4861,21.6348],[105.4898,21.6349],[105.4918,21.6364],[105.4967,21.638],[105.4978,21.6387],[105.4981,21.6354],[105.5001,21.6331],[105.5012,21.6301],[105.4987,21.6262],[105.4979,21.624],[105.4977,21.6202],[105.4965,21.6183],[105.4941,21.6189],[105.4901,21.619],[105.4862,21.6182],[105.4828,21.62],[105.4803,21.6197],[105.4776,21.617],[105.4746,21.6155],[105.4718,21.6123],[105.4711,21.6096],[105.4697,21.608],[105.4672,21.6082],[105.4641,21.6053],[105.4644,21.6032],[105.4631,21.6021],[105.463,21.5985],[105.4611,21.5967],[105.4618,21.5939],[105.4596,21.5913],[105.4591,21.5897],[105.4567,21.5888],[105.456,21.5894],[105.4533,21.5865],[105.4525,21.585],[105.4497,21.585],[105.4488,21.5814],[105.4507,21.5811],[105.452,21.5783],[105.4515,21.5771],[105.4496,21.5758],[105.4508,21.5738],[105.4489,21.5714],[105.4475,21.5689],[105.4448,21.5665],[105.444,21.5652],[105.44,21.5674],[105.4395,21.5662],[105.4377,21.5658],[105.4364,21.5668],[105.4334,21.5678],[105.4308,21.5697],[105.4294,21.5698],[105.4276,21.5688],[105.4237,21.5725],[105.4219,21.5727],[105.419,21.5743],[105.4165,21.5766],[105.4162,21.5782],[105.4136,21.5809],[105.4085,21.5837],[105.4078,21.5847],[105.4052,21.5868],[105.3949,21.5899],[105.3938,21.5894],[105.3866,21.5898],[105.3842,21.5882],[105.3831,21.5893],[105.3807,21.5895],[105.3767,21.5928],[105.375,21.5928],[105.3716,21.5954],[105.3691,21.5964],[105.367,21.5991],[105.3652,21.5988],[105.3639,21.5999],[105.3635,21.6025],[105.361,21.6064],[105.3573,21.6096],[105.3553,21.6103],[105.3526,21.6124],[105.3511,21.6128],[105.3484,21.6146],[105.3473,21.6166],[105.3449,21.6181],[105.3431,21.6206],[105.3369,21.6213],[105.3338,21.6204],[105.3324,21.6188],[105.3259,21.6214],[105.3247,21.6224],[105.3266,21.626],[105.3282,21.6282],[105.3302,21.627],[105.3341,21.6281],[105.3334,21.6297],[105.3314,21.6304],[105.3288,21.6326],[105.3273,21.6345],[105.3271,21.6365],[105.3251,21.6375],[105.3237,21.6393],[105.3208,21.6407],[105.3195,21.6423],[105.3192,21.6461],[105.3211,21.6499],[105.3235,21.6488],[105.3261,21.6484],[105.3278,21.6492],[105.3293,21.6484],[105.3308,21.6493],[105.3313,21.6537],[105.3321,21.6568]]]},"properties":{"name":"Tân Thanh","level":"ward"}},{"type":"Feature","geometry":{"type":"Polygon","coordinates":[[[105.2471,21.616],[105.2528,21.6157],[105.2543,21.6161],[105.2541,21.6185],[105.2558,21.6213],[105.2577,21.6223],[105.2578,21.6238],[105.2615,21.6242],[105.2634,21.6266],[105.2644,21.6271],[105.2658,21.6253],[105.266,21.6215],[105.2651,21.6203],[105.2668,21.6186],[105.2646,21.6164],[105.2666,21.6146],[105.2645,21.6119],[105.2654,21.6113],[105.2648,21.6066],[105.2678,21.6048],[105.2681,21.6035],[105.2698,21.6035],[105.272,21.605],[105.2729,21.6067],[105.2716,21.608],[105.2723,21.6104],[105.2745,21.6111],[105.274,21.6135],[105.2777,21.6146],[105.2808,21.6128],[105.2817,21.6141],[105.283,21.6138],[105.2841,21.6162],[105.2904,21.6222],[105.2952,21.6226],[105.2964,21.6235],[105.2985,21.6225],[105.3019,21.6222],[105.3034,21.6214],[105.3063,21.621],[105.308,21.6216],[105.3095,21.6207],[105.3146,21.6203],[105.3177,21.6186],[105.3196,21.6162],[105.3227,21.6194],[105.325,21.6207],[105.3247,21.6224],[105.3259,21.6214],[105.3324,21.6188],[105.3342,21.6147],[105.3334,21.6122],[105.3339,21.6071],[105.3318,21.6054],[105.3291,21.6011],[105.325,21.5963],[105.3234,21.5973],[105.3201,21.598],[105.3179,21.5971],[105.3167,21.5949],[105.3145,21.5935],[105.3156,21.5916],[105.3155,21.5898],[105.317,21.5878],[105.3151,21.5853],[105.3153,21.5841],[105.3136,21.5809],[105.3134,21.5782],[105.3127,21.5771],[105.3121,21.5737],[105.3102,21.5736],[105.3053,21.5727],[105.3033,21.5726],[105.3032,21.5705],[105.2984,21.5703],[105.2966,21.5675],[105.2926,21.5656],[105.2908,21.5654],[105.2908,21.564],[105.2928,21.5638],[105.2921,21.5617],[105.2925,21.5579],[105.294,21.5562],[105.2919,21.5548],[105.2907,21.5549],[105.289,21.5534],[105.2843,21.5542],[105.2817,21.5532],[105.2808,21.5517],[105.279,21.5504],[105.2766,21.5513],[105.2753,21.5527],[105.273,21.5523],[105.2718,21.5544],[105.2741,21.5576],[105.2741,21.5607],[105.2714,21.5636],[105.2624,21.5686],[105.2564,21.5744],[105.2518,21.5798],[105.2485,21.5845],[105.2474,21.5894],[105.2472,21.5944],[105.2462,21.5963],[105.2441,21.5978],[105.2448,21.6002],[105.2462,21.601],[105.2484,21.6009],[105.2484,21.6029],[105.2514,21.6051],[105.2496,21.6086],[105.2505,21.6106],[105.2471,21.6139],[105.2471,21.616]]]},"properties":{"name":"Hồng Sơn","level":"ward"}},{"type":"Feature","geometry":{"type":"Polygon","coordinates":[[[105.375,21.5928],[105.3767,21.5928],[105.3807,21.5895],[105.3831,21.5893],[105.3842,21.5882],[105.3866,21.5898],[105.3938,21.5894],[105.3949,21.5899],[105.4052,21.5868],[105.4078,21.5847],[105.4085,21.5837],[105.4136,21.5809],[105.4162,21.5782],[105.4165,21.5766],[105.419,21.5743],[105.4219,21.5727],[105.4237,21.5725],[105.4276,21.5688],[105.4294,21.5698],[105.4308,21.5697],[105.4334,21.5678],[105.4339,21.5641],[105.4363,21.5617],[105.4363,21.5608],[105.4377,21.5568],[105.4402,21.5547],[105.4441,21.5527],[105.4461,21.5525],[105.4501,21.55],[105.4537,21.5464],[105.4576,21.5434],[105.4572,21.5425],[105.4592,21.5397],[105.4602,21.5368],[105.4569,21.5368],[105.4554,21.535],[105.4531,21.5342],[105.4531,21.533],[105.4501,21.5332],[105.4483,21.531],[105.4465,21.5303],[105.442,21.5276],[105.4419,21.5248],[105.4411,21.5232],[105.4425,21.5215],[105.4441,21.5231],[105.4458,21.5233],[105.4479,21.5245],[105.4514,21.5255],[105.4544,21.5256],[105.4563,21.5244],[105.4575,21.5224],[105.4573,21.5211],[105.4588,21.519],[105.457,21.5178],[105.456,21.5161],[105.4565,21.5135],[105.4554,21.5111],[105.45,21.5108],[105.4447,21.5092],[105.4424,21.5102],[105.4396,21.5103],[105.4332,21.5067],[105.4311,21.5065],[105.4292,21.5056],[105.4268,21.502],[105.4252,21.5014],[105.4233,21.4976],[105.4219,21.499],[105.4207,21.5019],[105.4194,21.5037],[105.4188,21.5076],[105.4148,21.5095],[105.4127,21.5125],[105.4107,21.513],[105.4064,21.5117],[105.4026,21.514],[105.4008,21.5137],[105.3966,21.5108],[105.39,21.5117],[105.3888,21.5127],[105.3881,21.515],[105.3882,21.5167],[105.3863,21.5198],[105.3826,21.5212],[105.3815,21.5227],[105.377,21.5224],[105.3744,21.5247],[105.3713,21.5252],[105.3675,21.5238],[105.3674,21.523],[105.363,21.5231],[105.3618,21.5207],[105.3597,21.5203],[105.3589,21.519],[105.3552,21.519],[105.3531,21.518],[105.3483,21.5198],[105.3459,21.5189],[105.3435,21.519],[105.3429,21.5153],[105.3418,21.5151],[105.3394,21.5126],[105.3382,21.5123],[105.3373,21.5137],[105.3357,21.5137],[105.3334,21.5153],[105.3284,21.5164],[105.3272,21.5176],[105.3269,21.5207],[105.3237,21.5231],[105.3236,21.5264],[105.3274,21.5264],[105.3294,21.5311],[105.3315,21.5323],[105.3333,21.534],[105.3317,21.5396],[105.334,21.5419],[105.3339,21.5441],[105.3362,21.5465],[105.3373,21.5498],[105.3363,21.5525],[105.3365,21.5565],[105.3385,21.5579],[105.3386,21.5603],[105.3401,21.5617],[105.3409,21.5638],[105.3392,21.5646],[105.3412,21.5659],[105.3419,21.5673],[105.3468,21.565],[105.3482,21.5649],[105.351,21.5667],[105.3506,21.5677],[105.3526,21.5721],[105.3533,21.5744],[105.3551,21.5755],[105.3568,21.5791],[105.3572,21.5823],[105.3592,21.5847],[105.3609,21.5853],[105.3626,21.5883],[105.3639,21.5891],[105.3677,21.5883],[105.3727,21.5896],[105.375,21.5928]]]},"properties":{"name":"Phú Lương","level":"ward"}},{"type":"Feature","geometry":{"type":"Polygon","coordinates":[[[105.4334,21.5678],[105.4364,21.5668],[105.4377,21.5658],[105.4395,21.5662],[105.44,21.5674],[105.444,21.5652],[105.4448,21.5665],[105.4475,21.5689],[105.4489,21.5714],[105.4508,21.5738],[105.4496,21.5758],[105.4515,21.5771],[105.452,21.5783],[105.4507,21.5811],[105.4488,21.5814],[105.4497,21.585],[105.4525,21.585],[105.4533,21.5865],[105.456,21.5894],[105.4567,21.5888],[105.4591,21.5897],[105.4596,21.5913],[105.4618,21.5939],[105.4611,21.5967],[105.463,21.5985],[105.4631,21.6021],[105.4644,21.6032],[105.4641,21.6053],[105.4672,21.6082],[105.4697,21.608],[105.4711,21.6096],[105.4718,21.6123],[105.4746,21.6155],[105.4776,21.617],[105.4803,21.6197],[105.4828,21.62],[105.4862,21.6182],[105.4901,21.619],[105.4941,21.6189],[105.4965,21.6183],[105.5002,21.6141],[105.5019,21.6132],[105.5043,21.6128],[105.5052,21.6114],[105.5071,21.6106],[105.5071,21.6095],[105.5098,21.6063],[105.5099,21.6044],[105.5138,21.6026],[105.5162,21.5988],[105.5175,21.5985],[105.5189,21.5969],[105.5202,21.5926],[105.5226,21.5906],[105.5243,21.5882],[105.5266,21.5822],[105.5309,21.5823],[105.5366,21.5817],[105.5385,21.578],[105.5409,21.576],[105.5424,21.574],[105.5389,21.57],[105.5392,21.5679],[105.5376,21.5647],[105.5341,21.5625],[105.5316,21.5596],[105.5297,21.5566],[105.5296,21.5533],[105.5278,21.5476],[105.5268,21.5454],[105.5254,21.5448],[105.5236,21.5407],[105.5236,21.5395],[105.5223,21.5357],[105.5202,21.5339],[105.5166,21.5339],[105.5138,21.5365],[105.511,21.5364],[105.5108,21.5346],[105.5083,21.5321],[105.5057,21.5308],[105.5055,21.5287],[105.5048,21.5274],[105.5005,21.5275],[105.5008,21.5262],[105.4972,21.5254],[105.4967,21.5269],[105.4942,21.5281],[105.4928,21.526],[105.4903,21.5196],[105.4878,21.5178],[105.4851,21.5178],[105.482,21.5193],[105.4798,21.5194],[105.4765,21.5221],[105.4758,21.5234],[105.4736,21.5239],[105.4726,21.5219],[105.4731,21.5208],[105.4662,21.5166],[105.465,21.5164],[105.4629,21.5176],[105.4607,21.5179],[105.4588,21.519],[105.4573,21.5211],[105.4575,21.5224],[105.4563,21.5244],[105.4544,21.5256],[105.4514,21.5255],[105.4479,21.5245],[105.4458,21.5233],[105.4441,21.5231],[105.4425,21.5215],[105.4411,21.5232],[105.4419,21.5248],[105.442,21.5276],[105.4465,21.5303],[105.4483,21.531],[105.4501,21.5332],[105.4531,21.533],[105.4531,21.5342],[105.4554,21.535],[105.4569,21.5368],[105.4602,21.5368],[105.4592,21.5397],[105.4572,21.5425],[105.4576,21.5434],[105.4537,21.5464],[105.4501,21.55],[105.4461,21.5525],[105.4441,21.5527],[105.4402,21.5547],[105.4377,21.5568],[105.4363,21.5608],[105.4363,21.5617],[105.4339,21.5641],[105.4334,21.5678]]]},"properties":{"name":"Sơn Thuỷ","level":"ward"}},{"type":"Feature","geometry":{"type":"Polygon","coordinates":[[[105.3324,21.6188],[105.3338,21.6204],[105.3369,21.6213],[105.3431,21.6206],[105.3449,21.6181],[105.3473,21.6166],[105.3484,21.6146],[105.3511,21.6128],[105.3526,21.6124],[105.3553,21.6103],[105.3573,21.6096],[105.361,21.6064],[105.3635,21.6025],[105.3639,21.5999],[105.3652,21.5988],[105.367,21.5991],[105.3691,21.5964],[105.3716,21.5954],[105.375,21.5928],[105.3727,21.5896],[105.3677,21.5883],[105.3639,21.5891],[105.3626,21.5883],[105.3609,21.5853],[105.3592,21.5847],[105.3572,21.5823],[105.3568,21.5791],[105.3551,21.5755],[105.3533,21.5744],[105.3526,21.5721],[105.3506,21.5677],[105.351,21.5667],[105.3482,21.5649],[105.3468,21.565],[105.3419,21.5673],[105.3412,21.5659],[105.3392,21.5646],[105.3409,21.5638],[105.3401,21.5617],[105.3386,21.5603],[105.3385,21.5579],[105.3365,21.5565],[105.3363,21.5525],[105.3373,21.5498],[105.3362,21.5465],[105.3339,21.5441],[105.334,21.5419],[105.3317,21.5396],[105.3333,21.534],[105.3315,21.5323],[105.3294,21.5311],[105.3274,21.5264],[105.3236,21.5264],[105.3237,21.5231],[105.3269,21.5207],[105.3272,21.5176],[105.3284,21.5164],[105.3334,21.5153],[105.3357,21.5137],[105.3373,21.5137],[105.3382,21.5123],[105.3383,21.5096],[105.3368,21.5082],[105.3378,21.5043],[105.3352,21.5048],[105.3317,21.5041],[105.3289,21.5051],[105.3282,21.5064],[105.3251,21.5076],[105.3248,21.5092],[105.3232,21.511],[105.3207,21.5126],[105.3176,21.5134],[105.314,21.5128],[105.3063,21.5085],[105.3047,21.5081],[105.3015,21.5086],[105.2992,21.5103],[105.2967,21.5139],[105.2958,21.5166],[105.295,21.521],[105.2952,21.5254],[105.2974,21.5317],[105.2965,21.5344],[105.2945,21.537],[105.2913,21.5395],[105.2872,21.5416],[105.2841,21.5424],[105.2732,21.5432],[105.2697,21.5442],[105.2681,21.5454],[105.267,21.5488],[105.2682,21.5512],[105.2718,21.5544],[105.273,21.5523],[105.2753,21.5527],[105.2766,21.5513],[105.279,21.5504],[105.2808,21.5517],[105.2817,21.5532],[105.2843,21.5542],[105.289,21.5534],[105.2907,21.5549],[105.2919,21.5548],[105.294,21.5562],[105.2925,21.5579],[105.2921,21.5617],[105.2928,21.5638],[105.2908,21.564],[105.2908,21.5654],[105.2926,21.5656],[105.2966,21.5675],[105.2984,21.5703],[105.3032,21.5705],[105.3033,21.5726],[105.3053,21.5727],[105.3102,21.5736],[105.3121,21.5737],[105.3127,21.5771],[105.3134,21.5782],[105.3136,21.5809],[105.3153,21.5841],[105.3151,21.5853],[105.317,21.5878],[105.3155,21.5898],[105.3156,21.5916],[105.3145,21.5935],[105.3167,21.5949],[105.3179,21.5971],[105.3201,21.598],[105.3234,21.5973],[105.325,21.5963],[105.3291,21.6011],[105.3318,21.6054],[105.3339,21.6071],[105.3334,21.6122],[105.3342,21.6147],[105.3324,21.6188]]]},"properties":{"name":"Trường Sinh","level":"ward"}}]}