{"type":"FeatureCollection","features":[{"type":"Feature","geometry":{"type":"Polygon","coordinates":[[[104.0524,22.5279],[104.0488,22.5243],[104.0477,22.5212],[104.0458,22.5215],[104.0418,22.519],[104.0389,22.5187],[104.0379,22.5157],[104.0392,22.513],[104.0384,22.5119],[104.0413,22.5093],[104.0445,22.5083],[104.0456,22.5052],[104.0483,22.5037],[104.0511,22.5007],[104.0508,22.4993],[104.0524,22.4968],[104.0544,22.4959],[104.0559,22.4933],[104.0594,22.4899],[104.0626,22.4881],[104.0645,22.4859],[104.0664,22.4859],[104.0691,22.4842],[104.0732,22.4805],[104.0737,22.479],[104.0793,22.473],[104.0797,22.4705],[104.0809,22.4699],[104.0793,22.4668],[104.0777,22.4658],[104.0756,22.467],[104.0721,22.4649],[104.0708,22.4638],[104.0686,22.4642],[104.0673,22.4655],[104.0627,22.4652],[104.0595,22.4694],[104.0567,22.4706],[104.0527,22.4745],[104.0491,22.4772],[104.0468,22.4776],[104.0428,22.4766],[104.0418,22.4756],[104.0411,22.4706],[104.0415,22.4684],[104.0404,22.4664],[104.0373,22.4658],[104.0337,22.4631],[104.0343,22.4613],[104.0314,22.4584],[104.0302,22.4564],[104.0269,22.4561],[104.0272,22.4527],[104.0219,22.4548],[104.0186,22.4553],[104.0065,22.4554],[104.0029,22.4582],[104.0019,22.46],[104.0009,22.4683],[104.001,22.4718],[103.9984,22.4785],[103.9952,22.4793],[103.993,22.4777],[103.9899,22.4786],[103.9873,22.4807],[103.9856,22.4784],[103.9776,22.48],[103.9781,22.4757],[103.9759,22.4737],[103.973,22.4734],[103.9691,22.4707],[103.9682,22.4746],[103.9667,22.4782],[103.9625,22.4824],[103.9625,22.4836],[103.9601,22.485],[103.9595,22.4867],[103.9559,22.4898],[103.9559,22.4913],[103.9536,22.492],[103.9535,22.4938],[103.9512,22.4973],[103.9485,22.4955],[103.9466,22.498],[103.9459,22.4991],[103.9437,22.5045],[103.9432,22.5051],[103.9479,22.5089],[103.9449,22.512],[103.9502,22.5167],[103.9495,22.5186],[103.9517,22.5136],[103.9536,22.5115],[103.9561,22.5102],[103.9606,22.5068],[103.9641,22.5057],[103.9656,22.5096],[103.9678,22.5112],[103.9713,22.5108],[103.9716,22.508],[103.9732,22.5066],[103.9762,22.5066],[103.98,22.5079],[103.9827,22.5123],[103.9868,22.514],[103.9887,22.5153],[103.99,22.5194],[103.9927,22.52],[103.996,22.5185],[103.9997,22.5196],[104.0046,22.5171],[104.0058,22.5172],[104.0062,22.52],[104.0088,22.5206],[104.0124,22.5237],[104.0097,22.5292],[104.0096,22.5334],[104.0081,22.5361],[104.0055,22.538],[104.0058,22.5409],[104.0073,22.5418],[104.0086,22.5443],[104.0131,22.5447],[104.0121,22.5486],[104.0145,22.5498],[104.0136,22.5544],[104.0106,22.5567],[104.0121,22.5599],[104.0142,22.5586],[104.0163,22.5588],[104.0183,22.5566],[104.0221,22.556],[104.0242,22.5535],[104.0257,22.5503],[104.0284,22.5494],[104.0287,22.5479],[104.0336,22.5408],[104.0372,22.5403],[104.0406,22.5387],[104.0435,22.5362],[104.0453,22.5364],[104.0483,22.5328],[104.0521,22.5306],[104.0524,22.5279]]]},"properties":{"name":"Lào Cai","level":"ward"}},{"type":"Feature","geometry":{"type":"Polygon","coordinates":[[[103.9682,22.4746],[103.9691,22.4707],[103.973,22.4734],[103.9759,22.4737],[103.9781,22.4757],[103.9776,22.48],[103.9856,22.4784],[103.9873,22.4807],[103.9899,22.4786],[103.993,22.4777],[103.9952,22.4793],[103.9984,22.4785],[104.001,22.4718],[104.0009,22.4683],[104.0019,22.46],[104.0029,22.4582],[104.0065,22.4554],[104.0186,22.4553],[104.0219,22.4548],[104.0272,22.4527],[104.0287,22.4515],[104.033,22.446],[104.0346,22.4432],[104.0384,22.4334],[104.0408,22.4297],[104.043,22.428],[104.049,22.4254],[104.0536,22.4223],[104.0607,22.4119],[104.064,22.4111],[104.0615,22.4086],[104.0595,22.4082],[104.0575,22.4042],[104.0534,22.3996],[104.0439,22.3906],[104.0417,22.3896],[104.0409,22.3876],[104.0379,22.3863],[104.0383,22.3822],[104.0376,22.3811],[104.0318,22.3816],[104.0304,22.3796],[104.0305,22.3756],[104.029,22.3745],[104.0263,22.3765],[104.0276,22.3794],[104.0294,22.3805],[104.0297,22.3827],[104.0279,22.3838],[104.0257,22.3833],[104.0245,22.3844],[104.0217,22.3848],[104.0176,22.388],[104.0175,22.3931],[104.0147,22.3943],[104.0113,22.398],[104.0107,22.4004],[104.012,22.4021],[104.0092,22.4034],[104.0071,22.4035],[104.0029,22.4049],[104.001,22.4062],[103.999,22.4057],[103.9944,22.4102],[103.9923,22.4089],[103.9903,22.4064],[103.9874,22.4077],[103.9824,22.4114],[103.9807,22.4147],[103.9788,22.4167],[103.9788,22.419],[103.9768,22.4229],[103.9773,22.4238],[103.975,22.4292],[103.9727,22.4305],[103.9678,22.4298],[103.9652,22.4319],[103.9656,22.4344],[103.9647,22.4373],[103.9621,22.4401],[103.9613,22.4401],[103.9614,22.4417],[103.958,22.4456],[103.9561,22.4496],[103.9565,22.4545],[103.9596,22.4582],[103.9632,22.4596],[103.9635,22.4615],[103.9619,22.4642],[103.9643,22.4666],[103.9624,22.4681],[103.9655,22.4695],[103.9646,22.471],[103.9682,22.4746]]]},"properties":{"name":"Cam Đường","level":"ward"}},{"type":"Feature","geometry":{"type":"Polygon","coordinates":[[[103.9613,22.4401],[103.9621,22.4401],[103.9647,22.4373],[103.9656,22.4344],[103.9652,22.4319],[103.9678,22.4298],[103.9727,22.4305],[103.975,22.4292],[103.9773,22.4238],[103.9768,22.4229],[103.9788,22.419],[103.9788,22.4167],[103.9807,22.4147],[103.9824,22.4114],[103.9874,22.4077],[103.9903,22.4064],[103.9923,22.4089],[103.9944,22.4102],[103.999,22.4057],[104.001,22.4062],[104.0029,22.4049],[104.0071,22.4035],[104.0092,22.4034],[104.012,22.4021],[104.0107,22.4004],[104.0113,22.398],[104.0147,22.3943],[104.0175,22.3931],[104.0176,22.388],[104.0217,22.3848],[104.0245,22.3844],[104.0257,22.3833],[104.0279,22.3838],[104.0297,22.3827],[104.0294,22.3805],[104.0276,22.3794],[104.0263,22.3765],[104.029,22.3745],[104.0305,22.3756],[104.032,22.3734],[104.0358,22.3706],[104.0359,22.3675],[104.0375,22.3657],[104.0392,22.3653],[104.0407,22.3624],[104.0422,22.3565],[104.0422,22.3542],[104.0411,22.3508],[104.0424,22.3492],[104.041,22.3451],[104.0412,22.3396],[104.0395,22.3382],[104.0393,22.3364],[104.0371,22.334],[104.0325,22.3342],[104.0287,22.3335],[104.0253,22.3338],[104.0229,22.3357],[104.0184,22.3363],[104.014,22.336],[104.0038,22.3404],[104.0021,22.3425],[103.9993,22.3437],[103.989,22.3441],[103.9843,22.3422],[103.9836,22.3407],[103.9794,22.3395],[103.978,22.3396],[103.9722,22.338],[103.9689,22.3335],[103.9676,22.3325],[103.9661,22.3284],[103.9628,22.3272],[103.9593,22.324],[103.9529,22.3211],[103.948,22.3159],[103.9462,22.3157],[103.9396,22.3171],[103.9389,22.3179],[103.9345,22.3161],[103.9321,22.3141],[103.9293,22.3105],[103.9221,22.3117],[103.9199,22.3113],[103.9162,22.3146],[103.9153,22.3187],[103.9082,22.3203],[103.9047,22.3221],[103.904,22.3232],[103.8978,22.3278],[103.8964,22.3304],[103.8989,22.3354],[103.8977,22.3383],[103.898,22.342],[103.8972,22.347],[103.9,22.3524],[103.9036,22.3533],[103.9052,22.3546],[103.9055,22.3582],[103.9082,22.3633],[103.9115,22.3649],[103.9147,22.3696],[103.9153,22.3736],[103.9178,22.3735],[103.9211,22.3756],[103.9224,22.3792],[103.9227,22.3848],[103.9236,22.3862],[103.9233,22.3902],[103.9255,22.3931],[103.9263,22.3964],[103.926,22.399],[103.9279,22.4002],[103.9318,22.4064],[103.9345,22.4074],[103.9374,22.4106],[103.9397,22.4143],[103.9416,22.4162],[103.9418,22.4208],[103.9469,22.4264],[103.9499,22.4277],[103.9525,22.4298],[103.9556,22.4313],[103.9567,22.4338],[103.9567,22.4377],[103.9588,22.4381],[103.9613,22.4401]]]},"properties":{"name":"Hợp Thành","level":"ward"}},{"type":"Feature","geometry":{"type":"Polygon","coordinates":[[[103.9294,22.5157],[103.9262,22.5137],[103.9256,22.5103],[103.9275,22.5078],[103.9243,22.5027],[103.9255,22.5015],[103.9273,22.4974],[103.9261,22.4957],[103.9271,22.4884],[103.9239,22.4867],[103.9236,22.4838],[103.919,22.4807],[103.9134,22.4799],[103.9076,22.4762],[103.9042,22.4783],[103.9033,22.482],[103.903,22.4866],[103.9009,22.4891],[103.9004,22.4938],[103.8985,22.4921],[103.896,22.4877],[103.8924,22.4855],[103.8913,22.4806],[103.8903,22.4797],[103.8899,22.475],[103.8884,22.4708],[103.8872,22.4691],[103.8859,22.4645],[103.886,22.4617],[103.8841,22.4576],[103.8852,22.4557],[103.8884,22.4526],[103.8893,22.4503],[103.8907,22.4497],[103.8897,22.4465],[103.8901,22.4444],[103.8917,22.4412],[103.8894,22.4387],[103.8896,22.4363],[103.885,22.4365],[103.8817,22.4352],[103.8784,22.4332],[103.8756,22.4296],[103.8722,22.4271],[103.871,22.4249],[103.8676,22.4232],[103.8667,22.4218],[103.8634,22.4198],[103.8581,22.422],[103.8563,22.4219],[103.8525,22.4277],[103.8488,22.4297],[103.8478,22.4295],[103.8444,22.4324],[103.8401,22.4342],[103.833,22.4354],[103.8298,22.4383],[103.8291,22.4399],[103.8221,22.4395],[103.8201,22.4487],[103.8174,22.4521],[103.8153,22.4518],[103.8156,22.456],[103.8089,22.4597],[103.8058,22.4627],[103.8057,22.4646],[103.8036,22.4693],[103.8008,22.4739],[103.7983,22.4762],[103.7942,22.4834],[103.7897,22.4866],[103.7869,22.4876],[103.786,22.489],[103.7871,22.493],[103.7862,22.4945],[103.7883,22.4962],[103.7922,22.4977],[103.7966,22.4982],[103.7997,22.5],[103.8022,22.4999],[103.8084,22.5012],[103.8122,22.5024],[103.8149,22.5026],[103.8166,22.5035],[103.8158,22.5073],[103.8119,22.51],[103.8073,22.5147],[103.8069,22.5172],[103.8103,22.5264],[103.813,22.5313],[103.8143,22.5352],[103.817,22.5373],[103.8191,22.5415],[103.8223,22.5453],[103.8226,22.547],[103.8248,22.5499],[103.8262,22.553],[103.8246,22.5552],[103.825,22.5567],[103.8286,22.5589],[103.8262,22.5624],[103.8266,22.5649],[103.8191,22.5689],[103.8186,22.5737],[103.815,22.5735],[103.8124,22.5727],[103.8101,22.5732],[103.805,22.572],[103.8052,22.569],[103.8021,22.5693],[103.8012,22.5707],[103.7969,22.5737],[103.7919,22.5745],[103.7892,22.5738],[103.7869,22.5696],[103.7845,22.5695],[103.7826,22.5679],[103.7785,22.563],[103.7737,22.5595],[103.7709,22.5564],[103.7672,22.5551],[103.7645,22.56],[103.7581,22.5691],[103.7614,22.5714],[103.765,22.5762],[103.7659,22.5797],[103.7692,22.5807],[103.7726,22.5851],[103.7733,22.5882],[103.7751,22.5911],[103.7753,22.5951],[103.7819,22.5956],[103.7843,22.5967],[103.7908,22.6017],[103.7931,22.6045],[103.7957,22.6051],[103.7987,22.6043],[103.7997,22.6069],[103.7998,22.6094],[103.8048,22.6105],[103.8079,22.6127],[103.8092,22.6149],[103.8088,22.618],[103.816,22.6204],[103.8191,22.6193],[103.8215,22.6214],[103.8238,22.6176],[103.8259,22.6155],[103.8328,22.6115],[103.8402,22.6057],[103.8452,22.5967],[103.8498,22.5929],[103.8579,22.5888],[103.863,22.5846],[103.8651,22.5817],[103.8688,22.5776],[103.8766,22.5655],[103.8806,22.5637],[103.8827,22.5638],[103.8843,22.5652],[103.8852,22.5694],[103.8876,22.5704],[103.8921,22.5681],[103.8941,22.5662],[103.8998,22.5592],[103.9087,22.5498],[103.9124,22.5469],[103.9145,22.5446],[103.9154,22.5426],[103.9133,22.5371],[103.9144,22.5349],[103.9187,22.5334],[103.9217,22.5359],[103.9238,22.5391],[103.9267,22.5393],[103.9282,22.538],[103.9299,22.5343],[103.9304,22.5312],[103.9326,22.5274],[103.9369,22.5261],[103.9424,22.5261],[103.9451,22.5253],[103.9465,22.5241],[103.9495,22.5186],[103.9502,22.5167],[103.9449,22.512],[103.9479,22.5089],[103.9432,22.5051],[103.9427,22.5056],[103.9374,22.5121],[103.9321,22.5142],[103.9294,22.5157]]]},"properties":{"name":"Bát Xát","level":"ward"}},{"type":"Feature","geometry":{"type":"Polygon","coordinates":[[[103.7377,22.7128],[103.7343,22.7111],[103.7319,22.7127],[103.7269,22.7122],[103.7259,22.7133],[103.7232,22.7111],[103.7203,22.7105],[103.7163,22.7109],[103.7122,22.707],[103.7126,22.7031],[103.7105,22.7013],[103.7093,22.7024],[103.705,22.7018],[103.7006,22.6973],[103.7022,22.6948],[103.6996,22.6915],[103.6961,22.6893],[103.6948,22.6873],[103.692,22.686],[103.6881,22.6854],[103.6845,22.6819],[103.683,22.6815],[103.6777,22.6786],[103.6774,22.6758],[103.6741,22.6724],[103.6722,22.6713],[103.6712,22.6695],[103.6603,22.6696],[103.6611,22.6703],[103.6613,22.6738],[103.6554,22.6777],[103.6531,22.6786],[103.6478,22.6792],[103.6439,22.6792],[103.6389,22.6759],[103.6351,22.6754],[103.6252,22.6762],[103.6237,22.6783],[103.6266,22.6785],[103.6297,22.6801],[103.6286,22.6832],[103.6282,22.6867],[103.627,22.6907],[103.6251,22.6948],[103.6228,22.6962],[103.6216,22.7],[103.6223,22.7019],[103.6197,22.7081],[103.62,22.714],[103.6185,22.7145],[103.6163,22.7173],[103.6159,22.7239],[103.614,22.7243],[103.6125,22.7297],[103.61,22.7299],[103.6097,22.7333],[103.608,22.7366],[103.6091,22.7387],[103.6079,22.7401],[103.6044,22.7413],[103.6043,22.7438],[103.5996,22.7432],[103.5974,22.7449],[103.597,22.7472],[103.5986,22.7497],[103.6033,22.7492],[103.6046,22.7497],[103.6062,22.7539],[103.6061,22.7564],[103.6089,22.7558],[103.61,22.7572],[103.6086,22.7638],[103.6111,22.7661],[103.613,22.7668],[103.6145,22.7714],[103.6183,22.7726],[103.6205,22.775],[103.6193,22.7789],[103.6176,22.7817],[103.6174,22.7839],[103.6195,22.7863],[103.6219,22.7857],[103.6241,22.7863],[103.6287,22.7893],[103.6308,22.7875],[103.6365,22.7864],[103.6374,22.7879],[103.6349,22.7903],[103.6353,22.7918],[103.6391,22.7925],[103.6383,22.7963],[103.6392,22.7975],[103.6418,22.7978],[103.6426,22.7955],[103.6401,22.7939],[103.642,22.7926],[103.6461,22.7949],[103.6499,22.7917],[103.6541,22.7912],[103.6606,22.7886],[103.6634,22.7854],[103.6651,22.78],[103.6658,22.7726],[103.6688,22.7686],[103.6723,22.7676],[103.6747,22.7662],[103.6788,22.765],[103.6817,22.7623],[103.6844,22.7533],[103.6923,22.7476],[103.6954,22.7464],[103.6999,22.7462],[103.7021,22.7453],[103.7073,22.7409],[103.7099,22.7381],[103.72,22.7292],[103.7256,22.725],[103.7311,22.7183],[103.7377,22.7128]]]},"properties":{"name":"A Mú Sung","level":"ward"}},{"type":"Feature","geometry":{"type":"Polygon","coordinates":[[[103.8215,22.6214],[103.8191,22.6193],[103.816,22.6204],[103.8088,22.618],[103.8092,22.6149],[103.8079,22.6127],[103.8048,22.6105],[103.7998,22.6094],[103.7997,22.6069],[103.7987,22.6043],[103.7957,22.6051],[103.7931,22.6045],[103.7908,22.6017],[103.7843,22.5967],[103.7819,22.5956],[103.7753,22.5951],[103.7751,22.5911],[103.7733,22.5882],[103.7726,22.5851],[103.7692,22.5807],[103.7659,22.5797],[103.765,22.5762],[103.7614,22.5714],[103.7581,22.5691],[103.7492,22.5624],[103.7482,22.5658],[103.7441,22.5678],[103.7423,22.5724],[103.7428,22.5752],[103.7445,22.5803],[103.7396,22.5836],[103.737,22.5848],[103.7352,22.5873],[103.7355,22.5889],[103.7305,22.5932],[103.7231,22.5949],[103.7189,22.5941],[103.7154,22.595],[103.7133,22.5978],[103.7101,22.5979],[103.707,22.6015],[103.7046,22.605],[103.7015,22.6058],[103.6969,22.6083],[103.6941,22.6082],[103.691,22.6106],[103.6865,22.6106],[103.6806,22.612],[103.6771,22.612],[103.6759,22.6194],[103.6786,22.6232],[103.6773,22.6275],[103.676,22.6284],[103.6769,22.6309],[103.6753,22.6339],[103.6756,22.6372],[103.6725,22.6395],[103.6695,22.6444],[103.6646,22.6476],[103.6669,22.6506],[103.6652,22.653],[103.6639,22.6535],[103.6625,22.6572],[103.6626,22.6587],[103.6604,22.66],[103.6606,22.6666],[103.6603,22.6696],[103.6712,22.6695],[103.6722,22.6713],[103.6741,22.6724],[103.6774,22.6758],[103.6777,22.6786],[103.683,22.6815],[103.6845,22.6819],[103.6881,22.6854],[103.692,22.686],[103.6948,22.6873],[103.6961,22.6893],[103.6996,22.6915],[103.7022,22.6948],[103.7006,22.6973],[103.705,22.7018],[103.7093,22.7024],[103.7105,22.7013],[103.7126,22.7031],[103.7122,22.707],[103.7163,22.7109],[103.7203,22.7105],[103.7232,22.7111],[103.7259,22.7133],[103.7269,22.7122],[103.7319,22.7127],[103.7343,22.7111],[103.7377,22.7128],[103.7395,22.7103],[103.7392,22.7089],[103.7371,22.7077],[103.7372,22.7031],[103.7396,22.7001],[103.7432,22.6994],[103.7448,22.6985],[103.7489,22.6935],[103.7494,22.6894],[103.7506,22.6881],[103.7565,22.6881],[103.7654,22.6909],[103.7672,22.6911],[103.7726,22.6814],[103.7757,22.6804],[103.778,22.6784],[103.7797,22.6757],[103.7811,22.6712],[103.7822,22.6697],[103.7865,22.6657],[103.7927,22.6625],[103.7999,22.6538],[103.8029,22.651],[103.8036,22.6474],[103.8111,22.642],[103.8168,22.6323],[103.8215,22.6214]]]},"properties":{"name":"Trịnh Tường","level":"ward"}},{"type":"Feature","geometry":{"type":"Polygon","coordinates":[[[103.5974,22.7449],[103.5996,22.7432],[103.6043,22.7438],[103.6044,22.7413],[103.6079,22.7401],[103.6091,22.7387],[103.608,22.7366],[103.6097,22.7333],[103.61,22.7299],[103.6125,22.7297],[103.614,22.7243],[103.6159,22.7239],[103.6163,22.7173],[103.6185,22.7145],[103.62,22.714],[103.6197,22.7081],[103.6223,22.7019],[103.6216,22.7],[103.6228,22.6962],[103.6251,22.6948],[103.627,22.6907],[103.6282,22.6867],[103.6286,22.6832],[103.6297,22.6801],[103.6266,22.6785],[103.6237,22.6783],[103.6252,22.6762],[103.6351,22.6754],[103.6389,22.6759],[103.6439,22.6792],[103.6478,22.6792],[103.6531,22.6786],[103.6554,22.6777],[103.6613,22.6738],[103.6611,22.6703],[103.6603,22.6696],[103.6606,22.6666],[103.6604,22.66],[103.6626,22.6587],[103.6625,22.6572],[103.6639,22.6535],[103.6652,22.653],[103.6669,22.6506],[103.6646,22.6476],[103.6695,22.6444],[103.6725,22.6395],[103.6756,22.6372],[103.6753,22.6339],[103.6769,22.6309],[103.676,22.6284],[103.6773,22.6275],[103.6786,22.6232],[103.6759,22.6194],[103.6771,22.612],[103.6733,22.6155],[103.672,22.6158],[103.6685,22.6196],[103.6687,22.622],[103.6671,22.624],[103.665,22.6249],[103.6649,22.6272],[103.6628,22.6283],[103.657,22.6196],[103.6266,22.6293],[103.625,22.6181],[103.6166,22.6092],[103.6171,22.6033],[103.6178,22.6021],[103.6179,22.5979],[103.6186,22.5956],[103.6142,22.5975],[103.6084,22.5976],[103.6046,22.5983],[103.6007,22.5971],[103.5977,22.5946],[103.5945,22.5943],[103.5935,22.5906],[103.5913,22.5902],[103.5869,22.5866],[103.5844,22.5858],[103.5831,22.5833],[103.5785,22.5806],[103.5742,22.5797],[103.5728,22.578],[103.5678,22.5796],[103.5659,22.5793],[103.5631,22.5832],[103.5591,22.5843],[103.5563,22.5862],[103.5549,22.586],[103.5487,22.5885],[103.5429,22.5875],[103.5406,22.5862],[103.5389,22.5864],[103.5348,22.5846],[103.5325,22.585],[103.5325,22.5879],[103.5309,22.5923],[103.5308,22.5949],[103.5321,22.5981],[103.534,22.5989],[103.5351,22.6017],[103.5396,22.6056],[103.5404,22.6086],[103.5456,22.6129],[103.5465,22.6163],[103.5452,22.618],[103.5472,22.6224],[103.5511,22.6273],[103.5518,22.632],[103.5531,22.6344],[103.5522,22.6364],[103.5534,22.6376],[103.5583,22.6383],[103.5593,22.6396],[103.5634,22.6396],[103.5649,22.6416],[103.5671,22.6427],[103.5708,22.6421],[103.5714,22.6462],[103.5731,22.6512],[103.5749,22.6524],[103.5749,22.6567],[103.5774,22.6572],[103.5768,22.6591],[103.5777,22.6624],[103.5795,22.6651],[103.5782,22.6678],[103.5782,22.671],[103.5762,22.6715],[103.574,22.674],[103.5739,22.6758],[103.5714,22.6775],[103.569,22.6779],[103.5674,22.6798],[103.5682,22.6827],[103.5659,22.6855],[103.5648,22.6879],[103.5658,22.6935],[103.5644,22.6948],[103.5629,22.6985],[103.5626,22.701],[103.5641,22.7024],[103.5643,22.7062],[103.5663,22.7069],[103.5678,22.7087],[103.57,22.7091],[103.5701,22.7117],[103.5726,22.7166],[103.5755,22.7177],[103.5758,22.7206],[103.5749,22.7224],[103.5775,22.7244],[103.5823,22.7249],[103.5807,22.7283],[103.5824,22.7297],[103.5836,22.7326],[103.5862,22.7326],[103.5873,22.7343],[103.5907,22.7346],[103.5921,22.7368],[103.5917,22.7402],[103.5944,22.7403],[103.5964,22.7421],[103.5974,22.7449]]]},"properties":{"name":"Y Tý","level":"ward"}},{"type":"Feature","geometry":{"type":"Polygon","coordinates":[[[103.6771,22.612],[103.6806,22.612],[103.6865,22.6106],[103.691,22.6106],[103.6941,22.6082],[103.6969,22.6083],[103.7015,22.6058],[103.7046,22.605],[103.707,22.6015],[103.7101,22.5979],[103.7133,22.5978],[103.7154,22.595],[103.7189,22.5941],[103.7231,22.5949],[103.7305,22.5932],[103.7355,22.5889],[103.7352,22.5873],[103.737,22.5848],[103.7396,22.5836],[103.7445,22.5803],[103.7428,22.5752],[103.7423,22.5724],[103.7441,22.5678],[103.7482,22.5658],[103.7492,22.5624],[103.747,22.5612],[103.7449,22.5581],[103.7433,22.5541],[103.7434,22.5515],[103.7421,22.5474],[103.7436,22.5427],[103.742,22.541],[103.7387,22.542],[103.7378,22.544],[103.7342,22.5428],[103.7296,22.5414],[103.7273,22.5395],[103.7231,22.5381],[103.718,22.5397],[103.7175,22.5419],[103.7158,22.542],[103.7121,22.5386],[103.7101,22.5377],[103.7097,22.536],[103.7109,22.5335],[103.7107,22.531],[103.7062,22.5279],[103.7044,22.5288],[103.7007,22.5277],[103.6982,22.5298],[103.696,22.5301],[103.6945,22.5315],[103.6901,22.5308],[103.6871,22.5318],[103.6855,22.5313],[103.6827,22.5332],[103.6766,22.5326],[103.6757,22.5301],[103.6722,22.5265],[103.6711,22.5245],[103.6684,22.5229],[103.6655,22.5224],[103.6593,22.5229],[103.6566,22.5207],[103.6427,22.5152],[103.6423,22.5159],[103.6343,22.5187],[103.6304,22.5214],[103.6282,22.5219],[103.6265,22.5235],[103.6197,22.5237],[103.6174,22.5245],[103.6126,22.524],[103.6089,22.5269],[103.6047,22.5252],[103.6001,22.5242],[103.5955,22.5257],[103.5944,22.5279],[103.5922,22.5277],[103.5911,22.5294],[103.589,22.5306],[103.5851,22.5309],[103.5836,22.5322],[103.5812,22.5384],[103.5799,22.5457],[103.5778,22.5467],[103.5762,22.5487],[103.5745,22.5536],[103.5748,22.5557],[103.5737,22.5567],[103.5707,22.5613],[103.5698,22.5639],[103.5665,22.5675],[103.5665,22.5687],[103.5695,22.5735],[103.5703,22.5737],[103.5728,22.578],[103.5742,22.5797],[103.5785,22.5806],[103.5831,22.5833],[103.5844,22.5858],[103.5869,22.5866],[103.5913,22.5902],[103.5935,22.5906],[103.5945,22.5943],[103.5977,22.5946],[103.6007,22.5971],[103.6046,22.5983],[103.6084,22.5976],[103.6142,22.5975],[103.6186,22.5956],[103.6179,22.5979],[103.6178,22.6021],[103.6171,22.6033],[103.6166,22.6092],[103.625,22.6181],[103.6266,22.6293],[103.657,22.6196],[103.6628,22.6283],[103.6649,22.6272],[103.665,22.6249],[103.6671,22.624],[103.6687,22.622],[103.6685,22.6196],[103.672,22.6158],[103.6733,22.6155],[103.6771,22.612]]]},"properties":{"name":"Dền Sáng","level":"ward"}},{"type":"Feature","geometry":{"type":"Polygon","coordinates":[[[103.7581,22.5691],[103.7645,22.56],[103.7672,22.5551],[103.7709,22.5564],[103.7737,22.5595],[103.7785,22.563],[103.7826,22.5679],[103.7845,22.5695],[103.7869,22.5696],[103.7892,22.5738],[103.7919,22.5745],[103.7969,22.5737],[103.8012,22.5707],[103.8021,22.5693],[103.8052,22.569],[103.805,22.572],[103.8101,22.5732],[103.8124,22.5727],[103.815,22.5735],[103.8186,22.5737],[103.8191,22.5689],[103.8266,22.5649],[103.8262,22.5624],[103.8286,22.5589],[103.825,22.5567],[103.8246,22.5552],[103.8262,22.553],[103.8248,22.5499],[103.8226,22.547],[103.8223,22.5453],[103.8191,22.5415],[103.817,22.5373],[103.8143,22.5352],[103.813,22.5313],[103.8103,22.5264],[103.8069,22.5172],[103.8073,22.5147],[103.8119,22.51],[103.8158,22.5073],[103.8166,22.5035],[103.8149,22.5026],[103.8122,22.5024],[103.8084,22.5012],[103.8022,22.4999],[103.7997,22.5],[103.7966,22.4982],[103.7922,22.4977],[103.7883,22.4962],[103.7862,22.4945],[103.7871,22.493],[103.7851,22.4935],[103.7801,22.4921],[103.7795,22.4848],[103.7797,22.481],[103.7784,22.478],[103.7748,22.4754],[103.7765,22.4736],[103.7762,22.4697],[103.7772,22.4672],[103.7801,22.4641],[103.7801,22.4609],[103.7774,22.46],[103.7761,22.4581],[103.774,22.4611],[103.7717,22.4669],[103.7672,22.4693],[103.7663,22.4688],[103.763,22.4784],[103.7615,22.4796],[103.7556,22.4794],[103.7532,22.4784],[103.7507,22.4758],[103.7488,22.4773],[103.7459,22.4759],[103.7444,22.4719],[103.7411,22.4765],[103.7367,22.4798],[103.7355,22.483],[103.7366,22.4852],[103.7328,22.49],[103.7283,22.4965],[103.7279,22.498],[103.7257,22.5005],[103.7272,22.506],[103.726,22.5085],[103.7272,22.5109],[103.7277,22.5143],[103.7268,22.5163],[103.7263,22.5218],[103.7286,22.5268],[103.727,22.5289],[103.7271,22.531],[103.7309,22.5381],[103.7305,22.5396],[103.7342,22.5428],[103.7378,22.544],[103.7387,22.542],[103.742,22.541],[103.7436,22.5427],[103.7421,22.5474],[103.7434,22.5515],[103.7433,22.5541],[103.7449,22.5581],[103.747,22.5612],[103.7492,22.5624],[103.7581,22.5691]]]},"properties":{"name":"Bản Xèo","level":"ward"}},{"type":"Feature","geometry":{"type":"Polygon","coordinates":[[[103.5955,22.5257],[103.6001,22.5242],[103.6047,22.5252],[103.6089,22.5269],[103.6126,22.524],[103.6174,22.5245],[103.6197,22.5237],[103.6265,22.5235],[103.6282,22.5219],[103.6304,22.5214],[103.6343,22.5187],[103.6423,22.5159],[103.6427,22.5152],[103.6566,22.5207],[103.6593,22.5229],[103.6655,22.5224],[103.6684,22.5229],[103.6711,22.5245],[103.6722,22.5265],[103.6757,22.5301],[103.6766,22.5326],[103.6827,22.5332],[103.6855,22.5313],[103.6871,22.5318],[103.6901,22.5308],[103.6945,22.5315],[103.696,22.5301],[103.6982,22.5298],[103.7007,22.5277],[103.7044,22.5288],[103.7062,22.5279],[103.7107,22.531],[103.7109,22.5335],[103.7097,22.536],[103.7101,22.5377],[103.7121,22.5386],[103.7158,22.542],[103.7175,22.5419],[103.718,22.5397],[103.7231,22.5381],[103.7273,22.5395],[103.7296,22.5414],[103.7342,22.5428],[103.7305,22.5396],[103.7309,22.5381],[103.7271,22.531],[103.727,22.5289],[103.7286,22.5268],[103.7263,22.5218],[103.7268,22.5163],[103.7277,22.5143],[103.7272,22.5109],[103.726,22.5085],[103.7272,22.506],[103.7257,22.5005],[103.7279,22.498],[103.7283,22.4965],[103.7328,22.49],[103.7366,22.4852],[103.7355,22.483],[103.7367,22.4798],[103.7411,22.4765],[103.7444,22.4719],[103.747,22.4704],[103.7492,22.467],[103.7538,22.4659],[103.7548,22.4637],[103.7528,22.4631],[103.7494,22.4633],[103.7446,22.461],[103.7444,22.4585],[103.7423,22.4509],[103.7424,22.4492],[103.7408,22.4463],[103.7377,22.4445],[103.7365,22.4425],[103.7338,22.4421],[103.7332,22.4398],[103.7353,22.4346],[103.7356,22.4326],[103.7349,22.4273],[103.736,22.4256],[103.7354,22.4241],[103.7317,22.4208],[103.7287,22.4201],[103.7303,22.4165],[103.7251,22.4145],[103.7236,22.4128],[103.7193,22.4144],[103.7147,22.4136],[103.7127,22.4112],[103.7122,22.4094],[103.7069,22.4096],[103.7013,22.4062],[103.6954,22.408],[103.6902,22.4068],[103.689,22.4074],[103.686,22.4063],[103.6822,22.4039],[103.6788,22.4047],[103.6758,22.4032],[103.6701,22.4052],[103.6659,22.404],[103.6646,22.4043],[103.661,22.4032],[103.6572,22.4043],[103.6517,22.404],[103.6505,22.4035],[103.646,22.4042],[103.6426,22.402],[103.6281,22.3967],[103.6249,22.3964],[103.623,22.3987],[103.6189,22.4011],[103.6161,22.4015],[103.6136,22.4046],[103.6066,22.4077],[103.6035,22.4101],[103.6035,22.413],[103.6027,22.4188],[103.6039,22.4224],[103.6029,22.4253],[103.5987,22.4279],[103.5924,22.429],[103.5888,22.4286],[103.5877,22.4299],[103.5884,22.4338],[103.5879,22.4363],[103.5859,22.4367],[103.5836,22.4387],[103.5803,22.4385],[103.5796,22.4416],[103.5758,22.4475],[103.5733,22.4478],[103.5716,22.4492],[103.5702,22.4519],[103.5684,22.4532],[103.5688,22.457],[103.5652,22.4588],[103.5629,22.461],[103.5591,22.4631],[103.5562,22.4638],[103.557,22.4666],[103.555,22.4713],[103.5568,22.474],[103.5603,22.478],[103.5634,22.4796],[103.5655,22.4844],[103.5719,22.4892],[103.5754,22.4896],[103.578,22.4918],[103.5811,22.4976],[103.5828,22.4984],[103.5851,22.5041],[103.5877,22.5065],[103.5857,22.5088],[103.5864,22.5125],[103.5924,22.5207],[103.5944,22.5227],[103.5955,22.5257]]]},"properties":{"name":"Mường Hum","level":"ward"}},{"type":"Feature","geometry":{"type":"Polygon","coordinates":[[[103.9432,22.5051],[103.9437,22.5045],[103.9459,22.4991],[103.9466,22.498],[103.9485,22.4955],[103.9512,22.4973],[103.9535,22.4938],[103.9536,22.492],[103.9559,22.4913],[103.9559,22.4898],[103.9595,22.4867],[103.9601,22.485],[103.9625,22.4836],[103.9625,22.4824],[103.9667,22.4782],[103.9682,22.4746],[103.9646,22.471],[103.9655,22.4695],[103.9624,22.4681],[103.9643,22.4666],[103.9619,22.4642],[103.9635,22.4615],[103.9632,22.4596],[103.9596,22.4582],[103.9565,22.4545],[103.9561,22.4496],[103.958,22.4456],[103.9614,22.4417],[103.9613,22.4401],[103.9588,22.4381],[103.9567,22.4377],[103.9567,22.4338],[103.9556,22.4313],[103.9525,22.4298],[103.9499,22.4277],[103.9469,22.4264],[103.9418,22.4208],[103.9416,22.4162],[103.9397,22.4143],[103.9374,22.4106],[103.9345,22.4074],[103.9318,22.4064],[103.9325,22.4103],[103.9258,22.4187],[103.9251,22.4231],[103.9238,22.4246],[103.9198,22.4267],[103.9163,22.4221],[103.914,22.4203],[103.9118,22.4207],[103.9009,22.4243],[103.895,22.431],[103.8929,22.4322],[103.8907,22.4357],[103.8896,22.4363],[103.8894,22.4387],[103.8917,22.4412],[103.8901,22.4444],[103.8897,22.4465],[103.8907,22.4497],[103.8893,22.4503],[103.8884,22.4526],[103.8852,22.4557],[103.8841,22.4576],[103.886,22.4617],[103.8859,22.4645],[103.8872,22.4691],[103.8884,22.4708],[103.8899,22.475],[103.8903,22.4797],[103.8913,22.4806],[103.8924,22.4855],[103.896,22.4877],[103.8985,22.4921],[103.9004,22.4938],[103.9009,22.4891],[103.903,22.4866],[103.9033,22.482],[103.9042,22.4783],[103.9076,22.4762],[103.9134,22.4799],[103.919,22.4807],[103.9236,22.4838],[103.9239,22.4867],[103.9271,22.4884],[103.9261,22.4957],[103.9273,22.4974],[103.9255,22.5015],[103.9243,22.5027],[103.9275,22.5078],[103.9256,22.5103],[103.9262,22.5137],[103.9294,22.5157],[103.9321,22.5142],[103.9374,22.5121],[103.9427,22.5056],[103.9432,22.5051]]]},"properties":{"name":"Cốc San","level":"ward"}},{"type":"Feature","geometry":{"type":"Polygon","coordinates":[[[104.2697,22.7416],[104.2617,22.7375],[104.2591,22.7348],[104.2551,22.7341],[104.2538,22.7298],[104.2537,22.7272],[104.2525,22.7264],[104.2493,22.7209],[104.244,22.7144],[104.2395,22.7083],[104.2388,22.7062],[104.2368,22.705],[104.2349,22.7053],[104.2314,22.7078],[104.229,22.7105],[104.2262,22.7117],[104.2248,22.7139],[104.2258,22.716],[104.2251,22.7195],[104.2222,22.729],[104.2192,22.7319],[104.2099,22.7364],[104.2079,22.7382],[104.2042,22.7401],[104.1994,22.7407],[104.1954,22.739],[104.1947,22.7367],[104.1917,22.7375],[104.1888,22.7403],[104.1874,22.7433],[104.1874,22.745],[104.1844,22.7477],[104.1838,22.7504],[104.1801,22.7546],[104.1804,22.7577],[104.1793,22.7588],[104.1765,22.7594],[104.1747,22.7607],[104.1764,22.7626],[104.1769,22.7649],[104.1762,22.7678],[104.1744,22.7715],[104.175,22.7759],[104.1743,22.7792],[104.1709,22.7824],[104.1699,22.7847],[104.1699,22.789],[104.1715,22.7947],[104.1692,22.7968],[104.1667,22.7974],[104.1636,22.8019],[104.1659,22.8071],[104.1703,22.8097],[104.1711,22.8137],[104.173,22.8145],[104.1753,22.8202],[104.1765,22.8206],[104.1778,22.8234],[104.1799,22.8234],[104.1829,22.8259],[104.1856,22.8257],[104.1866,22.8228],[104.1885,22.8225],[104.1902,22.8209],[104.1923,22.8238],[104.1944,22.8237],[104.1971,22.8265],[104.2013,22.8269],[104.206,22.8285],[104.2086,22.8283],[104.2123,22.8296],[104.2161,22.8318],[104.2182,22.8308],[104.2196,22.8289],[104.2225,22.83],[104.2256,22.8328],[104.2285,22.8334],[104.2318,22.8364],[104.2329,22.8382],[104.2379,22.8393],[104.2406,22.8411],[104.241,22.8439],[104.2436,22.8439],[104.248,22.8409],[104.2518,22.8398],[104.2529,22.8427],[104.2556,22.8447],[104.2595,22.8447],[104.2605,22.8428],[104.2643,22.8402],[104.2673,22.8401],[104.2682,22.8371],[104.268,22.8337],[104.2696,22.8322],[104.271,22.8294],[104.2706,22.8262],[104.2681,22.8234],[104.2661,22.8199],[104.2679,22.8144],[104.2662,22.8112],[104.2662,22.8079],[104.2628,22.8021],[104.2611,22.7953],[104.2611,22.7937],[104.258,22.7888],[104.2581,22.7853],[104.2567,22.7826],[104.2563,22.7792],[104.255,22.7785],[104.2577,22.772],[104.2572,22.7679],[104.2603,22.7628],[104.2641,22.7603],[104.2666,22.756],[104.269,22.754],[104.2702,22.7505],[104.2693,22.7464],[104.2697,22.7416]]]},"properties":{"name":"Pha Long","level":"ward"}},{"type":"Feature","geometry":{"type":"Polygon","coordinates":[[[104.1753,22.8202],[104.173,22.8145],[104.1711,22.8137],[104.1703,22.8097],[104.1659,22.8071],[104.1636,22.8019],[104.1667,22.7974],[104.1692,22.7968],[104.1715,22.7947],[104.1699,22.789],[104.1699,22.7847],[104.1709,22.7824],[104.1743,22.7792],[104.175,22.7759],[104.1744,22.7715],[104.1762,22.7678],[104.1769,22.7649],[104.1764,22.7626],[104.1747,22.7607],[104.1765,22.7594],[104.1793,22.7588],[104.1804,22.7577],[104.1801,22.7546],[104.1838,22.7504],[104.1844,22.7477],[104.1874,22.745],[104.1874,22.7433],[104.1888,22.7403],[104.1917,22.7375],[104.1947,22.7367],[104.1867,22.7366],[104.1842,22.7384],[104.1823,22.7407],[104.1778,22.7415],[104.1757,22.7411],[104.1717,22.7364],[104.169,22.7357],[104.1679,22.7387],[104.1641,22.7415],[104.1614,22.7421],[104.1586,22.7459],[104.1566,22.7441],[104.1569,22.7424],[104.1551,22.7404],[104.1549,22.7372],[104.1533,22.7351],[104.1513,22.7295],[104.1515,22.7258],[104.1526,22.7209],[104.1539,22.7194],[104.1527,22.7164],[104.1498,22.7144],[104.1492,22.7131],[104.1459,22.7105],[104.1436,22.7103],[104.1426,22.7067],[104.1406,22.7035],[104.1364,22.7028],[104.1338,22.7011],[104.1357,22.7002],[104.1352,22.6972],[104.1318,22.6951],[104.1289,22.6948],[104.1254,22.6931],[104.1269,22.6913],[104.1269,22.6892],[104.1226,22.6866],[104.1192,22.6867],[104.1174,22.6847],[104.1178,22.6823],[104.1217,22.6812],[104.1272,22.6784],[104.1286,22.6753],[104.1309,22.674],[104.1311,22.6725],[104.1269,22.6728],[104.1238,22.6751],[104.1205,22.6725],[104.118,22.6716],[104.1183,22.6692],[104.1156,22.6661],[104.1157,22.6648],[104.1135,22.6663],[104.1085,22.6643],[104.1063,22.6624],[104.1027,22.6619],[104.099,22.6659],[104.096,22.6675],[104.0905,22.6627],[104.0885,22.6591],[104.0869,22.6577],[104.0853,22.6528],[104.0861,22.6509],[104.0828,22.6502],[104.0823,22.6514],[104.078,22.6536],[104.0774,22.6549],[104.0732,22.6547],[104.071,22.6555],[104.0689,22.6548],[104.0626,22.6547],[104.0606,22.6562],[104.059,22.656],[104.0551,22.6525],[104.0518,22.6503],[104.0518,22.6471],[104.0529,22.646],[104.0498,22.642],[104.048,22.6417],[104.0469,22.6401],[104.0413,22.64],[104.0379,22.6383],[104.0335,22.6406],[104.031,22.643],[104.0313,22.6453],[104.0306,22.6502],[104.031,22.6528],[104.0322,22.6538],[104.0314,22.6562],[104.0318,22.6587],[104.0333,22.6607],[104.0325,22.6637],[104.0335,22.6647],[104.0347,22.6701],[104.0368,22.6728],[104.0398,22.6792],[104.0393,22.6821],[104.0368,22.6826],[104.0353,22.6818],[104.031,22.6861],[104.0287,22.6874],[104.0279,22.6906],[104.0281,22.6935],[104.033,22.6977],[104.0347,22.7004],[104.0358,22.7036],[104.0351,22.7054],[104.0355,22.7081],[104.0372,22.712],[104.0384,22.7134],[104.0401,22.7196],[104.0394,22.7235],[104.0417,22.7261],[104.0442,22.7305],[104.0457,22.731],[104.0462,22.7345],[104.0486,22.7367],[104.0528,22.7393],[104.0523,22.741],[104.0559,22.7435],[104.0592,22.7491],[104.0608,22.7495],[104.0654,22.7571],[104.0698,22.7576],[104.0733,22.761],[104.0748,22.7611],[104.0764,22.7627],[104.0787,22.7623],[104.0783,22.766],[104.0822,22.7666],[104.0845,22.7684],[104.0847,22.7697],[104.0881,22.7702],[104.0895,22.7723],[104.0911,22.7791],[104.0924,22.7815],[104.0922,22.7833],[104.0934,22.7847],[104.0941,22.7886],[104.1002,22.794],[104.1015,22.7977],[104.1051,22.8018],[104.1083,22.8022],[104.115,22.8113],[104.1197,22.8115],[104.1225,22.8133],[104.1269,22.8137],[104.1312,22.8116],[104.1315,22.8095],[104.1328,22.8078],[104.1333,22.805],[104.1389,22.8064],[104.1416,22.8066],[104.1424,22.808],[104.1444,22.8083],[104.1469,22.8105],[104.1486,22.811],[104.1519,22.8102],[104.1539,22.8108],[104.1551,22.8149],[104.162,22.8158],[104.1638,22.8192],[104.164,22.8218],[104.1673,22.8225],[104.1699,22.8203],[104.1753,22.8202]]]},"properties":{"name":"Mường Khương","level":"ward"}},{"type":"Feature","geometry":{"type":"Polygon","coordinates":[[[104.1157,22.6648],[104.1156,22.6661],[104.1183,22.6692],[104.118,22.6716],[104.1205,22.6725],[104.1238,22.6751],[104.1269,22.6728],[104.1311,22.6725],[104.1309,22.674],[104.1286,22.6753],[104.1272,22.6784],[104.1217,22.6812],[104.1178,22.6823],[104.1174,22.6847],[104.1192,22.6867],[104.1226,22.6866],[104.1269,22.6892],[104.1269,22.6913],[104.1254,22.6931],[104.1289,22.6948],[104.1318,22.6951],[104.1352,22.6972],[104.1357,22.7002],[104.1338,22.7011],[104.1364,22.7028],[104.1406,22.7035],[104.1426,22.7067],[104.1436,22.7103],[104.1459,22.7105],[104.1492,22.7131],[104.1498,22.7144],[104.1527,22.7164],[104.1539,22.7194],[104.1526,22.7209],[104.1515,22.7258],[104.1513,22.7295],[104.1533,22.7351],[104.1549,22.7372],[104.1551,22.7404],[104.1569,22.7424],[104.1566,22.7441],[104.1586,22.7459],[104.1614,22.7421],[104.1641,22.7415],[104.1679,22.7387],[104.169,22.7357],[104.1717,22.7364],[104.1757,22.7411],[104.1778,22.7415],[104.1823,22.7407],[104.1842,22.7384],[104.1867,22.7366],[104.1947,22.7367],[104.1926,22.7343],[104.1891,22.7315],[104.1862,22.7275],[104.1806,22.724],[104.1776,22.7176],[104.1773,22.708],[104.1764,22.7035],[104.1776,22.6979],[104.1772,22.6928],[104.1747,22.6907],[104.1743,22.6858],[104.1766,22.6806],[104.1812,22.6758],[104.1829,22.6718],[104.1826,22.6669],[104.1832,22.6645],[104.1827,22.6582],[104.1844,22.6519],[104.1871,22.6483],[104.1873,22.6453],[104.1897,22.6427],[104.1901,22.6382],[104.191,22.6354],[104.193,22.6325],[104.194,22.6285],[104.1934,22.6223],[104.1936,22.6199],[104.1923,22.6152],[104.194,22.6128],[104.1978,22.6105],[104.2001,22.6011],[104.2007,22.5971],[104.2034,22.595],[104.2048,22.5923],[104.2075,22.5847],[104.2075,22.5835],[104.2057,22.5786],[104.203,22.5763],[104.1991,22.5711],[104.1975,22.57],[104.1946,22.5655],[104.1904,22.5612],[104.1898,22.5579],[104.1903,22.5555],[104.1932,22.5491],[104.1964,22.546],[104.2008,22.5398],[104.2019,22.537],[104.2028,22.5326],[104.2008,22.5313],[104.1955,22.5311],[104.1905,22.528],[104.1885,22.5261],[104.1864,22.5276],[104.1845,22.5276],[104.1811,22.5263],[104.1772,22.5265],[104.1755,22.5275],[104.1728,22.5277],[104.1686,22.5299],[104.1669,22.5313],[104.1613,22.5321],[104.1608,22.529],[104.1607,22.5243],[104.1588,22.522],[104.1589,22.5201],[104.1547,22.5157],[104.1534,22.5176],[104.151,22.517],[104.1464,22.518],[104.1441,22.5155],[104.1418,22.5168],[104.1403,22.5151],[104.1386,22.5099],[104.1387,22.5061],[104.1393,22.5039],[104.1383,22.5021],[104.1361,22.5032],[104.135,22.5056],[104.1288,22.5076],[104.1287,22.5099],[104.125,22.5125],[104.1236,22.5174],[104.1288,22.5178],[104.1317,22.5152],[104.1331,22.5168],[104.1322,22.5225],[104.1302,22.5235],[104.1293,22.5263],[104.1269,22.5272],[104.1209,22.5272],[104.1234,22.5289],[104.1277,22.5332],[104.1297,22.5364],[104.1257,22.5408],[104.1227,22.5422],[104.1223,22.5436],[104.1174,22.5442],[104.1161,22.5461],[104.1168,22.5482],[104.1177,22.5505],[104.1183,22.5548],[104.1175,22.5577],[104.119,22.5611],[104.1178,22.5624],[104.1184,22.5671],[104.12,22.5704],[104.1188,22.5764],[104.1165,22.5824],[104.115,22.5836],[104.1114,22.5836],[104.1062,22.5858],[104.1045,22.59],[104.104,22.5932],[104.1051,22.5971],[104.1028,22.5988],[104.1046,22.6014],[104.1061,22.6014],[104.1086,22.6068],[104.1092,22.6125],[104.1124,22.615],[104.1136,22.6194],[104.1103,22.6211],[104.1107,22.623],[104.1152,22.6256],[104.1204,22.6327],[104.119,22.6388],[104.1239,22.6495],[104.1242,22.6541],[104.1229,22.6565],[104.1205,22.6587],[104.1181,22.6593],[104.1157,22.6648]]]},"properties":{"name":"Cao Sơn","level":"ward"}},{"type":"Feature","geometry":{"type":"Polygon","coordinates":[[[104.0524,22.5279],[104.0521,22.5306],[104.0483,22.5328],[104.0453,22.5364],[104.0435,22.5362],[104.0406,22.5387],[104.0372,22.5403],[104.0336,22.5408],[104.0287,22.5479],[104.0284,22.5494],[104.0257,22.5503],[104.0242,22.5535],[104.0221,22.556],[104.0183,22.5566],[104.0163,22.5588],[104.0142,22.5586],[104.0121,22.5599],[104.01,22.5614],[104.0136,22.5638],[104.0164,22.5641],[104.0149,22.5679],[104.0124,22.5711],[104.0086,22.572],[104.006,22.5769],[104.0083,22.5774],[104.0099,22.5794],[104.0128,22.5783],[104.014,22.5789],[104.0132,22.5831],[104.0147,22.5867],[104.0135,22.587],[104.0144,22.5931],[104.0158,22.5947],[104.0192,22.5952],[104.0205,22.5996],[104.021,22.6068],[104.0228,22.6073],[104.0249,22.6123],[104.0252,22.6191],[104.0246,22.6205],[104.0252,22.623],[104.0296,22.6259],[104.0298,22.6328],[104.0283,22.6335],[104.0276,22.6361],[104.0283,22.6389],[104.031,22.643],[104.0335,22.6406],[104.0379,22.6383],[104.0413,22.64],[104.0469,22.6401],[104.048,22.6417],[104.0498,22.642],[104.0529,22.646],[104.0518,22.6471],[104.0518,22.6503],[104.0551,22.6525],[104.059,22.656],[104.0606,22.6562],[104.0626,22.6547],[104.0689,22.6548],[104.071,22.6555],[104.0732,22.6547],[104.0774,22.6549],[104.078,22.6536],[104.0823,22.6514],[104.0828,22.6502],[104.0861,22.6509],[104.0853,22.6528],[104.0869,22.6577],[104.0885,22.6591],[104.0905,22.6627],[104.096,22.6675],[104.099,22.6659],[104.1027,22.6619],[104.1063,22.6624],[104.1085,22.6643],[104.1135,22.6663],[104.1157,22.6648],[104.1181,22.6593],[104.1205,22.6587],[104.1229,22.6565],[104.1242,22.6541],[104.1239,22.6495],[104.119,22.6388],[104.1204,22.6327],[104.1152,22.6256],[104.1107,22.623],[104.1103,22.6211],[104.1136,22.6194],[104.1124,22.615],[104.1092,22.6125],[104.1086,22.6068],[104.1061,22.6014],[104.1046,22.6014],[104.1028,22.5988],[104.1051,22.5971],[104.104,22.5932],[104.1045,22.59],[104.1062,22.5858],[104.1114,22.5836],[104.115,22.5836],[104.1165,22.5824],[104.1188,22.5764],[104.12,22.5704],[104.1184,22.5671],[104.1178,22.5624],[104.119,22.5611],[104.1175,22.5577],[104.1183,22.5548],[104.1177,22.5505],[104.1168,22.5482],[104.1121,22.5472],[104.1107,22.5453],[104.1107,22.5428],[104.1041,22.5422],[104.1012,22.5416],[104.0951,22.5413],[104.0949,22.5376],[104.0956,22.5359],[104.095,22.533],[104.0955,22.5311],[104.0947,22.5294],[104.0925,22.5281],[104.0903,22.5282],[104.0894,22.5264],[104.0864,22.5258],[104.0858,22.5277],[104.0853,22.5341],[104.0822,22.5367],[104.0812,22.5411],[104.0787,22.5368],[104.0758,22.5347],[104.0746,22.5349],[104.0694,22.5315],[104.0681,22.5321],[104.0646,22.531],[104.0653,22.5289],[104.0609,22.5268],[104.058,22.5261],[104.0535,22.5269],[104.0524,22.5279]]]},"properties":{"name":"Bản Lầu","level":"ward"}},{"type":"Feature","geometry":{"type":"Polygon","coordinates":[[[104.2368,22.705],[104.2388,22.7062],[104.2395,22.7083],[104.244,22.7144],[104.2493,22.7209],[104.2525,22.7264],[104.2537,22.7272],[104.2538,22.7298],[104.2551,22.7341],[104.2591,22.7348],[104.2617,22.7375],[104.2697,22.7416],[104.2748,22.741],[104.2774,22.7419],[104.2812,22.7411],[104.2844,22.7394],[104.2893,22.7375],[104.2942,22.7337],[104.2965,22.7331],[104.3015,22.7304],[104.3085,22.7301],[104.3127,22.7318],[104.3205,22.732],[104.3224,22.7304],[104.325,22.73],[104.3297,22.7261],[104.3322,22.7256],[104.335,22.7234],[104.3385,22.7222],[104.3412,22.7166],[104.3418,22.7119],[104.3407,22.7091],[104.3404,22.7054],[104.3389,22.7007],[104.3372,22.6994],[104.3354,22.6964],[104.3363,22.6945],[104.3345,22.6913],[104.335,22.6897],[104.3307,22.687],[104.3269,22.6813],[104.3251,22.6794],[104.323,22.6748],[104.325,22.6716],[104.3219,22.6675],[104.3212,22.6655],[104.3188,22.6633],[104.3193,22.6615],[104.3216,22.6609],[104.3273,22.6564],[104.3191,22.6469],[104.3178,22.6428],[104.3182,22.6406],[104.3163,22.6338],[104.3144,22.6349],[104.3118,22.6346],[104.3122,22.6306],[104.3119,22.6288],[104.3095,22.626],[104.3078,22.6255],[104.3071,22.623],[104.3032,22.6182],[104.3035,22.6148],[104.2983,22.614],[104.2962,22.6147],[104.2946,22.613],[104.2931,22.616],[104.2934,22.6175],[104.2891,22.6183],[104.2877,22.6156],[104.2857,22.6191],[104.2815,22.6186],[104.28,22.6198],[104.2752,22.6175],[104.2736,22.6183],[104.2711,22.6177],[104.2695,22.6187],[104.268,22.6166],[104.2618,22.6206],[104.2586,22.6196],[104.2573,22.6177],[104.2523,22.6152],[104.2495,22.6175],[104.2493,22.6193],[104.2502,22.6214],[104.2525,22.624],[104.2547,22.625],[104.2544,22.6289],[104.2493,22.632],[104.2502,22.6341],[104.2537,22.6365],[104.2547,22.6391],[104.2568,22.6416],[104.2534,22.6437],[104.2489,22.6422],[104.2472,22.6447],[104.243,22.6443],[104.241,22.6468],[104.2386,22.6448],[104.2361,22.6454],[104.236,22.6486],[104.2352,22.6506],[104.2331,22.6525],[104.2365,22.6585],[104.2349,22.6629],[104.2315,22.6638],[104.2332,22.6677],[104.2388,22.6722],[104.2409,22.6727],[104.2468,22.6817],[104.2501,22.6847],[104.2507,22.688],[104.248,22.6905],[104.2464,22.6907],[104.2445,22.6928],[104.2411,22.6977],[104.2369,22.7011],[104.2368,22.705]]]},"properties":{"name":"Si Ma Cai","level":"ward"}},{"type":"Feature","geometry":{"type":"Polygon","coordinates":[[[104.1947,22.7367],[104.1954,22.739],[104.1994,22.7407],[104.2042,22.7401],[104.2079,22.7382],[104.2099,22.7364],[104.2192,22.7319],[104.2222,22.729],[104.2251,22.7195],[104.2258,22.716],[104.2248,22.7139],[104.2262,22.7117],[104.229,22.7105],[104.2314,22.7078],[104.2349,22.7053],[104.2368,22.705],[104.2369,22.7011],[104.2411,22.6977],[104.2445,22.6928],[104.2464,22.6907],[104.248,22.6905],[104.2507,22.688],[104.2501,22.6847],[104.2468,22.6817],[104.2409,22.6727],[104.2388,22.6722],[104.2332,22.6677],[104.2315,22.6638],[104.2349,22.6629],[104.2365,22.6585],[104.2331,22.6525],[104.2352,22.6506],[104.236,22.6486],[104.2361,22.6454],[104.2386,22.6448],[104.241,22.6468],[104.243,22.6443],[104.2472,22.6447],[104.2489,22.6422],[104.2534,22.6437],[104.2568,22.6416],[104.2547,22.6391],[104.2537,22.6365],[104.2502,22.6341],[104.2493,22.632],[104.2544,22.6289],[104.2547,22.625],[104.2525,22.624],[104.2502,22.6214],[104.2493,22.6193],[104.2449,22.6147],[104.2448,22.613],[104.2427,22.6119],[104.2421,22.6101],[104.2403,22.6084],[104.2396,22.6051],[104.2383,22.6045],[104.237,22.6014],[104.2369,22.5991],[104.235,22.5973],[104.2335,22.5918],[104.2326,22.5906],[104.2272,22.591],[104.223,22.5895],[104.2199,22.5891],[104.2187,22.5882],[104.2143,22.5868],[104.2133,22.5859],[104.2075,22.5847],[104.2048,22.5923],[104.2034,22.595],[104.2007,22.5971],[104.2001,22.6011],[104.1978,22.6105],[104.194,22.6128],[104.1923,22.6152],[104.1936,22.6199],[104.1934,22.6223],[104.194,22.6285],[104.193,22.6325],[104.191,22.6354],[104.1901,22.6382],[104.1897,22.6427],[104.1873,22.6453],[104.1871,22.6483],[104.1844,22.6519],[104.1827,22.6582],[104.1832,22.6645],[104.1826,22.6669],[104.1829,22.6718],[104.1812,22.6758],[104.1766,22.6806],[104.1743,22.6858],[104.1747,22.6907],[104.1772,22.6928],[104.1776,22.6979],[104.1764,22.7035],[104.1773,22.708],[104.1776,22.7176],[104.1806,22.724],[104.1862,22.7275],[104.1891,22.7315],[104.1926,22.7343],[104.1947,22.7367]]]},"properties":{"name":"Sín Chéng","level":"ward"}},{"type":"Feature","geometry":{"type":"Polygon","coordinates":[[[104.2019,22.537],[104.2008,22.5398],[104.1964,22.546],[104.1932,22.5491],[104.1903,22.5555],[104.1898,22.5579],[104.1904,22.5612],[104.1946,22.5655],[104.1975,22.57],[104.1991,22.5711],[104.203,22.5763],[104.2057,22.5786],[104.2075,22.5835],[104.2075,22.5847],[104.2133,22.5859],[104.2143,22.5868],[104.2187,22.5882],[104.2199,22.5891],[104.223,22.5895],[104.2272,22.591],[104.2326,22.5906],[104.2366,22.5886],[104.2373,22.5874],[104.2427,22.585],[104.245,22.5858],[104.2531,22.5873],[104.2546,22.5885],[104.2576,22.5888],[104.2611,22.5928],[104.2654,22.5936],[104.2677,22.5922],[104.2666,22.5905],[104.2697,22.5871],[104.2692,22.5822],[104.2716,22.5809],[104.272,22.5776],[104.2734,22.5759],[104.2762,22.5805],[104.279,22.5827],[104.2808,22.582],[104.2823,22.5835],[104.2851,22.5829],[104.2885,22.5836],[104.2918,22.5826],[104.2913,22.5775],[104.2935,22.5732],[104.2946,22.5701],[104.2956,22.5693],[104.2955,22.5668],[104.2993,22.563],[104.2963,22.5613],[104.3015,22.5545],[104.3019,22.5519],[104.3053,22.5515],[104.307,22.5548],[104.3123,22.5567],[104.3145,22.5613],[104.3186,22.5632],[104.3235,22.5633],[104.3249,22.5615],[104.3242,22.5588],[104.3245,22.5567],[104.3276,22.5564],[104.332,22.5567],[104.3332,22.5588],[104.3372,22.5601],[104.3407,22.5633],[104.3436,22.5647],[104.3507,22.5653],[104.3514,22.5642],[104.3554,22.5629],[104.3577,22.5636],[104.3581,22.5708],[104.3569,22.5731],[104.3578,22.579],[104.3593,22.5783],[104.364,22.5828],[104.3651,22.5813],[104.3678,22.5803],[104.3751,22.5834],[104.3782,22.5826],[104.38,22.5841],[104.384,22.585],[104.3849,22.5872],[104.3858,22.5919],[104.3882,22.5928],[104.3894,22.5952],[104.392,22.5977],[104.3949,22.5987],[104.3961,22.597],[104.4021,22.5946],[104.4047,22.5946],[104.4023,22.5916],[104.4021,22.5862],[104.403,22.5849],[104.4063,22.5843],[104.4067,22.5816],[104.4088,22.5806],[104.41,22.5781],[104.4121,22.5769],[104.4126,22.5797],[104.4143,22.5817],[104.4175,22.5766],[104.4209,22.5731],[104.4242,22.5722],[104.4214,22.5703],[104.4204,22.5687],[104.4176,22.5675],[104.4147,22.5648],[104.4114,22.5628],[104.4105,22.5605],[104.4078,22.558],[104.4091,22.5545],[104.4048,22.555],[104.4029,22.5514],[104.3989,22.551],[104.3974,22.5502],[104.3942,22.5506],[104.3942,22.5488],[104.3962,22.5447],[104.3945,22.5422],[104.3921,22.5429],[104.388,22.5395],[104.3832,22.5441],[104.3783,22.5391],[104.3756,22.5393],[104.3688,22.5346],[104.367,22.5245],[104.3647,22.5218],[104.3642,22.5198],[104.3649,22.5172],[104.3552,22.5108],[104.348,22.5106],[104.3464,22.5087],[104.3441,22.5085],[104.3407,22.5053],[104.3376,22.5035],[104.3405,22.4988],[104.3412,22.4961],[104.3403,22.4921],[104.3339,22.4938],[104.3273,22.4943],[104.3213,22.4916],[104.3178,22.493],[104.3134,22.4932],[104.31,22.4943],[104.3061,22.4944],[104.305,22.4953],[104.3001,22.4935],[104.3008,22.4902],[104.3,22.4884],[104.3017,22.4871],[104.3024,22.4853],[104.3023,22.4773],[104.3011,22.4735],[104.3015,22.4719],[104.2998,22.4673],[104.3024,22.4616],[104.3011,22.4601],[104.2974,22.4601],[104.2962,22.4588],[104.2919,22.4573],[104.2905,22.4561],[104.2852,22.4551],[104.28,22.4529],[104.2765,22.4523],[104.2754,22.4507],[104.2735,22.4515],[104.2717,22.4541],[104.27,22.4553],[104.2679,22.4529],[104.2661,22.4579],[104.2642,22.4558],[104.2616,22.4551],[104.2576,22.4563],[104.2577,22.4586],[104.2568,22.4607],[104.258,22.4615],[104.2571,22.4642],[104.2577,22.4655],[104.2602,22.4657],[104.2598,22.4681],[104.2558,22.4725],[104.2542,22.4723],[104.2494,22.4753],[104.2488,22.4708],[104.2462,22.469],[104.2449,22.4661],[104.2427,22.4652],[104.2428,22.468],[104.2411,22.4702],[104.2354,22.473],[104.2334,22.472],[104.2288,22.4673],[104.2248,22.4688],[104.2231,22.4729],[104.2195,22.4744],[104.2204,22.4773],[104.2194,22.4803],[104.2197,22.4827],[104.2209,22.4839],[104.2218,22.4888],[104.225,22.4938],[104.2288,22.4952],[104.2295,22.4985],[104.2308,22.501],[104.2345,22.5033],[104.2354,22.5054],[104.2392,22.507],[104.2418,22.5095],[104.2441,22.5129],[104.2475,22.5141],[104.2519,22.5148],[104.257,22.5131],[104.2595,22.5115],[104.2631,22.5144],[104.261,22.5199],[104.2568,22.521],[104.2532,22.5241],[104.2533,22.5266],[104.2512,22.5286],[104.2451,22.5316],[104.2467,22.5332],[104.2475,22.536],[104.2434,22.5369],[104.2402,22.5369],[104.2382,22.5377],[104.2395,22.5408],[104.2352,22.5443],[104.2303,22.5455],[104.2236,22.5464],[104.2206,22.5417],[104.2211,22.5398],[104.2184,22.5383],[104.2151,22.5412],[104.2081,22.5404],[104.2059,22.5383],[104.2019,22.537]]]},"properties":{"name":"Bắc Hà","level":"ward"}},{"type":"Feature","geometry":{"type":"Polygon","coordinates":[[[104.4242,22.5722],[104.4209,22.5731],[104.4175,22.5766],[104.4143,22.5817],[104.4126,22.5797],[104.4121,22.5769],[104.41,22.5781],[104.4088,22.5806],[104.4067,22.5816],[104.4063,22.5843],[104.403,22.5849],[104.4021,22.5862],[104.4023,22.5916],[104.4047,22.5946],[104.4021,22.5946],[104.3961,22.597],[104.3949,22.5987],[104.392,22.5977],[104.3894,22.5952],[104.3882,22.5928],[104.3858,22.5919],[104.3849,22.5872],[104.384,22.585],[104.3817,22.5896],[104.3826,22.5914],[104.3805,22.5946],[104.3812,22.598],[104.3773,22.6019],[104.3778,22.6048],[104.3762,22.6073],[104.3737,22.6081],[104.3737,22.6123],[104.3717,22.6178],[104.3707,22.6241],[104.3647,22.6261],[104.3549,22.6277],[104.3551,22.6291],[104.3578,22.6319],[104.3584,22.6345],[104.3608,22.6359],[104.3618,22.6399],[104.363,22.6416],[104.3609,22.6439],[104.3612,22.6462],[104.3632,22.6471],[104.3648,22.6505],[104.3636,22.6518],[104.3629,22.6558],[104.3654,22.6626],[104.3673,22.6643],[104.3674,22.6663],[104.3647,22.6678],[104.3648,22.673],[104.3743,22.676],[104.3793,22.6765],[104.3824,22.6774],[104.3851,22.6797],[104.39,22.6792],[104.3938,22.6805],[104.3992,22.6805],[104.4021,22.6811],[104.4042,22.6755],[104.404,22.6735],[104.4061,22.6691],[104.4066,22.6663],[104.4055,22.6615],[104.4063,22.6607],[104.4065,22.656],[104.4083,22.6548],[104.4087,22.6506],[104.4102,22.6485],[104.4134,22.6484],[104.4135,22.6467],[104.4155,22.6449],[104.4155,22.6434],[104.4134,22.6422],[104.4126,22.6382],[104.4106,22.6365],[104.409,22.632],[104.4066,22.6296],[104.4128,22.6276],[104.4147,22.6277],[104.4178,22.6304],[104.4217,22.6308],[104.4243,22.6322],[104.4242,22.6338],[104.4253,22.6365],[104.427,22.6372],[104.4285,22.6394],[104.4301,22.6444],[104.4346,22.6439],[104.434,22.6399],[104.4325,22.6384],[104.4336,22.6353],[104.4332,22.6337],[104.4349,22.6295],[104.4359,22.6285],[104.4337,22.6261],[104.4345,22.6237],[104.4333,22.6204],[104.4335,22.6188],[104.4322,22.6148],[104.4331,22.6119],[104.4343,22.611],[104.4386,22.611],[104.439,22.6088],[104.4417,22.6073],[104.4427,22.6045],[104.4456,22.6054],[104.4477,22.605],[104.4499,22.606],[104.4523,22.6037],[104.4565,22.6042],[104.4589,22.604],[104.4625,22.5998],[104.4634,22.598],[104.4623,22.5934],[104.463,22.5899],[104.4628,22.5851],[104.4641,22.5836],[104.4647,22.5783],[104.4667,22.5744],[104.4607,22.5728],[104.4595,22.5718],[104.457,22.5732],[104.4526,22.5718],[104.4505,22.5755],[104.4407,22.5761],[104.4351,22.5751],[104.4329,22.5758],[104.4289,22.5747],[104.4242,22.5722]]]},"properties":{"name":"Tả Củ Tỷ","level":"ward"}},{"type":"Feature","geometry":{"type":"Polygon","coordinates":[[[104.2493,22.6193],[104.2495,22.6175],[104.2523,22.6152],[104.2573,22.6177],[104.2586,22.6196],[104.2618,22.6206],[104.268,22.6166],[104.2695,22.6187],[104.2711,22.6177],[104.2736,22.6183],[104.2752,22.6175],[104.28,22.6198],[104.2815,22.6186],[104.2857,22.6191],[104.2877,22.6156],[104.2891,22.6183],[104.2934,22.6175],[104.2931,22.616],[104.2946,22.613],[104.2962,22.6147],[104.2983,22.614],[104.3035,22.6148],[104.3032,22.6182],[104.3071,22.623],[104.3078,22.6255],[104.3095,22.626],[104.3119,22.6288],[104.3122,22.6306],[104.3118,22.6346],[104.3144,22.6349],[104.3163,22.6338],[104.3182,22.6406],[104.3178,22.6428],[104.3191,22.6469],[104.3273,22.6564],[104.3216,22.6609],[104.3193,22.6615],[104.3188,22.6633],[104.3212,22.6655],[104.3219,22.6675],[104.325,22.6716],[104.323,22.6748],[104.3251,22.6794],[104.3269,22.6813],[104.3307,22.687],[104.335,22.6897],[104.3369,22.6881],[104.3412,22.6863],[104.3447,22.6821],[104.3499,22.679],[104.3532,22.6761],[104.3596,22.6734],[104.3648,22.673],[104.3647,22.6678],[104.3674,22.6663],[104.3673,22.6643],[104.3654,22.6626],[104.3629,22.6558],[104.3636,22.6518],[104.3648,22.6505],[104.3632,22.6471],[104.3612,22.6462],[104.3609,22.6439],[104.363,22.6416],[104.3618,22.6399],[104.3608,22.6359],[104.3584,22.6345],[104.3578,22.6319],[104.3551,22.6291],[104.3549,22.6277],[104.3647,22.6261],[104.3707,22.6241],[104.3717,22.6178],[104.3737,22.6123],[104.3737,22.6081],[104.3762,22.6073],[104.3778,22.6048],[104.3773,22.6019],[104.3812,22.598],[104.3805,22.5946],[104.3826,22.5914],[104.3817,22.5896],[104.384,22.585],[104.38,22.5841],[104.3782,22.5826],[104.3751,22.5834],[104.3678,22.5803],[104.3651,22.5813],[104.364,22.5828],[104.3593,22.5783],[104.3578,22.579],[104.3569,22.5731],[104.3581,22.5708],[104.3577,22.5636],[104.3554,22.5629],[104.3514,22.5642],[104.3507,22.5653],[104.3436,22.5647],[104.3407,22.5633],[104.3372,22.5601],[104.3332,22.5588],[104.332,22.5567],[104.3276,22.5564],[104.3245,22.5567],[104.3242,22.5588],[104.3249,22.5615],[104.3235,22.5633],[104.3186,22.5632],[104.3145,22.5613],[104.3123,22.5567],[104.307,22.5548],[104.3053,22.5515],[104.3019,22.5519],[104.3015,22.5545],[104.2963,22.5613],[104.2993,22.563],[104.2955,22.5668],[104.2956,22.5693],[104.2946,22.5701],[104.2935,22.5732],[104.2913,22.5775],[104.2918,22.5826],[104.2885,22.5836],[104.2851,22.5829],[104.2823,22.5835],[104.2808,22.582],[104.279,22.5827],[104.2762,22.5805],[104.2734,22.5759],[104.272,22.5776],[104.2716,22.5809],[104.2692,22.5822],[104.2697,22.5871],[104.2666,22.5905],[104.2677,22.5922],[104.2654,22.5936],[104.2611,22.5928],[104.2576,22.5888],[104.2546,22.5885],[104.2531,22.5873],[104.245,22.5858],[104.2427,22.585],[104.2373,22.5874],[104.2366,22.5886],[104.2326,22.5906],[104.2335,22.5918],[104.235,22.5973],[104.2369,22.5991],[104.237,22.6014],[104.2383,22.6045],[104.2396,22.6051],[104.2403,22.6084],[104.2421,22.6101],[104.2427,22.6119],[104.2448,22.613],[104.2449,22.6147],[104.2493,22.6193]]]},"properties":{"name":"Lùng Phình","level":"ward"}},{"type":"Feature","geometry":{"type":"Polygon","coordinates":[[[104.3403,22.4921],[104.3412,22.4961],[104.3405,22.4988],[104.3376,22.5035],[104.3407,22.5053],[104.3441,22.5085],[104.3464,22.5087],[104.348,22.5106],[104.3552,22.5108],[104.3649,22.5172],[104.3642,22.5198],[104.3647,22.5218],[104.367,22.5245],[104.3688,22.5346],[104.3756,22.5393],[104.3783,22.5391],[104.3832,22.5441],[104.388,22.5395],[104.3921,22.5429],[104.3945,22.5422],[104.3962,22.5447],[104.3942,22.5488],[104.3942,22.5506],[104.3974,22.5502],[104.3989,22.551],[104.4029,22.5514],[104.4048,22.555],[104.4091,22.5545],[104.4078,22.558],[104.4105,22.5605],[104.4114,22.5628],[104.4147,22.5648],[104.4176,22.5675],[104.4204,22.5687],[104.4214,22.5703],[104.4242,22.5722],[104.4249,22.5686],[104.4244,22.5638],[104.4217,22.5603],[104.4212,22.5571],[104.4222,22.5563],[104.4236,22.5511],[104.4233,22.5489],[104.4212,22.5441],[104.4199,22.5433],[104.4192,22.5408],[104.4168,22.5393],[104.4151,22.5351],[104.4149,22.5305],[104.418,22.5283],[104.4201,22.5286],[104.4216,22.5248],[104.4291,22.5234],[104.4319,22.5222],[104.4346,22.523],[104.4362,22.5203],[104.4389,22.5198],[104.4405,22.5168],[104.4437,22.5147],[104.4451,22.5117],[104.4447,22.5097],[104.4465,22.5077],[104.4451,22.5039],[104.4428,22.5022],[104.4383,22.5006],[104.4351,22.5002],[104.4323,22.4973],[104.4307,22.4981],[104.4276,22.498],[104.4256,22.4933],[104.42,22.4919],[104.4183,22.4905],[104.4125,22.4877],[104.4132,22.4842],[104.4147,22.4811],[104.4128,22.4788],[104.411,22.4778],[104.4113,22.4762],[104.4051,22.4738],[104.402,22.4742],[104.3976,22.4731],[104.3955,22.4719],[104.3917,22.4714],[104.3921,22.4698],[104.3902,22.4659],[104.3883,22.4648],[104.3786,22.4625],[104.3765,22.4598],[104.3741,22.4586],[104.3718,22.4557],[104.3685,22.4538],[104.3669,22.452],[104.3672,22.4501],[104.3648,22.4481],[104.3638,22.4461],[104.3566,22.4477],[104.3544,22.4464],[104.352,22.4437],[104.3493,22.4398],[104.3452,22.4371],[104.3451,22.4359],[104.3414,22.4364],[104.339,22.4355],[104.3367,22.4333],[104.3332,22.4347],[104.3316,22.4343],[104.327,22.4306],[104.3247,22.4279],[104.3226,22.4232],[104.3227,22.4198],[104.3205,22.4179],[104.3177,22.4233],[104.3133,22.4246],[104.3166,22.4284],[104.314,22.4303],[104.3158,22.4326],[104.3177,22.4326],[104.3228,22.4381],[104.3238,22.441],[104.3304,22.4455],[104.3338,22.445],[104.3374,22.4466],[104.3395,22.446],[104.3423,22.4466],[104.3434,22.4488],[104.3435,22.4513],[104.3446,22.453],[104.3453,22.4569],[104.3427,22.4591],[104.3423,22.4622],[104.3435,22.4643],[104.3458,22.4651],[104.3463,22.4678],[104.3477,22.4695],[104.3509,22.4708],[104.351,22.4726],[104.3488,22.4747],[104.3495,22.4765],[104.3468,22.4785],[104.3447,22.4777],[104.3433,22.4786],[104.3425,22.4842],[104.3433,22.4871],[104.3429,22.489],[104.3406,22.4899],[104.3403,22.4921]]]},"properties":{"name":"Bản Liền","level":"ward"}},{"type":"Feature","geometry":{"type":"Polygon","coordinates":[[[104.1728,22.5277],[104.1755,22.5275],[104.1772,22.5265],[104.1811,22.5263],[104.1845,22.5276],[104.1864,22.5276],[104.1885,22.5261],[104.1905,22.528],[104.1955,22.5311],[104.2008,22.5313],[104.2028,22.5326],[104.2019,22.537],[104.2059,22.5383],[104.2081,22.5404],[104.2151,22.5412],[104.2184,22.5383],[104.2211,22.5398],[104.2206,22.5417],[104.2236,22.5464],[104.2303,22.5455],[104.2352,22.5443],[104.2395,22.5408],[104.2382,22.5377],[104.2402,22.5369],[104.2434,22.5369],[104.2475,22.536],[104.2467,22.5332],[104.2451,22.5316],[104.2512,22.5286],[104.2533,22.5266],[104.2532,22.5241],[104.2568,22.521],[104.261,22.5199],[104.2631,22.5144],[104.2595,22.5115],[104.257,22.5131],[104.2519,22.5148],[104.2475,22.5141],[104.2441,22.5129],[104.2418,22.5095],[104.2392,22.507],[104.2354,22.5054],[104.2345,22.5033],[104.2308,22.501],[104.2295,22.4985],[104.2288,22.4952],[104.225,22.4938],[104.2218,22.4888],[104.2209,22.4839],[104.2197,22.4827],[104.2194,22.4803],[104.2204,22.4773],[104.2195,22.4744],[104.2231,22.4729],[104.2248,22.4688],[104.2288,22.4673],[104.2334,22.472],[104.2354,22.473],[104.2411,22.4702],[104.2428,22.468],[104.2427,22.4652],[104.2449,22.4661],[104.2462,22.469],[104.2488,22.4708],[104.2494,22.4753],[104.2542,22.4723],[104.2558,22.4725],[104.2598,22.4681],[104.2602,22.4657],[104.2577,22.4655],[104.2571,22.4642],[104.258,22.4615],[104.2568,22.4607],[104.2577,22.4586],[104.2576,22.4563],[104.2616,22.4551],[104.2642,22.4558],[104.2661,22.4579],[104.2679,22.4529],[104.27,22.4553],[104.2717,22.4541],[104.2735,22.4515],[104.2754,22.4507],[104.2765,22.4523],[104.28,22.4529],[104.2852,22.4551],[104.2905,22.4561],[104.2919,22.4573],[104.2962,22.4588],[104.2974,22.4601],[104.3011,22.4601],[104.3024,22.4616],[104.2998,22.4673],[104.3015,22.4719],[104.3011,22.4735],[104.3023,22.4773],[104.3024,22.4853],[104.3017,22.4871],[104.3,22.4884],[104.3008,22.4902],[104.3001,22.4935],[104.305,22.4953],[104.3061,22.4944],[104.31,22.4943],[104.3134,22.4932],[104.3178,22.493],[104.3213,22.4916],[104.3273,22.4943],[104.3339,22.4938],[104.3403,22.4921],[104.3406,22.4899],[104.3429,22.489],[104.3433,22.4871],[104.3425,22.4842],[104.3433,22.4786],[104.3447,22.4777],[104.3468,22.4785],[104.3495,22.4765],[104.3488,22.4747],[104.351,22.4726],[104.3509,22.4708],[104.3477,22.4695],[104.3463,22.4678],[104.3458,22.4651],[104.3435,22.4643],[104.3423,22.4622],[104.3427,22.4591],[104.3453,22.4569],[104.3446,22.453],[104.3435,22.4513],[104.3434,22.4488],[104.3423,22.4466],[104.3395,22.446],[104.3374,22.4466],[104.3338,22.445],[104.3304,22.4455],[104.3238,22.441],[104.3228,22.4381],[104.3177,22.4326],[104.3158,22.4326],[104.314,22.4303],[104.3166,22.4284],[104.3133,22.4246],[104.3177,22.4233],[104.3205,22.4179],[104.317,22.414],[104.3176,22.4118],[104.3154,22.4095],[104.3126,22.4099],[104.3127,22.407],[104.3138,22.406],[104.3139,22.4027],[104.3119,22.4018],[104.3114,22.399],[104.3085,22.3989],[104.307,22.3979],[104.3089,22.3958],[104.3104,22.3915],[104.3086,22.3911],[104.3055,22.3928],[104.3011,22.3924],[104.298,22.3894],[104.2952,22.388],[104.2889,22.387],[104.2861,22.3901],[104.2827,22.3917],[104.2785,22.396],[104.2783,22.398],[104.2739,22.4053],[104.2701,22.406],[104.268,22.4075],[104.2672,22.4097],[104.2651,22.4092],[104.2654,22.4034],[104.2649,22.4001],[104.2657,22.3955],[104.2656,22.3911],[104.2661,22.3893],[104.263,22.382],[104.2632,22.3788],[104.2596,22.381],[104.2563,22.3816],[104.2503,22.3815],[104.2463,22.3834],[104.2452,22.3852],[104.2412,22.3864],[104.2411,22.389],[104.2378,22.3915],[104.2392,22.3935],[104.2361,22.3975],[104.2344,22.3984],[104.2338,22.4042],[104.232,22.4093],[104.2304,22.4107],[104.2306,22.4134],[104.2288,22.4155],[104.2263,22.4166],[104.2257,22.4191],[104.2263,22.4228],[104.2256,22.4275],[104.2239,22.4292],[104.2201,22.4298],[104.2154,22.4337],[104.2138,22.4386],[104.2121,22.4415],[104.2077,22.4447],[104.2086,22.4474],[104.2081,22.4492],[104.205,22.4492],[104.2035,22.4501],[104.203,22.4523],[104.1952,22.4545],[104.1926,22.4566],[104.1894,22.4532],[104.1846,22.4524],[104.1821,22.4524],[104.1815,22.4546],[104.1784,22.458],[104.1776,22.463],[104.1766,22.4643],[104.173,22.4662],[104.1723,22.4674],[104.1684,22.4686],[104.1683,22.4698],[104.1707,22.4754],[104.1697,22.4848],[104.1687,22.4867],[104.17,22.4883],[104.1692,22.4916],[104.1654,22.4942],[104.1683,22.506],[104.1675,22.5106],[104.1682,22.5123],[104.1714,22.5147],[104.1708,22.5158],[104.1706,22.5216],[104.1728,22.5277]]]},"properties":{"name":"Bảo Nhai","level":"ward"}},{"type":"Feature","geometry":{"type":"Polygon","coordinates":[[[104.3205,22.4179],[104.3227,22.4198],[104.3226,22.4232],[104.3247,22.4279],[104.327,22.4306],[104.3316,22.4343],[104.3332,22.4347],[104.3367,22.4333],[104.339,22.4355],[104.3414,22.4364],[104.3451,22.4359],[104.3452,22.4371],[104.3493,22.4398],[104.352,22.4437],[104.3544,22.4464],[104.3566,22.4477],[104.3638,22.4461],[104.3648,22.4481],[104.3672,22.4501],[104.3669,22.452],[104.3685,22.4538],[104.3718,22.4557],[104.3741,22.4586],[104.3765,22.4598],[104.3786,22.4625],[104.3883,22.4648],[104.3911,22.462],[104.3913,22.4599],[104.3938,22.4564],[104.3956,22.4561],[104.3967,22.4546],[104.3959,22.4512],[104.399,22.4495],[104.4017,22.4468],[104.4027,22.4448],[104.4007,22.4411],[104.4005,22.4393],[104.3968,22.4353],[104.3967,22.4334],[104.3979,22.4278],[104.3959,22.4235],[104.3923,22.4225],[104.3907,22.4196],[104.392,22.4183],[104.3924,22.4159],[104.3939,22.4123],[104.393,22.4109],[104.3938,22.4085],[104.3935,22.4051],[104.3909,22.4039],[104.3897,22.4013],[104.3943,22.3992],[104.3984,22.3934],[104.4005,22.3881],[104.4038,22.3877],[104.4072,22.3898],[104.4111,22.3909],[104.4127,22.39],[104.4167,22.3919],[104.4193,22.391],[104.4221,22.3881],[104.4232,22.3832],[104.4208,22.3826],[104.419,22.3807],[104.4193,22.3782],[104.4185,22.3768],[104.4219,22.3706],[104.4249,22.369],[104.428,22.3686],[104.4291,22.3676],[104.4297,22.3645],[104.4312,22.3637],[104.4372,22.3638],[104.4414,22.3635],[104.4457,22.3648],[104.4497,22.3648],[104.4505,22.361],[104.454,22.3597],[104.4567,22.3569],[104.4563,22.352],[104.4571,22.3498],[104.4594,22.3496],[104.4623,22.3476],[104.4625,22.3453],[104.4615,22.3417],[104.4551,22.3421],[104.4484,22.3417],[104.4484,22.3384],[104.4465,22.3376],[104.4432,22.3325],[104.441,22.3313],[104.4412,22.325],[104.4374,22.3259],[104.4351,22.325],[104.4303,22.3296],[104.4291,22.3313],[104.4245,22.3347],[104.4171,22.3353],[104.4144,22.3361],[104.4124,22.3383],[104.4098,22.3394],[104.4066,22.3417],[104.4029,22.3413],[104.3966,22.3376],[104.3953,22.3379],[104.3929,22.3406],[104.3902,22.342],[104.3863,22.3416],[104.3789,22.3436],[104.377,22.3462],[104.3766,22.3495],[104.3749,22.3518],[104.3695,22.3534],[104.3675,22.3555],[104.3642,22.356],[104.3625,22.3573],[104.3593,22.3578],[104.3575,22.3601],[104.3542,22.3604],[104.3528,22.3618],[104.3487,22.3628],[104.3479,22.3607],[104.3451,22.3562],[104.3457,22.3546],[104.3433,22.3529],[104.3432,22.3504],[104.3388,22.349],[104.3386,22.3482],[104.3318,22.3431],[104.3274,22.3413],[104.3266,22.3398],[104.3228,22.341],[104.3206,22.3427],[104.32,22.3442],[104.3176,22.3458],[104.3109,22.3472],[104.3085,22.3494],[104.3048,22.3511],[104.3025,22.3531],[104.3004,22.356],[104.2955,22.3578],[104.2929,22.3575],[104.2922,22.3611],[104.2906,22.3636],[104.2871,22.3656],[104.2852,22.3631],[104.2822,22.3628],[104.2793,22.3654],[104.2786,22.3677],[104.2729,22.371],[104.2705,22.369],[104.2651,22.371],[104.2632,22.3788],[104.263,22.382],[104.2661,22.3893],[104.2656,22.3911],[104.2657,22.3955],[104.2649,22.4001],[104.2654,22.4034],[104.2651,22.4092],[104.2672,22.4097],[104.268,22.4075],[104.2701,22.406],[104.2739,22.4053],[104.2783,22.398],[104.2785,22.396],[104.2827,22.3917],[104.2861,22.3901],[104.2889,22.387],[104.2952,22.388],[104.298,22.3894],[104.3011,22.3924],[104.3055,22.3928],[104.3086,22.3911],[104.3104,22.3915],[104.3089,22.3958],[104.307,22.3979],[104.3085,22.3989],[104.3114,22.399],[104.3119,22.4018],[104.3139,22.4027],[104.3138,22.406],[104.3127,22.407],[104.3126,22.4099],[104.3154,22.4095],[104.3176,22.4118],[104.317,22.414],[104.3205,22.4179]]]},"properties":{"name":"Cốc Lầu","level":"ward"}},{"type":"Feature","geometry":{"type":"Polygon","coordinates":[[[104.0721,22.4649],[104.0756,22.467],[104.0777,22.4658],[104.0793,22.4668],[104.0809,22.4699],[104.0797,22.4705],[104.0793,22.473],[104.0737,22.479],[104.0732,22.4805],[104.0691,22.4842],[104.0664,22.4859],[104.0645,22.4859],[104.0626,22.4881],[104.0594,22.4899],[104.0559,22.4933],[104.0544,22.4959],[104.0524,22.4968],[104.0508,22.4993],[104.0511,22.5007],[104.0483,22.5037],[104.0456,22.5052],[104.0445,22.5083],[104.0413,22.5093],[104.0384,22.5119],[104.0392,22.513],[104.0379,22.5157],[104.0389,22.5187],[104.0418,22.519],[104.0458,22.5215],[104.0477,22.5212],[104.0488,22.5243],[104.0524,22.5279],[104.0535,22.5269],[104.058,22.5261],[104.0609,22.5268],[104.0653,22.5289],[104.0646,22.531],[104.0681,22.5321],[104.0694,22.5315],[104.0746,22.5349],[104.0758,22.5347],[104.0787,22.5368],[104.0812,22.5411],[104.0822,22.5367],[104.0853,22.5341],[104.0858,22.5277],[104.0864,22.5258],[104.0894,22.5264],[104.0903,22.5282],[104.0925,22.5281],[104.0947,22.5294],[104.0955,22.5311],[104.095,22.533],[104.0956,22.5359],[104.0949,22.5376],[104.0951,22.5413],[104.1012,22.5416],[104.1041,22.5422],[104.1107,22.5428],[104.1107,22.5453],[104.1121,22.5472],[104.1168,22.5482],[104.1161,22.5461],[104.1174,22.5442],[104.1223,22.5436],[104.1227,22.5422],[104.1257,22.5408],[104.1297,22.5364],[104.1277,22.5332],[104.1234,22.5289],[104.1209,22.5272],[104.1269,22.5272],[104.1293,22.5263],[104.1302,22.5235],[104.1322,22.5225],[104.1331,22.5168],[104.1317,22.5152],[104.1288,22.5178],[104.1236,22.5174],[104.125,22.5125],[104.1287,22.5099],[104.1288,22.5076],[104.135,22.5056],[104.1361,22.5032],[104.1383,22.5021],[104.1393,22.5039],[104.1387,22.5061],[104.1386,22.5099],[104.1403,22.5151],[104.1418,22.5168],[104.1441,22.5155],[104.1464,22.518],[104.151,22.517],[104.1534,22.5176],[104.1547,22.5157],[104.1589,22.5201],[104.1588,22.522],[104.1607,22.5243],[104.1608,22.529],[104.1613,22.5321],[104.1669,22.5313],[104.1686,22.5299],[104.1728,22.5277],[104.1706,22.5216],[104.1708,22.5158],[104.1714,22.5147],[104.1682,22.5123],[104.1675,22.5106],[104.1683,22.506],[104.1654,22.4942],[104.1692,22.4916],[104.17,22.4883],[104.1687,22.4867],[104.1697,22.4848],[104.1707,22.4754],[104.1683,22.4698],[104.1684,22.4686],[104.1723,22.4674],[104.173,22.4662],[104.1766,22.4643],[104.1776,22.463],[104.1784,22.458],[104.1815,22.4546],[104.1821,22.4524],[104.1846,22.4524],[104.1855,22.4497],[104.1874,22.4472],[104.1879,22.4446],[104.1911,22.4412],[104.1924,22.4374],[104.1898,22.4355],[104.1888,22.4319],[104.1868,22.4291],[104.187,22.4259],[104.1864,22.4228],[104.1794,22.4216],[104.1782,22.4195],[104.1764,22.419],[104.1749,22.4148],[104.1774,22.4114],[104.175,22.4093],[104.1724,22.4125],[104.1699,22.4146],[104.1705,22.4158],[104.1655,22.423],[104.1595,22.4247],[104.1553,22.4236],[104.1542,22.422],[104.1505,22.4245],[104.1498,22.4264],[104.1459,22.4271],[104.144,22.426],[104.1413,22.4259],[104.1391,22.4285],[104.1371,22.4344],[104.135,22.434],[104.131,22.4348],[104.1292,22.4342],[104.1269,22.4357],[104.1237,22.4391],[104.1184,22.4394],[104.1134,22.4369],[104.1115,22.4381],[104.1107,22.4404],[104.1081,22.4438],[104.1051,22.4468],[104.1039,22.4464],[104.1018,22.4485],[104.0986,22.4493],[104.0961,22.4482],[104.0937,22.4457],[104.0911,22.446],[104.0889,22.447],[104.0849,22.4504],[104.0823,22.4519],[104.0803,22.4549],[104.0756,22.4552],[104.0743,22.4573],[104.0708,22.4589],[104.0721,22.4649]]]},"properties":{"name":"Phong Hải","level":"ward"}},{"type":"Feature","geometry":{"type":"Polygon","coordinates":[[[104.0272,22.4527],[104.0269,22.4561],[104.0302,22.4564],[104.0314,22.4584],[104.0343,22.4613],[104.0337,22.4631],[104.0373,22.4658],[104.0404,22.4664],[104.0415,22.4684],[104.0411,22.4706],[104.0418,22.4756],[104.0428,22.4766],[104.0468,22.4776],[104.0491,22.4772],[104.0527,22.4745],[104.0567,22.4706],[104.0595,22.4694],[104.0627,22.4652],[104.0673,22.4655],[104.0686,22.4642],[104.0708,22.4638],[104.0721,22.4649],[104.0708,22.4589],[104.0743,22.4573],[104.0756,22.4552],[104.0803,22.4549],[104.0823,22.4519],[104.0849,22.4504],[104.0889,22.447],[104.0911,22.446],[104.0937,22.4457],[104.0961,22.4482],[104.0986,22.4493],[104.1018,22.4485],[104.1039,22.4464],[104.1051,22.4468],[104.1081,22.4438],[104.1107,22.4404],[104.1115,22.4381],[104.1134,22.4369],[104.1184,22.4394],[104.1237,22.4391],[104.1269,22.4357],[104.1292,22.4342],[104.131,22.4348],[104.135,22.434],[104.1371,22.4344],[104.1391,22.4285],[104.1413,22.4259],[104.144,22.426],[104.1459,22.4271],[104.1498,22.4264],[104.1505,22.4245],[104.1542,22.422],[104.1544,22.4192],[104.157,22.4142],[104.1639,22.4064],[104.1645,22.4039],[104.1682,22.3968],[104.1679,22.3935],[104.1701,22.3894],[104.174,22.3886],[104.1749,22.39],[104.1781,22.3907],[104.1786,22.3872],[104.1829,22.3859],[104.1847,22.3863],[104.1874,22.3831],[104.1881,22.3804],[104.1866,22.379],[104.1867,22.3764],[104.1853,22.3735],[104.1856,22.372],[104.1838,22.3689],[104.1853,22.3669],[104.1847,22.3647],[104.1862,22.3625],[104.1822,22.3601],[104.182,22.3564],[104.1847,22.3533],[104.1848,22.3507],[104.1889,22.3471],[104.1896,22.3446],[104.1919,22.3435],[104.1976,22.3437],[104.2014,22.3411],[104.2007,22.3382],[104.2059,22.3351],[104.2068,22.3314],[104.2079,22.3301],[104.2071,22.3278],[104.211,22.3267],[104.212,22.3256],[104.2146,22.3251],[104.2166,22.3225],[104.217,22.3189],[104.2201,22.3187],[104.2238,22.3161],[104.2253,22.3168],[104.228,22.3163],[104.231,22.3134],[104.2341,22.3126],[104.236,22.3103],[104.2357,22.3093],[104.2377,22.3062],[104.2391,22.3074],[104.2413,22.3068],[104.2412,22.3019],[104.239,22.2999],[104.2399,22.299],[104.2406,22.2955],[104.2398,22.2944],[104.2408,22.2869],[104.242,22.2847],[104.2395,22.2835],[104.2388,22.2809],[104.2359,22.2822],[104.2326,22.2828],[104.2288,22.2829],[104.2268,22.2812],[104.2243,22.2804],[104.2236,22.2788],[104.2207,22.2784],[104.2104,22.2804],[104.2088,22.2798],[104.2086,22.278],[104.2101,22.2729],[104.21,22.2699],[104.2115,22.2668],[104.2135,22.2644],[104.2158,22.2601],[104.2074,22.2559],[104.204,22.2584],[104.2023,22.2635],[104.2027,22.2668],[104.2007,22.2675],[104.1988,22.2693],[104.1965,22.2735],[104.1953,22.2736],[104.1927,22.2762],[104.1915,22.279],[104.1898,22.2809],[104.1899,22.2824],[104.1872,22.2834],[104.1828,22.2825],[104.1807,22.284],[104.1796,22.2872],[104.1775,22.2905],[104.1735,22.2897],[104.1692,22.2938],[104.1675,22.2939],[104.1636,22.297],[104.1623,22.301],[104.1605,22.3039],[104.1592,22.3047],[104.1584,22.3073],[104.1567,22.3092],[104.1544,22.3101],[104.1528,22.3122],[104.1508,22.3167],[104.1495,22.3183],[104.15,22.3209],[104.1485,22.3241],[104.1443,22.3258],[104.144,22.3276],[104.1404,22.3305],[104.1392,22.3353],[104.1372,22.3355],[104.1359,22.3376],[104.1317,22.339],[104.1315,22.3411],[104.1294,22.3427],[104.1281,22.3452],[104.1285,22.3485],[104.127,22.3497],[104.1238,22.355],[104.1197,22.3554],[104.1189,22.3572],[104.1172,22.3578],[104.115,22.3561],[104.11,22.3595],[104.1089,22.3627],[104.1062,22.3647],[104.1053,22.3685],[104.1038,22.3707],[104.1003,22.3711],[104.099,22.3731],[104.1005,22.3758],[104.1021,22.3765],[104.107,22.3751],[104.1076,22.3771],[104.1113,22.382],[104.1114,22.3865],[104.11,22.3883],[104.1073,22.39],[104.1013,22.3923],[104.094,22.3935],[104.0869,22.396],[104.0842,22.3987],[104.081,22.4052],[104.0777,22.4104],[104.0745,22.4135],[104.0717,22.4145],[104.0694,22.414],[104.064,22.4111],[104.0607,22.4119],[104.0536,22.4223],[104.049,22.4254],[104.043,22.428],[104.0408,22.4297],[104.0384,22.4334],[104.0346,22.4432],[104.033,22.446],[104.0287,22.4515],[104.0272,22.4527]]]},"properties":{"name":"Bảo Thắng","level":"ward"}},{"type":"Feature","geometry":{"type":"Polygon","coordinates":[[[104.1528,22.3122],[104.1544,22.3101],[104.1567,22.3092],[104.1584,22.3073],[104.1592,22.3047],[104.1605,22.3039],[104.1623,22.301],[104.1636,22.297],[104.1675,22.2939],[104.1692,22.2938],[104.1735,22.2897],[104.1775,22.2905],[104.1796,22.2872],[104.1807,22.284],[104.1828,22.2825],[104.1872,22.2834],[104.1899,22.2824],[104.1898,22.2809],[104.1915,22.279],[104.1927,22.2762],[104.1953,22.2736],[104.1965,22.2735],[104.1988,22.2693],[104.2007,22.2675],[104.2027,22.2668],[104.2023,22.2635],[104.204,22.2584],[104.2074,22.2559],[104.2158,22.2601],[104.2177,22.2587],[104.2174,22.2543],[104.2138,22.252],[104.2121,22.25],[104.2117,22.2497],[104.2115,22.2494],[104.2083,22.2458],[104.2042,22.2455],[104.2025,22.2473],[104.2003,22.2476],[104.1987,22.2493],[104.196,22.2492],[104.1953,22.2463],[104.1927,22.2438],[104.1902,22.2439],[104.1887,22.2404],[104.1866,22.2379],[104.1842,22.2374],[104.1813,22.2354],[104.1792,22.2319],[104.1798,22.2303],[104.1767,22.2291],[104.1754,22.2267],[104.1768,22.2191],[104.1791,22.2181],[104.1781,22.2135],[104.1739,22.2137],[104.1725,22.2126],[104.1699,22.2139],[104.1682,22.216],[104.164,22.218],[104.1595,22.2182],[104.1567,22.2158],[104.1533,22.2138],[104.1504,22.2143],[104.1461,22.2129],[104.142,22.2136],[104.1389,22.2121],[104.1337,22.2133],[104.1317,22.2123],[104.13,22.2101],[104.1257,22.2093],[104.1251,22.2066],[104.1219,22.2039],[104.1205,22.204],[104.1183,22.2013],[104.1129,22.2014],[104.1046,22.2003],[104.0999,22.2002],[104.0983,22.1994],[104.0931,22.2002],[104.0909,22.199],[104.0882,22.2],[104.0845,22.2004],[104.0824,22.1993],[104.0792,22.2003],[104.0781,22.2019],[104.0753,22.208],[104.0762,22.2132],[104.079,22.2147],[104.0787,22.2166],[104.0764,22.2184],[104.0767,22.2246],[104.0798,22.2264],[104.0802,22.23],[104.083,22.2318],[104.0834,22.234],[104.0828,22.2375],[104.0837,22.2382],[104.0804,22.2415],[104.0773,22.2437],[104.0773,22.2487],[104.0766,22.2496],[104.0764,22.2535],[104.0747,22.2567],[104.0732,22.2582],[104.0716,22.2615],[104.0723,22.265],[104.0704,22.2667],[104.0715,22.2693],[104.072,22.2719],[104.0749,22.2769],[104.0769,22.2789],[104.0762,22.2809],[104.0768,22.2824],[104.0751,22.2859],[104.0762,22.2886],[104.079,22.2892],[104.0806,22.2925],[104.083,22.2938],[104.0827,22.2965],[104.0847,22.2992],[104.0872,22.2992],[104.089,22.3008],[104.0951,22.2983],[104.0976,22.2997],[104.1022,22.3016],[104.1056,22.3036],[104.1085,22.3106],[104.1107,22.3103],[104.1136,22.3124],[104.1121,22.3141],[104.1141,22.3192],[104.1201,22.3211],[104.1253,22.3208],[104.1387,22.3112],[104.1402,22.3129],[104.141,22.316],[104.1432,22.3148],[104.1464,22.3147],[104.1504,22.3116],[104.1528,22.3122]]]},"properties":{"name":"Tằng Loỏng","level":"ward"}},{"type":"Feature","geometry":{"type":"Polygon","coordinates":[[[104.0305,22.3756],[104.0304,22.3796],[104.0318,22.3816],[104.0376,22.3811],[104.0383,22.3822],[104.0379,22.3863],[104.0409,22.3876],[104.0417,22.3896],[104.0439,22.3906],[104.0534,22.3996],[104.0575,22.4042],[104.0595,22.4082],[104.0615,22.4086],[104.064,22.4111],[104.0694,22.414],[104.0717,22.4145],[104.0745,22.4135],[104.0777,22.4104],[104.081,22.4052],[104.0842,22.3987],[104.0869,22.396],[104.094,22.3935],[104.1013,22.3923],[104.1073,22.39],[104.11,22.3883],[104.1114,22.3865],[104.1113,22.382],[104.1076,22.3771],[104.107,22.3751],[104.1021,22.3765],[104.1005,22.3758],[104.099,22.3731],[104.1003,22.3711],[104.1038,22.3707],[104.1053,22.3685],[104.1062,22.3647],[104.1089,22.3627],[104.11,22.3595],[104.115,22.3561],[104.1172,22.3578],[104.1189,22.3572],[104.1197,22.3554],[104.1238,22.355],[104.127,22.3497],[104.1285,22.3485],[104.1281,22.3452],[104.1294,22.3427],[104.1315,22.3411],[104.1317,22.339],[104.1359,22.3376],[104.1372,22.3355],[104.1392,22.3353],[104.1404,22.3305],[104.144,22.3276],[104.1443,22.3258],[104.1485,22.3241],[104.15,22.3209],[104.1495,22.3183],[104.1508,22.3167],[104.1528,22.3122],[104.1504,22.3116],[104.1464,22.3147],[104.1432,22.3148],[104.141,22.316],[104.1402,22.3129],[104.1387,22.3112],[104.1253,22.3208],[104.1201,22.3211],[104.1141,22.3192],[104.1121,22.3141],[104.1136,22.3124],[104.1107,22.3103],[104.1085,22.3106],[104.1056,22.3036],[104.1022,22.3016],[104.0976,22.2997],[104.0951,22.2983],[104.089,22.3008],[104.0872,22.2992],[104.0847,22.2992],[104.0827,22.2965],[104.083,22.2938],[104.0806,22.2925],[104.079,22.2892],[104.0762,22.2886],[104.0751,22.2859],[104.0768,22.2824],[104.0762,22.2809],[104.0769,22.2789],[104.0749,22.2769],[104.072,22.2719],[104.0715,22.2693],[104.0686,22.2707],[104.0648,22.2741],[104.0641,22.2755],[104.0612,22.2777],[104.0576,22.2819],[104.0548,22.2835],[104.0548,22.2858],[104.0517,22.2895],[104.0474,22.2926],[104.0456,22.2952],[104.0423,22.2986],[104.0402,22.302],[104.0407,22.3038],[104.0356,22.3111],[104.0325,22.314],[104.0317,22.3166],[104.0294,22.3185],[104.0281,22.322],[104.0286,22.3243],[104.0261,22.3296],[104.0253,22.3338],[104.0287,22.3335],[104.0325,22.3342],[104.0371,22.334],[104.0393,22.3364],[104.0395,22.3382],[104.0412,22.3396],[104.041,22.3451],[104.0424,22.3492],[104.0411,22.3508],[104.0422,22.3542],[104.0422,22.3565],[104.0407,22.3624],[104.0392,22.3653],[104.0375,22.3657],[104.0359,22.3675],[104.0358,22.3706],[104.032,22.3734],[104.0305,22.3756]]]},"properties":{"name":"Gia Phú","level":"ward"}},{"type":"Feature","geometry":{"type":"Polygon","coordinates":[[[104.1846,22.4524],[104.1894,22.4532],[104.1926,22.4566],[104.1952,22.4545],[104.203,22.4523],[104.2035,22.4501],[104.205,22.4492],[104.2081,22.4492],[104.2086,22.4474],[104.2077,22.4447],[104.2121,22.4415],[104.2138,22.4386],[104.2154,22.4337],[104.2201,22.4298],[104.2239,22.4292],[104.2256,22.4275],[104.2263,22.4228],[104.2257,22.4191],[104.2263,22.4166],[104.2288,22.4155],[104.2306,22.4134],[104.2304,22.4107],[104.232,22.4093],[104.2338,22.4042],[104.2344,22.3984],[104.2361,22.3975],[104.2392,22.3935],[104.2378,22.3915],[104.2411,22.389],[104.2412,22.3864],[104.2452,22.3852],[104.2463,22.3834],[104.2503,22.3815],[104.2563,22.3816],[104.2596,22.381],[104.2632,22.3788],[104.2651,22.371],[104.2705,22.369],[104.2729,22.371],[104.2786,22.3677],[104.2793,22.3654],[104.2822,22.3628],[104.2852,22.3631],[104.2871,22.3656],[104.2906,22.3636],[104.2922,22.3611],[104.2929,22.3575],[104.2955,22.3578],[104.3004,22.356],[104.3025,22.3531],[104.3048,22.3511],[104.3085,22.3494],[104.3109,22.3472],[104.3176,22.3458],[104.32,22.3442],[104.3206,22.3427],[104.3228,22.341],[104.3229,22.3392],[104.3205,22.336],[104.3188,22.3327],[104.3238,22.3308],[104.3267,22.3276],[104.3279,22.3249],[104.3255,22.3206],[104.3233,22.3203],[104.3227,22.3185],[104.3207,22.3176],[104.3185,22.3195],[104.317,22.3195],[104.3155,22.3173],[104.3132,22.3183],[104.3107,22.3177],[104.3093,22.3165],[104.305,22.3174],[104.3003,22.3208],[104.2965,22.321],[104.2957,22.3193],[104.2939,22.3187],[104.2921,22.3151],[104.2969,22.3132],[104.2998,22.309],[104.3049,22.2987],[104.3008,22.2978],[104.2959,22.3014],[104.2944,22.3018],[104.2912,22.3004],[104.2859,22.2997],[104.284,22.3007],[104.2817,22.2996],[104.283,22.2978],[104.281,22.2968],[104.2781,22.2971],[104.2736,22.2944],[104.2709,22.2938],[104.2698,22.2926],[104.2671,22.294],[104.2647,22.2913],[104.263,22.288],[104.2677,22.2843],[104.2642,22.2822],[104.2622,22.2817],[104.2587,22.2836],[104.256,22.2831],[104.2562,22.2811],[104.2582,22.2784],[104.258,22.2768],[104.2543,22.2749],[104.2519,22.2772],[104.25,22.2759],[104.2436,22.2782],[104.2388,22.2809],[104.2395,22.2835],[104.242,22.2847],[104.2408,22.2869],[104.2398,22.2944],[104.2406,22.2955],[104.2399,22.299],[104.239,22.2999],[104.2412,22.3019],[104.2413,22.3068],[104.2391,22.3074],[104.2377,22.3062],[104.2357,22.3093],[104.236,22.3103],[104.2341,22.3126],[104.231,22.3134],[104.228,22.3163],[104.2253,22.3168],[104.2238,22.3161],[104.2201,22.3187],[104.217,22.3189],[104.2166,22.3225],[104.2146,22.3251],[104.212,22.3256],[104.211,22.3267],[104.2071,22.3278],[104.2079,22.3301],[104.2068,22.3314],[104.2059,22.3351],[104.2007,22.3382],[104.2014,22.3411],[104.1976,22.3437],[104.1919,22.3435],[104.1896,22.3446],[104.1889,22.3471],[104.1848,22.3507],[104.1847,22.3533],[104.182,22.3564],[104.1822,22.3601],[104.1862,22.3625],[104.1847,22.3647],[104.1853,22.3669],[104.1838,22.3689],[104.1856,22.372],[104.1853,22.3735],[104.1867,22.3764],[104.1866,22.379],[104.1881,22.3804],[104.1874,22.3831],[104.1847,22.3863],[104.1829,22.3859],[104.1786,22.3872],[104.1781,22.3907],[104.1749,22.39],[104.174,22.3886],[104.1701,22.3894],[104.1679,22.3935],[104.1682,22.3968],[104.1645,22.4039],[104.1639,22.4064],[104.157,22.4142],[104.1544,22.4192],[104.1542,22.422],[104.1553,22.4236],[104.1595,22.4247],[104.1655,22.423],[104.1705,22.4158],[104.1699,22.4146],[104.1724,22.4125],[104.175,22.4093],[104.1774,22.4114],[104.1749,22.4148],[104.1764,22.419],[104.1782,22.4195],[104.1794,22.4216],[104.1864,22.4228],[104.187,22.4259],[104.1868,22.4291],[104.1888,22.4319],[104.1898,22.4355],[104.1924,22.4374],[104.1911,22.4412],[104.1879,22.4446],[104.1874,22.4472],[104.1855,22.4497],[104.1846,22.4524]]]},"properties":{"name":"Xuân Quang","level":"ward"}},{"type":"Feature","geometry":{"type":"Polygon","coordinates":[[[104.545,22.2694],[104.5466,22.2648],[104.5468,22.2628],[104.5461,22.2585],[104.548,22.2565],[104.5488,22.2502],[104.5506,22.2454],[104.5512,22.2425],[104.554,22.2412],[104.5597,22.2419],[104.5626,22.2436],[104.5692,22.2449],[104.5728,22.2436],[104.571,22.2399],[104.5671,22.2372],[104.5677,22.235],[104.5655,22.2287],[104.5635,22.2276],[104.5574,22.2266],[104.5528,22.2264],[104.5507,22.224],[104.55,22.222],[104.5473,22.2202],[104.5461,22.2174],[104.5472,22.2154],[104.5457,22.2125],[104.5484,22.2104],[104.5524,22.2064],[104.555,22.2027],[104.5567,22.202],[104.5595,22.1969],[104.5552,22.1981],[104.5511,22.2012],[104.5457,22.2001],[104.539,22.2016],[104.5337,22.2048],[104.5299,22.2063],[104.5269,22.2084],[104.5244,22.2119],[104.5207,22.2134],[104.5168,22.2137],[104.5121,22.2134],[104.514,22.2116],[104.514,22.2083],[104.5155,22.2068],[104.5166,22.2026],[104.5206,22.1995],[104.5203,22.1974],[104.5179,22.1943],[104.51,22.1898],[104.5109,22.1875],[104.5134,22.1857],[104.514,22.1837],[104.5137,22.1809],[104.5126,22.1793],[104.5182,22.1748],[104.5178,22.1729],[104.5145,22.1712],[104.5184,22.1696],[104.5157,22.1638],[104.5129,22.1612],[104.5128,22.1571],[104.5108,22.1537],[104.5073,22.1532],[104.5053,22.1506],[104.5031,22.1498],[104.501,22.1477],[104.4989,22.147],[104.4939,22.1434],[104.491,22.1419],[104.4853,22.1441],[104.4842,22.1472],[104.4809,22.1521],[104.4745,22.1562],[104.4736,22.1602],[104.4718,22.1621],[104.4696,22.1625],[104.4614,22.1687],[104.4573,22.1702],[104.4576,22.1731],[104.4565,22.1745],[104.4579,22.1768],[104.4562,22.1777],[104.4562,22.1824],[104.4537,22.1854],[104.4507,22.1847],[104.4474,22.1863],[104.4454,22.1844],[104.442,22.1846],[104.4383,22.1871],[104.4385,22.1884],[104.4354,22.1934],[104.4317,22.1944],[104.4278,22.1964],[104.4266,22.1985],[104.4233,22.1996],[104.4171,22.2001],[104.4198,22.2033],[104.4183,22.2072],[104.4157,22.2095],[104.4146,22.2179],[104.4207,22.2199],[104.4219,22.2215],[104.4241,22.2222],[104.4264,22.2247],[104.4252,22.2272],[104.4205,22.2306],[104.4232,22.2331],[104.4305,22.229],[104.4323,22.2308],[104.4349,22.2308],[104.4375,22.2331],[104.4373,22.2359],[104.4352,22.2388],[104.4356,22.2417],[104.4378,22.2443],[104.4387,22.2468],[104.4415,22.2474],[104.4467,22.2514],[104.4496,22.248],[104.4532,22.2474],[104.454,22.2463],[104.4576,22.2457],[104.4597,22.2471],[104.4604,22.2519],[104.46,22.2566],[104.4642,22.2548],[104.4664,22.2525],[104.4698,22.2514],[104.4724,22.2525],[104.4739,22.2519],[104.4766,22.2528],[104.4771,22.2508],[104.4787,22.2501],[104.483,22.246],[104.4847,22.2457],[104.4877,22.2426],[104.4913,22.2401],[104.4896,22.2467],[104.4904,22.2525],[104.4891,22.2559],[104.4889,22.2588],[104.4899,22.2616],[104.492,22.2619],[104.4938,22.2585],[104.4983,22.2593],[104.5,22.2612],[104.4983,22.2644],[104.498,22.2662],[104.4997,22.2688],[104.5017,22.27],[104.5037,22.2728],[104.5065,22.2754],[104.5082,22.2759],[104.5146,22.2745],[104.5157,22.2714],[104.5173,22.2707],[104.5202,22.2727],[104.5242,22.2738],[104.5274,22.276],[104.5288,22.2752],[104.5323,22.2753],[104.5346,22.2732],[104.5355,22.2712],[104.5381,22.2693],[104.5415,22.2681],[104.545,22.2694]]]},"properties":{"name":"Bảo Yên","level":"ward"}},{"type":"Feature","geometry":{"type":"Polygon","coordinates":[[[104.3883,22.4648],[104.3902,22.4659],[104.3921,22.4698],[104.3917,22.4714],[104.3955,22.4719],[104.3976,22.4731],[104.402,22.4742],[104.4051,22.4738],[104.4113,22.4762],[104.411,22.4778],[104.4128,22.4788],[104.4147,22.4811],[104.4132,22.4842],[104.4125,22.4877],[104.4183,22.4905],[104.42,22.4919],[104.4256,22.4933],[104.4276,22.498],[104.4307,22.4981],[104.4323,22.4973],[104.4351,22.5002],[104.4383,22.5006],[104.4428,22.5022],[104.4451,22.5039],[104.4489,22.5014],[104.4516,22.4982],[104.4525,22.496],[104.4552,22.4947],[104.4572,22.4954],[104.4608,22.4938],[104.4624,22.4912],[104.4643,22.4912],[104.4672,22.4901],[104.469,22.4903],[104.4711,22.4882],[104.4716,22.485],[104.4725,22.4832],[104.4653,22.4775],[104.4641,22.476],[104.4636,22.4719],[104.4605,22.4702],[104.4566,22.466],[104.4563,22.4643],[104.4503,22.4627],[104.4488,22.4612],[104.4484,22.4553],[104.4498,22.4511],[104.4491,22.4497],[104.4533,22.4433],[104.4583,22.4366],[104.4619,22.4349],[104.4647,22.4307],[104.4662,22.4252],[104.467,22.4242],[104.474,22.4225],[104.4759,22.4229],[104.4784,22.4207],[104.4832,22.4212],[104.4869,22.4207],[104.4908,22.4196],[104.4914,22.4164],[104.4904,22.4132],[104.4941,22.4092],[104.4974,22.4047],[104.499,22.4051],[104.5038,22.4045],[104.5077,22.4052],[104.5086,22.4034],[104.5115,22.4013],[104.5136,22.3985],[104.5179,22.3966],[104.5212,22.3959],[104.5226,22.3938],[104.5251,22.3917],[104.5282,22.392],[104.5317,22.3884],[104.5366,22.3868],[104.5387,22.385],[104.5439,22.3833],[104.546,22.3818],[104.5491,22.3812],[104.5521,22.3815],[104.5497,22.3783],[104.5521,22.376],[104.5537,22.3725],[104.5534,22.3706],[104.5501,22.3669],[104.5467,22.3609],[104.5487,22.3572],[104.5523,22.3554],[104.5533,22.3538],[104.5553,22.3534],[104.5575,22.355],[104.5617,22.3549],[104.5647,22.3539],[104.5684,22.3557],[104.5726,22.3537],[104.5752,22.3537],[104.5772,22.3514],[104.5797,22.3501],[104.5811,22.3459],[104.5787,22.3433],[104.5771,22.3425],[104.5731,22.3425],[104.5721,22.3388],[104.5658,22.3333],[104.5643,22.3304],[104.5544,22.331],[104.5517,22.3344],[104.5503,22.3352],[104.5477,22.3346],[104.5429,22.3349],[104.5344,22.3371],[104.5279,22.3347],[104.5249,22.3372],[104.5215,22.3381],[104.5206,22.3392],[104.5163,22.341],[104.5144,22.3404],[104.5114,22.3431],[104.5053,22.3419],[104.5019,22.3437],[104.497,22.3416],[104.494,22.3419],[104.4919,22.3413],[104.4876,22.3443],[104.4854,22.3444],[104.4839,22.3425],[104.4799,22.3418],[104.4789,22.3404],[104.4766,22.341],[104.471,22.3362],[104.4662,22.3356],[104.4644,22.3344],[104.4616,22.3382],[104.4615,22.3417],[104.4625,22.3453],[104.4623,22.3476],[104.4594,22.3496],[104.4571,22.3498],[104.4563,22.352],[104.4567,22.3569],[104.454,22.3597],[104.4505,22.361],[104.4497,22.3648],[104.4457,22.3648],[104.4414,22.3635],[104.4372,22.3638],[104.4312,22.3637],[104.4297,22.3645],[104.4291,22.3676],[104.428,22.3686],[104.4249,22.369],[104.4219,22.3706],[104.4185,22.3768],[104.4193,22.3782],[104.419,22.3807],[104.4208,22.3826],[104.4232,22.3832],[104.4221,22.3881],[104.4193,22.391],[104.4167,22.3919],[104.4127,22.39],[104.4111,22.3909],[104.4072,22.3898],[104.4038,22.3877],[104.4005,22.3881],[104.3984,22.3934],[104.3943,22.3992],[104.3897,22.4013],[104.3909,22.4039],[104.3935,22.4051],[104.3938,22.4085],[104.393,22.4109],[104.3939,22.4123],[104.3924,22.4159],[104.392,22.4183],[104.3907,22.4196],[104.3923,22.4225],[104.3959,22.4235],[104.3979,22.4278],[104.3967,22.4334],[104.3968,22.4353],[104.4005,22.4393],[104.4007,22.4411],[104.4027,22.4448],[104.4017,22.4468],[104.399,22.4495],[104.3959,22.4512],[104.3967,22.4546],[104.3956,22.4561],[104.3938,22.4564],[104.3913,22.4599],[104.3911,22.462],[104.3883,22.4648]]]},"properties":{"name":"Nghĩa Đô","level":"ward"}},{"type":"Feature","geometry":{"type":"Polygon","coordinates":[[[104.4351,22.325],[104.4374,22.3259],[104.4412,22.325],[104.441,22.3313],[104.4432,22.3325],[104.4465,22.3376],[104.4484,22.3384],[104.4484,22.3417],[104.4551,22.3421],[104.4615,22.3417],[104.4616,22.3382],[104.4644,22.3344],[104.4662,22.3356],[104.471,22.3362],[104.4766,22.341],[104.4789,22.3404],[104.4799,22.3418],[104.4839,22.3425],[104.4854,22.3444],[104.4876,22.3443],[104.4919,22.3413],[104.494,22.3419],[104.497,22.3416],[104.5019,22.3437],[104.5053,22.3419],[104.5114,22.3431],[104.5144,22.3404],[104.5163,22.341],[104.5206,22.3392],[104.5215,22.3381],[104.5249,22.3372],[104.5279,22.3347],[104.5344,22.3371],[104.5429,22.3349],[104.5477,22.3346],[104.5503,22.3352],[104.5517,22.3344],[104.5544,22.331],[104.5643,22.3304],[104.5686,22.3282],[104.5724,22.3244],[104.5724,22.3218],[104.5735,22.3196],[104.5768,22.3161],[104.5786,22.3157],[104.5796,22.3113],[104.5797,22.3049],[104.5789,22.3032],[104.5761,22.3004],[104.5731,22.2994],[104.5695,22.2974],[104.5654,22.2922],[104.5655,22.2895],[104.5612,22.2858],[104.5609,22.2843],[104.5588,22.2834],[104.5542,22.2842],[104.5513,22.2831],[104.5493,22.2814],[104.5483,22.2793],[104.5444,22.2774],[104.5451,22.274],[104.545,22.2694],[104.5415,22.2681],[104.5381,22.2693],[104.5355,22.2712],[104.5346,22.2732],[104.5323,22.2753],[104.5288,22.2752],[104.5274,22.276],[104.5242,22.2738],[104.5202,22.2727],[104.5173,22.2707],[104.5157,22.2714],[104.5146,22.2745],[104.5082,22.2759],[104.5065,22.2754],[104.5037,22.2728],[104.5017,22.27],[104.4997,22.2688],[104.498,22.2662],[104.4983,22.2644],[104.5,22.2612],[104.4983,22.2593],[104.4938,22.2585],[104.492,22.2619],[104.4899,22.2616],[104.4889,22.2588],[104.4891,22.2559],[104.4904,22.2525],[104.4896,22.2467],[104.4913,22.2401],[104.4877,22.2426],[104.4847,22.2457],[104.483,22.246],[104.4787,22.2501],[104.4771,22.2508],[104.4766,22.2528],[104.4739,22.2519],[104.4724,22.2525],[104.4698,22.2514],[104.4664,22.2525],[104.4642,22.2548],[104.46,22.2566],[104.4604,22.2519],[104.4597,22.2471],[104.4594,22.2483],[104.4551,22.252],[104.4545,22.2541],[104.4521,22.2554],[104.4476,22.2601],[104.4399,22.2665],[104.4383,22.2688],[104.4354,22.2694],[104.4327,22.271],[104.4304,22.2738],[104.4338,22.2738],[104.4386,22.2768],[104.4402,22.2769],[104.4414,22.2789],[104.4407,22.2801],[104.4409,22.2832],[104.4389,22.2861],[104.4398,22.2892],[104.4411,22.291],[104.4404,22.2943],[104.4388,22.2964],[104.4411,22.3011],[104.4438,22.3001],[104.4459,22.3019],[104.442,22.3036],[104.4418,22.3052],[104.4429,22.3078],[104.4403,22.3118],[104.4403,22.3164],[104.4388,22.3194],[104.4383,22.322],[104.4351,22.325]]]},"properties":{"name":"Xuân Hoà","level":"ward"}},{"type":"Feature","geometry":{"type":"Polygon","coordinates":[[[104.3228,22.341],[104.3266,22.3398],[104.3274,22.3413],[104.3318,22.3431],[104.3386,22.3482],[104.3388,22.349],[104.3432,22.3504],[104.3433,22.3529],[104.3457,22.3546],[104.3451,22.3562],[104.3479,22.3607],[104.3487,22.3628],[104.3528,22.3618],[104.3542,22.3604],[104.3575,22.3601],[104.3593,22.3578],[104.3625,22.3573],[104.3642,22.356],[104.3675,22.3555],[104.3695,22.3534],[104.3749,22.3518],[104.3766,22.3495],[104.377,22.3462],[104.3789,22.3436],[104.3863,22.3416],[104.3902,22.342],[104.3929,22.3406],[104.3953,22.3379],[104.3966,22.3376],[104.4029,22.3413],[104.4066,22.3417],[104.4098,22.3394],[104.4124,22.3383],[104.4144,22.3361],[104.4171,22.3353],[104.4245,22.3347],[104.4291,22.3313],[104.4303,22.3296],[104.4351,22.325],[104.4383,22.322],[104.4388,22.3194],[104.4403,22.3164],[104.4403,22.3118],[104.4429,22.3078],[104.4418,22.3052],[104.442,22.3036],[104.4459,22.3019],[104.4438,22.3001],[104.4411,22.3011],[104.4388,22.2964],[104.4404,22.2943],[104.4411,22.291],[104.4398,22.2892],[104.4389,22.2861],[104.4409,22.2832],[104.4407,22.2801],[104.4414,22.2789],[104.4402,22.2769],[104.4386,22.2768],[104.4338,22.2738],[104.4304,22.2738],[104.4327,22.271],[104.4354,22.2694],[104.4383,22.2688],[104.4399,22.2665],[104.4476,22.2601],[104.4521,22.2554],[104.4545,22.2541],[104.4551,22.252],[104.4594,22.2483],[104.4597,22.2471],[104.4576,22.2457],[104.454,22.2463],[104.4532,22.2474],[104.4496,22.248],[104.4467,22.2514],[104.4415,22.2474],[104.4387,22.2468],[104.4378,22.2443],[104.4356,22.2417],[104.4352,22.2388],[104.4373,22.2359],[104.4375,22.2331],[104.4349,22.2308],[104.4323,22.2308],[104.4305,22.229],[104.4232,22.2331],[104.4205,22.2306],[104.4252,22.2272],[104.4264,22.2247],[104.4241,22.2222],[104.4219,22.2215],[104.4207,22.2199],[104.4146,22.2179],[104.4114,22.219],[104.4098,22.223],[104.4078,22.2246],[104.4058,22.2237],[104.4029,22.2239],[104.4,22.2251],[104.3946,22.2282],[104.3918,22.2284],[104.388,22.226],[104.3859,22.2267],[104.3838,22.2262],[104.3783,22.2293],[104.3757,22.2333],[104.3721,22.2367],[104.3705,22.2373],[104.3673,22.2403],[104.365,22.241],[104.364,22.2439],[104.3614,22.2463],[104.3609,22.249],[104.3618,22.2504],[104.3621,22.256],[104.3605,22.2593],[104.3614,22.2637],[104.3598,22.2664],[104.3582,22.2661],[104.3562,22.2674],[104.3534,22.2678],[104.3514,22.2701],[104.3498,22.2702],[104.347,22.2719],[104.3423,22.2712],[104.3392,22.2702],[104.335,22.2732],[104.3304,22.275],[104.3289,22.2762],[104.3252,22.2775],[104.323,22.2794],[104.3204,22.2807],[104.3177,22.2836],[104.3186,22.2848],[104.3172,22.287],[104.3094,22.2933],[104.3072,22.2965],[104.3049,22.2987],[104.2998,22.309],[104.2969,22.3132],[104.2921,22.3151],[104.2939,22.3187],[104.2957,22.3193],[104.2965,22.321],[104.3003,22.3208],[104.305,22.3174],[104.3093,22.3165],[104.3107,22.3177],[104.3132,22.3183],[104.3155,22.3173],[104.317,22.3195],[104.3185,22.3195],[104.3207,22.3176],[104.3227,22.3185],[104.3233,22.3203],[104.3255,22.3206],[104.3279,22.3249],[104.3267,22.3276],[104.3238,22.3308],[104.3188,22.3327],[104.3205,22.336],[104.3229,22.3392],[104.3228,22.341]]]},"properties":{"name":"Thượng Hà","level":"ward"}},{"type":"Feature","geometry":{"type":"Polygon","coordinates":[[[104.2158,22.2601],[104.2135,22.2644],[104.2115,22.2668],[104.21,22.2699],[104.2101,22.2729],[104.2086,22.278],[104.2088,22.2798],[104.2104,22.2804],[104.2207,22.2784],[104.2236,22.2788],[104.2243,22.2804],[104.2268,22.2812],[104.2288,22.2829],[104.2326,22.2828],[104.2359,22.2822],[104.2388,22.2809],[104.2436,22.2782],[104.25,22.2759],[104.2519,22.2772],[104.2543,22.2749],[104.258,22.2768],[104.2582,22.2784],[104.2562,22.2811],[104.256,22.2831],[104.2587,22.2836],[104.2622,22.2817],[104.2642,22.2822],[104.2677,22.2843],[104.263,22.288],[104.2647,22.2913],[104.2671,22.294],[104.2698,22.2926],[104.2709,22.2938],[104.2736,22.2944],[104.2781,22.2971],[104.281,22.2968],[104.283,22.2978],[104.2817,22.2996],[104.284,22.3007],[104.2859,22.2997],[104.2912,22.3004],[104.2944,22.3018],[104.2959,22.3014],[104.3008,22.2978],[104.3049,22.2987],[104.3072,22.2965],[104.3094,22.2933],[104.3172,22.287],[104.3186,22.2848],[104.3177,22.2836],[104.3204,22.2807],[104.323,22.2794],[104.3252,22.2775],[104.3289,22.2762],[104.3304,22.275],[104.335,22.2732],[104.3392,22.2702],[104.3423,22.2712],[104.347,22.2719],[104.3498,22.2702],[104.3514,22.2701],[104.3534,22.2678],[104.3562,22.2674],[104.3582,22.2661],[104.3598,22.2664],[104.3614,22.2637],[104.3605,22.2593],[104.3621,22.256],[104.3618,22.2504],[104.3609,22.249],[104.3614,22.2463],[104.364,22.2439],[104.365,22.241],[104.3673,22.2403],[104.3705,22.2373],[104.3721,22.2367],[104.3757,22.2333],[104.3783,22.2293],[104.3838,22.2262],[104.3859,22.2267],[104.388,22.226],[104.3918,22.2284],[104.3946,22.2282],[104.4,22.2251],[104.4029,22.2239],[104.4058,22.2237],[104.4078,22.2246],[104.4098,22.223],[104.4114,22.219],[104.4146,22.2179],[104.4157,22.2095],[104.4183,22.2072],[104.4198,22.2033],[104.4171,22.2001],[104.4141,22.1995],[104.4113,22.1938],[104.4047,22.1916],[104.4055,22.1876],[104.3998,22.1845],[104.3968,22.1775],[104.3914,22.1763],[104.3896,22.1772],[104.3877,22.176],[104.3843,22.1758],[104.3851,22.1741],[104.3873,22.1732],[104.3891,22.1701],[104.3899,22.166],[104.3913,22.1635],[104.3916,22.1601],[104.3933,22.1608],[104.3962,22.1599],[104.3981,22.1576],[104.3997,22.1568],[104.3994,22.1531],[104.4004,22.1513],[104.4026,22.1496],[104.397,22.1437],[104.3948,22.1428],[104.3937,22.1398],[104.3973,22.1368],[104.4011,22.1322],[104.4037,22.1279],[104.4039,22.1233],[104.4055,22.1191],[104.4025,22.1177],[104.3992,22.1146],[104.3961,22.113],[104.3967,22.1112],[104.3956,22.1086],[104.3903,22.1031],[104.3899,22.0967],[104.3901,22.0952],[104.3872,22.0935],[104.3805,22.092],[104.3797,22.0912],[104.3791,22.0847],[104.3773,22.0835],[104.3729,22.0858],[104.3684,22.0894],[104.366,22.0901],[104.3645,22.0932],[104.3612,22.0947],[104.3605,22.0978],[104.3601,22.1031],[104.3577,22.1044],[104.3563,22.1069],[104.3538,22.1067],[104.3522,22.1095],[104.3478,22.1092],[104.3445,22.1082],[104.3434,22.1092],[104.3401,22.1096],[104.3392,22.1126],[104.3375,22.1158],[104.3348,22.1172],[104.3316,22.1164],[104.3289,22.1177],[104.3269,22.1217],[104.3255,22.1221],[104.3248,22.1267],[104.3232,22.1279],[104.321,22.1281],[104.3215,22.1308],[104.3182,22.1404],[104.3127,22.1463],[104.3109,22.1467],[104.3084,22.1492],[104.3071,22.1522],[104.3016,22.153],[104.3013,22.154],[104.2979,22.1564],[104.296,22.1599],[104.2924,22.1633],[104.2923,22.1656],[104.2904,22.1674],[104.2902,22.1721],[104.2894,22.1764],[104.2856,22.1776],[104.2834,22.1802],[104.2815,22.1812],[104.2822,22.1831],[104.2815,22.1856],[104.2798,22.1857],[104.2752,22.1909],[104.2739,22.1934],[104.2721,22.1943],[104.2718,22.1972],[104.2688,22.2022],[104.2665,22.2045],[104.2653,22.2043],[104.2604,22.2103],[104.2576,22.2116],[104.2553,22.2151],[104.2529,22.216],[104.2562,22.2194],[104.2573,22.2243],[104.2545,22.2286],[104.2545,22.2307],[104.2501,22.2354],[104.247,22.2355],[104.2446,22.2364],[104.241,22.2394],[104.2401,22.2411],[104.2367,22.2442],[104.2329,22.2521],[104.2328,22.2523],[104.2278,22.2526],[104.2269,22.2521],[104.2233,22.2452],[104.2217,22.2438],[104.2192,22.2432],[104.2143,22.2484],[104.2117,22.2497],[104.2121,22.25],[104.2138,22.252],[104.2174,22.2543],[104.2177,22.2587],[104.2158,22.2601]]]},"properties":{"name":"Bảo Hà","level":"ward"}},{"type":"Feature","geometry":{"type":"Polygon","coordinates":[[[104.491,22.1419],[104.4939,22.1434],[104.4989,22.147],[104.501,22.1477],[104.5031,22.1498],[104.5053,22.1506],[104.5073,22.1532],[104.5108,22.1537],[104.5128,22.1571],[104.5129,22.1612],[104.5157,22.1638],[104.5184,22.1696],[104.5145,22.1712],[104.5178,22.1729],[104.5182,22.1748],[104.5126,22.1793],[104.5137,22.1809],[104.514,22.1837],[104.5134,22.1857],[104.5109,22.1875],[104.51,22.1898],[104.5179,22.1943],[104.5203,22.1974],[104.5206,22.1995],[104.5166,22.2026],[104.5155,22.2068],[104.514,22.2083],[104.514,22.2116],[104.5121,22.2134],[104.5168,22.2137],[104.5207,22.2134],[104.5244,22.2119],[104.5269,22.2084],[104.5299,22.2063],[104.5337,22.2048],[104.539,22.2016],[104.5457,22.2001],[104.5511,22.2012],[104.5552,22.1981],[104.5595,22.1969],[104.5567,22.202],[104.555,22.2027],[104.5524,22.2064],[104.5484,22.2104],[104.5457,22.2125],[104.5472,22.2154],[104.5461,22.2174],[104.5473,22.2202],[104.55,22.222],[104.5507,22.224],[104.5528,22.2264],[104.5574,22.2266],[104.5635,22.2276],[104.5655,22.2287],[104.5677,22.235],[104.5671,22.2372],[104.571,22.2399],[104.5728,22.2436],[104.5753,22.2461],[104.5758,22.2497],[104.5794,22.2521],[104.585,22.251],[104.5869,22.25],[104.5852,22.2438],[104.5862,22.2394],[104.5863,22.2365],[104.5838,22.2315],[104.5879,22.2277],[104.5854,22.2253],[104.5869,22.223],[104.5901,22.2207],[104.591,22.2193],[104.5955,22.2186],[104.5967,22.2176],[104.6011,22.2218],[104.6058,22.2213],[104.6078,22.2236],[104.6124,22.2255],[104.6143,22.2254],[104.6207,22.2237],[104.6222,22.2215],[104.6244,22.2202],[104.6288,22.2193],[104.6162,22.208],[104.6148,22.2052],[104.6144,22.2014],[104.6161,22.1983],[104.6163,22.1955],[104.6192,22.1931],[104.6189,22.1894],[104.621,22.1837],[104.6207,22.1819],[104.6214,22.1758],[104.6189,22.1782],[104.6148,22.1755],[104.6101,22.177],[104.6085,22.177],[104.6047,22.1753],[104.6029,22.1759],[104.6016,22.1783],[104.601,22.1819],[104.5993,22.1829],[104.5946,22.1811],[104.5922,22.1807],[104.5906,22.1822],[104.5874,22.1791],[104.5832,22.1769],[104.5838,22.1705],[104.5833,22.1688],[104.5839,22.1663],[104.5859,22.1641],[104.5893,22.1594],[104.5858,22.1569],[104.5831,22.1566],[104.5809,22.1549],[104.583,22.1514],[104.5837,22.1478],[104.5847,22.1466],[104.5854,22.1435],[104.5833,22.142],[104.5823,22.1398],[104.5801,22.1388],[104.5815,22.1353],[104.5812,22.1279],[104.5801,22.1264],[104.5802,22.1235],[104.5788,22.1212],[104.5791,22.1173],[104.5835,22.1123],[104.5813,22.1128],[104.5775,22.1105],[104.5747,22.1102],[104.5736,22.1066],[104.5703,22.103],[104.5722,22.0984],[104.5685,22.0961],[104.5661,22.0924],[104.566,22.0895],[104.5625,22.0864],[104.5561,22.0905],[104.5499,22.0924],[104.5487,22.094],[104.5472,22.0978],[104.5456,22.0986],[104.5454,22.1003],[104.5412,22.1021],[104.538,22.1059],[104.5341,22.109],[104.5278,22.111],[104.5267,22.1133],[104.5227,22.1193],[104.5214,22.123],[104.5175,22.1257],[104.5146,22.127],[104.5112,22.1274],[104.5074,22.1309],[104.5019,22.1333],[104.501,22.1352],[104.4975,22.1367],[104.4925,22.1415],[104.491,22.1419]]]},"properties":{"name":"Phúc Khánh","level":"ward"}},{"type":"Feature","geometry":{"type":"Polygon","coordinates":[[[103.7871,22.493],[103.786,22.489],[103.7869,22.4876],[103.7897,22.4866],[103.7942,22.4834],[103.7983,22.4762],[103.8008,22.4739],[103.8036,22.4693],[103.8057,22.4646],[103.8058,22.4627],[103.8089,22.4597],[103.8156,22.456],[103.8153,22.4518],[103.8174,22.4521],[103.8201,22.4487],[103.8221,22.4395],[103.8291,22.4399],[103.8298,22.4383],[103.833,22.4354],[103.8401,22.4342],[103.8356,22.4282],[103.8293,22.422],[103.8265,22.4221],[103.8251,22.4198],[103.8275,22.4128],[103.8265,22.407],[103.8281,22.4053],[103.8233,22.4035],[103.8201,22.4039],[103.8147,22.4029],[103.8134,22.4003],[103.811,22.3979],[103.8117,22.3927],[103.8112,22.3882],[103.8104,22.3869],[103.8096,22.3819],[103.8085,22.3798],[103.8059,22.3779],[103.8025,22.379],[103.7938,22.3746],[103.7896,22.3769],[103.7849,22.3779],[103.7727,22.3779],[103.7682,22.3796],[103.7665,22.3829],[103.7641,22.391],[103.7626,22.3916],[103.7589,22.3965],[103.7549,22.3996],[103.7548,22.4004],[103.7501,22.4028],[103.7486,22.4072],[103.7452,22.4097],[103.743,22.4091],[103.7415,22.41],[103.7397,22.4127],[103.7362,22.4131],[103.7346,22.4144],[103.7328,22.414],[103.7303,22.4165],[103.7287,22.4201],[103.7317,22.4208],[103.7354,22.4241],[103.736,22.4256],[103.7349,22.4273],[103.7356,22.4326],[103.7353,22.4346],[103.7332,22.4398],[103.7338,22.4421],[103.7365,22.4425],[103.7377,22.4445],[103.7408,22.4463],[103.7424,22.4492],[103.7423,22.4509],[103.7444,22.4585],[103.7446,22.461],[103.7494,22.4633],[103.7528,22.4631],[103.7548,22.4637],[103.7538,22.4659],[103.7492,22.467],[103.747,22.4704],[103.7444,22.4719],[103.7459,22.4759],[103.7488,22.4773],[103.7507,22.4758],[103.7532,22.4784],[103.7556,22.4794],[103.7615,22.4796],[103.763,22.4784],[103.7663,22.4688],[103.7672,22.4693],[103.7717,22.4669],[103.774,22.4611],[103.7761,22.4581],[103.7774,22.46],[103.7801,22.4609],[103.7801,22.4641],[103.7772,22.4672],[103.7762,22.4697],[103.7765,22.4736],[103.7748,22.4754],[103.7784,22.478],[103.7797,22.481],[103.7795,22.4848],[103.7801,22.4921],[103.7851,22.4935],[103.7871,22.493]]]},"properties":{"name":"Ngũ Chỉ Sơn","level":"ward"}},{"type":"Feature","geometry":{"type":"Polygon","coordinates":[[[103.7682,22.3796],[103.7727,22.3779],[103.7849,22.3779],[103.7896,22.3769],[103.7938,22.3746],[103.8025,22.379],[103.8059,22.3779],[103.8085,22.3798],[103.8112,22.3759],[103.8155,22.3728],[103.818,22.3726],[103.8211,22.3698],[103.8285,22.3674],[103.8356,22.3741],[103.8405,22.3748],[103.8457,22.3751],[103.8482,22.3762],[103.8495,22.3768],[103.8512,22.3787],[103.8582,22.379],[103.863,22.3792],[103.8667,22.3745],[103.8708,22.3721],[103.8675,22.3659],[103.8698,22.3634],[103.8728,22.3533],[103.8799,22.348],[103.8887,22.3551],[103.8914,22.3537],[103.8879,22.3468],[103.8858,22.3459],[103.8862,22.3402],[103.8855,22.3331],[103.8798,22.33],[103.8757,22.3248],[103.8769,22.3225],[103.8788,22.3216],[103.8891,22.3132],[103.8856,22.3081],[103.8837,22.3078],[103.8791,22.3104],[103.8769,22.3095],[103.8755,22.3102],[103.8753,22.3102],[103.8717,22.3098],[103.8695,22.3081],[103.8678,22.3097],[103.8654,22.3083],[103.8634,22.3094],[103.8606,22.3096],[103.8582,22.3109],[103.8552,22.3104],[103.8524,22.3146],[103.8512,22.3141],[103.8502,22.3184],[103.8461,22.3212],[103.8418,22.323],[103.8362,22.3272],[103.8362,22.3306],[103.8331,22.3311],[103.831,22.3296],[103.8232,22.3322],[103.8166,22.3383],[103.8122,22.338],[103.8088,22.3436],[103.8065,22.3461],[103.805,22.3496],[103.8031,22.3521],[103.8001,22.3519],[103.7969,22.3527],[103.7958,22.3542],[103.7926,22.3557],[103.7827,22.3573],[103.777,22.3561],[103.7748,22.3528],[103.7677,22.3545],[103.7664,22.3559],[103.7677,22.3598],[103.7668,22.3671],[103.7672,22.3694],[103.7664,22.3719],[103.7664,22.3752],[103.7678,22.3774],[103.7682,22.3796]]]},"properties":{"name":"Sa Pa","level":"ward"}},{"type":"Feature","geometry":{"type":"Polygon","coordinates":[[[103.9318,22.4064],[103.9279,22.4002],[103.926,22.399],[103.9263,22.3964],[103.9255,22.3931],[103.9233,22.3902],[103.9236,22.3862],[103.9227,22.3848],[103.9224,22.3792],[103.9211,22.3756],[103.9178,22.3735],[103.9153,22.3736],[103.9147,22.3696],[103.9115,22.3649],[103.9082,22.3633],[103.9055,22.3582],[103.9052,22.3546],[103.9036,22.3533],[103.9,22.3524],[103.8972,22.347],[103.8899,22.3477],[103.8879,22.3468],[103.8914,22.3537],[103.8887,22.3551],[103.8799,22.348],[103.8728,22.3533],[103.8698,22.3634],[103.8675,22.3659],[103.8708,22.3721],[103.8667,22.3745],[103.863,22.3792],[103.8582,22.379],[103.8512,22.3787],[103.8495,22.3768],[103.8482,22.3762],[103.8457,22.3751],[103.8405,22.3748],[103.8356,22.3741],[103.8285,22.3674],[103.8211,22.3698],[103.818,22.3726],[103.8155,22.3728],[103.8112,22.3759],[103.8085,22.3798],[103.8096,22.3819],[103.8104,22.3869],[103.8112,22.3882],[103.8117,22.3927],[103.811,22.3979],[103.8134,22.4003],[103.8147,22.4029],[103.8201,22.4039],[103.8233,22.4035],[103.8281,22.4053],[103.8265,22.407],[103.8275,22.4128],[103.8251,22.4198],[103.8265,22.4221],[103.8293,22.422],[103.8356,22.4282],[103.8401,22.4342],[103.8444,22.4324],[103.8478,22.4295],[103.8488,22.4297],[103.8525,22.4277],[103.8563,22.4219],[103.8581,22.422],[103.8634,22.4198],[103.8667,22.4218],[103.8676,22.4232],[103.871,22.4249],[103.8722,22.4271],[103.8756,22.4296],[103.8784,22.4332],[103.8817,22.4352],[103.885,22.4365],[103.8896,22.4363],[103.8907,22.4357],[103.8929,22.4322],[103.895,22.431],[103.9009,22.4243],[103.9118,22.4207],[103.914,22.4203],[103.9163,22.4221],[103.9198,22.4267],[103.9238,22.4246],[103.9251,22.4231],[103.9258,22.4187],[103.9325,22.4103],[103.9318,22.4064]]]},"properties":{"name":"Tả Phìn","level":"ward"}},{"type":"Feature","geometry":{"type":"Polygon","coordinates":[[[103.8972,22.347],[103.898,22.342],[103.8977,22.3383],[103.8989,22.3354],[103.8964,22.3304],[103.8978,22.3278],[103.904,22.3232],[103.9047,22.3221],[103.9082,22.3203],[103.9153,22.3187],[103.9162,22.3146],[103.9199,22.3113],[103.9221,22.3117],[103.9293,22.3105],[103.931,22.3061],[103.9322,22.3051],[103.9333,22.3017],[103.9355,22.2997],[103.9361,22.2979],[103.9384,22.2952],[103.9399,22.2949],[103.9445,22.2918],[103.9454,22.2882],[103.9513,22.2836],[103.942,22.2766],[103.9408,22.2774],[103.9397,22.2716],[103.9372,22.2728],[103.9364,22.2751],[103.9337,22.2771],[103.9332,22.2786],[103.9306,22.2809],[103.9269,22.2802],[103.9245,22.2789],[103.9224,22.2795],[103.9197,22.2787],[103.9183,22.2773],[103.9142,22.2761],[103.9078,22.2728],[103.907,22.2734],[103.8985,22.2698],[103.8952,22.2647],[103.8962,22.263],[103.8975,22.2581],[103.8995,22.2571],[103.9016,22.2535],[103.9061,22.2493],[103.9078,22.2487],[103.9102,22.2466],[103.9105,22.2451],[103.9144,22.2415],[103.9177,22.2379],[103.9197,22.2386],[103.9227,22.2354],[103.9252,22.2319],[103.9282,22.2302],[103.9279,22.2271],[103.9254,22.2243],[103.925,22.222],[103.9233,22.2202],[103.922,22.2168],[103.9199,22.2151],[103.919,22.2129],[103.9162,22.2111],[103.9154,22.2074],[103.9117,22.2035],[103.9086,22.2014],[103.904,22.2001],[103.9016,22.2004],[103.8992,22.1995],[103.8981,22.1965],[103.8952,22.1949],[103.8929,22.1916],[103.891,22.191],[103.8878,22.1872],[103.8859,22.1864],[103.8803,22.1826],[103.8781,22.1804],[103.8733,22.1798],[103.868,22.1784],[103.8654,22.1821],[103.8665,22.1856],[103.8723,22.1888],[103.872,22.1926],[103.873,22.1991],[103.8661,22.2036],[103.8618,22.2036],[103.8596,22.2053],[103.8571,22.2059],[103.8564,22.2091],[103.8549,22.2107],[103.8539,22.2136],[103.8518,22.2165],[103.8523,22.2178],[103.8511,22.2205],[103.8475,22.2224],[103.8457,22.2226],[103.8423,22.2258],[103.8418,22.2304],[103.8443,22.2351],[103.8429,22.2413],[103.8406,22.2441],[103.8399,22.2479],[103.836,22.2496],[103.8345,22.2509],[103.8319,22.2572],[103.8289,22.2599],[103.8278,22.2622],[103.8284,22.2642],[103.8273,22.2687],[103.8242,22.2728],[103.8222,22.2735],[103.8211,22.2762],[103.8198,22.2765],[103.8177,22.2797],[103.8143,22.2809],[103.8106,22.2855],[103.8067,22.2861],[103.8034,22.2901],[103.7949,22.2962],[103.7929,22.2984],[103.7888,22.302],[103.7864,22.3033],[103.7834,22.3023],[103.7792,22.3018],[103.776,22.3036],[103.7746,22.3064],[103.7726,22.3085],[103.7652,22.3115],[103.7615,22.3117],[103.7643,22.3141],[103.7647,22.3162],[103.7668,22.3169],[103.7677,22.3191],[103.7695,22.3197],[103.7724,22.3248],[103.773,22.3274],[103.7709,22.3291],[103.769,22.3319],[103.7731,22.3351],[103.7769,22.3358],[103.7782,22.3369],[103.7819,22.3374],[103.7825,22.3386],[103.7804,22.3408],[103.7785,22.3445],[103.7807,22.347],[103.7806,22.3488],[103.777,22.3502],[103.7748,22.3528],[103.777,22.3561],[103.7827,22.3573],[103.7926,22.3557],[103.7958,22.3542],[103.7969,22.3527],[103.8001,22.3519],[103.8031,22.3521],[103.805,22.3496],[103.8065,22.3461],[103.8088,22.3436],[103.8122,22.338],[103.8166,22.3383],[103.8232,22.3322],[103.831,22.3296],[103.8331,22.3311],[103.8362,22.3306],[103.8362,22.3272],[103.8418,22.323],[103.8461,22.3212],[103.8502,22.3184],[103.8512,22.3141],[103.8524,22.3146],[103.8552,22.3104],[103.8582,22.3109],[103.8606,22.3096],[103.8634,22.3094],[103.8654,22.3083],[103.8678,22.3097],[103.8695,22.3081],[103.8717,22.3098],[103.8753,22.3102],[103.8755,22.3102],[103.8769,22.3095],[103.8791,22.3104],[103.8837,22.3078],[103.8856,22.3081],[103.8891,22.3132],[103.8788,22.3216],[103.8769,22.3225],[103.8757,22.3248],[103.8798,22.33],[103.8855,22.3331],[103.8862,22.3402],[103.8858,22.3459],[103.8879,22.3468],[103.8899,22.3477],[103.8972,22.347]]]},"properties":{"name":"Tả Van","level":"ward"}},{"type":"Feature","geometry":{"type":"Polygon","coordinates":[[[104.0715,22.2693],[104.0704,22.2667],[104.0723,22.265],[104.0716,22.2615],[104.0732,22.2582],[104.0747,22.2567],[104.0764,22.2535],[104.0766,22.2496],[104.0773,22.2487],[104.0773,22.2437],[104.0804,22.2415],[104.0837,22.2382],[104.0828,22.2375],[104.0834,22.234],[104.083,22.2318],[104.0802,22.23],[104.0798,22.2264],[104.0767,22.2246],[104.0764,22.2184],[104.0787,22.2166],[104.079,22.2147],[104.0762,22.2132],[104.0753,22.208],[104.0781,22.2019],[104.0792,22.2003],[104.0791,22.1973],[104.0779,22.1952],[104.08,22.1933],[104.0811,22.191],[104.0757,22.1866],[104.0783,22.1819],[104.0803,22.1742],[104.0796,22.1717],[104.0815,22.1676],[104.0718,22.1681],[104.0672,22.1662],[104.0633,22.1679],[104.0619,22.1695],[104.0594,22.1703],[104.0571,22.17],[104.0524,22.1707],[104.0486,22.1705],[104.0465,22.1716],[104.0427,22.1719],[104.038,22.1697],[104.0366,22.1681],[104.0352,22.1642],[104.0337,22.1621],[104.0321,22.1582],[104.0295,22.1554],[104.0281,22.1521],[104.026,22.1496],[104.0239,22.1483],[104.0227,22.1449],[104.0196,22.1424],[104.0167,22.142],[104.0089,22.1375],[104.0033,22.1397],[104.0009,22.1384],[103.9968,22.1401],[103.9936,22.1405],[103.9917,22.1398],[103.9877,22.1395],[103.9846,22.1412],[103.9833,22.1436],[103.978,22.1444],[103.9764,22.1455],[103.9748,22.1496],[103.9726,22.1504],[103.9756,22.1518],[103.9756,22.1528],[103.9781,22.1565],[103.9801,22.163],[103.9816,22.1654],[103.9811,22.1677],[103.9789,22.1697],[103.9788,22.1718],[103.9831,22.1787],[103.985,22.1795],[103.9899,22.1888],[103.9936,22.1933],[103.9895,22.1962],[103.9869,22.1967],[103.9849,22.1999],[103.9821,22.2031],[103.9817,22.2055],[103.9791,22.2057],[103.9778,22.2075],[103.9798,22.2098],[103.9786,22.2139],[103.976,22.2153],[103.974,22.2177],[103.9715,22.2181],[103.9731,22.2222],[103.9719,22.2265],[103.971,22.2276],[103.9724,22.2301],[103.9712,22.2352],[103.9743,22.2368],[103.9758,22.2418],[103.9783,22.2444],[103.9799,22.2448],[103.9808,22.2487],[103.9845,22.2513],[103.9858,22.2544],[103.9852,22.2555],[103.9806,22.2571],[103.9815,22.261],[103.9826,22.2629],[103.9851,22.2649],[103.9846,22.2684],[103.9872,22.269],[103.9868,22.2711],[103.9873,22.275],[103.9884,22.2764],[103.9887,22.2807],[103.9911,22.2827],[103.9936,22.2824],[103.9954,22.2834],[103.9994,22.2834],[103.9993,22.2852],[104.0036,22.2867],[104.0056,22.2902],[104.0078,22.2929],[104.01,22.2944],[104.0134,22.2935],[104.0149,22.2956],[104.0162,22.2957],[104.0196,22.2934],[104.0217,22.2944],[104.0223,22.2963],[104.0218,22.2994],[104.0241,22.3014],[104.0251,22.3048],[104.0284,22.3078],[104.0305,22.3079],[104.0356,22.3111],[104.0407,22.3038],[104.0402,22.302],[104.0423,22.2986],[104.0456,22.2952],[104.0474,22.2926],[104.0517,22.2895],[104.0548,22.2858],[104.0548,22.2835],[104.0576,22.2819],[104.0612,22.2777],[104.0641,22.2755],[104.0648,22.2741],[104.0686,22.2707],[104.0715,22.2693]]]},"properties":{"name":"Mường Bo","level":"ward"}},{"type":"Feature","geometry":{"type":"Polygon","coordinates":[[[103.9293,22.3105],[103.9321,22.3141],[103.9345,22.3161],[103.9389,22.3179],[103.9396,22.3171],[103.9462,22.3157],[103.948,22.3159],[103.9529,22.3211],[103.9593,22.324],[103.9628,22.3272],[103.9661,22.3284],[103.9676,22.3325],[103.9689,22.3335],[103.9722,22.338],[103.978,22.3396],[103.9794,22.3395],[103.9836,22.3407],[103.9843,22.3422],[103.989,22.3441],[103.9993,22.3437],[104.0021,22.3425],[104.0038,22.3404],[104.014,22.336],[104.0184,22.3363],[104.0229,22.3357],[104.0253,22.3338],[104.0261,22.3296],[104.0286,22.3243],[104.0281,22.322],[104.0294,22.3185],[104.0317,22.3166],[104.0325,22.314],[104.0356,22.3111],[104.0305,22.3079],[104.0284,22.3078],[104.0251,22.3048],[104.0241,22.3014],[104.0218,22.2994],[104.0223,22.2963],[104.0217,22.2944],[104.0196,22.2934],[104.0162,22.2957],[104.0149,22.2956],[104.0134,22.2935],[104.01,22.2944],[104.0078,22.2929],[104.0056,22.2902],[104.0036,22.2867],[103.9993,22.2852],[103.9994,22.2834],[103.9954,22.2834],[103.9936,22.2824],[103.9911,22.2827],[103.9887,22.2807],[103.9884,22.2764],[103.9873,22.275],[103.9868,22.2711],[103.9872,22.269],[103.9846,22.2684],[103.9851,22.2649],[103.9826,22.2629],[103.9815,22.261],[103.9806,22.2571],[103.9852,22.2555],[103.9858,22.2544],[103.9845,22.2513],[103.9808,22.2487],[103.9799,22.2448],[103.9783,22.2444],[103.9758,22.2418],[103.9743,22.2368],[103.9712,22.2352],[103.9724,22.2301],[103.971,22.2276],[103.9719,22.2265],[103.9731,22.2222],[103.9715,22.2181],[103.974,22.2177],[103.976,22.2153],[103.9786,22.2139],[103.9798,22.2098],[103.9778,22.2075],[103.9791,22.2057],[103.9817,22.2055],[103.9821,22.2031],[103.9849,22.1999],[103.9869,22.1967],[103.9895,22.1962],[103.9936,22.1933],[103.9899,22.1888],[103.985,22.1795],[103.9831,22.1787],[103.9788,22.1718],[103.9789,22.1697],[103.9811,22.1677],[103.9816,22.1654],[103.9801,22.163],[103.9781,22.1565],[103.9756,22.1528],[103.9756,22.1518],[103.9726,22.1504],[103.9687,22.1513],[103.9636,22.1484],[103.9604,22.1451],[103.9563,22.1462],[103.9506,22.1431],[103.9473,22.144],[103.9443,22.1461],[103.9438,22.1444],[103.9419,22.1436],[103.9383,22.1381],[103.9369,22.1413],[103.9337,22.1414],[103.9311,22.1403],[103.9276,22.1407],[103.9254,22.1421],[103.9224,22.1414],[103.9184,22.1441],[103.9164,22.1436],[103.9138,22.1449],[103.9123,22.1481],[103.909,22.153],[103.906,22.1555],[103.899,22.1579],[103.8963,22.1625],[103.8964,22.1648],[103.8938,22.1669],[103.8881,22.1742],[103.8818,22.1755],[103.872,22.1765],[103.868,22.1784],[103.8733,22.1798],[103.8781,22.1804],[103.8803,22.1826],[103.8859,22.1864],[103.8878,22.1872],[103.891,22.191],[103.8929,22.1916],[103.8952,22.1949],[103.8981,22.1965],[103.8992,22.1995],[103.9016,22.2004],[103.904,22.2001],[103.9086,22.2014],[103.9117,22.2035],[103.9154,22.2074],[103.9162,22.2111],[103.919,22.2129],[103.9199,22.2151],[103.922,22.2168],[103.9233,22.2202],[103.925,22.222],[103.9254,22.2243],[103.9279,22.2271],[103.9282,22.2302],[103.9252,22.2319],[103.9227,22.2354],[103.9197,22.2386],[103.9177,22.2379],[103.9144,22.2415],[103.9105,22.2451],[103.9102,22.2466],[103.9078,22.2487],[103.9061,22.2493],[103.9016,22.2535],[103.8995,22.2571],[103.8975,22.2581],[103.8962,22.263],[103.8952,22.2647],[103.8985,22.2698],[103.907,22.2734],[103.9078,22.2728],[103.9142,22.2761],[103.9183,22.2773],[103.9197,22.2787],[103.9224,22.2795],[103.9245,22.2789],[103.9269,22.2802],[103.9306,22.2809],[103.9332,22.2786],[103.9337,22.2771],[103.9364,22.2751],[103.9372,22.2728],[103.9397,22.2716],[103.9408,22.2774],[103.942,22.2766],[103.9513,22.2836],[103.9454,22.2882],[103.9445,22.2918],[103.9399,22.2949],[103.9384,22.2952],[103.9361,22.2979],[103.9355,22.2997],[103.9333,22.3017],[103.9322,22.3051],[103.931,22.3061],[103.9293,22.3105]]]},"properties":{"name":"Bản Hồ","level":"ward"}},{"type":"Feature","geometry":{"type":"Polygon","coordinates":[[[104.0792,22.2003],[104.0824,22.1993],[104.0845,22.2004],[104.0882,22.2],[104.0909,22.199],[104.0931,22.2002],[104.0983,22.1994],[104.0999,22.2002],[104.1046,22.2003],[104.1129,22.2014],[104.1183,22.2013],[104.1205,22.204],[104.1219,22.2039],[104.1251,22.2066],[104.1257,22.2093],[104.13,22.2101],[104.1317,22.2123],[104.1337,22.2133],[104.1389,22.2121],[104.142,22.2136],[104.1461,22.2129],[104.1504,22.2143],[104.1533,22.2138],[104.1567,22.2158],[104.1595,22.2182],[104.164,22.218],[104.1682,22.216],[104.1699,22.2139],[104.1725,22.2126],[104.1739,22.2137],[104.1781,22.2135],[104.1791,22.2181],[104.1768,22.2191],[104.1754,22.2267],[104.1767,22.2291],[104.1798,22.2303],[104.1792,22.2319],[104.1813,22.2354],[104.1842,22.2374],[104.1866,22.2379],[104.1887,22.2404],[104.1902,22.2439],[104.1927,22.2438],[104.1953,22.2463],[104.196,22.2492],[104.1987,22.2493],[104.2003,22.2476],[104.2025,22.2473],[104.2042,22.2455],[104.2083,22.2458],[104.2115,22.2494],[104.2117,22.2497],[104.2143,22.2484],[104.2192,22.2432],[104.2217,22.2438],[104.2233,22.2452],[104.2269,22.2521],[104.2278,22.2526],[104.2328,22.2523],[104.2329,22.2521],[104.2367,22.2442],[104.2401,22.2411],[104.241,22.2394],[104.2446,22.2364],[104.247,22.2355],[104.2501,22.2354],[104.2545,22.2307],[104.2545,22.2286],[104.2573,22.2243],[104.2562,22.2194],[104.2529,22.216],[104.2511,22.2166],[104.2482,22.216],[104.2441,22.2171],[104.237,22.2098],[104.2281,22.2111],[104.2264,22.2079],[104.2278,22.2069],[104.228,22.2029],[104.2294,22.1992],[104.2313,22.1983],[104.2337,22.1985],[104.2354,22.1973],[104.2379,22.191],[104.2398,22.1909],[104.2398,22.1886],[104.2426,22.1865],[104.239,22.1838],[104.239,22.1817],[104.2377,22.18],[104.2405,22.1752],[104.2412,22.173],[104.2437,22.1709],[104.2472,22.1689],[104.2448,22.1652],[104.2418,22.1644],[104.242,22.1567],[104.2401,22.1519],[104.2387,22.1513],[104.2391,22.1479],[104.238,22.1471],[104.2327,22.1461],[104.2295,22.1441],[104.226,22.1437],[104.2236,22.1392],[104.2218,22.1381],[104.2165,22.1375],[104.218,22.1333],[104.2166,22.1288],[104.2163,22.1253],[104.2138,22.124],[104.212,22.1213],[104.2104,22.1205],[104.2098,22.1177],[104.2081,22.116],[104.2062,22.1108],[104.2068,22.105],[104.2062,22.1001],[104.2036,22.103],[104.2035,22.1047],[104.1999,22.1091],[104.1955,22.1133],[104.1945,22.1157],[104.1915,22.1203],[104.1879,22.1244],[104.1877,22.1257],[104.1841,22.1298],[104.1873,22.1377],[104.1856,22.1409],[104.1785,22.1423],[104.1748,22.1439],[104.1707,22.1417],[104.1723,22.1405],[104.1723,22.1384],[104.1708,22.1356],[104.1687,22.1288],[104.1677,22.1265],[104.163,22.1384],[104.1599,22.1419],[104.1591,22.1442],[104.1547,22.1457],[104.1531,22.141],[104.1518,22.1354],[104.1505,22.1334],[104.1484,22.1348],[104.1404,22.137],[104.1375,22.1392],[104.1341,22.1368],[104.1314,22.1384],[104.1293,22.1376],[104.1277,22.1381],[104.1267,22.1407],[104.1237,22.1441],[104.1174,22.1473],[104.1142,22.1495],[104.1112,22.1494],[104.1107,22.1509],[104.1084,22.1526],[104.1042,22.1538],[104.1008,22.1566],[104.0997,22.1586],[104.0931,22.1635],[104.0912,22.1638],[104.0885,22.1658],[104.0825,22.1678],[104.0815,22.1676],[104.0796,22.1717],[104.0803,22.1742],[104.0783,22.1819],[104.0757,22.1866],[104.0811,22.191],[104.08,22.1933],[104.0779,22.1952],[104.0791,22.1973],[104.0792,22.2003]]]},"properties":{"name":"Võ Lao","level":"ward"}},{"type":"Feature","geometry":{"type":"Polygon","coordinates":[[[104.0009,22.1384],[104.0033,22.1397],[104.0089,22.1375],[104.0167,22.142],[104.0196,22.1424],[104.0227,22.1449],[104.0239,22.1483],[104.026,22.1496],[104.0281,22.1521],[104.0295,22.1554],[104.0321,22.1582],[104.0337,22.1621],[104.0352,22.1642],[104.0366,22.1681],[104.038,22.1697],[104.0427,22.1719],[104.0465,22.1716],[104.0486,22.1705],[104.0524,22.1707],[104.0571,22.17],[104.0594,22.1703],[104.0619,22.1695],[104.0633,22.1679],[104.0672,22.1662],[104.0718,22.1681],[104.0815,22.1676],[104.0825,22.1678],[104.0885,22.1658],[104.0912,22.1638],[104.0931,22.1635],[104.0997,22.1586],[104.1008,22.1566],[104.1042,22.1538],[104.1084,22.1526],[104.1107,22.1509],[104.1112,22.1494],[104.1142,22.1495],[104.1174,22.1473],[104.1237,22.1441],[104.1267,22.1407],[104.1277,22.1381],[104.1293,22.1376],[104.1314,22.1384],[104.1341,22.1368],[104.1375,22.1392],[104.1404,22.137],[104.1484,22.1348],[104.1505,22.1334],[104.1518,22.1354],[104.1531,22.141],[104.1547,22.1457],[104.1591,22.1442],[104.1599,22.1419],[104.163,22.1384],[104.1677,22.1265],[104.1687,22.1288],[104.1708,22.1356],[104.1723,22.1384],[104.1723,22.1405],[104.1707,22.1417],[104.1748,22.1439],[104.1785,22.1423],[104.1856,22.1409],[104.1873,22.1377],[104.1841,22.1298],[104.1877,22.1257],[104.1879,22.1244],[104.1915,22.1203],[104.1945,22.1157],[104.1955,22.1133],[104.1999,22.1091],[104.2035,22.1047],[104.2013,22.1018],[104.1983,22.0995],[104.1916,22.1018],[104.1865,22.1025],[104.1842,22.1016],[104.182,22.1025],[104.1795,22.1055],[104.1753,22.1073],[104.1687,22.1054],[104.1646,22.1081],[104.1615,22.1073],[104.1595,22.1025],[104.1596,22.0987],[104.1609,22.0939],[104.1594,22.0913],[104.1511,22.0949],[104.1472,22.095],[104.1518,22.0905],[104.155,22.0885],[104.1543,22.0851],[104.1554,22.0832],[104.1525,22.0793],[104.1522,22.077],[104.1556,22.0767],[104.1574,22.0753],[104.161,22.0742],[104.1574,22.0738],[104.1542,22.0724],[104.1494,22.0715],[104.1434,22.0723],[104.142,22.0756],[104.1434,22.0799],[104.1436,22.0822],[104.142,22.0879],[104.1403,22.0908],[104.1362,22.0917],[104.1343,22.0929],[104.1275,22.0938],[104.1265,22.0944],[104.1229,22.0924],[104.1225,22.0911],[104.1236,22.0885],[104.1204,22.0784],[104.1184,22.0766],[104.1158,22.0681],[104.1142,22.0649],[104.1147,22.0628],[104.1107,22.0608],[104.1108,22.0663],[104.1072,22.0692],[104.1036,22.0704],[104.1023,22.0724],[104.0989,22.0751],[104.0986,22.0772],[104.1008,22.0781],[104.1012,22.08],[104.0996,22.0807],[104.099,22.0828],[104.0969,22.083],[104.0955,22.0817],[104.0908,22.0821],[104.0891,22.0813],[104.0859,22.0817],[104.0827,22.0802],[104.0779,22.0792],[104.0746,22.0751],[104.0706,22.0721],[104.0709,22.07],[104.0683,22.0678],[104.0648,22.0663],[104.0631,22.067],[104.0572,22.0661],[104.056,22.0652],[104.051,22.0661],[104.0495,22.0658],[104.0466,22.0702],[104.0448,22.0755],[104.0441,22.0864],[104.0359,22.0886],[104.0344,22.09],[104.0335,22.0932],[104.0283,22.0944],[104.0266,22.0983],[104.024,22.0984],[104.0225,22.101],[104.0177,22.1002],[104.0151,22.1002],[104.0121,22.1028],[104.0096,22.104],[104.0089,22.1056],[104.0103,22.1084],[104.0089,22.1104],[104.0061,22.1103],[104.0034,22.1113],[104.001,22.1113],[103.9991,22.1134],[103.9976,22.1168],[103.9932,22.1189],[103.9921,22.1221],[103.9946,22.1283],[103.9969,22.1299],[104.0009,22.1384]]]},"properties":{"name":"Nậm Chày","level":"ward"}},{"type":"Feature","geometry":{"type":"Polygon","coordinates":[[[104.2529,22.216],[104.2553,22.2151],[104.2576,22.2116],[104.2604,22.2103],[104.2653,22.2043],[104.2665,22.2045],[104.2688,22.2022],[104.2718,22.1972],[104.2721,22.1943],[104.2739,22.1934],[104.2752,22.1909],[104.2798,22.1857],[104.2815,22.1856],[104.2822,22.1831],[104.2815,22.1812],[104.2834,22.1802],[104.2856,22.1776],[104.2894,22.1764],[104.2902,22.1721],[104.2904,22.1674],[104.2923,22.1656],[104.2924,22.1633],[104.296,22.1599],[104.2979,22.1564],[104.3013,22.154],[104.3016,22.153],[104.3071,22.1522],[104.3084,22.1492],[104.3109,22.1467],[104.3127,22.1463],[104.3182,22.1404],[104.3215,22.1308],[104.321,22.1281],[104.3181,22.1277],[104.3163,22.1267],[104.3148,22.1276],[104.3126,22.1268],[104.3102,22.1273],[104.3066,22.1266],[104.3032,22.1239],[104.2971,22.1229],[104.2943,22.1188],[104.2915,22.1161],[104.2869,22.1135],[104.2829,22.1159],[104.283,22.1129],[104.2846,22.1114],[104.2837,22.1086],[104.29,22.1066],[104.2912,22.107],[104.2854,22.1047],[104.2843,22.1016],[104.2815,22.0987],[104.2834,22.0963],[104.284,22.0915],[104.2805,22.0887],[104.2788,22.0824],[104.2748,22.0802],[104.2758,22.0789],[104.2729,22.078],[104.2714,22.0757],[104.2713,22.0729],[104.272,22.0673],[104.2709,22.0648],[104.2707,22.0608],[104.2672,22.0577],[104.2669,22.0542],[104.2633,22.0527],[104.2605,22.0533],[104.2587,22.0521],[104.2559,22.0465],[104.2538,22.0446],[104.2528,22.0426],[104.2499,22.0413],[104.2448,22.0403],[104.2439,22.04],[104.2414,22.0347],[104.2363,22.0333],[104.234,22.0349],[104.2308,22.0342],[104.2279,22.0351],[104.2244,22.0375],[104.2197,22.037],[104.2186,22.0342],[104.2172,22.0328],[104.2088,22.033],[104.2066,22.031],[104.2025,22.0327],[104.2004,22.0319],[104.1985,22.0296],[104.1948,22.0278],[104.1918,22.0277],[104.1867,22.0253],[104.1851,22.0272],[104.1864,22.0297],[104.186,22.0332],[104.1899,22.0366],[104.1905,22.0396],[104.1942,22.0417],[104.1984,22.0431],[104.2013,22.046],[104.2007,22.0495],[104.199,22.0513],[104.2024,22.0553],[104.2009,22.0592],[104.1996,22.0569],[104.197,22.0544],[104.1936,22.0536],[104.1884,22.0509],[104.1864,22.0541],[104.1842,22.0559],[104.1837,22.059],[104.1842,22.0625],[104.1831,22.0633],[104.1807,22.0672],[104.1789,22.0689],[104.1732,22.0679],[104.1681,22.0703],[104.1664,22.0703],[104.161,22.0742],[104.1574,22.0753],[104.1556,22.0767],[104.1522,22.077],[104.1525,22.0793],[104.1554,22.0832],[104.1543,22.0851],[104.155,22.0885],[104.1518,22.0905],[104.1472,22.095],[104.1511,22.0949],[104.1594,22.0913],[104.1609,22.0939],[104.1596,22.0987],[104.1595,22.1025],[104.1615,22.1073],[104.1646,22.1081],[104.1687,22.1054],[104.1753,22.1073],[104.1795,22.1055],[104.182,22.1025],[104.1842,22.1016],[104.1865,22.1025],[104.1916,22.1018],[104.1983,22.0995],[104.2013,22.1018],[104.2035,22.1047],[104.2036,22.103],[104.2062,22.1001],[104.2068,22.105],[104.2062,22.1108],[104.2081,22.116],[104.2098,22.1177],[104.2104,22.1205],[104.212,22.1213],[104.2138,22.124],[104.2163,22.1253],[104.2166,22.1288],[104.218,22.1333],[104.2165,22.1375],[104.2218,22.1381],[104.2236,22.1392],[104.226,22.1437],[104.2295,22.1441],[104.2327,22.1461],[104.238,22.1471],[104.2391,22.1479],[104.2387,22.1513],[104.2401,22.1519],[104.242,22.1567],[104.2418,22.1644],[104.2448,22.1652],[104.2472,22.1689],[104.2437,22.1709],[104.2412,22.173],[104.2405,22.1752],[104.2377,22.18],[104.239,22.1817],[104.239,22.1838],[104.2426,22.1865],[104.2398,22.1886],[104.2398,22.1909],[104.2379,22.191],[104.2354,22.1973],[104.2337,22.1985],[104.2313,22.1983],[104.2294,22.1992],[104.228,22.2029],[104.2278,22.2069],[104.2264,22.2079],[104.2281,22.2111],[104.237,22.2098],[104.2441,22.2171],[104.2482,22.216],[104.2511,22.2166],[104.2529,22.216]]]},"properties":{"name":"Văn Bàn","level":"ward"}},{"type":"Feature","geometry":{"type":"Polygon","coordinates":[[[103.9726,22.1504],[103.9748,22.1496],[103.9764,22.1455],[103.978,22.1444],[103.9833,22.1436],[103.9846,22.1412],[103.9877,22.1395],[103.9917,22.1398],[103.9936,22.1405],[103.9968,22.1401],[104.0009,22.1384],[103.9969,22.1299],[103.9946,22.1283],[103.9921,22.1221],[103.9932,22.1189],[103.9976,22.1168],[103.9991,22.1134],[104.001,22.1113],[104.0034,22.1113],[104.0061,22.1103],[104.0089,22.1104],[104.0103,22.1084],[104.0089,22.1056],[104.0096,22.104],[104.0121,22.1028],[104.0151,22.1002],[104.0177,22.1002],[104.0225,22.101],[104.024,22.0984],[104.0266,22.0983],[104.0283,22.0944],[104.0335,22.0932],[104.0344,22.09],[104.0359,22.0886],[104.0441,22.0864],[104.0448,22.0755],[104.0466,22.0702],[104.0495,22.0658],[104.0489,22.0647],[104.0454,22.0633],[104.0396,22.0601],[104.0404,22.0572],[104.0423,22.0551],[104.0441,22.0501],[104.0464,22.0501],[104.049,22.0451],[104.0468,22.0416],[104.0439,22.0405],[104.0385,22.0395],[104.0372,22.0371],[104.0342,22.0351],[104.0333,22.0318],[104.0372,22.0299],[104.0389,22.0284],[104.0367,22.0271],[104.0354,22.0253],[104.0361,22.0239],[104.0343,22.022],[104.0292,22.0198],[104.0258,22.0203],[104.0238,22.0188],[104.0208,22.0187],[104.0191,22.0175],[104.0188,22.0145],[104.0206,22.0132],[104.0241,22.0094],[104.0246,22.0055],[104.0282,22.0037],[104.0316,22.0053],[104.0341,22.0051],[104.0367,22.002],[104.0388,22.0009],[104.041,21.9987],[104.0405,21.9955],[104.0393,21.9918],[104.0404,21.9897],[104.0399,21.9884],[104.044,21.9849],[104.0456,21.9817],[104.0482,21.9785],[104.0524,21.9764],[104.0559,21.9735],[104.0585,21.9732],[104.0603,21.972],[104.0606,21.9678],[104.0573,21.965],[104.0568,21.9621],[104.0542,21.9617],[104.0537,21.9598],[104.0486,21.9605],[104.0491,21.963],[104.0464,21.9646],[104.0436,21.9644],[104.0403,21.9628],[104.0389,21.9604],[104.0371,21.9597],[104.0336,21.9564],[104.0342,21.9541],[104.0326,21.9522],[104.0339,21.9484],[104.0336,21.946],[104.03,21.9431],[104.0284,21.944],[104.02,21.9398],[104.0184,21.9396],[104.0168,21.9372],[104.0145,21.9359],[104.0145,21.9346],[104.0104,21.9348],[104.0051,21.9365],[103.9952,21.9412],[103.9929,21.9429],[103.9944,21.9433],[103.9955,21.946],[103.9954,21.9494],[103.9971,21.9503],[103.996,21.9525],[103.9954,21.957],[103.9929,21.9616],[103.9909,21.9641],[103.9851,21.967],[103.9812,21.972],[103.9788,21.9725],[103.9769,21.9746],[103.9743,21.9755],[103.972,21.9792],[103.9725,21.9818],[103.9672,21.9892],[103.9652,21.99],[103.9631,21.9921],[103.961,21.9952],[103.9589,21.9959],[103.9561,21.9993],[103.9574,22.0019],[103.9609,22.0038],[103.965,22.0103],[103.9656,22.0136],[103.962,22.0173],[103.9608,22.0194],[103.9582,22.0207],[103.955,22.0232],[103.953,22.0263],[103.9542,22.0293],[103.956,22.0309],[103.9561,22.0344],[103.9555,22.0383],[103.9572,22.0415],[103.9562,22.0453],[103.9574,22.0489],[103.9569,22.0506],[103.9546,22.0538],[103.9531,22.0629],[103.9517,22.0659],[103.9496,22.0683],[103.948,22.0689],[103.948,22.0718],[103.947,22.0734],[103.944,22.0747],[103.9436,22.0787],[103.9426,22.08],[103.939,22.0814],[103.9384,22.0882],[103.9419,22.0926],[103.9443,22.0982],[103.9433,22.1022],[103.9444,22.1059],[103.9436,22.1071],[103.9425,22.1117],[103.939,22.1159],[103.937,22.119],[103.9363,22.1237],[103.9389,22.1244],[103.9395,22.127],[103.9373,22.1297],[103.9389,22.1335],[103.9383,22.1381],[103.9419,22.1436],[103.9438,22.1444],[103.9443,22.1461],[103.9473,22.144],[103.9506,22.1431],[103.9563,22.1462],[103.9604,22.1451],[103.9636,22.1484],[103.9687,22.1513],[103.9726,22.1504]]]},"properties":{"name":"Nậm Xé","level":"ward"}},{"type":"Feature","geometry":{"type":"Polygon","coordinates":[[[104.321,22.1281],[104.3232,22.1279],[104.3248,22.1267],[104.3255,22.1221],[104.3269,22.1217],[104.3289,22.1177],[104.3316,22.1164],[104.3348,22.1172],[104.3375,22.1158],[104.3392,22.1126],[104.3401,22.1096],[104.3434,22.1092],[104.3445,22.1082],[104.3478,22.1092],[104.3522,22.1095],[104.3538,22.1067],[104.3563,22.1069],[104.3577,22.1044],[104.3601,22.1031],[104.3605,22.0978],[104.3612,22.0947],[104.3645,22.0932],[104.366,22.0901],[104.3684,22.0894],[104.3729,22.0858],[104.3773,22.0835],[104.3787,22.0817],[104.3798,22.078],[104.3793,22.0727],[104.38,22.0701],[104.3778,22.0671],[104.38,22.066],[104.3819,22.0664],[104.3846,22.0654],[104.3856,22.0636],[104.3886,22.0615],[104.3888,22.0592],[104.3922,22.0543],[104.3931,22.0485],[104.3981,22.0477],[104.3986,22.0466],[104.4016,22.0452],[104.4017,22.0431],[104.4037,22.0405],[104.4057,22.0367],[104.4079,22.0345],[104.4086,22.0319],[104.4124,22.0325],[104.4145,22.0294],[104.4146,22.0276],[104.416,22.0251],[104.4169,22.0213],[104.4169,22.0186],[104.4193,22.014],[104.417,22.0104],[104.4195,22.0073],[104.4202,22.0052],[104.4216,22.0047],[104.4211,22.0025],[104.4215,21.9986],[104.4226,21.9952],[104.4223,21.9926],[104.4232,21.9903],[104.4263,21.9887],[104.4257,21.987],[104.429,21.9834],[104.4303,21.9713],[104.4282,21.965],[104.4297,21.9632],[104.4299,21.9604],[104.4286,21.9551],[104.4293,21.9527],[104.4314,21.9507],[104.4325,21.9459],[104.4308,21.9448],[104.4285,21.9367],[104.4236,21.9342],[104.4218,21.9316],[104.4197,21.9306],[104.4153,21.9297],[104.415,21.9286],[104.4104,21.9244],[104.4065,21.9215],[104.4057,21.9202],[104.4034,21.9199],[104.3987,21.9203],[104.3961,21.9196],[104.3955,21.9173],[104.3924,21.9147],[104.3869,21.9114],[104.3862,21.9086],[104.3863,21.904],[104.3855,21.8989],[104.384,21.8982],[104.3788,21.8931],[104.3758,21.8912],[104.3739,21.8886],[104.3719,21.8873],[104.3692,21.8871],[104.3666,21.8851],[104.3627,21.8839],[104.3613,21.88],[104.3586,21.8778],[104.3564,21.8776],[104.3538,21.8752],[104.3537,21.8766],[104.3515,21.8791],[104.3462,21.8824],[104.343,21.8828],[104.3395,21.885],[104.3371,21.8874],[104.3384,21.8904],[104.3385,21.8927],[104.3303,21.8988],[104.3292,21.9083],[104.3254,21.9104],[104.3257,21.9183],[104.3284,21.92],[104.3302,21.9201],[104.3307,21.9249],[104.3288,21.9271],[104.3315,21.9296],[104.333,21.9319],[104.3331,21.9338],[104.3377,21.9385],[104.3391,21.9418],[104.3431,21.9447],[104.3449,21.9474],[104.345,21.9491],[104.3482,21.9537],[104.3478,21.956],[104.346,21.9578],[104.3483,21.9623],[104.3495,21.9635],[104.3501,21.9666],[104.3491,21.9696],[104.3501,21.9727],[104.3515,21.9744],[104.3523,21.9807],[104.3516,21.9828],[104.3524,21.9877],[104.351,21.9926],[104.349,21.995],[104.3481,21.9996],[104.3467,22.0014],[104.346,22.0045],[104.3488,22.007],[104.3484,22.0102],[104.3497,22.0123],[104.3466,22.0149],[104.3452,22.0181],[104.346,22.0198],[104.3437,22.0249],[104.3448,22.027],[104.3412,22.0296],[104.3381,22.0308],[104.3357,22.0346],[104.3332,22.0359],[104.3328,22.0373],[104.3258,22.0362],[104.3221,22.0376],[104.3201,22.0362],[104.3182,22.0371],[104.3174,22.0452],[104.3182,22.0478],[104.3173,22.0507],[104.318,22.053],[104.3181,22.0577],[104.3233,22.059],[104.3209,22.0612],[104.3192,22.0603],[104.3159,22.062],[104.3166,22.0648],[104.321,22.0674],[104.3194,22.0696],[104.3193,22.0736],[104.3185,22.0776],[104.3154,22.0798],[104.3129,22.0832],[104.3107,22.0847],[104.3103,22.0882],[104.3072,22.0935],[104.301,22.0928],[104.2981,22.0958],[104.2969,22.1013],[104.2935,22.1027],[104.2916,22.1047],[104.2912,22.107],[104.29,22.1066],[104.2837,22.1086],[104.2846,22.1114],[104.283,22.1129],[104.2829,22.1159],[104.2869,22.1135],[104.2915,22.1161],[104.2943,22.1188],[104.2971,22.1229],[104.3032,22.1239],[104.3066,22.1266],[104.3102,22.1273],[104.3126,22.1268],[104.3148,22.1276],[104.3163,22.1267],[104.3181,22.1277],[104.321,22.1281]]]},"properties":{"name":"Chiềng Ken","level":"ward"}},{"type":"Feature","geometry":{"type":"Polygon","coordinates":[[[104.2448,22.0403],[104.2499,22.0413],[104.2528,22.0426],[104.2538,22.0446],[104.2559,22.0465],[104.2587,22.0521],[104.2605,22.0533],[104.2633,22.0527],[104.2669,22.0542],[104.2672,22.0577],[104.2707,22.0608],[104.2709,22.0648],[104.272,22.0673],[104.2713,22.0729],[104.2714,22.0757],[104.2729,22.078],[104.2758,22.0789],[104.2748,22.0802],[104.2788,22.0824],[104.2805,22.0887],[104.284,22.0915],[104.2834,22.0963],[104.2815,22.0987],[104.2843,22.1016],[104.2854,22.1047],[104.2912,22.107],[104.2916,22.1047],[104.2935,22.1027],[104.2969,22.1013],[104.2981,22.0958],[104.301,22.0928],[104.3072,22.0935],[104.3103,22.0882],[104.3107,22.0847],[104.3129,22.0832],[104.3154,22.0798],[104.3185,22.0776],[104.3193,22.0736],[104.3194,22.0696],[104.321,22.0674],[104.3166,22.0648],[104.3159,22.062],[104.3192,22.0603],[104.3209,22.0612],[104.3233,22.059],[104.3181,22.0577],[104.318,22.053],[104.3173,22.0507],[104.3182,22.0478],[104.3174,22.0452],[104.3182,22.0371],[104.3201,22.0362],[104.3221,22.0376],[104.3258,22.0362],[104.3328,22.0373],[104.3332,22.0359],[104.3357,22.0346],[104.3381,22.0308],[104.3412,22.0296],[104.3448,22.027],[104.3437,22.0249],[104.346,22.0198],[104.3452,22.0181],[104.3466,22.0149],[104.3497,22.0123],[104.3484,22.0102],[104.3488,22.007],[104.346,22.0045],[104.3467,22.0014],[104.3481,21.9996],[104.349,21.995],[104.351,21.9926],[104.3524,21.9877],[104.3516,21.9828],[104.3523,21.9807],[104.3515,21.9744],[104.3501,21.9727],[104.3491,21.9696],[104.3501,21.9666],[104.3495,21.9635],[104.3483,21.9623],[104.346,21.9578],[104.3478,21.956],[104.3482,21.9537],[104.345,21.9491],[104.3449,21.9474],[104.3431,21.9447],[104.3391,21.9418],[104.3377,21.9385],[104.3331,21.9338],[104.333,21.9319],[104.3315,21.9296],[104.3288,21.9271],[104.3307,21.9249],[104.3302,21.9201],[104.3284,21.92],[104.3257,21.9183],[104.3219,21.9182],[104.316,21.9204],[104.3151,21.92],[104.3089,21.9228],[104.3028,21.9238],[104.3025,21.9257],[104.2994,21.9264],[104.2938,21.9268],[104.2924,21.9274],[104.2898,21.932],[104.2854,21.936],[104.2849,21.9383],[104.2835,21.9399],[104.2802,21.9377],[104.2795,21.9357],[104.2704,21.9334],[104.2674,21.9333],[104.2645,21.9318],[104.2596,21.9326],[104.2561,21.9316],[104.2536,21.9317],[104.2506,21.9339],[104.2494,21.9357],[104.2438,21.94],[104.2378,21.9414],[104.2368,21.941],[104.231,21.9426],[104.2287,21.9448],[104.2223,21.9484],[104.2194,21.9493],[104.2173,21.9491],[104.213,21.9501],[104.2113,21.9501],[104.2107,21.9535],[104.2167,21.9572],[104.2201,21.9604],[104.2186,21.9635],[104.2192,21.9658],[104.2226,21.9688],[104.2244,21.9722],[104.2235,21.9761],[104.2238,21.9779],[104.2227,21.982],[104.2238,21.9891],[104.225,21.9916],[104.2245,21.993],[104.2258,21.9951],[104.2259,21.997],[104.2284,21.9991],[104.2303,22.0018],[104.2372,22.0059],[104.2388,22.008],[104.2392,22.0105],[104.2429,22.0142],[104.2427,22.0168],[104.2464,22.0193],[104.2473,22.0215],[104.2496,22.0233],[104.2496,22.0256],[104.2477,22.0276],[104.2486,22.0297],[104.249,22.0347],[104.2478,22.0377],[104.2448,22.0403]]]},"properties":{"name":"Khánh Yên","level":"ward"}},{"type":"Feature","geometry":{"type":"Polygon","coordinates":[[[104.0495,22.0658],[104.051,22.0661],[104.056,22.0652],[104.0572,22.0661],[104.0631,22.067],[104.0648,22.0663],[104.0683,22.0678],[104.0709,22.07],[104.0706,22.0721],[104.0746,22.0751],[104.0779,22.0792],[104.0827,22.0802],[104.0859,22.0817],[104.0891,22.0813],[104.0908,22.0821],[104.0955,22.0817],[104.0969,22.083],[104.099,22.0828],[104.0996,22.0807],[104.1012,22.08],[104.1008,22.0781],[104.0986,22.0772],[104.0989,22.0751],[104.1023,22.0724],[104.1036,22.0704],[104.1072,22.0692],[104.1108,22.0663],[104.1107,22.0608],[104.1147,22.0628],[104.1142,22.0649],[104.1158,22.0681],[104.1184,22.0766],[104.1204,22.0784],[104.1236,22.0885],[104.1225,22.0911],[104.1229,22.0924],[104.1265,22.0944],[104.1275,22.0938],[104.1343,22.0929],[104.1362,22.0917],[104.1403,22.0908],[104.142,22.0879],[104.1436,22.0822],[104.1434,22.0799],[104.142,22.0756],[104.1434,22.0723],[104.1494,22.0715],[104.1542,22.0724],[104.1574,22.0738],[104.161,22.0742],[104.1664,22.0703],[104.1681,22.0703],[104.1732,22.0679],[104.1789,22.0689],[104.1807,22.0672],[104.1831,22.0633],[104.1842,22.0625],[104.1837,22.059],[104.1842,22.0559],[104.1864,22.0541],[104.1884,22.0509],[104.1936,22.0536],[104.197,22.0544],[104.1996,22.0569],[104.2009,22.0592],[104.2024,22.0553],[104.199,22.0513],[104.2007,22.0495],[104.2013,22.046],[104.1984,22.0431],[104.1942,22.0417],[104.1905,22.0396],[104.1899,22.0366],[104.186,22.0332],[104.1864,22.0297],[104.1851,22.0272],[104.1867,22.0253],[104.1918,22.0277],[104.1948,22.0278],[104.1985,22.0296],[104.2004,22.0319],[104.2025,22.0327],[104.2066,22.031],[104.2088,22.033],[104.2172,22.0328],[104.2186,22.0342],[104.2197,22.037],[104.2244,22.0375],[104.2279,22.0351],[104.2308,22.0342],[104.234,22.0349],[104.2363,22.0333],[104.2414,22.0347],[104.2439,22.04],[104.2448,22.0403],[104.2478,22.0377],[104.249,22.0347],[104.2486,22.0297],[104.2477,22.0276],[104.2496,22.0256],[104.2496,22.0233],[104.2473,22.0215],[104.2464,22.0193],[104.2427,22.0168],[104.2429,22.0142],[104.2392,22.0105],[104.2388,22.008],[104.2372,22.0059],[104.2303,22.0018],[104.2284,21.9991],[104.2259,21.997],[104.2258,21.9951],[104.2245,21.993],[104.225,21.9916],[104.2238,21.9891],[104.2227,21.982],[104.2238,21.9779],[104.2235,21.9761],[104.2244,21.9722],[104.2226,21.9688],[104.2192,21.9658],[104.2186,21.9635],[104.2201,21.9604],[104.2167,21.9572],[104.2107,21.9535],[104.2094,21.9571],[104.202,21.961],[104.2016,21.9623],[104.1986,21.9653],[104.1931,21.9653],[104.191,21.9668],[104.189,21.9693],[104.1873,21.9697],[104.1863,21.9727],[104.1765,21.9777],[104.1714,21.977],[104.1701,21.974],[104.1657,21.9729],[104.1628,21.9713],[104.1591,21.9731],[104.1553,21.9734],[104.1499,21.975],[104.1464,21.9767],[104.1428,21.9762],[104.1393,21.9772],[104.1369,21.9786],[104.1329,21.9799],[104.1298,21.9831],[104.1255,21.9869],[104.123,21.9877],[104.1206,21.987],[104.1143,21.9867],[104.1132,21.9876],[104.1109,21.9871],[104.1075,21.9896],[104.1039,21.9934],[104.1019,21.9935],[104.1001,21.9958],[104.098,21.9969],[104.0978,22.0009],[104.0962,22.004],[104.0915,22.0077],[104.09,22.0158],[104.088,22.0173],[104.0855,22.0205],[104.0859,22.0224],[104.0849,22.0241],[104.0845,22.0276],[104.0826,22.0293],[104.0815,22.0348],[104.0809,22.0357],[104.0744,22.0346],[104.07,22.0356],[104.0697,22.0388],[104.0708,22.043],[104.0665,22.0458],[104.0633,22.0444],[104.061,22.0414],[104.0592,22.0407],[104.0595,22.0455],[104.0602,22.0478],[104.0585,22.0502],[104.0585,22.0533],[104.0575,22.0541],[104.0581,22.0565],[104.0558,22.0593],[104.0554,22.0631],[104.051,22.0644],[104.0495,22.0658]]]},"properties":{"name":"Dương Quỳ","level":"ward"}},{"type":"Feature","geometry":{"type":"Polygon","coordinates":[[[103.9929,21.9429],[103.9952,21.9412],[104.0051,21.9365],[104.0104,21.9348],[104.0145,21.9346],[104.0145,21.9359],[104.0168,21.9372],[104.0184,21.9396],[104.02,21.9398],[104.0284,21.944],[104.03,21.9431],[104.0336,21.946],[104.0339,21.9484],[104.0326,21.9522],[104.0342,21.9541],[104.0336,21.9564],[104.0371,21.9597],[104.0389,21.9604],[104.0403,21.9628],[104.0436,21.9644],[104.0464,21.9646],[104.0491,21.963],[104.0486,21.9605],[104.0537,21.9598],[104.0542,21.9617],[104.0568,21.9621],[104.0573,21.965],[104.0606,21.9678],[104.0603,21.972],[104.0585,21.9732],[104.0559,21.9735],[104.0524,21.9764],[104.0482,21.9785],[104.0456,21.9817],[104.044,21.9849],[104.0399,21.9884],[104.0404,21.9897],[104.0393,21.9918],[104.0405,21.9955],[104.041,21.9987],[104.0388,22.0009],[104.0367,22.002],[104.0341,22.0051],[104.0316,22.0053],[104.0282,22.0037],[104.0246,22.0055],[104.0241,22.0094],[104.0206,22.0132],[104.0188,22.0145],[104.0191,22.0175],[104.0208,22.0187],[104.0238,22.0188],[104.0258,22.0203],[104.0292,22.0198],[104.0343,22.022],[104.0361,22.0239],[104.0354,22.0253],[104.0367,22.0271],[104.0389,22.0284],[104.0372,22.0299],[104.0333,22.0318],[104.0342,22.0351],[104.0372,22.0371],[104.0385,22.0395],[104.0439,22.0405],[104.0468,22.0416],[104.049,22.0451],[104.0464,22.0501],[104.0441,22.0501],[104.0423,22.0551],[104.0404,22.0572],[104.0396,22.0601],[104.0454,22.0633],[104.0489,22.0647],[104.0495,22.0658],[104.051,22.0644],[104.0554,22.0631],[104.0558,22.0593],[104.0581,22.0565],[104.0575,22.0541],[104.0585,22.0533],[104.0585,22.0502],[104.0602,22.0478],[104.0595,22.0455],[104.0592,22.0407],[104.061,22.0414],[104.0633,22.0444],[104.0665,22.0458],[104.0708,22.043],[104.0697,22.0388],[104.07,22.0356],[104.0744,22.0346],[104.0809,22.0357],[104.0815,22.0348],[104.0826,22.0293],[104.0845,22.0276],[104.0849,22.0241],[104.0859,22.0224],[104.0855,22.0205],[104.088,22.0173],[104.09,22.0158],[104.0915,22.0077],[104.0962,22.004],[104.0978,22.0009],[104.098,21.9969],[104.1001,21.9958],[104.1019,21.9935],[104.1039,21.9934],[104.1075,21.9896],[104.1109,21.9871],[104.1132,21.9876],[104.1143,21.9867],[104.1206,21.987],[104.123,21.9877],[104.1255,21.9869],[104.1298,21.9831],[104.1329,21.9799],[104.1369,21.9786],[104.1393,21.9772],[104.1428,21.9762],[104.1464,21.9767],[104.1499,21.975],[104.1553,21.9734],[104.1591,21.9731],[104.1628,21.9713],[104.1657,21.9729],[104.1701,21.974],[104.1714,21.977],[104.1765,21.9777],[104.1863,21.9727],[104.1873,21.9697],[104.189,21.9693],[104.191,21.9668],[104.1931,21.9653],[104.1986,21.9653],[104.2016,21.9623],[104.202,21.961],[104.2094,21.9571],[104.2107,21.9535],[104.2113,21.9501],[104.213,21.9501],[104.2103,21.9477],[104.2077,21.944],[104.2109,21.9395],[104.2146,21.9369],[104.2174,21.9363],[104.2209,21.9346],[104.2232,21.9322],[104.2262,21.926],[104.2303,21.9238],[104.2313,21.9212],[104.23,21.9171],[104.2277,21.9126],[104.2283,21.9089],[104.231,21.9026],[104.2286,21.8999],[104.2187,21.8954],[104.2141,21.8919],[104.2099,21.8914],[104.2059,21.8922],[104.1999,21.8899],[104.1948,21.8913],[104.1922,21.8907],[104.1869,21.8906],[104.1831,21.8894],[104.1793,21.8908],[104.1746,21.8906],[104.1665,21.8922],[104.1628,21.892],[104.1612,21.8932],[104.1557,21.8943],[104.1527,21.8959],[104.1484,21.8954],[104.1469,21.8947],[104.1438,21.896],[104.1394,21.8963],[104.1376,21.8989],[104.1317,21.9022],[104.1288,21.906],[104.1269,21.9071],[104.1222,21.9084],[104.1171,21.9104],[104.1142,21.909],[104.1087,21.9117],[104.1054,21.9119],[104.1,21.915],[104.0949,21.9156],[104.0931,21.9164],[104.0892,21.9154],[104.0867,21.9128],[104.0847,21.9074],[104.0812,21.9051],[104.0774,21.9047],[104.0713,21.9061],[104.0695,21.9058],[104.0661,21.9086],[104.0643,21.9094],[104.062,21.9087],[104.0579,21.9116],[104.055,21.9131],[104.0524,21.9132],[104.0483,21.915],[104.0453,21.9142],[104.0424,21.916],[104.0397,21.9165],[104.0363,21.9143],[104.0331,21.9164],[104.0289,21.9177],[104.0227,21.9174],[104.0212,21.9185],[104.0164,21.9193],[104.0144,21.9179],[104.0097,21.9185],[104.0085,21.9201],[104.0047,21.9222],[104.0022,21.9245],[103.9996,21.9249],[103.9962,21.9275],[103.9963,21.9286],[103.9946,21.9318],[103.9944,21.9339],[103.9925,21.9358],[103.9914,21.9352],[103.9895,21.9382],[103.9907,21.941],[103.9929,21.9429]]]},"properties":{"name":"Minh Lương","level":"ward"}},{"type":"Feature","geometry":{"type":"Polygon","coordinates":[[[104.916,21.732],[104.9162,21.7284],[104.9175,21.7282],[104.918,21.7246],[104.9262,21.7198],[104.9276,21.7177],[104.9244,21.7159],[104.9227,21.7161],[104.92,21.7136],[104.9186,21.7112],[104.918,21.7069],[104.919,21.7047],[104.9181,21.7023],[104.9185,21.7],[104.9163,21.6985],[104.9152,21.6996],[104.9102,21.7],[104.906,21.6959],[104.9061,21.6937],[104.904,21.6931],[104.9013,21.6998],[104.8965,21.7056],[104.8945,21.7072],[104.8907,21.7076],[104.8863,21.7053],[104.8798,21.6967],[104.8754,21.6934],[104.8724,21.6937],[104.8694,21.6953],[104.8681,21.6971],[104.8675,21.7004],[104.8676,21.7043],[104.8671,21.7081],[104.8635,21.7129],[104.8672,21.7152],[104.8676,21.7179],[104.8702,21.7169],[104.8708,21.7154],[104.873,21.716],[104.8747,21.7154],[104.8784,21.7161],[104.8795,21.7188],[104.8815,21.7194],[104.8834,21.7218],[104.883,21.7242],[104.887,21.7267],[104.8879,21.7314],[104.8865,21.7327],[104.8873,21.7348],[104.891,21.7355],[104.8943,21.7313],[104.8966,21.7299],[104.8992,21.7305],[104.9021,21.7304],[104.9054,21.7326],[104.9125,21.7347],[104.9128,21.7328],[104.916,21.732]]]},"properties":{"name":"Yên Bái","level":"ward"}},{"type":"Feature","geometry":{"type":"Polygon","coordinates":[[[104.916,21.732],[104.9128,21.7328],[104.9125,21.7347],[104.9054,21.7326],[104.9021,21.7304],[104.8992,21.7305],[104.8966,21.7299],[104.8943,21.7313],[104.891,21.7355],[104.8873,21.7348],[104.8865,21.7327],[104.8879,21.7314],[104.887,21.7267],[104.883,21.7242],[104.8834,21.7218],[104.8815,21.7194],[104.8795,21.7188],[104.8784,21.7161],[104.8747,21.7154],[104.873,21.716],[104.8708,21.7154],[104.8702,21.7169],[104.8676,21.7179],[104.8672,21.7152],[104.8635,21.7129],[104.8603,21.7137],[104.8493,21.7125],[104.8423,21.7133],[104.8387,21.7161],[104.839,21.72],[104.8419,21.7261],[104.8426,21.7313],[104.8417,21.7347],[104.8394,21.7382],[104.831,21.7464],[104.8335,21.7495],[104.8329,21.7504],[104.8339,21.7535],[104.8356,21.7546],[104.8382,21.7512],[104.8394,21.7514],[104.8407,21.7557],[104.844,21.7565],[104.8448,21.7578],[104.8485,21.7583],[104.8497,21.7564],[104.8496,21.7545],[104.853,21.7515],[104.8563,21.7533],[104.8612,21.7581],[104.8625,21.7571],[104.8646,21.7602],[104.8649,21.7658],[104.8685,21.7726],[104.8732,21.7752],[104.8757,21.7779],[104.8757,21.7816],[104.8769,21.7831],[104.8801,21.7837],[104.8811,21.7862],[104.8833,21.7855],[104.8858,21.7859],[104.8877,21.7871],[104.8913,21.7927],[104.8944,21.7905],[104.896,21.7869],[104.8988,21.7871],[104.9035,21.7835],[104.904,21.7814],[104.9065,21.7802],[104.9059,21.7776],[104.9076,21.7769],[104.9092,21.7742],[104.9099,21.7715],[104.9092,21.7675],[104.9121,21.7663],[104.9129,21.7633],[104.9153,21.7619],[104.9168,21.7599],[104.9179,21.753],[104.9194,21.7519],[104.9232,21.7528],[104.9254,21.7504],[104.9252,21.7478],[104.9269,21.7472],[104.9261,21.7445],[104.9241,21.7428],[104.9245,21.7391],[104.921,21.7363],[104.9216,21.734],[104.916,21.732]]]},"properties":{"name":"Nam Cường","level":"ward"}},{"type":"Feature","geometry":{"type":"Polygon","coordinates":[[[104.904,21.6931],[104.9061,21.6937],[104.906,21.6959],[104.9102,21.7],[104.9152,21.6996],[104.9163,21.6985],[104.9185,21.7],[104.9181,21.7023],[104.919,21.7047],[104.918,21.7069],[104.9186,21.7112],[104.92,21.7136],[104.9227,21.7161],[104.9244,21.7159],[104.9276,21.7177],[104.9262,21.7198],[104.918,21.7246],[104.9175,21.7282],[104.9162,21.7284],[104.916,21.732],[104.9216,21.734],[104.921,21.7363],[104.9245,21.7391],[104.9241,21.7428],[104.9261,21.7445],[104.9317,21.7464],[104.9328,21.746],[104.9316,21.7428],[104.9326,21.7409],[104.9344,21.7396],[104.9344,21.7379],[104.9392,21.7334],[104.9432,21.7352],[104.9471,21.7343],[104.95,21.7332],[104.9504,21.7317],[104.9545,21.7288],[104.9533,21.7262],[104.9559,21.7258],[104.9585,21.7246],[104.96,21.7251],[104.9611,21.721],[104.9627,21.7195],[104.9649,21.7199],[104.9697,21.7181],[104.9733,21.7175],[104.978,21.7198],[104.9791,21.7188],[104.979,21.7162],[104.9816,21.7112],[104.9809,21.7079],[104.9785,21.7054],[104.9814,21.7035],[104.9844,21.7039],[104.9872,21.7019],[104.9862,21.6982],[104.9836,21.6975],[104.9822,21.6947],[104.9794,21.6915],[104.9784,21.6888],[104.9763,21.6875],[104.9724,21.688],[104.9716,21.6853],[104.9733,21.6829],[104.9757,21.6812],[104.975,21.6789],[104.9791,21.6772],[104.9801,21.6729],[104.9838,21.6699],[104.9858,21.6676],[104.9855,21.6655],[104.9871,21.663],[104.983,21.6603],[104.9793,21.6604],[104.9762,21.6572],[104.9726,21.6564],[104.9735,21.6536],[104.9716,21.653],[104.9701,21.6504],[104.9722,21.6493],[104.972,21.6475],[104.9698,21.6466],[104.9676,21.6481],[104.9633,21.653],[104.9611,21.653],[104.9604,21.6565],[104.9571,21.6606],[104.9548,21.6604],[104.9519,21.6581],[104.9497,21.655],[104.9466,21.6557],[104.9422,21.6522],[104.9412,21.6527],[104.9381,21.6514],[104.9374,21.6543],[104.9329,21.6632],[104.9325,21.6674],[104.9317,21.6702],[104.9287,21.674],[104.9198,21.6804],[104.916,21.6824],[104.9096,21.6848],[104.907,21.6862],[104.905,21.6894],[104.904,21.6931]]]},"properties":{"name":"Văn Phú","level":"ward"}},{"type":"Feature","geometry":{"type":"Polygon","coordinates":[[[104.4757,21.6201],[104.4785,21.6193],[104.4804,21.6168],[104.4892,21.6188],[104.4923,21.6185],[104.4954,21.6172],[104.4933,21.6146],[104.4942,21.6126],[104.4962,21.6107],[104.4979,21.6115],[104.4979,21.614],[104.4989,21.6154],[104.5039,21.6133],[104.5052,21.6151],[104.507,21.6143],[104.507,21.612],[104.5062,21.6101],[104.506,21.605],[104.5067,21.6017],[104.5101,21.6014],[104.5173,21.5922],[104.5172,21.5887],[104.5151,21.587],[104.514,21.5836],[104.5139,21.5797],[104.5184,21.5798],[104.5186,21.5777],[104.5166,21.5751],[104.513,21.5759],[104.5109,21.5755],[104.5093,21.579],[104.5067,21.5774],[104.5067,21.5751],[104.5047,21.5745],[104.4944,21.577],[104.4933,21.5744],[104.4875,21.5732],[104.4837,21.5732],[104.4797,21.5714],[104.4771,21.5716],[104.4756,21.5691],[104.4756,21.567],[104.473,21.5651],[104.4712,21.5647],[104.4701,21.5651],[104.4655,21.5701],[104.4596,21.5694],[104.455,21.5681],[104.4554,21.5713],[104.4537,21.5743],[104.4549,21.5775],[104.4548,21.5801],[104.4522,21.5848],[104.4541,21.5844],[104.458,21.5871],[104.4586,21.5907],[104.4583,21.5946],[104.4568,21.5951],[104.4529,21.5946],[104.4493,21.5949],[104.4447,21.5966],[104.4457,21.5997],[104.445,21.6047],[104.4494,21.6073],[104.4502,21.6101],[104.4513,21.6083],[104.4569,21.6079],[104.4578,21.61],[104.4643,21.6132],[104.4676,21.6169],[104.4674,21.6199],[104.4708,21.6203],[104.4757,21.6201]]]},"properties":{"name":"Nghĩa Lộ","level":"ward"}},{"type":"Feature","geometry":{"type":"Polygon","coordinates":[[[104.7797,22.1707],[104.7801,22.1667],[104.7809,22.164],[104.7857,22.1617],[104.7908,22.1602],[104.7935,22.1566],[104.7989,22.1547],[104.8008,22.1529],[104.8011,22.1502],[104.8037,22.148],[104.8032,22.1425],[104.8035,22.1393],[104.8053,22.1362],[104.8078,22.1344],[104.8078,22.1259],[104.8107,22.1204],[104.8108,22.1192],[104.8141,22.1157],[104.8177,22.1124],[104.8207,22.1117],[104.8262,22.113],[104.8262,22.1116],[104.8234,22.1072],[104.8205,22.1043],[104.8233,22.1026],[104.8236,22.0997],[104.8276,22.099],[104.8268,22.0975],[104.8275,22.0955],[104.8265,22.0937],[104.8266,22.0914],[104.8213,22.09],[104.8197,22.0871],[104.8214,22.0838],[104.8189,22.0819],[104.8185,22.0804],[104.8195,22.0751],[104.8212,22.0731],[104.8185,22.0711],[104.819,22.0688],[104.8159,22.0656],[104.8163,22.0618],[104.8122,22.0576],[104.8076,22.0541],[104.8061,22.0555],[104.8043,22.0542],[104.8059,22.052],[104.8022,22.0499],[104.8006,22.0502],[104.7996,22.0484],[104.7951,22.0524],[104.7942,22.0559],[104.7945,22.0585],[104.7904,22.0618],[104.79,22.0629],[104.7862,22.066],[104.7834,22.0675],[104.7775,22.0722],[104.7773,22.0736],[104.7748,22.0755],[104.7721,22.0786],[104.7678,22.0783],[104.7643,22.0791],[104.7584,22.082],[104.7585,22.0847],[104.7575,22.0871],[104.7601,22.0892],[104.7619,22.092],[104.7617,22.0937],[104.7589,22.0954],[104.7573,22.098],[104.7589,22.0998],[104.7547,22.1031],[104.7513,22.1048],[104.7475,22.1083],[104.7461,22.1111],[104.7418,22.115],[104.7403,22.1181],[104.7387,22.12],[104.7391,22.1232],[104.7372,22.127],[104.7347,22.1294],[104.733,22.1298],[104.7308,22.1316],[104.7323,22.134],[104.7323,22.1366],[104.7297,22.1394],[104.7292,22.1422],[104.7296,22.145],[104.7288,22.1483],[104.7316,22.1492],[104.7347,22.1493],[104.7376,22.1515],[104.7399,22.1516],[104.7411,22.1501],[104.7459,22.1505],[104.7493,22.1551],[104.7491,22.1564],[104.7468,22.1584],[104.7454,22.1609],[104.7444,22.1665],[104.743,22.1704],[104.742,22.1707],[104.7421,22.1741],[104.7389,22.1763],[104.7399,22.1796],[104.7406,22.1849],[104.7415,22.1853],[104.7467,22.1869],[104.7491,22.1858],[104.7551,22.1856],[104.7562,22.1841],[104.7579,22.1796],[104.7546,22.1795],[104.754,22.1777],[104.7563,22.1746],[104.7593,22.1731],[104.7609,22.1714],[104.761,22.1695],[104.7635,22.1686],[104.7651,22.1716],[104.7688,22.172],[104.7707,22.1714],[104.7727,22.1733],[104.7773,22.1744],[104.7797,22.1707]]]},"properties":{"name":"Lục Yên","level":"ward"}},{"type":"Feature","geometry":{"type":"Polygon","coordinates":[[[104.6288,22.2193],[104.6244,22.2202],[104.6222,22.2215],[104.6207,22.2237],[104.6143,22.2254],[104.6124,22.2255],[104.6078,22.2236],[104.6058,22.2213],[104.6011,22.2218],[104.5967,22.2176],[104.5955,22.2186],[104.591,22.2193],[104.5901,22.2207],[104.5869,22.223],[104.5854,22.2253],[104.5879,22.2277],[104.5838,22.2315],[104.5863,22.2365],[104.5862,22.2394],[104.5852,22.2438],[104.5869,22.25],[104.585,22.251],[104.5865,22.2531],[104.5865,22.2583],[104.5854,22.2605],[104.5857,22.264],[104.5877,22.266],[104.5891,22.2691],[104.5912,22.2708],[104.594,22.2713],[104.5962,22.2767],[104.5979,22.2774],[104.599,22.2802],[104.6006,22.281],[104.6007,22.2831],[104.6036,22.2882],[104.6068,22.2922],[104.6092,22.2927],[104.611,22.2913],[104.6147,22.29],[104.6174,22.2866],[104.6239,22.288],[104.6287,22.2872],[104.6319,22.2837],[104.6329,22.2835],[104.6375,22.2806],[104.6386,22.2781],[104.6401,22.278],[104.6419,22.2764],[104.6451,22.2797],[104.6509,22.2802],[104.6527,22.2776],[104.6547,22.2775],[104.6565,22.2751],[104.6608,22.2731],[104.6643,22.2735],[104.6663,22.2766],[104.6704,22.2765],[104.6716,22.2733],[104.6742,22.2723],[104.6743,22.2703],[104.6764,22.2678],[104.6765,22.2649],[104.6788,22.2644],[104.6842,22.2618],[104.6871,22.2612],[104.6908,22.2617],[104.6917,22.2628],[104.6956,22.2624],[104.6995,22.2639],[104.7045,22.2641],[104.7058,22.2613],[104.714,22.2618],[104.7172,22.261],[104.7196,22.2581],[104.7218,22.2579],[104.7236,22.254],[104.7223,22.2513],[104.7234,22.246],[104.7278,22.2456],[104.7278,22.2436],[104.7293,22.24],[104.729,22.2381],[104.7314,22.2362],[104.7333,22.2337],[104.732,22.2319],[104.7296,22.2337],[104.7287,22.2304],[104.7294,22.225],[104.7261,22.2209],[104.7199,22.2153],[104.7237,22.2079],[104.7231,22.2051],[104.724,22.1987],[104.7274,22.1968],[104.7337,22.1963],[104.7384,22.1926],[104.7393,22.1877],[104.7415,22.1853],[104.7406,22.1849],[104.7399,22.1796],[104.7389,22.1763],[104.7421,22.1741],[104.742,22.1707],[104.743,22.1704],[104.7444,22.1665],[104.7454,22.1609],[104.7468,22.1584],[104.7491,22.1564],[104.7493,22.1551],[104.7459,22.1505],[104.7411,22.1501],[104.7399,22.1516],[104.7376,22.1515],[104.7347,22.1493],[104.7316,22.1492],[104.7288,22.1483],[104.7255,22.1513],[104.721,22.1522],[104.7186,22.1552],[104.7175,22.1578],[104.7147,22.1591],[104.7129,22.1618],[104.7088,22.1648],[104.7053,22.1652],[104.7049,22.1679],[104.702,22.1692],[104.7,22.1671],[104.6962,22.1671],[104.6902,22.1701],[104.6865,22.1742],[104.6849,22.1827],[104.681,22.1884],[104.6783,22.1901],[104.6735,22.1965],[104.6688,22.1977],[104.6668,22.1997],[104.6647,22.2006],[104.6633,22.2026],[104.6595,22.2042],[104.6567,22.2066],[104.6545,22.2094],[104.6507,22.2104],[104.6477,22.2139],[104.6475,22.2153],[104.6412,22.2211],[104.6355,22.2228],[104.6346,22.2206],[104.6343,22.2201],[104.6327,22.219],[104.6288,22.2193]]]},"properties":{"name":"Lâm Thượng","level":"ward"}},{"type":"Feature","geometry":{"type":"Polygon","coordinates":[[[104.6214,22.1758],[104.6207,22.1819],[104.621,22.1837],[104.6189,22.1894],[104.6192,22.1931],[104.6163,22.1955],[104.6161,22.1983],[104.6144,22.2014],[104.6148,22.2052],[104.6162,22.208],[104.6288,22.2193],[104.6327,22.219],[104.6343,22.2201],[104.6346,22.2206],[104.6355,22.2228],[104.6412,22.2211],[104.6475,22.2153],[104.6477,22.2139],[104.6507,22.2104],[104.6545,22.2094],[104.6567,22.2066],[104.6595,22.2042],[104.6633,22.2026],[104.6647,22.2006],[104.6668,22.1997],[104.6688,22.1977],[104.6735,22.1965],[104.6783,22.1901],[104.681,22.1884],[104.6849,22.1827],[104.6865,22.1742],[104.6902,22.1701],[104.6962,22.1671],[104.7,22.1671],[104.702,22.1692],[104.7049,22.1679],[104.7053,22.1652],[104.7088,22.1648],[104.7129,22.1618],[104.7147,22.1591],[104.7175,22.1578],[104.7186,22.1552],[104.721,22.1522],[104.7255,22.1513],[104.7288,22.1483],[104.7296,22.145],[104.7292,22.1422],[104.7297,22.1394],[104.7323,22.1366],[104.7323,22.134],[104.7308,22.1316],[104.733,22.1298],[104.7347,22.1294],[104.7372,22.127],[104.7391,22.1232],[104.7387,22.12],[104.7403,22.1181],[104.7418,22.115],[104.7461,22.1111],[104.7475,22.1083],[104.7513,22.1048],[104.7547,22.1031],[104.7589,22.0998],[104.7573,22.098],[104.7589,22.0954],[104.7617,22.0937],[104.7619,22.092],[104.7601,22.0892],[104.7575,22.0871],[104.7585,22.0847],[104.7584,22.082],[104.7643,22.0791],[104.7678,22.0783],[104.7721,22.0786],[104.7748,22.0755],[104.7773,22.0736],[104.7775,22.0722],[104.7834,22.0675],[104.7862,22.066],[104.79,22.0629],[104.7904,22.0618],[104.7945,22.0585],[104.7942,22.0559],[104.7951,22.0524],[104.7996,22.0484],[104.798,22.0472],[104.798,22.0449],[104.7995,22.0431],[104.8015,22.0382],[104.8013,22.0352],[104.803,22.0345],[104.802,22.0322],[104.8018,22.0257],[104.8009,22.0229],[104.8039,22.0201],[104.8068,22.0194],[104.8083,22.0146],[104.8137,22.0123],[104.8126,22.0072],[104.8101,22.0068],[104.8088,22.0032],[104.8092,22.0001],[104.8116,21.9974],[104.8146,21.9965],[104.8144,21.9942],[104.8195,21.9902],[104.821,21.9898],[104.8214,21.9851],[104.8233,21.9817],[104.8212,21.9787],[104.8223,21.9771],[104.8272,21.976],[104.8288,21.9734],[104.8282,21.9693],[104.8266,21.9678],[104.8262,21.9653],[104.8271,21.9638],[104.8315,21.9632],[104.8342,21.9651],[104.8362,21.9642],[104.8388,21.9612],[104.8384,21.9584],[104.8373,21.9567],[104.8372,21.9535],[104.8356,21.9506],[104.8391,21.9471],[104.8384,21.9402],[104.8377,21.9387],[104.8387,21.9346],[104.8373,21.9325],[104.8315,21.9351],[104.8328,21.9424],[104.8217,21.9615],[104.8097,21.9572],[104.8078,21.9585],[104.803,21.9646],[104.7993,21.9675],[104.7952,21.9706],[104.7939,21.9737],[104.792,21.9755],[104.7875,21.978],[104.7875,21.981],[104.7888,21.9841],[104.7853,21.991],[104.7859,21.9945],[104.7844,21.9958],[104.773,21.9964],[104.7715,21.9969],[104.7697,21.9996],[104.7667,22.0073],[104.7636,22.0098],[104.7615,22.0107],[104.7562,22.0112],[104.7556,22.0146],[104.7585,22.0159],[104.7591,22.0171],[104.7577,22.0187],[104.7537,22.0211],[104.7535,22.0221],[104.7573,22.0251],[104.7577,22.0282],[104.7569,22.0298],[104.7508,22.0298],[104.7498,22.0305],[104.7496,22.0344],[104.7483,22.0368],[104.7486,22.0384],[104.7511,22.0405],[104.751,22.0427],[104.7482,22.0441],[104.7434,22.0431],[104.7408,22.0433],[104.7385,22.0449],[104.7375,22.0467],[104.7356,22.0494],[104.7342,22.0498],[104.7323,22.0502],[104.7298,22.0517],[104.7289,22.0539],[104.7294,22.0553],[104.7321,22.0602],[104.7354,22.0624],[104.7363,22.0652],[104.7357,22.0672],[104.7329,22.07],[104.731,22.073],[104.7289,22.0779],[104.725,22.0812],[104.7179,22.0825],[104.7157,22.0834],[104.7121,22.0869],[104.7115,22.089],[104.7112,22.0948],[104.7102,22.0974],[104.7078,22.1012],[104.7042,22.1015],[104.7016,22.0992],[104.699,22.0988],[104.6977,22.0998],[104.6962,22.103],[104.6982,22.1064],[104.6981,22.1127],[104.6985,22.1146],[104.701,22.1173],[104.7005,22.1196],[104.6975,22.1223],[104.6956,22.1268],[104.6926,22.1288],[104.6878,22.1306],[104.6842,22.1332],[104.6808,22.1365],[104.6772,22.1387],[104.6743,22.1427],[104.6719,22.1441],[104.6715,22.1456],[104.6737,22.1472],[104.674,22.149],[104.6723,22.1501],[104.6685,22.1499],[104.6664,22.1503],[104.6603,22.1503],[104.6551,22.1513],[104.6501,22.1537],[104.6477,22.1539],[104.6452,22.1529],[104.6434,22.1539],[104.6433,22.159],[104.6424,22.1623],[104.6403,22.1643],[104.6357,22.1673],[104.6298,22.1703],[104.6241,22.1728],[104.6214,22.1758]]]},"properties":{"name":"Tân Lĩnh","level":"ward"}},{"type":"Feature","geometry":{"type":"Polygon","coordinates":[[[104.5625,22.0864],[104.566,22.0895],[104.5661,22.0924],[104.5685,22.0961],[104.5722,22.0984],[104.5703,22.103],[104.5736,22.1066],[104.5747,22.1102],[104.5775,22.1105],[104.5813,22.1128],[104.5835,22.1123],[104.5791,22.1173],[104.5788,22.1212],[104.5802,22.1235],[104.5801,22.1264],[104.5812,22.1279],[104.5815,22.1353],[104.5801,22.1388],[104.5823,22.1398],[104.5833,22.142],[104.5854,22.1435],[104.5847,22.1466],[104.5837,22.1478],[104.583,22.1514],[104.5809,22.1549],[104.5831,22.1566],[104.5858,22.1569],[104.5893,22.1594],[104.5859,22.1641],[104.5839,22.1663],[104.5833,22.1688],[104.5838,22.1705],[104.5832,22.1769],[104.5874,22.1791],[104.5906,22.1822],[104.5922,22.1807],[104.5946,22.1811],[104.5993,22.1829],[104.601,22.1819],[104.6016,22.1783],[104.6029,22.1759],[104.6047,22.1753],[104.6085,22.177],[104.6101,22.177],[104.6148,22.1755],[104.6189,22.1782],[104.6214,22.1758],[104.6241,22.1728],[104.6298,22.1703],[104.6357,22.1673],[104.6403,22.1643],[104.6424,22.1623],[104.6433,22.159],[104.6434,22.1539],[104.6452,22.1529],[104.6477,22.1539],[104.6501,22.1537],[104.6551,22.1513],[104.6603,22.1503],[104.6664,22.1503],[104.6685,22.1499],[104.6723,22.1501],[104.674,22.149],[104.6737,22.1472],[104.6715,22.1456],[104.6719,22.1441],[104.6743,22.1427],[104.6772,22.1387],[104.6808,22.1365],[104.6842,22.1332],[104.6878,22.1306],[104.6926,22.1288],[104.6956,22.1268],[104.6975,22.1223],[104.7005,22.1196],[104.701,22.1173],[104.6985,22.1146],[104.6981,22.1127],[104.6982,22.1064],[104.6962,22.103],[104.6977,22.0998],[104.699,22.0988],[104.7016,22.0992],[104.7042,22.1015],[104.7078,22.1012],[104.7102,22.0974],[104.7112,22.0948],[104.7115,22.089],[104.7121,22.0869],[104.7157,22.0834],[104.7179,22.0825],[104.725,22.0812],[104.7289,22.0779],[104.731,22.073],[104.7329,22.07],[104.7357,22.0672],[104.7363,22.0652],[104.7354,22.0624],[104.7321,22.0602],[104.7294,22.0553],[104.719,22.0603],[104.7134,22.0682],[104.7021,22.0668],[104.6987,22.0692],[104.6921,22.0728],[104.6878,22.0722],[104.6855,22.0713],[104.6872,22.0681],[104.6928,22.0654],[104.6959,22.0609],[104.686,22.0534],[104.6861,22.051],[104.6846,22.0475],[104.683,22.0478],[104.6813,22.0509],[104.6794,22.0528],[104.6743,22.0559],[104.6733,22.0572],[104.6713,22.0563],[104.6672,22.0579],[104.6646,22.0576],[104.6627,22.0585],[104.6623,22.0603],[104.6587,22.063],[104.6558,22.0662],[104.6548,22.0688],[104.6511,22.0699],[104.6487,22.0715],[104.6467,22.075],[104.6458,22.0778],[104.6438,22.08],[104.6417,22.08],[104.6355,22.0754],[104.6368,22.0735],[104.6373,22.0708],[104.6361,22.0653],[104.6343,22.0653],[104.6287,22.0633],[104.625,22.0651],[104.6237,22.0628],[104.6211,22.0621],[104.6183,22.0604],[104.6159,22.0611],[104.6131,22.0578],[104.6109,22.0562],[104.6104,22.051],[104.6112,22.0463],[104.6119,22.0448],[104.6095,22.0424],[104.6071,22.0421],[104.6059,22.0401],[104.6009,22.043],[104.5958,22.0448],[104.5917,22.045],[104.5903,22.0478],[104.5901,22.051],[104.5852,22.0521],[104.5846,22.0543],[104.5829,22.0568],[104.583,22.0586],[104.5817,22.065],[104.5795,22.0658],[104.5761,22.0697],[104.5736,22.071],[104.5727,22.0743],[104.5677,22.0788],[104.5632,22.0803],[104.5634,22.0832],[104.5625,22.0864]]]},"properties":{"name":"Khánh Hoà","level":"ward"}},{"type":"Feature","geometry":{"type":"Polygon","coordinates":[[[104.7996,22.0484],[104.8006,22.0502],[104.8022,22.0499],[104.8059,22.052],[104.8043,22.0542],[104.8061,22.0555],[104.8076,22.0541],[104.8122,22.0576],[104.8163,22.0618],[104.8159,22.0656],[104.819,22.0688],[104.8185,22.0711],[104.8212,22.0731],[104.8195,22.0751],[104.8185,22.0804],[104.8189,22.0819],[104.8214,22.0838],[104.8197,22.0871],[104.8213,22.09],[104.8266,22.0914],[104.8265,22.0937],[104.8275,22.0955],[104.8268,22.0975],[104.8276,22.099],[104.8236,22.0997],[104.8233,22.1026],[104.8205,22.1043],[104.8234,22.1072],[104.8262,22.1116],[104.8262,22.113],[104.8207,22.1117],[104.8177,22.1124],[104.8141,22.1157],[104.8108,22.1192],[104.8107,22.1204],[104.8078,22.1259],[104.8078,22.1344],[104.8053,22.1362],[104.8035,22.1393],[104.8032,22.1425],[104.8037,22.148],[104.8011,22.1502],[104.8008,22.1529],[104.7989,22.1547],[104.7935,22.1566],[104.7908,22.1602],[104.7857,22.1617],[104.7809,22.164],[104.7801,22.1667],[104.7797,22.1707],[104.7844,22.1725],[104.7874,22.1727],[104.7892,22.1745],[104.7919,22.1739],[104.794,22.1711],[104.7964,22.1716],[104.7998,22.17],[104.8014,22.1716],[104.8071,22.1719],[104.8081,22.1733],[104.8111,22.174],[104.8139,22.1755],[104.8143,22.1768],[104.8183,22.1788],[104.8192,22.1808],[104.8188,22.1841],[104.8199,22.1851],[104.8229,22.184],[104.825,22.1822],[104.8293,22.1799],[104.8296,22.1783],[104.832,22.179],[104.8346,22.1808],[104.8388,22.1797],[104.8405,22.1816],[104.8437,22.1828],[104.8458,22.185],[104.8487,22.1851],[104.8488,22.1806],[104.8506,22.1783],[104.8504,22.1756],[104.8523,22.1717],[104.8556,22.1703],[104.8558,22.1686],[104.8537,22.1638],[104.855,22.1618],[104.8543,22.1603],[104.8542,22.1569],[104.8563,22.1545],[104.8588,22.153],[104.8596,22.1481],[104.8622,22.1479],[104.862,22.1448],[104.8635,22.1415],[104.8604,22.1369],[104.8596,22.1345],[104.8617,22.1324],[104.8592,22.1289],[104.8594,22.1259],[104.8603,22.1249],[104.8605,22.122],[104.8619,22.1194],[104.8636,22.1186],[104.8633,22.1153],[104.865,22.1122],[104.8644,22.1098],[104.8656,22.1065],[104.8646,22.0997],[104.8648,22.0965],[104.8713,22.0921],[104.8717,22.0895],[104.8712,22.0863],[104.8737,22.0832],[104.8734,22.0811],[104.8752,22.079],[104.8795,22.0754],[104.8812,22.0747],[104.8818,22.0723],[104.88,22.0688],[104.8774,22.068],[104.8758,22.0638],[104.8734,22.0618],[104.875,22.0553],[104.8745,22.0544],[104.8756,22.0507],[104.8776,22.0473],[104.8766,22.0462],[104.8741,22.0466],[104.8712,22.0451],[104.8717,22.0425],[104.8707,22.0408],[104.8681,22.0399],[104.8627,22.0369],[104.8615,22.0343],[104.8634,22.0296],[104.8666,22.0238],[104.87,22.019],[104.8703,22.0067],[104.8699,22.0014],[104.8686,22],[104.8692,21.9931],[104.8718,21.986],[104.8754,21.9809],[104.8677,21.9812],[104.8645,21.9772],[104.8638,21.9735],[104.8685,21.9607],[104.8592,21.9541],[104.8636,21.9416],[104.848,21.95],[104.8432,21.9418],[104.8441,21.9332],[104.8373,21.9325],[104.8387,21.9346],[104.8377,21.9387],[104.8384,21.9402],[104.8391,21.9471],[104.8356,21.9506],[104.8372,21.9535],[104.8373,21.9567],[104.8384,21.9584],[104.8388,21.9612],[104.8362,21.9642],[104.8342,21.9651],[104.8315,21.9632],[104.8271,21.9638],[104.8262,21.9653],[104.8266,21.9678],[104.8282,21.9693],[104.8288,21.9734],[104.8272,21.976],[104.8223,21.9771],[104.8212,21.9787],[104.8233,21.9817],[104.8214,21.9851],[104.821,21.9898],[104.8195,21.9902],[104.8144,21.9942],[104.8146,21.9965],[104.8116,21.9974],[104.8092,22.0001],[104.8088,22.0032],[104.8101,22.0068],[104.8126,22.0072],[104.8137,22.0123],[104.8083,22.0146],[104.8068,22.0194],[104.8039,22.0201],[104.8009,22.0229],[104.8018,22.0257],[104.802,22.0322],[104.803,22.0345],[104.8013,22.0352],[104.8015,22.0382],[104.7995,22.0431],[104.798,22.0449],[104.798,22.0472],[104.7996,22.0484]]]},"properties":{"name":"Mường Lai","level":"ward"}},{"type":"Feature","geometry":{"type":"Polygon","coordinates":[[[104.7294,22.0553],[104.7289,22.0539],[104.7298,22.0517],[104.7323,22.0502],[104.7342,22.0498],[104.7356,22.0494],[104.7375,22.0467],[104.7385,22.0449],[104.7408,22.0433],[104.7434,22.0431],[104.7482,22.0441],[104.751,22.0427],[104.7511,22.0405],[104.7486,22.0384],[104.7483,22.0368],[104.7496,22.0344],[104.7498,22.0305],[104.7508,22.0298],[104.7569,22.0298],[104.7577,22.0282],[104.7573,22.0251],[104.7535,22.0221],[104.7537,22.0211],[104.7577,22.0187],[104.7591,22.0171],[104.7585,22.0159],[104.7556,22.0146],[104.7562,22.0112],[104.7615,22.0107],[104.7636,22.0098],[104.7667,22.0073],[104.7697,21.9996],[104.7715,21.9969],[104.773,21.9964],[104.7844,21.9958],[104.7859,21.9945],[104.7853,21.991],[104.7888,21.9841],[104.7875,21.981],[104.7875,21.978],[104.792,21.9755],[104.7939,21.9737],[104.7952,21.9706],[104.7993,21.9675],[104.7971,21.9649],[104.7948,21.9641],[104.7919,21.965],[104.7888,21.9626],[104.7862,21.963],[104.7788,21.9601],[104.7746,21.9569],[104.7714,21.9563],[104.7712,21.9563],[104.768,21.9548],[104.7658,21.9568],[104.7626,21.9562],[104.7572,21.9539],[104.7548,21.9506],[104.7489,21.9475],[104.7502,21.9451],[104.7508,21.9408],[104.7506,21.94],[104.7496,21.9392],[104.7457,21.9373],[104.7438,21.9346],[104.7436,21.9345],[104.7433,21.9343],[104.7417,21.9341],[104.7381,21.9302],[104.736,21.9328],[104.7328,21.9324],[104.73,21.934],[104.7282,21.9338],[104.7247,21.9353],[104.7205,21.9351],[104.7175,21.9341],[104.7149,21.935],[104.7141,21.9371],[104.712,21.9398],[104.7098,21.9407],[104.7087,21.9438],[104.709,21.9457],[104.7065,21.948],[104.7042,21.9486],[104.7011,21.9531],[104.6965,21.9572],[104.6951,21.9594],[104.6923,21.9615],[104.6868,21.9641],[104.6831,21.9668],[104.6826,21.9688],[104.6806,21.9704],[104.6794,21.9735],[104.6751,21.9752],[104.6727,21.9767],[104.6665,21.9794],[104.6648,21.9809],[104.6657,21.9857],[104.664,21.9881],[104.6634,21.9917],[104.6613,21.9945],[104.6581,21.9961],[104.6544,21.9969],[104.6505,21.9995],[104.6494,22.0036],[104.6477,22.0048],[104.6448,22.0098],[104.6421,22.0109],[104.6402,22.0133],[104.6382,22.0141],[104.6368,22.0162],[104.6343,22.0179],[104.631,22.0172],[104.6295,22.0179],[104.6252,22.0164],[104.6223,22.0177],[104.6203,22.0211],[104.6163,22.0246],[104.6157,22.0282],[104.6165,22.0303],[104.6119,22.035],[104.6063,22.0389],[104.6059,22.0401],[104.6071,22.0421],[104.6095,22.0424],[104.6119,22.0448],[104.6112,22.0463],[104.6104,22.051],[104.6109,22.0562],[104.6131,22.0578],[104.6159,22.0611],[104.6183,22.0604],[104.6211,22.0621],[104.6237,22.0628],[104.625,22.0651],[104.6287,22.0633],[104.6343,22.0653],[104.6361,22.0653],[104.6373,22.0708],[104.6368,22.0735],[104.6355,22.0754],[104.6417,22.08],[104.6438,22.08],[104.6458,22.0778],[104.6467,22.075],[104.6487,22.0715],[104.6511,22.0699],[104.6548,22.0688],[104.6558,22.0662],[104.6587,22.063],[104.6623,22.0603],[104.6627,22.0585],[104.6646,22.0576],[104.6672,22.0579],[104.6713,22.0563],[104.6733,22.0572],[104.6743,22.0559],[104.6794,22.0528],[104.6813,22.0509],[104.683,22.0478],[104.6846,22.0475],[104.6861,22.051],[104.686,22.0534],[104.6959,22.0609],[104.6928,22.0654],[104.6872,22.0681],[104.6855,22.0713],[104.6878,22.0722],[104.6921,22.0728],[104.6987,22.0692],[104.7021,22.0668],[104.7134,22.0682],[104.719,22.0603],[104.7294,22.0553]]]},"properties":{"name":"Phúc Lợi","level":"ward"}},{"type":"Feature","geometry":{"type":"Polygon","coordinates":[[[104.6831,21.9668],[104.6868,21.9641],[104.6923,21.9615],[104.6951,21.9594],[104.6965,21.9572],[104.7011,21.9531],[104.7042,21.9486],[104.7065,21.948],[104.709,21.9457],[104.7087,21.9438],[104.7098,21.9407],[104.712,21.9398],[104.7141,21.9371],[104.7149,21.935],[104.7175,21.9341],[104.7205,21.9351],[104.7247,21.9353],[104.7282,21.9338],[104.73,21.934],[104.7328,21.9324],[104.736,21.9328],[104.7381,21.9302],[104.7417,21.9341],[104.7433,21.9343],[104.7436,21.9345],[104.748,21.9304],[104.7479,21.9284],[104.7459,21.9242],[104.7484,21.9213],[104.7501,21.9218],[104.7527,21.921],[104.7499,21.9186],[104.7488,21.9169],[104.7493,21.915],[104.7519,21.9144],[104.7541,21.9149],[104.7575,21.9139],[104.7622,21.9112],[104.7673,21.9135],[104.7688,21.9127],[104.7709,21.9101],[104.7741,21.9093],[104.7794,21.9052],[104.7826,21.9037],[104.7837,21.9009],[104.7868,21.8953],[104.7853,21.8934],[104.7859,21.8879],[104.7902,21.8855],[104.7917,21.8831],[104.7917,21.8805],[104.7925,21.8777],[104.7904,21.878],[104.7865,21.8765],[104.7847,21.8721],[104.7831,21.8711],[104.781,21.873],[104.7779,21.8717],[104.7749,21.8692],[104.7756,21.8654],[104.7762,21.859],[104.7748,21.8572],[104.7742,21.8545],[104.7711,21.8522],[104.7694,21.85],[104.7697,21.8481],[104.7687,21.8449],[104.7667,21.8458],[104.7646,21.8455],[104.7613,21.8467],[104.7576,21.8429],[104.7551,21.8429],[104.7504,21.8408],[104.747,21.8408],[104.7434,21.84],[104.7413,21.8371],[104.7399,21.8388],[104.732,21.8447],[104.7264,21.8472],[104.7246,21.8492],[104.7223,21.8534],[104.7188,21.858],[104.7135,21.8636],[104.7088,21.8668],[104.7052,21.8685],[104.702,21.8686],[104.6949,21.8668],[104.6924,21.8664],[104.6898,21.867],[104.6852,21.8699],[104.6838,21.8712],[104.6822,21.8621],[104.6796,21.8615],[104.6762,21.8646],[104.6725,21.8635],[104.671,21.8624],[104.671,21.8588],[104.6687,21.8592],[104.668,21.8606],[104.6645,21.8614],[104.6616,21.8634],[104.6573,21.8619],[104.654,21.8646],[104.6514,21.8655],[104.6479,21.8644],[104.6486,21.8626],[104.6444,21.8595],[104.6399,21.8602],[104.6365,21.8576],[104.6364,21.8542],[104.6345,21.8526],[104.6333,21.8499],[104.6312,21.8475],[104.6325,21.8437],[104.6339,21.8422],[104.6312,21.8418],[104.6234,21.8447],[104.6224,21.8467],[104.6192,21.8504],[104.6174,21.851],[104.6147,21.8535],[104.6142,21.8573],[104.609,21.8586],[104.6106,21.861],[104.6096,21.8645],[104.6068,21.8674],[104.6071,21.8702],[104.608,21.8714],[104.6132,21.8745],[104.6189,21.877],[104.6178,21.8796],[104.6187,21.8836],[104.6251,21.8829],[104.6262,21.8845],[104.6291,21.885],[104.6317,21.8868],[104.6359,21.8908],[104.6359,21.8921],[104.6387,21.8929],[104.6387,21.897],[104.642,21.8998],[104.6418,21.9022],[104.6431,21.9048],[104.6458,21.9058],[104.6452,21.9084],[104.6422,21.9076],[104.6357,21.9068],[104.6329,21.908],[104.6308,21.9127],[104.6312,21.9156],[104.6332,21.919],[104.6357,21.9215],[104.6371,21.9246],[104.6357,21.9284],[104.6334,21.9299],[104.6329,21.9321],[104.6396,21.9347],[104.6439,21.938],[104.6484,21.9362],[104.6498,21.9345],[104.6531,21.9371],[104.6546,21.9399],[104.657,21.9421],[104.6574,21.9442],[104.661,21.9453],[104.6629,21.9478],[104.6673,21.95],[104.6726,21.9516],[104.6735,21.9532],[104.6774,21.9567],[104.6788,21.9622],[104.6831,21.9668]]]},"properties":{"name":"Mậu A","level":"ward"}},{"type":"Feature","geometry":{"type":"Polygon","coordinates":[[[104.4171,22.2001],[104.4233,22.1996],[104.4266,22.1985],[104.4278,22.1964],[104.4317,22.1944],[104.4354,22.1934],[104.4385,22.1884],[104.4383,22.1871],[104.442,22.1846],[104.4454,22.1844],[104.4474,22.1863],[104.4507,22.1847],[104.4537,22.1854],[104.4562,22.1824],[104.4562,22.1777],[104.4579,22.1768],[104.4565,22.1745],[104.4576,22.1731],[104.4573,22.1702],[104.4614,22.1687],[104.4696,22.1625],[104.4718,22.1621],[104.4736,22.1602],[104.4745,22.1562],[104.4809,22.1521],[104.4842,22.1472],[104.4853,22.1441],[104.491,22.1419],[104.4925,22.1415],[104.4975,22.1367],[104.501,22.1352],[104.5019,22.1333],[104.5074,22.1309],[104.5112,22.1274],[104.5146,22.127],[104.5175,22.1257],[104.5214,22.123],[104.5227,22.1193],[104.5267,22.1133],[104.5278,22.111],[104.5341,22.109],[104.538,22.1059],[104.5412,22.1021],[104.5454,22.1003],[104.5456,22.0986],[104.5472,22.0978],[104.5487,22.094],[104.5499,22.0924],[104.5561,22.0905],[104.5625,22.0864],[104.5634,22.0832],[104.5632,22.0803],[104.5677,22.0788],[104.5727,22.0743],[104.5736,22.071],[104.5761,22.0697],[104.5795,22.0658],[104.5817,22.065],[104.583,22.0586],[104.5829,22.0568],[104.5846,22.0543],[104.5852,22.0521],[104.5901,22.051],[104.5903,22.0478],[104.5917,22.045],[104.5899,22.0414],[104.5864,22.0399],[104.5832,22.0373],[104.5817,22.0372],[104.5787,22.0352],[104.5775,22.0383],[104.5716,22.0426],[104.5655,22.0422],[104.5629,22.0393],[104.5621,22.0366],[104.5625,22.0334],[104.5562,22.0346],[104.5544,22.0315],[104.553,22.0252],[104.5515,22.0225],[104.5486,22.0223],[104.5449,22.0189],[104.544,22.016],[104.5416,22.0147],[104.5397,22.0146],[104.5373,22.0132],[104.5354,22.0156],[104.5323,22.0174],[104.5271,22.0182],[104.5186,22.021],[104.5117,22.0214],[104.5086,22.0219],[104.5057,22.0235],[104.5043,22.0261],[104.5026,22.0352],[104.4986,22.0421],[104.4959,22.0441],[104.4898,22.045],[104.484,22.0464],[104.4815,22.048],[104.48,22.0502],[104.4793,22.055],[104.4769,22.0608],[104.4716,22.0644],[104.4667,22.0683],[104.4661,22.0697],[104.4661,22.0739],[104.4646,22.0769],[104.4573,22.0846],[104.4549,22.0867],[104.45,22.0888],[104.4431,22.0923],[104.4384,22.093],[104.4328,22.0946],[104.4295,22.0962],[104.4269,22.0981],[104.4261,22.1004],[104.4271,22.1074],[104.4251,22.1108],[104.422,22.1126],[104.4197,22.1124],[104.4134,22.1097],[104.4105,22.1095],[104.4086,22.1116],[104.4055,22.1191],[104.4039,22.1233],[104.4037,22.1279],[104.4011,22.1322],[104.3973,22.1368],[104.3937,22.1398],[104.3948,22.1428],[104.397,22.1437],[104.4026,22.1496],[104.4004,22.1513],[104.3994,22.1531],[104.3997,22.1568],[104.3981,22.1576],[104.3962,22.1599],[104.3933,22.1608],[104.3916,22.1601],[104.3913,22.1635],[104.3899,22.166],[104.3891,22.1701],[104.3873,22.1732],[104.3851,22.1741],[104.3843,22.1758],[104.3877,22.176],[104.3896,22.1772],[104.3914,22.1763],[104.3968,22.1775],[104.3998,22.1845],[104.4055,22.1876],[104.4047,22.1916],[104.4113,22.1938],[104.4141,22.1995],[104.4171,22.2001]]]},"properties":{"name":"Lâm Giang","level":"ward"}},{"type":"Feature","geometry":{"type":"Polygon","coordinates":[[[104.3773,22.0835],[104.3791,22.0847],[104.3797,22.0912],[104.3805,22.092],[104.3872,22.0935],[104.3901,22.0952],[104.3899,22.0967],[104.3903,22.1031],[104.3956,22.1086],[104.3967,22.1112],[104.3961,22.113],[104.3992,22.1146],[104.4025,22.1177],[104.4055,22.1191],[104.4086,22.1116],[104.4105,22.1095],[104.4134,22.1097],[104.4197,22.1124],[104.422,22.1126],[104.4251,22.1108],[104.4271,22.1074],[104.4261,22.1004],[104.4269,22.0981],[104.4295,22.0962],[104.4328,22.0946],[104.4384,22.093],[104.4431,22.0923],[104.45,22.0888],[104.4549,22.0867],[104.4573,22.0846],[104.4646,22.0769],[104.4661,22.0739],[104.4661,22.0697],[104.4667,22.0683],[104.4716,22.0644],[104.4769,22.0608],[104.4793,22.055],[104.48,22.0502],[104.4815,22.048],[104.484,22.0464],[104.4898,22.045],[104.4959,22.0441],[104.4986,22.0421],[104.5026,22.0352],[104.5043,22.0261],[104.5057,22.0235],[104.5086,22.0219],[104.5117,22.0214],[104.5186,22.021],[104.5271,22.0182],[104.5323,22.0174],[104.5354,22.0156],[104.5373,22.0132],[104.541,22.007],[104.5439,22.0045],[104.5487,22.0022],[104.5525,21.9991],[104.5526,21.9969],[104.5489,21.9929],[104.5439,21.9905],[104.5386,21.9859],[104.5401,21.9832],[104.5373,21.981],[104.5355,21.9786],[104.5322,21.9772],[104.5324,21.9743],[104.5314,21.9734],[104.5333,21.971],[104.534,21.9686],[104.5311,21.9658],[104.5314,21.9635],[104.53,21.9622],[104.5293,21.9588],[104.5273,21.9588],[104.5235,21.9534],[104.5216,21.9527],[104.5194,21.952],[104.5166,21.9535],[104.5166,21.9549],[104.5132,21.9541],[104.5085,21.952],[104.5029,21.9544],[104.4996,21.9527],[104.4977,21.9528],[104.4964,21.9516],[104.4931,21.9527],[104.4894,21.9528],[104.4916,21.9551],[104.4917,21.9575],[104.4892,21.96],[104.4857,21.9606],[104.4828,21.9602],[104.4803,21.9627],[104.4713,21.964],[104.4688,21.967],[104.4645,21.9666],[104.4623,21.9629],[104.4604,21.9619],[104.4565,21.962],[104.4543,21.9595],[104.4511,21.958],[104.4474,21.9533],[104.4434,21.9535],[104.4419,21.9545],[104.437,21.954],[104.4337,21.9514],[104.4314,21.9507],[104.4293,21.9527],[104.4286,21.9551],[104.4299,21.9604],[104.4297,21.9632],[104.4282,21.965],[104.4303,21.9713],[104.429,21.9834],[104.4257,21.987],[104.4263,21.9887],[104.4232,21.9903],[104.4223,21.9926],[104.4226,21.9952],[104.4215,21.9986],[104.4211,22.0025],[104.4216,22.0047],[104.4202,22.0052],[104.4195,22.0073],[104.417,22.0104],[104.4193,22.014],[104.4169,22.0186],[104.4169,22.0213],[104.416,22.0251],[104.4146,22.0276],[104.4145,22.0294],[104.4124,22.0325],[104.4086,22.0319],[104.4079,22.0345],[104.4057,22.0367],[104.4037,22.0405],[104.4017,22.0431],[104.4016,22.0452],[104.3986,22.0466],[104.3981,22.0477],[104.3931,22.0485],[104.3922,22.0543],[104.3888,22.0592],[104.3886,22.0615],[104.3856,22.0636],[104.3846,22.0654],[104.3819,22.0664],[104.38,22.066],[104.3778,22.0671],[104.38,22.0701],[104.3793,22.0727],[104.3798,22.078],[104.3787,22.0817],[104.3773,22.0835]]]},"properties":{"name":"Châu Quế","level":"ward"}},{"type":"Feature","geometry":{"type":"Polygon","coordinates":[[[104.5917,22.045],[104.5958,22.0448],[104.6009,22.043],[104.6059,22.0401],[104.6063,22.0389],[104.6119,22.035],[104.6165,22.0303],[104.6157,22.0282],[104.6163,22.0246],[104.6203,22.0211],[104.6223,22.0177],[104.6252,22.0164],[104.6295,22.0179],[104.631,22.0172],[104.6343,22.0179],[104.6368,22.0162],[104.6382,22.0141],[104.6402,22.0133],[104.6421,22.0109],[104.6448,22.0098],[104.6477,22.0048],[104.6494,22.0036],[104.6505,21.9995],[104.6544,21.9969],[104.6581,21.9961],[104.6613,21.9945],[104.6634,21.9917],[104.664,21.9881],[104.6657,21.9857],[104.6648,21.9809],[104.6665,21.9794],[104.6727,21.9767],[104.6751,21.9752],[104.6794,21.9735],[104.6806,21.9704],[104.6826,21.9688],[104.6831,21.9668],[104.6788,21.9622],[104.6774,21.9567],[104.6735,21.9532],[104.6726,21.9516],[104.6673,21.95],[104.6629,21.9478],[104.661,21.9453],[104.6574,21.9442],[104.657,21.9421],[104.6546,21.9399],[104.6531,21.9371],[104.6498,21.9345],[104.6484,21.9362],[104.6439,21.938],[104.6396,21.9347],[104.6329,21.9321],[104.6334,21.9299],[104.6311,21.9305],[104.6269,21.9298],[104.622,21.9236],[104.6178,21.9216],[104.6164,21.9225],[104.612,21.9288],[104.6097,21.9304],[104.6077,21.9301],[104.6053,21.9279],[104.6031,21.9274],[104.5996,21.9283],[104.5967,21.9317],[104.5944,21.9298],[104.5885,21.9278],[104.5824,21.9289],[104.5754,21.9259],[104.5695,21.9212],[104.5661,21.9223],[104.5644,21.9215],[104.5624,21.9246],[104.5593,21.9259],[104.5526,21.925],[104.5492,21.9224],[104.5451,21.9225],[104.541,21.9244],[104.5385,21.9294],[104.5293,21.9369],[104.5288,21.9418],[104.5278,21.9434],[104.5282,21.9472],[104.5238,21.95],[104.5216,21.9527],[104.5235,21.9534],[104.5273,21.9588],[104.5293,21.9588],[104.53,21.9622],[104.5314,21.9635],[104.5311,21.9658],[104.534,21.9686],[104.5333,21.971],[104.5314,21.9734],[104.5324,21.9743],[104.5322,21.9772],[104.5355,21.9786],[104.5373,21.981],[104.5401,21.9832],[104.5386,21.9859],[104.5439,21.9905],[104.5489,21.9929],[104.5526,21.9969],[104.5525,21.9991],[104.5487,22.0022],[104.5439,22.0045],[104.541,22.007],[104.5373,22.0132],[104.5397,22.0146],[104.5416,22.0147],[104.544,22.016],[104.5449,22.0189],[104.5486,22.0223],[104.5515,22.0225],[104.553,22.0252],[104.5544,22.0315],[104.5562,22.0346],[104.5625,22.0334],[104.5621,22.0366],[104.5629,22.0393],[104.5655,22.0422],[104.5716,22.0426],[104.5775,22.0383],[104.5787,22.0352],[104.5817,22.0372],[104.5832,22.0373],[104.5864,22.0399],[104.5899,22.0414],[104.5917,22.045]]]},"properties":{"name":"Đông Cuông","level":"ward"}},{"type":"Feature","geometry":{"type":"Polygon","coordinates":[[[104.3855,21.8989],[104.3863,21.904],[104.3862,21.9086],[104.3869,21.9114],[104.3924,21.9147],[104.3955,21.9173],[104.3961,21.9196],[104.3987,21.9203],[104.4034,21.9199],[104.4057,21.9202],[104.4065,21.9215],[104.4104,21.9244],[104.415,21.9286],[104.4153,21.9297],[104.4197,21.9306],[104.4218,21.9316],[104.4236,21.9342],[104.4285,21.9367],[104.4308,21.9448],[104.4325,21.9459],[104.4314,21.9507],[104.4337,21.9514],[104.437,21.954],[104.4419,21.9545],[104.4434,21.9535],[104.4474,21.9533],[104.4511,21.958],[104.4543,21.9595],[104.4565,21.962],[104.4604,21.9619],[104.4623,21.9629],[104.4645,21.9666],[104.4688,21.967],[104.4713,21.964],[104.4803,21.9627],[104.4828,21.9602],[104.4857,21.9606],[104.4892,21.96],[104.4917,21.9575],[104.4916,21.9551],[104.4894,21.9528],[104.4931,21.9527],[104.4964,21.9516],[104.4977,21.9528],[104.4996,21.9527],[104.5029,21.9544],[104.5085,21.952],[104.5132,21.9541],[104.5166,21.9549],[104.5166,21.9535],[104.5194,21.952],[104.5216,21.9527],[104.5238,21.95],[104.5282,21.9472],[104.5278,21.9434],[104.5288,21.9418],[104.5293,21.9369],[104.5385,21.9294],[104.541,21.9244],[104.5451,21.9225],[104.5492,21.9224],[104.5526,21.925],[104.5593,21.9259],[104.5624,21.9246],[104.5644,21.9215],[104.5627,21.9206],[104.5623,21.9186],[104.5601,21.9155],[104.5598,21.9134],[104.5608,21.9092],[104.5632,21.9064],[104.5644,21.9032],[104.5681,21.8982],[104.5673,21.8967],[104.5676,21.8939],[104.564,21.8894],[104.564,21.8882],[104.5617,21.8864],[104.5604,21.88],[104.5563,21.8793],[104.5533,21.878],[104.552,21.8761],[104.5492,21.8753],[104.5473,21.8719],[104.5438,21.8707],[104.5407,21.8687],[104.5377,21.8677],[104.537,21.8666],[104.5336,21.8664],[104.5323,21.8642],[104.5301,21.8633],[104.5278,21.8599],[104.5281,21.8569],[104.5235,21.856],[104.5231,21.8536],[104.521,21.8494],[104.5185,21.8403],[104.5168,21.8375],[104.5177,21.8332],[104.51,21.8249],[104.5074,21.8283],[104.5049,21.8296],[104.5028,21.8315],[104.5003,21.8358],[104.4972,21.8378],[104.4952,21.8383],[104.4926,21.8408],[104.4891,21.8411],[104.4874,21.8398],[104.4854,21.84],[104.4809,21.843],[104.4793,21.8489],[104.4761,21.8511],[104.4767,21.856],[104.4744,21.8583],[104.4753,21.8611],[104.4747,21.8651],[104.4734,21.8676],[104.4749,21.8696],[104.4744,21.8767],[104.4728,21.8781],[104.4725,21.8867],[104.4709,21.8876],[104.4679,21.8875],[104.466,21.8863],[104.4636,21.8881],[104.4601,21.8917],[104.4557,21.8917],[104.4508,21.8991],[104.4384,21.9026],[104.4323,21.9017],[104.4277,21.9033],[104.4205,21.8994],[104.4114,21.8995],[104.4095,21.9014],[104.4071,21.9013],[104.4013,21.9],[104.3946,21.899],[104.3912,21.9002],[104.3884,21.9],[104.3855,21.8989]]]},"properties":{"name":"Phong Dụ Hạ","level":"ward"}},{"type":"Feature","geometry":{"type":"Polygon","coordinates":[[[104.3538,21.8752],[104.3564,21.8776],[104.3586,21.8778],[104.3613,21.88],[104.3627,21.8839],[104.3666,21.8851],[104.3692,21.8871],[104.3719,21.8873],[104.3739,21.8886],[104.3758,21.8912],[104.3788,21.8931],[104.384,21.8982],[104.3855,21.8989],[104.3884,21.9],[104.3912,21.9002],[104.3946,21.899],[104.4013,21.9],[104.4071,21.9013],[104.4095,21.9014],[104.4114,21.8995],[104.4205,21.8994],[104.4277,21.9033],[104.4323,21.9017],[104.4384,21.9026],[104.4508,21.8991],[104.4557,21.8917],[104.4601,21.8917],[104.4636,21.8881],[104.466,21.8863],[104.4679,21.8875],[104.4709,21.8876],[104.4725,21.8867],[104.4728,21.8781],[104.4744,21.8767],[104.4749,21.8696],[104.4734,21.8676],[104.4747,21.8651],[104.4753,21.8611],[104.4744,21.8583],[104.4767,21.856],[104.4761,21.8511],[104.4793,21.8489],[104.4809,21.843],[104.4854,21.84],[104.4874,21.8398],[104.4891,21.8411],[104.4926,21.8408],[104.4952,21.8383],[104.4972,21.8378],[104.5003,21.8358],[104.5028,21.8315],[104.5049,21.8296],[104.5074,21.8283],[104.51,21.8249],[104.5107,21.8229],[104.5104,21.8207],[104.5116,21.8159],[104.5113,21.8131],[104.5118,21.8106],[104.509,21.8097],[104.5081,21.8074],[104.5087,21.8061],[104.5061,21.7996],[104.5085,21.792],[104.5074,21.7895],[104.5069,21.7863],[104.5054,21.7849],[104.4987,21.78],[104.4976,21.7752],[104.4981,21.7718],[104.4919,21.768],[104.4839,21.7639],[104.4737,21.7613],[104.4701,21.7608],[104.4674,21.7541],[104.461,21.7426],[104.4496,21.7452],[104.4447,21.7485],[104.4439,21.7537],[104.4422,21.7563],[104.4368,21.7555],[104.429,21.7573],[104.425,21.7591],[104.425,21.7632],[104.4303,21.7714],[104.4275,21.7705],[104.4224,21.7712],[104.421,21.7747],[104.419,21.7775],[104.4159,21.7797],[104.4155,21.7839],[104.4173,21.7854],[104.4174,21.791],[104.4146,21.7926],[104.4129,21.7944],[104.4097,21.7935],[104.4055,21.7947],[104.4042,21.7951],[104.4021,21.7941],[104.399,21.7941],[104.3965,21.7953],[104.3946,21.7949],[104.3891,21.7988],[104.3872,21.8015],[104.3844,21.8035],[104.3846,21.8064],[104.3829,21.8075],[104.3806,21.8107],[104.3789,21.814],[104.3752,21.8156],[104.3735,21.8171],[104.3718,21.8165],[104.3667,21.8178],[104.3646,21.8191],[104.3609,21.8199],[104.3588,21.8218],[104.353,21.8235],[104.3508,21.8255],[104.3471,21.8274],[104.3443,21.8283],[104.3425,21.8303],[104.342,21.8325],[104.3403,21.8349],[104.3401,21.8388],[104.3394,21.8405],[104.3421,21.8408],[104.3446,21.8442],[104.3468,21.8437],[104.3474,21.8475],[104.3499,21.8515],[104.349,21.8545],[104.3515,21.861],[104.3512,21.8637],[104.3528,21.8646],[104.355,21.8694],[104.3538,21.8752]]]},"properties":{"name":"Phong Dụ Thượng","level":"ward"}},{"type":"Feature","geometry":{"type":"Polygon","coordinates":[[[104.6334,21.9299],[104.6357,21.9284],[104.6371,21.9246],[104.6357,21.9215],[104.6332,21.919],[104.6312,21.9156],[104.6308,21.9127],[104.6329,21.908],[104.6357,21.9068],[104.6422,21.9076],[104.6452,21.9084],[104.6458,21.9058],[104.6431,21.9048],[104.6418,21.9022],[104.642,21.8998],[104.6387,21.897],[104.6387,21.8929],[104.6359,21.8921],[104.6359,21.8908],[104.6317,21.8868],[104.6291,21.885],[104.6262,21.8845],[104.6251,21.8829],[104.6187,21.8836],[104.6178,21.8796],[104.6189,21.877],[104.6132,21.8745],[104.608,21.8714],[104.6071,21.8702],[104.6068,21.8674],[104.6096,21.8645],[104.6106,21.861],[104.609,21.8586],[104.6142,21.8573],[104.6147,21.8535],[104.6174,21.851],[104.6192,21.8504],[104.6224,21.8467],[104.6234,21.8447],[104.6312,21.8418],[104.6339,21.8422],[104.6336,21.8387],[104.6342,21.8355],[104.6369,21.8341],[104.6382,21.8321],[104.641,21.8322],[104.6441,21.8297],[104.642,21.8261],[104.6397,21.8244],[104.6427,21.8231],[104.645,21.8231],[104.6509,21.8158],[104.6521,21.8104],[104.649,21.8059],[104.6515,21.8029],[104.6492,21.8034],[104.6466,21.8069],[104.6451,21.8069],[104.6433,21.8026],[104.643,21.7998],[104.6441,21.7962],[104.6423,21.7944],[104.6394,21.7936],[104.6362,21.7945],[104.6341,21.7943],[104.6325,21.7953],[104.6285,21.8022],[104.6204,21.8039],[104.6163,21.8051],[104.6124,21.8069],[104.6072,21.801],[104.6055,21.8014],[104.6028,21.8033],[104.6005,21.8041],[104.5977,21.8065],[104.5962,21.8058],[104.5994,21.7995],[104.6036,21.7961],[104.6045,21.7935],[104.6047,21.7869],[104.6041,21.7841],[104.6021,21.7793],[104.6019,21.7763],[104.6005,21.7746],[104.6019,21.7715],[104.5997,21.769],[104.6017,21.7652],[104.6042,21.7632],[104.6068,21.7596],[104.6089,21.7597],[104.6108,21.7585],[104.6125,21.7556],[104.6152,21.7532],[104.6136,21.7493],[104.6085,21.7482],[104.6076,21.7442],[104.611,21.7412],[104.6051,21.7366],[104.6018,21.7301],[104.6057,21.7266],[104.6051,21.7214],[104.6004,21.7187],[104.5997,21.7176],[104.5967,21.7188],[104.5961,21.723],[104.5948,21.7245],[104.5916,21.7253],[104.5909,21.7283],[104.589,21.7294],[104.5876,21.7314],[104.587,21.7339],[104.5844,21.7344],[104.5818,21.7335],[104.5785,21.7353],[104.5749,21.7355],[104.5677,21.7392],[104.5639,21.739],[104.5611,21.7401],[104.5519,21.7418],[104.5501,21.7392],[104.5497,21.7402],[104.5438,21.7458],[104.5406,21.7476],[104.538,21.7508],[104.5359,21.7518],[104.5338,21.7543],[104.5309,21.7595],[104.5252,21.76],[104.5201,21.7598],[104.5178,21.7657],[104.5187,21.7686],[104.5174,21.7725],[104.5151,21.7724],[104.5111,21.7742],[104.5094,21.7797],[104.5054,21.7849],[104.5069,21.7863],[104.5074,21.7895],[104.5085,21.792],[104.5061,21.7996],[104.5087,21.8061],[104.5081,21.8074],[104.509,21.8097],[104.5118,21.8106],[104.5113,21.8131],[104.5116,21.8159],[104.5104,21.8207],[104.5107,21.8229],[104.51,21.8249],[104.5177,21.8332],[104.5168,21.8375],[104.5185,21.8403],[104.521,21.8494],[104.5231,21.8536],[104.5235,21.856],[104.5281,21.8569],[104.5278,21.8599],[104.5301,21.8633],[104.5323,21.8642],[104.5336,21.8664],[104.537,21.8666],[104.5377,21.8677],[104.5407,21.8687],[104.5438,21.8707],[104.5473,21.8719],[104.5492,21.8753],[104.552,21.8761],[104.5533,21.878],[104.5563,21.8793],[104.5604,21.88],[104.5617,21.8864],[104.564,21.8882],[104.564,21.8894],[104.5676,21.8939],[104.5673,21.8967],[104.5681,21.8982],[104.5644,21.9032],[104.5632,21.9064],[104.5608,21.9092],[104.5598,21.9134],[104.5601,21.9155],[104.5623,21.9186],[104.5627,21.9206],[104.5644,21.9215],[104.5661,21.9223],[104.5695,21.9212],[104.5754,21.9259],[104.5824,21.9289],[104.5885,21.9278],[104.5944,21.9298],[104.5967,21.9317],[104.5996,21.9283],[104.6031,21.9274],[104.6053,21.9279],[104.6077,21.9301],[104.6097,21.9304],[104.612,21.9288],[104.6164,21.9225],[104.6178,21.9216],[104.622,21.9236],[104.6269,21.9298],[104.6311,21.9305],[104.6334,21.9299]]]},"properties":{"name":"Tân Hợp","level":"ward"}},{"type":"Feature","geometry":{"type":"Polygon","coordinates":[[[104.6339,21.8422],[104.6325,21.8437],[104.6312,21.8475],[104.6333,21.8499],[104.6345,21.8526],[104.6364,21.8542],[104.6365,21.8576],[104.6399,21.8602],[104.6444,21.8595],[104.6486,21.8626],[104.6479,21.8644],[104.6514,21.8655],[104.654,21.8646],[104.6573,21.8619],[104.6616,21.8634],[104.6645,21.8614],[104.668,21.8606],[104.6687,21.8592],[104.671,21.8588],[104.671,21.8624],[104.6725,21.8635],[104.6762,21.8646],[104.6796,21.8615],[104.6822,21.8621],[104.6838,21.8712],[104.6852,21.8699],[104.6898,21.867],[104.6924,21.8664],[104.6949,21.8668],[104.702,21.8686],[104.7052,21.8685],[104.7088,21.8668],[104.7135,21.8636],[104.7188,21.858],[104.7223,21.8534],[104.7246,21.8492],[104.7264,21.8472],[104.732,21.8447],[104.7399,21.8388],[104.7413,21.8371],[104.7445,21.8316],[104.745,21.828],[104.746,21.8262],[104.7551,21.8193],[104.7558,21.8177],[104.7551,21.8134],[104.7532,21.8085],[104.7531,21.8044],[104.7546,21.8013],[104.7573,21.7997],[104.7603,21.799],[104.7627,21.7994],[104.7665,21.801],[104.7672,21.7993],[104.7649,21.7978],[104.7632,21.7957],[104.7646,21.7928],[104.7644,21.7913],[104.7624,21.7902],[104.7639,21.7858],[104.761,21.7854],[104.7605,21.7821],[104.7556,21.7806],[104.7544,21.7819],[104.7519,21.7825],[104.7511,21.7846],[104.7488,21.7833],[104.7471,21.7833],[104.7465,21.7807],[104.7418,21.7815],[104.7404,21.7799],[104.737,21.7785],[104.7369,21.775],[104.7335,21.7732],[104.7334,21.7693],[104.7364,21.7661],[104.7361,21.7644],[104.7344,21.763],[104.7313,21.7629],[104.7297,21.7652],[104.7272,21.7664],[104.7233,21.7647],[104.7234,21.7612],[104.7216,21.7596],[104.7169,21.7571],[104.7171,21.7555],[104.7153,21.7543],[104.7128,21.7503],[104.713,21.7467],[104.714,21.7454],[104.7156,21.7411],[104.7152,21.7389],[104.7168,21.7376],[104.7168,21.7354],[104.7187,21.7333],[104.7172,21.7292],[104.7154,21.7295],[104.7062,21.7292],[104.7019,21.7279],[104.6955,21.7278],[104.6939,21.7257],[104.6905,21.7251],[104.6869,21.728],[104.6855,21.7324],[104.6836,21.735],[104.6804,21.7359],[104.6791,21.7374],[104.675,21.7394],[104.6757,21.7415],[104.6774,21.743],[104.6776,21.7473],[104.6769,21.7505],[104.6721,21.7574],[104.6713,21.7597],[104.6698,21.7674],[104.669,21.769],[104.6675,21.7791],[104.6648,21.7827],[104.6648,21.7843],[104.6625,21.7879],[104.6612,21.7921],[104.658,21.7932],[104.6552,21.7954],[104.6542,21.7973],[104.654,21.8006],[104.6515,21.8029],[104.649,21.8059],[104.6521,21.8104],[104.6509,21.8158],[104.645,21.8231],[104.6427,21.8231],[104.6397,21.8244],[104.642,21.8261],[104.6441,21.8297],[104.641,21.8322],[104.6382,21.8321],[104.6369,21.8341],[104.6342,21.8355],[104.6336,21.8387],[104.6339,21.8422]]]},"properties":{"name":"Xuân Ái","level":"ward"}},{"type":"Feature","geometry":{"type":"Polygon","coordinates":[[[104.5501,21.7392],[104.5519,21.7418],[104.5611,21.7401],[104.5639,21.739],[104.5677,21.7392],[104.5749,21.7355],[104.5785,21.7353],[104.5818,21.7335],[104.5844,21.7344],[104.587,21.7339],[104.5876,21.7314],[104.589,21.7294],[104.5909,21.7283],[104.5916,21.7253],[104.5948,21.7245],[104.5961,21.723],[104.5967,21.7188],[104.5997,21.7176],[104.6004,21.7187],[104.6051,21.7214],[104.6057,21.7266],[104.6018,21.7301],[104.6051,21.7366],[104.611,21.7412],[104.6076,21.7442],[104.6085,21.7482],[104.6136,21.7493],[104.6152,21.7532],[104.6125,21.7556],[104.6108,21.7585],[104.6089,21.7597],[104.6068,21.7596],[104.6042,21.7632],[104.6017,21.7652],[104.5997,21.769],[104.6019,21.7715],[104.6005,21.7746],[104.6019,21.7763],[104.6021,21.7793],[104.6041,21.7841],[104.6047,21.7869],[104.6045,21.7935],[104.6036,21.7961],[104.5994,21.7995],[104.5962,21.8058],[104.5977,21.8065],[104.6005,21.8041],[104.6028,21.8033],[104.6055,21.8014],[104.6072,21.801],[104.6124,21.8069],[104.6163,21.8051],[104.6204,21.8039],[104.6285,21.8022],[104.6325,21.7953],[104.6341,21.7943],[104.6362,21.7945],[104.6394,21.7936],[104.6423,21.7944],[104.6441,21.7962],[104.643,21.7998],[104.6433,21.8026],[104.6451,21.8069],[104.6466,21.8069],[104.6492,21.8034],[104.6515,21.8029],[104.654,21.8006],[104.6542,21.7973],[104.6552,21.7954],[104.658,21.7932],[104.6612,21.7921],[104.6625,21.7879],[104.6648,21.7843],[104.6648,21.7827],[104.6675,21.7791],[104.669,21.769],[104.6698,21.7674],[104.6713,21.7597],[104.6721,21.7574],[104.6769,21.7505],[104.6776,21.7473],[104.6774,21.743],[104.6757,21.7415],[104.675,21.7394],[104.6791,21.7374],[104.6804,21.7359],[104.6836,21.735],[104.6855,21.7324],[104.6869,21.728],[104.6905,21.7251],[104.692,21.7215],[104.692,21.7165],[104.689,21.7145],[104.6887,21.7116],[104.6864,21.71],[104.6887,21.7046],[104.689,21.7025],[104.6879,21.7016],[104.689,21.6955],[104.6892,21.6891],[104.6961,21.6808],[104.6953,21.6764],[104.6956,21.6737],[104.6954,21.6669],[104.6939,21.6626],[104.6911,21.6642],[104.688,21.6649],[104.6844,21.6641],[104.6791,21.6616],[104.677,21.6559],[104.6754,21.6529],[104.6761,21.6501],[104.6734,21.6484],[104.6745,21.6468],[104.6745,21.6445],[104.6713,21.644],[104.6691,21.642],[104.6651,21.6395],[104.6659,21.6385],[104.6656,21.636],[104.6661,21.6322],[104.6633,21.6291],[104.6649,21.623],[104.6617,21.6193],[104.6572,21.6157],[104.6517,21.6142],[104.6504,21.6169],[104.6476,21.6195],[104.6453,21.6225],[104.644,21.6254],[104.6398,21.6269],[104.639,21.6294],[104.6384,21.6349],[104.6352,21.6352],[104.6335,21.6384],[104.6308,21.6405],[104.6293,21.6426],[104.6299,21.6471],[104.6286,21.6499],[104.6269,21.6512],[104.6154,21.6548],[104.6149,21.6553],[104.6142,21.6558],[104.612,21.6581],[104.6114,21.6612],[104.6081,21.6611],[104.605,21.6601],[104.6039,21.6572],[104.6016,21.6585],[104.5989,21.6578],[104.5969,21.6533],[104.5948,21.6521],[104.5933,21.6529],[104.5829,21.6506],[104.5826,21.6506],[104.5889,21.6633],[104.595,21.6773],[104.5954,21.6792],[104.5941,21.6828],[104.5921,21.6804],[104.5902,21.6805],[104.5902,21.6827],[104.5883,21.6833],[104.588,21.6832],[104.5853,21.6817],[104.5797,21.6871],[104.5734,21.6877],[104.5694,21.6909],[104.5671,21.6942],[104.5653,21.6984],[104.5612,21.7027],[104.5603,21.7066],[104.5615,21.7103],[104.5632,21.7121],[104.5627,21.7156],[104.5581,21.7194],[104.5594,21.723],[104.5614,21.7243],[104.5596,21.7276],[104.5582,21.7289],[104.5597,21.7309],[104.5553,21.7346],[104.5539,21.7346],[104.55,21.7382],[104.5501,21.7392]]]},"properties":{"name":"Mỏ Vàng","level":"ward"}},{"type":"Feature","geometry":{"type":"Polygon","coordinates":[[[104.062,21.9087],[104.0643,21.9094],[104.0661,21.9086],[104.0695,21.9058],[104.0713,21.9061],[104.0774,21.9047],[104.0812,21.9051],[104.0847,21.9074],[104.0867,21.9128],[104.0892,21.9154],[104.0931,21.9164],[104.0949,21.9156],[104.1,21.915],[104.1054,21.9119],[104.1087,21.9117],[104.1142,21.909],[104.1171,21.9104],[104.1222,21.9084],[104.1269,21.9071],[104.1288,21.906],[104.1317,21.9022],[104.1376,21.8989],[104.1394,21.8963],[104.1438,21.896],[104.1469,21.8947],[104.1484,21.8954],[104.1527,21.8959],[104.1557,21.8943],[104.1612,21.8932],[104.1628,21.892],[104.1665,21.8922],[104.1746,21.8906],[104.1793,21.8908],[104.1831,21.8894],[104.1869,21.8906],[104.1922,21.8907],[104.1948,21.8913],[104.1999,21.8899],[104.2059,21.8922],[104.2099,21.8914],[104.2085,21.889],[104.2053,21.8864],[104.202,21.8782],[104.2011,21.8747],[104.197,21.8732],[104.1947,21.8678],[104.1957,21.8669],[104.1954,21.8644],[104.1993,21.8623],[104.2022,21.8591],[104.2029,21.8567],[104.2054,21.8538],[104.2027,21.8541],[104.202,21.8528],[104.1978,21.8495],[104.196,21.8467],[104.1931,21.8467],[104.1898,21.8451],[104.1904,21.8439],[104.1892,21.8417],[104.1896,21.8393],[104.187,21.8357],[104.184,21.8366],[104.1823,21.8356],[104.1804,21.8322],[104.18,21.8298],[104.1781,21.8276],[104.1768,21.8242],[104.1705,21.8224],[104.1655,21.8194],[104.1632,21.8166],[104.1614,21.8165],[104.1574,21.8134],[104.1561,21.8136],[104.1528,21.8112],[104.1507,21.8107],[104.146,21.8077],[104.1434,21.8051],[104.1399,21.8082],[104.1382,21.8061],[104.1373,21.8089],[104.1356,21.8104],[104.1333,21.8108],[104.1341,21.8135],[104.1299,21.8167],[104.1281,21.8187],[104.126,21.8195],[104.1251,21.8172],[104.1223,21.8141],[104.1206,21.8134],[104.1192,21.8087],[104.1171,21.8057],[104.1172,21.8039],[104.1159,21.8025],[104.1137,21.8022],[104.1092,21.7989],[104.1091,21.7975],[104.1042,21.7961],[104.1022,21.7932],[104.0995,21.7911],[104.0961,21.7863],[104.0908,21.7876],[104.0835,21.7911],[104.0822,21.7945],[104.0837,21.799],[104.0835,21.803],[104.0847,21.8048],[104.0843,21.8077],[104.0861,21.8114],[104.0856,21.8125],[104.0802,21.8143],[104.076,21.8173],[104.075,21.8197],[104.0711,21.8206],[104.0679,21.82],[104.0603,21.826],[104.0534,21.8272],[104.0513,21.8293],[104.051,21.8309],[104.0487,21.832],[104.0453,21.8369],[104.0416,21.8387],[104.04,21.8404],[104.0372,21.8454],[104.0343,21.8471],[104.034,21.8482],[104.0433,21.8556],[104.044,21.8572],[104.0465,21.8588],[104.0501,21.8621],[104.0524,21.8623],[104.0521,21.865],[104.0539,21.8681],[104.0539,21.8707],[104.0611,21.874],[104.0623,21.8789],[104.065,21.8832],[104.0608,21.8834],[104.0641,21.8888],[104.0641,21.8945],[104.0662,21.8988],[104.0641,21.9072],[104.062,21.9087]]]},"properties":{"name":"Mù Cang Chải","level":"ward"}},{"type":"Feature","geometry":{"type":"Polygon","coordinates":[[[104.3257,21.9183],[104.3254,21.9104],[104.3292,21.9083],[104.3303,21.8988],[104.3385,21.8927],[104.3384,21.8904],[104.3371,21.8874],[104.3395,21.885],[104.343,21.8828],[104.3462,21.8824],[104.3515,21.8791],[104.3537,21.8766],[104.3538,21.8752],[104.355,21.8694],[104.3528,21.8646],[104.3512,21.8637],[104.3515,21.861],[104.349,21.8545],[104.3499,21.8515],[104.3474,21.8475],[104.3468,21.8437],[104.3446,21.8442],[104.3421,21.8408],[104.3394,21.8405],[104.3401,21.8388],[104.3403,21.8349],[104.342,21.8325],[104.3425,21.8303],[104.3443,21.8283],[104.3471,21.8274],[104.3508,21.8255],[104.353,21.8235],[104.3588,21.8218],[104.3609,21.8199],[104.3646,21.8191],[104.3667,21.8178],[104.3718,21.8165],[104.3735,21.8171],[104.3752,21.8156],[104.3789,21.814],[104.3806,21.8107],[104.3829,21.8075],[104.3846,21.8064],[104.3844,21.8035],[104.3872,21.8015],[104.3891,21.7988],[104.3946,21.7949],[104.3965,21.7953],[104.399,21.7941],[104.4021,21.7941],[104.4042,21.7951],[104.4055,21.7947],[104.4097,21.7935],[104.4129,21.7944],[104.4146,21.7926],[104.4174,21.791],[104.4173,21.7854],[104.4155,21.7839],[104.4159,21.7797],[104.4154,21.7775],[104.4168,21.7759],[104.4144,21.774],[104.4099,21.7738],[104.4072,21.7745],[104.4035,21.7726],[104.3976,21.7737],[104.3931,21.7732],[104.3894,21.7681],[104.3839,21.7691],[104.3815,21.769],[104.3798,21.7705],[104.3772,21.771],[104.3738,21.7728],[104.3707,21.7757],[104.3681,21.7739],[104.3656,21.7741],[104.3621,21.7752],[104.3608,21.7772],[104.3592,21.7771],[104.3574,21.7791],[104.3543,21.7802],[104.3531,21.7818],[104.3476,21.7836],[104.346,21.7879],[104.341,21.7893],[104.3398,21.7928],[104.3369,21.7916],[104.3304,21.7946],[104.3263,21.7939],[104.3247,21.793],[104.321,21.7929],[104.3193,21.7911],[104.3197,21.7887],[104.316,21.7893],[104.3117,21.7917],[104.3096,21.803],[104.3056,21.8045],[104.303,21.8019],[104.2982,21.8004],[104.297,21.8025],[104.2932,21.8051],[104.2902,21.8052],[104.2867,21.8066],[104.2824,21.8063],[104.2814,21.8054],[104.2777,21.806],[104.2753,21.809],[104.2702,21.8116],[104.2682,21.8135],[104.2691,21.8162],[104.2673,21.82],[104.2643,21.82],[104.261,21.8217],[104.2596,21.8242],[104.2558,21.8264],[104.2525,21.8245],[104.2505,21.8256],[104.2487,21.8253],[104.2461,21.8292],[104.2416,21.8313],[104.2385,21.8351],[104.2341,21.8383],[104.2301,21.8391],[104.2287,21.8407],[104.2257,21.8424],[104.2233,21.8446],[104.2197,21.844],[104.2158,21.8482],[104.2143,21.8484],[104.2117,21.8502],[104.2068,21.8519],[104.2054,21.8538],[104.2029,21.8567],[104.2022,21.8591],[104.1993,21.8623],[104.1954,21.8644],[104.1957,21.8669],[104.1947,21.8678],[104.197,21.8732],[104.2011,21.8747],[104.202,21.8782],[104.2053,21.8864],[104.2085,21.889],[104.2099,21.8914],[104.2141,21.8919],[104.2187,21.8954],[104.2286,21.8999],[104.231,21.9026],[104.2283,21.9089],[104.2277,21.9126],[104.23,21.9171],[104.2313,21.9212],[104.2303,21.9238],[104.2262,21.926],[104.2232,21.9322],[104.2209,21.9346],[104.2174,21.9363],[104.2146,21.9369],[104.2109,21.9395],[104.2077,21.944],[104.2103,21.9477],[104.213,21.9501],[104.2173,21.9491],[104.2194,21.9493],[104.2223,21.9484],[104.2287,21.9448],[104.231,21.9426],[104.2368,21.941],[104.2378,21.9414],[104.2438,21.94],[104.2494,21.9357],[104.2506,21.9339],[104.2536,21.9317],[104.2561,21.9316],[104.2596,21.9326],[104.2645,21.9318],[104.2674,21.9333],[104.2704,21.9334],[104.2795,21.9357],[104.2802,21.9377],[104.2835,21.9399],[104.2849,21.9383],[104.2854,21.936],[104.2898,21.932],[104.2924,21.9274],[104.2938,21.9268],[104.2994,21.9264],[104.3025,21.9257],[104.3028,21.9238],[104.3089,21.9228],[104.3151,21.92],[104.316,21.9204],[104.3219,21.9182],[104.3257,21.9183]]]},"properties":{"name":"Nậm Có","level":"ward"}},{"type":"Feature","geometry":{"type":"Polygon","coordinates":[[[103.9851,21.967],[103.9909,21.9641],[103.9929,21.9616],[103.9954,21.957],[103.996,21.9525],[103.9971,21.9503],[103.9954,21.9494],[103.9955,21.946],[103.9944,21.9433],[103.9929,21.9429],[103.9907,21.941],[103.9895,21.9382],[103.9914,21.9352],[103.9925,21.9358],[103.9944,21.9339],[103.9946,21.9318],[103.9963,21.9286],[103.9962,21.9275],[103.9996,21.9249],[104.0022,21.9245],[104.0047,21.9222],[104.0085,21.9201],[104.0097,21.9185],[104.0144,21.9179],[104.0164,21.9193],[104.0212,21.9185],[104.0227,21.9174],[104.0289,21.9177],[104.0331,21.9164],[104.0363,21.9143],[104.0397,21.9165],[104.0424,21.916],[104.0453,21.9142],[104.0483,21.915],[104.0524,21.9132],[104.055,21.9131],[104.0579,21.9116],[104.062,21.9087],[104.0641,21.9072],[104.0662,21.8988],[104.0641,21.8945],[104.0641,21.8888],[104.0608,21.8834],[104.065,21.8832],[104.0623,21.8789],[104.0611,21.874],[104.0539,21.8707],[104.0539,21.8681],[104.0521,21.865],[104.0524,21.8623],[104.0501,21.8621],[104.0465,21.8588],[104.044,21.8572],[104.0433,21.8556],[104.0406,21.8588],[104.0387,21.8586],[104.0379,21.8608],[104.0353,21.8594],[104.0337,21.8602],[104.0335,21.8623],[104.0305,21.8617],[104.0298,21.8639],[104.0276,21.8639],[104.0242,21.8656],[104.0196,21.8631],[104.0155,21.8649],[104.0133,21.8642],[104.011,21.8648],[104.0089,21.8697],[104.0055,21.8675],[104.0037,21.8697],[103.9991,21.8679],[103.9992,21.8659],[103.9969,21.8656],[103.9958,21.869],[103.994,21.8688],[103.9914,21.8702],[103.99,21.8694],[103.989,21.8722],[103.9887,21.8753],[103.9863,21.8759],[103.9815,21.8733],[103.9773,21.8729],[103.9725,21.8714],[103.9707,21.8737],[103.9674,21.8754],[103.9645,21.875],[103.96,21.8792],[103.955,21.8813],[103.9538,21.8807],[103.95,21.882],[103.9462,21.8793],[103.942,21.8779],[103.942,21.8755],[103.9408,21.8742],[103.939,21.8743],[103.9348,21.8764],[103.9317,21.8745],[103.9309,21.8705],[103.9261,21.8706],[103.924,21.8718],[103.9254,21.8742],[103.9243,21.8751],[103.9184,21.8703],[103.9163,21.8673],[103.9156,21.8622],[103.9134,21.8602],[103.9116,21.8573],[103.9084,21.8547],[103.9076,21.8534],[103.9073,21.8497],[103.9034,21.852],[103.9025,21.8538],[103.9001,21.8549],[103.8927,21.8614],[103.8899,21.8648],[103.8889,21.8728],[103.8897,21.8765],[103.8882,21.8792],[103.8887,21.8896],[103.8868,21.8914],[103.8873,21.895],[103.8882,21.8962],[103.8895,21.9008],[103.8858,21.9061],[103.8876,21.9096],[103.8885,21.9142],[103.891,21.9165],[103.8928,21.9166],[103.8985,21.9205],[103.9055,21.9211],[103.91,21.9233],[103.9124,21.9253],[103.9129,21.9276],[103.9168,21.93],[103.9185,21.9317],[103.9219,21.9318],[103.9259,21.93],[103.9272,21.9261],[103.9294,21.9231],[103.9335,21.9235],[103.9352,21.9221],[103.935,21.9202],[103.9363,21.919],[103.9414,21.9189],[103.9423,21.9173],[103.9482,21.9216],[103.9525,21.9283],[103.9569,21.931],[103.9587,21.9336],[103.9621,21.9354],[103.9615,21.9369],[103.9633,21.9414],[103.9614,21.9428],[103.9612,21.9451],[103.9637,21.9489],[103.9674,21.952],[103.9692,21.957],[103.972,21.9595],[103.9749,21.9591],[103.9784,21.9613],[103.9795,21.9634],[103.9848,21.9662],[103.9851,21.967]]]},"properties":{"name":"Khao Mang","level":"ward"}},{"type":"Feature","geometry":{"type":"Polygon","coordinates":[[[104.0433,21.8556],[104.034,21.8482],[104.0343,21.8471],[104.0372,21.8454],[104.04,21.8404],[104.0416,21.8387],[104.0453,21.8369],[104.0487,21.832],[104.051,21.8309],[104.0513,21.8293],[104.0534,21.8272],[104.0603,21.826],[104.0679,21.82],[104.0711,21.8206],[104.075,21.8197],[104.076,21.8173],[104.0802,21.8143],[104.0856,21.8125],[104.0861,21.8114],[104.0843,21.8077],[104.0847,21.8048],[104.0835,21.803],[104.0837,21.799],[104.0822,21.7945],[104.0835,21.7911],[104.0908,21.7876],[104.0882,21.7851],[104.0887,21.7831],[104.0882,21.7785],[104.0901,21.7767],[104.0908,21.775],[104.0906,21.7713],[104.0882,21.7683],[104.0871,21.7644],[104.088,21.76],[104.0861,21.7583],[104.0852,21.7546],[104.0831,21.752],[104.0807,21.7529],[104.0782,21.7525],[104.0736,21.7573],[104.0662,21.7614],[104.064,21.7635],[104.0536,21.7657],[104.0524,21.7669],[104.0476,21.7665],[104.0433,21.764],[104.0397,21.7642],[104.0325,21.7658],[104.0298,21.7667],[104.028,21.7682],[104.0254,21.7686],[104.0223,21.7659],[104.0177,21.766],[104.0155,21.7653],[104.0141,21.7636],[104.0099,21.7641],[104.0087,21.7677],[104.0059,21.7681],[104.0036,21.7699],[103.999,21.7708],[103.998,21.7703],[103.9907,21.7709],[103.9883,21.7718],[103.9857,21.7709],[103.9814,21.7706],[103.9776,21.7711],[103.9738,21.7695],[103.9669,21.7705],[103.9644,21.7723],[103.9599,21.7785],[103.9583,21.7795],[103.9577,21.7825],[103.9564,21.7839],[103.956,21.7872],[103.9512,21.7892],[103.9513,21.7925],[103.9526,21.793],[103.9516,21.7956],[103.9522,21.7982],[103.9494,21.8004],[103.9504,21.8018],[103.9488,21.8034],[103.9459,21.8045],[103.9441,21.8064],[103.9445,21.8105],[103.9398,21.8114],[103.9343,21.8144],[103.9354,21.8195],[103.9284,21.8236],[103.9249,21.8267],[103.9184,21.8287],[103.9175,21.8318],[103.9202,21.8333],[103.9198,21.8386],[103.9162,21.8403],[103.9155,21.8425],[103.9126,21.8444],[103.9101,21.8473],[103.9073,21.8497],[103.9076,21.8534],[103.9084,21.8547],[103.9116,21.8573],[103.9134,21.8602],[103.9156,21.8622],[103.9163,21.8673],[103.9184,21.8703],[103.9243,21.8751],[103.9254,21.8742],[103.924,21.8718],[103.9261,21.8706],[103.9309,21.8705],[103.9317,21.8745],[103.9348,21.8764],[103.939,21.8743],[103.9408,21.8742],[103.942,21.8755],[103.942,21.8779],[103.9462,21.8793],[103.95,21.882],[103.9538,21.8807],[103.955,21.8813],[103.96,21.8792],[103.9645,21.875],[103.9674,21.8754],[103.9707,21.8737],[103.9725,21.8714],[103.9773,21.8729],[103.9815,21.8733],[103.9863,21.8759],[103.9887,21.8753],[103.989,21.8722],[103.99,21.8694],[103.9914,21.8702],[103.994,21.8688],[103.9958,21.869],[103.9969,21.8656],[103.9992,21.8659],[103.9991,21.8679],[104.0037,21.8697],[104.0055,21.8675],[104.0089,21.8697],[104.011,21.8648],[104.0133,21.8642],[104.0155,21.8649],[104.0196,21.8631],[104.0242,21.8656],[104.0276,21.8639],[104.0298,21.8639],[104.0305,21.8617],[104.0335,21.8623],[104.0337,21.8602],[104.0353,21.8594],[104.0379,21.8608],[104.0387,21.8586],[104.0406,21.8588],[104.0433,21.8556]]]},"properties":{"name":"Lao Chải","level":"ward"}},{"type":"Feature","geometry":{"type":"Polygon","coordinates":[[[103.9669,21.7705],[103.9738,21.7695],[103.9776,21.7711],[103.9814,21.7706],[103.9857,21.7709],[103.9883,21.7718],[103.9907,21.7709],[103.998,21.7703],[103.999,21.7708],[104.0036,21.7699],[104.0059,21.7681],[104.0087,21.7677],[104.0099,21.7641],[104.0141,21.7636],[104.0155,21.7653],[104.0177,21.766],[104.0223,21.7659],[104.0254,21.7686],[104.028,21.7682],[104.0298,21.7667],[104.0325,21.7658],[104.0397,21.7642],[104.0433,21.764],[104.0476,21.7665],[104.0524,21.7669],[104.0536,21.7657],[104.064,21.7635],[104.0662,21.7614],[104.0736,21.7573],[104.0782,21.7525],[104.0807,21.7529],[104.0831,21.752],[104.0852,21.7546],[104.0861,21.7583],[104.088,21.76],[104.0943,21.7579],[104.0983,21.7545],[104.102,21.7543],[104.1033,21.753],[104.107,21.7518],[104.1088,21.7504],[104.1136,21.7489],[104.1153,21.7497],[104.1185,21.7464],[104.1225,21.7459],[104.1242,21.7437],[104.1278,21.7411],[104.129,21.738],[104.1306,21.737],[104.134,21.7372],[104.1345,21.7353],[104.1378,21.7305],[104.1376,21.7282],[104.1387,21.7274],[104.141,21.7235],[104.1415,21.7195],[104.1434,21.7177],[104.1436,21.7153],[104.1423,21.7132],[104.1409,21.7132],[104.1414,21.708],[104.1403,21.7054],[104.1417,21.704],[104.1416,21.6974],[104.1368,21.6929],[104.1356,21.6874],[104.1343,21.6863],[104.1342,21.6808],[104.1308,21.6781],[104.1311,21.6768],[104.1339,21.6746],[104.1363,21.6714],[104.1362,21.6702],[104.1382,21.6673],[104.1385,21.6657],[104.1415,21.6624],[104.1457,21.6569],[104.1458,21.6549],[104.1392,21.6542],[104.1374,21.6519],[104.132,21.6503],[104.1269,21.6515],[104.1201,21.6497],[104.1191,21.6484],[104.1157,21.6464],[104.1121,21.6472],[104.1077,21.6452],[104.1033,21.6462],[104.102,21.6473],[104.0929,21.6421],[104.0895,21.6431],[104.088,21.6426],[104.0861,21.6451],[104.0834,21.6468],[104.0807,21.6493],[104.0768,21.651],[104.0733,21.6513],[104.0695,21.6529],[104.065,21.654],[104.0611,21.6557],[104.0567,21.6558],[104.0545,21.6572],[104.0528,21.6565],[104.0481,21.6585],[104.0463,21.6602],[104.045,21.6627],[104.0418,21.6635],[104.0397,21.6651],[104.0358,21.6666],[104.0333,21.6698],[104.0268,21.6723],[104.0258,21.6709],[104.0232,21.6703],[104.0219,21.6684],[104.0182,21.6687],[104.0161,21.6704],[104.0151,21.6689],[104.0122,21.6672],[104.0095,21.6672],[104.0069,21.6658],[104.0056,21.6687],[104.0058,21.6724],[104.0041,21.6725],[104.0005,21.6746],[103.9993,21.6743],[103.9963,21.6758],[103.9889,21.6739],[103.9862,21.6775],[103.9848,21.6782],[103.9819,21.6774],[103.981,21.6763],[103.9766,21.6752],[103.9756,21.6718],[103.9714,21.6728],[103.9688,21.6744],[103.9641,21.6788],[103.9614,21.6765],[103.9619,21.6746],[103.9613,21.6719],[103.9585,21.6697],[103.9562,21.6704],[103.953,21.6693],[103.9497,21.6703],[103.9446,21.6682],[103.9424,21.6698],[103.9372,21.6699],[103.9359,21.6704],[103.937,21.6761],[103.9358,21.6779],[103.9367,21.6844],[103.9376,21.6868],[103.9377,21.6913],[103.9351,21.6928],[103.9292,21.6969],[103.9241,21.6987],[103.9222,21.7],[103.9227,21.7033],[103.9218,21.7076],[103.92,21.7099],[103.9171,21.7106],[103.9158,21.7133],[103.9117,21.7165],[103.9163,21.7199],[103.9176,21.7238],[103.9181,21.729],[103.9159,21.7335],[103.919,21.7352],[103.9208,21.7385],[103.922,21.7381],[103.9249,21.7416],[103.9307,21.7431],[103.9325,21.7419],[103.9356,21.7412],[103.9359,21.7399],[103.9386,21.7387],[103.9397,21.7414],[103.9426,21.7437],[103.9451,21.7433],[103.9475,21.7439],[103.95,21.7434],[103.9529,21.7409],[103.9536,21.746],[103.9515,21.7523],[103.9517,21.756],[103.9554,21.7537],[103.957,21.754],[103.9593,21.7573],[103.9633,21.7577],[103.9654,21.7611],[103.9661,21.7633],[103.9669,21.7705]]]},"properties":{"name":"Chế Tạo","level":"ward"}},{"type":"Feature","geometry":{"type":"Polygon","coordinates":[[[104.0908,21.7876],[104.0961,21.7863],[104.0995,21.7911],[104.1022,21.7932],[104.1042,21.7961],[104.1091,21.7975],[104.1092,21.7989],[104.1137,21.8022],[104.1159,21.8025],[104.1172,21.8039],[104.1171,21.8057],[104.1192,21.8087],[104.1206,21.8134],[104.1223,21.8141],[104.1251,21.8172],[104.126,21.8195],[104.1281,21.8187],[104.1299,21.8167],[104.1341,21.8135],[104.1333,21.8108],[104.1356,21.8104],[104.1373,21.8089],[104.1382,21.8061],[104.1399,21.8082],[104.1434,21.8051],[104.146,21.8077],[104.1507,21.8107],[104.1528,21.8112],[104.1561,21.8136],[104.1574,21.8134],[104.1614,21.8165],[104.1632,21.8166],[104.1655,21.8194],[104.1705,21.8224],[104.1768,21.8242],[104.1781,21.8276],[104.18,21.8298],[104.1804,21.8322],[104.1823,21.8356],[104.184,21.8366],[104.187,21.8357],[104.189,21.8314],[104.1902,21.8302],[104.1911,21.8263],[104.1897,21.8236],[104.1913,21.8209],[104.1907,21.8189],[104.1914,21.8169],[104.1898,21.8154],[104.1903,21.813],[104.1941,21.8066],[104.1934,21.8038],[104.1955,21.803],[104.1975,21.8009],[104.1996,21.8006],[104.2027,21.7965],[104.2047,21.7954],[104.208,21.7963],[104.2104,21.796],[104.2127,21.7967],[104.2127,21.7941],[104.2145,21.7932],[104.2171,21.7909],[104.2189,21.7872],[104.2169,21.7843],[104.2145,21.7789],[104.2164,21.7722],[104.2192,21.7703],[104.2197,21.7666],[104.2262,21.7619],[104.2298,21.7613],[104.2324,21.7602],[104.2343,21.7558],[104.2381,21.7532],[104.2383,21.7515],[104.2402,21.7495],[104.246,21.7489],[104.2459,21.7462],[104.249,21.7455],[104.2518,21.7433],[104.2528,21.7408],[104.2549,21.7389],[104.2548,21.7374],[104.2559,21.7313],[104.256,21.729],[104.2578,21.728],[104.2596,21.7255],[104.2604,21.7226],[104.2641,21.7199],[104.2693,21.718],[104.272,21.7146],[104.2728,21.7116],[104.275,21.71],[104.2762,21.7081],[104.2797,21.7086],[104.283,21.7123],[104.2864,21.7115],[104.2874,21.7105],[104.2919,21.7113],[104.2945,21.7094],[104.2965,21.7083],[104.2979,21.7063],[104.3007,21.7049],[104.3043,21.6996],[104.3037,21.6947],[104.3076,21.6923],[104.309,21.6838],[104.3115,21.6819],[104.316,21.6802],[104.3171,21.681],[104.3221,21.6795],[104.3239,21.6812],[104.3257,21.6809],[104.328,21.6765],[104.3354,21.672],[104.3436,21.6704],[104.3458,21.6676],[104.3443,21.667],[104.3391,21.6609],[104.3383,21.6584],[104.3394,21.6553],[104.3389,21.6533],[104.3336,21.6549],[104.331,21.655],[104.3255,21.654],[104.3205,21.6546],[104.3178,21.6565],[104.3153,21.6566],[104.3085,21.6557],[104.3044,21.6526],[104.3024,21.6521],[104.2946,21.6534],[104.2903,21.6594],[104.2878,21.6613],[104.2861,21.6609],[104.2812,21.6622],[104.277,21.6618],[104.2743,21.6638],[104.2716,21.6629],[104.2672,21.6624],[104.2639,21.6637],[104.2607,21.6631],[104.255,21.6656],[104.2561,21.6684],[104.2558,21.6699],[104.2533,21.6712],[104.2501,21.6709],[104.2453,21.6722],[104.2414,21.6698],[104.2355,21.671],[104.2316,21.6729],[104.228,21.6711],[104.2237,21.6719],[104.2216,21.6715],[104.2208,21.6729],[104.2151,21.672],[104.2116,21.6701],[104.2117,21.667],[104.211,21.6643],[104.2074,21.6606],[104.2048,21.6586],[104.2043,21.6557],[104.2014,21.6544],[104.1998,21.6518],[104.1954,21.6485],[104.1919,21.6472],[104.1859,21.648],[104.1834,21.6475],[104.1807,21.6482],[104.1757,21.6481],[104.1744,21.647],[104.1771,21.6453],[104.1753,21.6435],[104.1756,21.6413],[104.173,21.6363],[104.1716,21.6383],[104.1661,21.6394],[104.1626,21.6417],[104.1591,21.6418],[104.1531,21.6433],[104.1509,21.6474],[104.1486,21.6483],[104.1482,21.6503],[104.1462,21.6527],[104.1458,21.6549],[104.1457,21.6569],[104.1415,21.6624],[104.1385,21.6657],[104.1382,21.6673],[104.1362,21.6702],[104.1363,21.6714],[104.1339,21.6746],[104.1311,21.6768],[104.1308,21.6781],[104.1342,21.6808],[104.1343,21.6863],[104.1356,21.6874],[104.1368,21.6929],[104.1416,21.6974],[104.1417,21.704],[104.1403,21.7054],[104.1414,21.708],[104.1409,21.7132],[104.1423,21.7132],[104.1436,21.7153],[104.1434,21.7177],[104.1415,21.7195],[104.141,21.7235],[104.1387,21.7274],[104.1376,21.7282],[104.1378,21.7305],[104.1345,21.7353],[104.134,21.7372],[104.1306,21.737],[104.129,21.738],[104.1278,21.7411],[104.1242,21.7437],[104.1225,21.7459],[104.1185,21.7464],[104.1153,21.7497],[104.1136,21.7489],[104.1088,21.7504],[104.107,21.7518],[104.1033,21.753],[104.102,21.7543],[104.0983,21.7545],[104.0943,21.7579],[104.088,21.76],[104.0871,21.7644],[104.0882,21.7683],[104.0906,21.7713],[104.0908,21.775],[104.0901,21.7767],[104.0882,21.7785],[104.0887,21.7831],[104.0882,21.7851],[104.0908,21.7876]]]},"properties":{"name":"Púng Luông","level":"ward"}},{"type":"Feature","geometry":{"type":"Polygon","coordinates":[[[104.8913,21.7927],[104.8877,21.7871],[104.8858,21.7859],[104.8833,21.7855],[104.8811,21.7862],[104.8801,21.7837],[104.8769,21.7831],[104.8757,21.7816],[104.8757,21.7779],[104.8732,21.7752],[104.8685,21.7726],[104.8649,21.7658],[104.8646,21.7602],[104.8625,21.7571],[104.8612,21.7581],[104.8563,21.7533],[104.853,21.7515],[104.8496,21.7545],[104.8497,21.7564],[104.8485,21.7583],[104.8448,21.7578],[104.844,21.7565],[104.8407,21.7557],[104.8394,21.7514],[104.8382,21.7512],[104.8356,21.7546],[104.8339,21.7535],[104.8329,21.7504],[104.8335,21.7495],[104.831,21.7464],[104.8277,21.7505],[104.8208,21.7561],[104.8189,21.7572],[104.8144,21.7585],[104.8106,21.7585],[104.8036,21.7552],[104.7989,21.7546],[104.7951,21.7555],[104.7921,21.7584],[104.7913,21.7612],[104.7913,21.7642],[104.792,21.7668],[104.7956,21.7725],[104.803,21.7798],[104.8039,21.7836],[104.8026,21.787],[104.8011,21.7892],[104.7972,21.7925],[104.7946,21.7941],[104.7881,21.7964],[104.7857,21.7978],[104.7783,21.8032],[104.7741,21.8041],[104.7715,21.8036],[104.7665,21.801],[104.7627,21.7994],[104.7603,21.799],[104.7573,21.7997],[104.7546,21.8013],[104.7531,21.8044],[104.7532,21.8085],[104.7551,21.8134],[104.7558,21.8177],[104.7551,21.8193],[104.746,21.8262],[104.745,21.828],[104.7445,21.8316],[104.7413,21.8371],[104.7434,21.84],[104.747,21.8408],[104.7504,21.8408],[104.7551,21.8429],[104.7576,21.8429],[104.7613,21.8467],[104.7646,21.8455],[104.7667,21.8458],[104.7687,21.8449],[104.7697,21.8481],[104.7694,21.85],[104.7711,21.8522],[104.7742,21.8545],[104.7748,21.8572],[104.7762,21.859],[104.7756,21.8654],[104.7749,21.8692],[104.7779,21.8717],[104.781,21.873],[104.7831,21.8711],[104.7847,21.8721],[104.7865,21.8765],[104.7904,21.878],[104.7925,21.8777],[104.7956,21.8766],[104.7978,21.8773],[104.8042,21.8748],[104.806,21.8721],[104.8126,21.8672],[104.816,21.8633],[104.8188,21.8623],[104.8218,21.8596],[104.8228,21.858],[104.8262,21.856],[104.8276,21.8537],[104.8293,21.8463],[104.8296,21.8425],[104.8311,21.8409],[104.8315,21.8365],[104.8325,21.8348],[104.8319,21.8311],[104.8339,21.8281],[104.8358,21.8289],[104.8403,21.8276],[104.8435,21.8261],[104.8462,21.8273],[104.8508,21.8268],[104.855,21.8249],[104.8587,21.8227],[104.8616,21.82],[104.8678,21.8174],[104.8743,21.8138],[104.878,21.8066],[104.8806,21.8051],[104.8831,21.8023],[104.8867,21.8],[104.8876,21.7973],[104.8913,21.7927]]]},"properties":{"name":"Trấn Yên","level":"ward"}},{"type":"Feature","geometry":{"type":"Polygon","coordinates":[[[104.831,21.7464],[104.8394,21.7382],[104.8417,21.7347],[104.8426,21.7313],[104.8419,21.7261],[104.839,21.72],[104.8387,21.7161],[104.8423,21.7133],[104.8342,21.7119],[104.83,21.7115],[104.828,21.7123],[104.8265,21.7112],[104.8229,21.7108],[104.8204,21.7098],[104.8198,21.7123],[104.8179,21.713],[104.8142,21.7203],[104.8099,21.7189],[104.8071,21.7165],[104.8013,21.7167],[104.7997,21.7174],[104.7961,21.7154],[104.7965,21.7134],[104.7947,21.7104],[104.7952,21.7057],[104.7987,21.7023],[104.7991,21.6992],[104.7944,21.6957],[104.7916,21.6962],[104.7909,21.6923],[104.7896,21.6896],[104.7902,21.6861],[104.7895,21.6841],[104.7875,21.6816],[104.7846,21.6806],[104.7813,21.681],[104.7805,21.6788],[104.7761,21.677],[104.769,21.6761],[104.7668,21.6737],[104.7657,21.6757],[104.764,21.6764],[104.7619,21.6749],[104.761,21.67],[104.7588,21.6636],[104.7532,21.6603],[104.7508,21.66],[104.7474,21.6581],[104.7452,21.6576],[104.7435,21.6545],[104.742,21.6503],[104.7403,21.6483],[104.7396,21.6459],[104.7359,21.6467],[104.7323,21.6493],[104.726,21.6526],[104.7212,21.648],[104.7186,21.647],[104.7087,21.6528],[104.7054,21.6517],[104.7029,21.6538],[104.7001,21.6582],[104.6976,21.6602],[104.6953,21.6608],[104.6939,21.6626],[104.6954,21.6669],[104.6956,21.6737],[104.6953,21.6764],[104.6961,21.6808],[104.6892,21.6891],[104.689,21.6955],[104.6879,21.7016],[104.689,21.7025],[104.6887,21.7046],[104.6864,21.71],[104.6887,21.7116],[104.689,21.7145],[104.692,21.7165],[104.692,21.7215],[104.6905,21.7251],[104.6939,21.7257],[104.6955,21.7278],[104.7019,21.7279],[104.7062,21.7292],[104.7154,21.7295],[104.7172,21.7292],[104.7187,21.7333],[104.7168,21.7354],[104.7168,21.7376],[104.7152,21.7389],[104.7156,21.7411],[104.714,21.7454],[104.713,21.7467],[104.7128,21.7503],[104.7153,21.7543],[104.7171,21.7555],[104.7169,21.7571],[104.7216,21.7596],[104.7234,21.7612],[104.7233,21.7647],[104.7272,21.7664],[104.7297,21.7652],[104.7313,21.7629],[104.7344,21.763],[104.7361,21.7644],[104.7364,21.7661],[104.7334,21.7693],[104.7335,21.7732],[104.7369,21.775],[104.737,21.7785],[104.7404,21.7799],[104.7418,21.7815],[104.7465,21.7807],[104.7471,21.7833],[104.7488,21.7833],[104.7511,21.7846],[104.7519,21.7825],[104.7544,21.7819],[104.7556,21.7806],[104.7605,21.7821],[104.761,21.7854],[104.7639,21.7858],[104.7624,21.7902],[104.7644,21.7913],[104.7646,21.7928],[104.7632,21.7957],[104.7649,21.7978],[104.7672,21.7993],[104.7665,21.801],[104.7715,21.8036],[104.7741,21.8041],[104.7783,21.8032],[104.7857,21.7978],[104.7881,21.7964],[104.7946,21.7941],[104.7972,21.7925],[104.8011,21.7892],[104.8026,21.787],[104.8039,21.7836],[104.803,21.7798],[104.7956,21.7725],[104.792,21.7668],[104.7913,21.7642],[104.7913,21.7612],[104.7921,21.7584],[104.7951,21.7555],[104.7989,21.7546],[104.8036,21.7552],[104.8106,21.7585],[104.8144,21.7585],[104.8189,21.7572],[104.8208,21.7561],[104.8277,21.7505],[104.831,21.7464]]]},"properties":{"name":"Quy Mông","level":"ward"}},{"type":"Feature","geometry":{"type":"Polygon","coordinates":[[[104.7186,21.647],[104.7212,21.648],[104.726,21.6526],[104.7323,21.6493],[104.7359,21.6467],[104.7396,21.6459],[104.7403,21.6483],[104.742,21.6503],[104.7435,21.6545],[104.7452,21.6576],[104.7474,21.6581],[104.7508,21.66],[104.7532,21.6603],[104.7588,21.6636],[104.761,21.67],[104.7619,21.6749],[104.764,21.6764],[104.7657,21.6757],[104.7668,21.6737],[104.769,21.6761],[104.7761,21.677],[104.7805,21.6788],[104.7813,21.681],[104.7846,21.6806],[104.7875,21.6816],[104.7895,21.6841],[104.7902,21.6861],[104.7896,21.6896],[104.7909,21.6923],[104.7916,21.6962],[104.7944,21.6957],[104.7991,21.6992],[104.7987,21.7023],[104.7952,21.7057],[104.7947,21.7104],[104.7965,21.7134],[104.7961,21.7154],[104.7997,21.7174],[104.8013,21.7167],[104.8071,21.7165],[104.8099,21.7189],[104.8142,21.7203],[104.8179,21.713],[104.8198,21.7123],[104.8204,21.7098],[104.8219,21.7064],[104.825,21.7029],[104.8239,21.6957],[104.8219,21.6932],[104.8252,21.6901],[104.8266,21.6861],[104.8275,21.681],[104.8257,21.6782],[104.8271,21.6703],[104.8247,21.668],[104.8261,21.6645],[104.8251,21.662],[104.8226,21.6605],[104.8253,21.6573],[104.8268,21.6533],[104.826,21.6514],[104.8267,21.6495],[104.8265,21.6413],[104.8282,21.6384],[104.8274,21.635],[104.8251,21.633],[104.8237,21.6293],[104.8206,21.6273],[104.8157,21.6253],[104.8114,21.6253],[104.8087,21.6248],[104.809,21.6194],[104.8116,21.6161],[104.8125,21.6128],[104.8123,21.6107],[104.8133,21.6076],[104.8128,21.6063],[104.8125,21.6001],[104.8089,21.597],[104.8083,21.5952],[104.8122,21.592],[104.8134,21.5882],[104.8125,21.5864],[104.8118,21.582],[104.8096,21.5795],[104.8082,21.575],[104.8044,21.5745],[104.8018,21.571],[104.8006,21.5706],[104.7993,21.5673],[104.7972,21.5657],[104.7966,21.5642],[104.7943,21.5654],[104.7913,21.5659],[104.7891,21.5652],[104.7842,21.5651],[104.7835,21.5679],[104.7817,21.5702],[104.7801,21.5743],[104.7753,21.5746],[104.7739,21.5766],[104.7742,21.5803],[104.7753,21.5852],[104.7765,21.5867],[104.7758,21.5904],[104.7769,21.5955],[104.774,21.6],[104.7764,21.6059],[104.7744,21.6108],[104.7723,21.6142],[104.77,21.6139],[104.7624,21.6138],[104.7606,21.6115],[104.7538,21.6101],[104.7483,21.6109],[104.7456,21.6088],[104.7428,21.6103],[104.7406,21.6127],[104.7415,21.6164],[104.7404,21.6225],[104.7382,21.6234],[104.737,21.6268],[104.7354,21.6274],[104.7336,21.6331],[104.7286,21.6364],[104.7245,21.6381],[104.7224,21.64],[104.7188,21.6405],[104.7179,21.6423],[104.7186,21.647]]]},"properties":{"name":"Lương Thịnh","level":"ward"}},{"type":"Feature","geometry":{"type":"Polygon","coordinates":[[[104.8635,21.7129],[104.8671,21.7081],[104.8676,21.7043],[104.8675,21.7004],[104.8681,21.6971],[104.8694,21.6953],[104.8724,21.6937],[104.8754,21.6934],[104.8798,21.6967],[104.8863,21.7053],[104.8907,21.7076],[104.8945,21.7072],[104.8965,21.7056],[104.9013,21.6998],[104.904,21.6931],[104.905,21.6894],[104.907,21.6862],[104.9096,21.6848],[104.916,21.6824],[104.9198,21.6804],[104.9287,21.674],[104.9317,21.6702],[104.9325,21.6674],[104.9329,21.6632],[104.9374,21.6543],[104.9381,21.6514],[104.9373,21.6461],[104.9349,21.6429],[104.9313,21.641],[104.9233,21.6406],[104.9195,21.6396],[104.9134,21.6363],[104.9092,21.6337],[104.9074,21.6319],[104.9044,21.6277],[104.9031,21.625],[104.9043,21.6218],[104.9055,21.6103],[104.9049,21.6082],[104.9009,21.6107],[104.8944,21.6084],[104.8909,21.6088],[104.8878,21.6125],[104.8906,21.6155],[104.8914,21.6188],[104.8911,21.6215],[104.8881,21.6238],[104.8873,21.6264],[104.8845,21.6286],[104.8838,21.6315],[104.8817,21.6329],[104.884,21.6358],[104.8825,21.6381],[104.8756,21.6437],[104.8745,21.6475],[104.875,21.6492],[104.8737,21.6514],[104.874,21.6533],[104.8723,21.6555],[104.8705,21.6609],[104.868,21.6642],[104.8627,21.6676],[104.8621,21.6703],[104.8547,21.6676],[104.8519,21.6676],[104.8492,21.6698],[104.8454,21.6686],[104.8419,21.6681],[104.8369,21.6696],[104.8348,21.6668],[104.8318,21.6686],[104.8271,21.6703],[104.8257,21.6782],[104.8275,21.681],[104.8266,21.6861],[104.8252,21.6901],[104.8219,21.6932],[104.8239,21.6957],[104.825,21.7029],[104.8219,21.7064],[104.8204,21.7098],[104.8229,21.7108],[104.8265,21.7112],[104.828,21.7123],[104.83,21.7115],[104.8342,21.7119],[104.8423,21.7133],[104.8493,21.7125],[104.8603,21.7137],[104.8635,21.7129]]]},"properties":{"name":"Âu Lâu","level":"ward"}},{"type":"Feature","geometry":{"type":"Polygon","coordinates":[[[104.7966,21.5642],[104.7972,21.5657],[104.7993,21.5673],[104.8006,21.5706],[104.8018,21.571],[104.8044,21.5745],[104.8082,21.575],[104.8096,21.5795],[104.8118,21.582],[104.8125,21.5864],[104.8134,21.5882],[104.8122,21.592],[104.8083,21.5952],[104.8089,21.597],[104.8125,21.6001],[104.8128,21.6063],[104.8133,21.6076],[104.8123,21.6107],[104.8125,21.6128],[104.8116,21.6161],[104.809,21.6194],[104.8087,21.6248],[104.8114,21.6253],[104.8157,21.6253],[104.8206,21.6273],[104.8237,21.6293],[104.8251,21.633],[104.8274,21.635],[104.8282,21.6384],[104.8265,21.6413],[104.8267,21.6495],[104.826,21.6514],[104.8268,21.6533],[104.8253,21.6573],[104.8226,21.6605],[104.8251,21.662],[104.8261,21.6645],[104.8247,21.668],[104.8271,21.6703],[104.8318,21.6686],[104.8348,21.6668],[104.8369,21.6696],[104.8419,21.6681],[104.8454,21.6686],[104.8492,21.6698],[104.8519,21.6676],[104.8547,21.6676],[104.8621,21.6703],[104.8627,21.6676],[104.868,21.6642],[104.8705,21.6609],[104.8723,21.6555],[104.874,21.6533],[104.8737,21.6514],[104.875,21.6492],[104.8745,21.6475],[104.8756,21.6437],[104.8825,21.6381],[104.884,21.6358],[104.8817,21.6329],[104.8838,21.6315],[104.8845,21.6286],[104.8873,21.6264],[104.8881,21.6238],[104.8911,21.6215],[104.8914,21.6188],[104.8906,21.6155],[104.8878,21.6125],[104.8876,21.6112],[104.8892,21.6085],[104.892,21.6063],[104.8934,21.6044],[104.8922,21.5986],[104.8925,21.596],[104.8938,21.5938],[104.8929,21.5928],[104.8933,21.5896],[104.8952,21.5876],[104.8947,21.5848],[104.8969,21.5826],[104.8978,21.5778],[104.8982,21.5689],[104.8971,21.5681],[104.8988,21.565],[104.8919,21.5601],[104.8887,21.5582],[104.8845,21.5578],[104.8822,21.559],[104.8768,21.5558],[104.8735,21.5563],[104.8709,21.5545],[104.8677,21.5498],[104.8678,21.5438],[104.8688,21.5421],[104.8673,21.5421],[104.866,21.5393],[104.8621,21.5354],[104.8609,21.533],[104.8592,21.5319],[104.8579,21.5328],[104.8518,21.5326],[104.8479,21.5361],[104.8456,21.5365],[104.8438,21.5386],[104.8415,21.5438],[104.838,21.5441],[104.8347,21.5436],[104.8322,21.5449],[104.8287,21.5498],[104.8288,21.5508],[104.8267,21.5531],[104.8227,21.5531],[104.8182,21.5524],[104.8166,21.5534],[104.8161,21.5556],[104.8117,21.5573],[104.8078,21.556],[104.8057,21.5563],[104.8015,21.5587],[104.7972,21.5627],[104.7966,21.5642]]]},"properties":{"name":"Việt Hồng","level":"ward"}},{"type":"Feature","geometry":{"type":"Polygon","coordinates":[[[104.6517,21.6142],[104.6572,21.6157],[104.6617,21.6193],[104.6649,21.623],[104.6633,21.6291],[104.6661,21.6322],[104.6656,21.636],[104.6659,21.6385],[104.6651,21.6395],[104.6691,21.642],[104.6713,21.644],[104.6745,21.6445],[104.6745,21.6468],[104.6734,21.6484],[104.6761,21.6501],[104.6754,21.6529],[104.677,21.6559],[104.6791,21.6616],[104.6844,21.6641],[104.688,21.6649],[104.6911,21.6642],[104.6939,21.6626],[104.6953,21.6608],[104.6976,21.6602],[104.7001,21.6582],[104.7029,21.6538],[104.7054,21.6517],[104.7087,21.6528],[104.7186,21.647],[104.7179,21.6423],[104.7188,21.6405],[104.7224,21.64],[104.7245,21.6381],[104.7286,21.6364],[104.7336,21.6331],[104.7354,21.6274],[104.737,21.6268],[104.7382,21.6234],[104.7404,21.6225],[104.7415,21.6164],[104.7406,21.6127],[104.7428,21.6103],[104.7456,21.6088],[104.7483,21.6109],[104.7538,21.6101],[104.7606,21.6115],[104.7624,21.6138],[104.77,21.6139],[104.7723,21.6142],[104.7744,21.6108],[104.7764,21.6059],[104.774,21.6],[104.7769,21.5955],[104.7758,21.5904],[104.7765,21.5867],[104.7753,21.5852],[104.7742,21.5803],[104.7739,21.5766],[104.7753,21.5746],[104.7801,21.5743],[104.7817,21.5702],[104.7835,21.5679],[104.7842,21.5651],[104.7796,21.5611],[104.7806,21.5573],[104.7793,21.5552],[104.7776,21.5547],[104.7758,21.553],[104.7753,21.5493],[104.7741,21.5475],[104.7704,21.5446],[104.7685,21.5404],[104.7693,21.5355],[104.769,21.5346],[104.7644,21.5328],[104.7613,21.5346],[104.7584,21.5339],[104.7571,21.5345],[104.7515,21.5335],[104.7501,21.532],[104.7474,21.5312],[104.7423,21.5311],[104.7393,21.5338],[104.7374,21.5368],[104.7331,21.5381],[104.7319,21.5374],[104.7291,21.5375],[104.7274,21.5352],[104.7266,21.5312],[104.7207,21.5325],[104.7181,21.5341],[104.717,21.5359],[104.7136,21.5355],[104.7114,21.5374],[104.7084,21.5388],[104.7077,21.5405],[104.7048,21.5426],[104.701,21.5446],[104.6986,21.5469],[104.6911,21.5506],[104.6909,21.5527],[104.6894,21.5596],[104.6884,21.5622],[104.6875,21.567],[104.6834,21.5678],[104.6816,21.571],[104.6789,21.5715],[104.6757,21.5732],[104.6733,21.5723],[104.6694,21.5749],[104.6662,21.575],[104.6638,21.5721],[104.6581,21.5745],[104.6543,21.5789],[104.6546,21.5812],[104.653,21.5842],[104.6516,21.5851],[104.6485,21.5903],[104.6509,21.5927],[104.6526,21.5996],[104.6527,21.6043],[104.6517,21.6142]]]},"properties":{"name":"Hưng Khánh","level":"ward"}},{"type":"Feature","geometry":{"type":"Polygon","coordinates":[[[104.4098,21.3879],[104.4042,21.3896],[104.4022,21.3909],[104.4,21.3908],[104.3951,21.3923],[104.3935,21.391],[104.3896,21.3909],[104.3861,21.3894],[104.3826,21.3893],[104.3799,21.3914],[104.3776,21.3944],[104.3742,21.3948],[104.3736,21.3978],[104.372,21.3987],[104.3695,21.3984],[104.3642,21.401],[104.3622,21.403],[104.3608,21.4068],[104.358,21.4089],[104.3565,21.4092],[104.3552,21.4137],[104.351,21.4168],[104.3492,21.4171],[104.3468,21.4194],[104.3437,21.4177],[104.3421,21.4149],[104.3422,21.4129],[104.3436,21.4104],[104.341,21.4099],[104.3363,21.4078],[104.3312,21.4082],[104.3298,21.4104],[104.3281,21.4109],[104.3267,21.4137],[104.3237,21.4181],[104.3221,21.4194],[104.3205,21.4248],[104.3202,21.4277],[104.3149,21.4308],[104.3111,21.4321],[104.3085,21.4315],[104.3062,21.433],[104.3038,21.4333],[104.3032,21.4375],[104.2987,21.4392],[104.2987,21.4407],[104.3002,21.4444],[104.3005,21.4496],[104.3029,21.4524],[104.3028,21.4539],[104.3005,21.4579],[104.296,21.4574],[104.2941,21.4586],[104.2916,21.4613],[104.2887,21.4623],[104.2869,21.464],[104.2866,21.4657],[104.2846,21.4675],[104.2821,21.4722],[104.2841,21.4758],[104.284,21.4824],[104.2833,21.4853],[104.2861,21.487],[104.2843,21.4906],[104.2858,21.4951],[104.2867,21.4955],[104.2904,21.5001],[104.2929,21.5024],[104.2926,21.5079],[104.2949,21.5106],[104.2925,21.5147],[104.2922,21.5226],[104.2935,21.5245],[104.2914,21.5284],[104.2878,21.5333],[104.2831,21.5363],[104.2801,21.5442],[104.2788,21.546],[104.2794,21.5473],[104.277,21.5515],[104.2781,21.552],[104.2821,21.5567],[104.2823,21.5584],[104.2846,21.5607],[104.2873,21.5648],[104.2877,21.5686],[104.2905,21.5693],[104.2932,21.5709],[104.296,21.5709],[104.2985,21.5718],[104.3038,21.5717],[104.306,21.5713],[104.3105,21.5742],[104.3136,21.5741],[104.3191,21.5721],[104.3224,21.5716],[104.323,21.5673],[104.327,21.5646],[104.3283,21.5617],[104.3327,21.5609],[104.333,21.5639],[104.3356,21.5657],[104.3393,21.5667],[104.3439,21.5661],[104.3469,21.567],[104.3497,21.5651],[104.352,21.5655],[104.3551,21.5647],[104.357,21.5626],[104.3591,21.5624],[104.362,21.5605],[104.3648,21.5602],[104.368,21.5618],[104.3726,21.5603],[104.3742,21.5576],[104.3799,21.5548],[104.3855,21.5511],[104.3863,21.5498],[104.3863,21.546],[104.3871,21.544],[104.3858,21.5418],[104.3868,21.5376],[104.3867,21.536],[104.389,21.5314],[104.3884,21.5295],[104.3908,21.5258],[104.3951,21.523],[104.395,21.5192],[104.3935,21.5168],[104.393,21.5138],[104.3938,21.5094],[104.3958,21.5094],[104.3988,21.5072],[104.4023,21.5068],[104.4032,21.5048],[104.4056,21.5038],[104.4096,21.5038],[104.4126,21.5007],[104.4157,21.4986],[104.4168,21.4954],[104.4211,21.4924],[104.4217,21.4889],[104.4219,21.4885],[104.4236,21.4858],[104.4242,21.4836],[104.4206,21.4833],[104.4199,21.4812],[104.418,21.4816],[104.4166,21.4804],[104.4162,21.4773],[104.4152,21.476],[104.4136,21.4751],[104.4106,21.4764],[104.4086,21.4755],[104.4059,21.4722],[104.4014,21.4694],[104.3997,21.469],[104.3951,21.4656],[104.3952,21.4627],[104.3942,21.4614],[104.3934,21.4557],[104.395,21.4541],[104.3963,21.4487],[104.3965,21.4487],[104.3989,21.4475],[104.4004,21.4479],[104.4037,21.4468],[104.4035,21.442],[104.406,21.4387],[104.4079,21.4336],[104.4108,21.433],[104.4125,21.4318],[104.4165,21.4303],[104.4193,21.426],[104.4141,21.4218],[104.4048,21.4245],[104.4036,21.4263],[104.3974,21.4288],[104.3942,21.4281],[104.392,21.4293],[104.3898,21.4287],[104.39,21.4254],[104.3884,21.4252],[104.3881,21.4226],[104.3857,21.4208],[104.3867,21.4164],[104.3897,21.4103],[104.3914,21.4078],[104.3975,21.4035],[104.3999,21.4024],[104.4041,21.3977],[104.4045,21.3964],[104.4091,21.3947],[104.4122,21.3948],[104.4095,21.3891],[104.4098,21.3879]]]},"properties":{"name":"Hạnh Phúc","level":"ward"}},{"type":"Feature","geometry":{"type":"Polygon","coordinates":[[[104.5558,21.4568],[104.5558,21.457],[104.5548,21.4597],[104.5552,21.4615],[104.5494,21.4645],[104.5484,21.4665],[104.5486,21.4695],[104.5501,21.4691],[104.552,21.4717],[104.5539,21.4769],[104.5536,21.4803],[104.5547,21.4822],[104.5522,21.4846],[104.5524,21.4868],[104.5492,21.488],[104.5481,21.4914],[104.5491,21.4939],[104.5467,21.4968],[104.5513,21.4996],[104.5539,21.499],[104.5541,21.5023],[104.5551,21.5026],[104.5543,21.5077],[104.5583,21.51],[104.56,21.5122],[104.5609,21.5156],[104.5625,21.5169],[104.565,21.5237],[104.5646,21.5251],[104.5695,21.5306],[104.5713,21.53],[104.5736,21.5312],[104.5759,21.5313],[104.5764,21.5288],[104.5788,21.5272],[104.5789,21.5254],[104.5815,21.5212],[104.5845,21.5198],[104.5866,21.5201],[104.5917,21.5219],[104.5927,21.5217],[104.5958,21.519],[104.5994,21.5195],[104.6021,21.5188],[104.6046,21.5191],[104.6067,21.521],[104.6099,21.5228],[104.6144,21.522],[104.6191,21.5194],[104.6245,21.5193],[104.6279,21.5186],[104.6297,21.519],[104.6315,21.5209],[104.636,21.5194],[104.641,21.5164],[104.6424,21.5169],[104.6455,21.5156],[104.6476,21.5126],[104.6494,21.5086],[104.6494,21.5063],[104.6466,21.5024],[104.6484,21.4997],[104.6458,21.4976],[104.6454,21.4941],[104.6446,21.4927],[104.6484,21.4918],[104.6521,21.4915],[104.6551,21.4899],[104.6544,21.4879],[104.6556,21.4858],[104.6572,21.4857],[104.6549,21.4829],[104.6522,21.4806],[104.6556,21.4763],[104.6562,21.4728],[104.66,21.4696],[104.663,21.4648],[104.661,21.4625],[104.6584,21.4606],[104.6562,21.4604],[104.6545,21.4585],[104.651,21.4586],[104.6485,21.4577],[104.6464,21.4578],[104.6418,21.4538],[104.6411,21.4507],[104.6399,21.4492],[104.6356,21.4467],[104.6352,21.4446],[104.6319,21.4447],[104.6302,21.446],[104.6275,21.446],[104.6221,21.4475],[104.6179,21.4511],[104.6127,21.4525],[104.6108,21.4522],[104.6086,21.4538],[104.6068,21.4533],[104.6044,21.4495],[104.5972,21.443],[104.5924,21.44],[104.5895,21.439],[104.5897,21.435],[104.5866,21.4308],[104.5877,21.4269],[104.5865,21.426],[104.5868,21.4224],[104.583,21.4195],[104.5811,21.414],[104.5814,21.4109],[104.5783,21.4089],[104.5765,21.4223],[104.5771,21.4257],[104.574,21.4301],[104.5716,21.4327],[104.5655,21.4363],[104.564,21.4409],[104.561,21.4421],[104.5596,21.4418],[104.5583,21.446],[104.5584,21.4488],[104.556,21.451],[104.5571,21.4535],[104.5558,21.4568]]]},"properties":{"name":"Tà Xi Láng","level":"ward"}},{"type":"Feature","geometry":{"type":"Polygon","coordinates":[[[104.4502,21.6101],[104.4494,21.6073],[104.445,21.6047],[104.4457,21.5997],[104.4447,21.5966],[104.4493,21.5949],[104.4529,21.5946],[104.4568,21.5951],[104.4583,21.5946],[104.4586,21.5907],[104.458,21.5871],[104.4541,21.5844],[104.4522,21.5848],[104.4548,21.5801],[104.4549,21.5775],[104.4537,21.5743],[104.4554,21.5713],[104.455,21.5681],[104.4596,21.5694],[104.4655,21.5701],[104.4701,21.5651],[104.4712,21.5647],[104.472,21.5629],[104.4755,21.5627],[104.4787,21.5615],[104.4744,21.5581],[104.4735,21.5547],[104.4743,21.5507],[104.4735,21.5492],[104.4753,21.5458],[104.4746,21.5431],[104.4758,21.5392],[104.4789,21.5386],[104.4815,21.5366],[104.4843,21.5368],[104.486,21.5345],[104.4848,21.5311],[104.4829,21.5284],[104.4806,21.5277],[104.479,21.5283],[104.4764,21.5256],[104.4745,21.5247],[104.4701,21.5242],[104.4671,21.5222],[104.4673,21.5199],[104.4689,21.5168],[104.4728,21.5175],[104.4748,21.5185],[104.4764,21.521],[104.484,21.5202],[104.4851,21.5213],[104.4891,21.5232],[104.4907,21.521],[104.4922,21.5218],[104.4945,21.5211],[104.499,21.5235],[104.5016,21.5201],[104.503,21.5171],[104.5015,21.5158],[104.5001,21.5095],[104.4967,21.5067],[104.4971,21.5052],[104.4951,21.5012],[104.491,21.5005],[104.4889,21.4959],[104.489,21.4943],[104.4871,21.4917],[104.4859,21.4888],[104.4859,21.4869],[104.4826,21.4848],[104.4814,21.4861],[104.4782,21.4843],[104.4781,21.482],[104.4758,21.4805],[104.473,21.4796],[104.474,21.4768],[104.4723,21.4732],[104.4712,21.4694],[104.4725,21.4662],[104.4708,21.4648],[104.4696,21.4608],[104.4678,21.461],[104.4637,21.4562],[104.4637,21.4535],[104.4602,21.4516],[104.461,21.4483],[104.4602,21.4437],[104.4565,21.4433],[104.4526,21.4451],[104.4483,21.4461],[104.4436,21.4504],[104.443,21.4521],[104.4396,21.4542],[104.4337,21.4549],[104.433,21.4572],[104.4298,21.461],[104.4294,21.4639],[104.4225,21.4692],[104.4182,21.4694],[104.4152,21.476],[104.4162,21.4773],[104.4166,21.4804],[104.418,21.4816],[104.4199,21.4812],[104.4206,21.4833],[104.4242,21.4836],[104.4236,21.4858],[104.4219,21.4885],[104.4217,21.4889],[104.4211,21.4924],[104.4168,21.4954],[104.4157,21.4986],[104.4126,21.5007],[104.4096,21.5038],[104.4056,21.5038],[104.4032,21.5048],[104.4023,21.5068],[104.3988,21.5072],[104.3958,21.5094],[104.3938,21.5094],[104.393,21.5138],[104.3935,21.5168],[104.395,21.5192],[104.3951,21.523],[104.3908,21.5258],[104.3884,21.5295],[104.389,21.5314],[104.3867,21.536],[104.3868,21.5376],[104.3858,21.5418],[104.3871,21.544],[104.3863,21.546],[104.3863,21.5498],[104.3855,21.5511],[104.3799,21.5548],[104.3742,21.5576],[104.3726,21.5603],[104.368,21.5618],[104.3648,21.5602],[104.362,21.5605],[104.3591,21.5624],[104.357,21.5626],[104.3551,21.5647],[104.352,21.5655],[104.3497,21.5651],[104.3469,21.567],[104.3439,21.5661],[104.3393,21.5667],[104.3356,21.5657],[104.333,21.5639],[104.3327,21.5609],[104.3283,21.5617],[104.327,21.5646],[104.323,21.5673],[104.3224,21.5716],[104.3191,21.5721],[104.3136,21.5741],[104.3105,21.5742],[104.306,21.5713],[104.3038,21.5717],[104.2985,21.5718],[104.2973,21.5729],[104.2966,21.5769],[104.2952,21.579],[104.2962,21.581],[104.2947,21.5832],[104.2937,21.5863],[104.2929,21.5914],[104.2913,21.5939],[104.2916,21.5951],[104.2875,21.5987],[104.2876,21.6005],[104.2908,21.6027],[104.2932,21.6025],[104.2965,21.6042],[104.2998,21.6048],[104.3027,21.6078],[104.3045,21.6086],[104.306,21.6079],[104.3076,21.6112],[104.3099,21.6146],[104.3138,21.6154],[104.3168,21.6182],[104.3188,21.6192],[104.3195,21.6218],[104.3215,21.6248],[104.322,21.6272],[104.3279,21.6301],[104.3311,21.6376],[104.3339,21.6375],[104.337,21.6387],[104.3403,21.6423],[104.3401,21.6495],[104.3389,21.6533],[104.3394,21.6553],[104.3383,21.6584],[104.3391,21.6609],[104.3443,21.667],[104.3458,21.6676],[104.3491,21.6663],[104.353,21.6664],[104.3563,21.6693],[104.3609,21.6691],[104.365,21.6665],[104.3662,21.664],[104.3697,21.659],[104.3792,21.6554],[104.3831,21.6511],[104.387,21.6516],[104.3909,21.6496],[104.3924,21.647],[104.3941,21.6461],[104.3956,21.6435],[104.3978,21.6435],[104.4007,21.6464],[104.4019,21.6497],[104.404,21.6517],[104.4078,21.651],[104.4088,21.6482],[104.411,21.646],[104.4116,21.6444],[104.4171,21.6416],[104.4181,21.6421],[104.4216,21.6395],[104.4243,21.6386],[104.4266,21.6411],[104.4292,21.6414],[104.4327,21.6409],[104.4358,21.6436],[104.4376,21.6415],[104.4405,21.6393],[104.4435,21.635],[104.4459,21.6325],[104.4504,21.6292],[104.4507,21.6281],[104.4488,21.6218],[104.4491,21.6196],[104.448,21.6152],[104.4463,21.6129],[104.4468,21.6104],[104.4483,21.6089],[104.4502,21.6101]]]},"properties":{"name":"Trạm Tấu","level":"ward"}},{"type":"Feature","geometry":{"type":"Polygon","coordinates":[[[104.4098,21.3879],[104.4095,21.3891],[104.4122,21.3948],[104.4091,21.3947],[104.4045,21.3964],[104.4041,21.3977],[104.3999,21.4024],[104.3975,21.4035],[104.3914,21.4078],[104.3897,21.4103],[104.3867,21.4164],[104.3857,21.4208],[104.3881,21.4226],[104.3884,21.4252],[104.39,21.4254],[104.3898,21.4287],[104.392,21.4293],[104.3942,21.4281],[104.3974,21.4288],[104.4036,21.4263],[104.4048,21.4245],[104.4141,21.4218],[104.4193,21.426],[104.4165,21.4303],[104.4125,21.4318],[104.4108,21.433],[104.4079,21.4336],[104.406,21.4387],[104.4035,21.442],[104.4037,21.4468],[104.4004,21.4479],[104.3989,21.4475],[104.3965,21.4487],[104.3963,21.4487],[104.395,21.4541],[104.3934,21.4557],[104.3942,21.4614],[104.3952,21.4627],[104.3951,21.4656],[104.3997,21.469],[104.4014,21.4694],[104.4059,21.4722],[104.4086,21.4755],[104.4106,21.4764],[104.4136,21.4751],[104.4152,21.476],[104.4182,21.4694],[104.4225,21.4692],[104.4294,21.4639],[104.4298,21.461],[104.433,21.4572],[104.4337,21.4549],[104.4396,21.4542],[104.443,21.4521],[104.4436,21.4504],[104.4483,21.4461],[104.4526,21.4451],[104.4565,21.4433],[104.4602,21.4437],[104.461,21.4483],[104.4602,21.4516],[104.4637,21.4535],[104.4637,21.4562],[104.4678,21.461],[104.4696,21.4608],[104.4708,21.4648],[104.4725,21.4662],[104.4712,21.4694],[104.4723,21.4732],[104.474,21.4768],[104.473,21.4796],[104.4758,21.4805],[104.4781,21.482],[104.4782,21.4843],[104.4814,21.4861],[104.4826,21.4848],[104.4859,21.4869],[104.4859,21.4888],[104.4871,21.4917],[104.489,21.4943],[104.4889,21.4959],[104.491,21.5005],[104.4951,21.5012],[104.4971,21.5052],[104.4967,21.5067],[104.5001,21.5095],[104.5015,21.5158],[104.503,21.5171],[104.5016,21.5201],[104.506,21.5201],[104.5078,21.5232],[104.5064,21.5266],[104.5085,21.5264],[104.5087,21.5281],[104.5152,21.5306],[104.5161,21.5284],[104.5187,21.5294],[104.5213,21.5325],[104.5242,21.5303],[104.5255,21.5323],[104.5298,21.5356],[104.5313,21.5361],[104.5344,21.5341],[104.5353,21.5363],[104.5345,21.5376],[104.5419,21.5439],[104.546,21.5468],[104.5498,21.5487],[104.552,21.5485],[104.5551,21.5507],[104.5614,21.5521],[104.5645,21.5516],[104.5653,21.553],[104.5681,21.5543],[104.5696,21.5536],[104.5698,21.5502],[104.5645,21.5461],[104.5651,21.5447],[104.5856,21.5466],[104.5891,21.546],[104.5951,21.5457],[104.5955,21.5421],[104.597,21.5393],[104.6004,21.5363],[104.6041,21.536],[104.6053,21.532],[104.6084,21.5302],[104.6117,21.5292],[104.6098,21.5263],[104.6099,21.5228],[104.6067,21.521],[104.6046,21.5191],[104.6021,21.5188],[104.5994,21.5195],[104.5958,21.519],[104.5927,21.5217],[104.5917,21.5219],[104.5866,21.5201],[104.5845,21.5198],[104.5815,21.5212],[104.5789,21.5254],[104.5788,21.5272],[104.5764,21.5288],[104.5759,21.5313],[104.5736,21.5312],[104.5713,21.53],[104.5695,21.5306],[104.5646,21.5251],[104.565,21.5237],[104.5625,21.5169],[104.5609,21.5156],[104.56,21.5122],[104.5583,21.51],[104.5543,21.5077],[104.5551,21.5026],[104.5541,21.5023],[104.5539,21.499],[104.5513,21.4996],[104.5467,21.4968],[104.5491,21.4939],[104.5481,21.4914],[104.5492,21.488],[104.5524,21.4868],[104.5522,21.4846],[104.5547,21.4822],[104.5536,21.4803],[104.5539,21.4769],[104.552,21.4717],[104.5501,21.4691],[104.5486,21.4695],[104.5484,21.4665],[104.5494,21.4645],[104.5552,21.4615],[104.5548,21.4597],[104.5558,21.457],[104.5558,21.4568],[104.5571,21.4535],[104.556,21.451],[104.5584,21.4488],[104.5583,21.446],[104.5596,21.4418],[104.561,21.4421],[104.564,21.4409],[104.5655,21.4363],[104.5716,21.4327],[104.574,21.4301],[104.5771,21.4257],[104.5765,21.4223],[104.5783,21.4089],[104.5742,21.4108],[104.5715,21.411],[104.5701,21.413],[104.5686,21.4127],[104.5657,21.4102],[104.5591,21.4089],[104.5571,21.4097],[104.5534,21.409],[104.5499,21.4106],[104.5469,21.4109],[104.5459,21.4124],[104.5407,21.414],[104.5341,21.4138],[104.5312,21.4143],[104.5279,21.4127],[104.5269,21.4108],[104.5217,21.4063],[104.5202,21.4035],[104.5206,21.4016],[104.5191,21.399],[104.5148,21.3959],[104.5145,21.3902],[104.5137,21.3885],[104.5094,21.3854],[104.5093,21.3838],[104.5078,21.3811],[104.504,21.3767],[104.4989,21.3738],[104.4968,21.3744],[104.4934,21.3733],[104.4904,21.3701],[104.4902,21.3688],[104.4863,21.3643],[104.4835,21.363],[104.4834,21.3602],[104.4818,21.357],[104.4782,21.3548],[104.4763,21.3527],[104.4701,21.3513],[104.4653,21.3521],[104.4637,21.3533],[104.4609,21.3525],[104.4553,21.3541],[104.4533,21.3554],[104.451,21.3554],[104.4477,21.357],[104.4441,21.3568],[104.4388,21.3559],[104.4341,21.3535],[104.4314,21.3547],[104.4279,21.3554],[104.4264,21.3573],[104.4248,21.3575],[104.423,21.3596],[104.4202,21.3606],[104.4204,21.3659],[104.4219,21.368],[104.4205,21.3702],[104.4208,21.374],[104.4185,21.3798],[104.4142,21.3823],[104.4142,21.3843],[104.413,21.386],[104.4098,21.3879]]]},"properties":{"name":"Phình Hồ","level":"ward"}},{"type":"Feature","geometry":{"type":"Polygon","coordinates":[[[104.187,21.8357],[104.1896,21.8393],[104.1892,21.8417],[104.1904,21.8439],[104.1898,21.8451],[104.1931,21.8467],[104.196,21.8467],[104.1978,21.8495],[104.202,21.8528],[104.2027,21.8541],[104.2054,21.8538],[104.2068,21.8519],[104.2117,21.8502],[104.2143,21.8484],[104.2158,21.8482],[104.2197,21.844],[104.2233,21.8446],[104.2257,21.8424],[104.2287,21.8407],[104.2301,21.8391],[104.2341,21.8383],[104.2385,21.8351],[104.2416,21.8313],[104.2461,21.8292],[104.2487,21.8253],[104.2505,21.8256],[104.2525,21.8245],[104.2558,21.8264],[104.2596,21.8242],[104.261,21.8217],[104.2643,21.82],[104.2673,21.82],[104.2691,21.8162],[104.2682,21.8135],[104.2702,21.8116],[104.2753,21.809],[104.2777,21.806],[104.2814,21.8054],[104.2824,21.8063],[104.2867,21.8066],[104.2902,21.8052],[104.2932,21.8051],[104.297,21.8025],[104.2982,21.8004],[104.303,21.8019],[104.3056,21.8045],[104.3096,21.803],[104.3117,21.7917],[104.316,21.7893],[104.3197,21.7887],[104.3193,21.7911],[104.321,21.7929],[104.3247,21.793],[104.3263,21.7939],[104.3304,21.7946],[104.3369,21.7916],[104.3348,21.7863],[104.3352,21.784],[104.3375,21.7831],[104.3388,21.7789],[104.3379,21.7768],[104.3345,21.7745],[104.3324,21.7722],[104.3318,21.7698],[104.3281,21.7668],[104.3266,21.764],[104.3219,21.7597],[104.3212,21.7565],[104.3186,21.753],[104.3152,21.7511],[104.3097,21.7519],[104.3064,21.7503],[104.3037,21.7481],[104.3023,21.7482],[104.2986,21.7459],[104.2987,21.7422],[104.2979,21.738],[104.2995,21.7339],[104.2998,21.7289],[104.2972,21.7213],[104.2976,21.7191],[104.2951,21.7174],[104.294,21.714],[104.2952,21.711],[104.2945,21.7094],[104.2919,21.7113],[104.2874,21.7105],[104.2864,21.7115],[104.283,21.7123],[104.2797,21.7086],[104.2762,21.7081],[104.275,21.71],[104.2728,21.7116],[104.272,21.7146],[104.2693,21.718],[104.2641,21.7199],[104.2604,21.7226],[104.2596,21.7255],[104.2578,21.728],[104.256,21.729],[104.2559,21.7313],[104.2548,21.7374],[104.2549,21.7389],[104.2528,21.7408],[104.2518,21.7433],[104.249,21.7455],[104.2459,21.7462],[104.246,21.7489],[104.2402,21.7495],[104.2383,21.7515],[104.2381,21.7532],[104.2343,21.7558],[104.2324,21.7602],[104.2298,21.7613],[104.2262,21.7619],[104.2197,21.7666],[104.2192,21.7703],[104.2164,21.7722],[104.2145,21.7789],[104.2169,21.7843],[104.2189,21.7872],[104.2171,21.7909],[104.2145,21.7932],[104.2127,21.7941],[104.2127,21.7967],[104.2104,21.796],[104.208,21.7963],[104.2047,21.7954],[104.2027,21.7965],[104.1996,21.8006],[104.1975,21.8009],[104.1955,21.803],[104.1934,21.8038],[104.1941,21.8066],[104.1903,21.813],[104.1898,21.8154],[104.1914,21.8169],[104.1907,21.8189],[104.1913,21.8209],[104.1897,21.8236],[104.1911,21.8263],[104.1902,21.8302],[104.189,21.8314],[104.187,21.8357]]]},"properties":{"name":"Tú Lệ","level":"ward"}},{"type":"Feature","geometry":{"type":"Polygon","coordinates":[[[104.4757,21.6201],[104.4708,21.6203],[104.4674,21.6199],[104.4676,21.6169],[104.4643,21.6132],[104.4578,21.61],[104.4569,21.6079],[104.4513,21.6083],[104.4502,21.6101],[104.4483,21.6089],[104.4468,21.6104],[104.4463,21.6129],[104.448,21.6152],[104.4491,21.6196],[104.4488,21.6218],[104.4507,21.6281],[104.4504,21.6292],[104.4459,21.6325],[104.4435,21.635],[104.4405,21.6393],[104.4376,21.6415],[104.4358,21.6436],[104.4327,21.6409],[104.4292,21.6414],[104.4266,21.6411],[104.4243,21.6386],[104.4216,21.6395],[104.4181,21.6421],[104.4171,21.6416],[104.4116,21.6444],[104.411,21.646],[104.4088,21.6482],[104.4078,21.651],[104.404,21.6517],[104.4019,21.6497],[104.4007,21.6464],[104.3978,21.6435],[104.3956,21.6435],[104.3941,21.6461],[104.3924,21.647],[104.3909,21.6496],[104.387,21.6516],[104.3831,21.6511],[104.3792,21.6554],[104.3697,21.659],[104.3662,21.664],[104.365,21.6665],[104.3609,21.6691],[104.3563,21.6693],[104.353,21.6664],[104.3491,21.6663],[104.3458,21.6676],[104.3436,21.6704],[104.3354,21.672],[104.328,21.6765],[104.3257,21.6809],[104.3239,21.6812],[104.3221,21.6795],[104.3171,21.681],[104.316,21.6802],[104.3115,21.6819],[104.309,21.6838],[104.3076,21.6923],[104.3037,21.6947],[104.3043,21.6996],[104.3007,21.7049],[104.2979,21.7063],[104.2965,21.7083],[104.2945,21.7094],[104.2952,21.711],[104.294,21.714],[104.2951,21.7174],[104.2976,21.7191],[104.2972,21.7213],[104.2998,21.7289],[104.2995,21.7339],[104.2979,21.738],[104.2987,21.7422],[104.2986,21.7459],[104.3023,21.7482],[104.3037,21.7481],[104.3064,21.7503],[104.3097,21.7519],[104.3152,21.7511],[104.3186,21.753],[104.3212,21.7565],[104.3219,21.7597],[104.3266,21.764],[104.3281,21.7668],[104.3318,21.7698],[104.3324,21.7722],[104.3345,21.7745],[104.3379,21.7768],[104.3388,21.7789],[104.3375,21.7831],[104.3352,21.784],[104.3348,21.7863],[104.3369,21.7916],[104.3398,21.7928],[104.341,21.7893],[104.346,21.7879],[104.3476,21.7836],[104.3531,21.7818],[104.3543,21.7802],[104.3574,21.7791],[104.3592,21.7771],[104.3608,21.7772],[104.3621,21.7752],[104.3656,21.7741],[104.3681,21.7739],[104.3707,21.7757],[104.3738,21.7728],[104.3772,21.771],[104.3798,21.7705],[104.3815,21.769],[104.3839,21.7691],[104.3894,21.7681],[104.3931,21.7732],[104.3976,21.7737],[104.4035,21.7726],[104.4072,21.7745],[104.4099,21.7738],[104.4144,21.774],[104.4168,21.7759],[104.4154,21.7775],[104.4159,21.7797],[104.419,21.7775],[104.421,21.7747],[104.4224,21.7712],[104.4275,21.7705],[104.4303,21.7714],[104.425,21.7632],[104.425,21.7591],[104.429,21.7573],[104.4368,21.7555],[104.4422,21.7563],[104.4439,21.7537],[104.4447,21.7485],[104.4496,21.7452],[104.461,21.7426],[104.464,21.7369],[104.4614,21.7274],[104.4619,21.7243],[104.4604,21.7169],[104.4575,21.7159],[104.4584,21.7125],[104.4578,21.7085],[104.4586,21.7056],[104.4557,21.6997],[104.4547,21.6954],[104.4563,21.6936],[104.4571,21.6908],[104.4568,21.688],[104.4603,21.6861],[104.4619,21.682],[104.464,21.6823],[104.469,21.6817],[104.4697,21.6807],[104.4678,21.678],[104.4675,21.675],[104.4694,21.6702],[104.4703,21.6698],[104.4716,21.6643],[104.4711,21.6615],[104.472,21.6598],[104.4744,21.6581],[104.4725,21.6557],[104.4731,21.6532],[104.4745,21.6521],[104.4719,21.6504],[104.4714,21.6474],[104.4733,21.6453],[104.4721,21.643],[104.4729,21.641],[104.4722,21.6372],[104.4742,21.6347],[104.4783,21.6335],[104.4767,21.6286],[104.4771,21.6223],[104.4757,21.6201]]]},"properties":{"name":"Gia Hội","level":"ward"}},{"type":"Feature","geometry":{"type":"Polygon","coordinates":[[[104.461,21.7426],[104.4674,21.7541],[104.4701,21.7608],[104.4737,21.7613],[104.4839,21.7639],[104.4919,21.768],[104.4981,21.7718],[104.4976,21.7752],[104.4987,21.78],[104.5054,21.7849],[104.5094,21.7797],[104.5111,21.7742],[104.5151,21.7724],[104.5174,21.7725],[104.5187,21.7686],[104.5178,21.7657],[104.5201,21.7598],[104.5252,21.76],[104.5309,21.7595],[104.5338,21.7543],[104.5359,21.7518],[104.538,21.7508],[104.5406,21.7476],[104.5438,21.7458],[104.5497,21.7402],[104.5501,21.7392],[104.55,21.7382],[104.5539,21.7346],[104.5553,21.7346],[104.5597,21.7309],[104.5582,21.7289],[104.5596,21.7276],[104.5614,21.7243],[104.5594,21.723],[104.5581,21.7194],[104.5627,21.7156],[104.5632,21.7121],[104.5615,21.7103],[104.5603,21.7066],[104.5612,21.7027],[104.5653,21.6984],[104.5671,21.6942],[104.5694,21.6909],[104.5734,21.6877],[104.5797,21.6871],[104.5853,21.6817],[104.588,21.6832],[104.5883,21.6833],[104.5902,21.6827],[104.5902,21.6805],[104.5921,21.6804],[104.5941,21.6828],[104.5954,21.6792],[104.595,21.6773],[104.5889,21.6633],[104.5826,21.6506],[104.5824,21.6506],[104.5785,21.65],[104.5753,21.6486],[104.5754,21.6467],[104.572,21.6441],[104.568,21.6404],[104.5637,21.6392],[104.5619,21.6357],[104.5576,21.6318],[104.5565,21.6295],[104.553,21.6275],[104.5513,21.6278],[104.5466,21.6253],[104.544,21.6251],[104.5433,21.6286],[104.5431,21.6335],[104.5389,21.6347],[104.5381,21.6364],[104.5358,21.6376],[104.5332,21.6374],[104.5314,21.6397],[104.5282,21.6382],[104.5265,21.6382],[104.5246,21.6415],[104.5217,21.6423],[104.5228,21.6448],[104.5199,21.6478],[104.5203,21.6502],[104.5181,21.6527],[104.5153,21.6536],[104.5134,21.6561],[104.51,21.6591],[104.5085,21.6569],[104.5057,21.6564],[104.5026,21.659],[104.4998,21.6602],[104.4982,21.6594],[104.4966,21.6619],[104.4973,21.6634],[104.4945,21.6643],[104.4924,21.6673],[104.4921,21.6713],[104.4895,21.6738],[104.4849,21.6763],[104.4823,21.6752],[104.4807,21.6727],[104.4773,21.6726],[104.4772,21.671],[104.4738,21.6681],[104.4716,21.6643],[104.4703,21.6698],[104.4694,21.6702],[104.4675,21.675],[104.4678,21.678],[104.4697,21.6807],[104.469,21.6817],[104.464,21.6823],[104.4619,21.682],[104.4603,21.6861],[104.4568,21.688],[104.4571,21.6908],[104.4563,21.6936],[104.4547,21.6954],[104.4557,21.6997],[104.4586,21.7056],[104.4578,21.7085],[104.4584,21.7125],[104.4575,21.7159],[104.4604,21.7169],[104.4619,21.7243],[104.4614,21.7274],[104.464,21.7369],[104.461,21.7426]]]},"properties":{"name":"Sơn Lương","level":"ward"}},{"type":"Feature","geometry":{"type":"Polygon","coordinates":[[[104.507,21.612],[104.507,21.6143],[104.5052,21.6151],[104.5039,21.6133],[104.4989,21.6154],[104.4979,21.614],[104.4979,21.6115],[104.4962,21.6107],[104.4942,21.6126],[104.4933,21.6146],[104.4954,21.6172],[104.4923,21.6185],[104.4892,21.6188],[104.4804,21.6168],[104.4785,21.6193],[104.4757,21.6201],[104.4771,21.6223],[104.4767,21.6286],[104.4783,21.6335],[104.4742,21.6347],[104.4722,21.6372],[104.4729,21.641],[104.4721,21.643],[104.4733,21.6453],[104.4714,21.6474],[104.4719,21.6504],[104.4745,21.6521],[104.4731,21.6532],[104.4725,21.6557],[104.4744,21.6581],[104.472,21.6598],[104.4711,21.6615],[104.4716,21.6643],[104.4738,21.6681],[104.4772,21.671],[104.4773,21.6726],[104.4807,21.6727],[104.4823,21.6752],[104.4849,21.6763],[104.4895,21.6738],[104.4921,21.6713],[104.4924,21.6673],[104.4945,21.6643],[104.4973,21.6634],[104.4966,21.6619],[104.4982,21.6594],[104.4998,21.6602],[104.5026,21.659],[104.5057,21.6564],[104.5085,21.6569],[104.51,21.6591],[104.5134,21.6561],[104.5153,21.6536],[104.5181,21.6527],[104.5203,21.6502],[104.5199,21.6478],[104.5228,21.6448],[104.5217,21.6423],[104.5162,21.6394],[104.5155,21.6364],[104.5175,21.6326],[104.5135,21.6324],[104.5146,21.6285],[104.5128,21.6269],[104.5128,21.6239],[104.5159,21.6218],[104.5156,21.6191],[104.512,21.6177],[104.5103,21.6138],[104.507,21.612]]]},"properties":{"name":"Liên Sơn","level":"ward"}},{"type":"Feature","geometry":{"type":"Polygon","coordinates":[[[104.5173,21.5922],[104.5101,21.6014],[104.5067,21.6017],[104.506,21.605],[104.5062,21.6101],[104.507,21.612],[104.5103,21.6138],[104.512,21.6177],[104.5156,21.6191],[104.5159,21.6218],[104.5128,21.6239],[104.5128,21.6269],[104.5146,21.6285],[104.5135,21.6324],[104.5175,21.6326],[104.5155,21.6364],[104.5162,21.6394],[104.5217,21.6423],[104.5246,21.6415],[104.5265,21.6382],[104.5282,21.6382],[104.5314,21.6397],[104.5332,21.6374],[104.5358,21.6376],[104.5381,21.6364],[104.5389,21.6347],[104.5431,21.6335],[104.5433,21.6286],[104.544,21.6251],[104.5472,21.6221],[104.5489,21.6217],[104.5492,21.6199],[104.5518,21.6173],[104.5527,21.6155],[104.5563,21.6113],[104.561,21.6088],[104.5634,21.6083],[104.5643,21.6065],[104.5674,21.605],[104.5672,21.6028],[104.5707,21.604],[104.5745,21.6026],[104.5749,21.6001],[104.5765,21.5987],[104.5758,21.5949],[104.5741,21.5933],[104.5731,21.5894],[104.5714,21.5896],[104.5684,21.5886],[104.5673,21.5866],[104.5642,21.5869],[104.5618,21.5861],[104.5602,21.5839],[104.5595,21.5766],[104.5603,21.5755],[104.5597,21.573],[104.5577,21.5701],[104.5556,21.5702],[104.5531,21.5688],[104.5536,21.5657],[104.5569,21.5654],[104.5584,21.5661],[104.5601,21.5644],[104.5629,21.5647],[104.5647,21.5621],[104.564,21.5594],[104.564,21.5559],[104.5681,21.5543],[104.5653,21.553],[104.5645,21.5516],[104.5614,21.5521],[104.5551,21.5507],[104.552,21.5485],[104.5498,21.5487],[104.546,21.5468],[104.5419,21.5439],[104.5345,21.5376],[104.5353,21.5363],[104.5344,21.5341],[104.5328,21.538],[104.5291,21.5401],[104.5272,21.5432],[104.5276,21.5456],[104.5264,21.5468],[104.5232,21.5478],[104.5224,21.5511],[104.5237,21.5536],[104.5225,21.5547],[104.524,21.5598],[104.5256,21.5618],[104.5269,21.565],[104.5294,21.5666],[104.5329,21.57],[104.5348,21.573],[104.534,21.5742],[104.5294,21.5762],[104.5278,21.5778],[104.5248,21.5787],[104.5221,21.5815],[104.5228,21.5872],[104.5247,21.5883],[104.5265,21.5917],[104.5238,21.5927],[104.5215,21.5927],[104.5204,21.5914],[104.5173,21.5922]]]},"properties":{"name":"Trung Tâm","level":"ward"}},{"type":"Feature","geometry":{"type":"Polygon","coordinates":[[[104.5826,21.6506],[104.5829,21.6506],[104.5933,21.6529],[104.5948,21.6521],[104.5969,21.6533],[104.5989,21.6578],[104.6016,21.6585],[104.6039,21.6572],[104.605,21.6601],[104.6081,21.6611],[104.6114,21.6612],[104.612,21.6581],[104.6142,21.6558],[104.6149,21.6553],[104.6154,21.6548],[104.6269,21.6512],[104.6286,21.6499],[104.6299,21.6471],[104.6293,21.6426],[104.6308,21.6405],[104.6335,21.6384],[104.6352,21.6352],[104.6384,21.6349],[104.639,21.6294],[104.6398,21.6269],[104.644,21.6254],[104.6453,21.6225],[104.6476,21.6195],[104.6504,21.6169],[104.6517,21.6142],[104.6527,21.6043],[104.6526,21.5996],[104.6509,21.5927],[104.6485,21.5903],[104.6516,21.5851],[104.653,21.5842],[104.6546,21.5812],[104.6543,21.5789],[104.6581,21.5745],[104.6638,21.5721],[104.6662,21.575],[104.6694,21.5749],[104.6733,21.5723],[104.6757,21.5732],[104.6789,21.5715],[104.6816,21.571],[104.6834,21.5678],[104.6875,21.567],[104.6884,21.5622],[104.6894,21.5596],[104.6909,21.5527],[104.6877,21.5517],[104.6836,21.5484],[104.6785,21.5469],[104.6762,21.5482],[104.6749,21.5479],[104.6708,21.5485],[104.6697,21.5469],[104.6755,21.5436],[104.6785,21.5435],[104.6797,21.5416],[104.6799,21.5388],[104.6763,21.5387],[104.6726,21.5375],[104.6708,21.5345],[104.6681,21.5332],[104.6672,21.5311],[104.6656,21.5303],[104.6698,21.522],[104.67,21.5175],[104.6711,21.516],[104.6712,21.5136],[104.6684,21.51],[104.6683,21.5079],[104.6692,21.5054],[104.6678,21.5037],[104.6654,21.5031],[104.6642,21.5015],[104.6642,21.4994],[104.6614,21.4971],[104.6606,21.4949],[104.6637,21.4922],[104.6617,21.4886],[104.6588,21.4888],[104.6572,21.4857],[104.6556,21.4858],[104.6544,21.4879],[104.6551,21.4899],[104.6521,21.4915],[104.6484,21.4918],[104.6446,21.4927],[104.6454,21.4941],[104.6458,21.4976],[104.6484,21.4997],[104.6466,21.5024],[104.6494,21.5063],[104.6494,21.5086],[104.6476,21.5126],[104.6455,21.5156],[104.6424,21.5169],[104.641,21.5164],[104.636,21.5194],[104.6315,21.5209],[104.6297,21.519],[104.6279,21.5186],[104.6245,21.5193],[104.6191,21.5194],[104.6144,21.522],[104.6099,21.5228],[104.6098,21.5263],[104.6117,21.5292],[104.6084,21.5302],[104.6053,21.532],[104.6041,21.536],[104.6004,21.5363],[104.597,21.5393],[104.5955,21.5421],[104.5951,21.5457],[104.5891,21.546],[104.5856,21.5466],[104.5651,21.5447],[104.5645,21.5461],[104.5698,21.5502],[104.5696,21.5536],[104.5681,21.5543],[104.564,21.5559],[104.564,21.5594],[104.5647,21.5621],[104.5629,21.5647],[104.5601,21.5644],[104.5584,21.5661],[104.5569,21.5654],[104.5536,21.5657],[104.5531,21.5688],[104.5556,21.5702],[104.5577,21.5701],[104.5597,21.573],[104.5603,21.5755],[104.5595,21.5766],[104.5602,21.5839],[104.5618,21.5861],[104.5642,21.5869],[104.5673,21.5866],[104.5684,21.5886],[104.5714,21.5896],[104.5731,21.5894],[104.5741,21.5933],[104.5758,21.5949],[104.5765,21.5987],[104.5749,21.6001],[104.5745,21.6026],[104.5707,21.604],[104.5672,21.6028],[104.5674,21.605],[104.5643,21.6065],[104.5634,21.6083],[104.561,21.6088],[104.5563,21.6113],[104.5527,21.6155],[104.5518,21.6173],[104.5492,21.6199],[104.5489,21.6217],[104.5472,21.6221],[104.544,21.6251],[104.5466,21.6253],[104.5513,21.6278],[104.553,21.6275],[104.5565,21.6295],[104.5576,21.6318],[104.5619,21.6357],[104.5637,21.6392],[104.568,21.6404],[104.572,21.6441],[104.5754,21.6467],[104.5753,21.6486],[104.5785,21.65],[104.5824,21.6506],[104.5826,21.6506]]]},"properties":{"name":"Văn Chấn","level":"ward"}},{"type":"Feature","geometry":{"type":"Polygon","coordinates":[[[104.4712,21.5647],[104.473,21.5651],[104.4756,21.567],[104.4756,21.5691],[104.4771,21.5716],[104.4797,21.5714],[104.4837,21.5732],[104.4875,21.5732],[104.4933,21.5744],[104.4944,21.577],[104.5047,21.5745],[104.5067,21.5751],[104.5067,21.5774],[104.5093,21.579],[104.5109,21.5755],[104.513,21.5759],[104.5166,21.5751],[104.5186,21.5777],[104.5184,21.5798],[104.5139,21.5797],[104.514,21.5836],[104.5151,21.587],[104.5172,21.5887],[104.5173,21.5922],[104.5204,21.5914],[104.5215,21.5927],[104.5238,21.5927],[104.5265,21.5917],[104.5247,21.5883],[104.5228,21.5872],[104.5221,21.5815],[104.5248,21.5787],[104.5278,21.5778],[104.5294,21.5762],[104.534,21.5742],[104.5348,21.573],[104.5329,21.57],[104.5294,21.5666],[104.5269,21.565],[104.5256,21.5618],[104.524,21.5598],[104.5225,21.5547],[104.5237,21.5536],[104.5224,21.5511],[104.5232,21.5478],[104.5264,21.5468],[104.5276,21.5456],[104.5272,21.5432],[104.5291,21.5401],[104.5328,21.538],[104.5344,21.5341],[104.5313,21.5361],[104.5298,21.5356],[104.5255,21.5323],[104.5242,21.5303],[104.5213,21.5325],[104.5187,21.5294],[104.5161,21.5284],[104.5152,21.5306],[104.5087,21.5281],[104.5085,21.5264],[104.5064,21.5266],[104.5078,21.5232],[104.506,21.5201],[104.5016,21.5201],[104.499,21.5235],[104.4945,21.5211],[104.4922,21.5218],[104.4907,21.521],[104.4891,21.5232],[104.4851,21.5213],[104.484,21.5202],[104.4764,21.521],[104.4748,21.5185],[104.4728,21.5175],[104.4689,21.5168],[104.4673,21.5199],[104.4671,21.5222],[104.4701,21.5242],[104.4745,21.5247],[104.4764,21.5256],[104.479,21.5283],[104.4806,21.5277],[104.4829,21.5284],[104.4848,21.5311],[104.486,21.5345],[104.4843,21.5368],[104.4815,21.5366],[104.4789,21.5386],[104.4758,21.5392],[104.4746,21.5431],[104.4753,21.5458],[104.4735,21.5492],[104.4743,21.5507],[104.4735,21.5547],[104.4744,21.5581],[104.4787,21.5615],[104.4755,21.5627],[104.472,21.5629],[104.4712,21.5647]]]},"properties":{"name":"Cầu Thia","level":"ward"}},{"type":"Feature","geometry":{"type":"Polygon","coordinates":[[[104.6909,21.5527],[104.6911,21.5506],[104.6986,21.5469],[104.701,21.5446],[104.7048,21.5426],[104.7077,21.5405],[104.7084,21.5388],[104.7114,21.5374],[104.7136,21.5355],[104.717,21.5359],[104.7181,21.5341],[104.7207,21.5325],[104.7266,21.5312],[104.7265,21.5293],[104.7292,21.5271],[104.7305,21.5245],[104.7292,21.5209],[104.7334,21.5172],[104.7364,21.5177],[104.7394,21.5157],[104.741,21.5159],[104.7422,21.5128],[104.7444,21.51],[104.7435,21.5034],[104.7467,21.5017],[104.748,21.4993],[104.7515,21.4988],[104.7547,21.4954],[104.7575,21.4944],[104.7604,21.4897],[104.7629,21.487],[104.7633,21.4851],[104.7662,21.4845],[104.7664,21.482],[104.7634,21.4793],[104.7643,21.4769],[104.7629,21.4747],[104.7606,21.4753],[104.7586,21.4728],[104.7556,21.4721],[104.7555,21.4708],[104.7519,21.4701],[104.7519,21.4675],[104.7504,21.4656],[104.7481,21.4675],[104.7501,21.4713],[104.7486,21.4718],[104.7452,21.476],[104.7463,21.4782],[104.7445,21.4787],[104.7438,21.4811],[104.7419,21.4817],[104.7404,21.4808],[104.7383,21.4828],[104.736,21.4821],[104.7347,21.4838],[104.7321,21.4852],[104.7279,21.4892],[104.7243,21.4876],[104.7221,21.4876],[104.7198,21.4893],[104.7175,21.4873],[104.7183,21.4854],[104.7177,21.4826],[104.7195,21.4808],[104.7214,21.482],[104.7238,21.4806],[104.7284,21.4793],[104.7297,21.4784],[104.7335,21.4809],[104.7359,21.4794],[104.7356,21.4773],[104.7336,21.4776],[104.7293,21.4767],[104.7285,21.4741],[104.7312,21.4703],[104.7342,21.4713],[104.7354,21.4696],[104.7412,21.4688],[104.7415,21.4679],[104.7383,21.4655],[104.7379,21.4638],[104.7354,21.4628],[104.732,21.4604],[104.7302,21.4558],[104.7303,21.4543],[104.7283,21.4535],[104.7285,21.4513],[104.725,21.4458],[104.726,21.4438],[104.7291,21.4417],[104.7297,21.4403],[104.7321,21.4389],[104.7329,21.4356],[104.7316,21.4334],[104.7279,21.4299],[104.7262,21.4253],[104.7264,21.4229],[104.7308,21.4194],[104.7336,21.4192],[104.7342,21.4148],[104.733,21.4099],[104.7336,21.4064],[104.7313,21.404],[104.7289,21.4045],[104.7247,21.4007],[104.7147,21.4003],[104.7102,21.3997],[104.7081,21.4013],[104.7078,21.4028],[104.7053,21.4052],[104.7022,21.4066],[104.6973,21.4002],[104.6928,21.4],[104.6898,21.4008],[104.6892,21.3971],[104.6876,21.3944],[104.689,21.3846],[104.6879,21.3818],[104.6841,21.3771],[104.6764,21.3754],[104.6739,21.3766],[104.6704,21.3761],[104.6677,21.3785],[104.6624,21.3806],[104.6607,21.3803],[104.6576,21.3814],[104.6549,21.3833],[104.648,21.3834],[104.6462,21.3829],[104.6435,21.384],[104.6405,21.388],[104.638,21.3878],[104.6352,21.3894],[104.6316,21.3927],[104.6308,21.3945],[104.6258,21.3964],[104.6231,21.3967],[104.6206,21.3996],[104.6203,21.401],[104.6158,21.4016],[104.6125,21.4041],[104.6106,21.4065],[104.6093,21.4095],[104.6083,21.4137],[104.6071,21.4159],[104.6051,21.4161],[104.6,21.4187],[104.5968,21.4195],[104.5929,21.4213],[104.5909,21.4229],[104.5868,21.4224],[104.5865,21.426],[104.5877,21.4269],[104.5866,21.4308],[104.5897,21.435],[104.5895,21.439],[104.5924,21.44],[104.5972,21.443],[104.6044,21.4495],[104.6068,21.4533],[104.6086,21.4538],[104.6108,21.4522],[104.6127,21.4525],[104.6179,21.4511],[104.6221,21.4475],[104.6275,21.446],[104.6302,21.446],[104.6319,21.4447],[104.6352,21.4446],[104.6356,21.4467],[104.6399,21.4492],[104.6411,21.4507],[104.6418,21.4538],[104.6464,21.4578],[104.6485,21.4577],[104.651,21.4586],[104.6545,21.4585],[104.6562,21.4604],[104.6584,21.4606],[104.661,21.4625],[104.663,21.4648],[104.66,21.4696],[104.6562,21.4728],[104.6556,21.4763],[104.6522,21.4806],[104.6549,21.4829],[104.6572,21.4857],[104.6588,21.4888],[104.6617,21.4886],[104.6637,21.4922],[104.6606,21.4949],[104.6614,21.4971],[104.6642,21.4994],[104.6642,21.5015],[104.6654,21.5031],[104.6678,21.5037],[104.6692,21.5054],[104.6683,21.5079],[104.6684,21.51],[104.6712,21.5136],[104.6711,21.516],[104.67,21.5175],[104.6698,21.522],[104.6656,21.5303],[104.6672,21.5311],[104.6681,21.5332],[104.6708,21.5345],[104.6726,21.5375],[104.6763,21.5387],[104.6799,21.5388],[104.6797,21.5416],[104.6785,21.5435],[104.6755,21.5436],[104.6697,21.5469],[104.6708,21.5485],[104.6749,21.5479],[104.6762,21.5482],[104.6785,21.5469],[104.6836,21.5484],[104.6877,21.5517],[104.6909,21.5527]]]},"properties":{"name":"Cát Thịnh","level":"ward"}},{"type":"Feature","geometry":{"type":"Polygon","coordinates":[[[104.7842,21.5651],[104.7891,21.5652],[104.7913,21.5659],[104.7943,21.5654],[104.7966,21.5642],[104.7972,21.5627],[104.8015,21.5587],[104.8057,21.5563],[104.8078,21.556],[104.8117,21.5573],[104.8161,21.5556],[104.8166,21.5534],[104.8182,21.5524],[104.8227,21.5531],[104.8267,21.5531],[104.8288,21.5508],[104.8287,21.5498],[104.8322,21.5449],[104.8347,21.5436],[104.838,21.5441],[104.8415,21.5438],[104.8438,21.5386],[104.8456,21.5365],[104.8479,21.5361],[104.8518,21.5326],[104.8579,21.5328],[104.8592,21.5319],[104.8609,21.533],[104.8621,21.5354],[104.866,21.5393],[104.8673,21.5421],[104.8688,21.5421],[104.8708,21.5397],[104.8725,21.5392],[104.8769,21.5359],[104.8787,21.535],[104.8818,21.5299],[104.8824,21.527],[104.8847,21.5237],[104.8852,21.5218],[104.8832,21.52],[104.8836,21.5153],[104.8821,21.5092],[104.8849,21.505],[104.8845,21.5008],[104.8863,21.498],[104.8872,21.494],[104.889,21.4918],[104.8907,21.4883],[104.8943,21.484],[104.8936,21.4792],[104.8893,21.4786],[104.8853,21.4791],[104.8846,21.4774],[104.8823,21.4779],[104.8809,21.4793],[104.8788,21.4845],[104.8769,21.4853],[104.8734,21.4829],[104.873,21.4817],[104.868,21.4795],[104.863,21.4797],[104.8617,21.4775],[104.8638,21.4765],[104.8625,21.4743],[104.8588,21.4738],[104.8579,21.4717],[104.8543,21.4713],[104.8493,21.4724],[104.8447,21.4674],[104.8445,21.4656],[104.8387,21.4678],[104.8351,21.4672],[104.833,21.4641],[104.83,21.4642],[104.8302,21.4625],[104.8286,21.4584],[104.826,21.4564],[104.8226,21.4528],[104.8207,21.4499],[104.8202,21.4467],[104.8165,21.4429],[104.8155,21.4438],[104.8118,21.4434],[104.8079,21.4457],[104.8062,21.4437],[104.8047,21.4447],[104.8028,21.4486],[104.8028,21.4516],[104.8019,21.4542],[104.7988,21.4544],[104.7973,21.4577],[104.8013,21.4588],[104.8014,21.4611],[104.804,21.4636],[104.8057,21.4641],[104.8069,21.4678],[104.8084,21.469],[104.8086,21.4717],[104.8097,21.474],[104.8081,21.4752],[104.8038,21.4762],[104.8039,21.4793],[104.8032,21.4823],[104.8012,21.4822],[104.7964,21.4785],[104.7923,21.479],[104.7911,21.4779],[104.7911,21.4752],[104.7847,21.4742],[104.7817,21.4748],[104.7799,21.4762],[104.772,21.4739],[104.7712,21.4728],[104.7668,21.4743],[104.7644,21.4734],[104.7629,21.4747],[104.7643,21.4769],[104.7634,21.4793],[104.7664,21.482],[104.7662,21.4845],[104.7633,21.4851],[104.7629,21.487],[104.7604,21.4897],[104.7575,21.4944],[104.7547,21.4954],[104.7515,21.4988],[104.748,21.4993],[104.7467,21.5017],[104.7435,21.5034],[104.7444,21.51],[104.7422,21.5128],[104.741,21.5159],[104.7394,21.5157],[104.7364,21.5177],[104.7334,21.5172],[104.7292,21.5209],[104.7305,21.5245],[104.7292,21.5271],[104.7265,21.5293],[104.7266,21.5312],[104.7274,21.5352],[104.7291,21.5375],[104.7319,21.5374],[104.7331,21.5381],[104.7374,21.5368],[104.7393,21.5338],[104.7423,21.5311],[104.7474,21.5312],[104.7501,21.532],[104.7515,21.5335],[104.7571,21.5345],[104.7584,21.5339],[104.7613,21.5346],[104.7644,21.5328],[104.769,21.5346],[104.7693,21.5355],[104.7685,21.5404],[104.7704,21.5446],[104.7741,21.5475],[104.7753,21.5493],[104.7758,21.553],[104.7776,21.5547],[104.7793,21.5552],[104.7806,21.5573],[104.7796,21.5611],[104.7842,21.5651]]]},"properties":{"name":"Chấn Thịnh","level":"ward"}},{"type":"Feature","geometry":{"type":"Polygon","coordinates":[[[104.7336,21.4064],[104.733,21.4099],[104.7342,21.4148],[104.7336,21.4192],[104.7308,21.4194],[104.7264,21.4229],[104.7262,21.4253],[104.7279,21.4299],[104.7316,21.4334],[104.7329,21.4356],[104.7321,21.4389],[104.7297,21.4403],[104.7291,21.4417],[104.726,21.4438],[104.725,21.4458],[104.7285,21.4513],[104.7283,21.4535],[104.7303,21.4543],[104.7302,21.4558],[104.732,21.4604],[104.7354,21.4628],[104.7379,21.4638],[104.7383,21.4655],[104.7415,21.4679],[104.7412,21.4688],[104.7354,21.4696],[104.7342,21.4713],[104.7312,21.4703],[104.7285,21.4741],[104.7293,21.4767],[104.7336,21.4776],[104.7356,21.4773],[104.7359,21.4794],[104.7335,21.4809],[104.7297,21.4784],[104.7284,21.4793],[104.7238,21.4806],[104.7214,21.482],[104.7195,21.4808],[104.7177,21.4826],[104.7183,21.4854],[104.7175,21.4873],[104.7198,21.4893],[104.7221,21.4876],[104.7243,21.4876],[104.7279,21.4892],[104.7321,21.4852],[104.7347,21.4838],[104.736,21.4821],[104.7383,21.4828],[104.7404,21.4808],[104.7419,21.4817],[104.7438,21.4811],[104.7445,21.4787],[104.7463,21.4782],[104.7452,21.476],[104.7486,21.4718],[104.7501,21.4713],[104.7481,21.4675],[104.7504,21.4656],[104.7519,21.4675],[104.7519,21.4701],[104.7555,21.4708],[104.7556,21.4721],[104.7586,21.4728],[104.7606,21.4753],[104.7629,21.4747],[104.7644,21.4734],[104.7668,21.4743],[104.7712,21.4728],[104.772,21.4739],[104.7799,21.4762],[104.7817,21.4748],[104.7847,21.4742],[104.7911,21.4752],[104.7911,21.4779],[104.7923,21.479],[104.7964,21.4785],[104.8012,21.4822],[104.8032,21.4823],[104.8039,21.4793],[104.8038,21.4762],[104.8081,21.4752],[104.8097,21.474],[104.8086,21.4717],[104.8084,21.469],[104.8069,21.4678],[104.8057,21.4641],[104.804,21.4636],[104.8014,21.4611],[104.8013,21.4588],[104.7973,21.4577],[104.7964,21.4571],[104.7939,21.4595],[104.7917,21.4605],[104.7901,21.4581],[104.7873,21.4574],[104.7846,21.4581],[104.7836,21.4553],[104.7865,21.4523],[104.7864,21.4506],[104.7899,21.4478],[104.7902,21.4448],[104.7951,21.4411],[104.795,21.4378],[104.7971,21.4333],[104.802,21.429],[104.804,21.4278],[104.8035,21.4246],[104.8012,21.4254],[104.7992,21.4246],[104.7971,21.4252],[104.7932,21.4225],[104.796,21.4187],[104.7951,21.4175],[104.7994,21.4095],[104.799,21.4072],[104.7998,21.4047],[104.8041,21.3977],[104.8063,21.3963],[104.8063,21.3915],[104.8074,21.3878],[104.807,21.3856],[104.8099,21.3811],[104.8111,21.3765],[104.8138,21.3711],[104.8161,21.3654],[104.8178,21.3648],[104.8195,21.3618],[104.8194,21.3587],[104.82,21.3569],[104.8223,21.3542],[104.8232,21.3508],[104.821,21.3507],[104.8183,21.3491],[104.8175,21.3463],[104.8176,21.3366],[104.8134,21.3326],[104.8104,21.3335],[104.8068,21.3333],[104.8043,21.3309],[104.8021,21.3308],[104.7971,21.3341],[104.7948,21.3351],[104.7898,21.3331],[104.7885,21.3299],[104.7867,21.3288],[104.7843,21.3288],[104.7802,21.3272],[104.7789,21.3259],[104.773,21.3281],[104.7715,21.3294],[104.7687,21.3302],[104.7682,21.3313],[104.7683,21.3379],[104.7679,21.3409],[104.7693,21.3425],[104.7689,21.3443],[104.7666,21.3441],[104.7641,21.3458],[104.7591,21.3454],[104.757,21.3479],[104.7563,21.3499],[104.7573,21.3527],[104.7534,21.3526],[104.7512,21.3515],[104.7488,21.3524],[104.7487,21.3543],[104.7471,21.3598],[104.7491,21.3634],[104.7479,21.3678],[104.7436,21.3688],[104.7424,21.3712],[104.7408,21.3721],[104.7396,21.3761],[104.736,21.3796],[104.7341,21.3835],[104.7341,21.386],[104.7327,21.3918],[104.7338,21.3985],[104.7354,21.4027],[104.7349,21.4055],[104.7336,21.4064]]]},"properties":{"name":"Thượng Bằng La","level":"ward"}},{"type":"Feature","geometry":{"type":"Polygon","coordinates":[[[104.7973,21.4577],[104.7988,21.4544],[104.8019,21.4542],[104.8028,21.4516],[104.8028,21.4486],[104.8047,21.4447],[104.8062,21.4437],[104.8079,21.4457],[104.8118,21.4434],[104.8155,21.4438],[104.8165,21.4429],[104.8202,21.4467],[104.8207,21.4499],[104.8226,21.4528],[104.826,21.4564],[104.8286,21.4584],[104.8302,21.4625],[104.83,21.4642],[104.833,21.4641],[104.8351,21.4672],[104.8387,21.4678],[104.8445,21.4656],[104.8447,21.4674],[104.8493,21.4724],[104.8543,21.4713],[104.8579,21.4717],[104.8588,21.4738],[104.8625,21.4743],[104.8638,21.4765],[104.8617,21.4775],[104.863,21.4797],[104.868,21.4795],[104.873,21.4817],[104.8734,21.4829],[104.8769,21.4853],[104.8788,21.4845],[104.8809,21.4793],[104.8823,21.4779],[104.8846,21.4774],[104.8853,21.4791],[104.8893,21.4786],[104.8936,21.4792],[104.8934,21.478],[104.8949,21.4752],[104.8969,21.4739],[104.8967,21.4703],[104.8981,21.4676],[104.9012,21.4633],[104.9035,21.4617],[104.9039,21.4597],[104.9076,21.453],[104.9087,21.4527],[104.9115,21.4487],[104.9121,21.446],[104.9127,21.4351],[104.9112,21.4315],[104.9076,21.4305],[104.906,21.4287],[104.906,21.4266],[104.9083,21.4202],[104.9079,21.4141],[104.9059,21.4114],[104.9031,21.4099],[104.9015,21.4062],[104.8995,21.4036],[104.8999,21.4014],[104.8955,21.3957],[104.8947,21.3931],[104.8916,21.3935],[104.8867,21.3934],[104.8825,21.3899],[104.8845,21.3869],[104.8841,21.3852],[104.882,21.3835],[104.8851,21.3787],[104.8841,21.3773],[104.8838,21.3731],[104.8848,21.3718],[104.8963,21.3608],[104.8998,21.355],[104.9009,21.352],[104.898,21.3463],[104.8978,21.3436],[104.8919,21.343],[104.8904,21.3422],[104.8858,21.3423],[104.8829,21.3418],[104.8795,21.3439],[104.8787,21.345],[104.8752,21.3464],[104.8718,21.3493],[104.8699,21.3528],[104.8683,21.3541],[104.8686,21.3559],[104.8671,21.3598],[104.8655,21.3608],[104.8642,21.3648],[104.8624,21.3655],[104.8585,21.3655],[104.8547,21.3633],[104.8547,21.3606],[104.8539,21.3593],[104.8549,21.3552],[104.8545,21.3519],[104.8496,21.3519],[104.8471,21.3526],[104.8448,21.3515],[104.8454,21.3481],[104.8474,21.3434],[104.8418,21.3387],[104.8385,21.3389],[104.8348,21.337],[104.8324,21.3372],[104.8292,21.3385],[104.8271,21.3402],[104.8235,21.3384],[104.8202,21.3383],[104.8176,21.3366],[104.8175,21.3463],[104.8183,21.3491],[104.821,21.3507],[104.8232,21.3508],[104.8223,21.3542],[104.82,21.3569],[104.8194,21.3587],[104.8195,21.3618],[104.8178,21.3648],[104.8161,21.3654],[104.8138,21.3711],[104.8111,21.3765],[104.8099,21.3811],[104.807,21.3856],[104.8074,21.3878],[104.8063,21.3915],[104.8063,21.3963],[104.8041,21.3977],[104.7998,21.4047],[104.799,21.4072],[104.7994,21.4095],[104.7951,21.4175],[104.796,21.4187],[104.7932,21.4225],[104.7971,21.4252],[104.7992,21.4246],[104.8012,21.4254],[104.8035,21.4246],[104.804,21.4278],[104.802,21.429],[104.7971,21.4333],[104.795,21.4378],[104.7951,21.4411],[104.7902,21.4448],[104.7899,21.4478],[104.7864,21.4506],[104.7865,21.4523],[104.7836,21.4553],[104.7846,21.4581],[104.7873,21.4574],[104.7901,21.4581],[104.7917,21.4605],[104.7939,21.4595],[104.7964,21.4571],[104.7973,21.4577]]]},"properties":{"name":"Nghĩa Tâm","level":"ward"}},{"type":"Feature","geometry":{"type":"Polygon","coordinates":[[[104.9261,21.7445],[104.9269,21.7472],[104.9252,21.7478],[104.9254,21.7504],[104.9232,21.7528],[104.9194,21.7519],[104.9179,21.753],[104.9168,21.7599],[104.9153,21.7619],[104.9129,21.7633],[104.9121,21.7663],[104.9092,21.7675],[104.9099,21.7715],[104.9092,21.7742],[104.9076,21.7769],[104.9059,21.7776],[104.9065,21.7802],[104.904,21.7814],[104.9035,21.7835],[104.8988,21.7871],[104.896,21.7869],[104.8944,21.7905],[104.8913,21.7927],[104.8876,21.7973],[104.8867,21.8],[104.8831,21.8023],[104.8806,21.8051],[104.878,21.8066],[104.8743,21.8138],[104.8678,21.8174],[104.8616,21.82],[104.8587,21.8227],[104.855,21.8249],[104.8508,21.8268],[104.8517,21.8306],[104.851,21.8334],[104.8527,21.8356],[104.852,21.8375],[104.8533,21.8394],[104.8524,21.8414],[104.8546,21.8441],[104.8579,21.8448],[104.8608,21.8465],[104.868,21.848],[104.8716,21.8466],[104.8785,21.8496],[104.8784,21.853],[104.8759,21.8558],[104.8733,21.8562],[104.8714,21.8577],[104.8717,21.8615],[104.8736,21.8629],[104.8758,21.8676],[104.8778,21.8697],[104.8784,21.8738],[104.8822,21.8716],[104.8808,21.8695],[104.8846,21.8671],[104.8865,21.8598],[104.8889,21.8579],[104.8895,21.8557],[104.8916,21.8531],[104.8944,21.8508],[104.8955,21.8483],[104.9003,21.8449],[104.9035,21.845],[104.9067,21.8441],[104.9091,21.8412],[104.9127,21.8377],[104.9176,21.8346],[104.9192,21.8382],[104.9263,21.8306],[104.9295,21.8324],[104.9304,21.836],[104.9328,21.8378],[104.9349,21.8416],[104.9406,21.846],[104.9494,21.8442],[104.9554,21.8512],[104.9527,21.8684],[104.9578,21.87],[104.9698,21.8537],[104.977,21.8419],[104.9765,21.835],[104.9738,21.8253],[104.9682,21.8301],[104.9591,21.8261],[104.9679,21.8159],[104.9659,21.8076],[104.978,21.8045],[104.9796,21.7956],[104.9861,21.784],[104.9886,21.7791],[104.9967,21.7757],[104.9981,21.7573],[104.9931,21.7517],[104.9919,21.7485],[105.0002,21.7422],[105.004,21.7377],[105.0102,21.7347],[105.0125,21.729],[105.015,21.7275],[105.0158,21.7235],[105.0155,21.7203],[105.0182,21.719],[105.0206,21.7147],[105.0236,21.7108],[105.0242,21.7089],[105.0272,21.7058],[105.0297,21.7016],[105.0307,21.7015],[105.0292,21.6998],[105.0278,21.6962],[105.0205,21.6965],[105.02,21.6914],[105.0214,21.6898],[105.0199,21.6878],[105.0176,21.6887],[105.0129,21.6873],[105.0093,21.6881],[105.0012,21.6879],[104.9989,21.6861],[105.0017,21.6847],[105,21.6798],[104.9956,21.6784],[104.9918,21.6788],[104.9895,21.6766],[104.9863,21.6748],[104.9836,21.6744],[104.9827,21.6732],[104.9801,21.6729],[104.9791,21.6772],[104.975,21.6789],[104.9757,21.6812],[104.9733,21.6829],[104.9716,21.6853],[104.9724,21.688],[104.9763,21.6875],[104.9784,21.6888],[104.9794,21.6915],[104.9822,21.6947],[104.9836,21.6975],[104.9862,21.6982],[104.9872,21.7019],[104.9844,21.7039],[104.9814,21.7035],[104.9785,21.7054],[104.9809,21.7079],[104.9816,21.7112],[104.979,21.7162],[104.9791,21.7188],[104.978,21.7198],[104.9733,21.7175],[104.9697,21.7181],[104.9649,21.7199],[104.9627,21.7195],[104.9611,21.721],[104.96,21.7251],[104.9585,21.7246],[104.9559,21.7258],[104.9533,21.7262],[104.9545,21.7288],[104.9504,21.7317],[104.95,21.7332],[104.9471,21.7343],[104.9432,21.7352],[104.9392,21.7334],[104.9344,21.7379],[104.9344,21.7396],[104.9326,21.7409],[104.9316,21.7428],[104.9328,21.746],[104.9317,21.7464],[104.9261,21.7445]]]},"properties":{"name":"Yên Bình","level":"ward"}},{"type":"Feature","geometry":{"type":"Polygon","coordinates":[[[105.0307,21.7015],[105.0297,21.7016],[105.0272,21.7058],[105.0242,21.7089],[105.0236,21.7108],[105.0206,21.7147],[105.0182,21.719],[105.0155,21.7203],[105.0158,21.7235],[105.015,21.7275],[105.0125,21.729],[105.0102,21.7347],[105.004,21.7377],[105.0002,21.7422],[104.9919,21.7485],[104.9931,21.7517],[104.9981,21.7573],[104.9967,21.7757],[104.9886,21.7791],[104.9861,21.784],[104.9796,21.7956],[104.978,21.8045],[104.9659,21.8076],[104.9679,21.8159],[104.9591,21.8261],[104.9682,21.8301],[104.9738,21.8253],[104.9765,21.835],[104.9817,21.8363],[104.9848,21.8346],[104.9885,21.8303],[104.9948,21.829],[104.9993,21.8316],[105.0069,21.8299],[105.0149,21.8267],[105.0179,21.8273],[105.018,21.8306],[105.0194,21.8334],[105.0249,21.8371],[105.026,21.8361],[105.0337,21.8348],[105.0356,21.8333],[105.0387,21.8325],[105.0418,21.833],[105.0437,21.8343],[105.0464,21.8342],[105.0497,21.8318],[105.0521,21.8326],[105.0549,21.8354],[105.0576,21.8369],[105.0586,21.8386],[105.0636,21.8397],[105.0651,21.8408],[105.0673,21.8407],[105.0701,21.8391],[105.07,21.8377],[105.0729,21.8352],[105.0752,21.8321],[105.0777,21.8299],[105.0795,21.8292],[105.085,21.8292],[105.089,21.828],[105.0909,21.8253],[105.0926,21.8209],[105.0982,21.8176],[105.0998,21.8118],[105.0951,21.8107],[105.0886,21.8073],[105.0849,21.802],[105.0844,21.7978],[105.0807,21.79],[105.0808,21.7873],[105.0774,21.7868],[105.0747,21.7828],[105.0717,21.7816],[105.0724,21.7781],[105.0773,21.7734],[105.0798,21.7728],[105.0816,21.7714],[105.078,21.7657],[105.0771,21.7634],[105.0781,21.7617],[105.0753,21.7607],[105.0739,21.7576],[105.0723,21.758],[105.0721,21.7544],[105.0697,21.7531],[105.0691,21.7514],[105.0648,21.7503],[105.0644,21.7491],[105.0614,21.7484],[105.0584,21.7494],[105.0566,21.7473],[105.0616,21.7438],[105.0647,21.743],[105.0703,21.7383],[105.0762,21.7357],[105.0766,21.7317],[105.0739,21.7284],[105.0751,21.727],[105.0759,21.7238],[105.0785,21.7219],[105.0821,21.7239],[105.085,21.7218],[105.0872,21.7165],[105.0902,21.7145],[105.0919,21.7124],[105.0907,21.7097],[105.089,21.7086],[105.0864,21.704],[105.087,21.7019],[105.0911,21.7008],[105.0946,21.7008],[105.0964,21.6991],[105.0957,21.696],[105.0966,21.6936],[105.1002,21.6894],[105.0996,21.6839],[105.0981,21.6801],[105.0967,21.6813],[105.0939,21.6788],[105.0913,21.6818],[105.0895,21.6826],[105.0855,21.6825],[105.0852,21.6834],[105.081,21.6821],[105.0792,21.6828],[105.0777,21.6811],[105.074,21.6813],[105.0708,21.6836],[105.067,21.6844],[105.0645,21.6881],[105.0611,21.6902],[105.0592,21.6862],[105.0576,21.6854],[105.0545,21.6865],[105.0524,21.6886],[105.0499,21.688],[105.0484,21.6902],[105.0446,21.69],[105.0432,21.6927],[105.0398,21.6948],[105.0387,21.6976],[105.0324,21.7003],[105.0307,21.7015]]]},"properties":{"name":"Thác Bà","level":"ward"}},{"type":"Feature","geometry":{"type":"Polygon","coordinates":[[[104.8636,21.9416],[104.8592,21.9541],[104.8685,21.9607],[104.8638,21.9735],[104.8645,21.9772],[104.8677,21.9812],[104.8754,21.9809],[104.8718,21.986],[104.8692,21.9931],[104.8686,22],[104.8699,22.0014],[104.8703,22.0067],[104.87,22.019],[104.8666,22.0238],[104.8634,22.0296],[104.8615,22.0343],[104.8627,22.0369],[104.8681,22.0399],[104.8707,22.0408],[104.8717,22.0425],[104.8712,22.0451],[104.8741,22.0466],[104.8766,22.0462],[104.8776,22.0473],[104.8756,22.0507],[104.8745,22.0544],[104.875,22.0553],[104.8734,22.0618],[104.8758,22.0638],[104.8774,22.068],[104.88,22.0688],[104.8818,22.0723],[104.8866,22.0708],[104.8908,22.0724],[104.8937,22.0723],[104.8971,22.0706],[104.9009,22.0666],[104.902,22.0644],[104.9075,22.0632],[104.9114,22.0653],[104.9128,22.0651],[104.9153,22.0616],[104.9183,22.0588],[104.9207,22.0606],[104.9228,22.0606],[104.9283,22.0618],[104.9337,22.0588],[104.935,22.0586],[104.938,22.0565],[104.9417,22.0517],[104.9411,22.0498],[104.9405,22.0441],[104.9421,22.0434],[104.9437,22.0399],[104.9457,22.038],[104.9461,22.0358],[104.9502,22.0344],[104.9539,22.0349],[104.9547,22.0357],[104.9595,22.033],[104.9592,22.031],[104.9626,22.0288],[104.9673,22.0308],[104.9693,22.0341],[104.9689,22.0353],[104.9712,22.0396],[104.9749,22.0414],[104.9786,22.0412],[104.9801,22.0426],[104.983,22.0422],[104.9863,22.0432],[104.9905,22.0454],[104.9943,22.0442],[104.9968,22.0442],[104.998,22.0426],[104.9961,22.0409],[104.9952,22.0359],[104.9938,22.0323],[104.9938,22.0298],[104.9948,22.0279],[104.9945,22.0242],[104.9922,22.0205],[104.9923,22.0185],[104.9943,22.0172],[104.9963,22.0143],[104.9946,22.0127],[104.9916,22.0079],[104.9898,22.0016],[104.992,21.9973],[104.9908,21.9951],[104.9973,21.9923],[104.9977,21.9904],[104.9996,21.9882],[104.9993,21.9864],[104.9976,21.9835],[104.9973,21.9812],[104.994,21.9769],[104.9943,21.9755],[104.9927,21.9713],[104.9948,21.9675],[104.9952,21.9642],[104.9949,21.9602],[104.9926,21.9517],[104.9899,21.9484],[104.9894,21.9456],[104.9876,21.944],[104.9866,21.9402],[104.9873,21.9387],[104.9864,21.9363],[104.9834,21.9377],[104.9833,21.9391],[104.978,21.9417],[104.9761,21.9448],[104.9735,21.9449],[104.9701,21.9463],[104.9677,21.9479],[104.9632,21.9479],[104.9615,21.9492],[104.9593,21.9487],[104.949,21.9481],[104.9455,21.9504],[104.9425,21.9471],[104.9387,21.9472],[104.937,21.9458],[104.9334,21.9445],[104.9313,21.9449],[104.9281,21.9434],[104.9251,21.9428],[104.9206,21.9437],[104.9168,21.9483],[104.9117,21.949],[104.9097,21.9523],[104.907,21.9519],[104.9034,21.9539],[104.9033,21.9553],[104.9014,21.9572],[104.8978,21.9565],[104.8958,21.9544],[104.8935,21.9533],[104.8854,21.9465],[104.8842,21.9482],[104.8805,21.949],[104.8779,21.9503],[104.876,21.9492],[104.8704,21.9505],[104.8696,21.9476],[104.8663,21.9465],[104.8636,21.9416]]]},"properties":{"name":"Cảm Nhân","level":"ward"}},{"type":"Feature","geometry":{"type":"Polygon","coordinates":[[[104.9765,21.835],[104.977,21.8419],[104.9698,21.8537],[104.9578,21.87],[104.9527,21.8684],[104.9554,21.8512],[104.936,21.8695],[104.9241,21.8957],[104.9199,21.9044],[104.9178,21.9069],[104.9066,21.9173],[104.8975,21.9184],[104.8824,21.9294],[104.8714,21.9221],[104.8595,21.9276],[104.8636,21.9416],[104.8663,21.9465],[104.8696,21.9476],[104.8704,21.9505],[104.876,21.9492],[104.8779,21.9503],[104.8805,21.949],[104.8842,21.9482],[104.8854,21.9465],[104.8935,21.9533],[104.8958,21.9544],[104.8978,21.9565],[104.9014,21.9572],[104.9033,21.9553],[104.9034,21.9539],[104.907,21.9519],[104.9097,21.9523],[104.9117,21.949],[104.9168,21.9483],[104.9206,21.9437],[104.9251,21.9428],[104.9281,21.9434],[104.9313,21.9449],[104.9334,21.9445],[104.937,21.9458],[104.9387,21.9472],[104.9425,21.9471],[104.9455,21.9504],[104.949,21.9481],[104.9593,21.9487],[104.9615,21.9492],[104.9632,21.9479],[104.9677,21.9479],[104.9701,21.9463],[104.9735,21.9449],[104.9761,21.9448],[104.978,21.9417],[104.9833,21.9391],[104.9834,21.9377],[104.9864,21.9363],[104.9886,21.9347],[104.9893,21.9315],[104.9916,21.9302],[104.9968,21.9287],[105,21.9296],[105.0025,21.9334],[105.005,21.9347],[105.0078,21.9349],[105.009,21.9372],[105.0122,21.9366],[105.0164,21.9352],[105.0196,21.9348],[105.0193,21.9317],[105.018,21.9284],[105.0203,21.9257],[105.0223,21.925],[105.0217,21.9211],[105.0221,21.9175],[105.0204,21.915],[105.0191,21.9112],[105.0168,21.91],[105.0146,21.9078],[105.0143,21.9064],[105.016,21.9045],[105.0159,21.9032],[105.0136,21.9002],[105.0143,21.8981],[105.0179,21.8954],[105.0181,21.8939],[105.0206,21.8938],[105.022,21.8949],[105.0243,21.8931],[105.0273,21.8917],[105.0322,21.8929],[105.0338,21.8919],[105.0369,21.8914],[105.0377,21.888],[105.0412,21.885],[105.0425,21.883],[105.0413,21.8799],[105.0426,21.8778],[105.041,21.8737],[105.0426,21.8721],[105.0441,21.8657],[105.0474,21.862],[105.0507,21.8604],[105.0523,21.8586],[105.0544,21.8591],[105.0585,21.8581],[105.0584,21.857],[105.0602,21.8547],[105.0604,21.8527],[105.0626,21.8469],[105.0653,21.8442],[105.0673,21.8407],[105.0651,21.8408],[105.0636,21.8397],[105.0586,21.8386],[105.0576,21.8369],[105.0549,21.8354],[105.0521,21.8326],[105.0497,21.8318],[105.0464,21.8342],[105.0437,21.8343],[105.0418,21.833],[105.0387,21.8325],[105.0356,21.8333],[105.0337,21.8348],[105.026,21.8361],[105.0249,21.8371],[105.0194,21.8334],[105.018,21.8306],[105.0179,21.8273],[105.0149,21.8267],[105.0069,21.8299],[104.9993,21.8316],[104.9948,21.829],[104.9885,21.8303],[104.9848,21.8346],[104.9817,21.8363],[104.9765,21.835]]]},"properties":{"name":"Yên Thành","level":"ward"}},{"type":"Feature","geometry":{"type":"Polygon","coordinates":[[[104.7993,21.9675],[104.803,21.9646],[104.8078,21.9585],[104.8097,21.9572],[104.8217,21.9615],[104.8328,21.9424],[104.8315,21.9351],[104.8373,21.9325],[104.8441,21.9332],[104.8432,21.9418],[104.848,21.95],[104.8636,21.9416],[104.8595,21.9276],[104.8714,21.9221],[104.8824,21.9294],[104.8975,21.9184],[104.9066,21.9173],[104.9178,21.9069],[104.9199,21.9044],[104.9241,21.8957],[104.936,21.8695],[104.9554,21.8512],[104.9494,21.8442],[104.9406,21.846],[104.9349,21.8416],[104.9328,21.8378],[104.9304,21.836],[104.9295,21.8324],[104.9263,21.8306],[104.9192,21.8382],[104.9176,21.8346],[104.9127,21.8377],[104.9091,21.8412],[104.9067,21.8441],[104.9035,21.845],[104.9003,21.8449],[104.8955,21.8483],[104.8944,21.8508],[104.8916,21.8531],[104.8895,21.8557],[104.8889,21.8579],[104.8865,21.8598],[104.8846,21.8671],[104.8808,21.8695],[104.8822,21.8716],[104.8784,21.8738],[104.8778,21.8697],[104.8758,21.8676],[104.8736,21.8629],[104.8717,21.8615],[104.8714,21.8577],[104.8733,21.8562],[104.8759,21.8558],[104.8784,21.853],[104.8785,21.8496],[104.8716,21.8466],[104.868,21.848],[104.8608,21.8465],[104.8579,21.8448],[104.8546,21.8441],[104.8524,21.8414],[104.8533,21.8394],[104.852,21.8375],[104.8527,21.8356],[104.851,21.8334],[104.8517,21.8306],[104.8508,21.8268],[104.8462,21.8273],[104.8435,21.8261],[104.8403,21.8276],[104.8358,21.8289],[104.8339,21.8281],[104.8319,21.8311],[104.8325,21.8348],[104.8315,21.8365],[104.8311,21.8409],[104.8296,21.8425],[104.8293,21.8463],[104.8276,21.8537],[104.8262,21.856],[104.8228,21.858],[104.8218,21.8596],[104.8188,21.8623],[104.816,21.8633],[104.8126,21.8672],[104.806,21.8721],[104.8042,21.8748],[104.7978,21.8773],[104.7956,21.8766],[104.7925,21.8777],[104.7917,21.8805],[104.7917,21.8831],[104.7902,21.8855],[104.7859,21.8879],[104.7853,21.8934],[104.7868,21.8953],[104.7837,21.9009],[104.7826,21.9037],[104.7794,21.9052],[104.7741,21.9093],[104.7709,21.9101],[104.7688,21.9127],[104.7673,21.9135],[104.7622,21.9112],[104.7575,21.9139],[104.7541,21.9149],[104.7519,21.9144],[104.7493,21.915],[104.7488,21.9169],[104.7499,21.9186],[104.7527,21.921],[104.7501,21.9218],[104.7484,21.9213],[104.7459,21.9242],[104.7479,21.9284],[104.748,21.9304],[104.7436,21.9345],[104.7438,21.9346],[104.7457,21.9373],[104.7496,21.9392],[104.7506,21.94],[104.7508,21.9408],[104.7502,21.9451],[104.7489,21.9475],[104.7548,21.9506],[104.7572,21.9539],[104.7626,21.9562],[104.7658,21.9568],[104.768,21.9548],[104.7712,21.9563],[104.7714,21.9563],[104.7746,21.9569],[104.7788,21.9601],[104.7862,21.963],[104.7888,21.9626],[104.7919,21.965],[104.7948,21.9641],[104.7971,21.9649],[104.7993,21.9675]]]},"properties":{"name":"Bảo Ái","level":"ward"}}]}