{"type":"FeatureCollection","features":[{"type":"Feature","geometry":{"type":"MultiPolygon","coordinates":[[[[107.2692,20.813],[107.2667,20.8129],[107.267,20.8153],[107.2692,20.813]]],[[[107.2743,20.8166],[107.2738,20.8196],[107.2757,20.82],[107.2743,20.8166]]],[[[107.2724,20.8226],[107.2714,20.8234],[107.271,20.8256],[107.2737,20.826],[107.2724,20.8226]]],[[[107.2597,20.8316],[107.2585,20.8321],[107.2591,20.8341],[107.2616,20.8329],[107.2597,20.8316]]],[[[107.2632,20.8372],[107.2621,20.8361],[107.2586,20.8351],[107.2583,20.8368],[107.2632,20.8372]]],[[[107.2517,20.852],[107.2536,20.8516],[107.2509,20.8494],[107.2526,20.8484],[107.2531,20.8439],[107.2511,20.8431],[107.2489,20.8445],[107.2461,20.8443],[107.2463,20.8458],[107.2449,20.8488],[107.2484,20.8478],[107.2491,20.8503],[107.2517,20.852]]],[[[107.2761,20.8495],[107.2789,20.8513],[107.2812,20.848],[107.2801,20.8471],[107.2768,20.8461],[107.2757,20.8476],[107.2744,20.8468],[107.2744,20.8451],[107.2701,20.8459],[107.2741,20.8509],[107.2762,20.8524],[107.2774,20.8522],[107.2761,20.8495]]],[[[107.282,20.8515],[107.2838,20.8534],[107.2859,20.8517],[107.2867,20.8494],[107.2852,20.848],[107.2868,20.8471],[107.2846,20.8456],[107.2853,20.8432],[107.2881,20.8438],[107.2897,20.8448],[107.2905,20.8469],[107.2925,20.8479],[107.295,20.8461],[107.2968,20.8458],[107.2904,20.8399],[107.2881,20.839],[107.2838,20.8399],[107.2847,20.837],[107.2778,20.8377],[107.2786,20.8358],[107.2755,20.8344],[107.2718,20.8348],[107.2714,20.8357],[107.2734,20.8375],[107.2755,20.8365],[107.2765,20.8389],[107.2738,20.8404],[107.2706,20.8398],[107.2694,20.8438],[107.2745,20.844],[107.2783,20.8455],[107.2816,20.8459],[107.2804,20.8436],[107.2816,20.8419],[107.2842,20.8488],[107.2802,20.8511],[107.282,20.8515]]],[[[107.2869,20.8514],[107.2865,20.8542],[107.2887,20.8542],[107.2869,20.8514]]],[[[107.2694,20.8531],[107.2694,20.8518],[107.2668,20.852],[107.2678,20.855],[107.2694,20.8531]]],[[[107.2916,20.857],[107.2908,20.8549],[107.289,20.8546],[107.2891,20.8566],[107.2916,20.857]]],[[[107.2881,20.8586],[107.2867,20.8552],[107.284,20.8538],[107.2822,20.8553],[107.2847,20.8565],[107.2855,20.8582],[107.2881,20.8586]]],[[[107.2138,20.8612],[107.2113,20.8606],[107.21,20.8621],[107.2117,20.8633],[107.2138,20.8612]]],[[[107.2265,20.8647],[107.2282,20.8654],[107.2319,20.8622],[107.2288,20.8622],[107.228,20.8599],[107.2231,20.865],[107.2248,20.866],[107.2265,20.8647]]],[[[107.2703,20.8657],[107.2728,20.8668],[107.2729,20.8631],[107.2744,20.8629],[107.2743,20.86],[107.2728,20.8596],[107.2669,20.8604],[107.2657,20.8594],[107.2636,20.8616],[107.2663,20.8622],[107.2686,20.8646],[107.2674,20.8655],[107.2672,20.8674],[107.2703,20.8657]]],[[[107.3046,20.8607],[107.303,20.8605],[107.3,20.8626],[107.2998,20.8659],[107.3016,20.867],[107.3028,20.8646],[107.3027,20.8625],[107.3046,20.8607]]],[[[107.2865,20.8668],[107.2846,20.8638],[107.2833,20.8651],[107.2813,20.8636],[107.2784,20.865],[107.2819,20.8667],[107.2841,20.8661],[107.285,20.8674],[107.2865,20.8668]]],[[[107.2028,20.8658],[107.2018,20.8658],[107.2001,20.8679],[107.2024,20.8681],[107.2028,20.8658]]],[[[107.2586,20.8671],[107.2608,20.8683],[107.2617,20.8676],[107.2608,20.8654],[107.2616,20.8639],[107.2596,20.8618],[107.2584,20.8624],[107.2593,20.8653],[107.2586,20.8671]]],[[[107.2101,20.8641],[107.209,20.8638],[107.2098,20.8683],[107.2109,20.8669],[107.2101,20.8641]]],[[[107.2416,20.8671],[107.2441,20.8663],[107.2427,20.865],[107.241,20.8654],[107.2387,20.8671],[107.2394,20.8693],[107.2416,20.8671]]],[[[107.2288,20.8693],[107.2291,20.8667],[107.2275,20.8672],[107.2269,20.8688],[107.2288,20.8693]]],[[[107.1961,20.8663],[107.1938,20.867],[107.1935,20.8685],[107.1962,20.8707],[107.1971,20.8696],[107.1953,20.8677],[107.1961,20.8663]]],[[[107.2169,20.8705],[107.2177,20.8675],[107.2193,20.8669],[107.221,20.8631],[107.2233,20.8617],[107.2233,20.8587],[107.2192,20.8577],[107.2177,20.8595],[107.218,20.8605],[107.221,20.8608],[107.2195,20.8638],[107.2177,20.8653],[107.2163,20.863],[107.2127,20.8674],[107.2156,20.868],[107.2145,20.8714],[107.2169,20.8705]]],[[[107.2673,20.871],[107.2669,20.8692],[107.2631,20.8703],[107.265,20.872],[107.2673,20.871]]],[[[107.1829,20.8738],[107.1811,20.8717],[107.18,20.8723],[107.1822,20.8745],[107.1829,20.8738]]],[[[107.2621,20.8731],[107.2611,20.8703],[107.2583,20.8715],[107.2601,20.8737],[107.2621,20.8731]]],[[[107.2386,20.8708],[107.2375,20.8682],[107.2358,20.8701],[107.2397,20.8742],[107.2404,20.8727],[107.2386,20.8708]]],[[[107.3069,20.8734],[107.3036,20.8725],[107.3055,20.8759],[107.3069,20.8734]]],[[[107.1868,20.878],[107.1858,20.877],[107.1866,20.875],[107.1899,20.8708],[107.1869,20.8708],[107.1865,20.8723],[107.1849,20.8742],[107.1854,20.8755],[107.183,20.8765],[107.1843,20.8778],[107.1868,20.878]]],[[[107.2342,20.8773],[107.2351,20.8738],[107.2307,20.8766],[107.2326,20.8783],[107.2342,20.8773]]],[[[107.2811,20.879],[107.2833,20.8768],[107.2814,20.8757],[107.2805,20.8778],[107.2811,20.879]]],[[[107.1701,20.8761],[107.1685,20.877],[107.1693,20.8792],[107.1712,20.8791],[107.1724,20.8777],[107.1701,20.8761]]],[[[107.1743,20.8775],[107.1738,20.88],[107.1755,20.8798],[107.1743,20.8775]]],[[[107.2195,20.876],[107.2185,20.8722],[107.2174,20.8721],[107.2142,20.8748],[107.2158,20.8773],[107.2151,20.8788],[107.2163,20.8812],[107.2178,20.8815],[107.2182,20.8774],[107.2195,20.876]]],[[[107.2074,20.8808],[107.2068,20.8799],[107.204,20.8796],[107.2054,20.8858],[107.2063,20.8854],[107.2062,20.8823],[107.2074,20.8808]]],[[[107.2108,20.8805],[107.2084,20.8832],[107.2083,20.8855],[107.2098,20.8856],[107.2112,20.8837],[107.2108,20.8805]]],[[[107.1946,20.883],[107.1956,20.8846],[107.1989,20.8825],[107.2008,20.8828],[107.2027,20.8815],[107.203,20.8799],[107.2052,20.8776],[107.2079,20.8775],[107.2132,20.8734],[107.2128,20.8712],[107.2065,20.8706],[107.2077,20.8666],[107.2053,20.8646],[107.2036,20.8653],[107.2052,20.8672],[107.2047,20.8691],[107.205,20.872],[107.2017,20.8717],[107.2005,20.8741],[107.1988,20.8724],[107.1937,20.8732],[107.1919,20.8759],[107.1869,20.8805],[107.1865,20.8842],[107.1885,20.8852],[107.1912,20.8819],[107.1929,20.8831],[107.1913,20.8851],[107.1922,20.8869],[107.194,20.8863],[107.1946,20.883]]],[[[107.2006,20.8879],[107.2016,20.8882],[107.2036,20.8868],[107.2035,20.8853],[107.2012,20.8838],[107.1977,20.8858],[107.2006,20.8879]]],[[[107.1568,20.8928],[107.1585,20.8939],[107.1615,20.8946],[107.1638,20.893],[107.1597,20.8906],[107.1568,20.891],[107.1556,20.8928],[107.1548,20.8962],[107.1558,20.8962],[107.1568,20.8928]]],[[[107.1659,20.8993],[107.1624,20.8998],[107.1642,20.9033],[107.1674,20.9035],[107.1674,20.9016],[107.1659,20.8993]]],[[[107.1533,20.912],[107.1555,20.9087],[107.1517,20.9084],[107.1502,20.9108],[107.1508,20.9129],[107.1526,20.9132],[107.1533,20.912]]],[[[107.1478,20.9374],[107.15,20.938],[107.1495,20.935],[107.1468,20.9322],[107.1445,20.9335],[107.1444,20.9377],[107.1467,20.939],[107.1478,20.9374]]],[[[107.1777,20.9982],[107.1702,20.9766],[107.1702,20.9676],[107.169,20.9655],[107.1855,20.9549],[107.1915,20.9486],[107.1934,20.9474],[107.1962,20.9465],[107.1997,20.9433],[107.2032,20.9406],[107.2024,20.9392],[107.1999,20.9381],[107.2005,20.9368],[107.1958,20.9344],[107.1913,20.9356],[107.1901,20.9347],[107.1869,20.9349],[107.1837,20.9341],[107.1807,20.9346],[107.1746,20.934],[107.1731,20.9331],[107.1696,20.933],[107.1641,20.9322],[107.1637,20.929],[107.1622,20.928],[107.1568,20.9272],[107.1562,20.9247],[107.1545,20.926],[107.1546,20.928],[107.1556,20.9287],[107.1531,20.9318],[107.1492,20.9298],[107.1482,20.9326],[107.1511,20.9379],[107.1502,20.9394],[107.1487,20.9387],[107.1455,20.9394],[107.146,20.9416],[107.1441,20.9423],[107.1402,20.9427],[107.1403,20.9405],[107.1389,20.939],[107.1356,20.9381],[107.1365,20.9466],[107.1342,20.951],[107.1343,20.9547],[107.1328,20.9572],[107.1342,20.9586],[107.1348,20.9624],[107.1338,20.9635],[107.1351,20.9715],[107.1313,20.9737],[107.1315,20.9781],[107.1328,20.9799],[107.131,20.9821],[107.1305,20.9869],[107.1285,20.9868],[107.1277,20.9889],[107.1375,20.9901],[107.1381,20.9942],[107.1443,20.9983],[107.1495,21.0001],[107.1593,20.9978],[107.1675,20.9985],[107.1724,20.9981],[107.1743,20.9987],[107.1777,20.9982]]]]},"properties":{"name":"Hà Tu","level":"ward"}},{"type":"Feature","geometry":{"type":"Polygon","coordinates":[[[107.1777,20.9982],[107.1743,20.9987],[107.1724,20.9981],[107.1675,20.9985],[107.1593,20.9978],[107.1495,21.0001],[107.1443,20.9983],[107.1381,20.9942],[107.1375,20.9901],[107.1277,20.9889],[107.124,20.9906],[107.1231,20.9842],[107.1204,20.9842],[107.1205,20.9816],[107.1148,20.9824],[107.1133,20.9812],[107.1128,20.9783],[107.113,20.9741],[107.1117,20.9729],[107.1086,20.9717],[107.1088,20.9703],[107.107,20.9682],[107.1041,20.9703],[107.0947,20.9781],[107.0925,20.9751],[107.0908,20.9755],[107.0903,20.9736],[107.0918,20.9721],[107.0909,20.9698],[107.0918,20.9688],[107.0922,20.9653],[107.0903,20.9646],[107.0903,20.9631],[107.0882,20.961],[107.0873,20.9587],[107.085,20.9622],[107.0808,20.9664],[107.0772,20.9635],[107.0764,20.9641],[107.074,20.9628],[107.0729,20.9651],[107.0673,20.966],[107.0666,20.9678],[107.0635,20.9716],[107.0597,20.9745],[107.0624,20.9763],[107.0805,20.988],[107.0901,20.9953],[107.0945,20.9989],[107.097,21.0015],[107.1033,21.0092],[107.1049,21.0106],[107.1082,21.0122],[107.1163,21.0138],[107.1225,21.0145],[107.1272,21.0172],[107.1282,21.0184],[107.1301,21.0238],[107.1328,21.0292],[107.1358,21.0297],[107.1402,21.0284],[107.1446,21.0292],[107.1499,21.031],[107.1532,21.0332],[107.1551,21.0333],[107.1615,21.0315],[107.1666,21.0313],[107.1714,21.0321],[107.1737,21.031],[107.1771,21.0271],[107.1784,21.0267],[107.177,21.0241],[107.1759,21.0247],[107.1727,21.0191],[107.1739,21.0173],[107.1731,21.0127],[107.1738,21.0089],[107.1757,21.0033],[107.1761,21.0001],[107.1777,20.9982]]]},"properties":{"name":"Cao Xanh","level":"ward"}},{"type":"Feature","geometry":{"type":"Polygon","coordinates":[[[107.0341,20.9904],[107.0341,20.9736],[107.0313,20.9738],[107.0292,20.9727],[107.0268,20.9754],[107.0233,20.9763],[107.0125,20.9716],[107.0057,20.9722],[106.9973,20.9712],[106.9955,20.9684],[106.9929,20.9665],[106.991,20.9622],[106.9891,20.9602],[106.9827,20.9646],[106.9755,20.9625],[106.9705,20.9626],[106.9553,20.9624],[106.9548,20.9646],[106.9552,20.9681],[106.9541,20.9698],[106.9548,20.9718],[106.9521,20.9763],[106.9501,20.9781],[106.9467,20.9783],[106.9392,20.9797],[106.9406,20.9816],[106.9404,20.9833],[106.9411,20.9875],[106.9399,20.99],[106.9368,20.991],[106.9449,21.0002],[106.9456,21.0056],[106.9466,21.0063],[106.9459,21.0091],[106.9444,21.0096],[106.9436,21.0122],[106.9412,21.0148],[106.9482,21.017],[106.9499,21.0157],[106.9515,21.0164],[106.9551,21.016],[106.96,21.0164],[106.9633,21.0186],[106.9643,21.0216],[106.9654,21.0224],[106.9668,21.0251],[106.9662,21.0283],[106.9673,21.0292],[106.9689,21.0284],[106.9688,21.0266],[106.9736,21.0223],[106.9777,21.0218],[106.9796,21.0191],[106.9835,21.0144],[106.9864,21.0143],[106.9892,21.0134],[106.9997,21.0114],[107.0026,21.0069],[107.0063,21.0034],[107.0083,21.0004],[107.0057,20.9982],[107.0094,20.9936],[107.0117,20.9918],[107.018,20.9907],[107.0223,20.9908],[107.0295,20.9914],[107.0341,20.9904]]]},"properties":{"name":"Việt Hưng","level":"ward"}},{"type":"Feature","geometry":{"type":"MultiPolygon","coordinates":[[[[107.0597,20.9745],[107.0635,20.9716],[107.0666,20.9678],[107.0673,20.966],[107.067,20.9617],[107.0664,20.9597],[107.0636,20.9556],[107.0617,20.9481],[107.0554,20.9467],[107.0526,20.947],[107.0468,20.9449],[107.0456,20.944],[107.0431,20.9437],[107.0392,20.9419],[107.0358,20.9409],[107.0316,20.9413],[107.029,20.9419],[107.0262,20.9469],[107.0202,20.948],[107.0179,20.9503],[107.0155,20.9498],[107.0124,20.9504],[107.0075,20.9541],[107.0059,20.953],[107.0011,20.952],[106.9981,20.9522],[106.9951,20.9545],[106.9934,20.9529],[106.9909,20.9525],[106.988,20.9552],[106.9881,20.9568],[106.9902,20.9597],[106.9891,20.9602],[106.991,20.9622],[106.9929,20.9665],[106.9955,20.9684],[106.9973,20.9712],[107.0057,20.9722],[107.0125,20.9716],[107.0233,20.9763],[107.0268,20.9754],[107.0292,20.9727],[107.0313,20.9738],[107.0341,20.9736],[107.0341,20.9904],[107.0373,20.9886],[107.0417,20.9845],[107.0477,20.9815],[107.0535,20.9766],[107.0597,20.9745]]],[[[107.0527,20.8497],[107.0512,20.8491],[107.0495,20.8508],[107.051,20.8517],[107.0526,20.8512],[107.0527,20.8497]]],[[[107.0576,20.849],[107.0545,20.8468],[107.0521,20.8479],[107.053,20.849],[107.0576,20.849]]],[[[107.0541,20.8552],[107.0511,20.8536],[107.0505,20.8553],[107.0541,20.8552]]],[[[107.0486,20.8541],[107.0485,20.8527],[107.0444,20.8549],[107.0431,20.8565],[107.0437,20.8578],[107.046,20.858],[107.0498,20.856],[107.0486,20.8541]]],[[[107.0511,20.8628],[107.0526,20.8622],[107.0544,20.8603],[107.0498,20.8607],[107.0484,20.8628],[107.0511,20.8628]]],[[[107.034,20.8701],[107.0312,20.8697],[107.0302,20.8721],[107.0337,20.871],[107.034,20.8701]]],[[[107.0424,20.8754],[107.0459,20.8749],[107.0458,20.8722],[107.0429,20.8742],[107.0413,20.8731],[107.0442,20.8702],[107.0468,20.8696],[107.047,20.8677],[107.0449,20.8653],[107.0425,20.8659],[107.043,20.8685],[107.0403,20.8698],[107.0402,20.8677],[107.0383,20.8682],[107.037,20.8731],[107.0373,20.8745],[107.0396,20.8736],[107.0404,20.8763],[107.0424,20.8754]]],[[[107.0214,20.8724],[107.0197,20.8722],[107.0179,20.8707],[107.0181,20.8686],[107.013,20.8692],[107.0131,20.8706],[107.0162,20.8706],[107.0166,20.8757],[107.0181,20.8743],[107.0214,20.8724]]],[[[107.0148,20.8755],[107.0119,20.8736],[107.0131,20.8726],[107.0117,20.8694],[107.0117,20.8664],[107.0133,20.8656],[107.0129,20.8637],[107.0101,20.8658],[107.0082,20.8649],[107.0069,20.8685],[107.005,20.8693],[107.0036,20.8717],[107.0044,20.8723],[107.0083,20.8707],[107.0071,20.8736],[107.0095,20.877],[107.0118,20.8755],[107.0132,20.8769],[107.0148,20.8755]]],[[[107.0153,20.8803],[107.0123,20.8799],[107.0118,20.8814],[107.0138,20.8826],[107.0153,20.8803]]],[[[107.0368,20.8808],[107.0391,20.8808],[107.04,20.8774],[107.0381,20.8765],[107.0364,20.8784],[107.0336,20.8796],[107.0328,20.8776],[107.0305,20.8784],[107.03,20.8811],[107.0313,20.8828],[107.0329,20.881],[107.0367,20.8843],[107.0374,20.8836],[107.0368,20.8808]]],[[[107.0186,20.8901],[107.0162,20.8881],[107.0158,20.8901],[107.0186,20.8901]]],[[[107.0089,20.8948],[107.0095,20.8929],[107.0106,20.8921],[107.0105,20.8904],[107.0117,20.8879],[107.0124,20.8844],[107.0118,20.8826],[107.0097,20.8836],[107.0106,20.8864],[107.0085,20.8882],[107.007,20.8847],[107.0054,20.8837],[107.0036,20.8793],[107.0023,20.8807],[107.0037,20.8819],[107.0044,20.8864],[107.0017,20.8872],[107.002,20.8912],[107.0043,20.8906],[107.0073,20.8921],[107.0059,20.8942],[107.0065,20.8962],[107.0089,20.8948]]],[[[107.007,20.8975],[107.0054,20.9004],[107.0072,20.9008],[107.007,20.8975]]],[[[107.0147,20.8995],[107.0141,20.8981],[107.0152,20.8955],[107.0115,20.8963],[107.0115,20.8981],[107.0147,20.8995]]],[[[107.0115,20.9083],[107.013,20.9068],[107.0118,20.9047],[107.0103,20.9036],[107.009,20.9051],[107.01,20.9081],[107.0115,20.9083]]],[[[107.0197,20.9102],[107.0211,20.9106],[107.0233,20.9069],[107.0223,20.9048],[107.0239,20.9026],[107.0214,20.9025],[107.0198,20.9014],[107.019,20.903],[107.019,20.906],[107.0166,20.9049],[107.0147,20.9054],[107.014,20.9085],[107.016,20.9089],[107.0164,20.9111],[107.0176,20.9127],[107.0197,20.9102]]],[[[107.0254,20.9393],[107.0241,20.9396],[107.0242,20.9422],[107.0269,20.9418],[107.0264,20.9395],[107.0254,20.9393]]]]},"properties":{"name":"Bãi Cháy","level":"ward"}},{"type":"Feature","geometry":{"type":"Polygon","coordinates":[[[107.1277,20.9889],[107.1285,20.9868],[107.1305,20.9869],[107.131,20.9821],[107.1328,20.9799],[107.1315,20.9781],[107.1313,20.9737],[107.1351,20.9715],[107.1338,20.9635],[107.1348,20.9624],[107.1342,20.9586],[107.1328,20.9572],[107.1343,20.9547],[107.1329,20.9532],[107.1272,20.9522],[107.1228,20.9493],[107.1178,20.9487],[107.1129,20.9517],[107.1128,20.9547],[107.1093,20.9563],[107.1079,20.9559],[107.1071,20.9575],[107.1052,20.9581],[107.103,20.9576],[107.1007,20.958],[107.0994,20.9598],[107.0976,20.9585],[107.0919,20.9581],[107.0873,20.9587],[107.0882,20.961],[107.0903,20.9631],[107.0903,20.9646],[107.0922,20.9653],[107.0918,20.9688],[107.0909,20.9698],[107.0918,20.9721],[107.0903,20.9736],[107.0908,20.9755],[107.0925,20.9751],[107.0947,20.9781],[107.1041,20.9703],[107.107,20.9682],[107.1088,20.9703],[107.1086,20.9717],[107.1117,20.9729],[107.113,20.9741],[107.1128,20.9783],[107.1133,20.9812],[107.1148,20.9824],[107.1205,20.9816],[107.1204,20.9842],[107.1231,20.9842],[107.124,20.9906],[107.1277,20.9889]]]},"properties":{"name":"Hà Lầm","level":"ward"}},{"type":"Feature","geometry":{"type":"MultiPolygon","coordinates":[[[[107.0673,20.966],[107.0729,20.9651],[107.074,20.9628],[107.0764,20.9641],[107.0772,20.9635],[107.0808,20.9664],[107.085,20.9622],[107.0873,20.9587],[107.0919,20.9581],[107.094,20.9563],[107.0945,20.9539],[107.0974,20.9532],[107.0992,20.9513],[107.0971,20.9471],[107.0957,20.9477],[107.0844,20.9482],[107.0819,20.9441],[107.0769,20.9433],[107.066,20.9471],[107.0617,20.9481],[107.0636,20.9556],[107.0664,20.9597],[107.067,20.9617],[107.0673,20.966]]],[[[107.155,20.7376],[107.1528,20.7387],[107.1543,20.7401],[107.155,20.7376]]],[[[107.1495,20.7424],[107.1487,20.7432],[107.1504,20.7451],[107.1513,20.7442],[107.1495,20.7424]]],[[[107.1478,20.756],[107.1498,20.7557],[107.1495,20.7536],[107.1483,20.7526],[107.1446,20.7554],[107.1467,20.7577],[107.1478,20.756]]],[[[107.1285,20.7565],[107.1283,20.7579],[107.1267,20.7598],[107.1287,20.7607],[107.1293,20.7591],[107.1285,20.7565]]],[[[107.1248,20.7576],[107.123,20.7584],[107.124,20.7623],[107.1255,20.7618],[107.1248,20.7576]]],[[[107.149,20.7613],[107.1485,20.7604],[107.1511,20.7584],[107.1529,20.7532],[107.1505,20.7543],[107.1505,20.7559],[107.1491,20.7571],[107.1486,20.7592],[107.1462,20.7604],[107.1482,20.762],[107.149,20.7613]]],[[[107.1277,20.7669],[107.1311,20.766],[107.1321,20.7633],[107.1336,20.7629],[107.1332,20.7611],[107.1312,20.7605],[107.1286,20.7646],[107.1267,20.7644],[107.1258,20.7666],[107.1277,20.7669]]],[[[107.143,20.7654],[107.1412,20.7651],[107.1411,20.7631],[107.1433,20.7641],[107.1451,20.7628],[107.1448,20.7601],[107.1437,20.7583],[107.1416,20.759],[107.141,20.7552],[107.1431,20.755],[107.1433,20.7498],[107.1412,20.75],[107.14,20.747],[107.1388,20.7476],[107.1383,20.7513],[107.1361,20.7464],[107.1383,20.7442],[107.1397,20.7457],[107.1408,20.7447],[107.1406,20.7428],[107.1434,20.7418],[107.1408,20.74],[107.1378,20.743],[107.1357,20.7427],[107.1369,20.7395],[107.1341,20.7383],[107.1322,20.7388],[107.1307,20.7403],[107.1304,20.7442],[107.129,20.7453],[107.129,20.747],[107.126,20.7482],[107.1259,20.7509],[107.1273,20.7522],[107.1292,20.7525],[107.1294,20.7555],[107.1322,20.756],[107.1334,20.7595],[107.1359,20.7605],[107.1386,20.764],[107.1361,20.7655],[107.1387,20.7661],[107.1404,20.7654],[107.1425,20.7675],[107.143,20.7654]]],[[[107.1332,20.7771],[107.1351,20.7763],[107.134,20.7732],[107.1323,20.7734],[107.1311,20.7767],[107.1332,20.7771]]],[[[107.1874,20.7749],[107.1856,20.7735],[107.1866,20.7718],[107.183,20.7719],[107.1802,20.7731],[107.1817,20.7748],[107.1846,20.775],[107.187,20.7771],[107.1874,20.7749]]],[[[107.1706,20.7753],[107.1694,20.7754],[107.1702,20.7784],[107.1731,20.7796],[107.1743,20.7786],[107.1709,20.7771],[107.1706,20.7753]]],[[[107.1405,20.7864],[107.1422,20.784],[107.1391,20.7846],[107.1405,20.7864]]],[[[107.1774,20.7964],[107.1771,20.7946],[107.1732,20.7948],[107.1764,20.7982],[107.1774,20.7964]]],[[[107.1284,20.8069],[107.127,20.8056],[107.1275,20.8035],[107.1296,20.803],[107.1301,20.8017],[107.1283,20.8],[107.129,20.7982],[107.1282,20.7963],[107.1284,20.7933],[107.1304,20.7945],[107.1307,20.7968],[107.1326,20.7984],[107.1353,20.7985],[107.1354,20.7949],[107.1345,20.7931],[107.1367,20.7923],[107.1366,20.7906],[107.1349,20.7891],[107.1317,20.7895],[107.1317,20.7878],[107.1352,20.7872],[107.1353,20.7858],[107.1324,20.7856],[107.1308,20.7844],[107.1292,20.7844],[107.1275,20.7827],[107.1291,20.7812],[107.1306,20.7822],[107.1356,20.7835],[107.1359,20.7823],[107.133,20.7796],[107.131,20.7798],[107.1281,20.778],[107.1271,20.7793],[107.1249,20.7765],[107.127,20.7761],[107.1291,20.7771],[107.1306,20.7755],[107.1312,20.7711],[107.1308,20.7695],[107.1283,20.7706],[107.1281,20.7723],[107.1252,20.7716],[107.1239,20.7688],[107.1228,20.7716],[107.1236,20.7734],[107.1227,20.7755],[107.1209,20.7766],[107.1177,20.7837],[107.1164,20.7855],[107.1161,20.7902],[107.1186,20.7936],[107.118,20.7976],[107.1168,20.8006],[107.1147,20.8019],[107.1147,20.8047],[107.1124,20.806],[107.1148,20.8072],[107.118,20.8057],[107.1194,20.8034],[107.1221,20.8027],[107.1229,20.7998],[107.1247,20.7988],[107.1263,20.801],[107.1227,20.8033],[107.1228,20.805],[107.1241,20.8072],[107.1284,20.8069]]],[[[107.1884,20.8066],[107.1858,20.8051],[107.1864,20.8078],[107.1843,20.8103],[107.1881,20.8101],[107.1891,20.8095],[107.1884,20.8066]]],[[[107.1674,20.8079],[107.166,20.8099],[107.1672,20.8106],[107.1686,20.8091],[107.1674,20.8079]]],[[[107.1205,20.8085],[107.1232,20.8092],[107.124,20.8083],[107.1215,20.8056],[107.1174,20.8078],[107.117,20.8113],[107.1205,20.8085]]],[[[107.1201,20.8118],[107.1221,20.8108],[107.1209,20.8092],[107.1195,20.8106],[107.1201,20.8118]]],[[[107.1769,20.8118],[107.177,20.8096],[107.1737,20.8117],[107.1769,20.8118]]],[[[107.1172,20.8127],[107.1144,20.8133],[107.1137,20.8162],[107.1167,20.8149],[107.1172,20.8127]]],[[[107.1763,20.8132],[107.1751,20.8138],[107.1751,20.8161],[107.1776,20.8169],[107.1791,20.8149],[107.1763,20.8132]]],[[[107.1234,20.8144],[107.1223,20.8151],[107.1221,20.8173],[107.124,20.8172],[107.1234,20.8144]]],[[[107.097,20.8179],[107.0938,20.8198],[107.095,20.8205],[107.097,20.8179]]],[[[107.1696,20.8195],[107.1724,20.8198],[107.1724,20.8155],[107.1731,20.8137],[107.169,20.8142],[107.1691,20.8175],[107.1667,20.8174],[107.1656,20.8202],[107.1668,20.8214],[107.1692,20.8205],[107.1696,20.8195]]],[[[107.1774,20.8228],[107.1807,20.8229],[107.1802,20.8204],[107.1782,20.8217],[107.1759,20.8222],[107.1744,20.8194],[107.1729,20.8226],[107.1745,20.8224],[107.1743,20.8245],[107.1774,20.8228]]],[[[107.1419,20.8264],[107.1447,20.8256],[107.1436,20.8242],[107.1419,20.8264]]],[[[107.1788,20.8247],[107.1768,20.8256],[107.1761,20.8278],[107.1781,20.8289],[107.1794,20.8274],[107.1784,20.8264],[107.1788,20.8247]]],[[[107.0895,20.827],[107.0867,20.8265],[107.0863,20.829],[107.0895,20.827]]],[[[107.1843,20.8289],[107.1831,20.8302],[107.1861,20.8314],[107.1861,20.8301],[107.1843,20.8289]]],[[[107.1399,20.8284],[107.1379,20.8291],[107.139,20.8351],[107.1407,20.8341],[107.1392,20.8304],[107.1399,20.8284]]],[[[107.0798,20.8394],[107.0813,20.8364],[107.0832,20.8361],[107.0849,20.8342],[107.0875,20.8331],[107.086,20.8308],[107.0821,20.8301],[107.0789,20.8339],[107.0764,20.8339],[107.0725,20.8365],[107.0737,20.839],[107.0764,20.8395],[107.0798,20.8394]]],[[[107.1194,20.8393],[107.1227,20.8387],[107.1251,20.8392],[107.1245,20.8347],[107.1214,20.8346],[107.1198,20.8326],[107.1181,20.8347],[107.1159,20.8354],[107.1177,20.838],[107.116,20.8392],[107.1138,20.839],[107.113,20.841],[107.116,20.8424],[107.1173,20.8407],[107.1194,20.8393]]],[[[107.1658,20.8424],[107.1606,20.8367],[107.1601,20.8398],[107.1614,20.8419],[107.1638,20.8427],[107.1658,20.8424]]],[[[107.1695,20.8425],[107.1716,20.8418],[107.1725,20.8399],[107.1707,20.8369],[107.1706,20.8346],[107.1698,20.8326],[107.1736,20.8336],[107.1751,20.8327],[107.1721,20.8314],[107.1705,20.8317],[107.1663,20.8296],[107.1666,20.8275],[107.1636,20.8279],[107.164,20.8297],[107.1635,20.8324],[107.1587,20.8351],[107.1601,20.8363],[107.1617,20.8347],[107.1657,20.835],[107.1675,20.8379],[107.1686,20.8411],[107.1664,20.8418],[107.1678,20.844],[107.1695,20.8425]]],[[[107.158,20.8397],[107.1573,20.8384],[107.1544,20.8387],[107.1537,20.8399],[107.1547,20.8427],[107.1559,20.8441],[107.1581,20.845],[107.1589,20.8438],[107.1576,20.8414],[107.158,20.8397]]],[[[107.1542,20.8451],[107.1526,20.8432],[107.1512,20.846],[107.1535,20.8463],[107.1542,20.8451]]],[[[107.1671,20.8445],[107.1623,20.844],[107.1618,20.845],[107.1648,20.8463],[107.1671,20.8445]]],[[[107.1597,20.8487],[107.1601,20.8468],[107.1584,20.8455],[107.1561,20.8483],[107.1597,20.8487]]],[[[107.0746,20.8512],[107.0753,20.849],[107.0741,20.8479],[107.0725,20.8509],[107.0746,20.8512]]],[[[107.1127,20.8553],[107.1148,20.8535],[107.1171,20.855],[107.1187,20.8525],[107.1185,20.8503],[107.1137,20.8528],[107.1127,20.8553]]],[[[107.1029,20.8545],[107.102,20.8522],[107.0996,20.8548],[107.1035,20.8563],[107.1029,20.8545]]],[[[107.1007,20.8578],[107.0991,20.8571],[107.0976,20.8548],[107.0996,20.8505],[107.0969,20.8489],[107.0972,20.8469],[107.1001,20.846],[107.103,20.8431],[107.1048,20.84],[107.1026,20.8378],[107.1026,20.8325],[107.1046,20.8327],[107.1057,20.8361],[107.1093,20.8353],[107.1059,20.8304],[107.107,20.8293],[107.1105,20.8298],[107.1085,20.8262],[107.1042,20.8289],[107.1013,20.8293],[107.0993,20.8302],[107.0956,20.8332],[107.0953,20.8346],[107.0981,20.8358],[107.1008,20.8381],[107.099,20.8393],[107.0981,20.8429],[107.0964,20.8425],[107.0968,20.8456],[107.0944,20.8445],[107.0932,20.8429],[107.0911,20.8356],[107.0883,20.8363],[107.0851,20.839],[107.0852,20.8405],[107.0836,20.8416],[107.0837,20.8451],[107.0852,20.8465],[107.0869,20.8464],[107.0888,20.8446],[107.0907,20.8446],[107.0914,20.8461],[107.0883,20.8513],[107.0894,20.8523],[107.0915,20.851],[107.0917,20.8549],[107.0935,20.8536],[107.0965,20.8538],[107.0958,20.8554],[107.0961,20.858],[107.0981,20.8586],[107.1007,20.8578]]],[[[107.0925,20.8561],[107.0915,20.8566],[107.0918,20.8604],[107.093,20.8601],[107.0925,20.8561]]],[[[107.0866,20.8602],[107.0852,20.8581],[107.084,20.8613],[107.0858,20.8618],[107.0866,20.8602]]],[[[107.1505,20.8613],[107.1498,20.8557],[107.1469,20.8594],[107.1481,20.8603],[107.148,20.8621],[107.1505,20.8613]]],[[[107.095,20.8611],[107.0917,20.8625],[107.0924,20.8638],[107.0949,20.8624],[107.095,20.8611]]],[[[107.1321,20.8622],[107.1322,20.861],[107.1303,20.8602],[107.1274,20.8624],[107.1296,20.8638],[107.1316,20.8636],[107.1321,20.8622]]],[[[107.0681,20.8658],[107.0724,20.8614],[107.0711,20.8606],[107.0697,20.8621],[107.0681,20.8607],[107.069,20.859],[107.0687,20.8571],[107.0669,20.8571],[107.0669,20.8611],[107.0653,20.86],[107.0635,20.8605],[107.0644,20.8655],[107.0681,20.8658]]],[[[107.0846,20.8649],[107.0856,20.8658],[107.0881,20.865],[107.0859,20.8629],[107.0843,20.863],[107.0846,20.8649]]],[[[107.0675,20.8724],[107.0658,20.8713],[107.0658,20.8674],[107.0633,20.8686],[107.0602,20.8686],[107.0591,20.8716],[107.0601,20.8726],[107.0617,20.87],[107.0633,20.8727],[107.0675,20.8724]]],[[[107.1186,20.8694],[107.1168,20.8703],[107.1159,20.8721],[107.1165,20.8738],[107.1183,20.8737],[107.1191,20.8725],[107.1186,20.8694]]],[[[107.0599,20.8736],[107.0577,20.8745],[107.0577,20.8761],[107.0619,20.8748],[107.0599,20.8736]]],[[[107.088,20.924],[107.0856,20.9236],[107.0866,20.9263],[107.088,20.924]]],[[[107.0814,20.9352],[107.0798,20.9339],[107.0782,20.9343],[107.0788,20.9376],[107.081,20.9379],[107.0814,20.9352]]],[[[107.0804,20.9413],[107.0784,20.9396],[107.0775,20.9418],[107.0784,20.9426],[107.0804,20.9413]]],[[[107.0855,20.9432],[107.087,20.9418],[107.0857,20.9403],[107.0853,20.9374],[107.0837,20.9384],[107.0829,20.9409],[107.0841,20.9475],[107.0859,20.9459],[107.0849,20.9448],[107.0855,20.9432]]]]},"properties":{"name":"Hồng Gai","level":"ward"}},{"type":"Feature","geometry":{"type":"MultiPolygon","coordinates":[[[[107.1343,20.9547],[107.1342,20.951],[107.1365,20.9466],[107.1356,20.9381],[107.1343,20.9378],[107.1335,20.9399],[107.1344,20.9437],[107.1319,20.9413],[107.1318,20.9395],[107.128,20.9364],[107.1155,20.9375],[107.1127,20.9381],[107.1077,20.9405],[107.1051,20.9428],[107.1033,20.9453],[107.1017,20.9452],[107.0983,20.9473],[107.0971,20.9471],[107.0992,20.9513],[107.0974,20.9532],[107.0945,20.9539],[107.094,20.9563],[107.0919,20.9581],[107.0976,20.9585],[107.0994,20.9598],[107.1007,20.958],[107.103,20.9576],[107.1052,20.9581],[107.1071,20.9575],[107.1079,20.9559],[107.1093,20.9563],[107.1128,20.9547],[107.1129,20.9517],[107.1178,20.9487],[107.1228,20.9493],[107.1272,20.9522],[107.1329,20.9532],[107.1343,20.9547]]],[[[107.2148,20.8253],[107.214,20.824],[107.2121,20.824],[107.2115,20.8252],[107.2137,20.8259],[107.2148,20.8253]]],[[[107.2239,20.8301],[107.2204,20.8316],[107.2213,20.8331],[107.2255,20.8324],[107.2239,20.8301]]],[[[107.2102,20.8394],[107.2114,20.8378],[107.2148,20.8355],[107.2144,20.8335],[107.2094,20.8354],[107.2099,20.8372],[107.2088,20.8384],[107.207,20.8364],[107.2055,20.8372],[107.2036,20.8394],[107.2046,20.8404],[107.2067,20.8402],[107.2066,20.8422],[107.2102,20.8394]]],[[[107.1766,20.8505],[107.1788,20.8511],[107.1794,20.8496],[107.1846,20.8467],[107.1837,20.8447],[107.1862,20.8429],[107.1866,20.8405],[107.1844,20.8409],[107.183,20.8428],[107.1816,20.8462],[107.1798,20.8451],[107.1819,20.844],[107.1792,20.8416],[107.1762,20.845],[107.1733,20.8461],[107.1734,20.848],[107.1725,20.8497],[107.1734,20.8514],[107.1737,20.8539],[107.1758,20.853],[107.1766,20.8505]]],[[[107.1627,20.8663],[107.1651,20.8663],[107.1674,20.8627],[107.1628,20.8649],[107.1627,20.8663]]],[[[107.1471,20.8724],[107.1474,20.8708],[107.1495,20.8707],[107.1502,20.8683],[107.1524,20.8663],[107.1516,20.8652],[107.1481,20.8648],[107.1485,20.8664],[107.1473,20.8677],[107.1472,20.8695],[107.1456,20.8708],[107.1439,20.8695],[107.1417,20.8695],[107.1399,20.8684],[107.1395,20.8706],[107.1423,20.871],[107.146,20.8733],[107.1471,20.8724]]],[[[107.1354,20.8749],[107.1322,20.8746],[107.1316,20.8767],[107.135,20.8762],[107.1354,20.8749]]],[[[107.1395,20.8761],[107.1406,20.8742],[107.139,20.8738],[107.1399,20.8714],[107.1368,20.8712],[107.1372,20.8743],[107.1369,20.8771],[107.1393,20.8775],[107.1395,20.8761]]],[[[107.1296,20.8785],[107.1311,20.8786],[107.1308,20.8763],[107.1289,20.8771],[107.1296,20.8785]]],[[[107.1259,20.8856],[107.1242,20.8871],[107.1261,20.8879],[107.1259,20.8856]]],[[[107.1266,20.8933],[107.1258,20.8913],[107.1242,20.8922],[107.1246,20.8944],[107.1266,20.8933]]],[[[107.1075,20.8939],[107.11,20.8918],[107.1096,20.8909],[107.1066,20.8913],[107.1075,20.8939]]],[[[107.1097,20.9046],[107.1086,20.9053],[107.1078,20.9118],[107.1099,20.9112],[107.1097,20.9046]]],[[[107.1129,20.9087],[107.1121,20.9118],[107.1135,20.9123],[107.1147,20.9102],[107.1129,20.9087]]],[[[107.1265,20.9074],[107.1262,20.911],[107.1275,20.9137],[107.1292,20.9104],[107.1265,20.9074]]],[[[107.1328,20.93],[107.1315,20.9281],[107.1296,20.9299],[107.1328,20.93]]],[[[107.1078,20.9294],[107.1094,20.9296],[107.1094,20.9277],[107.1068,20.9274],[107.106,20.931],[107.1076,20.9336],[107.1083,20.9304],[107.1078,20.9294]]],[[[107.1017,20.9362],[107.1031,20.9349],[107.1012,20.9335],[107.1015,20.9305],[107.0993,20.9292],[107.0993,20.9318],[107.0954,20.9303],[107.0966,20.9338],[107.0986,20.9335],[107.1001,20.935],[107.0981,20.9413],[107.0993,20.9414],[107.1016,20.9381],[107.1017,20.9362]]]]},"properties":{"name":"Hạ Long","level":"ward"}},{"type":"Feature","geometry":{"type":"MultiPolygon","coordinates":[[[[106.9412,21.0148],[106.9436,21.0122],[106.9444,21.0096],[106.9459,21.0091],[106.9466,21.0063],[106.9456,21.0056],[106.9449,21.0002],[106.9368,20.991],[106.9399,20.99],[106.9411,20.9875],[106.9404,20.9833],[106.9406,20.9816],[106.9392,20.9797],[106.9467,20.9783],[106.9501,20.9781],[106.9521,20.9763],[106.9548,20.9718],[106.9541,20.9698],[106.9552,20.9681],[106.9548,20.9646],[106.9553,20.9624],[106.9705,20.9626],[106.9755,20.9625],[106.9827,20.9646],[106.9891,20.9602],[106.9834,20.9558],[106.9794,20.9532],[106.9798,20.9508],[106.9784,20.9499],[106.9738,20.9501],[106.9739,20.9486],[106.9685,20.9487],[106.9602,20.9442],[106.958,20.9402],[106.9568,20.9386],[106.9546,20.9379],[106.9554,20.9353],[106.9549,20.9324],[106.9551,20.9286],[106.9544,20.924],[106.953,20.9233],[106.9488,20.9247],[106.9444,20.9277],[106.9403,20.9319],[106.9382,20.9299],[106.9364,20.9327],[106.9345,20.9346],[106.9251,20.941],[106.923,20.9429],[106.9217,20.945],[106.9218,20.9466],[106.9236,20.9498],[106.9249,20.954],[106.9236,20.9591],[106.9216,20.9617],[106.92,20.9629],[106.9157,20.9642],[106.9039,20.9657],[106.9007,20.9667],[106.8945,20.9696],[106.8902,20.9724],[106.8881,20.9743],[106.8871,20.9752],[106.887,20.9774],[106.8888,20.9827],[106.8887,20.985],[106.8909,20.992],[106.8936,20.9946],[106.8935,20.9979],[106.8921,20.999],[106.8891,21.0033],[106.8891,21.0064],[106.887,21.0081],[106.8862,21.0096],[106.8885,21.0134],[106.892,21.013],[106.898,21.0131],[106.901,21.0144],[106.9047,21.0144],[106.907,21.0162],[106.9098,21.0158],[106.9132,21.0161],[106.9157,21.0154],[106.9201,21.0169],[106.9241,21.0159],[106.926,21.0142],[106.9319,21.0131],[106.9352,21.0143],[106.9369,21.0131],[106.9412,21.0148]]],[[[107.0045,20.8585],[107.0026,20.8585],[107.0002,20.861],[107.0009,20.8622],[107.0042,20.86],[107.0045,20.8585]]],[[[106.9975,20.8639],[106.9947,20.8648],[106.9943,20.8678],[106.9958,20.8687],[106.9974,20.8661],[106.9975,20.8639]]],[[[106.9661,20.8793],[106.9664,20.8758],[106.9626,20.8792],[106.9635,20.8801],[106.9661,20.8793]]],[[[106.9731,20.8785],[106.9712,20.8796],[106.9714,20.8817],[106.9708,20.8842],[106.9723,20.8843],[106.9726,20.8794],[106.9731,20.8785]]],[[[106.9534,20.8887],[106.9531,20.888],[106.948,20.8877],[106.9487,20.8888],[106.9507,20.8887],[106.9523,20.8897],[106.9534,20.8887]]],[[[106.9947,20.8877],[106.9942,20.8843],[106.9922,20.8862],[106.9907,20.8861],[106.9893,20.8875],[106.9888,20.8835],[106.9894,20.8824],[106.9881,20.8798],[106.986,20.8798],[106.9881,20.8766],[106.9892,20.8761],[106.9923,20.8775],[106.9945,20.8775],[106.9967,20.8727],[106.997,20.87],[106.9955,20.87],[106.9942,20.8717],[106.9913,20.87],[106.9884,20.8711],[106.986,20.8712],[106.9856,20.8696],[106.9836,20.8707],[106.9799,20.8714],[106.9802,20.8734],[106.9838,20.8733],[106.9832,20.8758],[106.9849,20.8763],[106.9858,20.8782],[106.9821,20.8802],[106.9802,20.8843],[106.9801,20.8861],[106.9782,20.8876],[106.9793,20.889],[106.981,20.8886],[106.981,20.8865],[106.9829,20.8852],[106.9868,20.8859],[106.9906,20.8899],[106.9928,20.8897],[106.9947,20.8877]]],[[[106.9576,20.8867],[106.9548,20.8844],[106.9542,20.8828],[106.9517,20.8841],[106.955,20.886],[106.9543,20.8903],[106.9563,20.8888],[106.9576,20.8867]]],[[[106.9994,20.8904],[106.9983,20.8868],[106.996,20.8875],[106.9963,20.8902],[106.9994,20.8904]]],[[[106.9737,20.8951],[106.9756,20.8901],[106.9739,20.891],[106.9728,20.8939],[106.9737,20.8951]]],[[[106.9664,20.8845],[106.964,20.8849],[106.9625,20.8865],[106.9655,20.8929],[106.9648,20.8947],[106.9664,20.896],[106.9673,20.8926],[106.9665,20.8906],[106.9677,20.8887],[106.9678,20.8862],[106.9664,20.8845]]],[[[106.972,20.903],[106.9723,20.9017],[106.9699,20.9014],[106.969,20.8978],[106.9678,20.8985],[106.9669,20.9026],[106.972,20.903]]],[[[106.9695,20.9378],[106.9712,20.9367],[106.9725,20.939],[106.9741,20.9399],[106.9823,20.9418],[106.9856,20.9415],[106.9877,20.9423],[106.9886,20.9404],[106.9911,20.9412],[106.9967,20.9374],[106.9974,20.9334],[106.9983,20.9326],[106.9981,20.9305],[106.9962,20.9306],[106.9947,20.9292],[106.9929,20.9262],[106.9932,20.9237],[106.995,20.9238],[106.9956,20.9221],[106.9935,20.922],[106.9934,20.9172],[106.9917,20.9177],[106.9917,20.9226],[106.9897,20.9225],[106.9896,20.9174],[106.9867,20.9172],[106.9855,20.9188],[106.9852,20.9212],[106.9821,20.9231],[106.9825,20.9283],[106.981,20.9286],[106.9781,20.9263],[106.9779,20.9232],[106.9826,20.9199],[106.9833,20.9188],[106.9839,20.9155],[106.9852,20.9148],[106.9884,20.9145],[106.9881,20.9135],[106.9777,20.9138],[106.9749,20.9166],[106.9715,20.9167],[106.9705,20.9177],[106.9711,20.9196],[106.9682,20.9213],[106.9636,20.9232],[106.9608,20.9258],[106.9595,20.9316],[106.9601,20.9367],[106.9612,20.9413],[106.9629,20.9429],[106.9662,20.9433],[106.9689,20.9418],[106.9695,20.9378]]]]},"properties":{"name":"Tuần Châu","level":"ward"}},{"type":"Feature","geometry":{"type":"MultiPolygon","coordinates":[[[[107.9141,21.4209],[107.9134,21.4184],[107.9117,21.4191],[107.911,21.4212],[107.9141,21.4209]]],[[[107.9147,21.4209],[107.9138,21.4225],[107.9155,21.4238],[107.9163,21.4221],[107.9147,21.4209]]],[[[107.938,21.4252],[107.9428,21.4251],[107.9437,21.4227],[107.9427,21.4189],[107.9376,21.4154],[107.9349,21.4144],[107.9282,21.4142],[107.927,21.4145],[107.9221,21.418],[107.9229,21.4216],[107.9215,21.4228],[107.9223,21.4251],[107.9239,21.4258],[107.9285,21.4253],[107.9299,21.4262],[107.9296,21.4295],[107.9323,21.4316],[107.9355,21.4306],[107.9377,21.4291],[107.9393,21.4263],[107.938,21.4252]]],[[[107.9284,21.4293],[107.9297,21.4261],[107.9287,21.4254],[107.9233,21.4259],[107.9221,21.4252],[107.9205,21.4219],[107.9179,21.4219],[107.9161,21.4241],[107.9157,21.4275],[107.9231,21.4303],[107.9263,21.4313],[107.9286,21.433],[107.9314,21.4323],[107.9284,21.4293]]],[[[107.9164,21.438],[107.9183,21.4402],[107.9234,21.4396],[107.9253,21.4391],[107.9285,21.4359],[107.9273,21.4347],[107.929,21.4337],[107.9263,21.4315],[107.9144,21.4277],[107.9143,21.4258],[107.9132,21.4245],[107.9102,21.4243],[107.9101,21.4275],[107.911,21.4326],[107.914,21.4404],[107.9156,21.4408],[107.9176,21.4401],[107.9164,21.438]]],[[[107.9364,21.4609],[107.9366,21.4569],[107.9342,21.4574],[107.9332,21.4602],[107.9334,21.4612],[107.9352,21.4615],[107.9364,21.4609]]],[[[107.9262,21.4647],[107.9315,21.4601],[107.9328,21.4597],[107.9332,21.4576],[107.9352,21.4563],[107.9344,21.4552],[107.9368,21.4532],[107.9368,21.452],[107.9404,21.4474],[107.9426,21.4454],[107.9416,21.4441],[107.9448,21.441],[107.9448,21.439],[107.9433,21.4377],[107.9369,21.4369],[107.9298,21.4396],[107.9276,21.4415],[107.9265,21.4441],[107.9239,21.4437],[107.9177,21.4456],[107.9154,21.4482],[107.9148,21.4508],[107.915,21.454],[107.9161,21.4591],[107.9217,21.4602],[107.9223,21.463],[107.9262,21.4647]]],[[[107.9215,21.4618],[107.9211,21.4604],[107.9172,21.4598],[107.919,21.4668],[107.9219,21.4632],[107.9215,21.4618]]],[[[107.9597,21.4672],[107.9579,21.4687],[107.9582,21.4705],[107.9603,21.4692],[107.9597,21.4672]]],[[[107.9165,21.4613],[107.9137,21.46],[107.912,21.4651],[107.9123,21.4674],[107.9149,21.4709],[107.9163,21.4701],[107.9185,21.4668],[107.9178,21.4639],[107.9165,21.4613]]],[[[107.9649,21.47],[107.9634,21.468],[107.9625,21.4697],[107.9649,21.47]]],[[[107.92,21.4747],[107.9223,21.4746],[107.9184,21.4718],[107.9175,21.4735],[107.92,21.4747]]],[[[107.9605,21.47],[107.9583,21.4715],[107.9617,21.4748],[107.9635,21.4725],[107.9605,21.47]]],[[[107.9696,21.4747],[107.9707,21.4744],[107.9718,21.472],[107.9706,21.4691],[107.9689,21.4691],[107.9689,21.4651],[107.9673,21.4627],[107.9653,21.4638],[107.9681,21.469],[107.9677,21.474],[107.9696,21.4747]]],[[[107.9283,21.4807],[107.9284,21.4789],[107.9244,21.4784],[107.924,21.4793],[107.9275,21.4809],[107.9283,21.4807]]],[[[107.9709,21.4828],[107.9689,21.4799],[107.9683,21.4819],[107.9709,21.4828]]],[[[107.9305,21.4897],[107.9288,21.4862],[107.928,21.4871],[107.929,21.4892],[107.9305,21.4897]]],[[[107.9309,21.4902],[107.9288,21.4899],[107.9298,21.4941],[107.9314,21.4958],[107.9341,21.4971],[107.9327,21.4924],[107.9309,21.4902]]],[[[107.9655,21.5362],[107.9665,21.5344],[107.966,21.5295],[107.9649,21.5257],[107.963,21.5215],[107.9669,21.5159],[107.9691,21.5123],[107.9703,21.5093],[107.9696,21.5059],[107.9665,21.5068],[107.9642,21.5059],[107.9647,21.5033],[107.9639,21.5006],[107.9653,21.4972],[107.9651,21.495],[107.9662,21.4921],[107.9667,21.4903],[107.9686,21.4902],[107.9712,21.489],[107.9731,21.4873],[107.9715,21.4841],[107.9688,21.4842],[107.9669,21.4795],[107.9642,21.4849],[107.9638,21.4891],[107.9649,21.4918],[107.9633,21.492],[107.9624,21.4889],[107.9626,21.4819],[107.9647,21.4795],[107.9659,21.4766],[107.9653,21.4734],[107.9616,21.4754],[107.9584,21.4729],[107.9583,21.4719],[107.9555,21.4707],[107.9585,21.4662],[107.959,21.4637],[107.9578,21.4604],[107.9567,21.4586],[107.9553,21.4545],[107.9538,21.4526],[107.954,21.4512],[107.9521,21.4484],[107.9521,21.4458],[107.9502,21.4445],[107.9473,21.4456],[107.9469,21.4474],[107.9451,21.4475],[107.942,21.4506],[107.9427,21.452],[107.9444,21.4525],[107.9478,21.4551],[107.9481,21.4576],[107.9463,21.4592],[107.9453,21.4616],[107.9475,21.4621],[107.9502,21.4605],[107.9513,21.4615],[107.9501,21.4633],[107.9489,21.4617],[107.9476,21.4622],[107.9464,21.4642],[107.9444,21.4611],[107.946,21.4552],[107.9413,21.4532],[107.9398,21.4512],[107.9387,21.4521],[107.9372,21.4568],[107.9382,21.4578],[107.9373,21.4611],[107.9352,21.4617],[107.9332,21.4617],[107.9325,21.4602],[107.9298,21.4619],[107.929,21.4633],[107.9257,21.4653],[107.922,21.4634],[107.918,21.4684],[107.9178,21.4714],[107.9227,21.4745],[107.9239,21.4737],[107.9243,21.4771],[107.9294,21.4791],[107.9291,21.4805],[107.9302,21.4824],[107.9324,21.4834],[107.9378,21.4831],[107.9375,21.4797],[107.9393,21.4784],[107.9402,21.4805],[107.9378,21.4815],[107.9385,21.4839],[107.9347,21.4841],[107.9319,21.4866],[107.9339,21.4895],[107.9368,21.4915],[107.941,21.49],[107.9407,21.4916],[107.9375,21.4936],[107.9335,21.4936],[107.9343,21.4975],[107.9336,21.4993],[107.932,21.5008],[107.9327,21.5044],[107.9325,21.5068],[107.9337,21.5107],[107.9352,21.5131],[107.9352,21.5153],[107.9398,21.5188],[107.9418,21.5188],[107.942,21.5212],[107.9452,21.5252],[107.9487,21.5277],[107.9469,21.5294],[107.9484,21.5321],[107.951,21.533],[107.9522,21.5349],[107.9511,21.5368],[107.9527,21.5387],[107.9562,21.5365],[107.9605,21.5376],[107.9637,21.5371],[107.9655,21.5362]]]]},"properties":{"name":"Móng Cái 2","level":"ward"}},{"type":"Feature","geometry":{"type":"MultiPolygon","coordinates":[[[[107.9662,21.4921],[107.9651,21.495],[107.9653,21.4972],[107.9639,21.5006],[107.9647,21.5033],[107.9642,21.5059],[107.9665,21.5068],[107.9696,21.5059],[107.9703,21.5093],[107.9691,21.5123],[107.9669,21.5159],[107.963,21.5215],[107.9649,21.5257],[107.966,21.5295],[107.9665,21.5344],[107.9655,21.5362],[107.9681,21.5367],[107.97,21.5401],[107.9713,21.5408],[107.9747,21.5397],[107.9772,21.5412],[107.979,21.5448],[107.9857,21.5438],[107.993,21.5465],[107.9958,21.5464],[107.9994,21.5474],[108.0019,21.5475],[108.004,21.5485],[108.0081,21.5479],[108.0094,21.5465],[108.0152,21.547],[108.0186,21.5478],[108.0238,21.5485],[108.0349,21.5471],[108.0374,21.5442],[108.0418,21.542],[108.0476,21.5378],[108.0436,21.5364],[108.0382,21.5324],[108.0374,21.5315],[108.0357,21.525],[108.0376,21.5222],[108.0353,21.5209],[108.0321,21.518],[108.0306,21.5174],[108.0285,21.5184],[108.0269,21.5162],[108.018,21.517],[108.0153,21.5195],[108.0121,21.5203],[108.0112,21.5185],[108.0129,21.5178],[108.0133,21.5158],[108.0185,21.5119],[108.017,21.5102],[108.0182,21.5094],[108.0223,21.5084],[108.0252,21.5054],[108.0241,21.4992],[108.0138,21.4954],[108.0137,21.4933],[108.0148,21.492],[108.0114,21.4911],[108.0116,21.4893],[108.0157,21.4905],[108.0204,21.4892],[108.0204,21.4872],[108.0253,21.4864],[108.0286,21.4864],[108.0334,21.4878],[108.0421,21.493],[108.0433,21.493],[108.0469,21.495],[108.0521,21.4953],[108.0575,21.4948],[108.0626,21.4957],[108.0648,21.4957],[108.0692,21.4942],[108.0715,21.4916],[108.0725,21.4923],[108.0755,21.4899],[108.0786,21.4889],[108.081,21.4866],[108.0844,21.4863],[108.0858,21.487],[108.0889,21.4851],[108.0869,21.4836],[108.0778,21.4828],[108.0725,21.4822],[108.0684,21.4826],[108.0637,21.4845],[108.0544,21.4841],[108.0521,21.4843],[108.0411,21.4824],[108.031,21.4799],[108.0263,21.4784],[108.0197,21.4757],[108.0134,21.4725],[108.0075,21.469],[107.9969,21.4615],[107.9908,21.4556],[107.987,21.4512],[107.9838,21.4471],[107.9811,21.4429],[107.9782,21.4378],[107.977,21.4366],[107.9752,21.4382],[107.9732,21.4375],[107.9693,21.4334],[107.9673,21.4339],[107.9656,21.4357],[107.9668,21.4367],[107.9686,21.4412],[107.9675,21.442],[107.9683,21.4453],[107.9689,21.4492],[107.9725,21.4513],[107.9755,21.4547],[107.9771,21.4581],[107.9818,21.4622],[107.9862,21.4648],[107.9875,21.4694],[107.9874,21.472],[107.988,21.4732],[107.9879,21.4761],[107.9861,21.4769],[107.9831,21.4735],[107.9835,21.4716],[107.9826,21.4685],[107.978,21.4654],[107.9783,21.4704],[107.9771,21.4728],[107.977,21.4756],[107.9753,21.4792],[107.9726,21.4816],[107.9725,21.4837],[107.9747,21.486],[107.9733,21.4893],[107.9662,21.4921]]],[[[108.0916,21.4783],[108.0893,21.4784],[108.0914,21.4807],[108.0933,21.4802],[108.0916,21.4783]]],[[[108.0285,21.4967],[108.025,21.4948],[108.0232,21.4948],[108.0203,21.4973],[108.0271,21.4998],[108.0289,21.4977],[108.0285,21.4967]]],[[[108.0323,21.4985],[108.03,21.4989],[108.0291,21.5002],[108.0324,21.5011],[108.0349,21.5005],[108.0323,21.4985]]],[[[108.0363,21.5055],[108.0361,21.503],[108.0252,21.4999],[108.0246,21.5002],[108.0255,21.5051],[108.0238,21.5072],[108.0261,21.5073],[108.0276,21.5091],[108.0313,21.5097],[108.0346,21.5092],[108.0363,21.5055]]],[[[108.0244,21.5074],[108.0205,21.51],[108.0257,21.5089],[108.0244,21.5074]]],[[[108.054,21.5109],[108.0517,21.5097],[108.0511,21.5112],[108.054,21.5109]]],[[[108.0386,21.5116],[108.045,21.5094],[108.0451,21.5079],[108.0437,21.506],[108.0392,21.5035],[108.0379,21.5049],[108.0363,21.5106],[108.0386,21.5116]]],[[[108.0397,21.5166],[108.0375,21.5156],[108.0329,21.5151],[108.0286,21.5139],[108.0246,21.5141],[108.0206,21.5162],[108.0274,21.5157],[108.0283,21.5169],[108.0325,21.517],[108.0371,21.5195],[108.0397,21.5187],[108.0397,21.5166]]],[[[108.046,21.5344],[108.0478,21.5325],[108.0466,21.5305],[108.0441,21.5291],[108.0491,21.5278],[108.0466,21.5246],[108.0447,21.5246],[108.0414,21.5259],[108.0397,21.5279],[108.0384,21.5315],[108.0438,21.536],[108.046,21.5344]]]]},"properties":{"name":"Móng Cái 1","level":"ward"}},{"type":"Feature","geometry":{"type":"Polygon","coordinates":[[[107.9427,21.5634],[107.9414,21.5639],[107.9388,21.5664],[107.938,21.5683],[107.9353,21.5706],[107.9324,21.5714],[107.9295,21.5707],[107.9271,21.5711],[107.9235,21.5736],[107.9192,21.5738],[107.9182,21.5751],[107.9157,21.5764],[107.913,21.5794],[107.9103,21.5797],[107.9092,21.5819],[107.9053,21.5833],[107.9023,21.5818],[107.8989,21.5787],[107.8963,21.5794],[107.8921,21.5785],[107.8905,21.5762],[107.8874,21.5753],[107.8817,21.5767],[107.8788,21.5765],[107.8773,21.5772],[107.8747,21.5767],[107.8722,21.5788],[107.8706,21.5811],[107.8677,21.5841],[107.8641,21.5849],[107.8599,21.5835],[107.8587,21.5814],[107.8568,21.5819],[107.8548,21.5814],[107.8506,21.5821],[107.8491,21.5817],[107.8484,21.5828],[107.8445,21.5835],[107.8412,21.5825],[107.8387,21.5829],[107.8378,21.5821],[107.8344,21.582],[107.8324,21.5807],[107.8324,21.5769],[107.8308,21.5764],[107.8289,21.5733],[107.8289,21.5685],[107.8273,21.5627],[107.8279,21.5614],[107.8273,21.5567],[107.8254,21.5565],[107.8235,21.5552],[107.8223,21.5534],[107.8165,21.5534],[107.8145,21.5524],[107.811,21.5518],[107.8077,21.5528],[107.8066,21.5554],[107.8045,21.5565],[107.8018,21.562],[107.8003,21.5634],[107.796,21.5655],[107.7943,21.5692],[107.7917,21.5703],[107.7883,21.5733],[107.7869,21.5761],[107.7829,21.577],[107.7809,21.5752],[107.7761,21.5758],[107.7729,21.5751],[107.7695,21.5784],[107.7641,21.5763],[107.7599,21.575],[107.759,21.5731],[107.7558,21.5749],[107.756,21.5777],[107.7539,21.5767],[107.7508,21.5777],[107.7514,21.579],[107.7482,21.5797],[107.7461,21.5807],[107.7433,21.5799],[107.7375,21.5799],[107.7369,21.5789],[107.7334,21.5783],[107.7329,21.5848],[107.7352,21.5901],[107.7375,21.5916],[107.739,21.5935],[107.741,21.5946],[107.739,21.5975],[107.738,21.6007],[107.7409,21.6064],[107.7402,21.6087],[107.7409,21.6106],[107.7398,21.6129],[107.7385,21.6136],[107.7426,21.6178],[107.7421,21.6218],[107.7445,21.6245],[107.7466,21.626],[107.7479,21.6286],[107.7476,21.6299],[107.7493,21.6334],[107.7477,21.6389],[107.7489,21.6411],[107.7528,21.6431],[107.7548,21.6422],[107.7602,21.6424],[107.7647,21.6431],[107.7667,21.644],[107.7704,21.6447],[107.7718,21.6455],[107.7727,21.6479],[107.774,21.6484],[107.7789,21.6481],[107.7804,21.6488],[107.7801,21.6516],[107.7807,21.6536],[107.783,21.6553],[107.7877,21.6564],[107.7903,21.6546],[107.7922,21.6557],[107.7965,21.6538],[107.7986,21.6546],[107.801,21.6546],[107.8037,21.6558],[107.804,21.6581],[107.8111,21.6575],[107.8149,21.6586],[107.8214,21.6538],[107.825,21.654],[107.8278,21.6529],[107.8308,21.6497],[107.833,21.6443],[107.8343,21.6434],[107.8393,21.6431],[107.8406,21.6417],[107.8424,21.6413],[107.8452,21.6433],[107.8455,21.649],[107.8478,21.6502],[107.8525,21.6507],[107.8571,21.6552],[107.8602,21.6531],[107.86,21.6501],[107.8634,21.6489],[107.8676,21.6496],[107.8711,21.6477],[107.8718,21.6464],[107.8712,21.6425],[107.8729,21.6415],[107.8778,21.6403],[107.8788,21.636],[107.878,21.6318],[107.8796,21.6295],[107.8838,21.6292],[107.8883,21.626],[107.8885,21.6252],[107.8856,21.6211],[107.8866,21.6193],[107.8897,21.6183],[107.891,21.616],[107.8902,21.6144],[107.8884,21.613],[107.8838,21.6122],[107.8828,21.6109],[107.8843,21.607],[107.8854,21.6066],[107.8918,21.6067],[107.8933,21.6023],[107.8903,21.6],[107.8909,21.5981],[107.8929,21.5969],[107.896,21.5967],[107.8975,21.5957],[107.8995,21.593],[107.8991,21.5904],[107.8982,21.5897],[107.8998,21.5877],[107.9017,21.5867],[107.9031,21.5874],[107.9031,21.5904],[107.9054,21.5912],[107.9096,21.5883],[107.9123,21.5885],[107.9151,21.5861],[107.9225,21.5893],[107.9243,21.5894],[107.9251,21.5881],[107.9236,21.5861],[107.9283,21.5808],[107.9298,21.5772],[107.9355,21.5749],[107.9398,21.5722],[107.9428,21.5697],[107.9422,21.5655],[107.9427,21.5634]]]},"properties":{"name":"Hải Sơn","level":"ward"}},{"type":"Feature","geometry":{"type":"MultiPolygon","coordinates":[[[[107.7334,21.5783],[107.7369,21.5789],[107.7375,21.5799],[107.7433,21.5799],[107.7461,21.5807],[107.7482,21.5797],[107.7514,21.579],[107.7508,21.5777],[107.7539,21.5767],[107.756,21.5777],[107.7558,21.5749],[107.759,21.5731],[107.7599,21.575],[107.7641,21.5763],[107.7695,21.5784],[107.7729,21.5751],[107.7761,21.5758],[107.7809,21.5752],[107.7829,21.577],[107.7869,21.5761],[107.7883,21.5733],[107.7917,21.5703],[107.7943,21.5692],[107.796,21.5655],[107.8003,21.5634],[107.8018,21.562],[107.8045,21.5565],[107.8066,21.5554],[107.8077,21.5528],[107.811,21.5518],[107.8145,21.5524],[107.8165,21.5534],[107.8223,21.5534],[107.8235,21.5552],[107.8254,21.5565],[107.8273,21.5567],[107.8279,21.5614],[107.8273,21.5627],[107.8289,21.5685],[107.8289,21.5733],[107.8308,21.5764],[107.8324,21.5769],[107.8324,21.5807],[107.8344,21.582],[107.8378,21.5821],[107.8387,21.5829],[107.8412,21.5825],[107.8445,21.5835],[107.8484,21.5828],[107.8491,21.5817],[107.8495,21.575],[107.8485,21.5724],[107.8488,21.5695],[107.8458,21.5647],[107.8474,21.5634],[107.8476,21.5612],[107.8462,21.5592],[107.8468,21.5563],[107.8482,21.556],[107.8503,21.554],[107.8504,21.5522],[107.8527,21.5504],[107.8529,21.5477],[107.8542,21.5463],[107.8562,21.5458],[107.857,21.544],[107.8568,21.5414],[107.8578,21.5382],[107.8629,21.5347],[107.8646,21.5341],[107.8655,21.5327],[107.8645,21.5306],[107.8633,21.5302],[107.8609,21.5295],[107.8586,21.524],[107.8558,21.5245],[107.8537,21.5233],[107.853,21.5201],[107.851,21.5175],[107.85,21.514],[107.8486,21.5127],[107.849,21.5089],[107.8475,21.5076],[107.8488,21.5035],[107.8489,21.4996],[107.8477,21.497],[107.848,21.4943],[107.8471,21.4919],[107.8431,21.4911],[107.8406,21.4919],[107.8386,21.4948],[107.8364,21.4971],[107.8367,21.4981],[107.832,21.502],[107.8296,21.5027],[107.8291,21.5043],[107.8307,21.5059],[107.8294,21.5082],[107.8294,21.5114],[107.8313,21.5172],[107.833,21.5194],[107.8372,21.5209],[107.8381,21.5233],[107.8352,21.5273],[107.8343,21.5262],[107.8332,21.5224],[107.8296,21.5239],[107.8288,21.5195],[107.826,21.515],[107.8219,21.5147],[107.822,21.5165],[107.8236,21.5187],[107.822,21.521],[107.8209,21.5205],[107.8195,21.5179],[107.8199,21.5139],[107.8163,21.5136],[107.8174,21.5111],[107.8168,21.5103],[107.8137,21.5104],[107.8112,21.5094],[107.8085,21.507],[107.8071,21.505],[107.8056,21.5075],[107.8043,21.503],[107.8052,21.4984],[107.8036,21.4985],[107.8033,21.5018],[107.8015,21.5023],[107.8029,21.505],[107.8012,21.5056],[107.7998,21.5074],[107.7994,21.5098],[107.7971,21.5085],[107.7943,21.5114],[107.7896,21.5134],[107.7863,21.5109],[107.7863,21.5096],[107.7883,21.5057],[107.7849,21.5066],[107.7826,21.5066],[107.7804,21.508],[107.7791,21.5099],[107.777,21.5117],[107.7744,21.5129],[107.7703,21.5123],[107.7646,21.5093],[107.7629,21.509],[107.7611,21.5101],[107.7583,21.5092],[107.7567,21.5081],[107.7552,21.511],[107.7533,21.5152],[107.7536,21.517],[107.752,21.5182],[107.7532,21.5205],[107.7519,21.5238],[107.7512,21.528],[107.7501,21.5304],[107.7517,21.5349],[107.7496,21.538],[107.751,21.5393],[107.7505,21.5417],[107.7489,21.5431],[107.7492,21.5455],[107.7466,21.5457],[107.7466,21.5468],[107.7443,21.5474],[107.7432,21.5496],[107.7439,21.5513],[107.7421,21.5522],[107.7416,21.5535],[107.7378,21.5538],[107.7335,21.5566],[107.7349,21.5593],[107.7333,21.5638],[107.7342,21.5658],[107.7335,21.5692],[107.7338,21.5701],[107.7317,21.5736],[107.7332,21.5756],[107.7334,21.5783]]],[[[107.8058,21.495],[107.8046,21.4949],[107.8036,21.4971],[107.8053,21.4979],[107.8058,21.495]]],[[[107.8361,21.4957],[107.8386,21.4941],[107.8401,21.4918],[107.8433,21.4908],[107.8459,21.4905],[107.8437,21.4848],[107.8424,21.4826],[107.8406,21.4827],[107.8401,21.4789],[107.8369,21.4763],[107.8343,21.4772],[107.8332,21.4788],[107.8325,21.4822],[107.8345,21.4908],[107.8317,21.4926],[107.8299,21.4982],[107.8298,21.5007],[107.8319,21.5007],[107.8352,21.4985],[107.8361,21.4957]]],[[[107.8026,21.5005],[107.8027,21.499],[107.7985,21.499],[107.8021,21.5017],[107.8026,21.5005]]],[[[107.8198,21.51],[107.8204,21.5088],[107.8237,21.5067],[107.8221,21.5004],[107.8212,21.4989],[107.8209,21.4944],[107.8198,21.4899],[107.8198,21.4871],[107.8191,21.4844],[107.8164,21.4831],[107.8152,21.4844],[107.8121,21.4862],[107.8106,21.4879],[107.8119,21.4895],[107.8124,21.4922],[107.8105,21.4916],[107.8098,21.494],[107.8101,21.4963],[107.8096,21.4985],[107.8085,21.499],[107.808,21.5014],[107.8086,21.5049],[107.8113,21.5089],[107.8145,21.5102],[107.817,21.5099],[107.8181,21.5113],[107.8198,21.51]]],[[[107.7963,21.502],[107.7928,21.5057],[107.7895,21.5075],[107.788,21.5101],[107.7891,21.5122],[107.7913,21.5123],[107.7942,21.5104],[107.795,21.5078],[107.7968,21.5049],[107.7981,21.5039],[107.7963,21.502]]],[[[107.8232,21.5096],[107.8227,21.508],[107.8202,21.5103],[107.8197,21.5116],[107.8212,21.5126],[107.8228,21.5115],[107.8232,21.5096]]],[[[107.837,21.5227],[107.835,21.5224],[107.8346,21.5237],[107.836,21.5251],[107.837,21.5227]]]]},"properties":{"name":"Hải Ninh","level":"ward"}},{"type":"Feature","geometry":{"type":"MultiPolygon","coordinates":[[[[107.9527,21.5387],[107.9511,21.5368],[107.9522,21.5349],[107.951,21.533],[107.9484,21.5321],[107.9469,21.5294],[107.9487,21.5277],[107.9452,21.5252],[107.942,21.5212],[107.9418,21.5188],[107.9398,21.5188],[107.9352,21.5153],[107.9352,21.5131],[107.9337,21.5107],[107.9325,21.5068],[107.9327,21.5044],[107.932,21.5008],[107.9336,21.4993],[107.9318,21.4969],[107.9282,21.4945],[107.926,21.4898],[107.9223,21.4873],[107.916,21.487],[107.915,21.4879],[107.9153,21.4917],[107.912,21.4901],[107.9099,21.49],[107.9081,21.4926],[107.9092,21.4936],[107.9097,21.4965],[107.9077,21.4953],[107.9062,21.4964],[107.9078,21.4976],[107.9067,21.499],[107.9125,21.5021],[107.9163,21.5029],[107.9143,21.5058],[107.9103,21.5076],[107.9117,21.5111],[107.9148,21.5124],[107.9182,21.5172],[107.9177,21.5176],[107.914,21.5133],[107.9109,21.5129],[107.911,21.5146],[107.9138,21.5206],[107.9109,21.5194],[107.9083,21.5133],[107.907,21.5092],[107.9045,21.5067],[107.903,21.5082],[107.9024,21.5137],[107.9012,21.5164],[107.9002,21.5158],[107.8972,21.5176],[107.8969,21.5199],[107.8972,21.5234],[107.8962,21.5269],[107.8964,21.5284],[107.893,21.5297],[107.8921,21.5235],[107.8945,21.521],[107.894,21.5186],[107.8922,21.5155],[107.8929,21.5109],[107.8918,21.5087],[107.8878,21.5053],[107.8866,21.5049],[107.8829,21.5062],[107.8797,21.5055],[107.8776,21.5065],[107.8774,21.5044],[107.8794,21.5036],[107.8807,21.5007],[107.8806,21.499],[107.8783,21.4966],[107.8768,21.4962],[107.8755,21.4941],[107.8732,21.4936],[107.8717,21.4922],[107.8669,21.4937],[107.8659,21.4951],[107.8628,21.4968],[107.8599,21.4996],[107.8594,21.5016],[107.8602,21.5039],[107.858,21.5034],[107.8551,21.5094],[107.8541,21.514],[107.8551,21.5161],[107.8579,21.5167],[107.862,21.5157],[107.8612,21.5173],[107.8555,21.5192],[107.8546,21.5219],[107.8557,21.5235],[107.8585,21.5234],[107.8595,21.5244],[107.8609,21.5283],[107.8633,21.5302],[107.8645,21.5306],[107.8655,21.5327],[107.8646,21.5341],[107.8629,21.5347],[107.8578,21.5382],[107.8568,21.5414],[107.857,21.544],[107.8562,21.5458],[107.8542,21.5463],[107.8529,21.5477],[107.8527,21.5504],[107.8504,21.5522],[107.8503,21.554],[107.8482,21.556],[107.8468,21.5563],[107.8462,21.5592],[107.8476,21.5612],[107.8474,21.5634],[107.8458,21.5647],[107.8488,21.5695],[107.8485,21.5724],[107.8495,21.575],[107.8491,21.5817],[107.8506,21.5821],[107.8548,21.5814],[107.8568,21.5819],[107.8587,21.5814],[107.8599,21.5835],[107.8641,21.5849],[107.8677,21.5841],[107.8706,21.5811],[107.8722,21.5788],[107.8747,21.5767],[107.8773,21.5772],[107.8788,21.5765],[107.8817,21.5767],[107.8874,21.5753],[107.8905,21.5762],[107.8921,21.5785],[107.8963,21.5794],[107.8989,21.5787],[107.9023,21.5818],[107.9053,21.5833],[107.9092,21.5819],[107.9103,21.5797],[107.913,21.5794],[107.9157,21.5764],[107.9182,21.5751],[107.9192,21.5738],[107.9235,21.5736],[107.9271,21.5711],[107.9295,21.5707],[107.9324,21.5714],[107.9353,21.5706],[107.938,21.5683],[107.9388,21.5664],[107.9414,21.5639],[107.9427,21.5634],[107.945,21.5586],[107.9458,21.5559],[107.9497,21.5453],[107.9527,21.5387]]],[[[107.8825,21.5],[107.8817,21.5003],[107.8799,21.5041],[107.8833,21.504],[107.8837,21.5009],[107.8825,21.5]]],[[[107.9135,21.5039],[107.9125,21.5024],[107.9103,21.5025],[107.9099,21.5037],[107.9116,21.5058],[107.9135,21.5039]]],[[[107.9002,21.5112],[107.8967,21.5155],[107.8996,21.5152],[107.9004,21.5135],[107.9002,21.5112]]],[[[107.8945,21.5228],[107.8925,21.5243],[107.8924,21.5255],[107.8945,21.5263],[107.8945,21.5228]]]]},"properties":{"name":"Móng Cái 3","level":"ward"}},{"type":"Feature","geometry":{"type":"MultiPolygon","coordinates":[[[[107.8525,21.3539],[107.8495,21.3543],[107.8493,21.3573],[107.8514,21.3576],[107.8526,21.3567],[107.8525,21.3539]]],[[[107.8584,21.3601],[107.8568,21.3587],[107.8549,21.3596],[107.8563,21.3625],[107.8582,21.3625],[107.8584,21.3601]]],[[[107.8718,21.3635],[107.8688,21.3648],[107.8692,21.3662],[107.8736,21.3664],[107.8736,21.3649],[107.8718,21.3635]]],[[[107.9962,21.3975],[107.9994,21.3968],[108.0032,21.3977],[108.0038,21.3956],[107.9999,21.3948],[107.999,21.3931],[107.9987,21.3902],[107.9958,21.3897],[107.9942,21.3909],[107.9916,21.3912],[107.9861,21.3885],[107.9846,21.3872],[107.9811,21.3858],[107.9769,21.3828],[107.9753,21.3809],[107.9711,21.3809],[107.969,21.3799],[107.9632,21.3755],[107.9585,21.3712],[107.9558,21.3681],[107.9527,21.3636],[107.951,21.3593],[107.9492,21.3577],[107.9451,21.3562],[107.9417,21.356],[107.9361,21.357],[107.9301,21.3592],[107.9291,21.3618],[107.9274,21.3626],[107.9216,21.3622],[107.9172,21.361],[107.9109,21.3579],[107.9089,21.3577],[107.9061,21.3602],[107.9043,21.3606],[107.9008,21.3603],[107.8985,21.3593],[107.891,21.3593],[107.882,21.3578],[107.8728,21.3546],[107.8631,21.3499],[107.8565,21.3462],[107.8521,21.3425],[107.8481,21.3401],[107.8464,21.3396],[107.8445,21.3404],[107.8423,21.3449],[107.8451,21.3514],[107.8485,21.3527],[107.8492,21.3517],[107.8461,21.3496],[107.846,21.3475],[107.8489,21.3475],[107.8537,21.3499],[107.8558,21.3497],[107.858,21.3508],[107.8654,21.3559],[107.8661,21.3527],[107.8707,21.3551],[107.8775,21.3578],[107.8761,21.3588],[107.8691,21.3588],[107.8683,21.3602],[107.8767,21.3624],[107.879,21.3664],[107.8807,21.3673],[107.883,21.3674],[107.8888,21.3659],[107.8906,21.3683],[107.8903,21.3707],[107.8891,21.3725],[107.8849,21.3743],[107.8828,21.373],[107.8793,21.3725],[107.8792,21.374],[107.8751,21.3729],[107.8715,21.3731],[107.8699,21.371],[107.8686,21.374],[107.8663,21.3717],[107.8667,21.3701],[107.8637,21.3702],[107.8591,21.3686],[107.8571,21.3716],[107.8557,21.3726],[107.853,21.3733],[107.8482,21.3711],[107.8453,21.3702],[107.8431,21.3673],[107.8416,21.3662],[107.8362,21.3644],[107.8355,21.3659],[107.8317,21.3649],[107.8294,21.3652],[107.8382,21.369],[107.8398,21.3719],[107.8453,21.3741],[107.8461,21.3726],[107.8484,21.3733],[107.8497,21.3749],[107.856,21.3766],[107.8575,21.3778],[107.8622,21.3787],[107.8639,21.3794],[107.8676,21.3779],[107.8732,21.3794],[107.8779,21.3801],[107.8789,21.3814],[107.874,21.3811],[107.8738,21.382],[107.8788,21.3824],[107.8822,21.3823],[107.8878,21.3833],[107.8904,21.3826],[107.8927,21.3798],[107.8957,21.3814],[107.8993,21.3815],[107.8982,21.3791],[107.9017,21.3793],[107.9082,21.3784],[107.9118,21.3793],[107.914,21.3784],[107.9164,21.3806],[107.9092,21.3796],[107.9071,21.3797],[107.9079,21.3822],[107.9158,21.3831],[107.92,21.3845],[107.939,21.3912],[107.9442,21.3923],[107.9522,21.3934],[107.9582,21.3953],[107.9619,21.396],[107.9744,21.3972],[107.9847,21.3974],[107.991,21.3973],[107.9943,21.398],[107.9962,21.3975]]]]},"properties":{"name":"Vĩnh Thực","level":"ward"}},{"type":"Feature","geometry":{"type":"Polygon","coordinates":[[[107.3234,21.1721],[107.324,21.1686],[107.3239,21.1664],[107.3246,21.1633],[107.3261,21.1621],[107.3238,21.1588],[107.3248,21.1568],[107.323,21.1543],[107.3232,21.1516],[107.3215,21.1507],[107.3194,21.1434],[107.3198,21.1398],[107.3195,21.1366],[107.316,21.1316],[107.3147,21.1304],[107.3121,21.1254],[107.3138,21.1233],[107.3122,21.1183],[107.3121,21.1155],[107.3139,21.1126],[107.3217,21.1106],[107.3253,21.1061],[107.3268,21.1024],[107.3284,21.1001],[107.3308,21.0989],[107.3321,21.0962],[107.3358,21.0969],[107.3379,21.0992],[107.3418,21.0994],[107.3443,21.0978],[107.3458,21.0958],[107.3477,21.0953],[107.3486,21.0939],[107.3515,21.093],[107.3503,21.0906],[107.35,21.0856],[107.3516,21.085],[107.3544,21.0867],[107.3586,21.0869],[107.3621,21.0849],[107.3648,21.0844],[107.3668,21.0831],[107.3693,21.0828],[107.3709,21.0807],[107.3683,21.0793],[107.3655,21.0752],[107.3665,21.0712],[107.3678,21.0684],[107.3706,21.0603],[107.3666,21.0617],[107.3609,21.0623],[107.3549,21.0585],[107.3545,21.0558],[107.3525,21.0538],[107.3506,21.0542],[107.3505,21.0515],[107.3489,21.0459],[107.3451,21.0462],[107.344,21.0449],[107.3362,21.0434],[107.3353,21.0408],[107.3297,21.0414],[107.3274,21.0449],[107.3176,21.0468],[107.3159,21.0456],[107.3121,21.046],[107.3073,21.0471],[107.3059,21.0484],[107.3027,21.0495],[107.3018,21.0484],[107.299,21.0477],[107.2958,21.0424],[107.2832,21.0413],[107.2803,21.0391],[107.2766,21.0381],[107.2738,21.0353],[107.2787,21.0239],[107.2756,21.0229],[107.272,21.0206],[107.2689,21.0213],[107.2677,21.0226],[107.2659,21.0222],[107.2644,21.0252],[107.2554,21.0236],[107.2512,21.0221],[107.2491,21.0204],[107.2437,21.0189],[107.2476,21.0288],[107.2458,21.0332],[107.2334,21.0343],[107.2213,21.0296],[107.2084,21.0344],[107.2005,21.0341],[107.1973,21.0332],[107.1998,21.0348],[107.201,21.039],[107.2029,21.0414],[107.202,21.0447],[107.2029,21.0459],[107.2068,21.0468],[107.2068,21.0501],[107.2078,21.0511],[107.2081,21.054],[107.2069,21.0552],[107.204,21.0565],[107.2051,21.0582],[107.2041,21.061],[107.2069,21.0627],[107.2068,21.0646],[107.2089,21.0653],[107.2087,21.0671],[107.213,21.0686],[107.2138,21.0713],[107.2134,21.0737],[107.2161,21.0769],[107.2182,21.0851],[107.2226,21.0865],[107.2263,21.0862],[107.2284,21.0873],[107.2283,21.0922],[107.2304,21.093],[107.2315,21.0945],[107.2342,21.0942],[107.2376,21.0947],[107.2402,21.0944],[107.2437,21.0922],[107.2479,21.094],[107.2493,21.0959],[107.2517,21.0955],[107.2536,21.0963],[107.2562,21.0946],[107.2616,21.0949],[107.2625,21.0958],[107.265,21.0958],[107.2653,21.0982],[107.2679,21.1001],[107.268,21.1024],[107.2702,21.1052],[107.2681,21.107],[107.2656,21.1076],[107.2627,21.1097],[107.2602,21.1105],[107.2611,21.1122],[107.2583,21.1149],[107.2569,21.1152],[107.254,21.1141],[107.2513,21.1153],[107.2497,21.1168],[107.2487,21.1194],[107.2473,21.12],[107.2475,21.1219],[107.2449,21.1233],[107.2435,21.1257],[107.2418,21.1264],[107.2417,21.1301],[107.2426,21.1358],[107.2436,21.1387],[107.2421,21.141],[107.2389,21.1416],[107.2365,21.1413],[107.2333,21.1424],[107.2327,21.1443],[107.2336,21.1486],[107.2336,21.1511],[107.2347,21.1538],[107.2374,21.1558],[107.238,21.158],[107.2397,21.1605],[107.242,21.1618],[107.2454,21.1617],[107.2485,21.1649],[107.2519,21.1666],[107.2544,21.1668],[107.2573,21.1685],[107.2592,21.1685],[107.2601,21.1707],[107.2614,21.1705],[107.2667,21.1719],[107.2706,21.1745],[107.2726,21.1767],[107.2757,21.1785],[107.281,21.1799],[107.2865,21.1772],[107.2892,21.1786],[107.2923,21.1791],[107.2937,21.182],[107.3013,21.1863],[107.3038,21.1861],[107.3083,21.1829],[107.3096,21.1809],[107.3125,21.1789],[107.3147,21.178],[107.3169,21.1762],[107.3187,21.1724],[107.3221,21.1726],[107.3234,21.1721]]]},"properties":{"name":"Mông Dương","level":"ward"}},{"type":"Feature","geometry":{"type":"MultiPolygon","coordinates":[[[[107.1934,20.9474],[107.1915,20.9486],[107.1855,20.9549],[107.169,20.9655],[107.1702,20.9676],[107.1702,20.9766],[107.1777,20.9982],[107.1761,21.0001],[107.1757,21.0033],[107.1738,21.0089],[107.1731,21.0127],[107.1739,21.0173],[107.1727,21.0191],[107.1759,21.0247],[107.177,21.0241],[107.1784,21.0267],[107.1824,21.0285],[107.1842,21.0278],[107.1843,21.0255],[107.1878,21.0267],[107.1887,21.028],[107.1887,21.0307],[107.1932,21.0332],[107.196,21.0326],[107.1973,21.0332],[107.2005,21.0341],[107.2084,21.0344],[107.2213,21.0296],[107.2334,21.0343],[107.2458,21.0332],[107.2476,21.0288],[107.2437,21.0189],[107.2491,21.0204],[107.2512,21.0221],[107.2554,21.0236],[107.2644,21.0252],[107.2659,21.0222],[107.2677,21.0226],[107.2689,21.0213],[107.272,21.0206],[107.2712,21.0163],[107.2698,21.0136],[107.2684,21.0121],[107.2689,21.0103],[107.2681,21.0086],[107.2666,21.0086],[107.2657,21.0005],[107.2663,20.9964],[107.2628,20.9968],[107.2624,20.9959],[107.2596,20.9962],[107.2592,20.9971],[107.25,20.997],[107.2514,20.993],[107.2481,20.992],[107.2462,20.9928],[107.2426,20.992],[107.2423,20.993],[107.2395,20.9924],[107.2413,20.9905],[107.2415,20.987],[107.2439,20.9843],[107.2435,20.9829],[107.2415,20.9825],[107.2391,20.986],[107.2327,20.9916],[107.2329,20.9892],[107.2354,20.9882],[107.2376,20.9851],[107.2347,20.9829],[107.2326,20.9851],[107.2327,20.9881],[107.2298,20.9891],[107.2235,20.9883],[107.2218,20.9863],[107.2257,20.985],[107.2296,20.9859],[107.2295,20.9828],[107.2282,20.9822],[107.2281,20.9792],[107.2255,20.9815],[107.2244,20.9785],[107.2248,20.9759],[107.2231,20.9761],[107.2219,20.9742],[107.2181,20.974],[107.2176,20.9719],[107.2143,20.9702],[107.213,20.9674],[107.2085,20.9646],[107.2066,20.964],[107.2036,20.9641],[107.203,20.9623],[107.2016,20.9615],[107.2017,20.9587],[107.201,20.9547],[107.1985,20.9536],[107.1967,20.9494],[107.1952,20.9475],[107.1934,20.9474]]],[[[107.2446,20.951],[107.2435,20.9501],[107.2416,20.9511],[107.242,20.9525],[107.2446,20.951]]],[[[107.2152,20.9527],[107.2167,20.9525],[107.2165,20.9502],[107.2125,20.9513],[107.2152,20.9527]]],[[[107.216,20.9653],[107.2177,20.9659],[107.2197,20.9651],[107.2175,20.9621],[107.2195,20.9609],[107.2165,20.9596],[107.2146,20.9615],[107.2135,20.961],[107.2124,20.9584],[107.215,20.9579],[107.2143,20.9563],[107.2123,20.9557],[107.2122,20.9523],[107.209,20.9527],[107.2087,20.9501],[107.206,20.9491],[107.2048,20.9534],[107.2051,20.9559],[107.2062,20.9569],[107.2066,20.9597],[107.2083,20.96],[107.2088,20.9628],[107.2105,20.9654],[107.2122,20.9641],[107.2137,20.9645],[107.2143,20.9667],[107.216,20.9653]]],[[[107.2296,20.9746],[107.2325,20.973],[107.2309,20.9704],[107.2243,20.9718],[107.2267,20.9747],[107.2296,20.9746]]],[[[107.2519,20.9841],[107.2545,20.9849],[107.2564,20.9821],[107.2511,20.9828],[107.25,20.982],[107.2478,20.9838],[107.2467,20.9866],[107.2481,20.9874],[107.2492,20.9858],[107.2519,20.9841]]]]},"properties":{"name":"Quang Hanh","level":"ward"}},{"type":"Feature","geometry":{"type":"MultiPolygon","coordinates":[[[[107.3018,21.0484],[107.3027,21.0495],[107.3059,21.0484],[107.3073,21.0471],[107.3121,21.046],[107.3159,21.0456],[107.3176,21.0468],[107.3274,21.0449],[107.3297,21.0414],[107.3353,21.0408],[107.3362,21.0434],[107.344,21.0449],[107.3451,21.0462],[107.3489,21.0459],[107.3505,21.0515],[107.3506,21.0542],[107.3525,21.0538],[107.3545,21.0558],[107.3549,21.0585],[107.3609,21.0623],[107.3666,21.0617],[107.3706,21.0603],[107.3715,21.0568],[107.3714,21.0544],[107.3694,21.047],[107.3683,21.0393],[107.3688,21.0366],[107.3725,21.0314],[107.3709,21.0304],[107.3724,21.0266],[107.3699,21.0219],[107.3657,21.0171],[107.3685,21.0148],[107.3636,21.0086],[107.3615,21.0086],[107.3579,21.0042],[107.3577,21.0025],[107.3564,21.0012],[107.3535,21.0003],[107.3534,20.999],[107.3501,20.9978],[107.3482,20.996],[107.3438,20.9947],[107.3413,20.9946],[107.3417,20.9919],[107.34,20.9908],[107.3402,20.9893],[107.3377,20.9887],[107.3368,20.9923],[107.3357,20.9919],[107.3307,20.9918],[107.3306,20.9905],[107.3217,20.9912],[107.3206,20.9919],[107.3133,20.9938],[107.3086,20.9944],[107.3034,20.9979],[107.3,20.9979],[107.2995,20.9959],[107.2977,20.9969],[107.2975,20.9996],[107.2992,21.0089],[107.2999,21.0109],[107.3026,21.0117],[107.3034,21.0174],[107.3107,21.0326],[107.3037,21.0353],[107.3058,21.0449],[107.3018,21.0484]]],[[[107.3448,20.9863],[107.3456,20.9885],[107.3477,20.9876],[107.3448,20.9863]]],[[[107.342,20.9883],[107.3409,20.9901],[107.344,20.9918],[107.342,20.9883]]],[[[107.3088,20.9915],[107.3093,20.9899],[107.3062,20.9904],[107.3055,20.9914],[107.3075,20.9928],[107.3088,20.9915]]],[[[107.352,20.995],[107.3531,20.9931],[107.3511,20.9921],[107.3498,20.9925],[107.352,20.995]]]]},"properties":{"name":"Cửa Ông","level":"ward"}},{"type":"Feature","geometry":{"type":"MultiPolygon","coordinates":[[[[107.272,21.0206],[107.2756,21.0229],[107.2787,21.0239],[107.2738,21.0353],[107.2766,21.0381],[107.2803,21.0391],[107.2832,21.0413],[107.2958,21.0424],[107.299,21.0477],[107.3018,21.0484],[107.3058,21.0449],[107.3037,21.0353],[107.3107,21.0326],[107.3034,21.0174],[107.3026,21.0117],[107.2999,21.0109],[107.2992,21.0089],[107.2975,20.9996],[107.2977,20.9969],[107.2971,20.996],[107.3024,20.9958],[107.3041,20.9947],[107.3038,20.9928],[107.3023,20.9909],[107.2974,20.9922],[107.2941,20.9914],[107.293,20.9926],[107.2941,20.9947],[107.2943,20.9969],[107.2748,20.9958],[107.2663,20.9964],[107.2657,21.0005],[107.2666,21.0086],[107.2681,21.0086],[107.2689,21.0103],[107.2684,21.0121],[107.2698,21.0136],[107.2712,21.0163],[107.272,21.0206]]],[[[107.2749,20.9392],[107.2781,20.9374],[107.2776,20.9366],[107.2745,20.9376],[107.2749,20.9392]]],[[[107.2892,20.9386],[107.2904,20.9392],[107.2919,20.9379],[107.291,20.9367],[107.2874,20.9358],[107.2875,20.9384],[107.2844,20.9397],[107.2843,20.9419],[107.2892,20.9386]]],[[[107.2924,20.9436],[107.2953,20.9433],[107.2944,20.9405],[107.2927,20.9394],[107.292,20.9417],[107.2899,20.942],[107.2898,20.9454],[107.2924,20.9436]]],[[[107.3039,20.9494],[107.3027,20.9512],[107.3035,20.953],[107.3061,20.9536],[107.3076,20.9518],[107.3054,20.9514],[107.3039,20.9494]]],[[[107.3103,20.9515],[107.3089,20.9525],[107.3085,20.9548],[107.3105,20.9542],[107.3103,20.9515]]],[[[107.3004,20.9563],[107.3004,20.9539],[107.2973,20.9557],[107.2992,20.958],[107.3004,20.9563]]],[[[107.3053,20.963],[107.3074,20.9632],[107.3095,20.9649],[107.312,20.9641],[107.313,20.9607],[107.3142,20.9583],[107.3128,20.9572],[107.3107,20.9585],[107.3091,20.958],[107.3074,20.9592],[107.3062,20.958],[107.3044,20.9611],[107.3041,20.9626],[107.301,20.9641],[107.3013,20.9661],[107.3026,20.9678],[107.3065,20.9709],[107.3093,20.9686],[107.3098,20.9666],[107.3053,20.963]]],[[[107.3257,20.9735],[107.3238,20.9712],[107.323,20.9735],[107.3257,20.9735]]],[[[107.2736,20.9757],[107.2724,20.979],[107.2741,20.9785],[107.2746,20.9761],[107.2736,20.9757]]],[[[107.2847,20.978],[107.2856,20.9767],[107.2823,20.9759],[107.2834,20.9797],[107.2847,20.978]]],[[[107.2964,20.9791],[107.293,20.9783],[107.2903,20.9797],[107.2932,20.9806],[107.2955,20.9806],[107.2964,20.9791]]],[[[107.267,20.9804],[107.2684,20.9823],[107.2707,20.9821],[107.2699,20.9797],[107.2675,20.9794],[107.267,20.9804]]],[[[107.3218,20.9818],[107.3226,20.98],[107.3201,20.9798],[107.318,20.9814],[107.3185,20.9827],[107.3204,20.9828],[107.3218,20.9818]]],[[[107.2798,20.9857],[107.2765,20.9853],[107.2755,20.9836],[107.274,20.9855],[107.2761,20.9869],[107.2784,20.9871],[107.2798,20.9857]]],[[[107.2835,20.99],[107.2852,20.9903],[107.2872,20.9864],[107.2902,20.9865],[107.2917,20.9876],[107.2922,20.9896],[107.2947,20.9881],[107.2975,20.9878],[107.2952,20.986],[107.2907,20.9837],[107.2889,20.9822],[107.2865,20.9827],[107.2847,20.9842],[107.2857,20.9865],[107.2835,20.99]]]]},"properties":{"name":"Cẩm Phả","level":"ward"}},{"type":"Feature","geometry":{"type":"Polygon","coordinates":[[[107.3709,21.0807],[107.3693,21.0828],[107.3668,21.0831],[107.3648,21.0844],[107.3621,21.0849],[107.3586,21.0869],[107.3544,21.0867],[107.3516,21.085],[107.35,21.0856],[107.3503,21.0906],[107.3515,21.093],[107.3486,21.0939],[107.3477,21.0953],[107.3458,21.0958],[107.3443,21.0978],[107.3418,21.0994],[107.3379,21.0992],[107.3358,21.0969],[107.3321,21.0962],[107.3308,21.0989],[107.3284,21.1001],[107.3268,21.1024],[107.3253,21.1061],[107.3217,21.1106],[107.3139,21.1126],[107.3121,21.1155],[107.3122,21.1183],[107.3138,21.1233],[107.3121,21.1254],[107.3147,21.1304],[107.316,21.1316],[107.3195,21.1366],[107.3198,21.1398],[107.3194,21.1434],[107.3215,21.1507],[107.3232,21.1516],[107.323,21.1543],[107.3248,21.1568],[107.3238,21.1588],[107.3261,21.1621],[107.3246,21.1633],[107.3239,21.1664],[107.324,21.1686],[107.3234,21.1721],[107.329,21.1761],[107.3327,21.1747],[107.3343,21.1752],[107.3367,21.1775],[107.337,21.1814],[107.3343,21.1863],[107.3349,21.1891],[107.339,21.1926],[107.3393,21.1938],[107.3413,21.1943],[107.3434,21.1973],[107.3437,21.1992],[107.3488,21.2021],[107.3495,21.2036],[107.3488,21.2064],[107.3507,21.2113],[107.3529,21.2116],[107.3525,21.2133],[107.3541,21.2164],[107.3578,21.22],[107.3664,21.2218],[107.3666,21.2183],[107.3652,21.2158],[107.3673,21.2151],[107.3712,21.2149],[107.3682,21.2087],[107.3669,21.2016],[107.3657,21.1924],[107.369,21.1868],[107.3707,21.1848],[107.3762,21.1837],[107.3812,21.1824],[107.3864,21.1824],[107.3874,21.1816],[107.3921,21.1826],[107.3957,21.1844],[107.3972,21.1843],[107.3983,21.1827],[107.4009,21.1838],[107.4037,21.1843],[107.4088,21.1827],[107.4122,21.1828],[107.4122,21.167],[107.4107,21.1621],[107.4103,21.1571],[107.4104,21.1542],[107.4112,21.1515],[107.4143,21.1476],[107.4168,21.1413],[107.4168,21.1395],[107.4156,21.1369],[107.4141,21.1354],[107.4076,21.1299],[107.4006,21.1237],[107.395,21.12],[107.3927,21.1166],[107.391,21.1155],[107.3889,21.1112],[107.3863,21.1045],[107.3823,21.0982],[107.3792,21.0945],[107.3754,21.0915],[107.3781,21.0895],[107.3801,21.0871],[107.3801,21.0857],[107.3784,21.0843],[107.3709,21.0807]]]},"properties":{"name":"Hải Hoà","level":"ward"}},{"type":"Feature","geometry":{"type":"Polygon","coordinates":[[[106.7713,21.0807],[106.7764,21.0767],[106.7795,21.0754],[106.7813,21.076],[106.7765,21.0507],[106.7757,21.0465],[106.7771,21.043],[106.7787,21.0426],[106.7794,21.0441],[106.7813,21.0437],[106.7839,21.0376],[106.7859,21.0366],[106.7849,21.0348],[106.7849,21.0316],[106.7866,21.026],[106.7876,21.0251],[106.7896,21.0265],[106.792,21.0246],[106.7947,21.0231],[106.7958,21.0195],[106.7983,21.0185],[106.7998,21.0168],[106.7975,21.0111],[106.7974,21.0095],[106.7989,21.0068],[106.7995,21.0044],[106.7987,21.0019],[106.793,20.9977],[106.7927,20.9959],[106.7943,20.9916],[106.7944,20.9871],[106.7904,20.9821],[106.7877,20.9799],[106.7821,20.9778],[106.7761,20.977],[106.774,20.9761],[106.7685,20.9713],[106.7675,20.9769],[106.7662,20.9796],[106.7632,20.9844],[106.7589,20.9891],[106.7514,20.9939],[106.7477,20.9958],[106.744,20.9972],[106.7404,20.998],[106.7299,20.9982],[106.7326,21.0006],[106.7347,21.0015],[106.7342,21.0041],[106.7356,21.007],[106.7368,21.0155],[106.735,21.0189],[106.7359,21.0225],[106.7381,21.025],[106.7402,21.0259],[106.7411,21.0297],[106.7401,21.0349],[106.7402,21.0375],[106.741,21.0391],[106.7434,21.0399],[106.7437,21.0409],[106.7463,21.0415],[106.7468,21.0444],[106.746,21.0458],[106.7441,21.0467],[106.7442,21.0517],[106.7446,21.0525],[106.7477,21.0535],[106.7473,21.055],[106.7447,21.0585],[106.7459,21.059],[106.747,21.0617],[106.7469,21.0632],[106.7496,21.0648],[106.7474,21.069],[106.7473,21.0709],[106.7449,21.0714],[106.7456,21.0734],[106.7444,21.0747],[106.7416,21.0756],[106.7432,21.077],[106.7433,21.0786],[106.7422,21.0801],[106.744,21.0829],[106.7461,21.0814],[106.747,21.08],[106.7523,21.0771],[106.7549,21.0765],[106.7632,21.0782],[106.7657,21.0776],[106.7713,21.0807]]]},"properties":{"name":"Uông Bí","level":"ward"}},{"type":"Feature","geometry":{"type":"Polygon","coordinates":[[[106.7998,21.0168],[106.7983,21.0185],[106.7958,21.0195],[106.7947,21.0231],[106.792,21.0246],[106.7896,21.0265],[106.7876,21.0251],[106.7866,21.026],[106.7849,21.0316],[106.7849,21.0348],[106.7859,21.0366],[106.7839,21.0376],[106.7813,21.0437],[106.7794,21.0441],[106.7787,21.0426],[106.7771,21.043],[106.7757,21.0465],[106.7765,21.0507],[106.7813,21.076],[106.7795,21.0754],[106.7764,21.0767],[106.7713,21.0807],[106.7722,21.0839],[106.783,21.0929],[106.7842,21.0957],[106.7868,21.0972],[106.7843,21.0985],[106.7836,21.101],[106.7835,21.1049],[106.787,21.1051],[106.7889,21.1081],[106.7885,21.1099],[106.7846,21.1133],[106.7845,21.1166],[106.783,21.1208],[106.7773,21.1218],[106.7766,21.1255],[106.7758,21.1267],[106.773,21.1287],[106.7725,21.1311],[106.7725,21.1365],[106.7692,21.1526],[106.774,21.1519],[106.7785,21.1519],[106.7824,21.1511],[106.7847,21.1515],[106.7916,21.1493],[106.7944,21.1491],[106.7973,21.1503],[106.8045,21.1547],[106.8081,21.1549],[106.8123,21.154],[106.8153,21.1548],[106.8193,21.1566],[106.8238,21.1549],[106.8283,21.1544],[106.8321,21.1526],[106.8335,21.1529],[106.8349,21.1508],[106.8395,21.1487],[106.8406,21.1446],[106.8408,21.1386],[106.8425,21.1383],[106.8442,21.136],[106.844,21.134],[106.8447,21.131],[106.8461,21.1284],[106.8438,21.125],[106.8425,21.1196],[106.8408,21.1167],[106.8438,21.1133],[106.8386,21.1122],[106.8365,21.1114],[106.8333,21.1094],[106.8352,21.0985],[106.839,21.0958],[106.84,21.0937],[106.8382,21.0918],[106.8362,21.0907],[106.8357,21.0888],[106.8359,21.0851],[106.835,21.0833],[106.8326,21.0818],[106.8319,21.0799],[106.8298,21.0779],[106.83,21.0761],[106.8288,21.0747],[106.8313,21.0715],[106.8341,21.0708],[106.8366,21.0684],[106.839,21.0679],[106.8413,21.0665],[106.8438,21.0612],[106.8464,21.0602],[106.849,21.0582],[106.847,21.0563],[106.8466,21.0532],[106.8446,21.0514],[106.8432,21.0512],[106.8429,21.0479],[106.8446,21.0442],[106.8448,21.0423],[106.8439,21.0366],[106.8446,21.0357],[106.8395,21.0345],[106.8368,21.0312],[106.8344,21.0257],[106.8341,21.0229],[106.8329,21.0201],[106.8311,21.019],[106.8299,21.0143],[106.8282,21.0152],[106.8269,21.0141],[106.8235,21.0125],[106.8217,21.0135],[106.8195,21.0114],[106.8154,21.0136],[106.8132,21.0123],[106.8094,21.0127],[106.8071,21.0143],[106.8035,21.0152],[106.8026,21.0166],[106.7998,21.0168]]]},"properties":{"name":"Vàng Danh","level":"ward"}},{"type":"Feature","geometry":{"type":"Polygon","coordinates":[[[106.7713,21.0807],[106.7657,21.0776],[106.7632,21.0782],[106.7549,21.0765],[106.7523,21.0771],[106.747,21.08],[106.7461,21.0814],[106.744,21.0829],[106.7422,21.0801],[106.7433,21.0786],[106.7432,21.077],[106.7416,21.0756],[106.7444,21.0747],[106.7456,21.0734],[106.7449,21.0714],[106.7473,21.0709],[106.7474,21.069],[106.7496,21.0648],[106.7469,21.0632],[106.747,21.0617],[106.7459,21.059],[106.7447,21.0585],[106.7473,21.055],[106.7477,21.0535],[106.7446,21.0525],[106.7442,21.0517],[106.7441,21.0467],[106.746,21.0458],[106.7468,21.0444],[106.7463,21.0415],[106.7437,21.0409],[106.7434,21.0399],[106.741,21.0391],[106.7402,21.0375],[106.7401,21.0349],[106.7411,21.0297],[106.7402,21.0259],[106.7381,21.025],[106.7359,21.0225],[106.735,21.0189],[106.7368,21.0155],[106.7356,21.007],[106.7342,21.0041],[106.7347,21.0015],[106.7326,21.0006],[106.7299,20.9982],[106.7256,20.9968],[106.7216,20.9971],[106.7067,20.9997],[106.7009,21.0013],[106.6934,21.0036],[106.6861,21.0054],[106.6766,21.0101],[106.6565,21.0178],[106.6567,21.0195],[106.6583,21.0234],[106.6593,21.0243],[106.6627,21.0248],[106.6646,21.0257],[106.666,21.0245],[106.6679,21.0242],[106.6699,21.0251],[106.6741,21.024],[106.6738,21.0265],[106.6751,21.0286],[106.6747,21.0296],[106.6758,21.033],[106.678,21.0322],[106.6804,21.0324],[106.682,21.0339],[106.6812,21.0361],[106.6844,21.0359],[106.6852,21.0347],[106.6882,21.0351],[106.6898,21.0338],[106.6928,21.0328],[106.6942,21.0311],[106.7013,21.0312],[106.7053,21.0352],[106.7073,21.035],[106.7097,21.038],[106.7072,21.0427],[106.7074,21.0457],[106.7052,21.0478],[106.7071,21.0508],[106.7078,21.0544],[106.7041,21.0558],[106.7052,21.0602],[106.7071,21.062],[106.7101,21.0608],[106.7109,21.0627],[106.7099,21.0658],[106.71,21.0679],[106.7122,21.0691],[106.7131,21.0755],[106.7125,21.0777],[106.7163,21.0769],[106.7156,21.0808],[106.7185,21.0841],[106.7155,21.0858],[106.7102,21.0898],[106.7085,21.0904],[106.7075,21.09],[106.7055,21.0919],[106.7069,21.0937],[106.7057,21.0956],[106.7021,21.0978],[106.6994,21.1033],[106.7,21.1052],[106.6975,21.1062],[106.6968,21.1044],[106.6934,21.1052],[106.6937,21.107],[106.6937,21.1143],[106.6933,21.1161],[106.6942,21.1175],[106.6901,21.1179],[106.6926,21.1224],[106.6959,21.1261],[106.695,21.1282],[106.6978,21.1301],[106.6975,21.1326],[106.7008,21.1332],[106.6998,21.1365],[106.7004,21.1387],[106.7001,21.1416],[106.7029,21.144],[106.7028,21.1449],[106.7053,21.1497],[106.708,21.1649],[106.7069,21.1682],[106.7085,21.1661],[106.7125,21.1624],[106.7148,21.1608],[106.7178,21.1619],[106.7205,21.1608],[106.7215,21.1595],[106.7242,21.1591],[106.7284,21.1601],[106.7308,21.1611],[106.7335,21.1615],[106.7346,21.1604],[106.7389,21.1585],[106.7428,21.1573],[106.7444,21.1557],[106.7462,21.1568],[106.7479,21.1562],[106.7522,21.1565],[106.7573,21.1552],[106.7604,21.1564],[106.7645,21.1564],[106.7672,21.156],[106.7687,21.1545],[106.7692,21.1526],[106.7725,21.1365],[106.7725,21.1311],[106.773,21.1287],[106.7758,21.1267],[106.7766,21.1255],[106.7773,21.1218],[106.783,21.1208],[106.7845,21.1166],[106.7846,21.1133],[106.7885,21.1099],[106.7889,21.1081],[106.787,21.1051],[106.7835,21.1049],[106.7836,21.101],[106.7843,21.0985],[106.7868,21.0972],[106.7842,21.0957],[106.783,21.0929],[106.7722,21.0839],[106.7713,21.0807]]]},"properties":{"name":"Yên Tử","level":"ward"}},{"type":"Feature","geometry":{"type":"Polygon","coordinates":[[[107.3829,21.5958],[107.3826,21.5942],[107.3807,21.5924],[107.3815,21.5878],[107.3805,21.5858],[107.3813,21.5846],[107.382,21.5797],[107.3819,21.5761],[107.3833,21.5759],[107.387,21.5723],[107.3895,21.5718],[107.3917,21.5683],[107.3928,21.565],[107.3949,21.562],[107.3939,21.5573],[107.3966,21.5539],[107.3984,21.5534],[107.3995,21.5512],[107.4012,21.5504],[107.4028,21.5485],[107.4029,21.545],[107.4045,21.5457],[107.4074,21.5444],[107.408,21.542],[107.4096,21.5403],[107.4111,21.5377],[107.4129,21.5386],[107.4152,21.5383],[107.4171,21.539],[107.4198,21.5386],[107.4219,21.5373],[107.4243,21.5327],[107.4278,21.5305],[107.4307,21.5256],[107.4317,21.5235],[107.4342,21.5224],[107.4383,21.515],[107.4403,21.513],[107.4489,21.499],[107.4497,21.5005],[107.4496,21.5025],[107.4529,21.5056],[107.4534,21.5112],[107.4577,21.5138],[107.4644,21.5134],[107.4686,21.5147],[107.473,21.5138],[107.4785,21.5117],[107.4807,21.5112],[107.4819,21.5139],[107.4841,21.5155],[107.4859,21.5156],[107.4878,21.5172],[107.4881,21.5204],[107.4901,21.5189],[107.4947,21.5164],[107.4968,21.5146],[107.5006,21.5134],[107.5041,21.5116],[107.5081,21.5119],[107.5102,21.5104],[107.5113,21.5083],[107.5144,21.5074],[107.5183,21.5102],[107.5211,21.5092],[107.5218,21.5072],[107.525,21.5036],[107.525,21.5027],[107.5219,21.4997],[107.5218,21.4969],[107.524,21.4859],[107.5204,21.4798],[107.5185,21.4786],[107.5158,21.4794],[107.5126,21.4788],[107.5107,21.4758],[107.5084,21.4748],[107.5045,21.4719],[107.5024,21.4715],[107.5024,21.4695],[107.5013,21.4629],[107.5016,21.4619],[107.4957,21.4603],[107.4941,21.4585],[107.492,21.4583],[107.4912,21.4596],[107.4888,21.4609],[107.4821,21.46],[107.4817,21.4555],[107.4793,21.4543],[107.4759,21.4499],[107.4742,21.4467],[107.4717,21.4464],[107.4696,21.4448],[107.4626,21.447],[107.4592,21.4465],[107.4548,21.445],[107.452,21.4451],[107.4486,21.4464],[107.4416,21.4478],[107.4398,21.4506],[107.4404,21.4554],[107.4389,21.4577],[107.4399,21.4589],[107.4385,21.4623],[107.4368,21.4647],[107.4293,21.463],[107.4267,21.4666],[107.4227,21.4686],[107.4211,21.4659],[107.4174,21.464],[107.4148,21.4658],[107.4144,21.4672],[107.4095,21.4691],[107.4084,21.4678],[107.4041,21.4673],[107.3996,21.4676],[107.3975,21.4673],[107.395,21.4647],[107.391,21.4622],[107.3897,21.4599],[107.3863,21.4572],[107.3833,21.4556],[107.3829,21.453],[107.3806,21.4515],[107.3825,21.4501],[107.3829,21.4478],[107.3798,21.4445],[107.3783,21.4424],[107.3749,21.4415],[107.3746,21.4384],[107.372,21.4379],[107.3712,21.4394],[107.367,21.4433],[107.3652,21.4455],[107.3626,21.4449],[107.3615,21.4462],[107.3627,21.4478],[107.3634,21.4507],[107.3618,21.4541],[107.3611,21.4578],[107.3622,21.4605],[107.3603,21.4621],[107.3565,21.4629],[107.3544,21.4651],[107.352,21.4655],[107.3498,21.4675],[107.3462,21.4676],[107.3441,21.4682],[107.3406,21.467],[107.3387,21.4688],[107.339,21.471],[107.3406,21.4729],[107.3397,21.4766],[107.3411,21.4801],[107.343,21.4828],[107.3429,21.4841],[107.3398,21.4853],[107.3392,21.4884],[107.3399,21.4905],[107.3376,21.4916],[107.3342,21.4973],[107.3292,21.499],[107.328,21.5009],[107.3249,21.5029],[107.324,21.5045],[107.3213,21.5048],[107.3164,21.5079],[107.3168,21.509],[107.3158,21.5111],[107.3159,21.5136],[107.3169,21.5156],[107.3142,21.5171],[107.3115,21.516],[107.3068,21.5161],[107.3032,21.5168],[107.3012,21.5157],[107.2968,21.5171],[107.2927,21.521],[107.2919,21.5234],[107.2849,21.5306],[107.2837,21.5327],[107.284,21.5354],[107.2801,21.5396],[107.2799,21.5423],[107.2813,21.5447],[107.2842,21.5466],[107.2797,21.551],[107.2785,21.5546],[107.2768,21.5571],[107.2753,21.5581],[107.2736,21.5606],[107.2737,21.5623],[107.2753,21.5632],[107.2779,21.5632],[107.2788,21.5643],[107.2825,21.567],[107.2847,21.5701],[107.2838,21.5713],[107.2843,21.5744],[107.2841,21.5773],[107.287,21.5805],[107.2905,21.5826],[107.2903,21.5852],[107.2932,21.5905],[107.2932,21.5918],[107.2955,21.5934],[107.2991,21.5937],[107.3033,21.5946],[107.3062,21.5956],[107.3096,21.5959],[107.311,21.5933],[107.3109,21.5921],[107.3136,21.5903],[107.3167,21.5923],[107.3172,21.5933],[107.3199,21.5944],[107.3225,21.5943],[107.3248,21.5927],[107.3275,21.5927],[107.329,21.5903],[107.3289,21.5885],[107.3307,21.588],[107.3352,21.5888],[107.3364,21.5884],[107.3398,21.5889],[107.3404,21.5902],[107.3432,21.5912],[107.3478,21.596],[107.3526,21.5948],[107.3538,21.5952],[107.3586,21.595],[107.3617,21.5985],[107.3641,21.5991],[107.3682,21.6019],[107.3733,21.5993],[107.3769,21.5984],[107.3829,21.5958]]]},"properties":{"name":"Bình Liêu","level":"ward"}},{"type":"Feature","geometry":{"type":"Polygon","coordinates":[[[107.5183,21.5102],[107.5144,21.5074],[107.5113,21.5083],[107.5102,21.5104],[107.5081,21.5119],[107.5041,21.5116],[107.5006,21.5134],[107.4968,21.5146],[107.4947,21.5164],[107.4901,21.5189],[107.4881,21.5204],[107.4877,21.5246],[107.4884,21.5273],[107.4883,21.5304],[107.4894,21.5338],[107.4916,21.5367],[107.4916,21.5382],[107.4892,21.5437],[107.4875,21.5451],[107.4877,21.5465],[107.4896,21.5486],[107.4907,21.5513],[107.4882,21.555],[107.4864,21.5559],[107.4851,21.5586],[107.4856,21.5618],[107.4844,21.5632],[107.4832,21.5672],[107.4834,21.5705],[107.4819,21.5707],[107.4798,21.5726],[107.479,21.5749],[107.4801,21.577],[107.4781,21.5802],[107.4783,21.5819],[107.4764,21.5845],[107.4762,21.5868],[107.4747,21.5873],[107.474,21.5895],[107.472,21.5914],[107.4702,21.5912],[107.4684,21.5928],[107.4679,21.5961],[107.4657,21.5969],[107.466,21.6022],[107.4666,21.6042],[107.465,21.6065],[107.4653,21.6095],[107.4666,21.6114],[107.4663,21.614],[107.4647,21.6167],[107.4622,21.6197],[107.456,21.6235],[107.4508,21.6235],[107.4506,21.6257],[107.4434,21.6304],[107.4434,21.633],[107.4416,21.6381],[107.4391,21.6423],[107.4365,21.6455],[107.4343,21.6501],[107.439,21.6515],[107.4396,21.6538],[107.4446,21.6546],[107.4454,21.6565],[107.4484,21.6565],[107.4533,21.6587],[107.4552,21.6604],[107.4602,21.6632],[107.4653,21.6638],[107.4687,21.662],[107.4709,21.663],[107.4742,21.6622],[107.4755,21.6602],[107.4799,21.659],[107.4823,21.6573],[107.4806,21.6546],[107.4814,21.6515],[107.4841,21.6481],[107.4834,21.6459],[107.4846,21.6437],[107.4858,21.6433],[107.4845,21.6392],[107.4852,21.6371],[107.4844,21.6363],[107.4842,21.6311],[107.4853,21.6273],[107.4879,21.6245],[107.49,21.6241],[107.4927,21.6251],[107.4928,21.6225],[107.4954,21.6197],[107.4971,21.6169],[107.4978,21.6144],[107.4957,21.6122],[107.4943,21.6097],[107.4947,21.6074],[107.4934,21.6045],[107.491,21.6039],[107.4872,21.6008],[107.4832,21.599],[107.4895,21.5987],[107.4924,21.5969],[107.496,21.5965],[107.4999,21.5951],[107.5048,21.5975],[107.5074,21.5971],[107.5143,21.5947],[107.5158,21.5936],[107.5185,21.5939],[107.5232,21.5904],[107.5296,21.5905],[107.5324,21.5915],[107.5332,21.5932],[107.5373,21.5943],[107.5391,21.5912],[107.5421,21.5894],[107.5432,21.5895],[107.5465,21.5936],[107.5482,21.5968],[107.5481,21.5987],[107.5503,21.6008],[107.5516,21.6043],[107.554,21.6056],[107.5547,21.6073],[107.5576,21.6107],[107.5602,21.6131],[107.5618,21.6127],[107.5693,21.6121],[107.5717,21.616],[107.5745,21.6177],[107.5775,21.6183],[107.5795,21.6173],[107.5821,21.617],[107.5836,21.6132],[107.5852,21.6107],[107.5867,21.6105],[107.5906,21.6065],[107.5922,21.6063],[107.5939,21.6048],[107.6031,21.6035],[107.6021,21.6025],[107.6025,21.6],[107.6037,21.5977],[107.606,21.5969],[107.6078,21.5931],[107.6073,21.5927],[107.6111,21.58],[107.612,21.5781],[107.6109,21.5768],[107.6107,21.5745],[107.6112,21.5727],[107.611,21.5699],[107.6116,21.5683],[107.6112,21.5663],[107.6116,21.5627],[107.6108,21.5611],[107.6087,21.5597],[107.6056,21.5589],[107.6019,21.5599],[107.5993,21.5618],[107.5949,21.5601],[107.5967,21.5584],[107.5984,21.5554],[107.5996,21.5548],[107.6019,21.5521],[107.6014,21.5502],[107.5982,21.548],[107.597,21.5426],[107.5946,21.5419],[107.5941,21.5407],[107.5938,21.5364],[107.5965,21.5333],[107.5968,21.5289],[107.5961,21.526],[107.594,21.5255],[107.5928,21.5239],[107.5891,21.5227],[107.587,21.5205],[107.5854,21.52],[107.585,21.5175],[107.5834,21.5184],[107.5817,21.5178],[107.5765,21.5179],[107.5754,21.5169],[107.5706,21.5168],[107.5698,21.5177],[107.5653,21.5186],[107.5633,21.5203],[107.557,21.521],[107.5544,21.5259],[107.5495,21.5271],[107.5466,21.5272],[107.5446,21.5283],[107.5426,21.5255],[107.5404,21.5264],[107.5384,21.5262],[107.5373,21.5252],[107.5334,21.5251],[107.5313,21.5259],[107.529,21.5288],[107.5275,21.5281],[107.5232,21.5279],[107.5204,21.5248],[107.516,21.5193],[107.5179,21.5156],[107.5175,21.5131],[107.5183,21.5102]]]},"properties":{"name":"Hoành Mô","level":"ward"}},{"type":"Feature","geometry":{"type":"Polygon","coordinates":[[[107.4881,21.5204],[107.4878,21.5172],[107.4859,21.5156],[107.4841,21.5155],[107.4819,21.5139],[107.4807,21.5112],[107.4785,21.5117],[107.473,21.5138],[107.4686,21.5147],[107.4644,21.5134],[107.4577,21.5138],[107.4534,21.5112],[107.4529,21.5056],[107.4496,21.5025],[107.4497,21.5005],[107.4489,21.499],[107.4403,21.513],[107.4383,21.515],[107.4342,21.5224],[107.4317,21.5235],[107.4307,21.5256],[107.4278,21.5305],[107.4243,21.5327],[107.4219,21.5373],[107.4198,21.5386],[107.4171,21.539],[107.4152,21.5383],[107.4129,21.5386],[107.4111,21.5377],[107.4096,21.5403],[107.408,21.542],[107.4074,21.5444],[107.4045,21.5457],[107.4029,21.545],[107.4028,21.5485],[107.4012,21.5504],[107.3995,21.5512],[107.3984,21.5534],[107.3966,21.5539],[107.3939,21.5573],[107.3949,21.562],[107.3928,21.565],[107.3917,21.5683],[107.3895,21.5718],[107.387,21.5723],[107.3833,21.5759],[107.3819,21.5761],[107.382,21.5797],[107.3813,21.5846],[107.3805,21.5858],[107.3815,21.5878],[107.3807,21.5924],[107.3826,21.5942],[107.3829,21.5958],[107.3858,21.5998],[107.3883,21.6019],[107.3917,21.6036],[107.3925,21.6064],[107.3946,21.6089],[107.398,21.6102],[107.3947,21.616],[107.3957,21.6177],[107.3998,21.6198],[107.4016,21.6201],[107.4056,21.622],[107.4082,21.6226],[107.4079,21.6259],[107.4142,21.6309],[107.4175,21.633],[107.4159,21.6364],[107.4161,21.6387],[107.4176,21.6407],[107.4218,21.6424],[107.428,21.6467],[107.4301,21.6494],[107.4326,21.6505],[107.4343,21.6501],[107.4365,21.6455],[107.4391,21.6423],[107.4416,21.6381],[107.4434,21.633],[107.4434,21.6304],[107.4506,21.6257],[107.4508,21.6235],[107.456,21.6235],[107.4622,21.6197],[107.4647,21.6167],[107.4663,21.614],[107.4666,21.6114],[107.4653,21.6095],[107.465,21.6065],[107.4666,21.6042],[107.466,21.6022],[107.4657,21.5969],[107.4679,21.5961],[107.4684,21.5928],[107.4702,21.5912],[107.472,21.5914],[107.474,21.5895],[107.4747,21.5873],[107.4762,21.5868],[107.4764,21.5845],[107.4783,21.5819],[107.4781,21.5802],[107.4801,21.577],[107.479,21.5749],[107.4798,21.5726],[107.4819,21.5707],[107.4834,21.5705],[107.4832,21.5672],[107.4844,21.5632],[107.4856,21.5618],[107.4851,21.5586],[107.4864,21.5559],[107.4882,21.555],[107.4907,21.5513],[107.4896,21.5486],[107.4877,21.5465],[107.4875,21.5451],[107.4892,21.5437],[107.4916,21.5382],[107.4916,21.5367],[107.4894,21.5338],[107.4883,21.5304],[107.4884,21.5273],[107.4877,21.5246],[107.4881,21.5204]]]},"properties":{"name":"Lục Hồn","level":"ward"}},{"type":"Feature","geometry":{"type":"MultiPolygon","coordinates":[[[[107.3406,21.467],[107.3441,21.4682],[107.3462,21.4676],[107.3498,21.4675],[107.352,21.4655],[107.3544,21.4651],[107.3565,21.4629],[107.3603,21.4621],[107.3622,21.4605],[107.3611,21.4578],[107.3618,21.4541],[107.3634,21.4507],[107.3627,21.4478],[107.3615,21.4462],[107.3626,21.4449],[107.3652,21.4455],[107.367,21.4433],[107.3712,21.4394],[107.372,21.4379],[107.3746,21.4384],[107.3749,21.4415],[107.3783,21.4424],[107.3798,21.4445],[107.3829,21.4478],[107.3838,21.4456],[107.3856,21.4441],[107.3854,21.4419],[107.3865,21.4384],[107.3875,21.4374],[107.3925,21.4351],[107.3962,21.438],[107.4003,21.4368],[107.4031,21.4369],[107.406,21.4339],[107.4086,21.4336],[107.4114,21.4324],[107.4125,21.4306],[107.4148,21.4298],[107.4182,21.431],[107.42,21.4304],[107.4217,21.4286],[107.4203,21.4261],[107.4246,21.42],[107.4266,21.4181],[107.4265,21.4158],[107.4252,21.4143],[107.4234,21.4107],[107.4212,21.409],[107.4207,21.4073],[107.4227,21.4055],[107.4219,21.4025],[107.4245,21.4001],[107.4282,21.3987],[107.4293,21.3973],[107.4315,21.3928],[107.4343,21.3896],[107.4351,21.3861],[107.4297,21.3827],[107.4282,21.3809],[107.4286,21.3777],[107.4269,21.3765],[107.4249,21.376],[107.425,21.3741],[107.4219,21.3739],[107.4226,21.3711],[107.4212,21.3689],[107.4215,21.367],[107.4235,21.3643],[107.4264,21.3619],[107.4256,21.3589],[107.4278,21.3564],[107.4282,21.3541],[107.4267,21.3527],[107.429,21.35],[107.4319,21.3487],[107.4338,21.347],[107.4384,21.3452],[107.4387,21.3436],[107.4419,21.3435],[107.4418,21.3415],[107.4438,21.3367],[107.4401,21.3334],[107.4396,21.3314],[107.4406,21.3273],[107.4427,21.3246],[107.4447,21.3238],[107.4469,21.3242],[107.4478,21.3216],[107.4501,21.3201],[107.4496,21.3183],[107.4514,21.3173],[107.4529,21.3143],[107.4538,21.3112],[107.4517,21.3093],[107.455,21.3064],[107.4592,21.3078],[107.4611,21.3078],[107.4642,21.305],[107.4658,21.3024],[107.4672,21.2974],[107.4652,21.2965],[107.4589,21.298],[107.4572,21.2979],[107.4534,21.2988],[107.4508,21.3001],[107.4484,21.2943],[107.4509,21.2902],[107.4527,21.289],[107.4525,21.2875],[107.4534,21.2845],[107.4515,21.2824],[107.4503,21.2826],[107.4471,21.2812],[107.4441,21.2823],[107.4456,21.2852],[107.4441,21.2852],[107.4413,21.2838],[107.4377,21.2838],[107.4359,21.2848],[107.4331,21.2847],[107.432,21.2859],[107.426,21.2886],[107.4245,21.2906],[107.4223,21.2897],[107.4223,21.2877],[107.4243,21.2879],[107.4255,21.286],[107.4253,21.2831],[107.4233,21.2851],[107.4215,21.2841],[107.4175,21.2851],[107.4162,21.2907],[107.4166,21.2927],[107.4122,21.2948],[107.4112,21.2958],[107.4077,21.297],[107.4052,21.3006],[107.404,21.3029],[107.4018,21.3045],[107.4005,21.307],[107.3979,21.3079],[107.3939,21.3117],[107.398,21.3152],[107.3927,21.319],[107.3917,21.3227],[107.3866,21.3259],[107.38,21.3316],[107.3785,21.3335],[107.3763,21.3343],[107.3726,21.3345],[107.3734,21.3356],[107.3756,21.3362],[107.3781,21.339],[107.3777,21.3406],[107.3816,21.3476],[107.3825,21.3554],[107.3795,21.3565],[107.3782,21.3558],[107.3748,21.3573],[107.3714,21.3578],[107.3658,21.3618],[107.364,21.3641],[107.3578,21.3667],[107.3575,21.3703],[107.3565,21.374],[107.355,21.3758],[107.3528,21.3767],[107.3523,21.3787],[107.3503,21.3799],[107.3496,21.3836],[107.348,21.3853],[107.3434,21.3863],[107.3444,21.3874],[107.3452,21.3915],[107.3437,21.3927],[107.3386,21.3977],[107.3393,21.3998],[107.3362,21.4021],[107.3378,21.4062],[107.3406,21.4095],[107.3402,21.4127],[107.3422,21.4147],[107.342,21.4166],[107.3442,21.4177],[107.3437,21.4216],[107.3415,21.4219],[107.3398,21.4248],[107.3415,21.4283],[107.34,21.43],[107.3407,21.4325],[107.339,21.4347],[107.3349,21.4418],[107.3356,21.4435],[107.3349,21.4447],[107.3316,21.4455],[107.3307,21.4477],[107.3322,21.4514],[107.331,21.4542],[107.3328,21.4561],[107.3333,21.4596],[107.3346,21.4614],[107.3375,21.4629],[107.339,21.4627],[107.341,21.4644],[107.3406,21.467]]],[[[107.4358,21.2723],[107.4331,21.2746],[107.4353,21.2755],[107.4358,21.2723]]],[[[107.4367,21.2729],[107.4362,21.2756],[107.4386,21.2753],[107.4367,21.2729]]],[[[107.4436,21.2817],[107.432,21.2786],[107.4287,21.2789],[107.4265,21.2813],[107.4283,21.2824],[107.4308,21.2819],[107.4335,21.2821],[107.4379,21.2817],[107.4425,21.2822],[107.4436,21.2817]]],[[[107.4295,21.2861],[107.4318,21.2856],[107.4331,21.2843],[107.4359,21.2844],[107.4362,21.2827],[107.4318,21.2822],[107.4277,21.2832],[107.4257,21.283],[107.4262,21.2859],[107.4295,21.2861]]]]},"properties":{"name":"Tiên Yên","level":"ward"}},{"type":"Feature","geometry":{"type":"Polygon","coordinates":[[[107.2737,21.5623],[107.2736,21.5606],[107.2753,21.5581],[107.2768,21.5571],[107.2785,21.5546],[107.2797,21.551],[107.2842,21.5466],[107.2813,21.5447],[107.2799,21.5423],[107.2801,21.5396],[107.284,21.5354],[107.2837,21.5327],[107.2849,21.5306],[107.2919,21.5234],[107.2927,21.521],[107.2968,21.5171],[107.3012,21.5157],[107.3032,21.5168],[107.3068,21.5161],[107.3115,21.516],[107.3142,21.5171],[107.3169,21.5156],[107.3159,21.5136],[107.3158,21.5111],[107.3168,21.509],[107.3164,21.5079],[107.3213,21.5048],[107.324,21.5045],[107.3249,21.5029],[107.328,21.5009],[107.3292,21.499],[107.3342,21.4973],[107.3376,21.4916],[107.3399,21.4905],[107.3392,21.4884],[107.3398,21.4853],[107.3429,21.4841],[107.343,21.4828],[107.3411,21.4801],[107.3397,21.4766],[107.3406,21.4729],[107.339,21.471],[107.3387,21.4688],[107.3406,21.467],[107.341,21.4644],[107.339,21.4627],[107.3375,21.4629],[107.3346,21.4614],[107.3333,21.4596],[107.3328,21.4561],[107.331,21.4542],[107.3322,21.4514],[107.3307,21.4477],[107.3316,21.4455],[107.3349,21.4447],[107.3356,21.4435],[107.3349,21.4418],[107.339,21.4347],[107.3407,21.4325],[107.34,21.43],[107.3415,21.4283],[107.3398,21.4248],[107.3415,21.4219],[107.3437,21.4216],[107.3442,21.4177],[107.342,21.4166],[107.3422,21.4147],[107.3402,21.4127],[107.3406,21.4095],[107.3378,21.4062],[107.3362,21.4021],[107.3393,21.3998],[107.3386,21.3977],[107.3437,21.3927],[107.3452,21.3915],[107.3444,21.3874],[107.3434,21.3863],[107.348,21.3853],[107.3496,21.3836],[107.3503,21.3799],[107.3523,21.3787],[107.3528,21.3767],[107.355,21.3758],[107.3565,21.374],[107.3575,21.3703],[107.3578,21.3667],[107.364,21.3641],[107.3658,21.3618],[107.3714,21.3578],[107.3748,21.3573],[107.3782,21.3558],[107.3795,21.3565],[107.3825,21.3554],[107.3816,21.3476],[107.3777,21.3406],[107.3781,21.339],[107.3756,21.3362],[107.3734,21.3356],[107.3726,21.3345],[107.3674,21.338],[107.3658,21.3395],[107.3637,21.3395],[107.3612,21.3386],[107.3565,21.3395],[107.3547,21.3412],[107.3529,21.3416],[107.3518,21.3445],[107.3479,21.3454],[107.3453,21.3438],[107.3398,21.3426],[107.3363,21.3415],[107.3367,21.339],[107.3352,21.3336],[107.3327,21.3309],[107.3313,21.331],[107.3265,21.3294],[107.3246,21.3297],[107.3244,21.3276],[107.3264,21.3251],[107.325,21.3213],[107.3236,21.3203],[107.3205,21.3196],[107.3188,21.3178],[107.3191,21.3157],[107.3175,21.3145],[107.317,21.3129],[107.3145,21.3127],[107.3129,21.3154],[107.3105,21.3167],[107.3079,21.3173],[107.3051,21.3161],[107.3032,21.3169],[107.3012,21.3163],[107.2985,21.3179],[107.2994,21.3204],[107.2971,21.3212],[107.2906,21.322],[107.2883,21.3229],[107.2872,21.3209],[107.2844,21.3233],[107.2822,21.3229],[107.2812,21.3247],[107.2789,21.3244],[107.2738,21.3259],[107.2698,21.3282],[107.2668,21.3285],[107.2635,21.328],[107.2603,21.329],[107.2549,21.3298],[107.2526,21.3323],[107.2519,21.3342],[107.2536,21.3367],[107.2528,21.3412],[107.2536,21.3434],[107.2556,21.3448],[107.2574,21.3476],[107.2623,21.3532],[107.2633,21.3535],[107.2579,21.3584],[107.2565,21.3603],[107.2551,21.3637],[107.2524,21.3664],[107.2543,21.3683],[107.2564,21.3733],[107.2587,21.3767],[107.2598,21.3804],[107.257,21.3835],[107.2599,21.3853],[107.2616,21.3878],[107.2609,21.392],[107.2626,21.3962],[107.2645,21.3983],[107.2646,21.4],[107.2623,21.401],[107.2609,21.4027],[107.2585,21.4035],[107.2576,21.4046],[107.2588,21.4077],[107.257,21.4088],[107.2561,21.4146],[107.2576,21.417],[107.256,21.4198],[107.2534,21.4232],[107.2485,21.4238],[107.2476,21.4259],[107.2478,21.4301],[107.2462,21.4299],[107.245,21.4326],[107.2417,21.4345],[107.2428,21.437],[107.2453,21.4396],[107.2457,21.442],[107.2447,21.4451],[107.2413,21.4467],[107.2407,21.4476],[107.2418,21.4508],[107.2405,21.453],[107.2411,21.4556],[107.2407,21.4572],[107.2385,21.4591],[107.239,21.4619],[107.2402,21.4632],[107.2406,21.4653],[107.2425,21.466],[107.2423,21.4694],[107.2411,21.4722],[107.2399,21.4734],[107.2418,21.4756],[107.2436,21.4761],[107.245,21.4782],[107.2463,21.4826],[107.2461,21.484],[107.2431,21.4874],[107.242,21.4896],[107.2397,21.4911],[107.2375,21.4949],[107.2369,21.4969],[107.2372,21.4992],[107.2359,21.5026],[107.2387,21.5058],[107.2368,21.5087],[107.2366,21.5107],[107.2352,21.5131],[107.2338,21.5138],[107.2334,21.5166],[107.2342,21.5186],[107.2323,21.5197],[107.2311,21.5215],[107.2297,21.5205],[107.2256,21.5191],[107.2229,21.5194],[107.2217,21.5263],[107.2194,21.5285],[107.218,21.529],[107.2165,21.5316],[107.2125,21.5307],[107.2111,21.531],[107.2096,21.5335],[107.2086,21.5363],[107.2072,21.5373],[107.2046,21.5408],[107.2076,21.5451],[107.2089,21.5447],[107.2109,21.5463],[107.2133,21.5464],[107.2167,21.5521],[107.2212,21.5535],[107.2228,21.5533],[107.2254,21.5512],[107.2276,21.5516],[107.2326,21.5545],[107.2358,21.5522],[107.2375,21.5523],[107.2466,21.5486],[107.2473,21.5503],[107.2469,21.5532],[107.2486,21.5578],[107.2524,21.5585],[107.2533,21.5601],[107.2565,21.5621],[107.2592,21.5631],[107.2609,21.5645],[107.2622,21.5636],[107.2657,21.564],[107.2666,21.5655],[107.2697,21.5644],[107.2737,21.5623]]]},"properties":{"name":"Điền Xá","level":"ward"}},{"type":"Feature","geometry":{"type":"Polygon","coordinates":[[[107.3829,21.4478],[107.3825,21.4501],[107.3806,21.4515],[107.3829,21.453],[107.3833,21.4556],[107.3863,21.4572],[107.3897,21.4599],[107.391,21.4622],[107.395,21.4647],[107.3975,21.4673],[107.3996,21.4676],[107.4041,21.4673],[107.4084,21.4678],[107.4095,21.4691],[107.4144,21.4672],[107.4148,21.4658],[107.4174,21.464],[107.4211,21.4659],[107.4227,21.4686],[107.4267,21.4666],[107.4293,21.463],[107.4368,21.4647],[107.4385,21.4623],[107.4399,21.4589],[107.4389,21.4577],[107.4404,21.4554],[107.4398,21.4506],[107.4416,21.4478],[107.4486,21.4464],[107.452,21.4451],[107.4548,21.445],[107.4592,21.4465],[107.4626,21.447],[107.4696,21.4448],[107.4686,21.4431],[107.4688,21.4406],[107.4668,21.4367],[107.4704,21.4338],[107.4719,21.4334],[107.4752,21.4285],[107.4753,21.4239],[107.4746,21.4189],[107.4732,21.4179],[107.4754,21.4116],[107.4747,21.4097],[107.4734,21.4086],[107.4734,21.4062],[107.4715,21.4035],[107.4712,21.4003],[107.4726,21.3972],[107.4731,21.3946],[107.4752,21.3944],[107.4796,21.3911],[107.4765,21.3884],[107.4756,21.3863],[107.4789,21.3836],[107.4809,21.3826],[107.4821,21.3839],[107.4842,21.3845],[107.4858,21.3791],[107.4858,21.3771],[107.4872,21.3756],[107.4939,21.3775],[107.4958,21.3769],[107.5019,21.3807],[107.5041,21.3806],[107.5072,21.3783],[107.5085,21.3761],[107.5063,21.3724],[107.513,21.3643],[107.5161,21.3612],[107.5196,21.3609],[107.5216,21.3588],[107.5239,21.3593],[107.5249,21.3585],[107.5253,21.3553],[107.5232,21.3547],[107.5219,21.3525],[107.5233,21.3503],[107.5234,21.3459],[107.5245,21.3419],[107.5262,21.3409],[107.5263,21.3392],[107.5294,21.3386],[107.5331,21.3358],[107.5343,21.3316],[107.5371,21.3286],[107.5377,21.3267],[107.5398,21.325],[107.5424,21.3213],[107.5436,21.3186],[107.5446,21.3119],[107.5438,21.3094],[107.5361,21.3104],[107.5346,21.313],[107.5351,21.3153],[107.534,21.3216],[107.5327,21.3205],[107.5308,21.3209],[107.5278,21.3256],[107.5256,21.3267],[107.5253,21.325],[107.5277,21.3247],[107.5286,21.3215],[107.5261,21.3204],[107.5278,21.3169],[107.5292,21.3172],[107.5324,21.3165],[107.532,21.3098],[107.5302,21.3094],[107.5269,21.311],[107.5244,21.3145],[107.5241,21.3103],[107.5255,21.3105],[107.5286,21.308],[107.532,21.307],[107.5376,21.3062],[107.538,21.3051],[107.5423,21.3043],[107.547,21.3004],[107.5485,21.2979],[107.55,21.2935],[107.5488,21.2931],[107.5444,21.2952],[107.544,21.2934],[107.5462,21.2928],[107.5474,21.2906],[107.543,21.29],[107.5363,21.2901],[107.5326,21.2921],[107.5296,21.2971],[107.5296,21.3014],[107.5284,21.3012],[107.5285,21.2964],[107.5297,21.292],[107.5269,21.2916],[107.5196,21.2924],[107.5162,21.2953],[107.5168,21.2987],[107.5158,21.305],[107.5174,21.3081],[107.515,21.3121],[107.514,21.3118],[107.5156,21.3082],[107.5136,21.3052],[107.5135,21.3028],[107.5088,21.3053],[107.5085,21.3072],[107.5066,21.3077],[107.5082,21.3038],[107.5105,21.3031],[107.5127,21.3008],[107.5133,21.296],[107.5119,21.2948],[107.5092,21.2964],[107.4991,21.2978],[107.4989,21.2969],[107.5079,21.2946],[107.5078,21.294],[107.5031,21.2927],[107.4994,21.2924],[107.4947,21.2943],[107.4937,21.2959],[107.4924,21.2953],[107.4911,21.2973],[107.4913,21.2999],[107.4871,21.3009],[107.4828,21.303],[107.4825,21.3018],[107.4847,21.3008],[107.4851,21.2997],[107.4899,21.2956],[107.489,21.2945],[107.4913,21.2922],[107.4918,21.2905],[107.4899,21.2901],[107.4895,21.2883],[107.4863,21.2894],[107.4862,21.2902],[107.4804,21.2941],[107.4795,21.2958],[107.4773,21.2968],[107.4757,21.2993],[107.472,21.3012],[107.4702,21.3041],[107.4675,21.3063],[107.4642,21.305],[107.4611,21.3078],[107.4592,21.3078],[107.455,21.3064],[107.4517,21.3093],[107.4538,21.3112],[107.4529,21.3143],[107.4514,21.3173],[107.4496,21.3183],[107.4501,21.3201],[107.4478,21.3216],[107.4469,21.3242],[107.4447,21.3238],[107.4427,21.3246],[107.4406,21.3273],[107.4396,21.3314],[107.4401,21.3334],[107.4438,21.3367],[107.4418,21.3415],[107.4419,21.3435],[107.4387,21.3436],[107.4384,21.3452],[107.4338,21.347],[107.4319,21.3487],[107.429,21.35],[107.4267,21.3527],[107.4282,21.3541],[107.4278,21.3564],[107.4256,21.3589],[107.4264,21.3619],[107.4235,21.3643],[107.4215,21.367],[107.4212,21.3689],[107.4226,21.3711],[107.4219,21.3739],[107.425,21.3741],[107.4249,21.376],[107.4269,21.3765],[107.4286,21.3777],[107.4282,21.3809],[107.4297,21.3827],[107.4351,21.3861],[107.4343,21.3896],[107.4315,21.3928],[107.4293,21.3973],[107.4282,21.3987],[107.4245,21.4001],[107.4219,21.4025],[107.4227,21.4055],[107.4207,21.4073],[107.4212,21.409],[107.4234,21.4107],[107.4252,21.4143],[107.4265,21.4158],[107.4266,21.4181],[107.4246,21.42],[107.4203,21.4261],[107.4217,21.4286],[107.42,21.4304],[107.4182,21.431],[107.4148,21.4298],[107.4125,21.4306],[107.4114,21.4324],[107.4086,21.4336],[107.406,21.4339],[107.4031,21.4369],[107.4003,21.4368],[107.3962,21.438],[107.3925,21.4351],[107.3875,21.4374],[107.3865,21.4384],[107.3854,21.4419],[107.3856,21.4441],[107.3838,21.4456],[107.3829,21.4478]]]},"properties":{"name":"Đông Ngũ","level":"ward"}},{"type":"Feature","geometry":{"type":"Polygon","coordinates":[[[107.3864,21.1824],[107.3812,21.1824],[107.3762,21.1837],[107.3707,21.1848],[107.369,21.1868],[107.3657,21.1924],[107.3669,21.2016],[107.3682,21.2087],[107.3712,21.2149],[107.3673,21.2151],[107.3652,21.2158],[107.3666,21.2183],[107.3664,21.2218],[107.3657,21.2253],[107.3628,21.225],[107.3555,21.223],[107.3519,21.2241],[107.3509,21.2253],[107.3503,21.2279],[107.3484,21.2296],[107.3487,21.2335],[107.3514,21.2383],[107.3533,21.2404],[107.3481,21.2455],[107.347,21.2476],[107.347,21.2499],[107.3462,21.2521],[107.3466,21.2536],[107.3458,21.2565],[107.3439,21.2599],[107.3441,21.2632],[107.3429,21.2655],[107.3415,21.2665],[107.3392,21.2713],[107.3384,21.2756],[107.3382,21.2798],[107.3395,21.2818],[107.339,21.2844],[107.3407,21.2873],[107.3403,21.2897],[107.3403,21.2937],[107.3345,21.298],[107.3353,21.2998],[107.3334,21.3053],[107.3322,21.307],[107.3266,21.3073],[107.3233,21.3056],[107.3222,21.3059],[107.3219,21.3081],[107.3182,21.3107],[107.317,21.3129],[107.3175,21.3145],[107.3191,21.3157],[107.3188,21.3178],[107.3205,21.3196],[107.3236,21.3203],[107.325,21.3213],[107.3264,21.3251],[107.3244,21.3276],[107.3246,21.3297],[107.3265,21.3294],[107.3313,21.331],[107.3327,21.3309],[107.3352,21.3336],[107.3367,21.339],[107.3363,21.3415],[107.3398,21.3426],[107.3453,21.3438],[107.3479,21.3454],[107.3518,21.3445],[107.3529,21.3416],[107.3547,21.3412],[107.3565,21.3395],[107.3612,21.3386],[107.3637,21.3395],[107.3658,21.3395],[107.3674,21.338],[107.3726,21.3345],[107.3763,21.3343],[107.3785,21.3335],[107.38,21.3316],[107.3866,21.3259],[107.3917,21.3227],[107.3927,21.319],[107.398,21.3152],[107.3939,21.3117],[107.3979,21.3079],[107.4005,21.307],[107.4018,21.3045],[107.404,21.3029],[107.4052,21.3006],[107.4077,21.297],[107.4112,21.2958],[107.4122,21.2948],[107.4166,21.2927],[107.4162,21.2907],[107.4175,21.2851],[107.4215,21.2841],[107.4194,21.2829],[107.4205,21.2818],[107.422,21.2827],[107.4255,21.2812],[107.4254,21.2803],[107.4282,21.2779],[107.4331,21.2746],[107.4358,21.2723],[107.445,21.2638],[107.4441,21.2529],[107.4458,21.2433],[107.4459,21.2366],[107.4454,21.2344],[107.4422,21.2271],[107.4372,21.2234],[107.4316,21.2202],[107.4304,21.219],[107.4246,21.2104],[107.4177,21.2042],[107.4129,21.1994],[107.4098,21.1971],[107.4056,21.1962],[107.403,21.1949],[107.392,21.1847],[107.3889,21.183],[107.3864,21.1824]]]},"properties":{"name":"Hải Lạng","level":"ward"}},{"type":"Feature","geometry":{"type":"MultiPolygon","coordinates":[[[[107.6138,21.2273],[107.616,21.2298],[107.6169,21.2284],[107.6138,21.2273]]],[[[107.6001,21.2315],[107.5995,21.2308],[107.5947,21.2287],[107.5923,21.2266],[107.5892,21.2256],[107.5872,21.2257],[107.5841,21.2237],[107.5813,21.2234],[107.5794,21.2246],[107.5807,21.2263],[107.5841,21.2264],[107.5894,21.2292],[107.5931,21.2295],[107.5947,21.2325],[107.5988,21.2333],[107.6001,21.2315]]],[[[107.5907,21.2361],[107.5886,21.238],[107.5904,21.2386],[107.5907,21.2361]]],[[[107.6312,21.233],[107.6284,21.2344],[107.6284,21.2373],[107.6315,21.2381],[107.6391,21.2423],[107.6397,21.2411],[107.6371,21.2387],[107.6341,21.2372],[107.6337,21.2336],[107.6312,21.233]]],[[[107.6394,21.2611],[107.6426,21.2605],[107.6423,21.2596],[107.6342,21.2559],[107.6302,21.2531],[107.6244,21.2507],[107.6229,21.2506],[107.6186,21.2467],[107.6191,21.2462],[107.6232,21.2478],[107.6249,21.248],[107.6282,21.2497],[107.6326,21.2502],[107.6353,21.2522],[107.636,21.2515],[107.6331,21.2494],[107.6237,21.2451],[107.6224,21.2434],[107.6181,21.2409],[107.6132,21.2368],[107.615,21.2339],[107.6093,21.2332],[107.6101,21.2353],[107.6052,21.2376],[107.6063,21.2392],[107.6109,21.2411],[107.6122,21.2434],[107.6038,21.2409],[107.5981,21.2385],[107.5953,21.2366],[107.5937,21.2362],[107.5916,21.2383],[107.5934,21.2403],[107.5997,21.2432],[107.6014,21.2429],[107.603,21.2444],[107.6065,21.2448],[107.6088,21.2482],[107.6109,21.2482],[107.613,21.249],[107.6147,21.2485],[107.615,21.2517],[107.6189,21.2508],[107.6205,21.2515],[107.619,21.2542],[107.6203,21.2552],[107.6232,21.2547],[107.6293,21.2553],[107.6318,21.2567],[107.6309,21.2585],[107.6351,21.2598],[107.6383,21.2613],[107.6394,21.2611]]],[[[107.5437,21.2652],[107.5458,21.2652],[107.5463,21.2632],[107.5447,21.262],[107.5476,21.2593],[107.5473,21.2578],[107.5456,21.2562],[107.5442,21.2568],[107.5434,21.2589],[107.5411,21.2591],[107.5414,21.2621],[107.5432,21.2635],[107.5404,21.2645],[107.5419,21.2675],[107.5439,21.2667],[107.5437,21.2652]]],[[[107.5713,21.276],[107.573,21.2725],[107.575,21.2709],[107.5787,21.2698],[107.5818,21.2672],[107.5838,21.267],[107.5855,21.2655],[107.5853,21.2638],[107.5878,21.2619],[107.5858,21.2612],[107.5828,21.263],[107.5802,21.2621],[107.5792,21.263],[107.5807,21.2661],[107.5771,21.2671],[107.5782,21.2645],[107.575,21.2622],[107.576,21.2599],[107.5707,21.26],[107.5678,21.261],[107.5665,21.2621],[107.5635,21.2612],[107.5645,21.2595],[107.5631,21.2572],[107.56,21.2574],[107.559,21.256],[107.5592,21.2539],[107.5557,21.255],[107.5547,21.2562],[107.5555,21.2577],[107.5575,21.2587],[107.5618,21.264],[107.5599,21.2655],[107.5582,21.2633],[107.5536,21.2655],[107.5535,21.263],[107.5511,21.2633],[107.5497,21.2645],[107.5468,21.2654],[107.5465,21.2676],[107.5476,21.2688],[107.5519,21.267],[107.5524,21.2685],[107.5512,21.2704],[107.5522,21.2716],[107.5547,21.2716],[107.5581,21.2746],[107.5632,21.2761],[107.5684,21.2758],[107.5713,21.276]]],[[[107.5504,21.2775],[107.5484,21.2773],[107.5474,21.276],[107.5429,21.2766],[107.543,21.2777],[107.5465,21.2801],[107.5495,21.279],[107.5504,21.2775]]],[[[107.5516,21.282],[107.5564,21.2814],[107.5579,21.2796],[107.5553,21.2789],[107.5526,21.2803],[107.5508,21.2787],[107.5496,21.2802],[107.5498,21.2822],[107.5516,21.282]]],[[[107.6188,21.2811],[107.6149,21.2812],[107.6162,21.2826],[107.6188,21.2811]]],[[[107.534,21.2839],[107.5338,21.2819],[107.5322,21.2822],[107.5308,21.2838],[107.5316,21.2851],[107.534,21.2839]]],[[[107.5086,21.2816],[107.5077,21.2807],[107.5047,21.2827],[107.5027,21.2849],[107.5042,21.286],[107.5074,21.2851],[107.5091,21.2828],[107.5086,21.2816]]],[[[107.5228,21.2846],[107.5208,21.2822],[107.5184,21.282],[107.5158,21.2828],[107.5136,21.2843],[107.5114,21.2849],[107.5112,21.287],[107.5151,21.2868],[107.5221,21.2852],[107.5228,21.2846]]],[[[107.6283,21.286],[107.6267,21.2881],[107.6281,21.2889],[107.6283,21.286]]],[[[107.5769,21.2901],[107.5814,21.2863],[107.5816,21.2854],[107.5785,21.284],[107.5738,21.2856],[107.5731,21.2873],[107.5733,21.2902],[107.5769,21.2901]]],[[[107.5881,21.2987],[107.5901,21.2956],[107.5926,21.2934],[107.5929,21.2915],[107.5891,21.2916],[107.5871,21.2939],[107.587,21.2958],[107.5881,21.2987]]],[[[107.5681,21.3125],[107.5696,21.3108],[107.5672,21.3097],[107.5681,21.3125]]],[[[107.6202,21.3242],[107.6209,21.3219],[107.6177,21.3209],[107.617,21.3216],[107.6174,21.3257],[107.6202,21.3242]]],[[[107.6195,21.3334],[107.6199,21.333],[107.618,21.3298],[107.6166,21.3333],[107.6195,21.3334]]],[[[107.6226,21.4181],[107.6265,21.4173],[107.6334,21.4144],[107.6337,21.4121],[107.6352,21.4123],[107.6368,21.4106],[107.6362,21.4093],[107.6343,21.4096],[107.6327,21.4086],[107.6323,21.4069],[107.6308,21.4065],[107.6303,21.4035],[107.6281,21.4036],[107.6279,21.4018],[107.6268,21.4003],[107.6273,21.3986],[107.6295,21.3978],[107.6308,21.3952],[107.6332,21.3933],[107.6369,21.3882],[107.6399,21.3809],[107.6386,21.3784],[107.6398,21.3779],[107.6421,21.3733],[107.648,21.366],[107.6484,21.3621],[107.6494,21.3572],[107.6504,21.3551],[107.6476,21.3529],[107.648,21.3503],[107.6505,21.3494],[107.6513,21.3506],[107.6527,21.3459],[107.6526,21.3438],[107.6495,21.3432],[107.6481,21.3415],[107.6464,21.3436],[107.6419,21.3419],[107.6408,21.34],[107.6404,21.3373],[107.6364,21.3357],[107.636,21.3341],[107.6327,21.3334],[107.6334,21.3317],[107.6311,21.3307],[107.6308,21.3288],[107.6292,21.3265],[107.6293,21.3241],[107.6279,21.3225],[107.6231,21.3255],[107.6205,21.3265],[107.6196,21.3295],[107.6204,21.3323],[107.6199,21.3333],[107.6188,21.3339],[107.6158,21.3332],[107.6157,21.3297],[107.6161,21.326],[107.6156,21.3248],[107.6168,21.3234],[107.6167,21.3218],[107.6176,21.3205],[107.6209,21.3208],[107.6231,21.3189],[107.6228,21.315],[107.6212,21.3121],[107.6179,21.31],[107.6155,21.3097],[107.6191,21.3067],[107.6139,21.3007],[107.6129,21.3004],[107.6102,21.3019],[107.6064,21.3064],[107.606,21.3092],[107.6035,21.3126],[107.6044,21.315],[107.6014,21.3167],[107.5992,21.3144],[107.6021,21.3124],[107.602,21.3092],[107.601,21.308],[107.599,21.3088],[107.5978,21.3068],[107.6004,21.3046],[107.6034,21.3044],[107.6046,21.3023],[107.6058,21.3021],[107.6087,21.3],[107.6094,21.2982],[107.6092,21.296],[107.6066,21.2959],[107.607,21.294],[107.6064,21.2923],[107.6043,21.2908],[107.601,21.2905],[107.5999,21.2899],[107.5956,21.2907],[107.5929,21.2949],[107.5904,21.2965],[107.59,21.2992],[107.5876,21.3009],[107.5857,21.2989],[107.5854,21.2943],[107.5878,21.2908],[107.5876,21.2891],[107.5852,21.2874],[107.5828,21.2866],[107.5791,21.2892],[107.5761,21.2921],[107.5774,21.2937],[107.58,21.2943],[107.5812,21.2961],[107.5801,21.297],[107.5813,21.2986],[107.5815,21.3013],[107.5795,21.3022],[107.5793,21.2989],[107.5773,21.2957],[107.5761,21.2953],[107.5746,21.2923],[107.5731,21.2921],[107.5714,21.2975],[107.5696,21.3013],[107.5681,21.3067],[107.571,21.3105],[107.5698,21.3127],[107.5676,21.3129],[107.5651,21.3141],[107.5667,21.3021],[107.57,21.2933],[107.5703,21.2896],[107.569,21.2867],[107.5648,21.2872],[107.5606,21.2914],[107.5583,21.2944],[107.5567,21.2994],[107.5546,21.3034],[107.5501,21.3093],[107.5477,21.3133],[107.5469,21.3156],[107.5475,21.3188],[107.5466,21.32],[107.5466,21.322],[107.5439,21.3239],[107.5382,21.3301],[107.5365,21.3312],[107.5361,21.334],[107.5365,21.336],[107.5413,21.3365],[107.5442,21.3361],[107.5477,21.3362],[107.5525,21.3352],[107.5537,21.3363],[107.553,21.3381],[107.5504,21.3401],[107.5508,21.3425],[107.5533,21.3438],[107.5561,21.3438],[107.5588,21.3446],[107.5603,21.3439],[107.562,21.3448],[107.5657,21.3442],[107.568,21.3457],[107.5679,21.3492],[107.5739,21.3505],[107.5738,21.3525],[107.578,21.3528],[107.5833,21.3546],[107.5892,21.3589],[107.5912,21.3587],[107.5922,21.3572],[107.5953,21.3568],[107.597,21.3573],[107.5983,21.3565],[107.6011,21.3581],[107.6051,21.359],[107.6051,21.3603],[107.6074,21.3603],[107.6066,21.3649],[107.6054,21.3653],[107.6057,21.3681],[107.603,21.369],[107.601,21.3708],[107.6002,21.3727],[107.6022,21.3744],[107.6057,21.3756],[107.6067,21.3774],[107.6082,21.3781],[107.6097,21.3805],[107.6077,21.3811],[107.6071,21.3837],[107.6054,21.3855],[107.6049,21.3872],[107.6022,21.3887],[107.6016,21.3905],[107.599,21.391],[107.6016,21.3934],[107.6045,21.3937],[107.6029,21.3963],[107.5981,21.3984],[107.6011,21.4015],[107.5988,21.4031],[107.6003,21.4067],[107.6001,21.4082],[107.5983,21.4097],[107.5996,21.4106],[107.5982,21.4125],[107.6023,21.4121],[107.6111,21.4173],[107.6114,21.4198],[107.6147,21.4199],[107.6198,21.4183],[107.6226,21.4181]]]]},"properties":{"name":"Đầm Hà","level":"ward"}},{"type":"Feature","geometry":{"type":"Polygon","coordinates":[[[107.4696,21.4448],[107.4717,21.4464],[107.4742,21.4467],[107.4759,21.4499],[107.4793,21.4543],[107.4817,21.4555],[107.4821,21.46],[107.4888,21.4609],[107.4912,21.4596],[107.492,21.4583],[107.4941,21.4585],[107.4957,21.4603],[107.5016,21.4619],[107.5013,21.4629],[107.5024,21.4695],[107.5024,21.4715],[107.5045,21.4719],[107.5084,21.4748],[107.5107,21.4758],[107.5126,21.4788],[107.5158,21.4794],[107.5185,21.4786],[107.5204,21.4798],[107.524,21.4859],[107.5218,21.4969],[107.5325,21.4976],[107.535,21.4973],[107.5369,21.4984],[107.5391,21.4977],[107.541,21.4983],[107.5438,21.4976],[107.5445,21.4964],[107.5501,21.494],[107.5508,21.4914],[107.5541,21.489],[107.5577,21.4881],[107.561,21.4852],[107.5633,21.4844],[107.5642,21.4859],[107.5688,21.4858],[107.571,21.4851],[107.5733,21.483],[107.5806,21.479],[107.5825,21.4751],[107.585,21.4727],[107.5897,21.4711],[107.5947,21.4664],[107.5965,21.4633],[107.6035,21.4619],[107.6061,21.4595],[107.6092,21.458],[107.6106,21.4553],[107.6162,21.4506],[107.6151,21.4473],[107.6139,21.4472],[107.6128,21.4453],[107.613,21.442],[107.6115,21.4396],[107.6128,21.4363],[107.6154,21.4351],[107.6145,21.432],[107.6159,21.4305],[107.6171,21.4267],[107.6188,21.4247],[107.6209,21.4196],[107.6226,21.4181],[107.6198,21.4183],[107.6147,21.4199],[107.6114,21.4198],[107.6111,21.4173],[107.6023,21.4121],[107.5982,21.4125],[107.5996,21.4106],[107.5983,21.4097],[107.6001,21.4082],[107.6003,21.4067],[107.5988,21.4031],[107.6011,21.4015],[107.5981,21.3984],[107.6029,21.3963],[107.6045,21.3937],[107.6016,21.3934],[107.599,21.391],[107.6016,21.3905],[107.6022,21.3887],[107.6049,21.3872],[107.6054,21.3855],[107.6071,21.3837],[107.6077,21.3811],[107.6097,21.3805],[107.6082,21.3781],[107.6067,21.3774],[107.6057,21.3756],[107.6022,21.3744],[107.6002,21.3727],[107.601,21.3708],[107.603,21.369],[107.6057,21.3681],[107.6054,21.3653],[107.6066,21.3649],[107.6074,21.3603],[107.6051,21.3603],[107.6051,21.359],[107.6011,21.3581],[107.5983,21.3565],[107.597,21.3573],[107.5953,21.3568],[107.5922,21.3572],[107.5912,21.3587],[107.5892,21.3589],[107.5833,21.3546],[107.578,21.3528],[107.5738,21.3525],[107.5739,21.3505],[107.5679,21.3492],[107.568,21.3457],[107.5657,21.3442],[107.562,21.3448],[107.5603,21.3439],[107.5588,21.3446],[107.5561,21.3438],[107.5533,21.3438],[107.5508,21.3425],[107.5504,21.3401],[107.553,21.3381],[107.5537,21.3363],[107.5525,21.3352],[107.5477,21.3362],[107.5442,21.3361],[107.5374,21.3372],[107.5353,21.3347],[107.5331,21.3358],[107.5294,21.3386],[107.5263,21.3392],[107.5262,21.3409],[107.5245,21.3419],[107.5234,21.3459],[107.5233,21.3503],[107.5219,21.3525],[107.5232,21.3547],[107.5253,21.3553],[107.5249,21.3585],[107.5239,21.3593],[107.5216,21.3588],[107.5196,21.3609],[107.5161,21.3612],[107.513,21.3643],[107.5063,21.3724],[107.5085,21.3761],[107.5072,21.3783],[107.5041,21.3806],[107.5019,21.3807],[107.4958,21.3769],[107.4939,21.3775],[107.4872,21.3756],[107.4858,21.3771],[107.4858,21.3791],[107.4842,21.3845],[107.4821,21.3839],[107.4809,21.3826],[107.4789,21.3836],[107.4756,21.3863],[107.4765,21.3884],[107.4796,21.3911],[107.4752,21.3944],[107.4731,21.3946],[107.4726,21.3972],[107.4712,21.4003],[107.4715,21.4035],[107.4734,21.4062],[107.4734,21.4086],[107.4747,21.4097],[107.4754,21.4116],[107.4732,21.4179],[107.4746,21.4189],[107.4753,21.4239],[107.4752,21.4285],[107.4719,21.4334],[107.4704,21.4338],[107.4668,21.4367],[107.4688,21.4406],[107.4686,21.4431],[107.4696,21.4448]]]},"properties":{"name":"Quảng Tân","level":"ward"}},{"type":"Feature","geometry":{"type":"MultiPolygon","coordinates":[[[[107.7248,21.3466],[107.7236,21.3478],[107.7239,21.3502],[107.7274,21.3511],[107.726,21.3478],[107.7248,21.3466]]],[[[107.7584,21.3705],[107.7605,21.3681],[107.7612,21.3663],[107.7582,21.3657],[107.7552,21.362],[107.7496,21.3624],[107.7482,21.3633],[107.7461,21.3623],[107.7446,21.3629],[107.7449,21.3655],[107.7432,21.3691],[107.7462,21.3704],[107.7556,21.3714],[107.7584,21.3705]]],[[[107.7649,21.3856],[107.7655,21.3831],[107.7629,21.3834],[107.763,21.3867],[107.7649,21.3856]]],[[[107.6855,21.3811],[107.6824,21.3808],[107.6812,21.3846],[107.6782,21.391],[107.6807,21.391],[107.6849,21.3878],[107.6873,21.3839],[107.6869,21.3823],[107.6855,21.3811]]],[[[107.6927,21.3983],[107.694,21.3983],[107.6942,21.395],[107.6956,21.3918],[107.6953,21.3887],[107.6917,21.3863],[107.6889,21.3867],[107.6876,21.388],[107.6885,21.3915],[107.6902,21.3927],[107.6913,21.3956],[107.6904,21.3969],[107.691,21.3986],[107.6927,21.3983]]],[[[107.6775,21.3938],[107.6766,21.394],[107.6723,21.3976],[107.6731,21.4009],[107.6759,21.4045],[107.6789,21.4046],[107.6789,21.4022],[107.6798,21.3983],[107.6775,21.3938]]],[[[107.7039,21.4077],[107.7038,21.4061],[107.7019,21.4049],[107.6992,21.4067],[107.6986,21.4078],[107.7039,21.4077]]],[[[107.7268,21.4058],[107.7253,21.4021],[107.7257,21.4011],[107.7256,21.3967],[107.7221,21.3997],[107.7229,21.4034],[107.7258,21.4053],[107.7245,21.4073],[107.7266,21.4076],[107.7268,21.4058]]],[[[107.7879,21.5003],[107.7858,21.5001],[107.7854,21.5027],[107.7894,21.5011],[107.7879,21.5003]]],[[[107.7834,21.503],[107.7847,21.5028],[107.7851,21.4983],[107.7826,21.499],[107.7812,21.5007],[107.7825,21.5036],[107.7834,21.503]]],[[[107.672,21.4162],[107.6722,21.4188],[107.6694,21.4199],[107.6678,21.4218],[107.669,21.4231],[107.6696,21.4273],[107.6711,21.4281],[107.6708,21.431],[107.6684,21.4309],[107.668,21.434],[107.6699,21.4382],[107.6718,21.441],[107.6734,21.4406],[107.6732,21.443],[107.6751,21.4462],[107.6813,21.447],[107.6851,21.4463],[107.687,21.4439],[107.6888,21.4429],[107.6912,21.4426],[107.6935,21.4391],[107.6948,21.4382],[107.6982,21.4387],[107.7014,21.4404],[107.7087,21.4371],[107.7106,21.4388],[107.7128,21.4387],[107.7155,21.4364],[107.7202,21.4366],[107.7244,21.4344],[107.7262,21.4341],[107.7411,21.4413],[107.7359,21.4438],[107.7333,21.4412],[107.7288,21.4403],[107.7261,21.4418],[107.7234,21.441],[107.7198,21.4422],[107.7144,21.4424],[107.7112,21.4455],[107.7095,21.445],[107.7054,21.449],[107.7045,21.4514],[107.7064,21.4519],[107.7098,21.4561],[107.7101,21.4581],[107.7114,21.4595],[107.7138,21.4596],[107.7175,21.4585],[107.7178,21.4568],[107.7204,21.4584],[107.7219,21.4586],[107.7259,21.456],[107.727,21.4568],[107.7275,21.4589],[107.7299,21.4579],[107.7319,21.4611],[107.7326,21.4659],[107.731,21.4674],[107.7338,21.4704],[107.7349,21.4699],[107.7366,21.4732],[107.7402,21.4737],[107.7447,21.4748],[107.7508,21.472],[107.7523,21.4723],[107.7554,21.4702],[107.7569,21.4686],[107.7592,21.4696],[107.7619,21.4697],[107.7609,21.474],[107.7581,21.4772],[107.7576,21.4789],[107.7594,21.4798],[107.7621,21.4787],[107.7634,21.4795],[107.7641,21.4815],[107.7656,21.481],[107.7662,21.4827],[107.7664,21.4903],[107.7646,21.4918],[107.7646,21.4938],[107.766,21.4952],[107.7668,21.4977],[107.765,21.4986],[107.7654,21.4999],[107.764,21.5037],[107.7648,21.5081],[107.769,21.5104],[107.7724,21.5114],[107.7744,21.5107],[107.7782,21.5064],[107.7802,21.5048],[107.7806,21.5013],[107.7814,21.4992],[107.7854,21.4968],[107.7881,21.4978],[107.7911,21.4963],[107.7907,21.4949],[107.7882,21.4928],[107.793,21.4921],[107.7985,21.4889],[107.7984,21.4854],[107.8002,21.4836],[107.7997,21.4805],[107.8001,21.4784],[107.7985,21.4742],[107.7951,21.4724],[107.7935,21.4724],[107.7929,21.4745],[107.7894,21.4729],[107.7915,21.471],[107.7916,21.4688],[107.7937,21.4684],[107.7906,21.4662],[107.7888,21.4623],[107.7875,21.4621],[107.788,21.4584],[107.7858,21.4575],[107.7852,21.4554],[107.7818,21.4538],[107.7769,21.4545],[107.7774,21.4517],[107.7803,21.4519],[107.7819,21.4512],[107.7811,21.4475],[107.7779,21.4467],[107.7733,21.4432],[107.7716,21.4439],[107.7708,21.4468],[107.7672,21.4458],[107.7671,21.4417],[107.765,21.442],[107.7646,21.4402],[107.7618,21.4397],[107.7618,21.4386],[107.7644,21.4381],[107.764,21.4365],[107.7619,21.4372],[107.7602,21.4351],[107.7606,21.4331],[107.7626,21.4335],[107.7633,21.4319],[107.762,21.431],[107.7606,21.428],[107.7628,21.4231],[107.7608,21.4217],[107.7605,21.4189],[107.7585,21.4176],[107.7588,21.4145],[107.7578,21.4128],[107.7558,21.4113],[107.754,21.4079],[107.7549,21.4046],[107.7535,21.402],[107.7511,21.4019],[107.7472,21.3994],[107.7456,21.4002],[107.7429,21.399],[107.7394,21.3982],[107.7378,21.3991],[107.7344,21.3969],[107.7298,21.3978],[107.7286,21.3989],[107.7276,21.4029],[107.7292,21.4042],[107.7303,21.4073],[107.7285,21.4095],[107.7263,21.4102],[107.7236,21.4072],[107.7238,21.4048],[107.7222,21.404],[107.7183,21.4053],[107.7186,21.4024],[107.7177,21.4013],[107.7185,21.3982],[107.7168,21.3964],[107.7176,21.3951],[107.7155,21.3895],[107.7141,21.3883],[107.7095,21.3872],[107.7076,21.3871],[107.7039,21.3889],[107.7019,21.3909],[107.7007,21.393],[107.6999,21.3967],[107.6985,21.3972],[107.6972,21.3957],[107.6955,21.4033],[107.6965,21.406],[107.6987,21.4064],[107.7021,21.4044],[107.7038,21.4042],[107.705,21.4055],[107.704,21.4086],[107.702,21.4079],[107.6974,21.4081],[107.6942,21.4055],[107.6938,21.3989],[107.6905,21.3987],[107.69,21.3976],[107.6907,21.3952],[107.6899,21.3935],[107.6868,21.3915],[107.6865,21.3887],[107.6823,21.392],[107.6796,21.3926],[107.6807,21.397],[107.6806,21.3992],[107.6794,21.4029],[107.6795,21.405],[107.6771,21.4055],[107.6764,21.4088],[107.6751,21.4114],[107.6733,21.4134],[107.672,21.4162]]]]},"properties":{"name":"Quảng Hà","level":"ward"}},{"type":"Feature","geometry":{"type":"MultiPolygon","coordinates":[[[[107.7489,21.6411],[107.7477,21.6389],[107.7493,21.6334],[107.7476,21.6299],[107.7479,21.6286],[107.7466,21.626],[107.7445,21.6245],[107.7421,21.6218],[107.7426,21.6178],[107.7385,21.6136],[107.7398,21.6129],[107.7409,21.6106],[107.7402,21.6087],[107.7409,21.6064],[107.738,21.6007],[107.739,21.5975],[107.741,21.5946],[107.739,21.5935],[107.7375,21.5916],[107.7352,21.5901],[107.7329,21.5848],[107.7334,21.5783],[107.7332,21.5756],[107.7317,21.5736],[107.7338,21.5701],[107.7335,21.5692],[107.7342,21.5658],[107.7333,21.5638],[107.7349,21.5593],[107.7335,21.5566],[107.7378,21.5538],[107.7416,21.5535],[107.7421,21.5522],[107.7439,21.5513],[107.7432,21.5496],[107.7443,21.5474],[107.7466,21.5468],[107.7466,21.5457],[107.7492,21.5455],[107.7489,21.5431],[107.7505,21.5417],[107.751,21.5393],[107.7496,21.538],[107.7517,21.5349],[107.7501,21.5304],[107.7512,21.528],[107.7519,21.5238],[107.7532,21.5205],[107.752,21.5182],[107.7536,21.517],[107.7533,21.5152],[107.7552,21.511],[107.757,21.5066],[107.759,21.5055],[107.7623,21.5076],[107.7648,21.5081],[107.764,21.5037],[107.7654,21.4999],[107.765,21.4986],[107.7668,21.4977],[107.766,21.4952],[107.7646,21.4938],[107.7646,21.4918],[107.7664,21.4903],[107.7662,21.4827],[107.7656,21.481],[107.7641,21.4815],[107.7634,21.4795],[107.7621,21.4787],[107.7594,21.4798],[107.7576,21.4789],[107.7581,21.4772],[107.7609,21.474],[107.7619,21.4697],[107.7592,21.4696],[107.7569,21.4686],[107.7554,21.4702],[107.7523,21.4723],[107.7508,21.472],[107.7447,21.4748],[107.7402,21.4737],[107.7366,21.4732],[107.7349,21.4699],[107.7338,21.4704],[107.731,21.4674],[107.7326,21.4659],[107.7319,21.4611],[107.7299,21.4579],[107.7275,21.4589],[107.727,21.4568],[107.7259,21.456],[107.7219,21.4586],[107.7204,21.4584],[107.7178,21.4568],[107.7175,21.4585],[107.7138,21.4596],[107.7114,21.4595],[107.7104,21.4604],[107.7081,21.4602],[107.7071,21.4617],[107.7048,21.4609],[107.7013,21.4638],[107.7013,21.4649],[107.6991,21.4667],[107.701,21.4694],[107.7049,21.4697],[107.7074,21.4722],[107.7068,21.4752],[107.7081,21.4803],[107.7065,21.4825],[107.7046,21.4836],[107.7053,21.4854],[107.7043,21.4876],[107.7053,21.4884],[107.7046,21.4915],[107.7077,21.4953],[107.7081,21.4982],[107.7063,21.5029],[107.7058,21.5054],[107.7045,21.5062],[107.7049,21.5088],[107.7002,21.5115],[107.6973,21.5154],[107.6962,21.5157],[107.6908,21.5101],[107.6889,21.5091],[107.6853,21.5101],[107.6851,21.5123],[107.6857,21.5159],[107.6872,21.5191],[107.6877,21.5221],[107.6838,21.5232],[107.6828,21.5251],[107.6813,21.5246],[107.6802,21.5228],[107.6758,21.5214],[107.6738,21.522],[107.6741,21.5239],[107.6757,21.5256],[107.6731,21.5272],[107.672,21.5288],[107.6693,21.5298],[107.6666,21.5331],[107.6635,21.5356],[107.6659,21.538],[107.6643,21.5396],[107.6623,21.5437],[107.6623,21.5481],[107.6604,21.551],[107.6598,21.5547],[107.6577,21.5584],[107.6558,21.5583],[107.6531,21.561],[107.6517,21.5635],[107.6516,21.5652],[107.6494,21.568],[107.6467,21.5699],[107.6402,21.5727],[107.6391,21.5744],[107.6387,21.5784],[107.6373,21.581],[107.6383,21.5849],[107.6406,21.5862],[107.6441,21.5892],[107.6484,21.588],[107.6527,21.5874],[107.6554,21.5876],[107.6579,21.5852],[107.6627,21.5895],[107.6658,21.5901],[107.669,21.5932],[107.6683,21.5955],[107.6672,21.5962],[107.6643,21.6013],[107.663,21.6025],[107.6623,21.6073],[107.6605,21.6101],[107.6642,21.6132],[107.6695,21.6133],[107.6757,21.609],[107.6786,21.6109],[107.6819,21.6107],[107.6851,21.6119],[107.6879,21.6113],[107.6905,21.6147],[107.6921,21.6143],[107.6951,21.6163],[107.6982,21.6155],[107.701,21.6165],[107.7027,21.6164],[107.7067,21.6189],[107.7082,21.6189],[107.7127,21.6209],[107.7162,21.6215],[107.7185,21.6259],[107.7198,21.6259],[107.7209,21.6282],[107.7223,21.6292],[107.7292,21.6301],[107.7313,21.6307],[107.7343,21.6324],[107.7394,21.637],[107.7404,21.6384],[107.7428,21.6397],[107.7489,21.6411]]],[[[107.7593,21.5058],[107.7573,21.5066],[107.7587,21.5087],[107.7616,21.5094],[107.7626,21.5084],[107.7593,21.5058]]]]},"properties":{"name":"Quảng Đức","level":"ward"}},{"type":"Feature","geometry":{"type":"MultiPolygon","coordinates":[[[[107.5218,21.4969],[107.5219,21.4997],[107.525,21.5027],[107.525,21.5036],[107.5218,21.5072],[107.5211,21.5092],[107.5183,21.5102],[107.5175,21.5131],[107.5179,21.5156],[107.516,21.5193],[107.5204,21.5248],[107.5232,21.5279],[107.5275,21.5281],[107.529,21.5288],[107.5313,21.5259],[107.5334,21.5251],[107.5373,21.5252],[107.5384,21.5262],[107.5404,21.5264],[107.5426,21.5255],[107.5446,21.5283],[107.5466,21.5272],[107.5495,21.5271],[107.5544,21.5259],[107.557,21.521],[107.5633,21.5203],[107.5653,21.5186],[107.5698,21.5177],[107.5706,21.5168],[107.5754,21.5169],[107.5765,21.5179],[107.5817,21.5178],[107.5834,21.5184],[107.585,21.5175],[107.5854,21.52],[107.587,21.5205],[107.5891,21.5227],[107.5928,21.5239],[107.594,21.5255],[107.5961,21.526],[107.5968,21.5289],[107.5965,21.5333],[107.5938,21.5364],[107.5941,21.5407],[107.5946,21.5419],[107.597,21.5426],[107.5982,21.548],[107.6014,21.5502],[107.6019,21.5521],[107.5996,21.5548],[107.5984,21.5554],[107.5967,21.5584],[107.5949,21.5601],[107.5993,21.5618],[107.6019,21.5599],[107.6056,21.5589],[107.6087,21.5597],[107.6108,21.5611],[107.6116,21.5627],[107.6112,21.5663],[107.6116,21.5683],[107.611,21.5699],[107.6112,21.5727],[107.6107,21.5745],[107.6109,21.5768],[107.612,21.5781],[107.6111,21.58],[107.6073,21.5927],[107.6078,21.5931],[107.606,21.5969],[107.6037,21.5977],[107.6025,21.6],[107.6021,21.6025],[107.6031,21.6035],[107.6121,21.6081],[107.6219,21.6088],[107.6305,21.6071],[107.652,21.6071],[107.6605,21.6101],[107.6623,21.6073],[107.663,21.6025],[107.6643,21.6013],[107.6672,21.5962],[107.6683,21.5955],[107.669,21.5932],[107.6658,21.5901],[107.6627,21.5895],[107.6579,21.5852],[107.6554,21.5876],[107.6527,21.5874],[107.6484,21.588],[107.6441,21.5892],[107.6406,21.5862],[107.6383,21.5849],[107.6373,21.581],[107.6387,21.5784],[107.6391,21.5744],[107.6402,21.5727],[107.6467,21.5699],[107.6494,21.568],[107.6516,21.5652],[107.6517,21.5635],[107.6531,21.561],[107.6558,21.5583],[107.6577,21.5584],[107.6598,21.5547],[107.6604,21.551],[107.6623,21.5481],[107.6623,21.5437],[107.6643,21.5396],[107.6659,21.538],[107.6635,21.5356],[107.6666,21.5331],[107.6693,21.5298],[107.672,21.5288],[107.6731,21.5272],[107.6757,21.5256],[107.6741,21.5239],[107.6738,21.522],[107.6758,21.5214],[107.6802,21.5228],[107.6813,21.5246],[107.6828,21.5251],[107.6838,21.5232],[107.6877,21.5221],[107.6872,21.5191],[107.6857,21.5159],[107.6851,21.5123],[107.6853,21.5101],[107.6889,21.5091],[107.6908,21.5101],[107.6962,21.5157],[107.6973,21.5154],[107.7002,21.5115],[107.7049,21.5088],[107.7045,21.5062],[107.7058,21.5054],[107.7063,21.5029],[107.7081,21.4982],[107.7077,21.4953],[107.7046,21.4915],[107.7053,21.4884],[107.7043,21.4876],[107.7053,21.4854],[107.7046,21.4836],[107.7065,21.4825],[107.7081,21.4803],[107.7068,21.4752],[107.7074,21.4722],[107.7049,21.4697],[107.701,21.4694],[107.6991,21.4667],[107.7013,21.4649],[107.7013,21.4638],[107.7048,21.4609],[107.7071,21.4617],[107.7081,21.4602],[107.7104,21.4604],[107.7114,21.4595],[107.7101,21.4581],[107.7098,21.4561],[107.7064,21.4519],[107.7045,21.4514],[107.7054,21.449],[107.7095,21.445],[107.7112,21.4455],[107.7144,21.4424],[107.7198,21.4422],[107.7234,21.441],[107.7261,21.4418],[107.7288,21.4403],[107.7333,21.4412],[107.7359,21.4438],[107.7411,21.4413],[107.7262,21.4341],[107.7244,21.4344],[107.7202,21.4366],[107.7155,21.4364],[107.7128,21.4387],[107.7106,21.4388],[107.7087,21.4371],[107.7014,21.4404],[107.6982,21.4387],[107.6948,21.4382],[107.6935,21.4391],[107.6912,21.4426],[107.6888,21.4429],[107.687,21.4439],[107.6851,21.4463],[107.6813,21.447],[107.6751,21.4462],[107.6732,21.443],[107.6734,21.4406],[107.6718,21.441],[107.6699,21.4382],[107.668,21.434],[107.6684,21.4309],[107.6708,21.431],[107.6711,21.4281],[107.6696,21.4273],[107.669,21.4231],[107.6678,21.4218],[107.6694,21.4199],[107.6722,21.4188],[107.672,21.4162],[107.6715,21.4159],[107.6757,21.408],[107.6755,21.406],[107.6736,21.4054],[107.6717,21.4023],[107.6709,21.3992],[107.67,21.3988],[107.6685,21.3958],[107.6664,21.3964],[107.6671,21.3983],[107.6643,21.3997],[107.6623,21.3952],[107.668,21.394],[107.6695,21.3924],[107.6732,21.3912],[107.6741,21.3904],[107.6732,21.3882],[107.6741,21.3876],[107.6744,21.385],[107.6752,21.3843],[107.6759,21.3811],[107.6755,21.3795],[107.6715,21.3753],[107.6687,21.3746],[107.6651,21.3764],[107.6649,21.3781],[107.6661,21.3799],[107.6658,21.382],[107.6631,21.3802],[107.6644,21.3769],[107.6665,21.3749],[107.6695,21.3736],[107.669,21.3711],[107.6666,21.3687],[107.6634,21.3675],[107.6602,21.368],[107.6503,21.3725],[107.6486,21.374],[107.649,21.3754],[107.6508,21.3757],[107.6518,21.3773],[107.6484,21.38],[107.6471,21.38],[107.6472,21.3791],[107.6457,21.3752],[107.6447,21.3752],[107.6406,21.3812],[107.6399,21.3809],[107.6369,21.3882],[107.6332,21.3933],[107.6308,21.3952],[107.6295,21.3978],[107.6273,21.3986],[107.6268,21.4003],[107.6279,21.4018],[107.6281,21.4036],[107.6303,21.4035],[107.6308,21.4065],[107.6323,21.4069],[107.6327,21.4086],[107.6343,21.4096],[107.6362,21.4093],[107.6368,21.4106],[107.6352,21.4123],[107.6337,21.4121],[107.6334,21.4144],[107.6265,21.4173],[107.6226,21.4181],[107.6209,21.4196],[107.6188,21.4247],[107.6171,21.4267],[107.6159,21.4305],[107.6145,21.432],[107.6154,21.4351],[107.6128,21.4363],[107.6115,21.4396],[107.613,21.442],[107.6128,21.4453],[107.6139,21.4472],[107.6151,21.4473],[107.6162,21.4506],[107.6106,21.4553],[107.6092,21.458],[107.6061,21.4595],[107.6035,21.4619],[107.5965,21.4633],[107.5947,21.4664],[107.5897,21.4711],[107.585,21.4727],[107.5825,21.4751],[107.5806,21.479],[107.5733,21.483],[107.571,21.4851],[107.5688,21.4858],[107.5642,21.4859],[107.5633,21.4844],[107.561,21.4852],[107.5577,21.4881],[107.5541,21.489],[107.5508,21.4914],[107.5501,21.494],[107.5445,21.4964],[107.5438,21.4976],[107.541,21.4983],[107.5391,21.4977],[107.5369,21.4984],[107.535,21.4973],[107.5325,21.4976],[107.5218,21.4969]]],[[[107.6514,21.3768],[107.6488,21.3762],[107.6475,21.3734],[107.6461,21.3747],[107.647,21.3774],[107.6475,21.3795],[107.6486,21.3797],[107.6514,21.3768]]]]},"properties":{"name":"Đường Hoa","level":"ward"}},{"type":"Feature","geometry":{"type":"MultiPolygon","coordinates":[[[[107.6787,21.261],[107.6775,21.2591],[107.6748,21.257],[107.6742,21.2599],[107.6787,21.261]]],[[[107.6935,21.268],[107.6911,21.2666],[107.6889,21.2669],[107.6848,21.2662],[107.6844,21.2671],[107.6883,21.2679],[107.6935,21.268]]],[[[107.6485,21.2722],[107.6484,21.2685],[107.6475,21.2675],[107.6438,21.2673],[107.6424,21.269],[107.6422,21.2705],[107.6438,21.2724],[107.645,21.272],[107.6474,21.2743],[107.6485,21.2722]]],[[[107.6668,21.2783],[107.6655,21.2773],[107.6619,21.2768],[107.6598,21.2739],[107.6553,21.2712],[107.653,21.2708],[107.6511,21.2696],[107.6505,21.2752],[107.6524,21.2779],[107.6546,21.2783],[107.6576,21.281],[107.6592,21.281],[107.6606,21.2783],[107.6625,21.2806],[107.6614,21.2821],[107.6634,21.2842],[107.665,21.2838],[107.6692,21.2809],[107.6668,21.2783]]],[[[107.7947,21.2958],[107.7925,21.2942],[107.7905,21.2936],[107.7864,21.2939],[107.7825,21.2936],[107.7756,21.2943],[107.772,21.2918],[107.7689,21.2912],[107.76,21.2861],[107.7571,21.2851],[107.7549,21.2836],[107.7525,21.2835],[107.7512,21.2873],[107.7543,21.291],[107.7575,21.2917],[107.7609,21.2935],[107.7669,21.2959],[107.7712,21.2962],[107.7749,21.2957],[107.7811,21.2957],[107.783,21.2964],[107.7857,21.296],[107.7911,21.2971],[107.7947,21.2958]]],[[[107.7001,21.2989],[107.6955,21.2945],[107.6935,21.2939],[107.6885,21.291],[107.6852,21.2884],[107.6868,21.287],[107.684,21.2846],[107.678,21.282],[107.6742,21.2796],[107.6701,21.2755],[107.6677,21.274],[107.66,21.2701],[107.6537,21.2665],[107.6539,21.2682],[107.6586,21.2709],[107.6646,21.2752],[107.671,21.2782],[107.6738,21.2806],[107.6691,21.2834],[107.6679,21.2855],[107.672,21.2887],[107.6737,21.2909],[107.6773,21.2909],[107.6781,21.2887],[107.6795,21.2898],[107.6794,21.292],[107.6816,21.291],[107.683,21.2913],[107.6822,21.2935],[107.6847,21.2952],[107.6867,21.2955],[107.693,21.2979],[107.697,21.2986],[107.6975,21.2999],[107.6995,21.3006],[107.7001,21.2989]]],[[[107.8162,21.3561],[107.8201,21.3526],[107.8178,21.3515],[107.8125,21.3471],[107.8113,21.3457],[107.8088,21.3463],[107.8055,21.3454],[107.8013,21.3395],[107.8009,21.3372],[107.798,21.3384],[107.7968,21.3369],[107.7977,21.3349],[107.7961,21.3327],[107.7923,21.3323],[107.7921,21.3311],[107.7823,21.3277],[107.7783,21.3238],[107.7755,21.3231],[107.774,21.3247],[107.7691,21.3228],[107.767,21.3209],[107.762,21.3182],[107.7584,21.3177],[107.7549,21.3146],[107.7524,21.3143],[107.7478,21.3114],[107.7468,21.3075],[107.7458,21.3071],[107.7393,21.3072],[107.7365,21.3051],[107.7323,21.303],[107.7312,21.3034],[107.7334,21.307],[107.7337,21.3095],[107.7307,21.3107],[107.7311,21.3123],[107.7268,21.3111],[107.72,21.3068],[107.7177,21.3043],[107.7136,21.303],[107.7118,21.3037],[107.7052,21.301],[107.705,21.303],[107.7116,21.3058],[107.7123,21.3067],[107.7162,21.3079],[107.7204,21.3101],[107.7257,21.3137],[107.7275,21.3127],[107.7289,21.3152],[107.7407,21.323],[107.7467,21.3266],[107.7513,21.3278],[107.7564,21.3307],[107.7615,21.3315],[107.7624,21.3324],[107.7655,21.3327],[107.7663,21.3314],[107.7612,21.3289],[107.7607,21.3278],[107.7682,21.3306],[107.7735,21.3336],[107.7723,21.3339],[107.7686,21.3322],[107.7686,21.3339],[107.7727,21.3373],[107.7834,21.3437],[107.7903,21.3476],[107.7953,21.3509],[107.7993,21.3527],[107.803,21.3528],[107.8041,21.3542],[107.8062,21.3544],[107.8065,21.3557],[107.8124,21.3568],[107.8157,21.3581],[107.8162,21.3561]]]]},"properties":{"name":"Cái Chiên","level":"ward"}},{"type":"Feature","geometry":{"type":"Polygon","coordinates":[[[107.3234,21.1721],[107.3221,21.1726],[107.3187,21.1724],[107.3169,21.1762],[107.3147,21.178],[107.3125,21.1789],[107.3096,21.1809],[107.3083,21.1829],[107.3038,21.1861],[107.3013,21.1863],[107.2937,21.182],[107.2923,21.1791],[107.2892,21.1786],[107.2865,21.1772],[107.281,21.1799],[107.2757,21.1785],[107.2726,21.1767],[107.2706,21.1745],[107.2667,21.1719],[107.2614,21.1705],[107.2601,21.1707],[107.2592,21.1685],[107.2573,21.1685],[107.2544,21.1668],[107.2519,21.1666],[107.2485,21.1649],[107.2454,21.1617],[107.242,21.1618],[107.2397,21.1605],[107.238,21.158],[107.2374,21.1558],[107.2347,21.1538],[107.2336,21.1511],[107.2336,21.1486],[107.2327,21.1443],[107.2333,21.1424],[107.2319,21.1416],[107.2302,21.1387],[107.2275,21.138],[107.2226,21.1388],[107.2176,21.1385],[107.2145,21.1348],[107.2129,21.1335],[107.2098,21.1322],[107.2083,21.1302],[107.206,21.1317],[107.2028,21.1315],[107.2012,21.1322],[107.1984,21.1346],[107.1944,21.1351],[107.1882,21.1325],[107.1852,21.1354],[107.1844,21.1403],[107.1816,21.1419],[107.1781,21.1421],[107.1744,21.1448],[107.1768,21.1505],[107.1775,21.1531],[107.1795,21.1542],[107.1794,21.159],[107.1779,21.161],[107.1784,21.1644],[107.1803,21.1659],[107.1803,21.1684],[107.1864,21.1724],[107.1884,21.1731],[107.1891,21.176],[107.1909,21.1792],[107.1947,21.1816],[107.194,21.1827],[107.1959,21.1867],[107.199,21.19],[107.2021,21.192],[107.2039,21.194],[107.2099,21.1978],[107.2109,21.2013],[107.2073,21.2039],[107.2064,21.2054],[107.2035,21.2059],[107.2,21.2093],[107.1971,21.2106],[107.1936,21.2153],[107.1902,21.2171],[107.1886,21.2196],[107.1843,21.218],[107.1812,21.2217],[107.1811,21.223],[107.1772,21.2242],[107.1772,21.226],[107.176,21.228],[107.1734,21.2297],[107.1719,21.2317],[107.1713,21.2338],[107.1744,21.2372],[107.1746,21.2388],[107.1726,21.2402],[107.1712,21.2426],[107.1723,21.2448],[107.171,21.2478],[107.1695,21.2492],[107.1646,21.2509],[107.1627,21.2507],[107.1604,21.2564],[107.1616,21.2637],[107.1611,21.2678],[107.1641,21.2678],[107.1661,21.2688],[107.167,21.2733],[107.1659,21.2773],[107.1659,21.2793],[107.1672,21.2818],[107.1691,21.2819],[107.1707,21.284],[107.1734,21.2852],[107.1749,21.2873],[107.1779,21.2881],[107.1784,21.2896],[107.1829,21.293],[107.1844,21.2937],[107.184,21.2967],[107.1821,21.3004],[107.1825,21.3036],[107.1815,21.3048],[107.1813,21.3092],[107.178,21.3182],[107.1802,21.3189],[107.1833,21.3219],[107.185,21.3256],[107.1891,21.3303],[107.1929,21.3331],[107.1952,21.3332],[107.1996,21.3342],[107.2001,21.3364],[107.1984,21.3412],[107.197,21.3462],[107.1976,21.3487],[107.2006,21.3517],[107.2024,21.355],[107.2019,21.3585],[107.2022,21.3608],[107.2011,21.3614],[107.203,21.3643],[107.203,21.3698],[107.2038,21.3733],[107.2031,21.3762],[107.2038,21.3787],[107.2094,21.3862],[107.2115,21.3877],[107.2141,21.3877],[107.2166,21.389],[107.2186,21.3868],[107.2225,21.3854],[107.2259,21.3814],[107.2282,21.3798],[107.2279,21.3774],[107.2355,21.3735],[107.2353,21.3707],[107.2376,21.3697],[107.2404,21.364],[107.2431,21.3657],[107.2485,21.3673],[107.2514,21.3672],[107.2524,21.3664],[107.2551,21.3637],[107.2565,21.3603],[107.2579,21.3584],[107.2633,21.3535],[107.2623,21.3532],[107.2574,21.3476],[107.2556,21.3448],[107.2536,21.3434],[107.2528,21.3412],[107.2536,21.3367],[107.2519,21.3342],[107.2526,21.3323],[107.2549,21.3298],[107.2603,21.329],[107.2635,21.328],[107.2668,21.3285],[107.2698,21.3282],[107.2738,21.3259],[107.2789,21.3244],[107.2812,21.3247],[107.2822,21.3229],[107.2844,21.3233],[107.2872,21.3209],[107.2883,21.3229],[107.2906,21.322],[107.2971,21.3212],[107.2994,21.3204],[107.2985,21.3179],[107.3012,21.3163],[107.3032,21.3169],[107.3051,21.3161],[107.3079,21.3173],[107.3105,21.3167],[107.3129,21.3154],[107.3145,21.3127],[107.317,21.3129],[107.3182,21.3107],[107.3219,21.3081],[107.3222,21.3059],[107.3233,21.3056],[107.3266,21.3073],[107.3322,21.307],[107.3334,21.3053],[107.3353,21.2998],[107.3345,21.298],[107.3403,21.2937],[107.3403,21.2897],[107.3407,21.2873],[107.339,21.2844],[107.3395,21.2818],[107.3382,21.2798],[107.3384,21.2756],[107.3392,21.2713],[107.3415,21.2665],[107.3429,21.2655],[107.3441,21.2632],[107.3439,21.2599],[107.3458,21.2565],[107.3466,21.2536],[107.3462,21.2521],[107.347,21.2499],[107.347,21.2476],[107.3481,21.2455],[107.3533,21.2404],[107.3514,21.2383],[107.3487,21.2335],[107.3484,21.2296],[107.3503,21.2279],[107.3509,21.2253],[107.3519,21.2241],[107.3555,21.223],[107.3628,21.225],[107.3657,21.2253],[107.3664,21.2218],[107.3578,21.22],[107.3541,21.2164],[107.3525,21.2133],[107.3529,21.2116],[107.3507,21.2113],[107.3488,21.2064],[107.3495,21.2036],[107.3488,21.2021],[107.3437,21.1992],[107.3434,21.1973],[107.3413,21.1943],[107.3393,21.1938],[107.339,21.1926],[107.3349,21.1891],[107.3343,21.1863],[107.337,21.1814],[107.3367,21.1775],[107.3343,21.1752],[107.3327,21.1747],[107.329,21.1761],[107.3234,21.1721]]]},"properties":{"name":"Ba Chẽ","level":"ward"}},{"type":"Feature","geometry":{"type":"Polygon","coordinates":[[[107.2038,21.3787],[107.2031,21.3762],[107.2038,21.3733],[107.203,21.3698],[107.203,21.3643],[107.2011,21.3614],[107.2022,21.3608],[107.2019,21.3585],[107.2024,21.355],[107.2006,21.3517],[107.1976,21.3487],[107.197,21.3462],[107.1984,21.3412],[107.2001,21.3364],[107.1996,21.3342],[107.1952,21.3332],[107.1929,21.3331],[107.1891,21.3303],[107.185,21.3256],[107.1833,21.3219],[107.1802,21.3189],[107.178,21.3182],[107.1813,21.3092],[107.1815,21.3048],[107.1825,21.3036],[107.1821,21.3004],[107.184,21.2967],[107.1844,21.2937],[107.1829,21.293],[107.1784,21.2896],[107.1779,21.2881],[107.1749,21.2873],[107.1734,21.2852],[107.1707,21.284],[107.1691,21.2819],[107.1672,21.2818],[107.1659,21.2793],[107.1659,21.2773],[107.167,21.2733],[107.1661,21.2688],[107.1641,21.2678],[107.1611,21.2678],[107.1616,21.2637],[107.1604,21.2564],[107.1627,21.2507],[107.1646,21.2509],[107.1695,21.2492],[107.171,21.2478],[107.1723,21.2448],[107.1712,21.2426],[107.1726,21.2402],[107.1746,21.2388],[107.1744,21.2372],[107.1713,21.2338],[107.1719,21.2317],[107.1734,21.2297],[107.176,21.228],[107.1772,21.226],[107.1772,21.2242],[107.1811,21.223],[107.1812,21.2217],[107.1843,21.218],[107.1886,21.2196],[107.1902,21.2171],[107.1936,21.2153],[107.1971,21.2106],[107.2,21.2093],[107.2035,21.2059],[107.2064,21.2054],[107.2073,21.2039],[107.2109,21.2013],[107.2099,21.1978],[107.2039,21.194],[107.2021,21.192],[107.199,21.19],[107.1959,21.1867],[107.194,21.1827],[107.1947,21.1816],[107.1909,21.1792],[107.1891,21.176],[107.1884,21.1731],[107.1864,21.1724],[107.1803,21.1684],[107.1803,21.1659],[107.1784,21.1644],[107.1779,21.161],[107.1794,21.159],[107.1795,21.1542],[107.1775,21.1531],[107.1768,21.1505],[107.1744,21.1448],[107.1725,21.146],[107.1701,21.1457],[107.1669,21.1462],[107.1609,21.1433],[107.158,21.1445],[107.157,21.1423],[107.155,21.1409],[107.1465,21.1417],[107.1438,21.1423],[107.1399,21.1442],[107.1343,21.1457],[107.1334,21.1448],[107.1309,21.145],[107.1304,21.1428],[107.127,21.1416],[107.1237,21.1367],[107.121,21.1357],[107.12,21.1341],[107.1174,21.1334],[107.1108,21.1352],[107.1074,21.1372],[107.1061,21.1394],[107.1029,21.1416],[107.1018,21.1424],[107.1009,21.1452],[107.0997,21.1465],[107.1,21.1497],[107.0992,21.1505],[107.0985,21.1533],[107.0968,21.1545],[107.0955,21.1574],[107.0944,21.1582],[107.0934,21.1611],[107.0954,21.1657],[107.0945,21.1676],[107.0949,21.1697],[107.0978,21.1733],[107.0946,21.1739],[107.0934,21.1753],[107.0931,21.1786],[107.0989,21.1858],[107.0986,21.1885],[107.1004,21.1904],[107.0987,21.193],[107.0991,21.1947],[107.0983,21.1963],[107.0989,21.1987],[107.0991,21.204],[107.1013,21.2098],[107.0983,21.2125],[107.0962,21.2154],[107.098,21.2218],[107.0947,21.224],[107.0955,21.2264],[107.0944,21.2287],[107.0945,21.2306],[107.0905,21.2302],[107.0893,21.2339],[107.0881,21.2355],[107.0881,21.2404],[107.0857,21.2435],[107.0846,21.2462],[107.0858,21.2499],[107.0852,21.2524],[107.0819,21.2546],[107.0795,21.2572],[107.0795,21.2591],[107.0758,21.264],[107.0759,21.2655],[107.0745,21.2667],[107.0713,21.267],[107.0711,21.2723],[107.0722,21.2731],[107.0743,21.2719],[107.0773,21.2723],[107.0799,21.2713],[107.0815,21.2724],[107.0818,21.2739],[107.08,21.2769],[107.0809,21.2795],[107.0812,21.2842],[107.0796,21.2838],[107.076,21.2858],[107.0748,21.2857],[107.0706,21.2882],[107.068,21.2904],[107.0657,21.2895],[107.0627,21.2907],[107.0618,21.2942],[107.0617,21.2989],[107.0602,21.3028],[107.0583,21.3045],[107.0548,21.3045],[107.0514,21.3059],[107.0496,21.3081],[107.0464,21.3106],[107.0445,21.3114],[107.0426,21.3108],[107.0413,21.3126],[107.0391,21.3137],[107.0382,21.3156],[107.0366,21.3149],[107.0333,21.315],[107.0327,21.3163],[107.0335,21.3198],[107.0333,21.322],[107.0321,21.3249],[107.0372,21.3264],[107.0393,21.3264],[107.0401,21.3279],[107.0437,21.3276],[107.0464,21.3291],[107.0522,21.3302],[107.0514,21.3329],[107.0534,21.336],[107.0573,21.3399],[107.0576,21.3423],[107.0592,21.3452],[107.0626,21.3476],[107.0649,21.3478],[107.0691,21.3465],[107.0737,21.3477],[107.0774,21.3459],[107.0791,21.3469],[107.0817,21.3501],[107.0836,21.3507],[107.0828,21.353],[107.0852,21.3551],[107.088,21.355],[107.0897,21.3562],[107.0921,21.3564],[107.0955,21.36],[107.0948,21.3617],[107.0959,21.3695],[107.0967,21.3703],[107.0971,21.374],[107.0994,21.3748],[107.1003,21.3761],[107.1025,21.3769],[107.1055,21.3753],[107.1115,21.3761],[107.1143,21.3743],[107.1172,21.3741],[107.1179,21.3731],[107.1268,21.3692],[107.129,21.3699],[107.1322,21.3699],[107.1345,21.3713],[107.1433,21.3695],[107.1418,21.3665],[107.1445,21.3648],[107.1469,21.3643],[107.1528,21.3672],[107.1557,21.3683],[107.1583,21.3685],[107.1594,21.3671],[107.1657,21.3648],[107.1678,21.3632],[107.1707,21.3635],[107.1753,21.3666],[107.1769,21.369],[107.1821,21.3714],[107.1852,21.3752],[107.186,21.3756],[107.1908,21.3761],[107.192,21.3756],[107.1933,21.379],[107.1953,21.3791],[107.1994,21.3776],[107.2016,21.3789],[107.2038,21.3787]]]},"properties":{"name":"Kỳ Thượng","level":"ward"}},{"type":"Feature","geometry":{"type":"Polygon","coordinates":[[[107.0333,21.315],[107.0366,21.3149],[107.0382,21.3156],[107.0391,21.3137],[107.0413,21.3126],[107.0426,21.3108],[107.0445,21.3114],[107.0464,21.3106],[107.0496,21.3081],[107.0514,21.3059],[107.0548,21.3045],[107.0583,21.3045],[107.0602,21.3028],[107.0617,21.2989],[107.0618,21.2942],[107.0627,21.2907],[107.0657,21.2895],[107.068,21.2904],[107.0706,21.2882],[107.0748,21.2857],[107.076,21.2858],[107.0796,21.2838],[107.0812,21.2842],[107.0809,21.2795],[107.08,21.2769],[107.0818,21.2739],[107.0815,21.2724],[107.0799,21.2713],[107.0773,21.2723],[107.0743,21.2719],[107.0722,21.2731],[107.0711,21.2723],[107.0713,21.267],[107.0745,21.2667],[107.0759,21.2655],[107.0758,21.264],[107.0795,21.2591],[107.0795,21.2572],[107.0819,21.2546],[107.0852,21.2524],[107.0858,21.2499],[107.0846,21.2462],[107.0857,21.2435],[107.0881,21.2404],[107.0881,21.2355],[107.0893,21.2339],[107.0905,21.2302],[107.0945,21.2306],[107.0944,21.2287],[107.0955,21.2264],[107.0947,21.224],[107.098,21.2218],[107.0962,21.2154],[107.0983,21.2125],[107.1013,21.2098],[107.0991,21.204],[107.0989,21.1987],[107.0983,21.1963],[107.0991,21.1947],[107.0987,21.193],[107.1004,21.1904],[107.0986,21.1885],[107.0989,21.1858],[107.0931,21.1786],[107.0934,21.1753],[107.0946,21.1739],[107.0978,21.1733],[107.0949,21.1697],[107.0945,21.1676],[107.0954,21.1657],[107.0934,21.1611],[107.0944,21.1582],[107.0955,21.1574],[107.0968,21.1545],[107.0985,21.1533],[107.0992,21.1505],[107.1,21.1497],[107.0997,21.1465],[107.1009,21.1452],[107.1018,21.1424],[107.1029,21.1416],[107.1011,21.1423],[107.098,21.1424],[107.0938,21.1432],[107.0907,21.1433],[107.0872,21.1407],[107.0844,21.1413],[107.0823,21.1407],[107.0794,21.1425],[107.0789,21.1435],[107.0762,21.1447],[107.0735,21.1434],[107.0701,21.1439],[107.0684,21.1424],[107.0664,21.1389],[107.0649,21.1377],[107.0643,21.1355],[107.0602,21.1373],[107.0581,21.1377],[107.0569,21.1394],[107.0564,21.1424],[107.0537,21.1431],[107.0495,21.1429],[107.0469,21.1439],[107.0439,21.1422],[107.042,21.139],[107.0418,21.1351],[107.0402,21.1345],[107.0375,21.1319],[107.0343,21.1294],[107.0313,21.1314],[107.0294,21.1311],[107.0275,21.1326],[107.0227,21.133],[107.018,21.1278],[107.0166,21.1267],[107.0141,21.1265],[107.0114,21.125],[107.0095,21.1251],[107.0085,21.1271],[107.0062,21.1295],[107.0045,21.1323],[107.0011,21.1367],[106.9993,21.1372],[106.9973,21.1396],[106.9964,21.1417],[106.9965,21.1438],[106.9946,21.1451],[106.9937,21.1477],[106.9937,21.1523],[106.9928,21.1537],[106.9935,21.1564],[106.993,21.1588],[106.991,21.16],[106.9889,21.1598],[106.9859,21.1584],[106.9826,21.1602],[106.9776,21.1612],[106.9754,21.1599],[106.9699,21.1625],[106.9682,21.1606],[106.9663,21.1602],[106.9653,21.1581],[106.9608,21.1554],[106.9567,21.1554],[106.9555,21.1558],[106.9502,21.1555],[106.9478,21.1541],[106.946,21.1522],[106.9456,21.1508],[106.9453,21.1528],[106.9438,21.1552],[106.9405,21.1552],[106.9387,21.1562],[106.9368,21.1627],[106.9377,21.164],[106.9377,21.1681],[106.936,21.169],[106.9383,21.1725],[106.9408,21.1721],[106.9428,21.1736],[106.9447,21.1766],[106.9461,21.1799],[106.9455,21.1813],[106.9461,21.1845],[106.9475,21.1856],[106.9479,21.1876],[106.9549,21.1898],[106.9562,21.1919],[106.9553,21.1928],[106.9555,21.1961],[106.9565,21.1973],[106.9555,21.2004],[106.9562,21.2024],[106.9562,21.2064],[106.9584,21.2084],[106.9616,21.2094],[106.9656,21.2153],[106.9664,21.2192],[106.9677,21.2203],[106.9691,21.2242],[106.9723,21.2242],[106.975,21.2257],[106.9784,21.2263],[106.9779,21.228],[106.9761,21.2298],[106.9783,21.2349],[106.9773,21.2396],[106.9816,21.2438],[106.9819,21.247],[106.9811,21.249],[106.9827,21.2531],[106.984,21.2539],[106.9843,21.2563],[106.986,21.2568],[106.985,21.2614],[106.9837,21.2634],[106.9837,21.2655],[106.9823,21.2676],[106.9788,21.2681],[106.9756,21.2708],[106.9741,21.2756],[106.975,21.2776],[106.9741,21.2821],[106.9723,21.2839],[106.9762,21.2869],[106.977,21.2881],[106.9794,21.2884],[106.9818,21.2909],[106.9841,21.2924],[106.991,21.2938],[106.9923,21.2927],[106.9992,21.2948],[107.0038,21.2933],[107.0065,21.2958],[107.0111,21.295],[107.0131,21.2976],[107.0174,21.2996],[107.02,21.299],[107.0214,21.3019],[107.0232,21.3028],[107.0248,21.305],[107.026,21.3076],[107.0297,21.309],[107.0333,21.315]]]},"properties":{"name":"Lương Minh","level":"ward"}},{"type":"Feature","geometry":{"type":"MultiPolygon","coordinates":[[[[107.47,20.7317],[107.4695,20.7299],[107.4655,20.7265],[107.463,20.7231],[107.4585,20.7188],[107.4542,20.7167],[107.4497,20.7169],[107.4462,20.7185],[107.4482,20.7227],[107.452,20.7227],[107.4553,20.7264],[107.4575,20.7268],[107.4606,20.7295],[107.4604,20.7317],[107.4631,20.7318],[107.4664,20.7356],[107.4661,20.7373],[107.4724,20.7402],[107.4702,20.7359],[107.47,20.7317]]],[[[107.378,20.749],[107.3756,20.7486],[107.376,20.7512],[107.3775,20.7526],[107.3788,20.7509],[107.378,20.749]]],[[[107.3964,20.7562],[107.3986,20.7567],[107.3988,20.7527],[107.3977,20.752],[107.3958,20.753],[107.3948,20.7488],[107.3899,20.7473],[107.3879,20.7457],[107.3865,20.7466],[107.3882,20.7497],[107.388,20.7523],[107.3897,20.7538],[107.3918,20.7544],[107.3927,20.7575],[107.3941,20.7586],[107.3964,20.7562]]],[[[107.4894,20.7709],[107.4896,20.7684],[107.4885,20.7649],[107.4868,20.7625],[107.4841,20.7604],[107.4838,20.7593],[107.4803,20.7571],[107.4753,20.759],[107.4725,20.7625],[107.4742,20.7639],[107.4742,20.7652],[107.4773,20.7669],[107.4793,20.7674],[107.4787,20.7699],[107.4823,20.7719],[107.4833,20.7706],[107.4865,20.7703],[107.4899,20.7742],[107.4895,20.7771],[107.4928,20.7773],[107.493,20.7753],[107.4898,20.7726],[107.4894,20.7709]]],[[[107.4313,20.7874],[107.4303,20.7898],[107.4319,20.7908],[107.4326,20.7889],[107.4313,20.7874]]],[[[107.4077,20.8053],[107.4104,20.8062],[107.4154,20.8043],[107.4192,20.8016],[107.4199,20.7982],[107.4217,20.7968],[107.4198,20.794],[107.4194,20.7918],[107.4176,20.7879],[107.4167,20.7837],[107.4149,20.7786],[107.4151,20.774],[107.4125,20.7736],[107.4104,20.7723],[107.4094,20.7693],[107.4084,20.7743],[107.4084,20.7764],[107.4064,20.7789],[107.4009,20.7783],[107.4005,20.78],[107.4015,20.7829],[107.4001,20.7859],[107.4009,20.7931],[107.3996,20.7943],[107.3996,20.7975],[107.4003,20.8014],[107.4048,20.8081],[107.407,20.8087],[107.4077,20.8053]]],[[[107.3337,20.8089],[107.3322,20.8104],[107.3328,20.8125],[107.3357,20.8104],[107.3337,20.8089]]],[[[107.3133,20.8328],[107.3118,20.8325],[107.3121,20.829],[107.3111,20.8285],[107.3098,20.8327],[107.3114,20.8336],[107.3133,20.8328]]],[[[107.3248,20.8458],[107.3247,20.8448],[107.3214,20.845],[107.3229,20.8466],[107.3248,20.8458]]],[[[107.389,20.8442],[107.3864,20.8456],[107.3856,20.8471],[107.3882,20.8476],[107.3901,20.8469],[107.3906,20.8454],[107.389,20.8442]]],[[[107.361,20.8317],[107.3604,20.8318],[107.3565,20.8369],[107.356,20.8403],[107.3572,20.8434],[107.3595,20.843],[107.3607,20.8393],[107.3627,20.8364],[107.3622,20.8322],[107.361,20.8317]]],[[[107.3379,20.8519],[107.3402,20.8512],[107.3416,20.8475],[107.3432,20.8451],[107.3442,20.8424],[107.3459,20.8405],[107.3472,20.8305],[107.347,20.8249],[107.3483,20.8209],[107.3503,20.8203],[107.3522,20.8217],[107.3535,20.8246],[107.3568,20.8247],[107.3528,20.8278],[107.3515,20.8302],[107.3513,20.8322],[107.352,20.8356],[107.3529,20.8372],[107.3543,20.837],[107.3565,20.8345],[107.3567,20.8321],[107.3583,20.8295],[107.3617,20.8295],[107.3647,20.8264],[107.3676,20.8267],[107.3702,20.8327],[107.3713,20.831],[107.3704,20.8296],[107.3704,20.8274],[107.3683,20.8253],[107.3689,20.8243],[107.3712,20.8241],[107.3735,20.8249],[107.3756,20.8242],[107.3778,20.8245],[107.3784,20.828],[107.3802,20.8299],[107.3833,20.8286],[107.3821,20.8254],[107.3804,20.8243],[107.3804,20.8211],[107.3813,20.8191],[107.3798,20.8153],[107.3804,20.8118],[107.3805,20.8037],[107.381,20.8004],[107.3819,20.7991],[107.3838,20.7987],[107.3825,20.7949],[107.3796,20.7945],[107.3759,20.8002],[107.3723,20.8022],[107.3716,20.8054],[107.3677,20.8066],[107.3615,20.8076],[107.3561,20.808],[107.3509,20.808],[107.3485,20.8072],[107.3466,20.8037],[107.3443,20.8043],[107.3434,20.8065],[107.3426,20.8143],[107.3414,20.8214],[107.3409,20.8268],[107.3421,20.8284],[107.3425,20.8306],[107.342,20.8323],[107.3391,20.8361],[107.3388,20.839],[107.3377,20.8422],[107.3364,20.844],[107.3345,20.8493],[107.3341,20.8536],[107.3359,20.8541],[107.3379,20.8519]]],[[[107.3466,20.8511],[107.3449,20.8491],[107.3428,20.8485],[107.3418,20.854],[107.3436,20.8553],[107.3466,20.8511]]],[[[107.4138,20.849],[107.4124,20.8491],[107.4107,20.8506],[107.4107,20.8521],[107.4145,20.8561],[107.4168,20.855],[107.4156,20.8537],[107.4157,20.8502],[107.4138,20.849]]],[[[107.3224,20.8651],[107.3191,20.865],[107.3211,20.8672],[107.3224,20.8651]]],[[[107.4605,20.863],[107.4595,20.8661],[107.4606,20.8665],[107.4614,20.8636],[107.4605,20.863]]],[[[107.4679,20.8645],[107.4645,20.8665],[107.4632,20.8688],[107.4657,20.8696],[107.4679,20.8669],[107.4679,20.8645]]],[[[107.3126,20.8717],[107.3106,20.8733],[107.3116,20.8749],[107.3132,20.8723],[107.3126,20.8717]]],[[[107.4643,20.8728],[107.4648,20.8714],[107.4627,20.8703],[107.4589,20.8741],[107.4625,20.8749],[107.4643,20.8728]]],[[[107.3986,20.8824],[107.3978,20.8803],[107.3965,20.8807],[107.3971,20.8832],[107.3986,20.8824]]],[[[107.3346,20.8941],[107.3374,20.8941],[107.339,20.8906],[107.3424,20.8895],[107.3466,20.8863],[107.3471,20.8845],[107.3508,20.8857],[107.35,20.8883],[107.3515,20.8886],[107.3541,20.8912],[107.3573,20.8901],[107.3614,20.8875],[107.3653,20.888],[107.3644,20.8898],[107.3651,20.8907],[107.3692,20.8902],[107.3709,20.8877],[107.3721,20.8886],[107.3713,20.8905],[107.3743,20.8917],[107.378,20.8904],[107.3796,20.8886],[107.3797,20.8868],[107.3786,20.8857],[107.3817,20.8828],[107.3828,20.884],[107.3817,20.8865],[107.3827,20.8898],[107.386,20.8906],[107.3873,20.8855],[107.3889,20.8841],[107.3895,20.8824],[107.3928,20.8848],[107.3943,20.884],[107.3929,20.8817],[107.3932,20.8792],[107.3946,20.879],[107.3948,20.8765],[107.389,20.8789],[107.3866,20.8772],[107.3816,20.8779],[107.3769,20.8782],[107.3732,20.8769],[107.3732,20.8753],[107.3772,20.8735],[107.379,20.8719],[107.3814,20.8731],[107.3866,20.8706],[107.3903,20.8679],[107.3914,20.8651],[107.3903,20.8642],[107.3869,20.8649],[107.3839,20.8673],[107.3826,20.8676],[107.38,20.8654],[107.3801,20.8639],[107.376,20.8631],[107.3734,20.8598],[107.3706,20.8592],[107.3699,20.8603],[107.3705,20.8628],[107.3671,20.8614],[107.3678,20.8595],[107.3668,20.8585],[107.3646,20.8585],[107.3646,20.8602],[107.3626,20.8615],[107.3625,20.8633],[107.3578,20.8634],[107.3567,20.8627],[107.3568,20.8609],[107.3556,20.86],[107.3534,20.8607],[107.3545,20.8628],[107.3536,20.864],[107.3518,20.8615],[107.3506,20.8618],[107.3479,20.8649],[107.3453,20.8695],[107.3454,20.874],[107.3435,20.8763],[107.342,20.8806],[107.3412,20.8856],[107.3391,20.8868],[107.3376,20.8816],[107.3376,20.8755],[107.3371,20.8723],[107.3349,20.8725],[107.3324,20.8753],[107.3299,20.8761],[107.3295,20.8781],[107.3284,20.8795],[107.3304,20.8832],[107.3308,20.8853],[107.329,20.8887],[107.3298,20.8923],[107.3294,20.894],[107.3312,20.8955],[107.3346,20.8941]]],[[[107.3907,20.8915],[107.3892,20.8925],[107.3904,20.8948],[107.3921,20.8951],[107.3934,20.8935],[107.3926,20.892],[107.3907,20.8915]]],[[[107.4216,20.8946],[107.4189,20.8952],[107.4197,20.8965],[107.4217,20.8963],[107.4216,20.8946]]],[[[107.4702,20.8897],[107.4683,20.8909],[107.4669,20.893],[107.4648,20.8949],[107.4638,20.8967],[107.4666,20.897],[107.4684,20.8945],[107.4699,20.8914],[107.4702,20.8897]]],[[[107.3487,20.8958],[107.3496,20.8983],[107.3517,20.8978],[107.3487,20.8958]]],[[[107.3427,20.8954],[107.3459,20.8987],[107.3473,20.8966],[107.3455,20.8959],[107.3455,20.8946],[107.3472,20.8936],[107.3484,20.8951],[107.3498,20.895],[107.3532,20.8959],[107.354,20.8945],[107.3521,20.8933],[107.3503,20.8932],[107.3492,20.8914],[107.3503,20.8896],[107.3466,20.8885],[107.3432,20.8916],[107.339,20.8994],[107.3412,20.9001],[107.3427,20.8954]]],[[[107.3757,20.8995],[107.3769,20.8983],[107.374,20.8973],[107.3696,20.8994],[107.3656,20.8985],[107.3629,20.8995],[107.3644,20.9008],[107.3699,20.9018],[107.3723,20.9005],[107.3757,20.8995]]],[[[107.3417,20.9038],[107.3414,20.9023],[107.3387,20.9047],[107.3409,20.905],[107.3417,20.9038]]],[[[107.2957,20.905],[107.2998,20.9019],[107.3009,20.9003],[107.3031,20.8999],[107.307,20.8963],[107.31,20.8929],[107.3122,20.8886],[107.3144,20.8857],[107.3158,20.8823],[107.3181,20.8815],[107.3195,20.8792],[107.3239,20.8762],[107.3241,20.8733],[107.3217,20.8719],[107.3219,20.8741],[107.3202,20.8754],[107.3193,20.8738],[107.3151,20.8767],[107.3159,20.8787],[107.3134,20.8782],[107.3124,20.8802],[107.3105,20.8808],[107.3085,20.8831],[107.3075,20.8854],[107.3038,20.8879],[107.303,20.8898],[107.2992,20.8931],[107.2966,20.8984],[107.2975,20.9003],[107.2951,20.9026],[107.2942,20.9044],[107.2929,20.9049],[107.2918,20.9074],[107.2957,20.905]]],[[[107.4436,20.9023],[107.4428,20.9003],[107.4442,20.8992],[107.4469,20.8999],[107.4521,20.8997],[107.4528,20.8983],[107.4498,20.8968],[107.4482,20.8932],[107.4457,20.8917],[107.4438,20.8926],[107.4404,20.8886],[107.4385,20.8874],[107.4349,20.8873],[107.4315,20.8846],[107.429,20.8843],[107.4277,20.8859],[107.4283,20.8879],[107.4266,20.8881],[107.4239,20.8915],[107.4211,20.89],[107.4183,20.8916],[107.4155,20.8924],[107.4186,20.8941],[107.4212,20.8928],[107.4233,20.8958],[107.4242,20.8958],[107.429,20.8981],[107.4343,20.8996],[107.4359,20.9015],[107.4378,20.9017],[107.4406,20.904],[107.4449,20.9055],[107.4454,20.904],[107.4436,20.9023]]],[[[107.3271,20.902],[107.3245,20.9022],[107.3236,20.9044],[107.3192,20.9082],[107.32,20.9093],[107.3221,20.908],[107.3271,20.902]]],[[[107.2609,20.9114],[107.2622,20.9121],[107.264,20.9112],[107.263,20.9098],[107.2601,20.9105],[107.2584,20.9116],[107.2598,20.9131],[107.2609,20.9114]]],[[[107.3158,20.908],[107.3172,20.9054],[107.3192,20.9005],[107.3187,20.8965],[107.32,20.8926],[107.3193,20.8905],[107.3209,20.8879],[107.3235,20.8858],[107.3238,20.8833],[107.3213,20.8834],[107.3193,20.8852],[107.3186,20.8834],[107.3164,20.8851],[107.3146,20.8878],[107.3141,20.8901],[107.3127,20.8907],[107.3103,20.8942],[107.3102,20.8954],[107.3084,20.8971],[107.3103,20.9008],[107.3089,20.9033],[107.3091,20.9077],[107.3069,20.9065],[107.3064,20.9082],[107.3103,20.911],[107.3086,20.912],[107.3107,20.9139],[107.3134,20.9144],[107.3147,20.9114],[107.3143,20.9101],[107.3158,20.908]]],[[[107.3681,20.9157],[107.3704,20.9159],[107.3718,20.9145],[107.3678,20.9132],[107.3631,20.9157],[107.3658,20.9162],[107.3681,20.9157]]],[[[107.5154,20.9095],[107.514,20.9081],[107.5114,20.9018],[107.5099,20.9021],[107.5069,20.8973],[107.5045,20.8963],[107.5053,20.8951],[107.5025,20.8935],[107.4984,20.895],[107.4937,20.8949],[107.4903,20.8968],[107.488,20.8972],[107.4841,20.8968],[107.4827,20.8947],[107.477,20.8954],[107.4793,20.8987],[107.4822,20.901],[107.4865,20.9024],[107.4892,20.9015],[107.4925,20.9019],[107.493,20.9038],[107.4947,20.9046],[107.4955,20.9067],[107.4986,20.907],[107.5007,20.9092],[107.5025,20.9079],[107.5043,20.9105],[107.5079,20.9118],[107.5101,20.9117],[107.5099,20.9102],[107.5126,20.9107],[107.5111,20.9122],[107.5119,20.9134],[107.5172,20.9147],[107.5176,20.9143],[107.5154,20.9095]]],[[[107.3081,20.9179],[107.311,20.9181],[107.3095,20.9144],[107.3085,20.9158],[107.306,20.9175],[107.3066,20.9199],[107.3083,20.9196],[107.3081,20.9179]]],[[[107.5212,20.9169],[107.5224,20.9196],[107.5241,20.9204],[107.5266,20.9238],[107.5273,20.9204],[107.5254,20.9196],[107.5212,20.9169]]],[[[107.336,20.9231],[107.3429,20.9216],[107.3457,20.9188],[107.349,20.9161],[107.3486,20.9148],[107.3455,20.9149],[107.3403,20.9143],[107.3389,20.9166],[107.3366,20.916],[107.3341,20.9166],[107.3328,20.9185],[107.3316,20.9178],[107.3284,20.9179],[107.3249,20.9186],[107.3214,20.9201],[107.3237,20.9219],[107.3208,20.9233],[107.3185,20.9223],[107.3145,20.9231],[107.3115,20.923],[107.3109,20.9239],[107.314,20.9264],[107.3162,20.9275],[107.3203,20.9279],[107.3258,20.9262],[107.3292,20.9249],[107.336,20.9231]]],[[[107.3972,20.9257],[107.3955,20.9272],[107.3987,20.9278],[107.3972,20.9257]]],[[[107.4311,20.9255],[107.4315,20.9275],[107.4331,20.9292],[107.4352,20.9287],[107.4311,20.9255]]],[[[107.3957,20.937],[107.3921,20.9381],[107.3907,20.9397],[107.393,20.9425],[107.395,20.9421],[107.3948,20.9387],[107.3957,20.937]]],[[[107.3344,20.9482],[107.3286,20.9479],[107.3287,20.9496],[107.3346,20.9496],[107.3344,20.9482]]],[[[107.3924,20.9458],[107.3923,20.9432],[107.3905,20.9428],[107.3882,20.9413],[107.3855,20.9415],[107.3823,20.9387],[107.3803,20.9388],[107.3821,20.943],[107.3852,20.9465],[107.3896,20.9465],[107.3888,20.9484],[107.3897,20.9502],[107.3925,20.9484],[107.3924,20.9458]]],[[[107.3946,20.9517],[107.392,20.9522],[107.3921,20.954],[107.3937,20.9543],[107.3946,20.9517]]],[[[107.3829,20.9583],[107.3834,20.9567],[107.3858,20.9577],[107.387,20.9607],[107.3902,20.9608],[107.3858,20.9555],[107.3844,20.9511],[107.3799,20.9459],[107.3756,20.9421],[107.3732,20.9408],[107.3686,20.9348],[107.3661,20.9327],[107.3583,20.9282],[107.3548,20.9278],[107.3508,20.9254],[107.3427,20.9255],[107.3371,20.9264],[107.336,20.9285],[107.3335,20.9284],[107.3265,20.9292],[107.3184,20.9315],[107.3114,20.9352],[107.3103,20.9371],[107.3113,20.9405],[107.3133,20.9423],[107.3152,20.9424],[107.316,20.9412],[107.3142,20.9395],[107.3148,20.9373],[107.3175,20.9376],[107.3171,20.9389],[107.3186,20.94],[107.3207,20.9397],[107.3228,20.9409],[107.3287,20.9432],[107.3337,20.9438],[107.3388,20.9439],[107.3398,20.943],[107.3388,20.941],[107.3394,20.9395],[107.3395,20.9357],[107.3426,20.9354],[107.346,20.9368],[107.3479,20.9387],[107.3468,20.9398],[107.3489,20.9419],[107.3525,20.9408],[107.3591,20.9449],[107.3621,20.9438],[107.362,20.946],[107.3649,20.9469],[107.3668,20.9482],[107.3692,20.9511],[107.37,20.9528],[107.372,20.9546],[107.3721,20.9569],[107.3748,20.9596],[107.3761,20.9576],[107.3776,20.9591],[107.3798,20.9574],[107.3807,20.9587],[107.3796,20.9599],[107.3829,20.9625],[107.3855,20.9656],[107.3866,20.9654],[107.3845,20.9623],[107.3829,20.9583]]],[[[107.4354,20.9662],[107.435,20.9652],[107.432,20.9622],[107.4297,20.9619],[107.43,20.9645],[107.4319,20.965],[107.4327,20.9663],[107.4354,20.9662]]],[[[107.4467,20.9449],[107.4405,20.9388],[107.4358,20.9362],[107.4318,20.9319],[107.428,20.9283],[107.4225,20.9248],[107.4221,20.9223],[107.4198,20.92],[107.4174,20.9193],[107.4143,20.9192],[107.4087,20.9162],[107.4045,20.9126],[107.4032,20.9132],[107.403,20.9153],[107.404,20.9178],[107.399,20.9149],[107.3997,20.9131],[107.3974,20.9128],[107.3959,20.9115],[107.3925,20.9101],[107.3879,20.9076],[107.3813,20.9059],[107.3798,20.9063],[107.3797,20.9082],[107.3766,20.9067],[107.3787,20.9052],[107.3691,20.9029],[107.3591,20.9019],[107.3565,20.9025],[107.3556,20.9006],[107.3517,20.903],[107.3478,20.9041],[107.3457,20.9059],[107.3514,20.9056],[107.3704,20.9099],[107.38,20.9132],[107.386,20.916],[107.395,20.9162],[107.4061,20.9201],[107.4099,20.9235],[107.4135,20.9253],[107.4181,20.9348],[107.42,20.9401],[107.4217,20.9429],[107.4198,20.9448],[107.4207,20.948],[107.4219,20.949],[107.4235,20.9484],[107.4223,20.9449],[107.4234,20.9444],[107.426,20.946],[107.4277,20.9497],[107.4348,20.9585],[107.4385,20.9609],[107.4484,20.9684],[107.4502,20.9693],[107.4531,20.9689],[107.4544,20.9675],[107.4529,20.9617],[107.4506,20.9575],[107.4504,20.9536],[107.4493,20.9495],[107.4467,20.9449]]],[[[107.5548,20.9408],[107.5582,20.9403],[107.5568,20.9386],[107.5562,20.9363],[107.5575,20.9344],[107.5601,20.933],[107.5539,20.9294],[107.5514,20.9268],[107.5474,20.9252],[107.543,20.9224],[107.5408,20.9202],[107.5373,20.9155],[107.534,20.9127],[107.5321,20.9087],[107.5296,20.9091],[107.5276,20.9076],[107.5244,20.9042],[107.5215,20.9002],[107.5189,20.8959],[107.5182,20.8938],[107.5192,20.8901],[107.5182,20.8849],[107.5165,20.8826],[107.5139,20.8809],[107.5096,20.8797],[107.5059,20.8771],[107.5012,20.8714],[107.4964,20.8672],[107.4942,20.8631],[107.4925,20.8592],[107.4921,20.857],[107.493,20.8544],[107.4926,20.8505],[107.4915,20.8455],[107.4874,20.8364],[107.4838,20.8314],[107.4827,20.8267],[107.4812,20.8223],[107.4794,20.8191],[107.4771,20.8167],[107.4761,20.8175],[107.4738,20.8167],[107.4719,20.8147],[107.4709,20.8165],[107.4692,20.8176],[107.4689,20.8188],[107.4714,20.8195],[107.4723,20.821],[107.4717,20.8248],[107.4731,20.8273],[107.4746,20.8312],[107.4765,20.8324],[107.4792,20.8317],[107.4793,20.8355],[107.4815,20.8392],[107.4813,20.842],[107.4849,20.852],[107.485,20.8537],[107.4835,20.8546],[107.4835,20.8594],[107.4856,20.8593],[107.4875,20.86],[107.4884,20.8627],[107.4908,20.8652],[107.4916,20.8672],[107.4923,20.8727],[107.4915,20.8744],[107.4888,20.877],[107.4841,20.8795],[107.4761,20.8818],[107.476,20.8852],[107.4786,20.8855],[107.4919,20.879],[107.4948,20.8784],[107.5084,20.8823],[107.5115,20.886],[107.5142,20.8886],[107.5115,20.8896],[107.5142,20.8945],[107.5132,20.8978],[107.5143,20.8998],[107.5149,20.9047],[107.518,20.9091],[107.519,20.9134],[107.5206,20.9152],[107.5247,20.9151],[107.5266,20.9138],[107.5281,20.9137],[107.5329,20.9156],[107.5355,20.9189],[107.5333,20.9209],[107.5336,20.922],[107.5388,20.9271],[107.5394,20.9282],[107.54,20.9322],[107.5459,20.9355],[107.5454,20.9373],[107.5428,20.9348],[107.5411,20.9359],[107.5384,20.9339],[107.538,20.9381],[107.5405,20.9404],[107.5442,20.9466],[107.5467,20.9489],[107.5488,20.9528],[107.5492,20.9547],[107.5537,20.9608],[107.5545,20.9627],[107.5546,20.9662],[107.5553,20.9678],[107.5584,20.9683],[107.5597,20.9656],[107.5588,20.9631],[107.556,20.9613],[107.5547,20.9598],[107.5522,20.9555],[107.551,20.9475],[107.5511,20.9449],[107.553,20.942],[107.5548,20.9408]]],[[[107.4479,20.9728],[107.4465,20.9696],[107.4447,20.9694],[107.4449,20.9718],[107.4479,20.9728]]],[[[107.4343,20.9747],[107.4335,20.9727],[107.4313,20.972],[107.4304,20.9732],[107.432,20.9744],[107.4343,20.9747]]],[[[107.3766,20.9774],[107.3788,20.9781],[107.3787,20.9762],[107.3756,20.976],[107.3741,20.9772],[107.375,20.9785],[107.3766,20.9774]]],[[[107.4801,20.9755],[107.4814,20.9685],[107.4807,20.9669],[107.4787,20.9659],[107.476,20.96],[107.4744,20.9582],[107.473,20.9547],[107.4705,20.9529],[107.4692,20.9511],[107.4648,20.947],[107.4608,20.945],[107.4575,20.9405],[107.4521,20.9379],[107.4513,20.9355],[107.4499,20.9339],[107.4475,20.934],[107.4451,20.9323],[107.4433,20.9329],[107.4441,20.9348],[107.4468,20.9362],[107.4484,20.9388],[107.4504,20.94],[107.4521,20.9426],[107.4548,20.9452],[107.4569,20.9465],[107.4577,20.9489],[107.4577,20.955],[107.4599,20.9558],[107.4617,20.9589],[107.4621,20.9615],[107.465,20.9624],[107.4635,20.9647],[107.4644,20.9658],[107.4668,20.9653],[107.4681,20.9664],[107.4676,20.9687],[107.4706,20.9729],[107.4708,20.9751],[107.4734,20.9754],[107.4756,20.9778],[107.4801,20.9755]]],[[[107.4059,20.9783],[107.4049,20.9764],[107.402,20.9772],[107.4036,20.9798],[107.4059,20.9783]]],[[[107.4672,20.9778],[107.4659,20.9781],[107.4674,20.9805],[107.469,20.9797],[107.4672,20.9778]]],[[[107.4425,20.9799],[107.4444,20.9774],[107.4431,20.9756],[107.4412,20.9762],[107.4406,20.9775],[107.4382,20.9784],[107.4382,20.9805],[107.4425,20.9799]]],[[[107.3834,20.9829],[107.3848,20.9823],[107.3854,20.9806],[107.382,20.9802],[107.3813,20.9825],[107.3834,20.9829]]],[[[107.4398,20.9828],[107.4385,20.9814],[107.4364,20.9821],[107.4381,20.9838],[107.4398,20.9828]]],[[[107.4746,20.9817],[107.4741,20.9787],[107.4718,20.9782],[107.4702,20.9801],[107.4702,20.9815],[107.4724,20.9831],[107.4746,20.9817]]],[[[107.4264,20.9949],[107.425,20.9936],[107.423,20.9947],[107.4244,20.9979],[107.4264,20.9949]]],[[[107.3828,21.005],[107.3843,21.0037],[107.3832,21.0021],[107.3818,21.0023],[107.3792,21.0044],[107.3794,21.0068],[107.3819,21.0075],[107.3828,21.005]]],[[[107.4469,21.0096],[107.4463,21.0082],[107.4484,21.0049],[107.4472,21.0044],[107.4464,21.0065],[107.4433,21.0094],[107.4461,21.0102],[107.4469,21.0096]]],[[[107.4425,21.0102],[107.4408,21.0073],[107.4402,21.01],[107.4425,21.0102]]],[[[107.4057,21.0116],[107.4076,21.01],[107.4048,21.0088],[107.4041,21.0108],[107.4057,21.0116]]],[[[107.4512,21.0092],[107.4494,21.0114],[107.4516,21.0122],[107.4529,21.0109],[107.4512,21.0092]]],[[[107.4444,21.014],[107.4462,21.0132],[107.4454,21.0116],[107.4438,21.0126],[107.4444,21.014]]],[[[107.4587,21.0158],[107.4599,21.0148],[107.4582,21.0112],[107.456,21.0115],[107.4538,21.0145],[107.4563,21.0156],[107.4587,21.0158]]],[[[107.4297,21.0214],[107.4284,21.0192],[107.4274,21.0228],[107.4297,21.0214]]],[[[107.4509,21.019],[107.4473,21.0213],[107.4476,21.0225],[107.4503,21.024],[107.4522,21.0238],[107.4503,21.0203],[107.4509,21.019]]],[[[107.4457,21.0272],[107.4468,21.0244],[107.4452,21.0227],[107.4461,21.0217],[107.4446,21.0191],[107.4435,21.0149],[107.441,21.0134],[107.4408,21.0115],[107.4376,21.011],[107.436,21.0116],[107.4361,21.0137],[107.4386,21.0168],[107.4404,21.0169],[107.4406,21.0197],[107.4417,21.0218],[107.4439,21.0215],[107.4444,21.024],[107.4423,21.0259],[107.4445,21.0279],[107.4457,21.0272]]],[[[107.4629,21.027],[107.4626,21.0231],[107.4606,21.0231],[107.4619,21.0264],[107.4629,21.027]]],[[[107.4561,21.0237],[107.4548,21.0243],[107.4541,21.0268],[107.4567,21.0265],[107.4561,21.0237]]],[[[107.4119,21.03],[107.4095,21.0277],[107.4092,21.0299],[107.4119,21.03]]],[[[107.4907,21.0292],[107.4873,21.0303],[107.4889,21.0318],[107.4907,21.0292]]],[[[107.5147,21.0319],[107.5132,21.0297],[107.5118,21.0324],[107.5147,21.0319]]],[[[107.4253,21.0332],[107.4256,21.0324],[107.4224,21.0308],[107.4217,21.0318],[107.4232,21.035],[107.4255,21.035],[107.4253,21.0332]]],[[[107.5448,21.0285],[107.5424,21.028],[107.542,21.0264],[107.5399,21.0241],[107.5382,21.0245],[107.5383,21.0298],[107.5416,21.0296],[107.5416,21.031],[107.5398,21.033],[107.541,21.0341],[107.5439,21.0325],[107.5448,21.0285]]],[[[107.493,21.0337],[107.4905,21.0348],[107.4919,21.0367],[107.493,21.0337]]],[[[107.5002,21.0393],[107.5034,21.0386],[107.5022,21.0373],[107.5004,21.0384],[107.4986,21.0363],[107.4964,21.0377],[107.4967,21.0388],[107.4991,21.0399],[107.5002,21.0393]]],[[[107.4901,21.0394],[107.489,21.0362],[107.4876,21.0371],[107.4863,21.0392],[107.4901,21.0394]]],[[[107.3746,21.0336],[107.3717,21.0347],[107.3707,21.0364],[107.3718,21.0382],[107.372,21.0421],[107.3745,21.0415],[107.3762,21.0381],[107.3759,21.0346],[107.3746,21.0336]]],[[[107.5106,21.0397],[107.5103,21.0424],[107.5123,21.0424],[107.5106,21.0397]]],[[[107.5469,21.04],[107.546,21.037],[107.5472,21.0344],[107.5461,21.032],[107.5419,21.0353],[107.5415,21.0419],[107.5431,21.04],[107.5446,21.0407],[107.5469,21.04]]],[[[107.5584,21.0343],[107.5569,21.0336],[107.5568,21.0315],[107.5546,21.0308],[107.5571,21.0379],[107.5564,21.0413],[107.5565,21.0436],[107.5576,21.0441],[107.5595,21.0409],[107.5601,21.0367],[107.5584,21.0343]]],[[[107.5533,21.0397],[107.5554,21.0401],[107.5559,21.0376],[107.5545,21.0333],[107.5511,21.0281],[107.5518,21.024],[107.549,21.0227],[107.5466,21.0225],[107.5468,21.0205],[107.545,21.0195],[107.5454,21.0173],[107.5448,21.0134],[107.544,21.012],[107.5455,21.0065],[107.5447,21.0044],[107.5425,21.0047],[107.5423,21.0015],[107.5443,21.0005],[107.5481,20.9946],[107.5517,20.9948],[107.5505,20.9924],[107.5477,20.9899],[107.5449,20.9845],[107.5451,20.9821],[107.5439,20.9819],[107.5413,20.9833],[107.5408,20.9801],[107.5384,20.9774],[107.538,20.975],[107.5345,20.9715],[107.5331,20.973],[107.5336,20.9763],[107.5324,20.9763],[107.5317,20.9721],[107.53,20.971],[107.5319,20.9685],[107.5341,20.9707],[107.5358,20.9704],[107.5366,20.9689],[107.5352,20.9663],[107.5337,20.9648],[107.5335,20.9615],[107.5312,20.9579],[107.5317,20.9546],[107.53,20.9535],[107.5284,20.9498],[107.5285,20.948],[107.5265,20.9457],[107.5264,20.9414],[107.5218,20.9398],[107.5212,20.9372],[107.5226,20.9318],[107.5224,20.9304],[107.5193,20.9274],[107.5178,20.924],[107.5154,20.9214],[107.5126,20.9206],[107.5116,20.9196],[107.5092,20.9213],[107.5096,20.9178],[107.5087,20.9171],[107.5073,20.921],[107.5053,20.9187],[107.5012,20.9189],[107.5009,20.9172],[107.4994,20.9159],[107.4947,20.9157],[107.4921,20.915],[107.4892,20.9134],[107.4861,20.9148],[107.4832,20.9168],[107.4824,20.9119],[107.4804,20.9102],[107.4778,20.9106],[107.4761,20.9128],[107.4727,20.9103],[107.4696,20.9094],[107.4676,20.9094],[107.466,20.9078],[107.4646,20.908],[107.4638,20.9065],[107.4599,20.9058],[107.4596,20.9075],[107.457,20.9076],[107.4532,20.9063],[107.4509,20.9063],[107.4541,20.9091],[107.4575,20.9102],[107.4615,20.9097],[107.4627,20.9136],[107.4613,20.9154],[107.4592,20.9167],[107.4556,20.9171],[107.4513,20.9148],[107.4455,20.9129],[107.4433,20.913],[107.4395,20.9112],[107.4349,20.9106],[107.427,20.9061],[107.4253,20.9055],[107.4201,20.9048],[107.4091,20.8998],[107.4071,20.8978],[107.4063,20.8934],[107.4032,20.8937],[107.401,20.8931],[107.3985,20.8913],[107.3946,20.8907],[107.3955,20.8928],[107.3944,20.9009],[107.3978,20.9026],[107.4037,20.9028],[107.4058,20.9036],[107.4117,20.9071],[107.4142,20.9076],[107.4161,20.9089],[107.4166,20.9105],[107.4182,20.9121],[107.4193,20.9148],[107.4211,20.9156],[107.4246,20.9153],[107.4279,20.9168],[107.4326,20.9165],[107.4349,20.9178],[107.4332,20.9196],[107.4333,20.9209],[107.4375,20.9217],[107.439,20.924],[107.4419,20.9249],[107.4453,20.9282],[107.4464,20.9302],[107.4486,20.9301],[107.4533,20.9324],[107.4558,20.9354],[107.4591,20.9376],[107.4619,20.939],[107.4636,20.9388],[107.4651,20.9399],[107.4661,20.9419],[107.4684,20.9431],[107.472,20.946],[107.4728,20.9448],[107.4746,20.9453],[107.4765,20.948],[107.4816,20.9537],[107.483,20.9579],[107.4855,20.962],[107.4863,20.959],[107.488,20.9567],[107.4898,20.9565],[107.4888,20.9595],[107.4886,20.9642],[107.4894,20.9668],[107.4895,20.9699],[107.4889,20.9725],[107.4911,20.974],[107.4929,20.9771],[107.4921,20.9802],[107.4885,20.9803],[107.4871,20.9797],[107.486,20.9769],[107.4833,20.9737],[107.4807,20.9782],[107.4798,20.9814],[107.4776,20.9831],[107.4782,20.9856],[107.481,20.985],[107.4822,20.9829],[107.4842,20.9826],[107.4862,20.9812],[107.4871,20.982],[107.4864,20.9844],[107.4865,20.987],[107.4896,20.9862],[107.4908,20.9907],[107.4913,20.9946],[107.4928,20.9959],[107.4949,20.9966],[107.496,20.9989],[107.4981,21.0008],[107.4986,21.0031],[107.4998,21.004],[107.5038,21.0103],[107.5055,21.0115],[107.5074,21.0148],[107.5101,21.0168],[107.511,21.0162],[107.5098,21.0105],[107.5072,21.0089],[107.5068,21.0031],[107.5062,21.0009],[107.504,20.9992],[107.5016,20.9933],[107.5004,20.9857],[107.4991,20.9805],[107.5,20.9797],[107.5035,20.9799],[107.5043,20.9812],[107.5031,20.9906],[107.5031,20.9924],[107.5048,20.9992],[107.5072,21.0002],[107.5081,21.0016],[107.5099,21.0005],[107.5119,21.0072],[107.5137,21.0076],[107.5161,21.0147],[107.515,21.0154],[107.516,21.0179],[107.5196,21.0228],[107.5209,21.0231],[107.5228,21.0221],[107.5254,21.0272],[107.5257,21.0297],[107.5276,21.0293],[107.5287,21.0305],[107.5319,21.0357],[107.5339,21.0385],[107.5361,21.0406],[107.5369,21.0398],[107.536,21.034],[107.5366,21.0299],[107.5357,21.0256],[107.5334,21.0221],[107.5334,21.018],[107.5347,21.0132],[107.5357,21.0086],[107.5371,21.0086],[107.5379,21.0119],[107.5398,21.0137],[107.5422,21.0176],[107.5429,21.02],[107.5444,21.0212],[107.5461,21.0249],[107.551,21.0298],[107.5517,21.0329],[107.5506,21.036],[107.5504,21.0419],[107.551,21.0445],[107.5524,21.044],[107.5524,21.0422],[107.5533,21.0397]]],[[[107.445,21.0456],[107.4404,21.045],[107.443,21.0482],[107.4446,21.0494],[107.446,21.0474],[107.445,21.0456]]],[[[107.5275,21.0477],[107.5238,21.0454],[107.5214,21.0479],[107.5245,21.0483],[107.524,21.05],[107.5252,21.0522],[107.5269,21.051],[107.5281,21.0484],[107.5275,21.0477]]],[[[107.3744,21.0426],[107.3728,21.0442],[107.3723,21.0469],[107.3724,21.0508],[107.3755,21.0549],[107.3784,21.0529],[107.3791,21.0506],[107.3786,21.0481],[107.3786,21.0444],[107.3768,21.043],[107.3744,21.0426]]],[[[107.4705,21.0536],[107.472,21.0523],[107.47,21.0512],[107.468,21.0527],[107.4705,21.0536]]],[[[107.4379,21.0554],[107.4356,21.054],[107.4324,21.0544],[107.4336,21.0565],[107.4358,21.0552],[107.4379,21.0554]]],[[[107.3822,21.0573],[107.3802,21.0572],[107.3793,21.0597],[107.3809,21.0611],[107.383,21.0596],[107.3822,21.0573]]],[[[107.5398,21.0533],[107.5386,21.0534],[107.537,21.0552],[107.5379,21.0578],[107.5398,21.0589],[107.5409,21.0567],[107.5411,21.0542],[107.5398,21.0533]]],[[[107.4256,21.0578],[107.4242,21.0604],[107.4266,21.0602],[107.4256,21.0578]]],[[[107.5056,21.0594],[107.5045,21.0579],[107.5011,21.0583],[107.504,21.0616],[107.5057,21.0607],[107.5056,21.0594]]],[[[107.5438,21.0569],[107.5412,21.0594],[107.5426,21.0621],[107.5445,21.0581],[107.5438,21.0569]]],[[[107.49,21.0628],[107.4877,21.0626],[107.4886,21.0653],[107.4923,21.0665],[107.4936,21.0656],[107.4925,21.0641],[107.49,21.0628]]],[[[107.5166,21.0665],[107.5172,21.0643],[107.5159,21.062],[107.5138,21.062],[107.5129,21.0644],[107.5115,21.0652],[107.5073,21.0648],[107.5061,21.0666],[107.5126,21.0663],[107.5145,21.067],[107.5166,21.0665]]],[[[107.4461,21.067],[107.442,21.0644],[107.4408,21.0657],[107.4426,21.067],[107.4461,21.067]]],[[[107.5351,21.0653],[107.5333,21.0672],[107.5346,21.0686],[107.5362,21.0673],[107.5351,21.0653]]],[[[107.5757,21.0628],[107.5721,21.0628],[107.5707,21.0642],[107.5703,21.0667],[107.5708,21.0681],[107.573,21.0684],[107.5748,21.0668],[107.5757,21.0628]]],[[[107.5561,21.0585],[107.5584,21.0569],[107.5592,21.0555],[107.5583,21.054],[107.5574,21.0505],[107.5552,21.05],[107.5538,21.0515],[107.5512,21.0528],[107.5488,21.0533],[107.5497,21.0548],[107.5522,21.0547],[107.553,21.0533],[107.5557,21.0543],[107.5557,21.0562],[107.5533,21.0561],[107.5518,21.0582],[107.5482,21.0588],[107.5506,21.0611],[107.552,21.0633],[107.5542,21.0638],[107.5533,21.0653],[107.5558,21.0674],[107.5565,21.0695],[107.558,21.0685],[107.5568,21.067],[107.5563,21.0637],[107.5572,21.0615],[107.5561,21.0585]]],[[[107.4527,21.0741],[107.4534,21.073],[107.4511,21.0719],[107.4512,21.0739],[107.4527,21.0741]]],[[[107.5292,21.0718],[107.5321,21.0717],[107.5297,21.0686],[107.5296,21.0652],[107.5327,21.0665],[107.5351,21.0636],[107.5373,21.0635],[107.5365,21.0616],[107.5346,21.0593],[107.5312,21.0582],[107.5299,21.0598],[107.5284,21.0588],[107.5294,21.0564],[107.532,21.056],[107.5331,21.0546],[107.5295,21.0543],[107.5282,21.0532],[107.5262,21.0563],[107.5244,21.0556],[107.5248,21.0531],[107.5234,21.0513],[107.5218,21.0509],[107.5171,21.0459],[107.5141,21.0466],[107.5128,21.0493],[107.5087,21.051],[107.5068,21.0504],[107.5123,21.0466],[107.5099,21.0447],[107.508,21.0462],[107.5054,21.0458],[107.5055,21.044],[107.5073,21.0406],[107.5028,21.0411],[107.5015,21.04],[107.4984,21.0414],[107.4949,21.0401],[107.4935,21.041],[107.495,21.0427],[107.4977,21.0433],[107.4996,21.0417],[107.5018,21.0414],[107.5012,21.0434],[107.4994,21.0458],[107.4976,21.0471],[107.501,21.0485],[107.5015,21.05],[107.504,21.0512],[107.5072,21.0518],[107.5078,21.0539],[107.514,21.0563],[107.5174,21.0561],[107.5203,21.0617],[107.5258,21.0659],[107.5273,21.07],[107.526,21.0718],[107.5292,21.0718]]],[[[107.5109,21.0746],[107.5143,21.0746],[107.5151,21.0731],[107.5155,21.0703],[107.5136,21.0692],[107.5126,21.0712],[107.5107,21.0724],[107.5097,21.0705],[107.5072,21.0708],[107.5066,21.0695],[107.5038,21.0674],[107.5007,21.0678],[107.4986,21.0687],[107.4971,21.0715],[107.5007,21.0732],[107.5031,21.0728],[107.5048,21.0742],[107.5075,21.0752],[107.5109,21.0746]]],[[[107.3754,21.0755],[107.3763,21.071],[107.3778,21.0686],[107.3761,21.0676],[107.3786,21.0648],[107.3758,21.063],[107.3741,21.0662],[107.3719,21.0669],[107.3726,21.071],[107.3715,21.0715],[107.3691,21.07],[107.3679,21.0727],[107.3678,21.0755],[107.3718,21.076],[107.372,21.0777],[107.3742,21.0786],[107.3759,21.0762],[107.3754,21.0755]]],[[[107.3818,21.0779],[107.3833,21.0766],[107.3824,21.0728],[107.3802,21.0733],[107.3784,21.0728],[107.3771,21.0747],[107.3773,21.0774],[107.3802,21.0783],[107.3818,21.0779]]],[[[107.5747,21.0761],[107.5736,21.0764],[107.5732,21.0785],[107.5719,21.08],[107.574,21.0829],[107.5769,21.0836],[107.577,21.0805],[107.5762,21.0775],[107.5747,21.0761]]],[[[107.3863,21.0846],[107.3842,21.0817],[107.382,21.0815],[107.3824,21.0841],[107.3863,21.0846]]],[[[107.5167,21.0863],[107.5148,21.0862],[107.5136,21.0873],[107.5154,21.0886],[107.5167,21.0863]]],[[[107.4951,21.0879],[107.493,21.0869],[107.4924,21.085],[107.4906,21.0852],[107.4902,21.0893],[107.4925,21.0902],[107.4958,21.0895],[107.4951,21.0879]]],[[[107.5784,21.0844],[107.5772,21.0847],[107.5778,21.0889],[107.5797,21.0882],[107.5799,21.0862],[107.5784,21.0844]]],[[[107.5272,21.0907],[107.5271,21.0886],[107.5288,21.0866],[107.527,21.0854],[107.526,21.0877],[107.526,21.0901],[107.5272,21.0907]]],[[[107.385,21.0913],[107.3839,21.0895],[107.3818,21.0928],[107.3848,21.0923],[107.385,21.0913]]],[[[107.5829,21.0838],[107.5814,21.0856],[107.5814,21.0883],[107.5821,21.0906],[107.5849,21.0912],[107.5853,21.0898],[107.5839,21.0847],[107.5829,21.0838]]],[[[107.3966,21.0947],[107.3949,21.0935],[107.3909,21.0915],[107.387,21.0907],[107.3838,21.0938],[107.3873,21.0961],[107.3892,21.0967],[107.3926,21.1001],[107.3936,21.1004],[107.3972,21.0972],[107.3966,21.0947]]],[[[107.3959,21.0994],[107.3946,21.1014],[107.3962,21.1031],[107.3973,21.1017],[107.3959,21.0994]]],[[[107.5871,21.1017],[107.5889,21.1002],[107.588,21.0983],[107.5864,21.097],[107.585,21.0927],[107.5835,21.0939],[107.5848,21.0974],[107.5845,21.0993],[107.5852,21.1014],[107.5871,21.1017]]],[[[107.599,21.109],[107.5974,21.1101],[107.598,21.1118],[107.6001,21.1114],[107.599,21.109]]],[[[107.5428,21.1137],[107.5408,21.1136],[107.5418,21.1167],[107.5433,21.1168],[107.5428,21.1137]]],[[[107.5785,21.114],[107.5806,21.1125],[107.5815,21.1095],[107.5751,21.1065],[107.5748,21.1041],[107.5769,21.1044],[107.5785,21.1022],[107.5733,21.0929],[107.572,21.0894],[107.571,21.0882],[107.5711,21.0846],[107.5687,21.0826],[107.5636,21.0843],[107.5612,21.0854],[107.561,21.0869],[107.5584,21.0877],[107.5563,21.0868],[107.5546,21.0875],[107.5503,21.0866],[107.5482,21.0875],[107.5431,21.0878],[107.5432,21.0864],[107.5452,21.0859],[107.546,21.0847],[107.5481,21.0863],[107.5487,21.0848],[107.5508,21.0856],[107.5519,21.0843],[107.5535,21.0854],[107.5555,21.084],[107.5579,21.0854],[107.561,21.084],[107.5628,21.082],[107.5623,21.0798],[107.56,21.0783],[107.5603,21.0766],[107.5596,21.0733],[107.5583,21.0743],[107.5542,21.073],[107.5514,21.0731],[107.5493,21.0709],[107.5462,21.0711],[107.5459,21.0685],[107.5434,21.0676],[107.54,21.065],[107.5384,21.0653],[107.5376,21.068],[107.5363,21.0694],[107.5372,21.0706],[107.5354,21.0733],[107.5372,21.0763],[107.5344,21.0774],[107.5329,21.0753],[107.5271,21.0775],[107.5266,21.0794],[107.5295,21.0786],[107.528,21.0835],[107.5296,21.0852],[107.5296,21.0874],[107.5317,21.0871],[107.5337,21.0896],[107.536,21.0877],[107.5378,21.089],[107.5394,21.0889],[107.5416,21.0912],[107.5405,21.0937],[107.537,21.0925],[107.5365,21.0903],[107.5346,21.0914],[107.5364,21.094],[107.5382,21.0954],[107.5387,21.0985],[107.544,21.098],[107.5452,21.0997],[107.545,21.1021],[107.5459,21.1055],[107.5451,21.1061],[107.5469,21.1101],[107.5499,21.1144],[107.5538,21.1179],[107.5571,21.119],[107.5551,21.1133],[107.5603,21.1122],[107.5625,21.1109],[107.5651,21.1115],[107.5689,21.1105],[107.572,21.1104],[107.5728,21.1122],[107.5673,21.1148],[107.5717,21.1172],[107.5773,21.1182],[107.5801,21.1206],[107.5805,21.1178],[107.58,21.1155],[107.5785,21.114]]],[[[107.6195,21.0979],[107.6187,21.0952],[107.617,21.0926],[107.6155,21.0889],[107.6153,21.084],[107.6139,21.0818],[107.6107,21.0749],[107.6098,21.072],[107.6093,21.0652],[107.6073,21.0604],[107.6045,21.0565],[107.6039,21.0544],[107.6018,21.0517],[107.6,21.0504],[107.5994,21.0475],[107.5999,21.044],[107.5996,21.0382],[107.5981,21.0331],[107.5967,21.03],[107.5927,21.0283],[107.5895,21.026],[107.5879,21.0227],[107.5865,21.015],[107.5864,21.0107],[107.5851,21.0071],[107.5847,21.0026],[107.5823,20.9973],[107.5804,20.9904],[107.5784,20.988],[107.578,20.985],[107.5763,20.9784],[107.5743,20.9759],[107.5708,20.9736],[107.57,20.972],[107.568,20.9718],[107.5662,20.9704],[107.564,20.9698],[107.5631,20.971],[107.5631,20.975],[107.5647,20.9825],[107.566,20.9815],[107.571,20.9838],[107.5724,20.9849],[107.5748,20.9893],[107.5751,20.991],[107.5732,20.9943],[107.574,20.9967],[107.5694,20.9933],[107.5672,20.994],[107.5674,20.996],[107.5659,20.9974],[107.5659,20.9999],[107.5687,21.0041],[107.5705,21.0055],[107.5707,21.0078],[107.5718,21.0095],[107.572,21.0144],[107.5743,21.0213],[107.5753,21.0224],[107.5764,21.0256],[107.5785,21.0287],[107.5798,21.0287],[107.5805,21.0246],[107.5813,21.0249],[107.583,21.0309],[107.5863,21.0316],[107.5891,21.0356],[107.5891,21.0317],[107.59,21.0316],[107.5908,21.0375],[107.5916,21.0396],[107.5916,21.0419],[107.5883,21.0418],[107.584,21.0398],[107.5837,21.0414],[107.5853,21.0476],[107.5866,21.0486],[107.5877,21.0553],[107.5865,21.058],[107.5862,21.0609],[107.5871,21.0676],[107.5886,21.0721],[107.5903,21.0753],[107.5931,21.0775],[107.5965,21.0827],[107.5979,21.0842],[107.5991,21.087],[107.6005,21.0881],[107.6027,21.0882],[107.6051,21.0908],[107.6093,21.0973],[107.6111,21.0974],[107.6133,21.1008],[107.6164,21.1035],[107.6173,21.106],[107.6171,21.1078],[107.6199,21.1123],[107.6208,21.1143],[107.6249,21.1182],[107.6274,21.1209],[107.6293,21.124],[107.6314,21.1245],[107.6301,21.1194],[107.6279,21.117],[107.6265,21.1136],[107.6236,21.1079],[107.6225,21.1067],[107.6221,21.1039],[107.6195,21.0979]]],[[[107.6092,21.1256],[107.6111,21.1234],[107.6091,21.1214],[107.6087,21.1194],[107.6063,21.1203],[107.6038,21.1193],[107.6029,21.1206],[107.6045,21.1237],[107.6073,21.121],[107.6082,21.1221],[107.6056,21.1245],[107.6074,21.1274],[107.6092,21.1256]]],[[[107.5887,21.1296],[107.5894,21.1317],[107.5918,21.1328],[107.5924,21.132],[107.5903,21.1299],[107.5887,21.1296]]],[[[107.5813,21.1335],[107.5785,21.131],[107.5779,21.1281],[107.5757,21.1273],[107.5708,21.1246],[107.5679,21.1215],[107.5647,21.1189],[107.5618,21.1197],[107.5587,21.1197],[107.557,21.1209],[107.556,21.1246],[107.5564,21.128],[107.5597,21.1297],[107.5637,21.1324],[107.5648,21.134],[107.5627,21.136],[107.5665,21.138],[107.5681,21.1366],[107.5687,21.1347],[107.572,21.1336],[107.5772,21.138],[107.5802,21.1387],[107.5817,21.1377],[107.5828,21.1351],[107.5813,21.1335]]],[[[107.6444,21.1328],[107.6432,21.1348],[107.6446,21.1385],[107.6457,21.1394],[107.65,21.1411],[107.6496,21.1392],[107.6444,21.1328]]],[[[107.4327,21.1458],[107.4297,21.1407],[107.4289,21.1427],[107.4254,21.1421],[107.4237,21.1439],[107.423,21.146],[107.4289,21.1453],[107.4317,21.1465],[107.4327,21.1458]]],[[[107.5387,21.1438],[107.5387,21.1423],[107.5338,21.1381],[107.5326,21.1364],[107.5277,21.1339],[107.5229,21.1311],[107.5207,21.1306],[107.5177,21.1307],[107.5178,21.1292],[107.5161,21.1286],[107.5145,21.1266],[107.5102,21.1233],[107.5075,21.1239],[107.5081,21.1264],[107.51,21.1284],[107.5083,21.1294],[107.5092,21.132],[107.5119,21.1333],[107.5125,21.1344],[107.516,21.1347],[107.5161,21.1366],[107.5179,21.137],[107.52,21.1363],[107.5222,21.14],[107.5239,21.1421],[107.5243,21.1443],[107.5293,21.1448],[107.5313,21.144],[107.5337,21.1444],[107.5365,21.1459],[107.5387,21.1438]]],[[[107.5278,21.1452],[107.5265,21.1474],[107.5283,21.1482],[107.5278,21.1452]]],[[[107.5223,21.1489],[107.5239,21.1487],[107.5253,21.1465],[107.5229,21.146],[107.5205,21.1464],[107.5193,21.1473],[107.5223,21.1489]]],[[[107.5901,21.1519],[107.5892,21.1509],[107.5855,21.149],[107.5859,21.1453],[107.5843,21.1431],[107.5815,21.1418],[107.5818,21.1447],[107.5806,21.148],[107.5832,21.1517],[107.5851,21.1526],[107.5876,21.1524],[107.5887,21.1554],[107.5901,21.1559],[107.5901,21.1519]]],[[[107.4739,21.1865],[107.4717,21.1867],[107.4699,21.1886],[107.4725,21.1915],[107.4747,21.1901],[107.4736,21.1884],[107.4739,21.1865]]],[[[107.4065,21.1856],[107.403,21.1855],[107.401,21.1847],[107.3982,21.185],[107.3982,21.1865],[107.4004,21.1897],[107.4046,21.1929],[107.407,21.1939],[107.4089,21.1935],[107.4077,21.1902],[107.4078,21.1871],[107.4065,21.1856]]],[[[107.618,21.1725],[107.6172,21.1729],[107.6201,21.1798],[107.6206,21.1823],[107.6227,21.1864],[107.6258,21.1898],[107.6262,21.1884],[107.6243,21.1867],[107.6214,21.1819],[107.6205,21.1779],[107.618,21.1725]]],[[[107.4314,21.1942],[107.4319,21.1921],[107.4336,21.1915],[107.4355,21.1887],[107.4362,21.1856],[107.4382,21.1826],[107.4376,21.178],[107.4336,21.1794],[107.4326,21.1777],[107.4309,21.1788],[107.4263,21.1808],[107.4266,21.1787],[107.4252,21.1779],[107.4249,21.1817],[107.4222,21.185],[107.4229,21.1882],[107.4258,21.1854],[107.4294,21.187],[107.4312,21.189],[107.4311,21.1903],[107.4292,21.1925],[107.4258,21.1923],[107.4264,21.1941],[107.4283,21.194],[107.4312,21.1958],[107.4314,21.1942]]],[[[107.4088,21.1839],[107.4081,21.1848],[107.4091,21.1867],[107.4167,21.1966],[107.4211,21.2011],[107.4261,21.205],[107.4285,21.2073],[107.4301,21.2101],[107.4311,21.213],[107.4327,21.2147],[107.4369,21.2179],[107.4381,21.2162],[107.4362,21.2119],[107.4336,21.209],[107.4309,21.2034],[107.4301,21.2024],[107.4237,21.1985],[107.4152,21.1909],[107.4116,21.1857],[107.4088,21.1839]]],[[[107.5678,21.2059],[107.5687,21.2075],[107.5737,21.2112],[107.5758,21.2118],[107.5845,21.2159],[107.5879,21.216],[107.5866,21.2142],[107.5835,21.2121],[107.5772,21.2089],[107.5725,21.2079],[107.5678,21.2059]]],[[[107.6803,21.2153],[107.682,21.2141],[107.681,21.211],[107.6771,21.2064],[107.6757,21.2054],[107.6744,21.2016],[107.674,21.1972],[107.6724,21.1914],[107.6727,21.1876],[107.672,21.1841],[107.6684,21.1772],[107.6673,21.1741],[107.6657,21.1671],[107.6642,21.1632],[107.664,21.1597],[107.6653,21.1539],[107.6655,21.1458],[107.665,21.1443],[107.6602,21.1404],[107.6572,21.1384],[107.6543,21.1409],[107.6554,21.1466],[107.6545,21.1489],[107.656,21.1528],[107.6557,21.1546],[107.6567,21.159],[107.6584,21.1612],[107.6579,21.1638],[107.6598,21.1653],[107.6587,21.1671],[107.6588,21.1723],[107.6578,21.1743],[107.6592,21.177],[107.6597,21.1801],[107.6611,21.1815],[107.6627,21.185],[107.6626,21.188],[107.6633,21.1892],[107.6629,21.1912],[107.6639,21.1938],[107.6654,21.1954],[107.6677,21.1994],[107.6696,21.204],[107.67,21.2078],[107.674,21.2109],[107.6776,21.2153],[107.6803,21.2153]]],[[[107.6871,21.2217],[107.6857,21.2197],[107.6818,21.2198],[107.6818,21.2211],[107.6848,21.2218],[107.6866,21.2255],[107.6898,21.2275],[107.6905,21.2306],[107.6923,21.2331],[107.6946,21.2342],[107.6951,21.2314],[107.693,21.2292],[107.6912,21.2262],[107.6879,21.224],[107.6871,21.2217]]],[[[107.4556,21.2513],[107.4541,21.2524],[107.4546,21.255],[107.4563,21.2527],[107.4556,21.2513]]],[[[107.4603,21.2726],[107.4619,21.274],[107.4637,21.272],[107.4661,21.2705],[107.4672,21.2721],[107.4698,21.2725],[107.474,21.2716],[107.4772,21.2686],[107.4829,21.2613],[107.4841,21.2587],[107.4862,21.2568],[107.4891,21.2558],[107.492,21.2537],[107.4959,21.2496],[107.4979,21.2458],[107.5003,21.246],[107.5025,21.2444],[107.5053,21.2406],[107.5088,21.2368],[107.5088,21.235],[107.5125,21.2354],[107.5142,21.2336],[107.5132,21.2321],[107.5104,21.2322],[107.511,21.23],[107.5124,21.2295],[107.5148,21.2317],[107.5179,21.2319],[107.5184,21.231],[107.5182,21.2272],[107.5164,21.2262],[107.5146,21.227],[107.5129,21.2251],[107.5169,21.2243],[107.5178,21.2255],[107.5214,21.2271],[107.5245,21.2256],[107.5267,21.2232],[107.5258,21.2199],[107.53,21.2161],[107.5308,21.2139],[107.532,21.2127],[107.5331,21.2078],[107.5328,21.2061],[107.5341,21.2031],[107.5339,21.2019],[107.5311,21.2013],[107.5266,21.2037],[107.5257,21.2063],[107.5233,21.2057],[107.5189,21.2075],[107.5158,21.2082],[107.5141,21.2077],[107.5213,21.2053],[107.5218,21.204],[107.5255,21.203],[107.5281,21.2012],[107.5303,21.2005],[107.5296,21.1985],[107.5306,21.1979],[107.5355,21.1974],[107.5372,21.2004],[107.5387,21.1997],[107.5398,21.1972],[107.5371,21.1977],[107.5368,21.1946],[107.5343,21.1946],[107.5368,21.1905],[107.5388,21.1921],[107.5392,21.1935],[107.5421,21.1925],[107.5427,21.1897],[107.5443,21.1901],[107.5435,21.1929],[107.5465,21.1943],[107.5432,21.196],[107.5446,21.1969],[107.5475,21.1973],[107.5484,21.1946],[107.5522,21.1921],[107.5505,21.1906],[107.5518,21.1896],[107.5558,21.1903],[107.5601,21.1935],[107.5597,21.1944],[107.5569,21.1932],[107.5539,21.1933],[107.5504,21.1949],[107.5529,21.1972],[107.5539,21.1992],[107.5554,21.1981],[107.5566,21.1994],[107.5604,21.2004],[107.5635,21.1989],[107.5638,21.2004],[107.5618,21.2019],[107.5661,21.2036],[107.5689,21.2029],[107.5682,21.2004],[107.5644,21.198],[107.5669,21.1976],[107.5706,21.2004],[107.5726,21.2011],[107.5732,21.2028],[107.5722,21.2044],[107.5768,21.2061],[107.5794,21.2053],[107.5835,21.2062],[107.5853,21.2086],[107.5897,21.2117],[107.591,21.2132],[107.5942,21.2145],[107.5965,21.2189],[107.6014,21.2184],[107.6019,21.2158],[107.6062,21.219],[107.611,21.2186],[107.6112,21.2173],[107.6099,21.2147],[107.6081,21.2143],[107.6089,21.2112],[107.606,21.2067],[107.6051,21.2041],[107.6026,21.2037],[107.5972,21.2008],[107.596,21.1984],[107.5969,21.1977],[107.5945,21.1921],[107.5929,21.1911],[107.5927,21.1884],[107.5874,21.1853],[107.5853,21.1828],[107.5837,21.1791],[107.5809,21.1821],[107.5819,21.1781],[107.5815,21.177],[107.5787,21.1764],[107.5744,21.1765],[107.5728,21.1739],[107.571,21.1747],[107.5733,21.1767],[107.5711,21.1781],[107.5699,21.1751],[107.571,21.1718],[107.5682,21.1711],[107.5682,21.1663],[107.5661,21.1639],[107.5624,21.1642],[107.5642,21.1623],[107.5645,21.1605],[107.5602,21.1578],[107.556,21.1546],[107.5537,21.154],[107.5511,21.1542],[107.5514,21.1523],[107.5496,21.1499],[107.548,21.1506],[107.5475,21.1486],[107.5455,21.1487],[107.5409,21.1435],[107.5397,21.1459],[107.5368,21.1483],[107.5375,21.1511],[107.5392,21.1516],[107.5405,21.154],[107.541,21.157],[107.5362,21.1596],[107.5336,21.1599],[107.5338,21.1624],[107.5326,21.1625],[107.5329,21.1589],[107.5337,21.1575],[107.533,21.1534],[107.5319,21.1515],[107.5292,21.1497],[107.5273,21.1493],[107.5253,21.1499],[107.5211,21.1495],[107.5174,21.1486],[107.5166,21.1493],[107.514,21.1478],[107.5132,21.1461],[107.5173,21.1464],[107.5188,21.144],[107.5174,21.1414],[107.5176,21.14],[107.5153,21.1391],[107.5121,21.1391],[107.5114,21.138],[107.5124,21.1361],[107.5102,21.1338],[107.5087,21.134],[107.5071,21.1317],[107.503,21.1317],[107.5047,21.1294],[107.5048,21.1276],[107.5035,21.1256],[107.5061,21.1231],[107.5062,21.121],[107.5021,21.1175],[107.5014,21.1182],[107.4875,21.109],[107.486,21.1067],[107.4873,21.1044],[107.4791,21.0989],[107.4766,21.096],[107.4743,21.0966],[107.474,21.0943],[107.471,21.0946],[107.4707,21.0975],[107.469,21.0976],[107.4696,21.0951],[107.4695,21.0924],[107.4674,21.0917],[107.4612,21.0873],[107.456,21.0886],[107.4605,21.0838],[107.4522,21.0774],[107.4476,21.0825],[107.4394,21.076],[107.4434,21.0716],[107.4387,21.0682],[107.436,21.0711],[107.433,21.0688],[107.4312,21.0709],[107.4248,21.0671],[107.4279,21.0637],[107.4307,21.0649],[107.4318,21.0633],[107.4285,21.0585],[107.4258,21.0619],[107.4245,21.0618],[107.4204,21.058],[107.4186,21.0586],[107.413,21.0525],[107.4113,21.0512],[107.4052,21.0495],[107.407,21.0467],[107.3957,21.0386],[107.3946,21.0383],[107.3843,21.0384],[107.3819,21.0386],[107.3809,21.0443],[107.3811,21.0472],[107.3828,21.053],[107.3831,21.0566],[107.3854,21.0596],[107.3884,21.0595],[107.3907,21.0602],[107.39,21.0621],[107.3863,21.0629],[107.3842,21.0641],[107.3861,21.0661],[107.3843,21.0682],[107.3813,21.0666],[107.3792,21.0666],[107.3792,21.0702],[107.3815,21.0712],[107.3839,21.0711],[107.3832,21.0733],[107.3847,21.0742],[107.3846,21.0776],[107.3867,21.0778],[107.3858,21.0799],[107.3842,21.0807],[107.3878,21.0823],[107.3898,21.0822],[107.3888,21.0855],[107.3896,21.0876],[107.3886,21.0893],[107.3963,21.093],[107.3991,21.0933],[107.3985,21.0967],[107.3965,21.0991],[107.3996,21.1051],[107.3992,21.1064],[107.4012,21.112],[107.4036,21.1123],[107.4056,21.1138],[107.4117,21.1207],[107.4132,21.122],[107.4146,21.1259],[107.4168,21.1272],[107.423,21.1393],[107.4273,21.1374],[107.4231,21.129],[107.4317,21.1256],[107.4334,21.1275],[107.4347,21.1299],[107.4324,21.1301],[107.429,21.1319],[107.4295,21.1342],[107.4326,21.1336],[107.432,21.1387],[107.4323,21.1411],[107.4351,21.1434],[107.4355,21.146],[107.4372,21.1468],[107.4395,21.1466],[107.4403,21.1449],[107.4435,21.1528],[107.4394,21.1553],[107.4364,21.1537],[107.4349,21.1545],[107.4359,21.157],[107.4356,21.1593],[107.4335,21.1612],[107.4314,21.1617],[107.4304,21.1592],[107.4292,21.1583],[107.4294,21.1565],[107.4262,21.1557],[107.4265,21.1572],[107.4255,21.1611],[107.424,21.1599],[107.4222,21.1602],[107.4193,21.1648],[107.421,21.1659],[107.4212,21.1674],[107.4201,21.1692],[107.4209,21.1702],[107.4231,21.1684],[107.4242,21.1688],[107.4241,21.1735],[107.4275,21.173],[107.4306,21.1735],[107.4327,21.1747],[107.4346,21.1731],[107.4373,21.169],[107.4371,21.1661],[107.44,21.1651],[107.4427,21.163],[107.4457,21.1622],[107.4475,21.1624],[107.4511,21.1722],[107.4517,21.1744],[107.451,21.1756],[107.449,21.1764],[107.4484,21.1796],[107.4438,21.1797],[107.4437,21.1838],[107.4475,21.185],[107.4502,21.1849],[107.4527,21.1866],[107.4562,21.1857],[107.4585,21.1838],[107.4613,21.1829],[107.4608,21.1817],[107.4588,21.1811],[107.4595,21.1794],[107.4639,21.1796],[107.4654,21.1782],[107.4673,21.1784],[107.4671,21.1804],[107.4635,21.1817],[107.4639,21.1846],[107.4658,21.1853],[107.4657,21.183],[107.4702,21.1805],[107.4735,21.1801],[107.4753,21.1806],[107.4788,21.1794],[107.48,21.1797],[107.4812,21.1817],[107.4802,21.1839],[107.477,21.185],[107.4749,21.1881],[107.4752,21.1892],[107.4796,21.1906],[107.4864,21.1901],[107.4885,21.1882],[107.4892,21.1898],[107.4865,21.1917],[107.4818,21.1915],[107.4827,21.193],[107.4823,21.1958],[107.4835,21.1987],[107.4798,21.1986],[107.4792,21.2016],[107.4769,21.2062],[107.4759,21.2049],[107.4781,21.2012],[107.4782,21.1998],[107.4797,21.1954],[107.4802,21.1915],[107.4758,21.1935],[107.4739,21.1949],[107.4715,21.1959],[107.4678,21.1964],[107.4701,21.1991],[107.4677,21.1992],[107.4661,21.2015],[107.4629,21.2025],[107.4587,21.2028],[107.4569,21.2069],[107.4581,21.207],[107.4601,21.205],[107.4631,21.2034],[107.4635,21.2047],[107.4658,21.2051],[107.4661,21.2078],[107.4657,21.2093],[107.4632,21.2125],[107.4653,21.2127],[107.4664,21.2146],[107.4641,21.2178],[107.4615,21.2189],[107.4564,21.2233],[107.457,21.2254],[107.455,21.2268],[107.4557,21.2285],[107.4533,21.2296],[107.4513,21.2327],[107.453,21.2339],[107.4531,21.2364],[107.4546,21.2362],[107.4523,21.2408],[107.4519,21.2426],[107.4524,21.2455],[107.4539,21.2488],[107.4553,21.2508],[107.4576,21.2483],[107.4614,21.2481],[107.4608,21.2462],[107.4618,21.2452],[107.4636,21.2474],[107.4675,21.2452],[107.4674,21.2471],[107.4691,21.25],[107.4711,21.2503],[107.4716,21.2521],[107.4745,21.2532],[107.4707,21.2542],[107.4699,21.2561],[107.4683,21.2564],[107.4687,21.2537],[107.4682,21.2511],[107.4659,21.2488],[107.4598,21.2492],[107.4571,21.2513],[107.4569,21.254],[107.4547,21.2562],[107.454,21.2611],[107.4564,21.262],[107.4548,21.2635],[107.4558,21.2666],[107.4596,21.2675],[107.4585,21.269],[107.4587,21.2707],[107.4567,21.2717],[107.4582,21.273],[107.4586,21.2748],[107.4603,21.2749],[107.4603,21.2726]]]]},"properties":{"name":"Vân Đồn","level":"ward"}},{"type":"Feature","geometry":{"type":"Polygon","coordinates":[[[107.0624,20.9763],[107.0597,20.9745],[107.0535,20.9766],[107.0477,20.9815],[107.0417,20.9845],[107.0373,20.9886],[107.0341,20.9904],[107.0295,20.9914],[107.0223,20.9908],[107.018,20.9907],[107.0117,20.9918],[107.0094,20.9936],[107.0057,20.9982],[107.0083,21.0004],[107.0063,21.0034],[107.0026,21.0069],[106.9997,21.0114],[106.9892,21.0134],[106.9864,21.0143],[106.9835,21.0144],[106.9796,21.0191],[106.9777,21.0218],[106.9736,21.0223],[106.9688,21.0266],[106.9689,21.0284],[106.9673,21.0292],[106.9662,21.0283],[106.9668,21.0251],[106.9654,21.0224],[106.9643,21.0216],[106.9633,21.0186],[106.96,21.0164],[106.9551,21.016],[106.9515,21.0164],[106.9499,21.0157],[106.9482,21.017],[106.9412,21.0148],[106.9369,21.0131],[106.9352,21.0143],[106.9319,21.0131],[106.926,21.0142],[106.9241,21.0159],[106.9241,21.018],[106.9211,21.0218],[106.9195,21.0218],[106.9164,21.0241],[106.9166,21.0267],[106.9154,21.0289],[106.9185,21.0297],[106.9186,21.0307],[106.9163,21.0321],[106.9157,21.0335],[106.9128,21.0357],[106.9123,21.0391],[106.9102,21.0414],[106.9105,21.0436],[106.9089,21.0449],[106.9065,21.0448],[106.9054,21.0471],[106.9031,21.049],[106.9064,21.0525],[106.9097,21.0542],[106.9109,21.06],[106.9128,21.0612],[106.9149,21.0606],[106.9176,21.0616],[106.9196,21.0646],[106.9223,21.0695],[106.929,21.0706],[106.9336,21.0754],[106.9372,21.0761],[106.9366,21.081],[106.9388,21.0838],[106.942,21.0848],[106.9455,21.0883],[106.948,21.09],[106.949,21.0897],[106.9509,21.0919],[106.9528,21.0921],[106.9548,21.0937],[106.9534,21.0978],[106.9517,21.0978],[106.9465,21.1023],[106.9457,21.1053],[106.9427,21.1071],[106.9412,21.1074],[106.9368,21.1109],[106.9367,21.1143],[106.9352,21.1162],[106.9316,21.1174],[106.9279,21.1176],[106.9241,21.1197],[106.9214,21.1202],[106.9172,21.1221],[106.9148,21.1259],[106.9124,21.1277],[106.9141,21.1285],[106.9184,21.1294],[106.9212,21.1311],[106.9256,21.1329],[106.9318,21.1343],[106.9358,21.1382],[106.9369,21.1407],[106.9401,21.1422],[106.9423,21.1425],[106.9461,21.144],[106.9481,21.1466],[106.9463,21.1479],[106.9456,21.1508],[106.946,21.1522],[106.9478,21.1541],[106.9502,21.1555],[106.9555,21.1558],[106.9567,21.1554],[106.9608,21.1554],[106.9653,21.1581],[106.9663,21.1602],[106.9682,21.1606],[106.9699,21.1625],[106.9754,21.1599],[106.9776,21.1612],[106.9826,21.1602],[106.9859,21.1584],[106.9889,21.1598],[106.991,21.16],[106.993,21.1588],[106.9935,21.1564],[106.9928,21.1537],[106.9937,21.1523],[106.9937,21.1477],[106.9946,21.1451],[106.9965,21.1438],[106.9964,21.1417],[106.9973,21.1396],[106.9993,21.1372],[107.0011,21.1367],[107.0045,21.1323],[107.0062,21.1295],[107.0085,21.1271],[107.0095,21.1251],[107.0098,21.1228],[107.0117,21.1197],[107.0127,21.117],[107.0124,21.1156],[107.0091,21.112],[107.009,21.1074],[107.0062,21.0976],[107.0054,21.0957],[107.0015,21.0961],[106.9995,21.095],[106.9984,21.0929],[106.9992,21.0918],[106.9963,21.0891],[106.9984,21.0869],[107.0015,21.0847],[107.0045,21.0858],[107.0059,21.0871],[107.0091,21.0855],[107.013,21.0862],[107.0147,21.0881],[107.0204,21.0879],[107.0237,21.0867],[107.0277,21.0871],[107.0322,21.0868],[107.0348,21.0847],[107.0362,21.0847],[107.0383,21.0826],[107.0396,21.0822],[107.0423,21.0795],[107.0421,21.0757],[107.0439,21.072],[107.0507,21.0684],[107.0531,21.0659],[107.0507,21.0644],[107.0521,21.0611],[107.0469,21.053],[107.0485,21.0502],[107.0507,21.0478],[107.0565,21.0459],[107.0585,21.0473],[107.0594,21.0465],[107.06,21.0437],[107.061,21.0421],[107.0612,21.0352],[107.0623,21.0325],[107.0625,21.0288],[107.0617,21.0262],[107.0572,21.0181],[107.0576,21.0147],[107.0597,21.0115],[107.0598,21.0099],[107.0585,21.0048],[107.0573,21.0023],[107.0521,20.9978],[107.0499,20.9944],[107.0495,20.9911],[107.0502,20.9892],[107.0551,20.9815],[107.058,20.9789],[107.0624,20.9763]]]},"properties":{"name":"Hoành Bồ","level":"ward"}},{"type":"Feature","geometry":{"type":"Polygon","coordinates":[[[106.9241,21.0159],[106.9201,21.0169],[106.9157,21.0154],[106.9132,21.0161],[106.9098,21.0158],[106.907,21.0162],[106.9047,21.0144],[106.901,21.0144],[106.898,21.0131],[106.892,21.013],[106.8885,21.0134],[106.8924,21.017],[106.8984,21.0251],[106.8985,21.0268],[106.8972,21.0299],[106.8977,21.0318],[106.8996,21.0331],[106.9005,21.0349],[106.8997,21.0359],[106.8939,21.0342],[106.887,21.0298],[106.8846,21.0288],[106.8808,21.0287],[106.8787,21.0269],[106.8786,21.0248],[106.8749,21.0228],[106.8717,21.0236],[106.8679,21.0292],[106.8652,21.0313],[106.8636,21.0335],[106.8619,21.0322],[106.8612,21.0306],[106.8571,21.0323],[106.8545,21.0327],[106.8511,21.0364],[106.85,21.0357],[106.8469,21.0361],[106.8446,21.0357],[106.8439,21.0366],[106.8448,21.0423],[106.8446,21.0442],[106.8429,21.0479],[106.8432,21.0512],[106.8446,21.0514],[106.8466,21.0532],[106.847,21.0563],[106.849,21.0582],[106.8464,21.0602],[106.8438,21.0612],[106.8413,21.0665],[106.839,21.0679],[106.8366,21.0684],[106.8341,21.0708],[106.8313,21.0715],[106.8288,21.0747],[106.83,21.0761],[106.8298,21.0779],[106.8319,21.0799],[106.8326,21.0818],[106.835,21.0833],[106.8359,21.0851],[106.8357,21.0888],[106.8362,21.0907],[106.8382,21.0918],[106.84,21.0937],[106.839,21.0958],[106.8352,21.0985],[106.8333,21.1094],[106.8365,21.1114],[106.8386,21.1122],[106.8438,21.1133],[106.8408,21.1167],[106.8425,21.1196],[106.8438,21.125],[106.8461,21.1284],[106.8447,21.131],[106.844,21.134],[106.8442,21.136],[106.8425,21.1383],[106.8408,21.1386],[106.8406,21.1446],[106.8395,21.1487],[106.8349,21.1508],[106.8335,21.1529],[106.8295,21.1573],[106.8261,21.1649],[106.8259,21.1676],[106.8263,21.1712],[106.8261,21.1741],[106.8273,21.1754],[106.827,21.1794],[106.8256,21.1824],[106.8267,21.1842],[106.8274,21.1879],[106.8338,21.1866],[106.8371,21.187],[106.8409,21.1861],[106.8429,21.1867],[106.8479,21.1868],[106.8493,21.1884],[106.8533,21.1889],[106.8573,21.1877],[106.8581,21.1862],[106.8579,21.1813],[106.8614,21.1763],[106.8638,21.1765],[106.8644,21.1755],[106.8683,21.1756],[106.8708,21.1737],[106.874,21.1741],[106.8769,21.179],[106.8784,21.1795],[106.8802,21.1823],[106.8824,21.1834],[106.8847,21.1835],[106.8879,21.1824],[106.8925,21.1791],[106.8944,21.18],[106.8992,21.1802],[106.9016,21.1807],[106.9042,21.1828],[106.9083,21.1835],[106.9132,21.1839],[106.9142,21.1833],[106.9164,21.1845],[106.9182,21.1834],[106.923,21.179],[106.9233,21.1768],[106.9249,21.1759],[106.9267,21.1733],[106.9298,21.1718],[106.9327,21.1691],[106.936,21.169],[106.9377,21.1681],[106.9377,21.164],[106.9368,21.1627],[106.9387,21.1562],[106.9405,21.1552],[106.9438,21.1552],[106.9453,21.1528],[106.9456,21.1508],[106.9463,21.1479],[106.9481,21.1466],[106.9461,21.144],[106.9423,21.1425],[106.9401,21.1422],[106.9369,21.1407],[106.9358,21.1382],[106.9318,21.1343],[106.9256,21.1329],[106.9212,21.1311],[106.9184,21.1294],[106.9141,21.1285],[106.9124,21.1277],[106.9148,21.1259],[106.9172,21.1221],[106.9214,21.1202],[106.9241,21.1197],[106.9279,21.1176],[106.9316,21.1174],[106.9352,21.1162],[106.9367,21.1143],[106.9368,21.1109],[106.9412,21.1074],[106.9427,21.1071],[106.9457,21.1053],[106.9465,21.1023],[106.9517,21.0978],[106.9534,21.0978],[106.9548,21.0937],[106.9528,21.0921],[106.9509,21.0919],[106.949,21.0897],[106.948,21.09],[106.9455,21.0883],[106.942,21.0848],[106.9388,21.0838],[106.9366,21.081],[106.9372,21.0761],[106.9336,21.0754],[106.929,21.0706],[106.9223,21.0695],[106.9196,21.0646],[106.9176,21.0616],[106.9149,21.0606],[106.9128,21.0612],[106.9109,21.06],[106.9097,21.0542],[106.9064,21.0525],[106.9031,21.049],[106.9054,21.0471],[106.9065,21.0448],[106.9089,21.0449],[106.9105,21.0436],[106.9102,21.0414],[106.9123,21.0391],[106.9128,21.0357],[106.9157,21.0335],[106.9163,21.0321],[106.9186,21.0307],[106.9185,21.0297],[106.9154,21.0289],[106.9166,21.0267],[106.9164,21.0241],[106.9195,21.0218],[106.9211,21.0218],[106.9241,21.018],[106.9241,21.0159]]]},"properties":{"name":"Quảng La","level":"ward"}},{"type":"Feature","geometry":{"type":"Polygon","coordinates":[[[107.1784,21.0267],[107.1771,21.0271],[107.1737,21.031],[107.1714,21.0321],[107.1666,21.0313],[107.1615,21.0315],[107.1551,21.0333],[107.1532,21.0332],[107.1499,21.031],[107.1446,21.0292],[107.1402,21.0284],[107.1358,21.0297],[107.1328,21.0292],[107.1301,21.0238],[107.1282,21.0184],[107.1272,21.0172],[107.1225,21.0145],[107.1163,21.0138],[107.1082,21.0122],[107.1049,21.0106],[107.1033,21.0092],[107.097,21.0015],[107.0945,20.9989],[107.0901,20.9953],[107.0805,20.988],[107.0624,20.9763],[107.058,20.9789],[107.0551,20.9815],[107.0502,20.9892],[107.0495,20.9911],[107.0499,20.9944],[107.0521,20.9978],[107.0573,21.0023],[107.0585,21.0048],[107.0598,21.0099],[107.0597,21.0115],[107.0576,21.0147],[107.0572,21.0181],[107.0617,21.0262],[107.0625,21.0288],[107.0623,21.0325],[107.0612,21.0352],[107.061,21.0421],[107.06,21.0437],[107.0594,21.0465],[107.0585,21.0473],[107.0565,21.0459],[107.0507,21.0478],[107.0485,21.0502],[107.0469,21.053],[107.0521,21.0611],[107.0507,21.0644],[107.0531,21.0659],[107.0507,21.0684],[107.0439,21.072],[107.0421,21.0757],[107.0423,21.0795],[107.0396,21.0822],[107.0383,21.0826],[107.0362,21.0847],[107.0348,21.0847],[107.0322,21.0868],[107.0277,21.0871],[107.0237,21.0867],[107.0204,21.0879],[107.0147,21.0881],[107.013,21.0862],[107.0091,21.0855],[107.0059,21.0871],[107.0045,21.0858],[107.0015,21.0847],[106.9984,21.0869],[106.9963,21.0891],[106.9992,21.0918],[106.9984,21.0929],[106.9995,21.095],[107.0015,21.0961],[107.0054,21.0957],[107.0062,21.0976],[107.009,21.1074],[107.0091,21.112],[107.0124,21.1156],[107.0127,21.117],[107.0117,21.1197],[107.0098,21.1228],[107.0095,21.1251],[107.0114,21.125],[107.0141,21.1265],[107.0166,21.1267],[107.018,21.1278],[107.0227,21.133],[107.0275,21.1326],[107.0294,21.1311],[107.0313,21.1314],[107.0343,21.1294],[107.0375,21.1319],[107.0402,21.1345],[107.0418,21.1351],[107.042,21.139],[107.0439,21.1422],[107.0469,21.1439],[107.0495,21.1429],[107.0537,21.1431],[107.0564,21.1424],[107.0569,21.1394],[107.0581,21.1377],[107.0602,21.1373],[107.0643,21.1355],[107.0649,21.1377],[107.0664,21.1389],[107.0684,21.1424],[107.0701,21.1439],[107.0735,21.1434],[107.0762,21.1447],[107.0789,21.1435],[107.0794,21.1425],[107.0823,21.1407],[107.0844,21.1413],[107.0872,21.1407],[107.0907,21.1433],[107.0938,21.1432],[107.098,21.1424],[107.1011,21.1423],[107.1029,21.1416],[107.1061,21.1394],[107.1074,21.1372],[107.1108,21.1352],[107.1174,21.1334],[107.12,21.1341],[107.121,21.1357],[107.1237,21.1367],[107.127,21.1416],[107.1304,21.1428],[107.1309,21.145],[107.1334,21.1448],[107.1343,21.1457],[107.1399,21.1442],[107.1438,21.1423],[107.1465,21.1417],[107.155,21.1409],[107.157,21.1423],[107.158,21.1445],[107.1609,21.1433],[107.1669,21.1462],[107.1701,21.1457],[107.1725,21.146],[107.1744,21.1448],[107.1781,21.1421],[107.1816,21.1419],[107.1844,21.1403],[107.1852,21.1354],[107.1882,21.1325],[107.1944,21.1351],[107.1984,21.1346],[107.2012,21.1322],[107.2028,21.1315],[107.206,21.1317],[107.2083,21.1302],[107.2098,21.1322],[107.2129,21.1335],[107.2145,21.1348],[107.2176,21.1385],[107.2226,21.1388],[107.2275,21.138],[107.2302,21.1387],[107.2319,21.1416],[107.2333,21.1424],[107.2365,21.1413],[107.2389,21.1416],[107.2421,21.141],[107.2436,21.1387],[107.2426,21.1358],[107.2417,21.1301],[107.2418,21.1264],[107.2435,21.1257],[107.2449,21.1233],[107.2475,21.1219],[107.2473,21.12],[107.2487,21.1194],[107.2497,21.1168],[107.2513,21.1153],[107.254,21.1141],[107.2569,21.1152],[107.2583,21.1149],[107.2611,21.1122],[107.2602,21.1105],[107.2627,21.1097],[107.2656,21.1076],[107.2681,21.107],[107.2702,21.1052],[107.268,21.1024],[107.2679,21.1001],[107.2653,21.0982],[107.265,21.0958],[107.2625,21.0958],[107.2616,21.0949],[107.2562,21.0946],[107.2536,21.0963],[107.2517,21.0955],[107.2493,21.0959],[107.2479,21.094],[107.2437,21.0922],[107.2402,21.0944],[107.2376,21.0947],[107.2342,21.0942],[107.2315,21.0945],[107.2304,21.093],[107.2283,21.0922],[107.2284,21.0873],[107.2263,21.0862],[107.2226,21.0865],[107.2182,21.0851],[107.2161,21.0769],[107.2134,21.0737],[107.2138,21.0713],[107.213,21.0686],[107.2087,21.0671],[107.2089,21.0653],[107.2068,21.0646],[107.2069,21.0627],[107.2041,21.061],[107.2051,21.0582],[107.204,21.0565],[107.2069,21.0552],[107.2081,21.054],[107.2078,21.0511],[107.2068,21.0501],[107.2068,21.0468],[107.2029,21.0459],[107.202,21.0447],[107.2029,21.0414],[107.201,21.039],[107.1998,21.0348],[107.1973,21.0332],[107.196,21.0326],[107.1932,21.0332],[107.1887,21.0307],[107.1887,21.028],[107.1878,21.0267],[107.1843,21.0255],[107.1842,21.0278],[107.1824,21.0285],[107.1784,21.0267]]]},"properties":{"name":"Thống Nhất","level":"ward"}},{"type":"Feature","geometry":{"type":"Polygon","coordinates":[[[106.6337,21.0886],[106.6337,21.0818],[106.6354,21.0801],[106.6355,21.0767],[106.6339,21.0734],[106.6354,21.0684],[106.6348,21.0657],[106.6332,21.0631],[106.6329,21.06],[106.6336,21.0582],[106.6304,21.0463],[106.6288,21.0437],[106.6215,21.0419],[106.6225,21.0383],[106.6222,21.0375],[106.6168,21.0383],[106.6142,21.0382],[106.6103,21.0393],[106.6077,21.0324],[106.6053,21.0354],[106.6022,21.0382],[106.5955,21.0404],[106.5934,21.0431],[106.5867,21.0492],[106.5816,21.0527],[106.5761,21.057],[106.5727,21.0565],[106.57,21.0539],[106.5684,21.0531],[106.5663,21.0535],[106.5626,21.0559],[106.5598,21.056],[106.5563,21.0533],[106.5529,21.0528],[106.5481,21.0543],[106.5457,21.0546],[106.5431,21.0541],[106.5376,21.0522],[106.5366,21.053],[106.5362,21.0556],[106.5386,21.0598],[106.5396,21.0634],[106.5404,21.0681],[106.5417,21.0692],[106.5458,21.0676],[106.5474,21.0695],[106.5453,21.0723],[106.543,21.0728],[106.5403,21.0725],[106.5358,21.0692],[106.5346,21.0707],[106.534,21.0754],[106.5346,21.077],[106.5367,21.0785],[106.5367,21.0798],[106.5344,21.0825],[106.5357,21.0856],[106.535,21.0889],[106.5383,21.0906],[106.5429,21.0896],[106.5459,21.0896],[106.5496,21.092],[106.551,21.0924],[106.5545,21.0915],[106.5572,21.0923],[106.5587,21.0943],[106.5581,21.0962],[106.5596,21.0974],[106.562,21.0965],[106.5637,21.0947],[106.5662,21.0945],[106.5684,21.0956],[106.5702,21.0956],[106.572,21.0942],[106.5727,21.0908],[106.5724,21.0886],[106.5748,21.0859],[106.574,21.0843],[106.5751,21.0816],[106.5769,21.0806],[106.5797,21.0808],[106.5799,21.0822],[106.5842,21.0813],[106.5859,21.0825],[106.5888,21.0824],[106.5888,21.0842],[106.5905,21.09],[106.5957,21.0914],[106.5983,21.0915],[106.6013,21.0926],[106.6045,21.092],[106.6088,21.0919],[106.6112,21.0907],[106.6153,21.0909],[106.6195,21.0901],[106.6213,21.0891],[106.6234,21.0894],[106.6289,21.0887],[106.6311,21.0891],[106.6337,21.0886]]]},"properties":{"name":"Mạo Khê","level":"ward"}},{"type":"Feature","geometry":{"type":"Polygon","coordinates":[[[106.7069,21.1682],[106.708,21.1649],[106.7053,21.1497],[106.7028,21.1449],[106.7029,21.144],[106.7001,21.1416],[106.7004,21.1387],[106.6998,21.1365],[106.7008,21.1332],[106.6975,21.1326],[106.6978,21.1301],[106.695,21.1282],[106.6959,21.1261],[106.6926,21.1224],[106.6901,21.1179],[106.6942,21.1175],[106.6933,21.1161],[106.6937,21.1143],[106.6937,21.107],[106.6934,21.1052],[106.6968,21.1044],[106.6975,21.1062],[106.7,21.1052],[106.6994,21.1033],[106.7021,21.0978],[106.7057,21.0956],[106.7069,21.0937],[106.7055,21.0919],[106.7075,21.09],[106.7085,21.0904],[106.7057,21.0877],[106.7025,21.0868],[106.6982,21.0904],[106.6954,21.0908],[106.6927,21.0904],[106.6906,21.091],[106.686,21.0907],[106.6827,21.0909],[106.6814,21.0903],[106.6785,21.0907],[106.6726,21.0872],[106.6698,21.0886],[106.6689,21.0903],[106.6656,21.0909],[106.6638,21.0927],[106.6585,21.0929],[106.6512,21.0905],[106.6492,21.0903],[106.6468,21.0917],[106.6418,21.0918],[106.639,21.0888],[106.6337,21.0886],[106.6311,21.0891],[106.6289,21.0887],[106.6234,21.0894],[106.6213,21.0891],[106.6195,21.0901],[106.6153,21.0909],[106.6112,21.0907],[106.6088,21.0919],[106.6045,21.092],[106.6013,21.0926],[106.5983,21.0915],[106.5957,21.0914],[106.5905,21.09],[106.5888,21.0842],[106.5888,21.0824],[106.5859,21.0825],[106.5842,21.0813],[106.5799,21.0822],[106.5797,21.0808],[106.5769,21.0806],[106.5751,21.0816],[106.574,21.0843],[106.5748,21.0859],[106.5724,21.0886],[106.5727,21.0908],[106.572,21.0942],[106.5702,21.0956],[106.5684,21.0956],[106.5662,21.0945],[106.5637,21.0947],[106.562,21.0965],[106.5596,21.0974],[106.5581,21.0962],[106.5587,21.0943],[106.5572,21.0923],[106.5545,21.0915],[106.551,21.0924],[106.5496,21.092],[106.5459,21.0896],[106.5429,21.0896],[106.5383,21.0906],[106.5375,21.0946],[106.5344,21.095],[106.5342,21.0971],[106.5276,21.0938],[106.525,21.0934],[106.5233,21.0956],[106.5243,21.0981],[106.5229,21.0983],[106.5246,21.1023],[106.5273,21.1039],[106.5302,21.1067],[106.539,21.1145],[106.5419,21.1147],[106.5453,21.119],[106.5487,21.1189],[106.5514,21.1176],[106.5525,21.1149],[106.5542,21.1135],[106.5545,21.1188],[106.5551,21.1219],[106.5584,21.1238],[106.5625,21.1236],[106.5636,21.1245],[106.563,21.1268],[106.5635,21.1289],[106.5619,21.1308],[106.5617,21.1323],[106.5639,21.135],[106.5687,21.1363],[106.5684,21.141],[106.5665,21.1483],[106.5695,21.151],[106.5684,21.1536],[106.57,21.1586],[106.5712,21.1602],[106.5718,21.1627],[106.5735,21.1637],[106.5746,21.1671],[106.5763,21.1699],[106.577,21.1722],[106.5791,21.1754],[106.5789,21.177],[106.5811,21.1785],[106.5843,21.1777],[106.5887,21.1783],[106.5913,21.1781],[106.5949,21.1791],[106.601,21.1792],[106.6032,21.1801],[106.6061,21.1795],[106.6078,21.1776],[106.6088,21.1749],[106.6088,21.1726],[106.6118,21.171],[106.6137,21.1716],[106.6173,21.1711],[106.6193,21.172],[106.6246,21.1708],[106.6294,21.1712],[106.6308,21.1723],[106.6336,21.1717],[106.6375,21.1677],[106.6394,21.1687],[106.6409,21.1732],[106.6401,21.1762],[106.6383,21.1777],[106.6401,21.1813],[106.6436,21.1793],[106.6463,21.1791],[106.648,21.176],[106.6512,21.1742],[106.6536,21.1736],[106.6559,21.1745],[106.6579,21.1735],[106.6603,21.1733],[106.6621,21.1722],[106.666,21.1718],[106.6698,21.171],[106.671,21.1701],[106.6801,21.1699],[106.6819,21.1665],[106.6856,21.1682],[106.6904,21.1678],[106.6943,21.1696],[106.6972,21.1701],[106.7001,21.1677],[106.7029,21.1669],[106.7069,21.1682]]]},"properties":{"name":"Bình Khê","level":"ward"}},{"type":"Feature","geometry":{"type":"Polygon","coordinates":[[[106.5887,21.1783],[106.5843,21.1777],[106.5811,21.1785],[106.5789,21.177],[106.5791,21.1754],[106.577,21.1722],[106.5763,21.1699],[106.5746,21.1671],[106.5735,21.1637],[106.5718,21.1627],[106.5712,21.1602],[106.57,21.1586],[106.5684,21.1536],[106.5695,21.151],[106.5665,21.1483],[106.5684,21.141],[106.5687,21.1363],[106.5639,21.135],[106.5617,21.1323],[106.5619,21.1308],[106.5635,21.1289],[106.563,21.1268],[106.5636,21.1245],[106.5625,21.1236],[106.5584,21.1238],[106.5551,21.1219],[106.5545,21.1188],[106.5542,21.1135],[106.5525,21.1149],[106.5514,21.1176],[106.5487,21.1189],[106.5453,21.119],[106.5419,21.1147],[106.539,21.1145],[106.5302,21.1067],[106.5273,21.1039],[106.5246,21.1023],[106.5229,21.0983],[106.5243,21.0981],[106.5233,21.0956],[106.525,21.0934],[106.5223,21.0924],[106.5178,21.0951],[106.5147,21.0976],[106.512,21.0952],[106.5097,21.0973],[106.5087,21.0934],[106.5066,21.0933],[106.5063,21.091],[106.5052,21.0895],[106.5019,21.0892],[106.4988,21.0882],[106.4956,21.0879],[106.493,21.0891],[106.4943,21.0917],[106.4953,21.0973],[106.4937,21.0986],[106.4943,21.1008],[106.4954,21.102],[106.4916,21.103],[106.4892,21.1015],[106.4849,21.1013],[106.4846,21.1],[106.4822,21.0982],[106.4791,21.0985],[106.478,21.0974],[106.4772,21.0947],[106.4781,21.092],[106.4755,21.0923],[106.4729,21.0939],[106.4726,21.097],[106.4692,21.0975],[106.4668,21.1011],[106.4629,21.1042],[106.4632,21.1051],[106.4609,21.1066],[106.4595,21.1057],[106.4584,21.1077],[106.4572,21.1073],[106.4556,21.1094],[106.4525,21.1095],[106.45,21.1056],[106.4459,21.1063],[106.4467,21.108],[106.4457,21.1098],[106.4457,21.1116],[106.4425,21.1137],[106.4414,21.1134],[106.4405,21.1157],[106.4412,21.1175],[106.4433,21.1169],[106.4461,21.1185],[106.4478,21.1176],[106.4519,21.1189],[106.4563,21.1176],[106.4576,21.1197],[106.4601,21.1158],[106.4625,21.1159],[106.4637,21.1168],[106.4661,21.1169],[106.4728,21.1191],[106.4731,21.1205],[106.4752,21.1228],[106.4772,21.1238],[106.4777,21.1251],[106.4797,21.1268],[106.4816,21.1269],[106.4817,21.1289],[106.4844,21.1308],[106.4819,21.1338],[106.4825,21.1354],[106.4845,21.1376],[106.4837,21.1452],[106.4821,21.1457],[106.4786,21.1451],[106.4794,21.1502],[106.4808,21.1506],[106.4829,21.1602],[106.4859,21.1623],[106.4882,21.1653],[106.4889,21.1669],[106.4886,21.1701],[106.4864,21.1728],[106.4872,21.1748],[106.4891,21.1765],[106.4903,21.1786],[106.4895,21.1803],[106.4921,21.1821],[106.4927,21.1834],[106.4966,21.1848],[106.4955,21.1917],[106.4957,21.1939],[106.4945,21.1957],[106.4941,21.1988],[106.4959,21.2001],[106.498,21.2005],[106.5014,21.2023],[106.5003,21.2038],[106.4992,21.2092],[106.498,21.2112],[106.5006,21.2137],[106.4996,21.2171],[106.5004,21.2205],[106.502,21.2227],[106.5019,21.224],[106.5048,21.2234],[106.5081,21.2217],[106.5123,21.2216],[106.5152,21.224],[106.5194,21.2245],[106.521,21.2231],[106.5245,21.223],[106.5266,21.2224],[106.53,21.2222],[106.5304,21.218],[106.5337,21.2153],[106.5349,21.212],[106.5346,21.2111],[106.5365,21.2047],[106.5383,21.2028],[106.5386,21.2006],[106.5414,21.1963],[106.5422,21.1925],[106.5471,21.1912],[106.5479,21.1924],[106.5524,21.1941],[106.5553,21.1947],[106.5581,21.1944],[106.5587,21.1932],[106.5611,21.1933],[106.5638,21.1916],[106.5647,21.1901],[106.5676,21.1888],[106.5685,21.1897],[106.5738,21.1903],[106.5759,21.1916],[106.5792,21.1925],[106.5827,21.1916],[106.5847,21.1892],[106.5874,21.189],[106.5906,21.1836],[106.5888,21.1816],[106.5887,21.1783]]]},"properties":{"name":"An Sinh","level":"ward"}},{"type":"Feature","geometry":{"type":"Polygon","coordinates":[[[106.5383,21.0906],[106.535,21.0889],[106.5357,21.0856],[106.5344,21.0825],[106.5367,21.0798],[106.5367,21.0785],[106.5346,21.077],[106.534,21.0754],[106.5346,21.0707],[106.5358,21.0692],[106.5403,21.0725],[106.543,21.0728],[106.5453,21.0723],[106.5474,21.0695],[106.5458,21.0676],[106.5417,21.0692],[106.5404,21.0681],[106.5396,21.0634],[106.5386,21.0598],[106.5362,21.0556],[106.5366,21.053],[106.5376,21.0522],[106.5363,21.0494],[106.5329,21.0476],[106.5279,21.0482],[106.5261,21.0502],[106.5241,21.0496],[106.524,21.0462],[106.5228,21.046],[106.5206,21.048],[106.5188,21.0479],[106.5173,21.0463],[106.515,21.0473],[106.5172,21.0518],[106.5194,21.0531],[106.5167,21.0553],[106.5178,21.0587],[106.5159,21.06],[106.513,21.0583],[106.5094,21.0588],[106.5061,21.0579],[106.5034,21.0565],[106.4996,21.0573],[106.4959,21.062],[106.4913,21.0657],[106.4858,21.0683],[106.4769,21.0696],[106.4746,21.0695],[106.4706,21.0678],[106.467,21.0667],[106.4592,21.0651],[106.4549,21.0656],[106.4553,21.0684],[106.4529,21.0699],[106.4489,21.0695],[106.4469,21.0712],[106.4469,21.0734],[106.4456,21.0759],[106.4417,21.0773],[106.4407,21.0801],[106.4435,21.0826],[106.4444,21.085],[106.445,21.0886],[106.4462,21.0906],[106.4501,21.0932],[106.4504,21.0959],[106.4496,21.0968],[106.4444,21.0999],[106.443,21.1012],[106.4389,21.107],[106.4392,21.1083],[106.4421,21.1105],[106.4414,21.1134],[106.4425,21.1137],[106.4457,21.1116],[106.4457,21.1098],[106.4467,21.108],[106.4459,21.1063],[106.45,21.1056],[106.4525,21.1095],[106.4556,21.1094],[106.4572,21.1073],[106.4584,21.1077],[106.4595,21.1057],[106.4609,21.1066],[106.4632,21.1051],[106.4629,21.1042],[106.4668,21.1011],[106.4692,21.0975],[106.4726,21.097],[106.4729,21.0939],[106.4755,21.0923],[106.4781,21.092],[106.4772,21.0947],[106.478,21.0974],[106.4791,21.0985],[106.4822,21.0982],[106.4846,21.1],[106.4849,21.1013],[106.4892,21.1015],[106.4916,21.103],[106.4954,21.102],[106.4943,21.1008],[106.4937,21.0986],[106.4953,21.0973],[106.4943,21.0917],[106.493,21.0891],[106.4956,21.0879],[106.4988,21.0882],[106.5019,21.0892],[106.5052,21.0895],[106.5063,21.091],[106.5066,21.0933],[106.5087,21.0934],[106.5097,21.0973],[106.512,21.0952],[106.5147,21.0976],[106.5178,21.0951],[106.5223,21.0924],[106.525,21.0934],[106.5276,21.0938],[106.5342,21.0971],[106.5344,21.095],[106.5375,21.0946],[106.5383,21.0906]]]},"properties":{"name":"Đông Triều","level":"ward"}},{"type":"Feature","geometry":{"type":"Polygon","coordinates":[[[106.7085,21.0904],[106.7102,21.0898],[106.7155,21.0858],[106.7185,21.0841],[106.7156,21.0808],[106.7163,21.0769],[106.7125,21.0777],[106.7131,21.0755],[106.7122,21.0691],[106.71,21.0679],[106.7099,21.0658],[106.7109,21.0627],[106.7101,21.0608],[106.7071,21.062],[106.7052,21.0602],[106.7041,21.0558],[106.7078,21.0544],[106.7071,21.0508],[106.7052,21.0478],[106.7074,21.0457],[106.7072,21.0427],[106.7097,21.038],[106.7073,21.035],[106.7053,21.0352],[106.7013,21.0312],[106.6942,21.0311],[106.6928,21.0328],[106.6898,21.0338],[106.6882,21.0351],[106.6852,21.0347],[106.6844,21.0359],[106.6812,21.0361],[106.682,21.0339],[106.6804,21.0324],[106.678,21.0322],[106.6758,21.033],[106.6747,21.0296],[106.6751,21.0286],[106.6738,21.0265],[106.6741,21.024],[106.6699,21.0251],[106.6679,21.0242],[106.666,21.0245],[106.6646,21.0257],[106.6627,21.0248],[106.6593,21.0243],[106.6583,21.0234],[106.6567,21.0195],[106.6565,21.0178],[106.6523,21.0194],[106.6475,21.0193],[106.6443,21.0178],[106.6419,21.0146],[106.6379,21.0122],[106.6338,21.0115],[106.6288,21.0114],[106.625,21.0119],[106.623,21.0127],[106.6165,21.0185],[106.6112,21.0206],[106.6092,21.024],[106.6091,21.0299],[106.6077,21.0324],[106.6103,21.0393],[106.6142,21.0382],[106.6168,21.0383],[106.6222,21.0375],[106.6225,21.0383],[106.6215,21.0419],[106.6288,21.0437],[106.6304,21.0463],[106.6336,21.0582],[106.6329,21.06],[106.6332,21.0631],[106.6348,21.0657],[106.6354,21.0684],[106.6339,21.0734],[106.6355,21.0767],[106.6354,21.0801],[106.6337,21.0818],[106.6337,21.0886],[106.639,21.0888],[106.6418,21.0918],[106.6468,21.0917],[106.6492,21.0903],[106.6512,21.0905],[106.6585,21.0929],[106.6638,21.0927],[106.6656,21.0909],[106.6689,21.0903],[106.6698,21.0886],[106.6726,21.0872],[106.6785,21.0907],[106.6814,21.0903],[106.6827,21.0909],[106.686,21.0907],[106.6906,21.091],[106.6927,21.0904],[106.6954,21.0908],[106.6982,21.0904],[106.7025,21.0868],[106.7057,21.0877],[106.7085,21.0904]]]},"properties":{"name":"Hoàng Quế","level":"ward"}},{"type":"Feature","geometry":{"type":"Polygon","coordinates":[[[106.8633,20.9622],[106.8638,20.9573],[106.8613,20.9559],[106.8632,20.9518],[106.8571,20.9476],[106.8581,20.9457],[106.8569,20.9422],[106.8554,20.9397],[106.8588,20.9393],[106.8608,20.9381],[106.8641,20.9342],[106.8621,20.933],[106.8611,20.9309],[106.8597,20.9303],[106.8617,20.9284],[106.8616,20.9252],[106.8522,20.9242],[106.8524,20.9224],[106.8501,20.922],[106.8479,20.9204],[106.8408,20.9225],[106.8389,20.925],[106.8399,20.9278],[106.8368,20.9293],[106.8358,20.9311],[106.8338,20.9305],[106.8296,20.9314],[106.8244,20.9245],[106.819,20.9248],[106.8145,20.9263],[106.8105,20.9288],[106.8076,20.9316],[106.8038,20.9335],[106.7969,20.9337],[106.7899,20.9331],[106.78,20.9333],[106.7709,20.9352],[106.7706,20.939],[106.7704,20.9501],[106.7752,20.9486],[106.78,20.9491],[106.7811,20.9465],[106.7829,20.9446],[106.7838,20.9424],[106.7859,20.9419],[106.7862,20.9463],[106.7892,20.9466],[106.7892,20.9479],[106.7922,20.9501],[106.7946,20.9492],[106.7975,20.9492],[106.7981,20.9481],[106.8015,20.9454],[106.8049,20.944],[106.808,20.9467],[106.8136,20.9486],[106.8142,20.9453],[106.8153,20.9436],[106.8182,20.942],[106.8212,20.942],[106.8223,20.9427],[106.8248,20.9409],[106.8291,20.9417],[106.8296,20.9454],[106.8351,20.9466],[106.8352,20.9474],[106.8385,20.9484],[106.8402,20.9517],[106.8424,20.9528],[106.8438,20.9523],[106.8469,20.9554],[106.8492,20.9545],[106.8499,20.9553],[106.8491,20.9584],[106.8502,20.9591],[106.85,20.9642],[106.8536,20.9602],[106.858,20.9611],[106.8597,20.9619],[106.8633,20.9622]]]},"properties":{"name":"Quảng Yên","level":"ward"}},{"type":"Feature","geometry":{"type":"Polygon","coordinates":[[[106.8885,21.0134],[106.8862,21.0096],[106.887,21.0081],[106.8891,21.0064],[106.8891,21.0033],[106.8921,20.999],[106.8935,20.9979],[106.8936,20.9946],[106.8909,20.992],[106.8887,20.985],[106.8888,20.9827],[106.887,20.9774],[106.8871,20.9752],[106.8881,20.9743],[106.8895,20.9668],[106.8832,20.9649],[106.8769,20.965],[106.8671,20.9634],[106.8646,20.9632],[106.8633,20.9622],[106.8597,20.9619],[106.858,20.9611],[106.8536,20.9602],[106.85,20.9642],[106.8474,20.9652],[106.8461,20.9674],[106.8436,20.9664],[106.8434,20.971],[106.8439,20.9745],[106.8422,20.9783],[106.8395,20.9808],[106.8384,20.9826],[106.8365,20.9819],[106.8363,20.9838],[106.8369,20.9865],[106.8333,20.9891],[106.8316,20.9887],[106.8301,20.99],[106.8231,20.9933],[106.8205,20.9926],[106.8204,20.9962],[106.8159,20.9955],[106.8101,20.9985],[106.8065,20.9987],[106.802,20.9998],[106.801,20.999],[106.7978,20.9913],[106.7957,20.9882],[106.7944,20.9871],[106.7943,20.9916],[106.7927,20.9959],[106.793,20.9977],[106.7987,21.0019],[106.7995,21.0044],[106.7989,21.0068],[106.7974,21.0095],[106.7975,21.0111],[106.7998,21.0168],[106.8026,21.0166],[106.8035,21.0152],[106.8071,21.0143],[106.8094,21.0127],[106.8132,21.0123],[106.8154,21.0136],[106.8195,21.0114],[106.8217,21.0135],[106.8235,21.0125],[106.8269,21.0141],[106.8282,21.0152],[106.8299,21.0143],[106.8311,21.019],[106.8329,21.0201],[106.8341,21.0229],[106.8344,21.0257],[106.8368,21.0312],[106.8395,21.0345],[106.8446,21.0357],[106.8469,21.0361],[106.85,21.0357],[106.8511,21.0364],[106.8545,21.0327],[106.8571,21.0323],[106.8612,21.0306],[106.8619,21.0322],[106.8636,21.0335],[106.8652,21.0313],[106.8679,21.0292],[106.8717,21.0236],[106.8749,21.0228],[106.8786,21.0248],[106.8787,21.0269],[106.8808,21.0287],[106.8846,21.0288],[106.887,21.0298],[106.8939,21.0342],[106.8997,21.0359],[106.9005,21.0349],[106.8996,21.0331],[106.8977,21.0318],[106.8972,21.0299],[106.8985,21.0268],[106.8984,21.0251],[106.8924,21.017],[106.8885,21.0134]]]},"properties":{"name":"Đông Mai","level":"ward"}},{"type":"Feature","geometry":{"type":"Polygon","coordinates":[[[106.7685,20.9713],[106.774,20.9761],[106.7761,20.977],[106.7821,20.9778],[106.7877,20.9799],[106.7904,20.9821],[106.7944,20.9871],[106.7957,20.9882],[106.7978,20.9913],[106.801,20.999],[106.802,20.9998],[106.8065,20.9987],[106.8101,20.9985],[106.8159,20.9955],[106.8204,20.9962],[106.8205,20.9926],[106.8231,20.9933],[106.8301,20.99],[106.8316,20.9887],[106.8333,20.9891],[106.8369,20.9865],[106.8363,20.9838],[106.8365,20.9819],[106.8384,20.9826],[106.8395,20.9808],[106.8422,20.9783],[106.8439,20.9745],[106.8434,20.971],[106.8436,20.9664],[106.8461,20.9674],[106.8474,20.9652],[106.85,20.9642],[106.8502,20.9591],[106.8491,20.9584],[106.8499,20.9553],[106.8492,20.9545],[106.8469,20.9554],[106.8438,20.9523],[106.8424,20.9528],[106.8402,20.9517],[106.8385,20.9484],[106.8352,20.9474],[106.8351,20.9466],[106.8296,20.9454],[106.8291,20.9417],[106.8248,20.9409],[106.8223,20.9427],[106.8212,20.942],[106.8182,20.942],[106.8153,20.9436],[106.8142,20.9453],[106.8136,20.9486],[106.808,20.9467],[106.8049,20.944],[106.8015,20.9454],[106.7981,20.9481],[106.7975,20.9492],[106.7946,20.9492],[106.7922,20.9501],[106.7892,20.9479],[106.7892,20.9466],[106.7862,20.9463],[106.7859,20.9419],[106.7838,20.9424],[106.7829,20.9446],[106.7811,20.9465],[106.78,20.9491],[106.7752,20.9486],[106.7704,20.9501],[106.7699,20.9596],[106.7685,20.9713]]]},"properties":{"name":"Hiệp Hoà","level":"ward"}},{"type":"Feature","geometry":{"type":"MultiPolygon","coordinates":[[[[106.8881,20.9743],[106.8902,20.9724],[106.8945,20.9696],[106.9007,20.9667],[106.9039,20.9657],[106.9157,20.9642],[106.92,20.9629],[106.9216,20.9617],[106.9236,20.9591],[106.9249,20.954],[106.9236,20.9498],[106.9218,20.9466],[106.9217,20.945],[106.923,20.9429],[106.9251,20.941],[106.9345,20.9346],[106.9364,20.9327],[106.9382,20.9299],[106.9354,20.9274],[106.9374,20.9247],[106.9384,20.9251],[106.9405,20.9221],[106.9452,20.9187],[106.9456,20.9165],[106.9488,20.914],[106.9479,20.9118],[106.948,20.9097],[106.9493,20.908],[106.9464,20.9075],[106.9453,20.9081],[106.9403,20.909],[106.9395,20.9097],[106.9331,20.9085],[106.9288,20.9102],[106.9235,20.9108],[106.9197,20.9117],[106.9175,20.9088],[106.9136,20.9092],[106.9093,20.9072],[106.9064,20.9074],[106.9026,20.903],[106.9002,20.9008],[106.896,20.9005],[106.8935,20.9023],[106.8936,20.9047],[106.8876,20.9055],[106.8869,20.9029],[106.8846,20.9047],[106.8825,20.903],[106.8809,20.9003],[106.8775,20.8976],[106.8758,20.8944],[106.8724,20.8923],[106.8716,20.8871],[106.8693,20.8839],[106.8675,20.8797],[106.8675,20.8775],[106.8662,20.8753],[106.8633,20.8734],[106.8628,20.872],[106.8606,20.8709],[106.8571,20.8702],[106.8543,20.8683],[106.8519,20.872],[106.85,20.8776],[106.847,20.882],[106.8456,20.8859],[106.8453,20.889],[106.8458,20.8913],[106.8488,20.8984],[106.8484,20.9015],[106.8471,20.9039],[106.8447,20.9057],[106.8366,20.9098],[106.8351,20.911],[106.8328,20.9147],[106.8315,20.9189],[106.83,20.9214],[106.8273,20.9234],[106.8244,20.9245],[106.8296,20.9314],[106.8338,20.9305],[106.8358,20.9311],[106.8368,20.9293],[106.8399,20.9278],[106.8389,20.925],[106.8408,20.9225],[106.8479,20.9204],[106.8501,20.922],[106.8524,20.9224],[106.8522,20.9242],[106.8616,20.9252],[106.8617,20.9284],[106.8597,20.9303],[106.8611,20.9309],[106.8621,20.933],[106.8641,20.9342],[106.8608,20.9381],[106.8588,20.9393],[106.8554,20.9397],[106.8569,20.9422],[106.8581,20.9457],[106.8571,20.9476],[106.8632,20.9518],[106.8613,20.9559],[106.8638,20.9573],[106.8633,20.9622],[106.8646,20.9632],[106.8671,20.9634],[106.8769,20.965],[106.8832,20.9649],[106.8895,20.9668],[106.8881,20.9743]]],[[[106.9099,20.8406],[106.9089,20.8406],[106.9123,20.8509],[106.9152,20.8559],[106.9174,20.8565],[106.9174,20.8541],[106.9131,20.8471],[106.9099,20.8406]]],[[[106.8992,20.8468],[106.8979,20.8458],[106.8941,20.845],[106.8929,20.8438],[106.889,20.8433],[106.8851,20.8463],[106.8827,20.8459],[106.8811,20.8466],[106.8773,20.8504],[106.8769,20.8537],[106.8802,20.8608],[106.8824,20.8615],[106.8839,20.8649],[106.8865,20.8656],[106.8884,20.8729],[106.8915,20.8723],[106.8926,20.8711],[106.8951,20.8612],[106.8981,20.8564],[106.8966,20.8539],[106.8971,20.8516],[106.8988,20.8496],[106.8992,20.8468]]],[[[106.87,20.8747],[106.8695,20.8729],[106.8664,20.8719],[106.8654,20.8739],[106.8671,20.8754],[106.8688,20.8784],[106.87,20.8747]]],[[[106.9402,20.8765],[106.9369,20.8764],[106.9359,20.8788],[106.938,20.8793],[106.9384,20.8773],[106.9402,20.8765]]],[[[106.8755,20.8872],[106.873,20.8875],[106.8728,20.8904],[106.8755,20.8872]]],[[[106.8787,20.8921],[106.8768,20.8935],[106.8794,20.8975],[106.8814,20.8991],[106.883,20.8981],[106.8811,20.8945],[106.8811,20.8928],[106.8787,20.8921]]],[[[106.93,20.908],[106.9277,20.9086],[106.9285,20.9102],[106.9308,20.9093],[106.93,20.908]]]]},"properties":{"name":"Hà An","level":"ward"}},{"type":"Feature","geometry":{"type":"Polygon","coordinates":[[[106.8244,20.9245],[106.8273,20.9234],[106.83,20.9214],[106.8315,20.9189],[106.8328,20.9147],[106.8351,20.911],[106.8366,20.9098],[106.8447,20.9057],[106.8471,20.9039],[106.8484,20.9015],[106.8488,20.8984],[106.8458,20.8913],[106.8453,20.889],[106.8456,20.8859],[106.847,20.882],[106.85,20.8776],[106.8519,20.872],[106.8543,20.8683],[106.8559,20.8668],[106.8674,20.8615],[106.8686,20.8606],[106.8712,20.856],[106.8738,20.8449],[106.8772,20.8359],[106.8694,20.8318],[106.8669,20.8337],[106.866,20.8354],[106.8615,20.837],[106.8569,20.8355],[106.8549,20.8336],[106.8543,20.8299],[106.8535,20.8292],[106.849,20.8282],[106.8495,20.8253],[106.8494,20.8221],[106.8359,20.8144],[106.8246,20.8299],[106.8185,20.8318],[106.8114,20.8326],[106.7988,20.8315],[106.7939,20.8318],[106.79,20.8331],[106.7851,20.8353],[106.7752,20.8417],[106.7662,20.8484],[106.7636,20.8517],[106.7663,20.8556],[106.7682,20.857],[106.7729,20.8578],[106.7876,20.8675],[106.7898,20.8679],[106.7977,20.8791],[106.8038,20.877],[106.8084,20.8746],[106.8101,20.8758],[106.8087,20.8801],[106.8182,20.8832],[106.829,20.8864],[106.8225,20.8949],[106.8172,20.8915],[106.8137,20.8924],[106.8146,20.8957],[106.8124,20.8978],[106.8108,20.9003],[106.8147,20.9045],[106.816,20.9049],[106.8181,20.9072],[106.8192,20.9101],[106.8245,20.9104],[106.8234,20.9131],[106.8235,20.9171],[106.8206,20.9186],[106.8217,20.9217],[106.8237,20.9216],[106.8244,20.9245]]]},"properties":{"name":"Liên Hoà","level":"ward"}},{"type":"Feature","geometry":{"type":"Polygon","coordinates":[[[106.7709,20.9352],[106.78,20.9333],[106.7899,20.9331],[106.7969,20.9337],[106.8038,20.9335],[106.8076,20.9316],[106.8105,20.9288],[106.8145,20.9263],[106.819,20.9248],[106.8244,20.9245],[106.8237,20.9216],[106.8217,20.9217],[106.8206,20.9186],[106.8235,20.9171],[106.8234,20.9131],[106.8245,20.9104],[106.8192,20.9101],[106.8181,20.9072],[106.816,20.9049],[106.8147,20.9045],[106.8108,20.9003],[106.8124,20.8978],[106.8146,20.8957],[106.8137,20.8924],[106.8172,20.8915],[106.8225,20.8949],[106.829,20.8864],[106.8182,20.8832],[106.8087,20.8801],[106.8101,20.8758],[106.8084,20.8746],[106.8038,20.877],[106.7977,20.8791],[106.7898,20.8679],[106.7876,20.8675],[106.7729,20.8578],[106.7682,20.857],[106.7663,20.8556],[106.7636,20.8517],[106.7611,20.8556],[106.7566,20.8655],[106.7531,20.8784],[106.7532,20.8845],[106.7543,20.8876],[106.7575,20.8923],[106.7612,20.8966],[106.7664,20.9037],[106.7694,20.9092],[106.7709,20.9167],[106.7708,20.9258],[106.7709,20.9352]]]},"properties":{"name":"Phong Cốc","level":"ward"}},{"type":"Feature","geometry":{"type":"MultiPolygon","coordinates":[[[[107.7893,20.9728],[107.785,20.9732],[107.7864,20.9774],[107.788,20.9758],[107.7906,20.9743],[107.7893,20.9728]]],[[[107.8108,20.9854],[107.8116,20.9838],[107.8098,20.9823],[107.8104,20.9793],[107.8078,20.9782],[107.8064,20.9769],[107.8038,20.9796],[107.8037,20.981],[107.807,20.9807],[107.808,20.9826],[107.8085,20.9854],[107.8108,20.9854]]],[[[107.8029,20.9839],[107.7993,20.9835],[107.7983,20.9845],[107.7993,20.9868],[107.8016,20.987],[107.8029,20.9839]]],[[[107.7542,21.0126],[107.7578,21.0126],[107.7601,21.014],[107.7607,21.0116],[107.7699,21.0007],[107.7763,20.9946],[107.7785,20.9932],[107.7808,20.991],[107.7855,20.9904],[107.786,20.9884],[107.7836,20.9851],[107.7833,20.9828],[107.7805,20.9821],[107.7824,20.9872],[107.7821,20.9885],[107.7798,20.9897],[107.7764,20.9899],[107.7754,20.9933],[107.772,20.9947],[107.7721,20.9962],[107.7698,20.9969],[107.769,20.9981],[107.7643,20.9987],[107.7635,20.9968],[107.762,20.998],[107.7604,20.9979],[107.7584,20.9931],[107.7614,20.9921],[107.7615,20.9893],[107.7624,20.987],[107.7625,20.9846],[107.7654,20.9837],[107.7694,20.9876],[107.7702,20.9863],[107.7691,20.9846],[107.7701,20.9837],[107.7742,20.9819],[107.7758,20.9834],[107.7769,20.9822],[107.7754,20.9782],[107.7754,20.9758],[107.7762,20.9744],[107.7799,20.971],[107.7797,20.9696],[107.7751,20.9668],[107.7717,20.966],[107.7695,20.9667],[107.7687,20.9652],[107.7703,20.9642],[107.7699,20.9624],[107.7677,20.9613],[107.7645,20.9607],[107.7636,20.9587],[107.7602,20.955],[107.7591,20.9549],[107.7565,20.9565],[107.7514,20.9554],[107.7484,20.952],[107.7472,20.9496],[107.7472,20.9468],[107.7441,20.9455],[107.7426,20.9439],[107.7395,20.946],[107.743,20.9469],[107.7439,20.9503],[107.7456,20.9512],[107.7474,20.9532],[107.7474,20.9556],[107.7485,20.958],[107.751,20.9588],[107.7557,20.9637],[107.7587,20.965],[107.7612,20.9648],[107.7632,20.968],[107.7631,20.972],[107.762,20.9748],[107.7589,20.9796],[107.7539,20.9843],[107.7498,20.9869],[107.7447,20.9896],[107.7389,20.992],[107.7357,20.9913],[107.7364,20.9936],[107.7382,20.9959],[107.7381,20.9978],[107.7392,20.999],[107.7377,21.0004],[107.7324,21.004],[107.7319,21.0056],[107.7333,21.0067],[107.7349,21.0094],[107.7349,21.0119],[107.7385,21.0166],[107.7416,21.0198],[107.7444,21.0218],[107.7491,21.0234],[107.7471,21.0199],[107.7484,21.0173],[107.7504,21.015],[107.7542,21.0126]]],[[[107.8212,21.0319],[107.8195,21.0353],[107.8195,21.0373],[107.8213,21.0384],[107.824,21.037],[107.8232,21.0339],[107.8212,21.0319]]],[[[107.8609,21.0383],[107.8591,21.0359],[107.8586,21.034],[107.8599,21.0304],[107.8634,21.0295],[107.8619,21.0272],[107.8571,21.0269],[107.8555,21.0255],[107.8539,21.0256],[107.8498,21.0203],[107.847,21.0203],[107.8448,21.0192],[107.8403,21.0151],[107.8401,21.0116],[107.8375,21.0113],[107.8368,21.0094],[107.8351,21.0093],[107.8335,21.008],[107.8322,21.0043],[107.835,21.0007],[107.8341,20.9993],[107.8322,21.0011],[107.8302,21.0011],[107.8275,20.999],[107.8273,20.9975],[107.8254,20.9965],[107.8243,20.9948],[107.8219,20.9943],[107.8203,20.9923],[107.8191,20.9889],[107.8206,20.9869],[107.8212,20.9838],[107.8184,20.9831],[107.8131,20.9845],[107.8111,20.9891],[107.8099,20.9893],[107.8057,20.9925],[107.806,20.9958],[107.8083,20.9958],[107.8109,20.999],[107.8108,21.0023],[107.8071,21.0039],[107.8094,21.006],[107.8125,21.0061],[107.8146,21.0072],[107.817,21.0113],[107.8144,21.0136],[107.8159,21.0159],[107.8189,21.0172],[107.8185,21.0188],[107.8207,21.0236],[107.8228,21.0253],[107.8237,21.0285],[107.8254,21.0298],[107.8316,21.0294],[107.833,21.033],[107.8312,21.0336],[107.8331,21.036],[107.8361,21.0369],[107.8368,21.0387],[107.8355,21.0409],[107.8362,21.0427],[107.8393,21.0436],[107.8409,21.0409],[107.8448,21.0386],[107.8501,21.0392],[107.8527,21.0422],[107.8532,21.0437],[107.8555,21.0448],[107.8595,21.0425],[107.8609,21.0383]]],[[[107.7784,21.0435],[107.7806,21.0397],[107.7806,21.0379],[107.7785,21.0361],[107.7757,21.0368],[107.7727,21.0343],[107.7715,21.0341],[107.7691,21.0353],[107.7664,21.0336],[107.7623,21.0334],[107.7654,21.0366],[107.7649,21.0386],[107.7655,21.0409],[107.7648,21.0439],[107.767,21.0445],[107.7689,21.0433],[107.7729,21.0444],[107.7751,21.0466],[107.7762,21.0498],[107.7794,21.0501],[107.7784,21.0435]]],[[[107.8626,21.0533],[107.8616,21.0547],[107.8632,21.0569],[107.8633,21.0604],[107.8649,21.0607],[107.8657,21.0567],[107.8648,21.0544],[107.8626,21.0533]]],[[[107.7723,21.0666],[107.7699,21.0699],[107.7729,21.0718],[107.7732,21.0746],[107.7747,21.0751],[107.7759,21.0737],[107.7749,21.0688],[107.7723,21.0666]]],[[[107.8192,21.1159],[107.8206,21.1138],[107.8206,21.1097],[107.8175,21.1102],[107.8085,21.1049],[107.8072,21.1037],[107.8042,21.1027],[107.8042,21.1046],[107.8081,21.1067],[107.8118,21.1083],[107.8126,21.1108],[107.8122,21.1131],[107.8153,21.1139],[107.8162,21.1157],[107.8192,21.1159]]],[[[107.797,21.1311],[107.7952,21.1311],[107.7958,21.1337],[107.7975,21.133],[107.797,21.1311]]],[[[107.8488,21.1343],[107.8464,21.1364],[107.8466,21.1408],[107.8489,21.1409],[107.8491,21.1391],[107.8517,21.1354],[107.8488,21.1343]]],[[[107.8686,21.1462],[107.8704,21.1458],[107.8709,21.1416],[107.8699,21.14],[107.8678,21.1399],[107.8664,21.1418],[107.8648,21.1463],[107.8659,21.147],[107.8686,21.1462]]],[[[107.8526,21.1527],[107.8543,21.1569],[107.8572,21.1583],[107.8592,21.1599],[107.8625,21.1605],[107.8638,21.1586],[107.8605,21.1552],[107.8562,21.1533],[107.8526,21.1527]]],[[[108.0195,21.1888],[108.0175,21.1894],[108.0112,21.1904],[108.0159,21.196],[108.0168,21.1959],[108.0211,21.192],[108.0195,21.1888]]],[[[108.014,21.2025],[108.0131,21.2047],[108.0116,21.2051],[108.0113,21.2068],[108.0148,21.2068],[108.0159,21.2055],[108.014,21.2025]]],[[[107.9724,21.2483],[107.9748,21.248],[107.9744,21.2464],[107.9787,21.2404],[107.9791,21.237],[107.979,21.233],[107.9773,21.2323],[107.9771,21.2308],[107.9707,21.2308],[107.9686,21.2326],[107.967,21.2325],[107.9655,21.231],[107.963,21.23],[107.9574,21.23],[107.9556,21.2337],[107.9541,21.2341],[107.9523,21.2333],[107.9504,21.2334],[107.9482,21.235],[107.9476,21.2375],[107.9496,21.2396],[107.9524,21.2405],[107.9544,21.2424],[107.9566,21.2429],[107.9576,21.2445],[107.9605,21.2452],[107.9625,21.2448],[107.9715,21.2492],[107.9724,21.2483]]]]},"properties":{"name":"Cô Tô","level":"ward"}}]}