{"type":"FeatureCollection","features":[{"type":"Feature","geometry":{"type":"Polygon","coordinates":[[[106.3472,20.9639],[106.3442,20.9623],[106.3443,20.9592],[106.3384,20.9592],[106.3383,20.9574],[106.3348,20.9561],[106.3357,20.9524],[106.3398,20.9473],[106.3359,20.947],[106.3324,20.945],[106.3296,20.9476],[106.3309,20.94],[106.3304,20.9395],[106.3272,20.9371],[106.3249,20.9381],[106.3236,20.941],[106.3209,20.9413],[106.3208,20.9387],[106.3163,20.9378],[106.3145,20.9408],[106.312,20.9406],[106.311,20.943],[106.3082,20.9419],[106.3105,20.9444],[106.3088,20.9491],[106.3088,20.9578],[106.308,20.9603],[106.3099,20.9689],[106.3126,20.9707],[106.3156,20.9718],[106.3226,20.9706],[106.3246,20.9714],[106.3261,20.9746],[106.324,20.977],[106.3231,20.9801],[106.3253,20.9809],[106.3258,20.9836],[106.3325,20.9819],[106.3328,20.9832],[106.3388,20.9816],[106.3375,20.9747],[106.338,20.9702],[106.3415,20.9706],[106.3428,20.9664],[106.3427,20.964],[106.3472,20.9639]]]},"properties":{"name":"Thành Đông","level":"ward"}},{"type":"Feature","geometry":{"type":"Polygon","coordinates":[[[106.3304,20.9395],[106.3309,20.94],[106.3296,20.9476],[106.3324,20.945],[106.3359,20.947],[106.3398,20.9473],[106.3357,20.9524],[106.3348,20.9561],[106.3383,20.9574],[106.3384,20.9592],[106.3443,20.9592],[106.3538,20.9584],[106.3558,20.9555],[106.3548,20.9464],[106.3529,20.9358],[106.3503,20.929],[106.3476,20.9233],[106.3466,20.9258],[106.3424,20.9267],[106.3421,20.9337],[106.3402,20.9362],[106.3372,20.9365],[106.3331,20.9367],[106.3304,20.9395]]]},"properties":{"name":"Hải Dương","level":"ward"}},{"type":"Feature","geometry":{"type":"Polygon","coordinates":[[[106.3082,20.9419],[106.311,20.943],[106.312,20.9406],[106.3145,20.9408],[106.3163,20.9378],[106.3208,20.9387],[106.3209,20.9413],[106.3236,20.941],[106.3249,20.9381],[106.3272,20.9371],[106.3304,20.9395],[106.3331,20.9367],[106.3372,20.9365],[106.3374,20.9354],[106.3353,20.9299],[106.335,20.9272],[106.33,20.9225],[106.3244,20.9239],[106.3209,20.9257],[106.3195,20.9202],[106.3176,20.9184],[106.3101,20.917],[106.3066,20.9182],[106.3029,20.9225],[106.3007,20.9229],[106.2986,20.9262],[106.2978,20.9298],[106.2925,20.9291],[106.2932,20.9322],[106.2926,20.9361],[106.2976,20.9366],[106.3018,20.9381],[106.3018,20.94],[106.3069,20.94],[106.3082,20.9419]]]},"properties":{"name":"Lê Thanh Nghị","level":"ward"}},{"type":"Feature","geometry":{"type":"Polygon","coordinates":[[[106.3372,20.9365],[106.3402,20.9362],[106.3421,20.9337],[106.3424,20.9267],[106.3466,20.9258],[106.3476,20.9233],[106.3449,20.916],[106.3448,20.9123],[106.346,20.9087],[106.3531,20.8986],[106.3566,20.8954],[106.3615,20.8936],[106.3609,20.8911],[106.3536,20.8856],[106.3478,20.8831],[106.3432,20.8833],[106.3421,20.8852],[106.3366,20.884],[106.3285,20.8872],[106.3329,20.8932],[106.3289,20.8956],[106.3258,20.8953],[106.3177,20.8969],[106.3171,20.8959],[106.3122,20.9007],[106.3192,20.9076],[106.3216,20.9107],[106.3224,20.9139],[106.3204,20.9144],[106.3218,20.919],[106.3195,20.9202],[106.3209,20.9257],[106.3244,20.9239],[106.33,20.9225],[106.335,20.9272],[106.3353,20.9299],[106.3374,20.9354],[106.3372,20.9365]]]},"properties":{"name":"Tân Hưng","level":"ward"}},{"type":"Feature","geometry":{"type":"Polygon","coordinates":[[[106.3088,20.9578],[106.3088,20.9491],[106.3105,20.9444],[106.3082,20.9419],[106.3069,20.94],[106.3018,20.94],[106.3018,20.9381],[106.2976,20.9366],[106.2926,20.9361],[106.2897,20.9366],[106.2828,20.9351],[106.2636,20.9332],[106.2354,20.9355],[106.2374,20.9388],[106.2372,20.9468],[106.2394,20.9479],[106.2395,20.951],[106.243,20.9572],[106.2493,20.9625],[106.2541,20.9619],[106.2549,20.9593],[106.2614,20.959],[106.2667,20.953],[106.2681,20.9542],[106.2717,20.9536],[106.2756,20.951],[106.2774,20.9522],[106.2798,20.9516],[106.2832,20.9555],[106.281,20.958],[106.2855,20.9609],[106.2896,20.9577],[106.293,20.9565],[106.2978,20.9564],[106.3088,20.9578]]]},"properties":{"name":"Việt Hoà","level":"ward"}},{"type":"Feature","geometry":{"type":"Polygon","coordinates":[[[106.3509,21.1323],[106.3506,21.1267],[106.3513,21.1182],[106.3479,21.1166],[106.3442,21.117],[106.3429,21.1142],[106.3387,21.1114],[106.3368,21.1118],[106.3345,21.102],[106.3319,21.0886],[106.3324,21.0863],[106.3246,21.0845],[106.3234,21.0805],[106.3245,21.0763],[106.3237,21.0723],[106.3186,21.0642],[106.3171,21.0581],[106.3156,21.0575],[106.3097,21.0591],[106.3055,21.0664],[106.3026,21.0744],[106.3022,21.0873],[106.2958,21.1053],[106.2957,21.1123],[106.2968,21.1167],[106.2994,21.1222],[106.3055,21.1269],[106.312,21.1299],[106.3175,21.1359],[106.3211,21.1354],[106.3246,21.1332],[106.3221,21.129],[106.328,21.1288],[106.3346,21.1313],[106.3388,21.1312],[106.3415,21.1298],[106.3452,21.1318],[106.3509,21.1323]]]},"properties":{"name":"Chí Linh","level":"ward"}},{"type":"Feature","geometry":{"type":"Polygon","coordinates":[[[106.3324,21.0863],[106.3319,21.0886],[106.3345,21.102],[106.3368,21.1118],[106.3387,21.1114],[106.3429,21.1142],[106.3442,21.117],[106.3479,21.1166],[106.3513,21.1182],[106.3506,21.1267],[106.3509,21.1323],[106.353,21.1337],[106.3581,21.1342],[106.361,21.1294],[106.3586,21.1234],[106.3606,21.1173],[106.3723,21.1171],[106.3733,21.1193],[106.3778,21.1188],[106.3862,21.1197],[106.3877,21.1168],[106.3918,21.1145],[106.4004,21.1193],[106.402,21.1138],[106.4014,21.1114],[106.4068,21.1114],[106.4067,21.1087],[106.405,21.108],[106.4056,21.1033],[106.41,21.1048],[106.4149,21.1003],[106.4155,21.0934],[106.4129,21.0901],[106.4158,21.0856],[106.4098,21.0788],[106.4003,21.0736],[106.3965,21.0643],[106.3919,21.0649],[106.3912,21.0667],[106.3867,21.0674],[106.3833,21.0664],[106.3789,21.0683],[106.3773,21.0668],[106.374,21.068],[106.3704,21.0663],[106.3692,21.0624],[106.3654,21.0626],[106.3629,21.0662],[106.3588,21.0705],[106.3567,21.0744],[106.3425,21.0845],[106.3397,21.0859],[106.3324,21.0863]]]},"properties":{"name":"Chu Văn An","level":"ward"}},{"type":"Feature","geometry":{"type":"Polygon","coordinates":[[[106.4895,21.1804],[106.483,21.1791],[106.4809,21.1796],[106.4752,21.1775],[106.4723,21.1753],[106.471,21.1731],[106.4702,21.1687],[106.4732,21.1655],[106.4747,21.161],[106.4782,21.1567],[106.4746,21.1479],[106.4718,21.1437],[106.4668,21.1451],[106.4655,21.149],[106.4523,21.1472],[106.4466,21.1473],[106.437,21.1502],[106.4363,21.1536],[106.437,21.1558],[106.4328,21.1559],[106.4309,21.1525],[106.4294,21.1535],[106.4258,21.1531],[106.4234,21.1548],[106.4148,21.1576],[106.4146,21.1534],[106.411,21.1549],[106.4063,21.158],[106.4069,21.1639],[106.4068,21.1681],[106.4021,21.1709],[106.4001,21.1738],[106.4017,21.1787],[106.4044,21.1803],[106.4008,21.1848],[106.3899,21.1863],[106.3881,21.1921],[106.3859,21.1968],[106.3897,21.1987],[106.3939,21.2029],[106.3992,21.2023],[106.4013,21.2048],[106.4085,21.2063],[106.4107,21.2081],[106.4127,21.2075],[106.415,21.2131],[106.4153,21.2174],[106.4182,21.2232],[106.4225,21.2237],[106.4241,21.2298],[106.4265,21.2317],[106.4309,21.2315],[106.435,21.2284],[106.4434,21.2289],[106.4463,21.2314],[106.4523,21.2305],[106.4554,21.2328],[106.4573,21.2301],[106.4622,21.2275],[106.4661,21.2262],[106.4695,21.2279],[106.4753,21.2296],[106.4811,21.2281],[106.487,21.2289],[106.4895,21.2314],[106.4924,21.2281],[106.4958,21.2284],[106.4994,21.2269],[106.502,21.2227],[106.5004,21.2205],[106.4996,21.2171],[106.5006,21.2137],[106.498,21.2112],[106.4992,21.2092],[106.5003,21.2038],[106.5014,21.2023],[106.4941,21.1988],[106.4966,21.1848],[106.4927,21.1834],[106.4895,21.1804]]]},"properties":{"name":"Nguyễn Trãi","level":"ward"}},{"type":"Feature","geometry":{"type":"Polygon","coordinates":[[[106.3509,21.1323],[106.3452,21.1318],[106.3415,21.1298],[106.3388,21.1312],[106.3346,21.1313],[106.328,21.1288],[106.3221,21.129],[106.3246,21.1332],[106.3211,21.1354],[106.3175,21.1359],[106.3226,21.1484],[106.323,21.1527],[106.3209,21.1587],[106.3171,21.1656],[106.3137,21.1689],[106.3099,21.1792],[106.3092,21.1827],[106.3093,21.1867],[106.3105,21.19],[106.3133,21.1934],[106.3202,21.1923],[106.324,21.1922],[106.3245,21.1906],[106.3227,21.1841],[106.3278,21.1834],[106.3284,21.181],[106.3308,21.1813],[106.3321,21.1748],[106.3346,21.1744],[106.3375,21.1717],[106.3405,21.1728],[106.3446,21.1674],[106.3474,21.1678],[106.3454,21.1715],[106.3474,21.1736],[106.3533,21.1711],[106.3576,21.1726],[106.361,21.1714],[106.3641,21.1735],[106.3658,21.176],[106.3645,21.1784],[106.3682,21.1815],[106.3698,21.184],[106.3727,21.1862],[106.3728,21.1898],[106.3742,21.1954],[106.3763,21.1964],[106.3822,21.1958],[106.3859,21.1968],[106.3881,21.1921],[106.3899,21.1863],[106.4008,21.1848],[106.4044,21.1803],[106.4017,21.1787],[106.4001,21.1738],[106.4021,21.1709],[106.4068,21.1681],[106.4069,21.1639],[106.4063,21.158],[106.411,21.1549],[106.4146,21.1534],[106.4153,21.149],[106.4195,21.142],[106.4268,21.1365],[106.4242,21.1335],[106.426,21.1286],[106.425,21.1254],[106.4259,21.1188],[106.4212,21.1157],[106.4154,21.1152],[106.4116,21.1135],[106.4112,21.1122],[106.4068,21.1114],[106.4014,21.1114],[106.402,21.1138],[106.4004,21.1193],[106.3918,21.1145],[106.3877,21.1168],[106.3862,21.1197],[106.3778,21.1188],[106.3733,21.1193],[106.3723,21.1171],[106.3606,21.1173],[106.3586,21.1234],[106.361,21.1294],[106.3581,21.1342],[106.353,21.1337],[106.3509,21.1323]]]},"properties":{"name":"Trần Hưng Đạo","level":"ward"}},{"type":"Feature","geometry":{"type":"Polygon","coordinates":[[[106.4158,21.0856],[106.4129,21.0901],[106.4155,21.0934],[106.4149,21.1003],[106.41,21.1048],[106.4056,21.1033],[106.405,21.108],[106.4067,21.1087],[106.4068,21.1114],[106.4112,21.1122],[106.4116,21.1135],[106.4154,21.1152],[106.4212,21.1157],[106.4259,21.1188],[106.425,21.1254],[106.426,21.1286],[106.4242,21.1335],[106.4268,21.1365],[106.4195,21.142],[106.4153,21.149],[106.4146,21.1534],[106.4148,21.1576],[106.4234,21.1548],[106.4258,21.1531],[106.4294,21.1535],[106.4309,21.1525],[106.4328,21.1559],[106.437,21.1558],[106.4363,21.1536],[106.437,21.1502],[106.4466,21.1473],[106.4523,21.1472],[106.4655,21.149],[106.4668,21.1451],[106.4718,21.1437],[106.4746,21.1479],[106.4782,21.1567],[106.4747,21.161],[106.4732,21.1655],[106.4702,21.1687],[106.471,21.1731],[106.4723,21.1753],[106.4752,21.1775],[106.4809,21.1796],[106.483,21.1791],[106.4895,21.1804],[106.4903,21.1786],[106.4864,21.1728],[106.4886,21.1701],[106.4889,21.1669],[106.4859,21.1623],[106.4829,21.1602],[106.4808,21.1506],[106.4794,21.1502],[106.4786,21.1451],[106.4837,21.1452],[106.4845,21.1376],[106.4819,21.1338],[106.4844,21.1308],[106.4817,21.1289],[106.4772,21.1238],[106.4752,21.1228],[106.4728,21.1191],[106.4661,21.1169],[106.4601,21.1158],[106.4576,21.1197],[106.4563,21.1176],[106.4519,21.1189],[106.4478,21.1176],[106.4461,21.1185],[106.4406,21.1147],[106.4421,21.1105],[106.4389,21.107],[106.4444,21.0999],[106.4504,21.0959],[106.4501,21.0932],[106.4462,21.0906],[106.445,21.0886],[106.4435,21.0826],[106.4407,21.0801],[106.4417,21.0773],[106.4456,21.0759],[106.4469,21.0712],[106.4489,21.0695],[106.4529,21.0699],[106.4553,21.0684],[106.4549,21.0656],[106.4459,21.0667],[106.4404,21.0664],[106.4347,21.0642],[106.4339,21.0685],[106.4308,21.0714],[106.432,21.076],[106.427,21.0846],[106.4287,21.0876],[106.423,21.0884],[106.4184,21.0874],[106.4158,21.0856]]]},"properties":{"name":"Trần Nhân Tông","level":"ward"}},{"type":"Feature","geometry":{"type":"Polygon","coordinates":[[[106.3654,21.0626],[106.3692,21.0624],[106.3704,21.0663],[106.374,21.068],[106.3773,21.0668],[106.3789,21.0683],[106.3833,21.0664],[106.3867,21.0674],[106.3912,21.0667],[106.3919,21.0649],[106.3965,21.0643],[106.4003,21.0736],[106.4098,21.0788],[106.4158,21.0856],[106.4184,21.0874],[106.423,21.0884],[106.4287,21.0876],[106.427,21.0846],[106.432,21.076],[106.4308,21.0714],[106.4339,21.0685],[106.4347,21.0642],[106.4282,21.061],[106.4264,21.059],[106.4251,21.0547],[106.4264,21.0516],[106.426,21.0493],[106.4231,21.047],[106.4189,21.0471],[106.4129,21.0484],[106.4105,21.0478],[106.4095,21.0436],[106.4092,21.0414],[106.4063,21.0353],[106.4066,21.0307],[106.4097,21.0221],[106.4002,21.0238],[106.3964,21.0238],[106.3916,21.0225],[106.3873,21.0206],[106.383,21.0196],[106.3802,21.0199],[106.3729,21.0227],[106.3699,21.0252],[106.3645,21.033],[106.3636,21.0363],[106.3638,21.0406],[106.3655,21.0531],[106.3661,21.0563],[106.3654,21.0626]]]},"properties":{"name":"Lê Đại Hành","level":"ward"}},{"type":"Feature","geometry":{"type":"Polygon","coordinates":[[[106.3472,20.9639],[106.3427,20.964],[106.3428,20.9664],[106.3415,20.9706],[106.338,20.9702],[106.3375,20.9747],[106.3388,20.9816],[106.3328,20.9832],[106.3325,20.9819],[106.3258,20.9836],[106.3253,20.9809],[106.3231,20.9801],[106.324,20.977],[106.3261,20.9746],[106.3246,20.9714],[106.3226,20.9706],[106.3156,20.9718],[106.3126,20.9707],[106.312,20.9719],[106.313,20.9776],[106.3071,20.9805],[106.3048,20.9825],[106.3046,20.9873],[106.3011,20.9874],[106.3002,20.9907],[106.3004,20.9939],[106.2981,20.9967],[106.3009,20.9975],[106.3035,21.0012],[106.3064,21.0022],[106.3109,21.0006],[106.3145,21.0018],[106.32,21.0015],[106.3241,21.0053],[106.3278,21.0044],[106.3338,21.0066],[106.3367,21.0068],[106.3371,21.0035],[106.3395,21.0027],[106.3398,20.9998],[106.3426,20.9992],[106.3421,20.9948],[106.3465,20.9921],[106.3554,20.9926],[106.3598,20.9906],[106.3631,20.9861],[106.3654,20.9866],[106.3703,20.9852],[106.3722,20.9802],[106.3723,20.9754],[106.3703,20.9726],[106.3688,20.968],[106.3664,20.9644],[106.3645,20.9659],[106.3616,20.9643],[106.3582,20.9654],[106.3602,20.9704],[106.3577,20.9717],[106.3484,20.9663],[106.3472,20.9639]]]},"properties":{"name":"Nam Sách","level":"ward"}},{"type":"Feature","geometry":{"type":"Polygon","coordinates":[[[106.3171,21.0581],[106.3186,21.0642],[106.3237,21.0723],[106.3245,21.0763],[106.3234,21.0805],[106.3246,21.0845],[106.3324,21.0863],[106.3397,21.0859],[106.3425,21.0845],[106.3567,21.0744],[106.3588,21.0705],[106.3629,21.0662],[106.3654,21.0626],[106.3661,21.0563],[106.3655,21.0531],[106.3645,21.0561],[106.3589,21.0554],[106.356,21.0558],[106.3478,21.0526],[106.3482,21.0467],[106.3427,21.0447],[106.342,21.0423],[106.3376,21.0423],[106.3342,21.0404],[106.3353,21.0385],[106.3301,21.0375],[106.3274,21.04],[106.322,21.0407],[106.3192,21.045],[106.3179,21.0498],[106.3144,21.0501],[106.3181,21.0543],[106.3171,21.0581]]]},"properties":{"name":"Hợp Tiến","level":"ward"}},{"type":"Feature","geometry":{"type":"Polygon","coordinates":[[[106.3097,21.0591],[106.3156,21.0575],[106.3171,21.0581],[106.3181,21.0543],[106.3144,21.0501],[106.3179,21.0498],[106.3192,21.045],[106.322,21.0407],[106.3274,21.04],[106.3301,21.0375],[106.3353,21.0385],[106.3342,21.0404],[106.3376,21.0423],[106.342,21.0423],[106.3427,21.0447],[106.3482,21.0467],[106.3478,21.0526],[106.356,21.0558],[106.3589,21.0554],[106.3645,21.0561],[106.3655,21.0531],[106.3638,21.0406],[106.3636,21.0363],[106.3542,21.033],[106.3524,21.0226],[106.3493,21.0211],[106.347,21.0139],[106.3418,21.0147],[106.3389,21.0086],[106.3367,21.0068],[106.3338,21.0066],[106.3278,21.0044],[106.3241,21.0053],[106.322,21.006],[106.3211,21.0091],[106.3183,21.0119],[106.3148,21.0132],[106.3122,21.0122],[106.3113,21.0153],[106.3062,21.0164],[106.3018,21.0164],[106.3008,21.0181],[106.3054,21.0267],[106.2986,21.0275],[106.2948,21.0271],[106.2931,21.0327],[106.2932,21.0376],[106.2958,21.0426],[106.3092,21.056],[106.3097,21.0591]]]},"properties":{"name":"Trần Phú","level":"ward"}},{"type":"Feature","geometry":{"type":"Polygon","coordinates":[[[106.3126,20.9707],[106.3099,20.9689],[106.308,20.9603],[106.3088,20.9578],[106.2978,20.9564],[106.293,20.9565],[106.2896,20.9577],[106.2855,20.9609],[106.2838,20.9649],[106.2849,20.9667],[106.2921,20.9725],[106.2916,20.9765],[106.2881,20.9784],[106.2809,20.9807],[106.2786,20.982],[106.275,20.9867],[106.2731,20.9914],[106.2728,20.9959],[106.2732,21.0002],[106.2765,21.0065],[106.2824,21.0118],[106.2923,21.0181],[106.2942,21.0198],[106.2953,21.0232],[106.2948,21.0271],[106.2986,21.0275],[106.3054,21.0267],[106.3008,21.0181],[106.3018,21.0164],[106.3062,21.0164],[106.3113,21.0153],[106.3122,21.0122],[106.3148,21.0132],[106.3183,21.0119],[106.3211,21.0091],[106.322,21.006],[106.3241,21.0053],[106.32,21.0015],[106.3145,21.0018],[106.3109,21.0006],[106.3064,21.0022],[106.3035,21.0012],[106.3009,20.9975],[106.2981,20.9967],[106.3004,20.9939],[106.3002,20.9907],[106.3011,20.9874],[106.3046,20.9873],[106.3048,20.9825],[106.3071,20.9805],[106.313,20.9776],[106.312,20.9719],[106.3126,20.9707]]]},"properties":{"name":"Thái Tân","level":"ward"}},{"type":"Feature","geometry":{"type":"Polygon","coordinates":[[[106.3636,21.0363],[106.3645,21.033],[106.3699,21.0252],[106.3729,21.0227],[106.3802,21.0199],[106.383,21.0196],[106.3873,21.0206],[106.3916,21.0225],[106.3964,21.0238],[106.4002,21.0238],[106.4097,21.0221],[106.4118,21.0167],[106.4093,21.0112],[106.4054,21.0052],[106.4052,21.0022],[106.4108,20.9971],[106.409,20.9937],[106.4048,20.9928],[106.3909,20.9913],[106.389,20.9898],[106.3879,20.9862],[106.3855,20.9848],[106.3816,20.9858],[106.3778,20.9838],[106.3755,20.9871],[106.3733,20.985],[106.3747,20.9823],[106.3722,20.9802],[106.3703,20.9852],[106.3654,20.9866],[106.3631,20.9861],[106.3598,20.9906],[106.3554,20.9926],[106.3465,20.9921],[106.3421,20.9948],[106.3426,20.9992],[106.3398,20.9998],[106.3395,21.0027],[106.3371,21.0035],[106.3367,21.0068],[106.3389,21.0086],[106.3418,21.0147],[106.347,21.0139],[106.3493,21.0211],[106.3524,21.0226],[106.3542,21.033],[106.3636,21.0363]]]},"properties":{"name":"An Phú","level":"ward"}},{"type":"Feature","geometry":{"type":"Polygon","coordinates":[[[106.3688,20.968],[106.3703,20.9726],[106.3723,20.9754],[106.3722,20.9802],[106.3747,20.9823],[106.3733,20.985],[106.3755,20.9871],[106.3778,20.9838],[106.3816,20.9858],[106.3855,20.9848],[106.3879,20.9862],[106.3888,20.9813],[106.3876,20.9743],[106.3825,20.971],[106.3876,20.9677],[106.3935,20.9667],[106.3954,20.9598],[106.395,20.958],[106.3914,20.9536],[106.3867,20.9509],[106.3853,20.9483],[106.3883,20.9402],[106.3888,20.9369],[106.3907,20.9346],[106.3957,20.9366],[106.3989,20.9404],[106.4021,20.9421],[106.4038,20.9413],[106.4041,20.9384],[106.3974,20.9313],[106.396,20.9255],[106.3963,20.9196],[106.3974,20.9179],[106.3938,20.9145],[106.3921,20.9157],[106.387,20.9127],[106.3865,20.9101],[106.3858,20.9143],[106.3841,20.9147],[106.3813,20.9111],[106.3791,20.911],[106.3782,20.9133],[106.3753,20.915],[106.372,20.9205],[106.3657,20.9274],[106.3706,20.9275],[106.3728,20.9297],[106.3703,20.9316],[106.3711,20.9374],[106.3728,20.9395],[106.3732,20.9453],[106.37,20.9497],[106.369,20.9495],[106.3638,20.9554],[106.3653,20.9588],[106.3705,20.9648],[106.3688,20.968]]]},"properties":{"name":"Ái Quốc","level":"ward"}},{"type":"Feature","geometry":{"type":"Polygon","coordinates":[[[106.5561,21.0028],[106.5546,20.9984],[106.5548,20.9953],[106.5567,20.991],[106.5631,20.9861],[106.5636,20.9846],[106.5605,20.9844],[106.5606,20.9793],[106.5552,20.9735],[106.5527,20.9691],[106.5508,20.9687],[106.5482,20.9659],[106.5457,20.9662],[106.5408,20.9638],[106.5423,20.9587],[106.54,20.9544],[106.5364,20.9555],[106.5369,20.961],[106.5357,20.9654],[106.5336,20.9661],[106.5291,20.9633],[106.5262,20.9636],[106.5237,20.9692],[106.5209,20.9701],[106.5163,20.9683],[106.5123,20.969],[106.5125,20.9712],[106.5163,20.9733],[106.5221,20.9726],[106.5272,20.9755],[106.5293,20.9773],[106.5338,20.9789],[106.5352,20.9881],[106.533,20.9908],[106.5375,20.9905],[106.541,20.9915],[106.5404,20.999],[106.5449,21.0052],[106.5499,21.0064],[106.5523,21.0079],[106.5561,21.0028]]]},"properties":{"name":"Kinh Môn","level":"ward"}},{"type":"Feature","geometry":{"type":"Polygon","coordinates":[[[106.4347,21.0642],[106.4404,21.0664],[106.4459,21.0667],[106.4549,21.0656],[106.4592,21.0651],[106.467,21.0667],[106.4746,21.0695],[106.4769,21.0696],[106.4858,21.0683],[106.4913,21.0657],[106.4959,21.062],[106.4996,21.0573],[106.4992,21.0563],[106.4994,21.0448],[106.4948,21.0455],[106.4877,21.0416],[106.4823,21.0406],[106.4838,21.0386],[106.4835,21.0362],[106.4801,21.0334],[106.4766,21.0253],[106.4687,21.0303],[106.4604,21.0321],[106.4512,21.0362],[106.4498,21.0374],[106.445,21.0362],[106.4403,21.0378],[106.4393,21.0405],[106.4314,21.0429],[106.4303,21.0369],[106.4206,21.0388],[106.4186,21.0428],[106.4147,21.0425],[106.4095,21.0436],[106.4105,21.0478],[106.4129,21.0484],[106.4189,21.0471],[106.4231,21.047],[106.426,21.0493],[106.4264,21.0516],[106.4251,21.0547],[106.4264,21.059],[106.4282,21.061],[106.4347,21.0642]]]},"properties":{"name":"Bắc An Phụ","level":"ward"}},{"type":"Feature","geometry":{"type":"Polygon","coordinates":[[[106.4097,21.0221],[106.4066,21.0307],[106.4063,21.0353],[106.4092,21.0414],[106.4095,21.0436],[106.4147,21.0425],[106.4186,21.0428],[106.4206,21.0388],[106.4303,21.0369],[106.4314,21.0429],[106.4393,21.0405],[106.4403,21.0378],[106.445,21.0362],[106.4498,21.0374],[106.4512,21.0362],[106.4468,21.0247],[106.4526,21.0223],[106.4531,21.0196],[106.4586,21.0199],[106.4589,21.0163],[106.4625,21.0097],[106.4675,21.0084],[106.4676,21.0055],[106.4717,21.0033],[106.4705,21.0015],[106.4724,20.9952],[106.4724,20.9926],[106.4645,20.9913],[106.4613,20.9922],[106.4579,20.9955],[106.4547,20.9959],[106.4532,20.9946],[106.4521,20.9881],[106.4495,20.986],[106.4479,20.994],[106.4414,20.9941],[106.4335,20.9957],[106.4289,20.9989],[106.4233,20.9978],[106.4187,21.0011],[106.4108,20.9971],[106.4052,21.0022],[106.4054,21.0052],[106.4093,21.0112],[106.4118,21.0167],[106.4097,21.0221]]]},"properties":{"name":"Nam An Phụ","level":"ward"}},{"type":"Feature","geometry":{"type":"Polygon","coordinates":[[[106.5561,21.0028],[106.5523,21.0079],[106.5467,21.0116],[106.5416,21.0163],[106.5308,21.0232],[106.5262,21.0275],[106.5201,21.0315],[106.5169,21.0326],[106.5074,21.0339],[106.5044,21.0356],[106.5021,21.0387],[106.4994,21.0448],[106.4992,21.0563],[106.4996,21.0573],[106.5034,21.0565],[106.5094,21.0588],[106.513,21.0583],[106.5159,21.06],[106.5178,21.0587],[106.5167,21.0553],[106.5194,21.0531],[106.5172,21.0518],[106.515,21.0473],[106.5173,21.0463],[106.5206,21.048],[106.524,21.0462],[106.5241,21.0496],[106.5261,21.0502],[106.5279,21.0482],[106.5329,21.0476],[106.5363,21.0494],[106.5376,21.0522],[106.5431,21.0541],[106.5481,21.0543],[106.5529,21.0528],[106.5563,21.0533],[106.5598,21.056],[106.5626,21.0559],[106.5684,21.0531],[106.5727,21.0565],[106.5761,21.057],[106.5867,21.0492],[106.5934,21.0431],[106.5955,21.0404],[106.6022,21.0382],[106.6053,21.0354],[106.6091,21.0299],[106.6092,21.024],[106.6114,21.0205],[106.6027,21.0166],[106.5954,21.0179],[106.5893,21.0147],[106.5812,21.0166],[106.5778,21.0155],[106.5754,21.0116],[106.5734,21.0107],[106.57,21.012],[106.5677,21.0173],[106.5645,21.0184],[106.5635,21.0114],[106.558,21.0074],[106.5561,21.0028]]]},"properties":{"name":"Nhị Chiểu","level":"ward"}},{"type":"Feature","geometry":{"type":"Polygon","coordinates":[[[106.5523,21.0079],[106.5499,21.0064],[106.5449,21.0052],[106.5404,20.999],[106.541,20.9915],[106.5375,20.9905],[106.5339,20.9929],[106.5259,20.9954],[106.5242,20.9972],[106.5167,21.0003],[106.5003,21.0059],[106.4946,21.0084],[106.4926,21.0139],[106.4869,21.0157],[106.4858,21.0178],[106.4817,21.0223],[106.4766,21.0253],[106.4801,21.0334],[106.4835,21.0362],[106.4838,21.0386],[106.4823,21.0406],[106.4877,21.0416],[106.4948,21.0455],[106.4994,21.0448],[106.5021,21.0387],[106.5044,21.0356],[106.5074,21.0339],[106.5169,21.0326],[106.5201,21.0315],[106.5262,21.0275],[106.5308,21.0232],[106.5416,21.0163],[106.5467,21.0116],[106.5523,21.0079]]]},"properties":{"name":"Phạm Sư Mạnh","level":"ward"}},{"type":"Feature","geometry":{"type":"Polygon","coordinates":[[[106.5375,20.9905],[106.533,20.9908],[106.5352,20.9881],[106.5338,20.9789],[106.5293,20.9773],[106.5272,20.9755],[106.5221,20.9726],[106.5163,20.9733],[106.5171,20.9767],[106.5127,20.9814],[106.5094,20.9835],[106.505,20.9836],[106.5006,20.9801],[106.4971,20.9782],[106.4935,20.9772],[106.4904,20.9783],[106.4898,20.983],[106.4887,20.9849],[106.4797,20.989],[106.4775,20.9907],[106.4724,20.9926],[106.4724,20.9952],[106.4705,21.0015],[106.4717,21.0033],[106.4676,21.0055],[106.4675,21.0084],[106.4625,21.0097],[106.4589,21.0163],[106.4586,21.0199],[106.4531,21.0196],[106.4526,21.0223],[106.4468,21.0247],[106.4512,21.0362],[106.4604,21.0321],[106.4687,21.0303],[106.4766,21.0253],[106.4817,21.0223],[106.4858,21.0178],[106.4869,21.0157],[106.4926,21.0139],[106.4946,21.0084],[106.5003,21.0059],[106.5167,21.0003],[106.5242,20.9972],[106.5259,20.9954],[106.5339,20.9929],[106.5375,20.9905]]]},"properties":{"name":"Trần Liễu","level":"ward"}},{"type":"Feature","geometry":{"type":"Polygon","coordinates":[[[106.5423,20.9587],[106.5408,20.9638],[106.5457,20.9662],[106.5482,20.9659],[106.5508,20.9687],[106.5527,20.9691],[106.5552,20.9735],[106.5606,20.9793],[106.5605,20.9844],[106.5636,20.9846],[106.5657,20.9804],[106.57,20.978],[106.576,20.9762],[106.5828,20.9749],[106.5856,20.9726],[106.5847,20.9644],[106.5855,20.9604],[106.5877,20.9582],[106.591,20.9553],[106.5928,20.9519],[106.5913,20.9466],[106.5876,20.9432],[106.5841,20.9365],[106.5803,20.9317],[106.5765,20.9304],[106.5731,20.9313],[106.5709,20.9332],[106.571,20.9372],[106.5776,20.9417],[106.5788,20.9451],[106.5757,20.9494],[106.5715,20.9517],[106.5693,20.9518],[106.5675,20.9495],[106.5687,20.9418],[106.567,20.9365],[106.5611,20.9324],[106.5575,20.9317],[106.5554,20.9348],[106.5562,20.9408],[106.5555,20.9474],[106.5539,20.9485],[106.5485,20.9466],[106.5461,20.9483],[106.5478,20.9526],[106.5469,20.9582],[106.5442,20.9597],[106.5423,20.9587]]]},"properties":{"name":"Nguyễn Đại Năng","level":"ward"}},{"type":"Feature","geometry":{"type":"Polygon","coordinates":[[[106.5163,20.9733],[106.5125,20.9712],[106.5123,20.969],[106.5163,20.9683],[106.5209,20.9701],[106.5237,20.9692],[106.5262,20.9636],[106.5291,20.9633],[106.5336,20.9661],[106.5357,20.9654],[106.5369,20.961],[106.5364,20.9555],[106.54,20.9544],[106.5423,20.9587],[106.5442,20.9597],[106.5469,20.9582],[106.5478,20.9526],[106.5461,20.9483],[106.5439,20.9437],[106.543,20.9373],[106.5412,20.94],[106.5358,20.9394],[106.5316,20.9364],[106.5328,20.9343],[106.5364,20.9339],[106.5377,20.9313],[106.5349,20.9271],[106.5271,20.9268],[106.5216,20.9299],[106.5167,20.9296],[106.5162,20.933],[106.5194,20.9343],[106.5193,20.9373],[106.5147,20.9429],[106.5121,20.944],[106.5092,20.9437],[106.5072,20.9414],[106.5074,20.9381],[106.5022,20.9399],[106.499,20.9435],[106.5012,20.9464],[106.496,20.9531],[106.4977,20.9549],[106.497,20.9584],[106.4939,20.9609],[106.4917,20.9598],[106.493,20.9569],[106.4866,20.9517],[106.4854,20.9584],[106.4881,20.9572],[106.4911,20.9605],[106.4885,20.9635],[106.485,20.9617],[106.48,20.9627],[106.4793,20.9655],[106.4764,20.9657],[106.4764,20.9589],[106.4738,20.9543],[106.4745,20.9503],[106.4644,20.9517],[106.458,20.952],[106.4589,20.954],[106.4611,20.9629],[106.4605,20.9692],[106.4635,20.9712],[106.4606,20.9737],[106.461,20.9759],[106.4642,20.977],[106.464,20.9807],[106.4664,20.9808],[106.4678,20.9783],[106.4736,20.9781],[106.4761,20.9807],[106.4797,20.989],[106.4887,20.9849],[106.4898,20.983],[106.4904,20.9783],[106.4935,20.9772],[106.4971,20.9782],[106.5006,20.9801],[106.505,20.9836],[106.5094,20.9835],[106.5127,20.9814],[106.5171,20.9767],[106.5163,20.9733]]]},"properties":{"name":"Phú Thái","level":"ward"}},{"type":"Feature","geometry":{"type":"Polygon","coordinates":[[[106.3879,20.9862],[106.389,20.9898],[106.3909,20.9913],[106.4048,20.9928],[106.409,20.9937],[106.4108,20.9971],[106.4187,21.0011],[106.4233,20.9978],[106.4289,20.9989],[106.4335,20.9957],[106.4414,20.9941],[106.4479,20.994],[106.4495,20.986],[106.4521,20.9881],[106.4532,20.9946],[106.4547,20.9959],[106.4579,20.9955],[106.4613,20.9922],[106.4645,20.9913],[106.4724,20.9926],[106.4775,20.9907],[106.4797,20.989],[106.4761,20.9807],[106.4736,20.9781],[106.4678,20.9783],[106.4664,20.9808],[106.464,20.9807],[106.4642,20.977],[106.461,20.9759],[106.4606,20.9737],[106.4635,20.9712],[106.4605,20.9692],[106.4611,20.9629],[106.4589,20.954],[106.458,20.952],[106.4424,20.9539],[106.4334,20.9554],[106.4227,20.9562],[106.42,20.9577],[106.4173,20.9626],[106.4161,20.9704],[106.4138,20.9733],[106.408,20.9754],[106.4046,20.975],[106.3979,20.9723],[106.39,20.9699],[106.388,20.971],[106.3876,20.9743],[106.3888,20.9813],[106.3879,20.9862]]]},"properties":{"name":"Lai Khê","level":"ward"}},{"type":"Feature","geometry":{"type":"Polygon","coordinates":[[[106.4745,20.9503],[106.4738,20.9543],[106.4764,20.9589],[106.4764,20.9657],[106.4793,20.9655],[106.48,20.9627],[106.485,20.9617],[106.4885,20.9635],[106.4911,20.9605],[106.4881,20.9572],[106.4854,20.9584],[106.4866,20.9517],[106.493,20.9569],[106.4917,20.9598],[106.4939,20.9609],[106.497,20.9584],[106.4977,20.9549],[106.496,20.9531],[106.5012,20.9464],[106.499,20.9435],[106.5022,20.9399],[106.5074,20.9381],[106.5072,20.9414],[106.5092,20.9437],[106.5121,20.944],[106.5147,20.9429],[106.5193,20.9373],[106.5194,20.9343],[106.5162,20.933],[106.5167,20.9296],[106.5216,20.9299],[106.5271,20.9268],[106.5349,20.9271],[106.5377,20.9313],[106.5364,20.9339],[106.5328,20.9343],[106.5316,20.9364],[106.5358,20.9394],[106.5412,20.94],[106.543,20.9373],[106.5435,20.9354],[106.5421,20.9323],[106.5421,20.9297],[106.5443,20.9275],[106.5424,20.9244],[106.5449,20.9214],[106.541,20.921],[106.5407,20.9185],[106.536,20.9176],[106.5343,20.9134],[106.5326,20.9118],[106.5301,20.9152],[106.5278,20.9155],[106.5202,20.9179],[106.5217,20.9141],[106.5165,20.9131],[106.5135,20.9162],[106.5111,20.9154],[106.5073,20.916],[106.506,20.9173],[106.5026,20.9162],[106.501,20.9128],[106.4957,20.9067],[106.4933,20.9016],[106.4909,20.9002],[106.4886,20.9016],[106.4871,20.8982],[106.4846,20.899],[106.4829,20.903],[106.4805,20.9025],[106.4768,20.9103],[106.4752,20.9152],[106.4748,20.9194],[106.4762,20.9252],[106.4786,20.9282],[106.4844,20.9332],[106.4866,20.9379],[106.4866,20.9407],[106.4853,20.9435],[106.4804,20.948],[106.4745,20.9503]]]},"properties":{"name":"An Thành","level":"ward"}},{"type":"Feature","geometry":{"type":"Polygon","coordinates":[[[106.4805,20.9025],[106.4829,20.903],[106.4846,20.899],[106.4871,20.8982],[106.4886,20.9016],[106.4909,20.9002],[106.4933,20.9016],[106.4957,20.9067],[106.501,20.9128],[106.5026,20.9162],[106.506,20.9173],[106.5073,20.916],[106.5111,20.9154],[106.5135,20.9162],[106.5165,20.9131],[106.5217,20.9141],[106.5202,20.9179],[106.5278,20.9155],[106.5284,20.9093],[106.5272,20.9075],[106.5312,20.9068],[106.5341,20.9046],[106.5337,20.9027],[106.5383,20.901],[106.5391,20.8977],[106.5414,20.8975],[106.5401,20.8943],[106.5431,20.8937],[106.543,20.8914],[106.5406,20.8909],[106.5394,20.8874],[106.541,20.8853],[106.5474,20.8853],[106.5482,20.8837],[106.5444,20.8797],[106.5483,20.879],[106.5531,20.8767],[106.5527,20.8737],[106.5504,20.8729],[106.5499,20.8707],[106.5468,20.8686],[106.5442,20.8691],[106.5374,20.8676],[106.535,20.8658],[106.5345,20.8607],[106.5332,20.8564],[106.5313,20.8537],[106.5276,20.8514],[106.5248,20.8516],[106.5232,20.8539],[106.5251,20.8616],[106.5225,20.8632],[106.517,20.862],[106.5117,20.8636],[106.5061,20.8632],[106.5042,20.8613],[106.5027,20.8546],[106.5007,20.8529],[106.4987,20.8539],[106.4987,20.8585],[106.4944,20.8667],[106.491,20.8674],[106.4857,20.8654],[106.483,20.8693],[106.4816,20.8681],[106.4803,20.8688],[106.4768,20.8762],[106.4808,20.8816],[106.4847,20.8897],[106.4851,20.8935],[106.4805,20.9025]]]},"properties":{"name":"Kim Thành","level":"ward"}},{"type":"Feature","geometry":{"type":"Polygon","coordinates":[[[106.4418,20.9074],[106.4523,20.9123],[106.4566,20.9123],[106.4614,20.9102],[106.4626,20.9086],[106.4625,20.9035],[106.459,20.8954],[106.4592,20.8903],[106.4646,20.8802],[106.4627,20.879],[106.4612,20.874],[106.4556,20.868],[106.454,20.8655],[106.4529,20.8609],[106.4483,20.8602],[106.4431,20.859],[106.4407,20.8501],[106.4384,20.8467],[106.4351,20.845],[106.4337,20.8473],[106.4311,20.8464],[106.43,20.8514],[106.4263,20.8505],[106.4268,20.8554],[106.4291,20.8604],[106.4271,20.8616],[106.4237,20.8613],[106.4226,20.8638],[106.4255,20.8643],[106.425,20.8702],[106.4259,20.8739],[106.4244,20.876],[106.4178,20.8762],[106.416,20.8778],[106.4176,20.8803],[106.4217,20.879],[106.4233,20.8799],[106.424,20.8831],[106.419,20.8863],[106.4164,20.8916],[106.4135,20.8928],[106.4146,20.8951],[106.4189,20.8995],[106.4153,20.9027],[106.4178,20.9072],[106.4146,20.9071],[106.4159,20.9102],[106.4151,20.9117],[106.4166,20.9156],[106.4146,20.9183],[106.4209,20.9209],[106.4233,20.9207],[106.4258,20.9173],[106.4259,20.9112],[106.4303,20.9079],[106.4378,20.9067],[106.4418,20.9074]]]},"properties":{"name":"Thanh Hà","level":"ward"}},{"type":"Feature","geometry":{"type":"Polygon","coordinates":[[[106.3974,20.9179],[106.3963,20.9196],[106.396,20.9255],[106.3974,20.9313],[106.4041,20.9384],[106.4038,20.9413],[106.4021,20.9421],[106.3989,20.9404],[106.3957,20.9366],[106.3907,20.9346],[106.3888,20.9369],[106.3883,20.9402],[106.3853,20.9483],[106.3867,20.9509],[106.3914,20.9536],[106.395,20.958],[106.3954,20.9598],[106.3935,20.9667],[106.3876,20.9677],[106.3825,20.971],[106.3876,20.9743],[106.388,20.971],[106.39,20.9699],[106.3979,20.9723],[106.4046,20.975],[106.408,20.9754],[106.4138,20.9733],[106.4161,20.9704],[106.4173,20.9626],[106.42,20.9577],[106.4227,20.9562],[106.4334,20.9554],[106.4424,20.9539],[106.4416,20.9489],[106.4379,20.9443],[106.4375,20.94],[106.4396,20.9392],[106.4379,20.9315],[106.439,20.9304],[106.4363,20.9255],[106.4356,20.9224],[106.4354,20.9158],[106.4404,20.9126],[106.4418,20.9074],[106.4378,20.9067],[106.4303,20.9079],[106.4259,20.9112],[106.4258,20.9173],[106.4233,20.9207],[106.4209,20.9209],[106.4146,20.9183],[106.4113,20.9173],[106.4053,20.9172],[106.3974,20.9179]]]},"properties":{"name":"Hà Bắc","level":"ward"}},{"type":"Feature","geometry":{"type":"Polygon","coordinates":[[[106.3443,20.9592],[106.3442,20.9623],[106.3472,20.9639],[106.3484,20.9663],[106.3577,20.9717],[106.3602,20.9704],[106.3582,20.9654],[106.3616,20.9643],[106.3645,20.9659],[106.3664,20.9644],[106.3688,20.968],[106.3705,20.9648],[106.3653,20.9588],[106.3638,20.9554],[106.369,20.9495],[106.37,20.9497],[106.3732,20.9453],[106.3728,20.9395],[106.3711,20.9374],[106.3703,20.9316],[106.3728,20.9297],[106.3706,20.9275],[106.3657,20.9274],[106.372,20.9205],[106.3753,20.915],[106.3782,20.9133],[106.3791,20.911],[106.3813,20.9111],[106.3841,20.9147],[106.3858,20.9143],[106.3865,20.9101],[106.386,20.9059],[106.3829,20.901],[106.3797,20.8971],[106.3765,20.8965],[106.3763,20.8925],[106.3711,20.8937],[106.3615,20.8936],[106.3566,20.8954],[106.3531,20.8986],[106.346,20.9087],[106.3448,20.9123],[106.3449,20.916],[106.3476,20.9233],[106.3503,20.929],[106.3529,20.9358],[106.3548,20.9464],[106.3558,20.9555],[106.3538,20.9584],[106.3443,20.9592]]]},"properties":{"name":"Nam Đồng","level":"ward"}},{"type":"Feature","geometry":{"type":"Polygon","coordinates":[[[106.458,20.952],[106.4644,20.9517],[106.4745,20.9503],[106.4804,20.948],[106.4853,20.9435],[106.4866,20.9407],[106.4866,20.9379],[106.4844,20.9332],[106.4786,20.9282],[106.4762,20.9252],[106.4748,20.9194],[106.4752,20.9152],[106.4768,20.9103],[106.4805,20.9025],[106.4851,20.8935],[106.4847,20.8897],[106.4808,20.8816],[106.4768,20.8762],[106.4735,20.8714],[106.4708,20.8764],[106.468,20.8791],[106.4646,20.8802],[106.4592,20.8903],[106.459,20.8954],[106.4625,20.9035],[106.4626,20.9086],[106.4614,20.9102],[106.4566,20.9123],[106.4523,20.9123],[106.4418,20.9074],[106.4404,20.9126],[106.4354,20.9158],[106.4356,20.9224],[106.4363,20.9255],[106.439,20.9304],[106.4379,20.9315],[106.4396,20.9392],[106.4375,20.94],[106.4379,20.9443],[106.4416,20.9489],[106.4424,20.9539],[106.458,20.952]]]},"properties":{"name":"Hà Nam","level":"ward"}},{"type":"Feature","geometry":{"type":"Polygon","coordinates":[[[106.3865,20.9101],[106.387,20.9127],[106.3921,20.9157],[106.3938,20.9145],[106.3974,20.9179],[106.4053,20.9172],[106.4113,20.9173],[106.4146,20.9183],[106.4166,20.9156],[106.4151,20.9117],[106.4159,20.9102],[106.4146,20.9071],[106.4178,20.9072],[106.4153,20.9027],[106.4189,20.8995],[106.4146,20.8951],[106.4135,20.8928],[106.4164,20.8916],[106.419,20.8863],[106.424,20.8831],[106.4233,20.8799],[106.4217,20.879],[106.4176,20.8803],[106.416,20.8778],[106.4178,20.8762],[106.4244,20.876],[106.4259,20.8739],[106.425,20.8702],[106.4255,20.8643],[106.4226,20.8638],[106.4237,20.8613],[106.4271,20.8616],[106.4291,20.8604],[106.4268,20.8554],[106.4263,20.8505],[106.43,20.8514],[106.4311,20.8464],[106.4337,20.8473],[106.4351,20.845],[106.4275,20.8439],[106.4232,20.8445],[106.4121,20.8486],[106.3976,20.8521],[106.3947,20.8542],[106.3931,20.8579],[106.3939,20.8615],[106.3964,20.8674],[106.3976,20.8742],[106.3957,20.8818],[106.3906,20.887],[106.3876,20.8892],[106.3824,20.8912],[106.3763,20.8925],[106.3765,20.8965],[106.3797,20.8971],[106.3829,20.901],[106.386,20.9059],[106.3865,20.9101]]]},"properties":{"name":"Hà Tây","level":"ward"}},{"type":"Feature","geometry":{"type":"Polygon","coordinates":[[[106.4768,20.8762],[106.4803,20.8688],[106.4816,20.8681],[106.4834,20.8645],[106.4818,20.8622],[106.477,20.8586],[106.4858,20.8484],[106.4925,20.845],[106.4957,20.8427],[106.4969,20.8403],[106.4971,20.8386],[106.4954,20.8326],[106.4887,20.8242],[106.4886,20.8221],[106.4934,20.8198],[106.5119,20.8223],[106.5148,20.8208],[106.516,20.8166],[106.5153,20.8126],[106.513,20.8078],[106.5084,20.8005],[106.5043,20.8041],[106.5021,20.8083],[106.4968,20.808],[106.4906,20.8048],[106.4862,20.8],[106.4845,20.7997],[106.4826,20.8017],[106.4747,20.8145],[106.4718,20.8184],[106.4679,20.8221],[106.4652,20.8228],[106.4616,20.8213],[106.4571,20.8177],[106.4521,20.8149],[106.4481,20.8134],[106.4436,20.813],[106.441,20.8149],[106.4395,20.8191],[106.4392,20.824],[106.4429,20.8339],[106.4466,20.8417],[106.4497,20.8466],[106.4501,20.8494],[106.4479,20.8578],[106.4483,20.8602],[106.4529,20.8609],[106.454,20.8655],[106.4556,20.868],[106.4612,20.874],[106.4627,20.879],[106.4646,20.8802],[106.468,20.8791],[106.4708,20.8764],[106.4735,20.8714],[106.4768,20.8762]]]},"properties":{"name":"Hà Đông","level":"ward"}},{"type":"Feature","geometry":{"type":"Polygon","coordinates":[[[106.243,20.9572],[106.2395,20.951],[106.2394,20.9479],[106.2372,20.9468],[106.2358,20.944],[106.2325,20.9455],[106.2258,20.9455],[106.2258,20.9483],[106.2228,20.9523],[106.2201,20.9546],[106.2051,20.9575],[106.2027,20.95],[106.2,20.949],[106.1963,20.9514],[106.1921,20.9529],[106.1909,20.9535],[106.1846,20.9532],[106.1777,20.9522],[106.171,20.9558],[106.1698,20.9582],[106.1688,20.965],[106.1675,20.9693],[106.175,20.9754],[106.182,20.9789],[106.1857,20.9787],[106.1879,20.981],[106.1914,20.9791],[106.2004,20.9819],[106.2025,20.9831],[106.21,20.9848],[106.2147,20.9884],[106.2186,20.9896],[106.2203,20.9912],[106.2211,20.9958],[106.2311,20.9928],[106.2325,20.9954],[106.2385,20.9937],[106.2403,20.9916],[106.2429,20.9925],[106.2448,20.9915],[106.2438,20.9875],[106.2418,20.9883],[106.24,20.9864],[106.2376,20.9807],[106.2337,20.9796],[106.2366,20.9745],[106.2346,20.9706],[106.2428,20.967],[106.243,20.9572]]]},"properties":{"name":"Cẩm Giang","level":"ward"}},{"type":"Feature","geometry":{"type":"Polygon","coordinates":[[[106.2926,20.9361],[106.2932,20.9322],[106.2925,20.9291],[106.2978,20.9298],[106.2986,20.9262],[106.3007,20.9229],[106.2978,20.9208],[106.2962,20.9165],[106.2941,20.9157],[106.2909,20.9166],[106.2886,20.9187],[106.2864,20.9189],[106.2835,20.9161],[106.2785,20.9153],[106.2747,20.9164],[106.2704,20.9189],[106.2665,20.9167],[106.2641,20.9129],[106.2624,20.9094],[106.2583,20.907],[106.254,20.9057],[106.2519,20.9067],[106.2484,20.9061],[106.2432,20.9025],[106.2416,20.9032],[106.2395,20.9069],[106.2398,20.9111],[106.241,20.9148],[106.2441,20.9147],[106.2446,20.9199],[106.2458,20.9237],[106.2405,20.9291],[106.2343,20.9294],[106.2334,20.9357],[106.2354,20.9355],[106.2636,20.9332],[106.2828,20.9351],[106.2897,20.9366],[106.2926,20.9361]]]},"properties":{"name":"Tứ Minh","level":"ward"}},{"type":"Feature","geometry":{"type":"Polygon","coordinates":[[[106.1675,20.9693],[106.1688,20.965],[106.1698,20.9582],[106.171,20.9558],[106.1777,20.9522],[106.1846,20.9532],[106.1909,20.9535],[106.1921,20.9529],[106.1918,20.9498],[106.1898,20.9481],[106.189,20.9451],[106.1853,20.9448],[106.1832,20.9423],[106.1855,20.941],[106.1845,20.939],[106.1773,20.9387],[106.1736,20.9376],[106.1747,20.9342],[106.1714,20.9333],[106.169,20.9311],[106.1639,20.9293],[106.1642,20.9277],[106.1597,20.9265],[106.1584,20.9318],[106.1541,20.9314],[106.152,20.9338],[106.1515,20.9356],[106.1525,20.9419],[106.1506,20.9447],[106.1549,20.9461],[106.1574,20.9479],[106.1581,20.9517],[106.1543,20.9548],[106.1533,20.9568],[106.1509,20.9563],[106.1497,20.9584],[106.1455,20.9582],[106.1391,20.9606],[106.1351,20.9603],[106.1331,20.9655],[106.1336,20.9695],[106.1382,20.9751],[106.1334,20.9794],[106.128,20.9834],[106.1295,20.9879],[106.1294,20.9924],[106.1313,20.9938],[106.1319,20.9993],[106.1381,21.0013],[106.1389,20.9997],[106.1438,20.9968],[106.1448,20.9951],[106.1495,20.9913],[106.151,20.9885],[106.1572,20.9883],[106.1607,20.9901],[106.1648,20.9874],[106.1661,20.9887],[106.1696,20.9848],[106.1649,20.9776],[106.1631,20.9756],[106.1673,20.9714],[106.1675,20.9693]]]},"properties":{"name":"Cẩm Giàng","level":"ward"}},{"type":"Feature","geometry":{"type":"Polygon","coordinates":[[[106.2855,20.9609],[106.281,20.958],[106.2832,20.9555],[106.2798,20.9516],[106.2774,20.9522],[106.2756,20.951],[106.2717,20.9536],[106.2681,20.9542],[106.2667,20.953],[106.2614,20.959],[106.2549,20.9593],[106.2541,20.9619],[106.2493,20.9625],[106.243,20.9572],[106.2428,20.967],[106.2346,20.9706],[106.2366,20.9745],[106.2337,20.9796],[106.2376,20.9807],[106.24,20.9864],[106.2418,20.9883],[106.2438,20.9875],[106.2448,20.9915],[106.2462,20.9976],[106.2497,20.996],[106.2528,20.9966],[106.2582,20.9924],[106.2598,20.99],[106.2616,20.9904],[106.2637,20.9883],[106.2668,20.9879],[106.2704,20.9909],[106.2731,20.9914],[106.275,20.9867],[106.2786,20.982],[106.2809,20.9807],[106.2881,20.9784],[106.2916,20.9765],[106.2921,20.9725],[106.2849,20.9667],[106.2838,20.9649],[106.2855,20.9609]]]},"properties":{"name":"Tuệ Tĩnh","level":"ward"}},{"type":"Feature","geometry":{"type":"Polygon","coordinates":[[[106.2372,20.9468],[106.2374,20.9388],[106.2354,20.9355],[106.2334,20.9357],[106.2343,20.9294],[106.2405,20.9291],[106.2458,20.9237],[106.2446,20.9199],[106.2441,20.9147],[106.241,20.9148],[106.2398,20.9111],[106.2395,20.9069],[106.2416,20.9032],[106.2432,20.9025],[106.2408,20.9005],[106.2373,20.9033],[106.2306,20.9051],[106.2254,20.9051],[106.2197,20.908],[106.2174,20.9138],[106.2146,20.916],[106.2092,20.9185],[106.2063,20.9214],[106.1999,20.9234],[106.1959,20.9235],[106.1933,20.9265],[106.1814,20.9237],[106.1776,20.9207],[106.1721,20.9228],[106.1695,20.9225],[106.1674,20.9271],[106.1642,20.9277],[106.1639,20.9293],[106.169,20.9311],[106.1714,20.9333],[106.1747,20.9342],[106.1736,20.9376],[106.1773,20.9387],[106.1845,20.939],[106.1855,20.941],[106.1832,20.9423],[106.1853,20.9448],[106.189,20.9451],[106.1898,20.9481],[106.1918,20.9498],[106.1921,20.9529],[106.1963,20.9514],[106.2,20.949],[106.2027,20.95],[106.2051,20.9575],[106.2201,20.9546],[106.2228,20.9523],[106.2258,20.9483],[106.2258,20.9455],[106.2325,20.9455],[106.2358,20.944],[106.2372,20.9468]]]},"properties":{"name":"Mao Điền","level":"ward"}},{"type":"Feature","geometry":{"type":"Polygon","coordinates":[[[106.152,20.9338],[106.1541,20.9314],[106.1584,20.9318],[106.1597,20.9265],[106.1642,20.9277],[106.1674,20.9271],[106.1695,20.9225],[106.1721,20.9228],[106.1776,20.9207],[106.1814,20.9237],[106.1933,20.9265],[106.1959,20.9235],[106.1999,20.9234],[106.2063,20.9214],[106.2092,20.9185],[106.2146,20.916],[106.2174,20.9138],[106.2197,20.908],[106.2254,20.9051],[106.22,20.902],[106.2164,20.8973],[106.2091,20.898],[106.2076,20.9011],[106.2013,20.9002],[106.1977,20.8986],[106.1976,20.8965],[106.194,20.8959],[106.196,20.8894],[106.183,20.8881],[106.1783,20.8903],[106.1752,20.8907],[106.1705,20.8945],[106.1654,20.8977],[106.1627,20.8954],[106.1614,20.8962],[106.1581,20.8939],[106.1569,20.8955],[106.1536,20.8942],[106.1491,20.8961],[106.1498,20.8996],[106.1445,20.8968],[106.1397,20.9017],[106.137,20.9011],[106.1366,20.9043],[106.1423,20.9071],[106.1466,20.913],[106.1529,20.9167],[106.1553,20.9173],[106.1541,20.9205],[106.1542,20.9239],[106.1499,20.9245],[106.1482,20.9291],[106.1498,20.9329],[106.152,20.9338]]]},"properties":{"name":"Kẻ Sặt","level":"ward"}},{"type":"Feature","geometry":{"type":"Polygon","coordinates":[[[106.2254,20.9051],[106.2306,20.9051],[106.2373,20.9033],[106.2408,20.9005],[106.2437,20.8979],[106.2436,20.8949],[106.2393,20.8932],[106.2385,20.8913],[106.2395,20.8882],[106.2459,20.8876],[106.248,20.8843],[106.2481,20.8821],[106.2426,20.8769],[106.244,20.875],[106.2471,20.874],[106.2484,20.8705],[106.2475,20.8652],[106.2504,20.8606],[106.2532,20.8579],[106.2577,20.8582],[106.2589,20.8544],[106.2585,20.8512],[106.2593,20.8443],[106.2519,20.8412],[106.2494,20.8408],[106.2482,20.8442],[106.2453,20.8417],[106.2423,20.8454],[106.2395,20.8457],[106.2366,20.8426],[106.2323,20.8472],[106.2331,20.8482],[106.2303,20.8535],[106.2299,20.8572],[106.2324,20.8595],[106.2316,20.8613],[106.2277,20.8614],[106.227,20.8629],[106.2239,20.8624],[106.222,20.8657],[106.2181,20.8647],[106.2182,20.8676],[106.214,20.8668],[106.2127,20.8719],[106.2002,20.8735],[106.1987,20.878],[106.1936,20.8788],[106.1877,20.8806],[106.1845,20.8835],[106.183,20.8881],[106.196,20.8894],[106.194,20.8959],[106.1976,20.8965],[106.1977,20.8986],[106.2013,20.9002],[106.2076,20.9011],[106.2091,20.898],[106.2164,20.8973],[106.22,20.902],[106.2254,20.9051]]]},"properties":{"name":"Bình Giang","level":"ward"}},{"type":"Feature","geometry":{"type":"Polygon","coordinates":[[[106.137,20.9011],[106.1397,20.9017],[106.1445,20.8968],[106.1498,20.8996],[106.1491,20.8961],[106.1536,20.8942],[106.1569,20.8955],[106.1581,20.8939],[106.1614,20.8962],[106.1627,20.8954],[106.1654,20.8977],[106.1705,20.8945],[106.1752,20.8907],[106.1783,20.8903],[106.183,20.8881],[106.1845,20.8835],[106.1877,20.8806],[106.1936,20.8788],[106.1987,20.878],[106.2002,20.8735],[106.2127,20.8719],[106.214,20.8668],[106.2182,20.8676],[106.2181,20.8647],[106.2178,20.864],[106.2094,20.8608],[106.2068,20.8638],[106.2055,20.8599],[106.2032,20.8556],[106.1974,20.8551],[106.1851,20.8548],[106.1652,20.8554],[106.1585,20.8551],[106.1375,20.852],[106.1416,20.8577],[106.1422,20.8603],[106.1422,20.8694],[106.1437,20.8713],[106.1439,20.8782],[106.1466,20.8807],[106.1474,20.883],[106.1474,20.8881],[106.1454,20.8912],[106.1394,20.8931],[106.1382,20.8987],[106.137,20.9011]]]},"properties":{"name":"Đường An","level":"ward"}},{"type":"Feature","geometry":{"type":"Polygon","coordinates":[[[106.1375,20.852],[106.1585,20.8551],[106.1652,20.8554],[106.1851,20.8548],[106.1974,20.8551],[106.2032,20.8556],[106.2018,20.8532],[106.2032,20.852],[106.2,20.8481],[106.2067,20.8437],[106.2096,20.8399],[106.2058,20.8362],[106.2032,20.8295],[106.1993,20.8268],[106.2007,20.8248],[106.1978,20.8198],[106.1973,20.8202],[106.1869,20.8184],[106.1795,20.8208],[106.1812,20.8252],[106.176,20.8297],[106.1767,20.8323],[106.1767,20.8414],[106.1735,20.8401],[106.1628,20.8412],[106.1631,20.8356],[106.162,20.8348],[106.1629,20.8302],[106.1603,20.8274],[106.1549,20.8286],[106.1534,20.8296],[106.141,20.8219],[106.1403,20.8186],[106.1374,20.8231],[106.1337,20.8254],[106.1306,20.8291],[106.1281,20.8297],[106.1254,20.8288],[106.1248,20.8321],[106.1294,20.8382],[106.1292,20.8454],[106.1261,20.8478],[106.133,20.8505],[106.1368,20.8503],[106.1375,20.852]]]},"properties":{"name":"Thượng Hồng","level":"ward"}},{"type":"Feature","geometry":{"type":"Polygon","coordinates":[[[106.3285,20.8872],[106.3366,20.884],[106.3421,20.8852],[106.3432,20.8833],[106.3478,20.8831],[106.3495,20.8794],[106.3478,20.878],[106.3482,20.8754],[106.3449,20.8722],[106.351,20.8677],[106.3511,20.8643],[106.3492,20.8615],[106.3463,20.859],[106.3439,20.8601],[106.3412,20.8583],[106.3386,20.8603],[106.3362,20.86],[106.3337,20.8617],[106.3305,20.8616],[106.3281,20.8571],[106.3165,20.8562],[106.3071,20.8571],[106.278,20.863],[106.2632,20.8633],[106.2641,20.8678],[106.2712,20.8677],[106.2735,20.8716],[106.2755,20.8828],[106.283,20.8809],[106.2846,20.8857],[106.2867,20.8832],[106.2912,20.8818],[106.2935,20.8844],[106.2965,20.8833],[106.2989,20.8857],[106.3035,20.8882],[106.3102,20.8863],[106.3135,20.8828],[106.3175,20.8807],[106.3237,20.8823],[106.3269,20.8807],[106.3285,20.8872]]]},"properties":{"name":"Gia Lộc","level":"ward"}},{"type":"Feature","geometry":{"type":"Polygon","coordinates":[[[106.3007,20.9229],[106.3029,20.9225],[106.3066,20.9182],[106.3101,20.917],[106.3176,20.9184],[106.3195,20.9202],[106.3218,20.919],[106.3204,20.9144],[106.3224,20.9139],[106.3216,20.9107],[106.3192,20.9076],[106.3122,20.9007],[106.3171,20.8959],[106.3177,20.8969],[106.3258,20.8953],[106.3289,20.8956],[106.3329,20.8932],[106.3285,20.8872],[106.3269,20.8807],[106.3237,20.8823],[106.3175,20.8807],[106.3135,20.8828],[106.3102,20.8863],[106.3035,20.8882],[106.2989,20.8857],[106.2965,20.8833],[106.2935,20.8844],[106.2912,20.8818],[106.2867,20.8832],[106.2846,20.8857],[106.283,20.8809],[106.2755,20.8828],[106.2767,20.8888],[106.2801,20.8977],[106.2661,20.903],[106.2656,20.9101],[106.2641,20.9129],[106.2665,20.9167],[106.2704,20.9189],[106.2747,20.9164],[106.2785,20.9153],[106.2835,20.9161],[106.2864,20.9189],[106.2886,20.9187],[106.2909,20.9166],[106.2941,20.9157],[106.2962,20.9165],[106.2978,20.9208],[106.3007,20.9229]]]},"properties":{"name":"Thạch Khôi","level":"ward"}},{"type":"Feature","geometry":{"type":"Polygon","coordinates":[[[106.2432,20.9025],[106.2484,20.9061],[106.2519,20.9067],[106.254,20.9057],[106.2583,20.907],[106.2624,20.9094],[106.2641,20.9129],[106.2656,20.9101],[106.2661,20.903],[106.2801,20.8977],[106.2767,20.8888],[106.2755,20.8828],[106.2735,20.8716],[106.2712,20.8677],[106.2641,20.8678],[106.2632,20.8633],[106.278,20.863],[106.279,20.8611],[106.2765,20.86],[106.2769,20.8572],[106.2791,20.8543],[106.2785,20.8505],[106.2769,20.8506],[106.2748,20.847],[106.2833,20.8476],[106.2851,20.8445],[106.2801,20.8413],[106.2757,20.8405],[106.2767,20.8366],[106.2744,20.834],[106.2737,20.8315],[106.2714,20.829],[106.2646,20.8334],[106.2599,20.8423],[106.2593,20.8443],[106.2585,20.8512],[106.2589,20.8544],[106.2577,20.8582],[106.2532,20.8579],[106.2504,20.8606],[106.2475,20.8652],[106.2484,20.8705],[106.2471,20.874],[106.244,20.875],[106.2426,20.8769],[106.2481,20.8821],[106.248,20.8843],[106.2459,20.8876],[106.2395,20.8882],[106.2385,20.8913],[106.2393,20.8932],[106.2436,20.8949],[106.2437,20.8979],[106.2408,20.9005],[106.2432,20.9025]]]},"properties":{"name":"Yết Kiêu","level":"ward"}},{"type":"Feature","geometry":{"type":"Polygon","coordinates":[[[106.278,20.863],[106.3071,20.8571],[106.3165,20.8562],[106.3281,20.8571],[106.3305,20.8616],[106.3337,20.8617],[106.3362,20.86],[106.3386,20.8603],[106.3412,20.8583],[106.3406,20.8551],[106.3443,20.8525],[106.3453,20.8486],[106.3425,20.8442],[106.3451,20.8423],[106.3482,20.8435],[106.3506,20.8424],[106.3502,20.8397],[106.3482,20.8384],[106.3433,20.8379],[106.3383,20.8416],[106.3342,20.8417],[106.333,20.8402],[106.3315,20.835],[106.3279,20.8347],[106.322,20.8387],[106.3178,20.8379],[106.3175,20.8413],[106.3153,20.8418],[106.3138,20.8394],[106.3152,20.8369],[106.3126,20.8347],[106.3142,20.8304],[106.313,20.8272],[106.3086,20.8259],[106.3071,20.8245],[106.3108,20.8206],[106.3099,20.8192],[106.317,20.813],[106.3192,20.8145],[106.3191,20.8084],[106.3207,20.8071],[106.3204,20.8039],[106.3215,20.8019],[106.3149,20.7991],[106.3166,20.7972],[106.3124,20.7938],[106.3059,20.799],[106.3015,20.7954],[106.2989,20.7958],[106.2976,20.7983],[106.2972,20.8047],[106.2991,20.8082],[106.3001,20.8124],[106.2973,20.814],[106.2932,20.8111],[106.2904,20.8077],[106.2887,20.8037],[106.2866,20.8018],[106.2834,20.8019],[106.2804,20.8061],[106.2817,20.81],[106.2809,20.814],[106.2753,20.817],[106.2733,20.8203],[106.2731,20.8265],[106.2714,20.829],[106.2737,20.8315],[106.2744,20.834],[106.2767,20.8366],[106.2757,20.8405],[106.2801,20.8413],[106.2851,20.8445],[106.2833,20.8476],[106.2748,20.847],[106.2769,20.8506],[106.2785,20.8505],[106.2791,20.8543],[106.2769,20.8572],[106.2765,20.86],[106.279,20.8611],[106.278,20.863]]]},"properties":{"name":"Gia Phúc","level":"ward"}},{"type":"Feature","geometry":{"type":"Polygon","coordinates":[[[106.2494,20.8408],[106.2519,20.8412],[106.2593,20.8443],[106.2599,20.8423],[106.2646,20.8334],[106.2714,20.829],[106.2731,20.8265],[106.2733,20.8203],[106.2753,20.817],[106.2809,20.814],[106.2817,20.81],[106.2804,20.8061],[106.2834,20.8019],[106.2866,20.8018],[106.2887,20.8037],[106.2904,20.8077],[106.2932,20.8111],[106.2973,20.814],[106.3001,20.8124],[106.2991,20.8082],[106.2972,20.8047],[106.2976,20.7983],[106.2989,20.7958],[106.3004,20.7928],[106.2997,20.7881],[106.3017,20.7852],[106.2983,20.784],[106.298,20.7794],[106.2988,20.7771],[106.2955,20.7763],[106.2928,20.7787],[106.2872,20.7803],[106.2872,20.7829],[106.2835,20.7859],[106.2816,20.7862],[106.2783,20.7812],[106.2738,20.7834],[106.273,20.7869],[106.2697,20.7847],[106.2705,20.7811],[106.2604,20.78],[106.2603,20.7826],[106.2561,20.7878],[106.254,20.7914],[106.2553,20.7933],[106.2491,20.7956],[106.2443,20.7931],[106.2424,20.7953],[106.2393,20.7965],[106.2399,20.7995],[106.242,20.8031],[106.2455,20.8062],[106.2427,20.8119],[106.2402,20.8141],[106.2415,20.8135],[106.2477,20.8155],[106.2484,20.8199],[106.2445,20.8189],[106.2429,20.8217],[106.2556,20.833],[106.2524,20.8342],[106.2494,20.8408]]]},"properties":{"name":"Trường Tân","level":"ward"}},{"type":"Feature","geometry":{"type":"Polygon","coordinates":[[[106.3951,20.8343],[106.3931,20.8328],[106.3974,20.8311],[106.4035,20.8275],[106.4112,20.8238],[106.4146,20.8243],[106.4145,20.8206],[106.4203,20.8143],[106.4123,20.8079],[106.4154,20.8044],[106.4151,20.7992],[106.4126,20.7946],[106.4141,20.79],[106.4162,20.787],[106.4159,20.7831],[106.4122,20.7796],[106.413,20.7761],[106.4122,20.7738],[106.407,20.7734],[106.4055,20.7709],[106.4072,20.7687],[106.4112,20.7673],[106.4087,20.7665],[106.404,20.7667],[106.4029,20.7687],[106.3988,20.7732],[106.3953,20.7751],[106.3912,20.7761],[106.3909,20.7799],[106.3935,20.785],[106.3932,20.7863],[106.3859,20.7855],[106.3838,20.786],[106.3815,20.7894],[106.3809,20.7918],[106.3778,20.7925],[106.3712,20.7896],[106.3691,20.7917],[106.3698,20.7949],[106.3737,20.8009],[106.3719,20.8025],[106.3668,20.8038],[106.3608,20.8039],[106.3591,20.8058],[106.3588,20.8094],[106.3601,20.8147],[106.3597,20.8162],[106.3618,20.8182],[106.3687,20.8204],[106.3674,20.8234],[106.366,20.8307],[106.3712,20.84],[106.3754,20.8389],[106.376,20.8413],[106.3785,20.8408],[106.3782,20.8448],[106.3803,20.8443],[106.3818,20.8468],[106.3822,20.8462],[106.3901,20.8444],[106.3909,20.8452],[106.3962,20.8359],[106.3951,20.8343]]]},"properties":{"name":"Tứ Kỳ","level":"ward"}},{"type":"Feature","geometry":{"type":"Polygon","coordinates":[[[106.3478,20.8831],[106.3536,20.8856],[106.3609,20.8911],[106.3615,20.8936],[106.3711,20.8937],[106.3763,20.8925],[106.3824,20.8912],[106.3876,20.8892],[106.3906,20.887],[106.3957,20.8818],[106.3976,20.8742],[106.3964,20.8674],[106.3939,20.8615],[106.3931,20.8579],[106.3947,20.8542],[106.3976,20.8521],[106.4121,20.8486],[106.4102,20.8464],[106.41,20.8424],[106.4057,20.8401],[106.4025,20.84],[106.3951,20.8343],[106.3962,20.8359],[106.3909,20.8452],[106.3901,20.8444],[106.3822,20.8462],[106.3818,20.8468],[106.3797,20.8491],[106.3803,20.8517],[106.3756,20.8553],[106.3727,20.8516],[106.3685,20.8535],[106.3624,20.8484],[106.354,20.8534],[106.3554,20.8551],[106.3532,20.8582],[106.3492,20.8615],[106.3511,20.8643],[106.351,20.8677],[106.3449,20.8722],[106.3482,20.8754],[106.3478,20.878],[106.3495,20.8794],[106.3478,20.8831]]]},"properties":{"name":"Đại Sơn","level":"ward"}},{"type":"Feature","geometry":{"type":"Polygon","coordinates":[[[106.3412,20.8583],[106.3439,20.8601],[106.3463,20.859],[106.3492,20.8615],[106.3532,20.8582],[106.3554,20.8551],[106.354,20.8534],[106.3624,20.8484],[106.3685,20.8535],[106.3727,20.8516],[106.3756,20.8553],[106.3803,20.8517],[106.3797,20.8491],[106.3818,20.8468],[106.3803,20.8443],[106.3782,20.8448],[106.3785,20.8408],[106.376,20.8413],[106.3754,20.8389],[106.3712,20.84],[106.366,20.8307],[106.3674,20.8234],[106.3687,20.8204],[106.3618,20.8182],[106.3597,20.8162],[106.3564,20.814],[106.3542,20.8091],[106.3476,20.8118],[106.3447,20.8097],[106.3416,20.8048],[106.3377,20.8014],[106.3388,20.7973],[106.3354,20.794],[106.3314,20.794],[106.3286,20.795],[106.3255,20.7888],[106.3208,20.7882],[106.3166,20.7972],[106.3149,20.7991],[106.3215,20.8019],[106.3204,20.8039],[106.3207,20.8071],[106.3191,20.8084],[106.3192,20.8145],[106.317,20.813],[106.3099,20.8192],[106.3108,20.8206],[106.3071,20.8245],[106.3086,20.8259],[106.313,20.8272],[106.3142,20.8304],[106.3126,20.8347],[106.3152,20.8369],[106.3138,20.8394],[106.3153,20.8418],[106.3175,20.8413],[106.3178,20.8379],[106.322,20.8387],[106.3279,20.8347],[106.3315,20.835],[106.333,20.8402],[106.3342,20.8417],[106.3383,20.8416],[106.3433,20.8379],[106.3482,20.8384],[106.3502,20.8397],[106.3506,20.8424],[106.3482,20.8435],[106.3451,20.8423],[106.3425,20.8442],[106.3453,20.8486],[106.3443,20.8525],[106.3406,20.8551],[106.3412,20.8583]]]},"properties":{"name":"Tân Kỳ","level":"ward"}},{"type":"Feature","geometry":{"type":"Polygon","coordinates":[[[106.4351,20.845],[106.4384,20.8467],[106.4407,20.8501],[106.4431,20.859],[106.4483,20.8602],[106.4479,20.8578],[106.4501,20.8494],[106.4497,20.8466],[106.4466,20.8417],[106.4429,20.8339],[106.4392,20.824],[106.4395,20.8191],[106.441,20.8149],[106.4436,20.813],[106.4481,20.8134],[106.4521,20.8149],[106.4571,20.8177],[106.4616,20.8213],[106.4652,20.8228],[106.4679,20.8221],[106.4718,20.8184],[106.4747,20.8145],[106.4826,20.8017],[106.4845,20.7997],[106.4812,20.798],[106.4709,20.7929],[106.47,20.7944],[106.4644,20.7956],[106.4573,20.7925],[106.4543,20.7922],[106.4499,20.7935],[106.4457,20.7897],[106.4437,20.7842],[106.4409,20.7829],[106.4351,20.7848],[106.4348,20.7784],[106.4337,20.7769],[106.4308,20.7782],[106.4273,20.7843],[106.4267,20.7879],[106.4247,20.7885],[106.4236,20.7924],[106.4183,20.7931],[106.4176,20.7913],[106.4141,20.79],[106.4126,20.7946],[106.4151,20.7992],[106.4154,20.8044],[106.4123,20.8079],[106.4203,20.8143],[106.4145,20.8206],[106.4146,20.8243],[106.4112,20.8238],[106.4035,20.8275],[106.3974,20.8311],[106.3931,20.8328],[106.3951,20.8343],[106.4025,20.84],[106.4057,20.8401],[106.41,20.8424],[106.4102,20.8464],[106.4121,20.8486],[106.4232,20.8445],[106.4275,20.8439],[106.4351,20.845]]]},"properties":{"name":"Chí Minh","level":"ward"}},{"type":"Feature","geometry":{"type":"Polygon","coordinates":[[[106.4112,20.7673],[106.4072,20.7687],[106.4055,20.7709],[106.407,20.7734],[106.4122,20.7738],[106.413,20.7761],[106.4122,20.7796],[106.4159,20.7831],[106.4162,20.787],[106.4141,20.79],[106.4176,20.7913],[106.4183,20.7931],[106.4236,20.7924],[106.4247,20.7885],[106.4267,20.7879],[106.4273,20.7843],[106.4308,20.7782],[106.4337,20.7769],[106.4348,20.7784],[106.4351,20.7848],[106.4409,20.7829],[106.4437,20.7842],[106.4457,20.7897],[106.4499,20.7935],[106.4543,20.7922],[106.4573,20.7925],[106.4644,20.7956],[106.47,20.7944],[106.4709,20.7929],[106.4812,20.798],[106.4857,20.793],[106.4924,20.7839],[106.4948,20.7762],[106.4943,20.7725],[106.4929,20.7706],[106.4903,20.7722],[106.4641,20.7707],[106.464,20.7681],[106.4667,20.7659],[106.468,20.7629],[106.467,20.7599],[106.465,20.7583],[106.4616,20.7579],[106.4588,20.7621],[106.4547,20.7622],[106.4525,20.7599],[106.4528,20.7543],[106.4557,20.7523],[106.4526,20.7509],[106.4492,20.7533],[106.4466,20.753],[106.4427,20.7511],[106.4401,20.754],[106.4355,20.7551],[106.4344,20.7603],[106.4296,20.7614],[106.4289,20.7659],[106.4259,20.7677],[106.4112,20.7673]]]},"properties":{"name":"Lạc Phượng","level":"ward"}},{"type":"Feature","geometry":{"type":"Polygon","coordinates":[[[106.404,20.7667],[106.4087,20.7665],[106.4112,20.7673],[106.4259,20.7677],[106.4289,20.7659],[106.4296,20.7614],[106.4344,20.7603],[106.4355,20.7551],[106.4401,20.754],[106.4427,20.7511],[106.4466,20.753],[106.4492,20.7533],[106.4526,20.7509],[106.4557,20.7523],[106.4528,20.7543],[106.4525,20.7599],[106.4547,20.7622],[106.4588,20.7621],[106.4616,20.7579],[106.465,20.7583],[106.467,20.7599],[106.468,20.7629],[106.4667,20.7659],[106.464,20.7681],[106.4641,20.7707],[106.4903,20.7722],[106.4929,20.7706],[106.496,20.7695],[106.493,20.7645],[106.4942,20.7608],[106.4981,20.7598],[106.4918,20.7532],[106.489,20.7511],[106.4845,20.7501],[106.4802,20.7507],[106.4751,20.7537],[106.4722,20.753],[106.4688,20.7464],[106.4662,20.7432],[106.4639,20.7423],[106.4565,20.7444],[106.4528,20.7429],[106.4531,20.7396],[106.4588,20.737],[106.4626,20.7343],[106.4649,20.7309],[106.465,20.7263],[106.4612,20.7228],[106.4556,20.7214],[106.4522,20.7218],[106.451,20.7241],[106.453,20.7279],[106.4529,20.7306],[106.4511,20.7349],[106.4477,20.7363],[106.4462,20.7342],[106.446,20.7292],[106.4423,20.7237],[106.4391,20.7207],[106.4362,20.7206],[106.4326,20.7279],[106.429,20.7312],[106.4247,20.7334],[106.4143,20.7353],[106.4116,20.7339],[106.409,20.7359],[106.4093,20.7382],[106.4132,20.7444],[106.4119,20.7477],[106.408,20.7503],[106.3993,20.7522],[106.3992,20.7553],[106.403,20.7577],[106.4047,20.7619],[106.404,20.7667]]]},"properties":{"name":"Nguyên Giáp","level":"ward"}},{"type":"Feature","geometry":{"type":"Polygon","coordinates":[[[106.3597,20.8162],[106.3601,20.8147],[106.3588,20.8094],[106.3591,20.8058],[106.3608,20.8039],[106.3668,20.8038],[106.3719,20.8025],[106.3737,20.8009],[106.3698,20.7949],[106.3691,20.7917],[106.3712,20.7896],[106.3778,20.7925],[106.3809,20.7918],[106.3815,20.7894],[106.3838,20.786],[106.3859,20.7855],[106.3932,20.7863],[106.3935,20.785],[106.3909,20.7799],[106.3912,20.7761],[106.3891,20.7729],[106.3848,20.77],[106.3825,20.7663],[106.3782,20.7643],[106.3791,20.7618],[106.376,20.7608],[106.3758,20.755],[106.3741,20.7525],[106.3751,20.7474],[106.3727,20.7479],[106.3697,20.7445],[106.364,20.7462],[106.3608,20.7459],[106.363,20.7532],[106.3629,20.7576],[106.359,20.7615],[106.3516,20.7701],[106.3494,20.7718],[106.3459,20.7719],[106.3432,20.7748],[106.3401,20.7753],[106.3371,20.7713],[106.3326,20.7712],[106.3295,20.7759],[106.3285,20.7791],[106.3215,20.7806],[106.3208,20.7882],[106.3255,20.7888],[106.3286,20.795],[106.3314,20.794],[106.3354,20.794],[106.3388,20.7973],[106.3377,20.8014],[106.3416,20.8048],[106.3447,20.8097],[106.3476,20.8118],[106.3542,20.8091],[106.3564,20.814],[106.3597,20.8162]]]},"properties":{"name":"Vĩnh Lại","level":"ward"}},{"type":"Feature","geometry":{"type":"Polygon","coordinates":[[[106.2989,20.7958],[106.3015,20.7954],[106.3059,20.799],[106.3124,20.7938],[106.3166,20.7972],[106.3208,20.7882],[106.3215,20.7806],[106.3285,20.7791],[106.3295,20.7759],[106.3326,20.7712],[106.3371,20.7713],[106.3401,20.7753],[106.3432,20.7748],[106.3459,20.7719],[106.3451,20.7651],[106.3427,20.761],[106.3405,20.7615],[106.34,20.7654],[106.3388,20.7668],[106.3281,20.7672],[106.3272,20.7651],[106.329,20.7633],[106.3296,20.7604],[106.3274,20.7579],[106.324,20.7568],[106.3274,20.7503],[106.3278,20.7477],[106.3251,20.746],[106.3203,20.7359],[106.323,20.7355],[106.322,20.7313],[106.3244,20.7306],[106.3235,20.7216],[106.3201,20.7187],[106.3145,20.7224],[106.3103,20.7235],[106.3057,20.7238],[106.3059,20.7275],[106.3021,20.7319],[106.301,20.7315],[106.2969,20.7351],[106.2987,20.7363],[106.3006,20.7406],[106.2997,20.7462],[106.3036,20.7435],[106.3046,20.7475],[106.3018,20.7489],[106.3037,20.7512],[106.3004,20.754],[106.3003,20.7566],[106.2945,20.7573],[106.2894,20.7595],[106.2884,20.7607],[106.291,20.7649],[106.29,20.7687],[106.2871,20.768],[106.2863,20.7641],[106.2839,20.7668],[106.2845,20.7691],[106.2834,20.7738],[106.2831,20.7762],[106.2854,20.7801],[106.2872,20.7803],[106.2928,20.7787],[106.2955,20.7763],[106.2988,20.7771],[106.298,20.7794],[106.2983,20.784],[106.3017,20.7852],[106.2997,20.7881],[106.3004,20.7928],[106.2989,20.7958]]]},"properties":{"name":"Tân An","level":"ward"}},{"type":"Feature","geometry":{"type":"Polygon","coordinates":[[[106.3912,20.7761],[106.3953,20.7751],[106.3988,20.7732],[106.4029,20.7687],[106.404,20.7667],[106.4047,20.7619],[106.403,20.7577],[106.3992,20.7553],[106.3993,20.7522],[106.408,20.7503],[106.4119,20.7477],[106.4132,20.7444],[106.4093,20.7382],[106.409,20.7359],[106.4116,20.7339],[106.4074,20.7283],[106.4027,20.729],[106.4007,20.7278],[106.3996,20.7248],[106.3976,20.7251],[106.3867,20.7152],[106.3824,20.7129],[106.3828,20.7117],[106.3756,20.711],[106.3702,20.7088],[106.3699,20.711],[106.3661,20.715],[106.3621,20.7163],[106.3557,20.7155],[106.3502,20.7184],[106.3483,20.7209],[106.3435,20.7301],[106.344,20.7321],[106.3465,20.735],[106.3501,20.7356],[106.3536,20.7346],[106.3565,20.7357],[106.3601,20.7411],[106.3608,20.7459],[106.364,20.7462],[106.3697,20.7445],[106.3727,20.7479],[106.3751,20.7474],[106.3741,20.7525],[106.3758,20.755],[106.376,20.7608],[106.3791,20.7618],[106.3782,20.7643],[106.3825,20.7663],[106.3848,20.77],[106.3891,20.7729],[106.3912,20.7761]]]},"properties":{"name":"Ninh Giang","level":"ward"}},{"type":"Feature","geometry":{"type":"Polygon","coordinates":[[[106.2834,20.7738],[106.2845,20.7691],[106.2839,20.7668],[106.2863,20.7641],[106.2871,20.768],[106.29,20.7687],[106.291,20.7649],[106.2884,20.7607],[106.2894,20.7595],[106.2945,20.7573],[106.3003,20.7566],[106.3004,20.754],[106.3037,20.7512],[106.3018,20.7489],[106.3046,20.7475],[106.3036,20.7435],[106.2997,20.7462],[106.3006,20.7406],[106.2987,20.7363],[106.2969,20.7351],[106.301,20.7315],[106.3021,20.7319],[106.3059,20.7275],[106.3057,20.7238],[106.3024,20.7201],[106.3031,20.7179],[106.3026,20.7132],[106.3058,20.7037],[106.3099,20.6972],[106.31,20.6945],[106.3027,20.69],[106.2991,20.6912],[106.2933,20.6966],[106.2946,20.7029],[106.2937,20.7072],[106.2864,20.7112],[106.2831,20.709],[106.2835,20.7029],[106.2876,20.7],[106.2886,20.6947],[106.2853,20.6933],[106.2761,20.6928],[106.2711,20.6965],[106.2675,20.7029],[106.2652,20.7043],[106.2657,20.7073],[106.2682,20.7091],[106.2626,20.7177],[106.2623,20.7285],[106.2643,20.7379],[106.2663,20.7374],[106.2697,20.748],[106.2647,20.7525],[106.2654,20.7571],[106.2678,20.7685],[106.2693,20.7689],[106.2811,20.7681],[106.2834,20.7738]]]},"properties":{"name":"Hồng Châu","level":"ward"}},{"type":"Feature","geometry":{"type":"Polygon","coordinates":[[[106.3459,20.7719],[106.3494,20.7718],[106.3516,20.7701],[106.359,20.7615],[106.3629,20.7576],[106.363,20.7532],[106.3608,20.7459],[106.3601,20.7411],[106.3565,20.7357],[106.3536,20.7346],[106.3501,20.7356],[106.3465,20.735],[106.344,20.7321],[106.3435,20.7301],[106.3483,20.7209],[106.3502,20.7184],[106.3557,20.7155],[106.3621,20.7163],[106.3661,20.715],[106.3699,20.711],[106.3702,20.7088],[106.361,20.7021],[106.3546,20.7005],[106.3498,20.7009],[106.3448,20.7039],[106.3413,20.7102],[106.3387,20.7114],[106.3335,20.7107],[106.3306,20.7091],[106.3254,20.7033],[106.3191,20.6986],[106.31,20.6945],[106.3099,20.6972],[106.3058,20.7037],[106.3026,20.7132],[106.3031,20.7179],[106.3024,20.7201],[106.3057,20.7238],[106.3103,20.7235],[106.3145,20.7224],[106.3201,20.7187],[106.3235,20.7216],[106.3244,20.7306],[106.322,20.7313],[106.323,20.7355],[106.3203,20.7359],[106.3251,20.746],[106.3278,20.7477],[106.3274,20.7503],[106.324,20.7568],[106.3274,20.7579],[106.3296,20.7604],[106.329,20.7633],[106.3272,20.7651],[106.3281,20.7672],[106.3388,20.7668],[106.34,20.7654],[106.3405,20.7615],[106.3427,20.761],[106.3451,20.7651],[106.3459,20.7719]]]},"properties":{"name":"Khúc Thừa Dụ","level":"ward"}},{"type":"Feature","geometry":{"type":"Polygon","coordinates":[[[106.2393,20.7965],[106.2424,20.7953],[106.2443,20.7931],[106.2491,20.7956],[106.2553,20.7933],[106.254,20.7914],[106.2561,20.7878],[106.2603,20.7826],[106.2604,20.78],[106.2705,20.7811],[106.2697,20.7847],[106.273,20.7869],[106.2738,20.7834],[106.2783,20.7812],[106.2816,20.7862],[106.2835,20.7859],[106.2872,20.7829],[106.2872,20.7803],[106.2854,20.7801],[106.2831,20.7762],[106.2834,20.7738],[106.2811,20.7681],[106.2693,20.7689],[106.2678,20.7685],[106.2654,20.7571],[106.2647,20.7525],[106.2697,20.748],[106.2663,20.7374],[106.2643,20.7379],[106.2602,20.7391],[106.2598,20.7375],[106.2549,20.7377],[106.2497,20.7372],[106.2468,20.7397],[106.2489,20.7407],[106.2444,20.7456],[106.2451,20.7482],[106.2421,20.7505],[106.244,20.752],[106.242,20.7541],[106.2362,20.7505],[106.2323,20.7518],[106.2264,20.75],[106.2239,20.7556],[106.2168,20.7526],[106.2159,20.7494],[106.2149,20.7506],[106.2086,20.7518],[106.2035,20.752],[106.1992,20.755],[106.1968,20.7584],[106.1958,20.7614],[106.1926,20.7658],[106.1956,20.7659],[106.2003,20.7701],[106.2058,20.7726],[106.2109,20.7735],[106.2224,20.7766],[106.2169,20.7876],[106.2202,20.7886],[106.2245,20.791],[106.2235,20.793],[106.2352,20.797],[106.2393,20.7965]]]},"properties":{"name":"Thanh Miện","level":"ward"}},{"type":"Feature","geometry":{"type":"Polygon","coordinates":[[[106.2181,20.8647],[106.222,20.8657],[106.2239,20.8624],[106.227,20.8629],[106.2277,20.8614],[106.2316,20.8613],[106.2324,20.8595],[106.2299,20.8572],[106.2303,20.8535],[106.2331,20.8482],[106.2323,20.8472],[106.2366,20.8426],[106.2395,20.8457],[106.2423,20.8454],[106.2453,20.8417],[106.2482,20.8442],[106.2494,20.8408],[106.2524,20.8342],[106.2556,20.833],[106.2429,20.8217],[106.2445,20.8189],[106.2484,20.8199],[106.2477,20.8155],[106.2415,20.8135],[106.2402,20.8141],[106.239,20.8143],[106.2353,20.8116],[106.2308,20.8118],[106.2294,20.8128],[106.2151,20.8107],[106.213,20.8161],[106.2099,20.815],[106.209,20.8172],[106.2062,20.818],[106.1999,20.8165],[106.1978,20.8198],[106.2007,20.8248],[106.1993,20.8268],[106.2032,20.8295],[106.2058,20.8362],[106.2096,20.8399],[106.2067,20.8437],[106.2,20.8481],[106.2032,20.852],[106.2018,20.8532],[106.2032,20.8556],[106.2055,20.8599],[106.2068,20.8638],[106.2094,20.8608],[106.2178,20.864],[106.2181,20.8647]]]},"properties":{"name":"Nguyễn Lương Bằng","level":"ward"}},{"type":"Feature","geometry":{"type":"Polygon","coordinates":[[[106.1795,20.8208],[106.1869,20.8184],[106.1973,20.8202],[106.1978,20.8198],[106.1999,20.8165],[106.2062,20.818],[106.209,20.8172],[106.2099,20.815],[106.213,20.8161],[106.2151,20.8107],[106.2294,20.8128],[106.2308,20.8118],[106.2353,20.8116],[106.239,20.8143],[106.2402,20.8141],[106.2427,20.8119],[106.2455,20.8062],[106.242,20.8031],[106.2399,20.7995],[106.2393,20.7965],[106.2352,20.797],[106.2235,20.793],[106.2245,20.791],[106.2202,20.7886],[106.2169,20.7876],[106.2224,20.7766],[106.2109,20.7735],[106.2058,20.7726],[106.2003,20.7701],[106.1956,20.7659],[106.1926,20.7658],[106.1873,20.7665],[106.1887,20.7686],[106.1862,20.7705],[106.1876,20.7724],[106.1881,20.776],[106.1848,20.7808],[106.1884,20.7846],[106.1856,20.7897],[106.1833,20.7915],[106.1838,20.7938],[106.1877,20.7956],[106.1845,20.7993],[106.1825,20.7979],[106.1749,20.8035],[106.1726,20.8084],[106.1713,20.813],[106.1719,20.8156],[106.1755,20.8159],[106.1775,20.8207],[106.1795,20.8208]]]},"properties":{"name":"Bắc Thanh Miện","level":"ward"}},{"type":"Feature","geometry":{"type":"Polygon","coordinates":[[[106.1403,20.8186],[106.141,20.8219],[106.1534,20.8296],[106.1549,20.8286],[106.1603,20.8274],[106.1629,20.8302],[106.162,20.8348],[106.1631,20.8356],[106.1628,20.8412],[106.1735,20.8401],[106.1767,20.8414],[106.1767,20.8323],[106.176,20.8297],[106.1812,20.8252],[106.1795,20.8208],[106.1775,20.8207],[106.1755,20.8159],[106.1719,20.8156],[106.1713,20.813],[106.1726,20.8084],[106.1749,20.8035],[106.1825,20.7979],[106.1845,20.7993],[106.1877,20.7956],[106.1838,20.7938],[106.1833,20.7915],[106.1856,20.7897],[106.1884,20.7846],[106.1848,20.7808],[106.1881,20.776],[106.1876,20.7724],[106.1862,20.7705],[106.1887,20.7686],[106.1873,20.7665],[106.1848,20.7632],[106.1813,20.7632],[106.1746,20.7718],[106.1763,20.7755],[106.1746,20.7778],[106.1724,20.7768],[106.1709,20.7794],[106.1655,20.7849],[106.1623,20.7843],[106.1597,20.7805],[106.1579,20.7798],[106.1528,20.7814],[106.1481,20.7854],[106.1458,20.7895],[106.1421,20.7943],[106.1383,20.8011],[106.1317,20.8061],[106.134,20.8093],[106.1381,20.8098],[106.1406,20.8143],[106.1403,20.8186]]]},"properties":{"name":"Hải Hưng","level":"ward"}},{"type":"Feature","geometry":{"type":"Polygon","coordinates":[[[106.2643,20.7379],[106.2623,20.7285],[106.2626,20.7177],[106.2682,20.7091],[106.2657,20.7073],[106.2652,20.7043],[106.2607,20.7036],[106.2517,20.699],[106.2494,20.6966],[106.2497,20.6942],[106.2519,20.6914],[106.255,20.6896],[106.2684,20.6874],[106.2692,20.6842],[106.2645,20.6844],[106.2611,20.6853],[106.2579,20.6878],[106.2544,20.6879],[106.2515,20.6863],[106.2487,20.6872],[106.2465,20.69],[106.2466,20.6928],[106.2445,20.6952],[106.2338,20.7029],[106.2277,20.7052],[106.2249,20.7113],[106.2244,20.7165],[106.2208,20.7213],[106.2193,20.7244],[106.2134,20.728],[106.2114,20.7316],[106.214,20.7328],[106.2179,20.7322],[106.219,20.7363],[106.2187,20.7402],[106.2159,20.7494],[106.2168,20.7526],[106.2239,20.7556],[106.2264,20.75],[106.2323,20.7518],[106.2362,20.7505],[106.242,20.7541],[106.244,20.752],[106.2421,20.7505],[106.2451,20.7482],[106.2444,20.7456],[106.2489,20.7407],[106.2468,20.7397],[106.2497,20.7372],[106.2549,20.7377],[106.2598,20.7375],[106.2602,20.7391],[106.2643,20.7379]]]},"properties":{"name":"Nam Thanh Miện","level":"ward"}},{"type":"Feature","geometry":{"type":"Polygon","coordinates":[[[106.6501,20.8809],[106.6541,20.8808],[106.6589,20.8797],[106.665,20.8768],[106.6706,20.8731],[106.674,20.8696],[106.6796,20.8674],[106.6855,20.8682],[106.6856,20.865],[106.689,20.8656],[106.6889,20.8615],[106.6879,20.8598],[106.6839,20.8567],[106.6816,20.856],[106.6703,20.8546],[106.669,20.8552],[106.6639,20.853],[106.6611,20.8541],[106.6597,20.8562],[106.6608,20.8605],[106.6565,20.8621],[106.6491,20.8597],[106.6438,20.8643],[106.6401,20.8647],[106.6366,20.8637],[106.6332,20.864],[106.6314,20.8654],[106.6277,20.8708],[106.6233,20.8723],[106.6225,20.88],[106.6233,20.8817],[106.6269,20.8809],[106.6377,20.8806],[106.6501,20.8809]]]},"properties":{"name":"Hồng Bàng","level":"ward"}},{"type":"Feature","geometry":{"type":"Polygon","coordinates":[[[106.6889,20.8615],[106.689,20.8656],[106.6856,20.865],[106.6855,20.8682],[106.6904,20.8701],[106.7038,20.8772],[106.707,20.8774],[106.7127,20.8755],[106.7223,20.8672],[106.72,20.8645],[106.7135,20.8648],[106.7125,20.8632],[106.7162,20.8568],[106.7105,20.8552],[106.7068,20.8559],[106.7035,20.8516],[106.6957,20.8614],[106.6889,20.8615]]]},"properties":{"name":"Ngô Quyền","level":"ward"}},{"type":"Feature","geometry":{"type":"Polygon","coordinates":[[[106.6816,20.856],[106.6839,20.8567],[106.6879,20.8598],[106.6889,20.8615],[106.6957,20.8614],[106.7035,20.8516],[106.7068,20.8559],[106.7105,20.8552],[106.7088,20.8545],[106.7086,20.8499],[106.7112,20.8474],[106.708,20.8459],[106.7094,20.8442],[106.7061,20.8431],[106.7063,20.8411],[106.7023,20.8354],[106.7021,20.8332],[106.6989,20.8306],[106.6995,20.828],[106.6963,20.8274],[106.6942,20.8311],[106.6965,20.8353],[106.6902,20.8487],[106.6816,20.856]]]},"properties":{"name":"Gia Viên","level":"ward"}},{"type":"Feature","geometry":{"type":"Polygon","coordinates":[[[106.6703,20.8546],[106.6816,20.856],[106.6902,20.8487],[106.6965,20.8353],[106.6942,20.8311],[106.6963,20.8274],[106.6946,20.8197],[106.6853,20.8285],[106.6832,20.8346],[106.6771,20.8342],[106.6753,20.8393],[106.6758,20.8424],[106.672,20.8465],[106.6703,20.8546]]]},"properties":{"name":"Lê Chân","level":"ward"}},{"type":"Feature","geometry":{"type":"Polygon","coordinates":[[[106.6639,20.853],[106.669,20.8552],[106.6703,20.8546],[106.672,20.8465],[106.6758,20.8424],[106.6753,20.8393],[106.6771,20.8342],[106.6832,20.8346],[106.6853,20.8285],[106.6946,20.8197],[106.6926,20.8163],[106.6893,20.8151],[106.6821,20.8156],[106.6769,20.8167],[106.6727,20.818],[106.6698,20.8203],[106.6699,20.8292],[106.6665,20.8357],[106.6598,20.8422],[106.6577,20.8434],[106.6639,20.853]]]},"properties":{"name":"An Biên","level":"ward"}},{"type":"Feature","geometry":{"type":"Polygon","coordinates":[[[106.7105,20.8552],[106.7162,20.8568],[106.7125,20.8632],[106.7135,20.8648],[106.72,20.8645],[106.7223,20.8672],[106.7315,20.86],[106.735,20.8582],[106.7519,20.8511],[106.7593,20.8486],[106.766,20.8486],[106.7752,20.8417],[106.7851,20.8353],[106.7939,20.8318],[106.7988,20.8315],[106.8114,20.8326],[106.8185,20.8318],[106.8246,20.8299],[106.8359,20.8144],[106.8378,20.8118],[106.8378,20.8095],[106.8286,20.8081],[106.8286,20.8065],[106.8151,20.8061],[106.816,20.799],[106.8162,20.7914],[106.8157,20.7866],[106.8143,20.7851],[106.8083,20.7852],[106.8054,20.7871],[106.8021,20.7869],[106.8019,20.7945],[106.778,20.7938],[106.7767,20.7932],[106.7702,20.8022],[106.7715,20.8043],[106.7791,20.8051],[106.7604,20.8206],[106.7577,20.8251],[106.7542,20.8244],[106.7478,20.8215],[106.7371,20.8236],[106.7349,20.8277],[106.7338,20.8366],[106.7346,20.8393],[106.7313,20.8432],[106.7224,20.8457],[106.7209,20.8482],[106.7094,20.8442],[106.708,20.8459],[106.7112,20.8474],[106.7086,20.8499],[106.7088,20.8545],[106.7105,20.8552]]]},"properties":{"name":"Đông Hải","level":"ward"}},{"type":"Feature","geometry":{"type":"Polygon","coordinates":[[[106.6995,20.828],[106.6989,20.8306],[106.7021,20.8332],[106.7023,20.8354],[106.7063,20.8411],[106.7061,20.8431],[106.7094,20.8442],[106.7209,20.8482],[106.7224,20.8457],[106.7313,20.8432],[106.7346,20.8393],[106.7338,20.8366],[106.7349,20.8277],[106.7371,20.8236],[106.7478,20.8215],[106.7542,20.8244],[106.7577,20.8251],[106.7604,20.8206],[106.7791,20.8051],[106.7715,20.8043],[106.7702,20.8022],[106.7767,20.7932],[106.7777,20.7873],[106.7754,20.7878],[106.7748,20.7841],[106.7704,20.7848],[106.7626,20.7782],[106.759,20.7773],[106.7583,20.7758],[106.748,20.7743],[106.7425,20.7744],[106.7359,20.7777],[106.7335,20.7829],[106.7335,20.7922],[106.7301,20.7972],[106.7257,20.7988],[106.7204,20.7992],[106.7147,20.8018],[106.7109,20.8051],[106.7045,20.8092],[106.7032,20.811],[106.7028,20.8152],[106.7039,20.8211],[106.7037,20.8233],[106.7016,20.827],[106.6995,20.828]]]},"properties":{"name":"Hải An","level":"ward"}},{"type":"Feature","geometry":{"type":"Polygon","coordinates":[[[106.6577,20.8434],[106.6598,20.8422],[106.6665,20.8357],[106.6699,20.8292],[106.6698,20.8203],[106.6727,20.818],[106.6769,20.8167],[106.6774,20.8138],[106.6728,20.8131],[106.6655,20.8155],[106.6617,20.8121],[106.6588,20.8138],[106.6525,20.8138],[106.6514,20.8173],[106.6476,20.8163],[106.6394,20.8077],[106.6388,20.8054],[106.6355,20.8035],[106.6287,20.803],[106.624,20.804],[106.6236,20.8171],[106.6284,20.8201],[106.6321,20.8243],[106.6399,20.8288],[106.6438,20.8297],[106.6463,20.8293],[106.6512,20.8262],[106.6543,20.8263],[106.6557,20.8277],[106.6556,20.8319],[106.6504,20.8364],[106.6497,20.8389],[106.6519,20.843],[106.6542,20.8439],[106.6577,20.8434]]]},"properties":{"name":"Kiến An","level":"ward"}},{"type":"Feature","geometry":{"type":"Polygon","coordinates":[[[106.6236,20.8171],[106.624,20.804],[106.6287,20.803],[106.6355,20.8035],[106.6388,20.8054],[106.6394,20.8077],[106.6476,20.8163],[106.6514,20.8173],[106.6525,20.8138],[106.6588,20.8138],[106.6581,20.8106],[106.6579,20.8029],[106.6506,20.8039],[106.6481,20.7971],[106.6483,20.7959],[106.655,20.7912],[106.6584,20.7872],[106.6548,20.7835],[106.658,20.781],[106.6568,20.7792],[106.6601,20.7744],[106.6592,20.7726],[106.6557,20.7746],[106.6535,20.7747],[106.6506,20.7702],[106.6478,20.7687],[106.6433,20.7701],[106.6424,20.7719],[106.643,20.7762],[106.6378,20.7771],[106.6362,20.782],[106.6325,20.7832],[106.6313,20.7812],[106.6309,20.7763],[106.629,20.7758],[106.6294,20.7803],[106.6273,20.7827],[106.6235,20.7825],[106.6241,20.7764],[106.6207,20.774],[106.6153,20.7736],[106.614,20.7753],[106.6145,20.7805],[106.6172,20.7858],[106.6125,20.7865],[106.6116,20.7894],[106.6079,20.7912],[106.6097,20.7938],[106.6083,20.7967],[106.6029,20.7994],[106.5948,20.7957],[106.6026,20.8029],[106.6155,20.8141],[106.6175,20.817],[106.6192,20.8164],[106.6236,20.8171]]]},"properties":{"name":"Phù Liễn","level":"ward"}},{"type":"Feature","geometry":{"type":"Polygon","coordinates":[[[106.7673,20.7032],[106.7677,20.6988],[106.7697,20.6979],[106.7713,20.7037],[106.7729,20.7052],[106.7759,20.7054],[106.7745,20.7087],[106.7714,20.7096],[106.7684,20.7154],[106.7659,20.7167],[106.7627,20.7203],[106.7598,20.7252],[106.7564,20.7282],[106.7607,20.7312],[106.7581,20.7381],[106.7573,20.7431],[106.7617,20.7455],[106.7658,20.7431],[106.7713,20.7451],[106.7774,20.7463],[106.7812,20.746],[106.7852,20.7395],[106.7858,20.7347],[106.7878,20.7311],[106.7923,20.7266],[106.7961,20.7246],[106.801,20.7232],[106.8016,20.72],[106.7989,20.7172],[106.7985,20.7142],[106.792,20.7047],[106.7911,20.7014],[106.7929,20.7002],[106.7933,20.6971],[106.7981,20.6954],[106.7981,20.6929],[106.7957,20.6901],[106.7955,20.6869],[106.7967,20.684],[106.7987,20.6833],[106.8037,20.6844],[106.8052,20.681],[106.8067,20.6804],[106.8101,20.6763],[106.8101,20.6747],[106.8058,20.6715],[106.8028,20.6718],[106.8003,20.6736],[106.8041,20.6784],[106.801,20.6808],[106.7994,20.6784],[106.796,20.6787],[106.7965,20.6815],[106.7941,20.6832],[106.7919,20.6878],[106.7868,20.6887],[106.7857,20.6957],[106.7831,20.6995],[106.7814,20.6974],[106.7821,20.6923],[106.7836,20.6885],[106.7778,20.6835],[106.7744,20.682],[106.7675,20.6807],[106.7644,20.6818],[106.7612,20.6852],[106.7577,20.687],[106.7558,20.6919],[106.7572,20.6973],[106.7613,20.6982],[106.7655,20.6971],[106.766,20.7012],[106.7673,20.7032]]]},"properties":{"name":"Đồ Sơn","level":"ward"}},{"type":"Feature","geometry":{"type":"Polygon","coordinates":[[[106.7705,20.942],[106.7551,20.947],[106.7484,20.9486],[106.7442,20.9485],[106.7437,20.9409],[106.7409,20.9409],[106.7405,20.9389],[106.7318,20.932],[106.7286,20.9329],[106.7265,20.9296],[106.7245,20.924],[106.7221,20.923],[106.7181,20.9291],[106.7151,20.9366],[106.7143,20.9411],[106.7127,20.9412],[106.7124,20.9445],[106.7086,20.9454],[106.7092,20.9508],[106.7034,20.9509],[106.6964,20.9518],[106.6911,20.9534],[106.6887,20.955],[106.6885,20.9606],[106.6841,20.9647],[106.6803,20.9709],[106.6806,20.9747],[106.6786,20.9782],[106.6841,20.9893],[106.6817,20.9919],[106.6757,20.9926],[106.684,21.001],[106.6861,21.0054],[106.6934,21.0036],[106.7067,20.9997],[106.7216,20.9971],[106.7256,20.9968],[106.7293,20.9982],[106.7404,20.998],[106.744,20.9972],[106.7514,20.9939],[106.7589,20.9891],[106.7632,20.9844],[106.7675,20.9769],[106.7685,20.9712],[106.7699,20.9596],[106.7703,20.953],[106.7705,20.942]]]},"properties":{"name":"Bạch Đằng","level":"ward"}},{"type":"Feature","geometry":{"type":"Polygon","coordinates":[[[106.6861,21.0054],[106.684,21.001],[106.6757,20.9926],[106.6817,20.9919],[106.6841,20.9893],[106.6786,20.9782],[106.6806,20.9747],[106.6803,20.9709],[106.6841,20.9647],[106.6885,20.9606],[106.6887,20.955],[106.6852,20.9567],[106.6806,20.9578],[106.6702,20.9577],[106.6705,20.9551],[106.6725,20.9512],[106.6753,20.9496],[106.6738,20.9474],[106.6739,20.9423],[106.671,20.9382],[106.6646,20.9361],[106.6652,20.9318],[106.6635,20.9313],[106.6624,20.9306],[106.6613,20.9301],[106.6599,20.9281],[106.6555,20.9288],[106.6522,20.932],[106.6495,20.939],[106.648,20.9399],[106.6419,20.9406],[106.6401,20.9416],[106.6392,20.9478],[106.641,20.9522],[106.6341,20.9576],[106.6361,20.9593],[106.6386,20.9633],[106.6341,20.966],[106.6338,20.9705],[106.6361,20.9728],[106.633,20.9758],[106.6312,20.9817],[106.6293,20.9858],[106.6259,20.9947],[106.622,21.0005],[106.6224,21.0063],[106.6236,21.0124],[106.6288,21.0114],[106.6379,21.0122],[106.6419,21.0146],[106.6443,21.0178],[106.6475,21.0193],[106.653,21.0192],[106.6766,21.0101],[106.6861,21.0054]]]},"properties":{"name":"Lưu Kiếm","level":"ward"}},{"type":"Feature","geometry":{"type":"Polygon","coordinates":[[[106.5636,20.9846],[106.5631,20.9861],[106.5567,20.991],[106.5548,20.9953],[106.5546,20.9984],[106.5561,21.0028],[106.558,21.0074],[106.5635,21.0114],[106.5645,21.0184],[106.5677,21.0173],[106.57,21.012],[106.5734,21.0107],[106.5754,21.0116],[106.5778,21.0155],[106.5812,21.0166],[106.5893,21.0147],[106.5954,21.0179],[106.6027,21.0166],[106.6114,21.0205],[106.6165,21.0185],[106.6236,21.0124],[106.6224,21.0063],[106.622,21.0005],[106.6259,20.9947],[106.6293,20.9858],[106.6275,20.9852],[106.625,20.982],[106.6206,20.9813],[106.6212,20.9791],[106.6194,20.9764],[106.6103,20.9803],[106.6092,20.9789],[106.6023,20.9775],[106.6007,20.976],[106.5991,20.9704],[106.5947,20.9657],[106.592,20.9641],[106.5896,20.9654],[106.5883,20.9624],[106.5904,20.9605],[106.5877,20.9582],[106.5855,20.9604],[106.5847,20.9644],[106.5856,20.9726],[106.5828,20.9749],[106.576,20.9762],[106.57,20.978],[106.5657,20.9804],[106.5636,20.9846]]]},"properties":{"name":"Việt Khê","level":"ward"}},{"type":"Feature","geometry":{"type":"Polygon","coordinates":[[[106.5913,20.9466],[106.5928,20.9519],[106.591,20.9553],[106.5877,20.9582],[106.5904,20.9605],[106.5883,20.9624],[106.5896,20.9654],[106.592,20.9641],[106.5947,20.9657],[106.5991,20.9704],[106.6007,20.976],[106.6023,20.9775],[106.6092,20.9789],[106.6103,20.9803],[106.6194,20.9764],[106.6212,20.9791],[106.6206,20.9813],[106.625,20.982],[106.6275,20.9852],[106.6293,20.9858],[106.6312,20.9817],[106.633,20.9758],[106.6361,20.9728],[106.6338,20.9705],[106.6341,20.966],[106.6386,20.9633],[106.6361,20.9593],[106.6341,20.9576],[106.641,20.9522],[106.6392,20.9478],[106.6401,20.9416],[106.6419,20.9406],[106.6405,20.9368],[106.6398,20.9313],[106.6356,20.9351],[106.6313,20.9284],[106.6275,20.9263],[106.6251,20.9235],[106.6236,20.9246],[106.6199,20.9194],[106.6148,20.9217],[106.6029,20.9233],[106.6016,20.9265],[106.6024,20.9324],[106.6018,20.9377],[106.5997,20.9413],[106.5935,20.9457],[106.5913,20.9466]]]},"properties":{"name":"Lê Ích Mộc","level":"ward"}},{"type":"Feature","geometry":{"type":"Polygon","coordinates":[[[106.6887,20.955],[106.6911,20.9534],[106.6964,20.9518],[106.7034,20.9509],[106.7092,20.9508],[106.7086,20.9454],[106.7124,20.9445],[106.7127,20.9412],[106.7143,20.9411],[106.7151,20.9366],[106.7181,20.9291],[106.7221,20.923],[106.7235,20.9212],[106.7217,20.918],[106.7238,20.9129],[106.7201,20.9105],[106.7214,20.9047],[106.7201,20.9043],[106.6956,20.9044],[106.6946,20.9085],[106.6963,20.9161],[106.6944,20.9241],[106.6928,20.9252],[106.6933,20.9292],[106.6884,20.9276],[106.6879,20.9296],[106.6822,20.9277],[106.6795,20.9322],[106.6739,20.9335],[106.6722,20.9313],[106.6652,20.9318],[106.6646,20.9361],[106.671,20.9382],[106.6739,20.9423],[106.6738,20.9474],[106.6753,20.9496],[106.6725,20.9512],[106.6705,20.9551],[106.6702,20.9577],[106.6806,20.9578],[106.6852,20.9567],[106.6887,20.955]]]},"properties":{"name":"Hoà Bình","level":"ward"}},{"type":"Feature","geometry":{"type":"Polygon","coordinates":[[[106.7221,20.923],[106.7245,20.924],[106.7265,20.9296],[106.7286,20.9329],[106.7318,20.932],[106.7405,20.9389],[106.7409,20.9409],[106.7437,20.9409],[106.7442,20.9485],[106.7484,20.9486],[106.7551,20.947],[106.7705,20.942],[106.771,20.9336],[106.7709,20.9167],[106.7694,20.9092],[106.7664,20.9037],[106.7612,20.8966],[106.7575,20.8923],[106.7543,20.8876],[106.7532,20.8845],[106.7531,20.8784],[106.7472,20.8788],[106.7424,20.8754],[106.739,20.8746],[106.7369,20.8758],[106.7362,20.8811],[106.735,20.8845],[106.7302,20.886],[106.7279,20.8844],[106.7261,20.8874],[106.7271,20.89],[106.724,20.8928],[106.7247,20.8943],[106.7209,20.8972],[106.7239,20.901],[106.7201,20.9043],[106.7214,20.9047],[106.7201,20.9105],[106.7238,20.9129],[106.7217,20.918],[106.7235,20.9212],[106.7221,20.923]]]},"properties":{"name":"Nam Triệu","level":"ward"}},{"type":"Feature","geometry":{"type":"Polygon","coordinates":[[[106.6501,20.8809],[106.6377,20.8806],[106.6269,20.8809],[106.6233,20.8817],[106.6203,20.8852],[106.6205,20.8917],[106.6228,20.9017],[106.6236,20.9119],[106.623,20.9151],[106.6199,20.9194],[106.6236,20.9246],[106.6251,20.9235],[106.6275,20.9263],[106.6313,20.9284],[106.6356,20.9351],[106.6398,20.9313],[106.6405,20.9368],[106.6419,20.9406],[106.648,20.9399],[106.6495,20.939],[106.6522,20.932],[106.6555,20.9288],[106.6497,20.9242],[106.6507,20.9219],[106.6562,20.9227],[106.6582,20.9207],[106.6624,20.9183],[106.6624,20.9163],[106.6605,20.9139],[106.6683,20.9093],[106.6713,20.9055],[106.6568,20.905],[106.656,20.8941],[106.6547,20.8883],[106.6517,20.8883],[106.6501,20.8809]]]},"properties":{"name":"Thiên Hương","level":"ward"}},{"type":"Feature","geometry":{"type":"Polygon","coordinates":[[[106.6855,20.8682],[106.6796,20.8674],[106.674,20.8696],[106.6706,20.8731],[106.665,20.8768],[106.6589,20.8797],[106.6541,20.8808],[106.6501,20.8809],[106.6517,20.8883],[106.6547,20.8883],[106.656,20.8941],[106.6568,20.905],[106.6713,20.9055],[106.6683,20.9093],[106.6605,20.9139],[106.6624,20.9163],[106.6624,20.9183],[106.6582,20.9207],[106.6562,20.9227],[106.6507,20.9219],[106.6497,20.9242],[106.6555,20.9288],[106.6599,20.9281],[106.6613,20.9301],[106.6624,20.9306],[106.6635,20.9313],[106.6652,20.9318],[106.6722,20.9313],[106.6739,20.9335],[106.6795,20.9322],[106.6822,20.9277],[106.6879,20.9296],[106.6884,20.9276],[106.6933,20.9292],[106.6928,20.9252],[106.6944,20.9241],[106.6963,20.9161],[106.6946,20.9085],[106.6956,20.9044],[106.7201,20.9043],[106.7239,20.901],[106.7209,20.8972],[106.7247,20.8943],[106.724,20.8928],[106.7271,20.89],[106.7261,20.8874],[106.7279,20.8844],[106.7302,20.886],[106.735,20.8845],[106.7362,20.8811],[106.7369,20.8758],[106.739,20.8746],[106.7424,20.8754],[106.7472,20.8788],[106.7531,20.8784],[106.7566,20.8655],[106.7611,20.8556],[106.766,20.8486],[106.7593,20.8486],[106.7519,20.8511],[106.735,20.8582],[106.7315,20.86],[106.7223,20.8672],[106.7127,20.8755],[106.707,20.8774],[106.7038,20.8772],[106.6904,20.8701],[106.6855,20.8682]]]},"properties":{"name":"Thuỷ Nguyên","level":"ward"}},{"type":"Feature","geometry":{"type":"Polygon","coordinates":[[[106.6225,20.88],[106.6233,20.8723],[106.6193,20.8672],[106.6203,20.8597],[106.6153,20.8596],[106.6159,20.8555],[106.6206,20.8438],[106.6167,20.8407],[106.6138,20.8368],[106.6133,20.8329],[106.6097,20.8274],[106.607,20.8206],[106.5954,20.8224],[106.5882,20.8248],[106.5852,20.829],[106.5849,20.8369],[106.5822,20.8443],[106.5827,20.8489],[106.5819,20.8503],[106.578,20.8507],[106.5656,20.8478],[106.5643,20.848],[106.5666,20.8514],[106.5755,20.861],[106.5771,20.8656],[106.5799,20.8684],[106.5795,20.872],[106.5818,20.8753],[106.5786,20.8776],[106.577,20.8811],[106.5751,20.8882],[106.5734,20.8897],[106.57,20.8988],[106.5673,20.9022],[106.5712,20.9036],[106.5716,20.9069],[106.575,20.9016],[106.5775,20.9021],[106.5795,20.8998],[106.5852,20.8966],[106.5856,20.8985],[106.5916,20.8964],[106.5918,20.8997],[106.597,20.8999],[106.5976,20.8964],[106.5971,20.8931],[106.604,20.8866],[106.6068,20.8876],[106.6087,20.8837],[106.6135,20.8832],[106.6225,20.88]]]},"properties":{"name":"An Dương","level":"ward"}},{"type":"Feature","geometry":{"type":"Polygon","coordinates":[[[106.5461,20.9483],[106.5485,20.9466],[106.5539,20.9485],[106.5555,20.9474],[106.5562,20.9408],[106.5554,20.9348],[106.5575,20.9317],[106.5555,20.9291],[106.5632,20.9168],[106.5677,20.913],[106.5747,20.9116],[106.5716,20.9069],[106.5712,20.9036],[106.5673,20.9022],[106.57,20.8988],[106.5734,20.8897],[106.5751,20.8882],[106.577,20.8811],[106.5786,20.8776],[106.5818,20.8753],[106.5795,20.872],[106.5799,20.8684],[106.5771,20.8656],[106.5755,20.861],[106.5666,20.8514],[106.5643,20.848],[106.5628,20.8503],[106.5624,20.8538],[106.5603,20.8562],[106.5576,20.8574],[106.5548,20.8565],[106.5503,20.8537],[106.5471,20.8556],[106.5487,20.8609],[106.5482,20.8672],[106.5468,20.8686],[106.5499,20.8707],[106.5504,20.8729],[106.5527,20.8737],[106.5531,20.8767],[106.5483,20.879],[106.5444,20.8797],[106.5482,20.8837],[106.5474,20.8853],[106.541,20.8853],[106.5394,20.8874],[106.5406,20.8909],[106.543,20.8914],[106.5431,20.8937],[106.5401,20.8943],[106.5414,20.8975],[106.5391,20.8977],[106.5383,20.901],[106.5337,20.9027],[106.5341,20.9046],[106.5312,20.9068],[106.5272,20.9075],[106.5284,20.9093],[106.5278,20.9155],[106.5301,20.9152],[106.5326,20.9118],[106.5343,20.9134],[106.536,20.9176],[106.5407,20.9185],[106.541,20.921],[106.5449,20.9214],[106.5424,20.9244],[106.5443,20.9275],[106.5421,20.9297],[106.5421,20.9323],[106.5435,20.9354],[106.543,20.9373],[106.5439,20.9437],[106.5461,20.9483]]]},"properties":{"name":"An Phong","level":"ward"}},{"type":"Feature","geometry":{"type":"Polygon","coordinates":[[[106.5575,20.9317],[106.5611,20.9324],[106.567,20.9365],[106.5687,20.9418],[106.5675,20.9495],[106.5693,20.9518],[106.5715,20.9517],[106.5757,20.9494],[106.5788,20.9451],[106.5776,20.9417],[106.571,20.9372],[106.5709,20.9332],[106.5731,20.9313],[106.5765,20.9304],[106.5803,20.9317],[106.5841,20.9365],[106.5876,20.9432],[106.5913,20.9466],[106.5935,20.9457],[106.5997,20.9413],[106.6018,20.9377],[106.6024,20.9324],[106.6016,20.9265],[106.6029,20.9233],[106.6148,20.9217],[106.6199,20.9194],[106.623,20.9151],[106.6236,20.9119],[106.6228,20.9017],[106.6205,20.8917],[106.6203,20.8852],[106.6233,20.8817],[106.6225,20.88],[106.6135,20.8832],[106.6087,20.8837],[106.6068,20.8876],[106.604,20.8866],[106.5971,20.8931],[106.5976,20.8964],[106.597,20.8999],[106.5918,20.8997],[106.5916,20.8964],[106.5856,20.8985],[106.5852,20.8966],[106.5795,20.8998],[106.5775,20.9021],[106.575,20.9016],[106.5716,20.9069],[106.5747,20.9116],[106.5677,20.913],[106.5632,20.9168],[106.5555,20.9291],[106.5575,20.9317]]]},"properties":{"name":"Hồng An","level":"ward"}},{"type":"Feature","geometry":{"type":"Polygon","coordinates":[[[106.6233,20.8723],[106.6277,20.8708],[106.6314,20.8654],[106.6332,20.864],[106.6366,20.8637],[106.6401,20.8647],[106.6438,20.8643],[106.6491,20.8597],[106.6565,20.8621],[106.6608,20.8605],[106.6597,20.8562],[106.6611,20.8541],[106.6639,20.853],[106.6577,20.8434],[106.6542,20.8439],[106.6519,20.843],[106.6497,20.8389],[106.6504,20.8364],[106.6556,20.8319],[106.6557,20.8277],[106.6543,20.8263],[106.6512,20.8262],[106.6463,20.8293],[106.6438,20.8297],[106.6399,20.8288],[106.6321,20.8243],[106.6284,20.8201],[106.6236,20.8171],[106.6192,20.8164],[106.6175,20.817],[106.6112,20.8195],[106.607,20.8206],[106.6097,20.8274],[106.6133,20.8329],[106.6138,20.8368],[106.6167,20.8407],[106.6206,20.8438],[106.6159,20.8555],[106.6153,20.8596],[106.6203,20.8597],[106.6193,20.8672],[106.6233,20.8723]]]},"properties":{"name":"An Hải","level":"ward"}},{"type":"Feature","geometry":{"type":"Polygon","coordinates":[[[106.6175,20.817],[106.6155,20.8141],[106.6026,20.8029],[106.5948,20.7957],[106.5915,20.7931],[106.5877,20.7972],[106.5857,20.7936],[106.5867,20.7924],[106.5838,20.7893],[106.579,20.7889],[106.5766,20.7875],[106.577,20.7828],[106.5728,20.7809],[106.57,20.7819],[106.5686,20.7859],[106.5681,20.7919],[106.5651,20.8004],[106.5635,20.8016],[106.5594,20.8019],[106.5558,20.8012],[106.5535,20.8026],[106.552,20.8063],[106.5544,20.813],[106.555,20.8172],[106.5493,20.8154],[106.543,20.8271],[106.5476,20.8294],[106.5475,20.831],[106.5435,20.8336],[106.5483,20.8378],[106.5533,20.8372],[106.5562,20.839],[106.5627,20.8382],[106.5628,20.8397],[106.5678,20.8403],[106.5702,20.8392],[106.5775,20.8384],[106.5766,20.8422],[106.5801,20.8448],[106.5787,20.8459],[106.5819,20.8503],[106.5827,20.8489],[106.5822,20.8443],[106.5849,20.8369],[106.5852,20.829],[106.5882,20.8248],[106.5954,20.8224],[106.607,20.8206],[106.6112,20.8195],[106.6175,20.817]]]},"properties":{"name":"An Lão","level":"ward"}},{"type":"Feature","geometry":{"type":"Polygon","coordinates":[[[106.4816,20.8681],[106.483,20.8693],[106.4857,20.8654],[106.491,20.8674],[106.4944,20.8667],[106.4987,20.8585],[106.4987,20.8539],[106.5007,20.8529],[106.5027,20.8546],[106.5042,20.8613],[106.5061,20.8632],[106.5117,20.8636],[106.517,20.862],[106.5225,20.8632],[106.5251,20.8616],[106.5232,20.8539],[106.5248,20.8516],[106.5276,20.8514],[106.5313,20.8537],[106.5332,20.8564],[106.5345,20.8607],[106.535,20.8658],[106.5374,20.8676],[106.5442,20.8691],[106.5468,20.8686],[106.5482,20.8672],[106.5487,20.8609],[106.5471,20.8556],[106.5503,20.8537],[106.5548,20.8565],[106.5576,20.8574],[106.5603,20.8562],[106.5624,20.8538],[106.5628,20.8503],[106.5643,20.848],[106.5656,20.8478],[106.578,20.8507],[106.5819,20.8503],[106.5787,20.8459],[106.5801,20.8448],[106.5766,20.8422],[106.5775,20.8384],[106.5702,20.8392],[106.5678,20.8403],[106.5628,20.8397],[106.5627,20.8382],[106.5562,20.839],[106.5533,20.8372],[106.5483,20.8378],[106.5435,20.8336],[106.5475,20.831],[106.5476,20.8294],[106.543,20.8271],[106.5384,20.8265],[106.5318,20.827],[106.5252,20.8319],[106.5217,20.8333],[106.5149,20.8329],[106.5072,20.835],[106.5053,20.8362],[106.5023,20.8402],[106.5002,20.8411],[106.4969,20.8403],[106.4957,20.8427],[106.4925,20.845],[106.4858,20.8484],[106.477,20.8586],[106.4818,20.8622],[106.4834,20.8645],[106.4816,20.8681]]]},"properties":{"name":"An Trường","level":"ward"}},{"type":"Feature","geometry":{"type":"Polygon","coordinates":[[[106.5084,20.8005],[106.513,20.8078],[106.5153,20.8126],[106.516,20.8166],[106.5148,20.8208],[106.5119,20.8223],[106.4934,20.8198],[106.4886,20.8221],[106.4887,20.8242],[106.4954,20.8326],[106.4971,20.8386],[106.4969,20.8403],[106.5002,20.8411],[106.5023,20.8402],[106.5053,20.8362],[106.5072,20.835],[106.5149,20.8329],[106.5217,20.8333],[106.5252,20.8319],[106.5318,20.827],[106.5384,20.8265],[106.543,20.8271],[106.5493,20.8154],[106.555,20.8172],[106.5544,20.813],[106.552,20.8063],[106.5535,20.8026],[106.5558,20.8012],[106.5594,20.8019],[106.5529,20.7942],[106.5543,20.7929],[106.5506,20.79],[106.5449,20.781],[106.5433,20.779],[106.5409,20.7824],[106.5381,20.7929],[106.5349,20.7975],[106.5301,20.7982],[106.5273,20.7958],[106.5232,20.7899],[106.5208,20.7881],[106.5171,20.7876],[106.5146,20.7887],[106.5118,20.7913],[106.5091,20.7957],[106.5084,20.8005]]]},"properties":{"name":"An Quang","level":"ward"}},{"type":"Feature","geometry":{"type":"Polygon","coordinates":[[[106.5948,20.7957],[106.6029,20.7994],[106.6083,20.7967],[106.6097,20.7938],[106.6079,20.7912],[106.6116,20.7894],[106.6125,20.7865],[106.6172,20.7858],[106.6145,20.7805],[106.614,20.7753],[106.6153,20.7736],[106.6139,20.7688],[106.609,20.7653],[106.6082,20.7593],[106.6059,20.7566],[106.5974,20.7534],[106.5956,20.7555],[106.591,20.7564],[106.5835,20.7605],[106.5808,20.7634],[106.5791,20.7595],[106.577,20.763],[106.57,20.7675],[106.5679,20.762],[106.5639,20.7608],[106.5602,20.7636],[106.5567,20.7673],[106.5514,20.7694],[106.5514,20.7722],[106.5433,20.779],[106.5449,20.781],[106.5506,20.79],[106.5543,20.7929],[106.5529,20.7942],[106.5594,20.8019],[106.5635,20.8016],[106.5651,20.8004],[106.5681,20.7919],[106.5686,20.7859],[106.57,20.7819],[106.5728,20.7809],[106.577,20.7828],[106.5766,20.7875],[106.579,20.7889],[106.5838,20.7893],[106.5867,20.7924],[106.5857,20.7936],[106.5877,20.7972],[106.5915,20.7931],[106.5948,20.7957]]]},"properties":{"name":"An Khánh","level":"ward"}},{"type":"Feature","geometry":{"type":"Polygon","coordinates":[[[106.6153,20.7736],[106.6207,20.774],[106.6204,20.7702],[106.6233,20.7691],[106.6249,20.765],[106.6339,20.7625],[106.6346,20.7578],[106.632,20.7563],[106.6342,20.7541],[106.6367,20.754],[106.6378,20.7515],[106.6341,20.7504],[106.6267,20.7494],[106.621,20.7474],[106.6201,20.7497],[106.6172,20.7486],[106.6178,20.7446],[106.6163,20.7437],[106.6146,20.7371],[106.6087,20.7336],[106.6055,20.7335],[106.6029,20.7319],[106.6051,20.7297],[106.6014,20.7255],[106.5957,20.7298],[106.5812,20.7393],[106.564,20.7504],[106.5504,20.7565],[106.5475,20.7587],[106.5474,20.7619],[106.5514,20.7694],[106.5567,20.7673],[106.5602,20.7636],[106.5639,20.7608],[106.5679,20.762],[106.57,20.7675],[106.577,20.763],[106.5791,20.7595],[106.5808,20.7634],[106.5835,20.7605],[106.591,20.7564],[106.5956,20.7555],[106.5974,20.7534],[106.6059,20.7566],[106.6082,20.7593],[106.609,20.7653],[106.6139,20.7688],[106.6153,20.7736]]]},"properties":{"name":"An Hưng","level":"ward"}},{"type":"Feature","geometry":{"type":"Polygon","coordinates":[[[106.6207,20.774],[106.6241,20.7764],[106.6235,20.7825],[106.6273,20.7827],[106.6294,20.7803],[106.629,20.7758],[106.6309,20.7763],[106.6313,20.7812],[106.6325,20.7832],[106.6362,20.782],[106.6378,20.7771],[106.643,20.7762],[106.6424,20.7719],[106.6433,20.7701],[106.6478,20.7687],[106.6506,20.7702],[106.6535,20.7747],[106.6557,20.7746],[106.6592,20.7726],[106.6601,20.7744],[106.6568,20.7792],[106.658,20.781],[106.6636,20.7831],[106.6666,20.7823],[106.6681,20.7802],[106.6691,20.7732],[106.6701,20.7714],[106.675,20.7674],[106.677,20.7629],[106.6736,20.7554],[106.6766,20.7487],[106.6817,20.7489],[106.6863,20.7457],[106.6848,20.7443],[106.6856,20.7409],[106.6828,20.739],[106.673,20.7375],[106.6704,20.7393],[106.6686,20.739],[106.6664,20.7359],[106.663,20.737],[106.6565,20.734],[106.6559,20.7332],[106.6524,20.7345],[106.647,20.7383],[106.6465,20.7409],[106.6485,20.7419],[106.6477,20.7457],[106.6445,20.7478],[106.6471,20.7526],[106.6455,20.7532],[106.6378,20.7515],[106.6367,20.754],[106.6342,20.7541],[106.632,20.7563],[106.6346,20.7578],[106.6339,20.7625],[106.6249,20.765],[106.6233,20.7691],[106.6204,20.7702],[106.6207,20.774]]]},"properties":{"name":"Kiến Thuỵ","level":"ward"}},{"type":"Feature","geometry":{"type":"Polygon","coordinates":[[[106.6963,20.8274],[106.6995,20.828],[106.7016,20.827],[106.7037,20.8233],[106.7039,20.8211],[106.7028,20.8152],[106.7032,20.811],[106.7045,20.8092],[106.7109,20.8051],[106.7147,20.8018],[106.7204,20.7992],[106.7194,20.7959],[106.7148,20.7927],[106.7038,20.7907],[106.6896,20.7886],[106.6871,20.7898],[106.6777,20.7892],[106.6666,20.7823],[106.6636,20.7831],[106.658,20.781],[106.6548,20.7835],[106.6584,20.7872],[106.655,20.7912],[106.6483,20.7959],[106.6481,20.7971],[106.6506,20.8039],[106.6579,20.8029],[106.6581,20.8106],[106.6588,20.8138],[106.6617,20.8121],[106.6655,20.8155],[106.6728,20.8131],[106.6774,20.8138],[106.6769,20.8167],[106.6821,20.8156],[106.6893,20.8151],[106.6926,20.8163],[106.6946,20.8197],[106.6963,20.8274]]]},"properties":{"name":"Hưng Đạo","level":"ward"}},{"type":"Feature","geometry":{"type":"Polygon","coordinates":[[[106.7204,20.7992],[106.7257,20.7988],[106.7301,20.7972],[106.7335,20.7922],[106.7335,20.7829],[106.7359,20.7777],[106.7425,20.7744],[106.748,20.7743],[106.7583,20.7758],[106.7651,20.7748],[106.7683,20.7731],[106.7745,20.7665],[106.7769,20.7627],[106.7781,20.7592],[106.7797,20.7513],[106.7796,20.749],[106.7812,20.746],[106.7774,20.7463],[106.7713,20.7451],[106.7658,20.7431],[106.7617,20.7455],[106.7573,20.7431],[106.7539,20.7476],[106.7454,20.7576],[106.7247,20.752],[106.7127,20.7519],[106.7077,20.7505],[106.7042,20.7529],[106.7049,20.7557],[106.6995,20.7585],[106.6983,20.7608],[106.6983,20.7645],[106.7014,20.7653],[106.7031,20.7691],[106.7065,20.7804],[106.7077,20.7861],[106.7087,20.7876],[106.7038,20.7907],[106.7148,20.7927],[106.7194,20.7959],[106.7204,20.7992]]]},"properties":{"name":"Dương Kinh","level":"ward"}},{"type":"Feature","geometry":{"type":"Polygon","coordinates":[[[106.6014,20.7255],[106.6051,20.7297],[106.6029,20.7319],[106.6055,20.7335],[106.6087,20.7336],[106.6146,20.7371],[106.6163,20.7437],[106.6178,20.7446],[106.6172,20.7486],[106.6201,20.7497],[106.621,20.7474],[106.6267,20.7494],[106.6341,20.7504],[106.6378,20.7515],[106.6455,20.7532],[106.6471,20.7526],[106.6445,20.7478],[106.6477,20.7457],[106.6485,20.7419],[106.6465,20.7409],[106.647,20.7383],[106.6524,20.7345],[106.6559,20.7332],[106.6571,20.7285],[106.6541,20.7233],[106.6557,20.7225],[106.6514,20.7185],[106.6468,20.7187],[106.6412,20.7121],[106.6397,20.7085],[106.6363,20.7073],[106.6303,20.7029],[106.6252,20.7001],[106.6225,20.6996],[106.619,20.7005],[106.6167,20.7024],[106.614,20.7069],[106.6109,20.7139],[106.6075,20.7194],[106.6014,20.7255]]]},"properties":{"name":"Nghi Dương","level":"ward"}},{"type":"Feature","geometry":{"type":"Polygon","coordinates":[[[106.6856,20.7409],[106.6848,20.7443],[106.6863,20.7457],[106.6817,20.7489],[106.6766,20.7487],[106.6736,20.7554],[106.677,20.7629],[106.675,20.7674],[106.6701,20.7714],[106.6691,20.7732],[106.6681,20.7802],[106.6666,20.7823],[106.6777,20.7892],[106.6871,20.7898],[106.6896,20.7886],[106.7038,20.7907],[106.7087,20.7876],[106.7077,20.7861],[106.7065,20.7804],[106.7031,20.7691],[106.7014,20.7653],[106.6983,20.7645],[106.6983,20.7608],[106.6995,20.7585],[106.7049,20.7557],[106.7042,20.7529],[106.7023,20.7501],[106.7029,20.7428],[106.6974,20.7397],[106.6938,20.7421],[106.6886,20.7408],[106.6856,20.7409]]]},"properties":{"name":"Kiến Minh","level":"ward"}},{"type":"Feature","geometry":{"type":"Polygon","coordinates":[[[106.6559,20.7332],[106.6565,20.734],[106.663,20.737],[106.6664,20.7359],[106.6686,20.739],[106.6704,20.7393],[106.673,20.7375],[106.6828,20.739],[106.6856,20.7409],[106.6886,20.7408],[106.6938,20.7421],[106.6974,20.7397],[106.699,20.7339],[106.6992,20.7301],[106.6985,20.7232],[106.6958,20.7199],[106.689,20.7187],[106.6861,20.7168],[106.6835,20.7117],[106.6851,20.7087],[106.6855,20.7055],[106.6824,20.6987],[106.6824,20.6975],[106.68,20.6975],[106.6638,20.6901],[106.6572,20.6885],[106.6547,20.6887],[106.6519,20.6908],[106.6508,20.6941],[106.6502,20.7019],[106.6476,20.7064],[106.6439,20.7084],[106.6397,20.7085],[106.6412,20.7121],[106.6468,20.7187],[106.6514,20.7185],[106.6557,20.7225],[106.6541,20.7233],[106.6571,20.7285],[106.6559,20.7332]]]},"properties":{"name":"Kiến Hưng","level":"ward"}},{"type":"Feature","geometry":{"type":"Polygon","coordinates":[[[106.7573,20.7431],[106.7581,20.7381],[106.7607,20.7312],[106.7564,20.7282],[106.7598,20.7252],[106.7627,20.7203],[106.7659,20.7167],[106.7684,20.7154],[106.7714,20.7096],[106.7745,20.7087],[106.7759,20.7054],[106.7729,20.7052],[106.7713,20.7037],[106.7697,20.6979],[106.7677,20.6988],[106.7673,20.7032],[106.7725,20.7067],[106.7716,20.7088],[106.7652,20.7073],[106.7633,20.701],[106.7613,20.6997],[106.753,20.6981],[106.747,20.6948],[106.7415,20.6893],[106.7346,20.698],[106.733,20.6992],[106.728,20.7005],[106.7295,20.7037],[106.7296,20.7078],[106.7356,20.711],[106.7344,20.7139],[106.738,20.7175],[106.7401,20.7209],[106.7375,20.7236],[106.7331,20.7309],[106.7339,20.7351],[106.7298,20.7382],[106.73,20.7408],[106.728,20.7433],[106.7165,20.7382],[106.718,20.7444],[106.7158,20.7464],[106.7077,20.7505],[106.7127,20.7519],[106.7247,20.752],[106.7454,20.7576],[106.7539,20.7476],[106.7573,20.7431]]]},"properties":{"name":"Nam Đồ Sơn","level":"ward"}},{"type":"Feature","geometry":{"type":"Polygon","coordinates":[[[106.7042,20.7529],[106.7077,20.7505],[106.7158,20.7464],[106.718,20.7444],[106.7165,20.7382],[106.728,20.7433],[106.73,20.7408],[106.7298,20.7382],[106.7339,20.7351],[106.7331,20.7309],[106.7375,20.7236],[106.7401,20.7209],[106.738,20.7175],[106.7344,20.7139],[106.7356,20.711],[106.7296,20.7078],[106.7295,20.7037],[106.728,20.7005],[106.733,20.6992],[106.7346,20.698],[106.7415,20.6893],[106.7353,20.68],[106.7279,20.6778],[106.7269,20.6765],[106.7229,20.6766],[106.7125,20.6787],[106.7071,20.6818],[106.701,20.6867],[106.6991,20.6855],[106.6934,20.6922],[106.6895,20.6954],[106.6858,20.6972],[106.6824,20.6975],[106.6824,20.6987],[106.6855,20.7055],[106.6851,20.7087],[106.6835,20.7117],[106.6861,20.7168],[106.689,20.7187],[106.6958,20.7199],[106.6985,20.7232],[106.6992,20.7301],[106.699,20.7339],[106.6974,20.7397],[106.7029,20.7428],[106.7023,20.7501],[106.7042,20.7529]]]},"properties":{"name":"Kiến Hải","level":"ward"}},{"type":"Feature","geometry":{"type":"Polygon","coordinates":[[[106.5475,20.7587],[106.5504,20.7565],[106.564,20.7504],[106.5812,20.7393],[106.5687,20.7251],[106.567,20.7218],[106.5679,20.72],[106.5677,20.7175],[106.5591,20.7172],[106.555,20.7159],[106.5504,20.7127],[106.5483,20.7129],[106.5472,20.7171],[106.5433,20.7175],[106.5398,20.7149],[106.5367,20.7148],[106.5344,20.7134],[106.5304,20.7091],[106.5295,20.7059],[106.5245,20.7052],[106.5192,20.706],[106.5186,20.7094],[106.5148,20.7086],[106.513,20.714],[106.5132,20.7157],[106.5181,20.7296],[106.5197,20.7352],[106.5212,20.7442],[106.5215,20.749],[106.5207,20.7547],[106.5185,20.7599],[106.5197,20.762],[106.5331,20.7626],[106.5414,20.7613],[106.5475,20.7587]]]},"properties":{"name":"Tiên Lãng","level":"ward"}},{"type":"Feature","geometry":{"type":"Polygon","coordinates":[[[106.4845,20.7997],[106.4862,20.8],[106.4906,20.8048],[106.4968,20.808],[106.5021,20.8083],[106.5043,20.8041],[106.5084,20.8005],[106.5091,20.7957],[106.5118,20.7913],[106.5146,20.7887],[106.5171,20.7876],[106.5208,20.7881],[106.5232,20.7899],[106.5273,20.7958],[106.5301,20.7982],[106.5349,20.7975],[106.5381,20.7929],[106.5409,20.7824],[106.5433,20.779],[106.5514,20.7722],[106.5514,20.7694],[106.5474,20.7619],[106.5475,20.7587],[106.5414,20.7613],[106.5331,20.7626],[106.5197,20.762],[106.5117,20.7642],[106.5066,20.7646],[106.5019,20.7627],[106.4981,20.7598],[106.4942,20.7608],[106.493,20.7645],[106.496,20.7695],[106.4929,20.7706],[106.4943,20.7725],[106.4948,20.7762],[106.4924,20.7839],[106.4857,20.793],[106.4812,20.798],[106.4845,20.7997]]]},"properties":{"name":"Quyết Thắng","level":"ward"}},{"type":"Feature","geometry":{"type":"Polygon","coordinates":[[[106.5148,20.7086],[106.5186,20.7094],[106.5192,20.706],[106.5245,20.7052],[106.5295,20.7059],[106.5304,20.7091],[106.5344,20.7134],[106.5367,20.7148],[106.5398,20.7149],[106.5433,20.7175],[106.5472,20.7171],[106.5483,20.7129],[106.5504,20.7127],[106.555,20.7159],[106.5591,20.7172],[106.5677,20.7175],[106.5679,20.72],[106.5774,20.7025],[106.5806,20.7039],[106.5854,20.6959],[106.5877,20.693],[106.5854,20.6922],[106.5925,20.679],[106.5837,20.6772],[106.5812,20.6706],[106.578,20.6737],[106.5717,20.6776],[106.562,20.681],[106.5546,20.6811],[106.5504,20.6766],[106.547,20.6731],[106.5419,20.6691],[106.537,20.6666],[106.5284,20.6643],[106.5244,20.6645],[106.5178,20.6676],[106.514,20.671],[106.5128,20.6742],[106.5125,20.6762],[106.5129,20.6889],[106.5153,20.7049],[106.5148,20.7086]]]},"properties":{"name":"Tân Minh","level":"ward"}},{"type":"Feature","geometry":{"type":"Polygon","coordinates":[[[106.5812,20.7393],[106.5957,20.7298],[106.6014,20.7255],[106.6075,20.7194],[106.6109,20.7139],[106.614,20.7069],[106.6167,20.7024],[106.619,20.7005],[106.6225,20.6996],[106.6252,20.7001],[106.6303,20.7029],[106.6363,20.7073],[106.6397,20.7085],[106.6439,20.7084],[106.6476,20.7064],[106.6502,20.7019],[106.6508,20.6941],[106.6439,20.6891],[106.6398,20.6869],[106.6404,20.6842],[106.6338,20.6828],[106.6304,20.6826],[106.6272,20.6841],[106.6265,20.6818],[106.622,20.6829],[106.6202,20.6806],[106.6206,20.6746],[106.6195,20.6711],[106.6166,20.6717],[106.617,20.6687],[106.6129,20.6679],[106.6109,20.6609],[106.6099,20.654],[106.608,20.6496],[106.6056,20.6486],[106.6035,20.6457],[106.6008,20.6453],[106.5998,20.6499],[106.5944,20.6567],[106.5867,20.6645],[106.5812,20.6706],[106.5837,20.6772],[106.5925,20.679],[106.5854,20.6922],[106.5877,20.693],[106.5854,20.6959],[106.5806,20.7039],[106.5774,20.7025],[106.5679,20.72],[106.567,20.7218],[106.5687,20.7251],[106.5812,20.7393]]]},"properties":{"name":"Tiên Minh","level":"ward"}},{"type":"Feature","geometry":{"type":"Polygon","coordinates":[[[106.6008,20.6453],[106.6035,20.6457],[106.6056,20.6486],[106.608,20.6496],[106.6099,20.654],[106.6109,20.6609],[106.6129,20.6679],[106.617,20.6687],[106.6166,20.6717],[106.6195,20.6711],[106.6206,20.6746],[106.6202,20.6806],[106.622,20.6829],[106.6265,20.6818],[106.6272,20.6841],[106.6304,20.6826],[106.6338,20.6828],[106.632,20.6805],[106.6392,20.6786],[106.6384,20.6763],[106.6414,20.6751],[106.6422,20.6728],[106.6447,20.6736],[106.6482,20.6699],[106.6452,20.6665],[106.6453,20.6638],[106.6467,20.6598],[106.6519,20.6618],[106.6549,20.6544],[106.6654,20.6314],[106.6717,20.6212],[106.6728,20.6178],[106.672,20.6137],[106.6682,20.614],[106.6665,20.6122],[106.6603,20.6141],[106.6504,20.6201],[106.6494,20.6195],[106.6389,20.6261],[106.6343,20.6279],[106.6289,20.6275],[106.6225,20.6251],[106.6147,20.6258],[106.6095,20.6283],[106.6057,20.6327],[106.6016,20.6394],[106.6008,20.6453]]]},"properties":{"name":"Chấn Hưng","level":"ward"}},{"type":"Feature","geometry":{"type":"Polygon","coordinates":[[[106.6508,20.6941],[106.6519,20.6908],[106.6547,20.6887],[106.6572,20.6885],[106.6638,20.6901],[106.68,20.6975],[106.6824,20.6975],[106.6858,20.6972],[106.6895,20.6954],[106.6934,20.6922],[106.6991,20.6855],[106.6968,20.6842],[106.6981,20.6819],[106.7057,20.6718],[106.7081,20.667],[106.7086,20.664],[106.7103,20.6617],[106.7101,20.655],[106.7072,20.6503],[106.7044,20.6494],[106.706,20.646],[106.7014,20.6415],[106.7015,20.6398],[106.6985,20.6355],[106.6951,20.6349],[106.6935,20.6328],[106.6931,20.6297],[106.681,20.624],[106.6835,20.6212],[106.6823,20.618],[106.6786,20.6164],[106.6764,20.6143],[106.6739,20.6145],[106.6728,20.6178],[106.6717,20.6212],[106.6654,20.6314],[106.6549,20.6544],[106.6519,20.6618],[106.6467,20.6598],[106.6453,20.6638],[106.6452,20.6665],[106.6482,20.6699],[106.6447,20.6736],[106.6422,20.6728],[106.6414,20.6751],[106.6384,20.6763],[106.6392,20.6786],[106.632,20.6805],[106.6338,20.6828],[106.6404,20.6842],[106.6398,20.6869],[106.6439,20.6891],[106.6508,20.6941]]]},"properties":{"name":"Hùng Thắng","level":"ward"}},{"type":"Feature","geometry":{"type":"Polygon","coordinates":[[[106.5153,20.7049],[106.5129,20.6889],[106.5125,20.6762],[106.5128,20.6742],[106.5111,20.6764],[106.5093,20.6748],[106.5099,20.6678],[106.5112,20.6581],[106.5129,20.655],[106.513,20.6502],[106.5095,20.6443],[106.5012,20.6514],[106.4984,20.6534],[106.4967,20.6501],[106.4909,20.6525],[106.4905,20.6552],[106.4881,20.6575],[106.4846,20.6588],[106.4816,20.6572],[106.4705,20.6603],[106.468,20.6617],[106.4698,20.6651],[106.4666,20.6677],[106.4654,20.6705],[106.4586,20.6685],[106.4559,20.6683],[106.4504,20.671],[106.4482,20.6737],[106.4468,20.6776],[106.4455,20.6848],[106.4482,20.6876],[106.4507,20.6881],[106.4578,20.685],[106.4619,20.6889],[106.4634,20.6941],[106.4652,20.6974],[106.4723,20.7015],[106.4747,20.7057],[106.4793,20.7038],[106.4846,20.7029],[106.4878,20.7003],[106.4937,20.7019],[106.4929,20.7054],[106.4954,20.7079],[106.5026,20.709],[106.5077,20.7061],[106.5153,20.7049]]]},"properties":{"name":"Vĩnh Bảo","level":"ward"}},{"type":"Feature","geometry":{"type":"Polygon","coordinates":[[[106.4116,20.7339],[106.4143,20.7353],[106.4247,20.7334],[106.429,20.7312],[106.4326,20.7279],[106.4362,20.7206],[106.4391,20.7207],[106.4423,20.7237],[106.446,20.7292],[106.4462,20.7342],[106.4477,20.7363],[106.4511,20.7349],[106.4529,20.7306],[106.453,20.7279],[106.451,20.7241],[106.4522,20.7218],[106.4556,20.7214],[106.4612,20.7228],[106.465,20.7263],[106.4708,20.7278],[106.478,20.7287],[106.4809,20.7302],[106.4819,20.7322],[106.4882,20.7323],[106.4953,20.7332],[106.4982,20.7322],[106.4975,20.7249],[106.4941,20.724],[106.4943,20.72],[106.4892,20.7192],[106.4885,20.7181],[106.4903,20.7145],[106.4873,20.711],[106.4883,20.7093],[106.4938,20.7069],[106.4954,20.7079],[106.4929,20.7054],[106.4937,20.7019],[106.4878,20.7003],[106.4846,20.7029],[106.4793,20.7038],[106.4747,20.7057],[106.4723,20.7015],[106.4652,20.6974],[106.4634,20.6941],[106.4593,20.6964],[106.4525,20.7016],[106.4553,20.7056],[106.4365,20.7094],[106.4266,20.7104],[106.4263,20.7145],[106.4193,20.7195],[106.4153,20.7182],[106.4088,20.7226],[106.4074,20.7283],[106.4116,20.7339]]]},"properties":{"name":"Vĩnh Thịnh","level":"ward"}},{"type":"Feature","geometry":{"type":"Polygon","coordinates":[[[106.465,20.7263],[106.4649,20.7309],[106.4626,20.7343],[106.4588,20.737],[106.4531,20.7396],[106.4528,20.7429],[106.4565,20.7444],[106.4639,20.7423],[106.4662,20.7432],[106.4688,20.7464],[106.4722,20.753],[106.4751,20.7537],[106.4802,20.7507],[106.4845,20.7501],[106.489,20.7511],[106.4918,20.7532],[106.4981,20.7598],[106.5019,20.7627],[106.5066,20.7646],[106.5117,20.7642],[106.5197,20.762],[106.5185,20.7599],[106.5207,20.7547],[106.5215,20.749],[106.5212,20.7442],[106.5197,20.7352],[106.5181,20.7296],[106.5132,20.7157],[106.513,20.714],[106.5148,20.7086],[106.5153,20.7049],[106.5077,20.7061],[106.5026,20.709],[106.4954,20.7079],[106.4938,20.7069],[106.4883,20.7093],[106.4873,20.711],[106.4903,20.7145],[106.4885,20.7181],[106.4892,20.7192],[106.4943,20.72],[106.4941,20.724],[106.4975,20.7249],[106.4982,20.7322],[106.4953,20.7332],[106.4882,20.7323],[106.4819,20.7322],[106.4809,20.7302],[106.478,20.7287],[106.4708,20.7278],[106.465,20.7263]]]},"properties":{"name":"Vĩnh Thuận","level":"ward"}},{"type":"Feature","geometry":{"type":"Polygon","coordinates":[[[106.4634,20.6941],[106.4619,20.6889],[106.4578,20.685],[106.4507,20.6881],[106.4482,20.6876],[106.4455,20.6848],[106.4468,20.6776],[106.4482,20.6737],[106.4504,20.671],[106.4559,20.6683],[106.4434,20.6638],[106.438,20.6591],[106.4294,20.6648],[106.4268,20.6676],[106.4237,20.6728],[106.4197,20.677],[106.4079,20.686],[106.4055,20.6874],[106.4014,20.6877],[106.4005,20.6894],[106.4026,20.6938],[106.4069,20.6987],[106.4114,20.7048],[106.4147,20.7069],[106.4203,20.7078],[106.4214,20.7104],[106.4201,20.7142],[106.4153,20.7182],[106.4193,20.7195],[106.4263,20.7145],[106.4266,20.7104],[106.4365,20.7094],[106.4553,20.7056],[106.4525,20.7016],[106.4593,20.6964],[106.4634,20.6941]]]},"properties":{"name":"Vĩnh Hoà","level":"ward"}},{"type":"Feature","geometry":{"type":"Polygon","coordinates":[[[106.4559,20.6683],[106.4586,20.6685],[106.4654,20.6705],[106.4666,20.6677],[106.4698,20.6651],[106.468,20.6617],[106.4705,20.6603],[106.4816,20.6572],[106.4846,20.6588],[106.4881,20.6575],[106.4905,20.6552],[106.4909,20.6525],[106.4967,20.6501],[106.4984,20.6534],[106.5012,20.6514],[106.5095,20.6443],[106.5023,20.632],[106.5074,20.6297],[106.5044,20.6226],[106.5027,20.6173],[106.5008,20.6155],[106.4932,20.6167],[106.4921,20.6157],[106.4897,20.6096],[106.4859,20.6038],[106.4813,20.5989],[106.4724,20.598],[106.4704,20.5994],[106.4695,20.6072],[106.4678,20.6112],[106.4642,20.6153],[106.4586,20.6179],[106.4513,20.6194],[106.4501,20.6207],[106.4513,20.6247],[106.4548,20.6317],[106.4552,20.6389],[106.4531,20.6416],[106.4466,20.6485],[106.4406,20.6565],[106.438,20.6591],[106.4434,20.6638],[106.4559,20.6683]]]},"properties":{"name":"Vĩnh Hải","level":"ward"}},{"type":"Feature","geometry":{"type":"MultiPolygon","coordinates":[[[[106.547,20.6731],[106.5504,20.6766],[106.552,20.6749],[106.5518,20.6677],[106.5502,20.6605],[106.5489,20.6616],[106.5498,20.6669],[106.5493,20.6714],[106.547,20.6731]]],[[[106.5128,20.6742],[106.514,20.671],[106.5178,20.6676],[106.5244,20.6645],[106.5246,20.654],[106.5281,20.6528],[106.5279,20.6468],[106.5303,20.6444],[106.5294,20.6411],[106.5316,20.6406],[106.5339,20.6423],[106.5364,20.6407],[106.5386,20.6443],[106.5375,20.6461],[106.5388,20.6558],[106.5465,20.654],[106.5452,20.647],[106.5546,20.6464],[106.5549,20.6489],[106.5619,20.6474],[106.5638,20.6403],[106.5653,20.6408],[106.5683,20.6333],[106.5742,20.6224],[106.5674,20.6196],[106.5654,20.6204],[106.5614,20.6253],[106.5589,20.6265],[106.5514,20.6276],[106.5473,20.6272],[106.5413,20.6209],[106.5419,20.6158],[106.5415,20.6125],[106.5398,20.6082],[106.5313,20.6034],[106.5275,20.6024],[106.5192,20.6026],[106.5185,20.6072],[106.5151,20.6118],[106.5101,20.614],[106.5008,20.6155],[106.5027,20.6173],[106.5044,20.6226],[106.5074,20.6297],[106.5023,20.632],[106.5095,20.6443],[106.513,20.6502],[106.5129,20.655],[106.5112,20.6581],[106.5099,20.6678],[106.5093,20.6748],[106.5111,20.6764],[106.5128,20.6742]]]]},"properties":{"name":"Vĩnh Am","level":"ward"}},{"type":"Feature","geometry":{"type":"Polygon","coordinates":[[[106.5504,20.6766],[106.5546,20.6811],[106.562,20.681],[106.5717,20.6776],[106.578,20.6737],[106.5812,20.6706],[106.5867,20.6645],[106.5944,20.6567],[106.5998,20.6499],[106.6008,20.6453],[106.6016,20.6394],[106.5941,20.6371],[106.5916,20.6352],[106.5877,20.6295],[106.5852,20.6271],[106.5742,20.6224],[106.5683,20.6333],[106.5653,20.6408],[106.5638,20.6403],[106.5619,20.6474],[106.5549,20.6489],[106.5546,20.6464],[106.5452,20.647],[106.5465,20.654],[106.5388,20.6558],[106.5375,20.6461],[106.5386,20.6443],[106.5364,20.6407],[106.5339,20.6423],[106.5316,20.6406],[106.5294,20.6411],[106.5303,20.6444],[106.5279,20.6468],[106.5281,20.6528],[106.5246,20.654],[106.5244,20.6645],[106.5284,20.6643],[106.537,20.6666],[106.5419,20.6691],[106.547,20.6731],[106.5493,20.6714],[106.5498,20.6669],[106.5489,20.6616],[106.5502,20.6605],[106.5518,20.6677],[106.552,20.6749],[106.5504,20.6766]]]},"properties":{"name":"Nguyễn Bỉnh Khiêm","level":"ward"}},{"type":"Feature","geometry":{"type":"MultiPolygon","coordinates":[[[[106.8378,20.8095],[106.8378,20.8118],[106.8359,20.8144],[106.8494,20.8221],[106.849,20.8282],[106.8535,20.8292],[106.8549,20.8336],[106.8569,20.8355],[106.8615,20.837],[106.866,20.8354],[106.8669,20.8337],[106.8715,20.8304],[106.8801,20.8228],[106.8797,20.8204],[106.8813,20.8168],[106.8904,20.8158],[106.8934,20.8131],[106.8959,20.8123],[106.8945,20.81],[106.8955,20.8081],[106.8989,20.8058],[106.9036,20.8057],[106.9062,20.8027],[106.9098,20.7969],[106.909,20.7955],[106.9046,20.7929],[106.9004,20.792],[106.8982,20.7955],[106.8996,20.7988],[106.8897,20.7947],[106.8858,20.7937],[106.8816,20.7939],[106.8772,20.7953],[106.8775,20.787],[106.8769,20.7867],[106.8585,20.7862],[106.8562,20.7887],[106.8561,20.791],[106.8523,20.7914],[106.8481,20.7959],[106.8476,20.8001],[106.8452,20.8057],[106.8378,20.8095]]],[[[107.1509,20.6127],[107.1464,20.6136],[107.1483,20.6164],[107.1501,20.6158],[107.1509,20.6127]]],[[[107.1558,20.6242],[107.1578,20.6259],[107.162,20.6236],[107.16,20.62],[107.1551,20.6227],[107.1537,20.6253],[107.1548,20.6278],[107.1571,20.6266],[107.1558,20.6242]]],[[[107.0374,20.7083],[107.0389,20.7088],[107.0419,20.7042],[107.0407,20.7033],[107.0374,20.7083]]],[[[107.02,20.7154],[107.0216,20.7154],[107.0229,20.712],[107.0189,20.7095],[107.0179,20.7132],[107.02,20.7154]]],[[[107.015,20.7183],[107.0111,20.7194],[107.0117,20.7225],[107.0142,20.7207],[107.015,20.7183]]],[[[107.0672,20.7331],[107.0659,20.729],[107.0668,20.7262],[107.0627,20.7269],[107.0615,20.7292],[107.0633,20.7304],[107.0621,20.7327],[107.0672,20.7331]]],[[[107.0728,20.7584],[107.0766,20.7566],[107.0827,20.7517],[107.081,20.7485],[107.0857,20.7473],[107.0855,20.7455],[107.0786,20.7487],[107.0784,20.7519],[107.0721,20.7524],[107.0731,20.7541],[107.0704,20.7566],[107.0728,20.7584]]],[[[107.0577,20.7594],[107.0636,20.7571],[107.0618,20.7555],[107.0582,20.7565],[107.0565,20.7549],[107.0541,20.758],[107.0544,20.7601],[107.0577,20.7594]]],[[[107.0649,20.7619],[107.0672,20.7622],[107.0684,20.7591],[107.0665,20.7568],[107.0643,20.7607],[107.0649,20.7619]]],[[[107.087,20.7602],[107.083,20.759],[107.0824,20.7611],[107.0836,20.7639],[107.0868,20.7621],[107.087,20.7602]]],[[[107.1012,20.7736],[107.0996,20.7682],[107.0965,20.7729],[107.1012,20.7736]]],[[[107.0751,20.7753],[107.0754,20.77],[107.0738,20.7704],[107.0717,20.7737],[107.0725,20.7756],[107.0751,20.7753]]],[[[107.0818,20.7746],[107.0838,20.7755],[107.0902,20.7708],[107.0893,20.7741],[107.0924,20.7743],[107.0944,20.7724],[107.0914,20.7662],[107.0926,20.7639],[107.0878,20.7632],[107.0835,20.7659],[107.0834,20.7691],[107.0822,20.7708],[107.0818,20.7746]]],[[[106.9266,20.8001],[106.9233,20.8006],[106.9194,20.8039],[106.9212,20.8057],[106.9148,20.8157],[106.9147,20.8176],[106.9191,20.8236],[106.9228,20.8252],[106.9279,20.8258],[106.9304,20.8269],[106.9321,20.8228],[106.9354,20.8195],[106.9335,20.8159],[106.9338,20.8103],[106.9302,20.807],[106.9298,20.8014],[106.9266,20.8001]]],[[[107.075,20.8258],[107.0703,20.825],[107.0661,20.8226],[107.0654,20.8258],[107.0691,20.8262],[107.0719,20.8279],[107.075,20.8258]]],[[[106.9138,20.821],[106.9116,20.8216],[106.9086,20.8265],[106.9116,20.83],[106.9132,20.8337],[106.9168,20.839],[106.9185,20.84],[106.9196,20.8441],[106.9229,20.8474],[106.928,20.8493],[106.9309,20.8449],[106.9257,20.8419],[106.9242,20.8392],[106.9274,20.8377],[106.9298,20.83],[106.9291,20.8283],[106.9213,20.8272],[106.9195,20.8264],[106.9138,20.821]]],[[[106.9588,20.8627],[106.9613,20.8605],[106.9577,20.8576],[106.9558,20.8588],[106.9569,20.8647],[106.9588,20.8627]]],[[[106.9854,20.8662],[106.9837,20.8635],[106.982,20.8661],[106.9854,20.8662]]],[[[106.9602,20.8774],[106.9621,20.8773],[106.9654,20.8716],[106.9693,20.873],[106.9723,20.8706],[106.975,20.8704],[106.9744,20.8628],[106.9726,20.8605],[106.9706,20.8605],[106.9692,20.8631],[106.9666,20.8587],[106.9635,20.8594],[106.9642,20.8617],[106.9623,20.8641],[106.9643,20.8654],[106.963,20.8698],[106.9629,20.873],[106.9603,20.8737],[106.9602,20.8774]]],[[[106.954,20.875],[106.956,20.8742],[106.9543,20.8689],[106.9544,20.865],[106.9511,20.8623],[106.9555,20.8565],[106.9593,20.8553],[106.9598,20.85],[106.9622,20.851],[106.9605,20.8536],[106.9644,20.8557],[106.969,20.8549],[106.9709,20.8562],[106.9767,20.8501],[106.9768,20.8548],[106.9828,20.8573],[106.9804,20.8485],[106.9812,20.8449],[106.9852,20.8481],[106.9856,20.8577],[106.9907,20.8595],[106.994,20.8618],[106.9976,20.8604],[107.0038,20.8542],[107.0025,20.8508],[107.0006,20.8489],[107.0013,20.8447],[107.0042,20.8478],[107.0045,20.8519],[107.0073,20.8502],[107.0074,20.8464],[107.0097,20.8436],[107.0103,20.8406],[107.0132,20.8418],[107.0117,20.8437],[107.0113,20.848],[107.0085,20.8512],[107.0088,20.8576],[107.0079,20.8609],[107.0108,20.8614],[107.0113,20.8596],[107.0145,20.8604],[107.0166,20.859],[107.0187,20.8619],[107.0238,20.8577],[107.0253,20.8624],[107.0281,20.8605],[107.0327,20.86],[107.0343,20.8621],[107.0374,20.8597],[107.0361,20.8551],[107.0403,20.853],[107.0404,20.8503],[107.0445,20.8475],[107.0459,20.8447],[107.0463,20.8396],[107.0437,20.8349],[107.0442,20.8301],[107.0436,20.8252],[107.0458,20.8218],[107.0458,20.8163],[107.0482,20.8174],[107.0471,20.8195],[107.0503,20.8226],[107.0471,20.8246],[107.0462,20.831],[107.049,20.8322],[107.0486,20.8261],[107.0508,20.826],[107.0546,20.8288],[107.0564,20.8328],[107.0592,20.8326],[107.061,20.8304],[107.0567,20.8295],[107.0582,20.8257],[107.0584,20.8226],[107.0618,20.8183],[107.0644,20.8221],[107.0665,20.8211],[107.0716,20.8156],[107.0737,20.8213],[107.0755,20.8242],[107.0816,20.8218],[107.0821,20.8187],[107.0844,20.8197],[107.0858,20.8175],[107.0911,20.8166],[107.0901,20.8133],[107.0935,20.8105],[107.099,20.809],[107.101,20.805],[107.1036,20.8068],[107.107,20.8029],[107.1095,20.798],[107.1102,20.7914],[107.1083,20.7901],[107.1058,20.791],[107.105,20.7934],[107.0972,20.7923],[107.0967,20.7955],[107.091,20.7978],[107.0914,20.7995],[107.0881,20.803],[107.0813,20.8028],[107.086,20.7981],[107.0857,20.7971],[107.0911,20.7942],[107.0942,20.7941],[107.0955,20.7918],[107.0939,20.7897],[107.0997,20.7805],[107.0971,20.7808],[107.0966,20.7781],[107.0936,20.7803],[107.0892,20.7788],[107.0866,20.7769],[107.0843,20.7776],[107.0854,20.7852],[107.0806,20.7874],[107.0805,20.7833],[107.0751,20.7867],[107.0756,20.7906],[107.0726,20.7892],[107.0725,20.7922],[107.0686,20.7962],[107.0658,20.8009],[107.0649,20.8059],[107.0629,20.8075],[107.0633,20.8144],[107.0608,20.8146],[107.0587,20.8169],[107.0569,20.8156],[107.0535,20.8197],[107.0523,20.8168],[107.0542,20.8145],[107.0544,20.8114],[107.0629,20.8054],[107.0623,20.8009],[107.0652,20.7991],[107.0632,20.7971],[107.0645,20.7944],[107.0686,20.7934],[107.0704,20.7918],[107.0718,20.7864],[107.075,20.7851],[107.0734,20.7828],[107.0697,20.7828],[107.0668,20.7843],[107.0573,20.783],[107.0545,20.7806],[107.0586,20.7792],[107.0602,20.7819],[107.0638,20.7829],[107.0699,20.7805],[107.0731,20.7819],[107.0733,20.7778],[107.0655,20.7759],[107.0679,20.7791],[107.0583,20.7773],[107.0551,20.775],[107.0502,20.7767],[107.0488,20.7732],[107.0433,20.7712],[107.0451,20.7694],[107.0476,20.7724],[107.052,20.7707],[107.0538,20.7674],[107.056,20.7685],[107.0576,20.7665],[107.0552,20.7651],[107.0521,20.7662],[107.0497,20.7652],[107.0498,20.7628],[107.0455,20.7622],[107.0416,20.7663],[107.0418,20.7716],[107.039,20.7714],[107.036,20.776],[107.038,20.7775],[107.0351,20.7797],[107.0363,20.7835],[107.0332,20.784],[107.0328,20.7816],[107.034,20.7762],[107.0339,20.7721],[107.0382,20.7674],[107.0411,20.7656],[107.0439,20.7611],[107.044,20.7587],[107.0483,20.756],[107.0492,20.7536],[107.0521,20.7541],[107.0628,20.7509],[107.0712,20.7468],[107.0709,20.7424],[107.072,20.7388],[107.0696,20.7372],[107.0652,20.7363],[107.0632,20.7383],[107.0675,20.7414],[107.0643,20.7456],[107.0622,20.7453],[107.0599,20.7478],[107.0566,20.7477],[107.0551,20.7439],[107.0585,20.7408],[107.0598,20.738],[107.059,20.7323],[107.0572,20.7287],[107.0592,20.7267],[107.0595,20.7202],[107.0561,20.7193],[107.0556,20.7167],[107.0526,20.7165],[107.0464,20.712],[107.044,20.7143],[107.0471,20.7153],[107.0467,20.7177],[107.0497,20.7192],[107.0502,20.7219],[107.0462,20.7263],[107.0413,20.7225],[107.0398,20.727],[107.0405,20.7297],[107.0344,20.7314],[107.0311,20.7315],[107.0305,20.7297],[107.0337,20.7274],[107.0352,20.721],[107.0323,20.7211],[107.0261,20.7281],[107.0245,20.7278],[107.0247,20.7237],[107.0235,20.7226],[107.0172,20.7268],[107.0141,20.7317],[107.0155,20.734],[107.0202,20.7346],[107.0205,20.7314],[107.0232,20.7327],[107.025,20.7351],[107.0277,20.7349],[107.0301,20.733],[107.034,20.7333],[107.0357,20.7345],[107.0387,20.733],[107.0417,20.7364],[107.0437,20.7418],[107.0337,20.7359],[107.0282,20.74],[107.0227,20.7403],[107.0182,20.7379],[107.0198,20.7424],[107.0178,20.7443],[107.0165,20.7477],[107.0135,20.7475],[107.0104,20.7443],[107.0071,20.7453],[107.0057,20.7492],[107.0005,20.7508],[106.9964,20.7483],[106.9962,20.7455],[106.998,20.7441],[106.9986,20.7409],[106.9968,20.7382],[107.001,20.7329],[107.0008,20.7285],[106.9989,20.7278],[106.9984,20.7318],[106.9941,20.7402],[106.9956,20.7429],[106.9936,20.7453],[106.9906,20.7439],[106.992,20.7419],[106.9896,20.7407],[106.9876,20.7378],[106.9865,20.7433],[106.9809,20.7471],[106.9842,20.7487],[106.9754,20.7518],[106.9734,20.7552],[106.9712,20.7543],[106.966,20.7586],[106.9691,20.7596],[106.9718,20.7569],[106.976,20.7606],[106.976,20.7656],[106.9706,20.7683],[106.9703,20.7706],[106.9721,20.7729],[106.968,20.7752],[106.9685,20.7781],[106.9631,20.7801],[106.9619,20.7828],[106.9577,20.7884],[106.9548,20.7905],[106.9539,20.7939],[106.9503,20.7941],[106.9435,20.7957],[106.9274,20.7974],[106.9229,20.7989],[106.9194,20.7988],[106.9168,20.8011],[106.9185,20.8032],[106.9208,20.8007],[106.9249,20.799],[106.9293,20.7996],[106.9315,20.8029],[106.9313,20.8066],[106.9348,20.8097],[106.9354,20.812],[106.9346,20.8149],[106.9364,20.8177],[106.9364,20.82],[106.9324,20.8246],[106.9325,20.8288],[106.9305,20.8327],[106.9286,20.8394],[106.9287,20.8426],[106.9317,20.8426],[106.9336,20.846],[106.937,20.8464],[106.9471,20.846],[106.9476,20.8493],[106.9503,20.8493],[106.9518,20.8591],[106.9478,20.8613],[106.9448,20.8611],[106.9431,20.8635],[106.9443,20.8663],[106.9472,20.8677],[106.9503,20.8665],[106.9507,20.8718],[106.95,20.8747],[106.9504,20.8781],[106.9533,20.8782],[106.954,20.875]]]]},"properties":{"name":"Cát Hải","level":"ward"}},{"type":"Feature","geometry":{"type":"Polygon","coordinates":[[[107.7428,20.1448],[107.7412,20.1391],[107.7384,20.1346],[107.7373,20.1291],[107.7338,20.1236],[107.7305,20.1238],[107.7291,20.1276],[107.7261,20.1257],[107.7215,20.1275],[107.7195,20.1264],[107.717,20.128],[107.7199,20.1303],[107.7205,20.1321],[107.7233,20.1341],[107.7317,20.1383],[107.7349,20.1423],[107.7408,20.1459],[107.7428,20.1448]]]},"properties":{"name":"Bạch Long Vĩ","level":"ward"}}]}