{"type":"FeatureCollection","features":[{"type":"Feature","geometry":{"type":"Polygon","coordinates":[[[105.7648,19.8269],[105.7634,19.8302],[105.7605,19.8323],[105.7568,19.8359],[105.7579,19.8365],[105.756,19.8403],[105.7533,19.8397],[105.7487,19.8406],[105.7499,19.8442],[105.7486,19.8478],[105.7493,19.8512],[105.7536,19.8556],[105.7586,19.8546],[105.7597,19.8601],[105.7571,19.8629],[105.7594,19.8701],[105.7686,19.8776],[105.776,19.8747],[105.7788,19.8719],[105.7816,19.8705],[105.7843,19.8678],[105.7858,19.8624],[105.7854,19.8569],[105.7875,19.8509],[105.7906,19.8452],[105.7945,19.8403],[105.7942,19.8358],[105.7971,19.8317],[105.806,19.8243],[105.7882,19.8165],[105.783,19.8203],[105.7776,19.8217],[105.7741,19.8215],[105.772,19.8263],[105.7648,19.8269]]]},"properties":{"name":"Hàm Rồng","level":"ward"}},{"type":"Feature","geometry":{"type":"Polygon","coordinates":[[[105.7648,19.8269],[105.772,19.8263],[105.7741,19.8215],[105.7776,19.8217],[105.783,19.8203],[105.7882,19.8165],[105.806,19.8243],[105.8077,19.823],[105.8139,19.8202],[105.821,19.814],[105.8225,19.811],[105.822,19.8074],[105.818,19.8018],[105.8183,19.7985],[105.8196,19.7959],[105.8177,19.7939],[105.8133,19.7941],[105.8096,19.7903],[105.8072,19.7929],[105.7999,19.7945],[105.7989,19.7913],[105.793,19.7892],[105.7903,19.7889],[105.7904,19.7864],[105.7853,19.7823],[105.7859,19.7807],[105.7842,19.7781],[105.7821,19.7774],[105.778,19.7722],[105.7784,19.7668],[105.78,19.7644],[105.7781,19.7626],[105.7765,19.7639],[105.7749,19.7745],[105.7726,19.776],[105.7715,19.7743],[105.7701,19.7752],[105.7727,19.7804],[105.7749,19.7828],[105.7763,19.7873],[105.7752,19.7888],[105.7711,19.7879],[105.7689,19.7915],[105.7643,19.7915],[105.7623,19.7923],[105.7547,19.7925],[105.764,19.8025],[105.7559,19.8081],[105.7581,19.8119],[105.7516,19.8149],[105.7511,19.8136],[105.7523,19.8175],[105.7548,19.8188],[105.758,19.8226],[105.7595,19.8219],[105.7648,19.8269]]]},"properties":{"name":"Hạc Thành","level":"ward"}},{"type":"Feature","geometry":{"type":"Polygon","coordinates":[[[105.9032,20.1099],[105.9057,20.1093],[105.9065,20.1073],[105.9091,20.1068],[105.9103,20.1049],[105.913,20.1063],[105.9158,20.1062],[105.9189,20.1045],[105.9227,20.1014],[105.9246,20.1014],[105.9301,20.0906],[105.9401,20.0835],[105.9469,20.0745],[105.9522,20.0741],[105.9545,20.0719],[105.9597,20.0654],[105.9679,20.0662],[105.9717,20.066],[105.9694,20.0652],[105.9693,20.063],[105.966,20.0608],[105.9666,20.0563],[105.9644,20.0559],[105.9635,20.0536],[105.964,20.0495],[105.9615,20.046],[105.9568,20.0455],[105.9539,20.0461],[105.9496,20.044],[105.9474,20.0407],[105.9449,20.0397],[105.9414,20.0404],[105.9391,20.0439],[105.9341,20.046],[105.9309,20.0452],[105.926,20.0422],[105.9218,20.0432],[105.9199,20.045],[105.9169,20.046],[105.9138,20.0441],[105.9111,20.0481],[105.9116,20.0501],[105.9025,20.0502],[105.899,20.0513],[105.8967,20.0499],[105.893,20.0504],[105.8917,20.0515],[105.8879,20.051],[105.8865,20.0536],[105.8838,20.0516],[105.8806,20.0527],[105.882,20.057],[105.8776,20.0595],[105.8808,20.0672],[105.8789,20.068],[105.869,20.0759],[105.8614,20.0813],[105.8587,20.0823],[105.8584,20.0854],[105.8598,20.0878],[105.8598,20.09],[105.8687,20.0998],[105.8716,20.1011],[105.8755,20.1013],[105.8785,20.1045],[105.8783,20.1073],[105.8797,20.1109],[105.8922,20.1052],[105.8982,20.1042],[105.9032,20.1099]]]},"properties":{"name":"Bỉm Sơn","level":"ward"}},{"type":"Feature","geometry":{"type":"Polygon","coordinates":[[[105.9032,20.1099],[105.8982,20.1042],[105.8922,20.1052],[105.8797,20.1109],[105.8783,20.1073],[105.8785,20.1045],[105.8755,20.1013],[105.8716,20.1011],[105.8687,20.0998],[105.8598,20.09],[105.8598,20.0878],[105.8584,20.0854],[105.8587,20.0823],[105.8614,20.0813],[105.869,20.0759],[105.8789,20.068],[105.8808,20.0672],[105.8776,20.0595],[105.882,20.057],[105.8806,20.0527],[105.8694,20.0573],[105.8673,20.0527],[105.8629,20.0541],[105.8554,20.0576],[105.8535,20.0556],[105.8503,20.0573],[105.8451,20.058],[105.8471,20.0607],[105.8446,20.0619],[105.8411,20.0613],[105.8408,20.0644],[105.8395,20.0675],[105.8363,20.0701],[105.8347,20.0727],[105.8349,20.0766],[105.8361,20.0827],[105.8359,20.0881],[105.8369,20.0901],[105.8334,20.1015],[105.8372,20.1085],[105.842,20.1038],[105.8509,20.1039],[105.8495,20.1059],[105.8514,20.1086],[105.8516,20.1125],[105.849,20.1165],[105.8481,20.1214],[105.8487,20.1228],[105.8538,20.1288],[105.8564,20.1293],[105.8596,20.1333],[105.8605,20.1307],[105.8641,20.1297],[105.8687,20.1246],[105.8726,20.1235],[105.8735,20.1218],[105.8787,20.1229],[105.8852,20.1195],[105.887,20.1206],[105.8903,20.1189],[105.8942,20.1186],[105.8979,20.1142],[105.9015,20.1126],[105.9032,20.1099]]]},"properties":{"name":"Quang Trung","level":"ward"}},{"type":"Feature","geometry":{"type":"Polygon","coordinates":[[[104.6011,20.6054],[104.6008,20.6019],[104.6069,20.5978],[104.6088,20.592],[104.6109,20.5904],[104.6102,20.5876],[104.611,20.5841],[104.6088,20.5831],[104.6056,20.5788],[104.6056,20.575],[104.6073,20.5707],[104.6091,20.5695],[104.6113,20.5631],[104.6108,20.5592],[104.5836,20.5467],[104.5805,20.5447],[104.5776,20.5439],[104.5721,20.5394],[104.5699,20.5346],[104.569,20.5302],[104.5694,20.5282],[104.576,20.5278],[104.5831,20.5245],[104.5893,20.5246],[104.5944,20.5269],[104.5985,20.5317],[104.6004,20.5349],[104.6026,20.5356],[104.6079,20.5338],[104.6079,20.5281],[104.6073,20.5257],[104.6085,20.5225],[104.6083,20.5168],[104.6011,20.5088],[104.6034,20.5046],[104.5976,20.5012],[104.5966,20.5006],[104.5943,20.5002],[104.594,20.5005],[104.5938,20.5009],[104.5875,20.5068],[104.5806,20.5106],[104.5781,20.5115],[104.5755,20.5093],[104.5721,20.5079],[104.5665,20.5065],[104.5639,20.5014],[104.5648,20.4991],[104.5645,20.4958],[104.5626,20.4919],[104.5586,20.4891],[104.5579,20.4875],[104.553,20.4853],[104.5498,20.4824],[104.5484,20.4785],[104.5427,20.4783],[104.5402,20.4773],[104.5371,20.4712],[104.5328,20.467],[104.5312,20.4624],[104.527,20.4625],[104.5237,20.4609],[104.5201,20.4623],[104.5169,20.4646],[104.507,20.4645],[104.4998,20.4687],[104.4995,20.4717],[104.5034,20.4769],[104.5053,20.4826],[104.503,20.4853],[104.5018,20.4898],[104.4996,20.4937],[104.4971,20.4933],[104.4925,20.4906],[104.4861,20.4904],[104.4839,20.4946],[104.4823,20.4947],[104.477,20.499],[104.4565,20.5127],[104.459,20.5124],[104.4621,20.5136],[104.4671,20.5137],[104.4684,20.5151],[104.4723,20.5158],[104.4759,20.5178],[104.4766,20.5201],[104.4786,20.5206],[104.4828,20.5235],[104.484,20.526],[104.4836,20.5284],[104.4874,20.5314],[104.492,20.5359],[104.4935,20.5412],[104.4972,20.5455],[104.5018,20.5451],[104.5051,20.5434],[104.5078,20.5436],[104.5096,20.5453],[104.5126,20.5463],[104.5137,20.549],[104.5157,20.5495],[104.5184,20.5473],[104.5198,20.5488],[104.5245,20.5491],[104.5281,20.5565],[104.5234,20.5614],[104.5269,20.5669],[104.5263,20.5696],[104.528,20.5726],[104.5341,20.5757],[104.5353,20.5804],[104.5352,20.5875],[104.5378,20.5893],[104.5408,20.597],[104.5421,20.5986],[104.546,20.598],[104.5488,20.6014],[104.5535,20.6017],[104.5558,20.6035],[104.5573,20.6065],[104.5675,20.6084],[104.5744,20.6063],[104.5789,20.6068],[104.5832,20.61],[104.5857,20.6101],[104.59,20.6087],[104.5919,20.6095],[104.5951,20.608],[104.5967,20.6083],[104.6011,20.6054]]]},"properties":{"name":"Mường Lát","level":"ward"}},{"type":"Feature","geometry":{"type":"Polygon","coordinates":[[[104.6034,20.5046],[104.6011,20.5088],[104.6083,20.5168],[104.6085,20.5225],[104.6073,20.5257],[104.6079,20.5281],[104.6079,20.5338],[104.6026,20.5356],[104.6004,20.5349],[104.5985,20.5317],[104.5944,20.5269],[104.5893,20.5246],[104.5831,20.5245],[104.576,20.5278],[104.5694,20.5282],[104.569,20.5302],[104.5699,20.5346],[104.5721,20.5394],[104.5776,20.5439],[104.5805,20.5447],[104.5836,20.5467],[104.6108,20.5592],[104.6113,20.5631],[104.6091,20.5695],[104.6073,20.5707],[104.6056,20.575],[104.6056,20.5788],[104.6088,20.5831],[104.611,20.5841],[104.6102,20.5876],[104.6109,20.5904],[104.6088,20.592],[104.6069,20.5978],[104.6008,20.6019],[104.6011,20.6054],[104.6029,20.6065],[104.6093,20.6168],[104.6111,20.6177],[104.6118,20.6203],[104.6212,20.6243],[104.6236,20.6241],[104.6263,20.6255],[104.6267,20.6292],[104.6306,20.6322],[104.6316,20.6354],[104.632,20.6433],[104.6339,20.6446],[104.636,20.6516],[104.6395,20.6507],[104.6411,20.6487],[104.6446,20.6467],[104.6476,20.6408],[104.6515,20.6401],[104.6562,20.6349],[104.657,20.6316],[104.6605,20.6287],[104.6616,20.624],[104.6695,20.6236],[104.6716,20.6226],[104.6739,20.6194],[104.6767,20.618],[104.6785,20.6146],[104.6836,20.6115],[104.684,20.6062],[104.6835,20.6021],[104.6849,20.6004],[104.6827,20.5972],[104.6815,20.5907],[104.6827,20.5847],[104.6877,20.5736],[104.6897,20.5718],[104.6944,20.5713],[104.7,20.5667],[104.701,20.5646],[104.7009,20.5547],[104.6972,20.5533],[104.6963,20.5519],[104.6968,20.5489],[104.6954,20.5426],[104.6933,20.5405],[104.6846,20.5369],[104.6809,20.5343],[104.6789,20.5311],[104.6769,20.5298],[104.6779,20.5224],[104.6764,20.5196],[104.6738,20.5184],[104.674,20.5168],[104.6723,20.5122],[104.671,20.5108],[104.6677,20.5118],[104.6639,20.5104],[104.6584,20.5094],[104.6577,20.5078],[104.6513,20.503],[104.6461,20.5016],[104.6429,20.5042],[104.6405,20.5051],[104.6396,20.5032],[104.634,20.5014],[104.6305,20.5035],[104.6269,20.503],[104.61,20.5009],[104.6049,20.5026],[104.6034,20.5046]]]},"properties":{"name":"Tam Chung","level":"ward"}},{"type":"Feature","geometry":{"type":"Polygon","coordinates":[[[104.6789,20.5311],[104.6809,20.5343],[104.6846,20.5369],[104.6933,20.5405],[104.6954,20.5426],[104.6968,20.5489],[104.6963,20.5519],[104.6972,20.5533],[104.7009,20.5547],[104.701,20.5646],[104.7,20.5667],[104.6944,20.5713],[104.6897,20.5718],[104.6877,20.5736],[104.6827,20.5847],[104.6815,20.5907],[104.6827,20.5972],[104.684,20.596],[104.6933,20.5981],[104.6925,20.6004],[104.6945,20.6021],[104.7029,20.6033],[104.7065,20.6024],[104.7082,20.6037],[104.7138,20.6055],[104.7182,20.6033],[104.721,20.6029],[104.7213,20.5961],[104.7232,20.5941],[104.7259,20.5885],[104.728,20.5876],[104.7333,20.5788],[104.7361,20.5782],[104.7382,20.575],[104.7403,20.5736],[104.7425,20.5737],[104.748,20.5765],[104.7542,20.578],[104.7593,20.5826],[104.7608,20.585],[104.7647,20.584],[104.766,20.585],[104.7683,20.5818],[104.7685,20.5788],[104.7719,20.575],[104.7778,20.5749],[104.7805,20.576],[104.7792,20.5798],[104.7823,20.5839],[104.7863,20.5837],[104.7903,20.5818],[104.7931,20.5818],[104.7952,20.5832],[104.8001,20.5841],[104.8027,20.5867],[104.8042,20.5811],[104.8068,20.5756],[104.8136,20.5766],[104.816,20.5787],[104.8187,20.5793],[104.8242,20.5792],[104.8277,20.5816],[104.8303,20.5822],[104.8318,20.5729],[104.8313,20.5654],[104.8297,20.5579],[104.8284,20.5549],[104.8217,20.5492],[104.8204,20.5468],[104.8155,20.5463],[104.8109,20.5429],[104.8072,20.5413],[104.8029,20.5407],[104.7982,20.5418],[104.7922,20.5409],[104.7868,20.541],[104.7771,20.5397],[104.7699,20.5374],[104.7666,20.5374],[104.7636,20.5354],[104.7527,20.5316],[104.7516,20.5305],[104.7404,20.528],[104.7304,20.527],[104.7235,20.5245],[104.718,20.5234],[104.7123,20.5233],[104.7089,20.5226],[104.7025,20.5229],[104.6966,20.526],[104.6931,20.5261],[104.6871,20.5289],[104.6789,20.5311]]]},"properties":{"name":"Mường Lý","level":"ward"}},{"type":"Feature","geometry":{"type":"Polygon","coordinates":[[[104.671,20.5108],[104.6723,20.5122],[104.674,20.5168],[104.6738,20.5184],[104.6764,20.5196],[104.6779,20.5224],[104.6769,20.5298],[104.6789,20.5311],[104.6871,20.5289],[104.6931,20.5261],[104.6966,20.526],[104.7025,20.5229],[104.7089,20.5226],[104.7123,20.5233],[104.718,20.5234],[104.7235,20.5245],[104.7304,20.527],[104.7404,20.528],[104.7516,20.5305],[104.7527,20.5316],[104.7636,20.5354],[104.7666,20.5374],[104.7699,20.5374],[104.7771,20.5397],[104.7868,20.541],[104.7922,20.5409],[104.7982,20.5418],[104.8029,20.5407],[104.8072,20.5413],[104.8109,20.5429],[104.8155,20.5463],[104.8204,20.5468],[104.8217,20.5492],[104.8284,20.5549],[104.8297,20.5579],[104.8313,20.5654],[104.8318,20.5729],[104.8303,20.5822],[104.8743,20.5616],[104.8708,20.5572],[104.8698,20.5546],[104.8717,20.5532],[104.8721,20.5479],[104.8737,20.5433],[104.8741,20.5367],[104.8652,20.5357],[104.8622,20.5335],[104.8626,20.5304],[104.8651,20.5275],[104.87,20.5251],[104.8705,20.5207],[104.8724,20.518],[104.8747,20.5093],[104.8708,20.5074],[104.866,20.5069],[104.8667,20.504],[104.8692,20.5014],[104.8705,20.497],[104.8624,20.4932],[104.8585,20.4894],[104.8582,20.4872],[104.8538,20.4863],[104.8492,20.4809],[104.8424,20.4785],[104.8251,20.4765],[104.7891,20.4652],[104.7812,20.4602],[104.7762,20.4592],[104.7734,20.4566],[104.7731,20.4538],[104.768,20.4498],[104.762,20.4408],[104.7592,20.4406],[104.7532,20.4382],[104.7498,20.436],[104.7451,20.4363],[104.743,20.4313],[104.741,20.4319],[104.73,20.4316],[104.723,20.4337],[104.7196,20.4324],[104.717,20.433],[104.716,20.4311],[104.7143,20.4295],[104.7128,20.4284],[104.7111,20.4277],[104.7092,20.426],[104.7069,20.4236],[104.7049,20.4224],[104.7017,20.4201],[104.6998,20.4223],[104.6993,20.4252],[104.6968,20.428],[104.6957,20.4306],[104.6915,20.4309],[104.6884,20.4327],[104.6884,20.4348],[104.6859,20.4389],[104.6857,20.4423],[104.6832,20.4428],[104.6768,20.4456],[104.6729,20.4497],[104.6649,20.4518],[104.6649,20.4541],[104.6632,20.4591],[104.6644,20.4608],[104.6701,20.4634],[104.6741,20.4646],[104.6739,20.4678],[104.675,20.4704],[104.6753,20.4748],[104.678,20.4791],[104.677,20.4819],[104.6736,20.4874],[104.6696,20.4955],[104.671,20.4975],[104.6747,20.4989],[104.679,20.4993],[104.6759,20.5017],[104.6738,20.5065],[104.671,20.5108]]]},"properties":{"name":"Trung Lý","level":"ward"}},{"type":"Feature","geometry":{"type":"Polygon","coordinates":[[[104.4565,20.5127],[104.477,20.499],[104.4823,20.4947],[104.4839,20.4946],[104.4861,20.4904],[104.4925,20.4906],[104.4971,20.4933],[104.4996,20.4937],[104.5018,20.4898],[104.503,20.4853],[104.5053,20.4826],[104.5034,20.4769],[104.4995,20.4717],[104.4998,20.4687],[104.507,20.4645],[104.5169,20.4646],[104.5201,20.4623],[104.5237,20.4609],[104.527,20.4625],[104.5312,20.4624],[104.5322,20.4605],[104.531,20.4571],[104.5315,20.4547],[104.5284,20.4511],[104.5263,20.4474],[104.529,20.4445],[104.5313,20.439],[104.531,20.4363],[104.5343,20.4294],[104.5338,20.4282],[104.5357,20.4255],[104.5364,20.4179],[104.5346,20.4149],[104.5317,20.4134],[104.5271,20.4131],[104.5235,20.4162],[104.5218,20.4184],[104.5178,20.4208],[104.5158,20.421],[104.5121,20.4253],[104.5112,20.4276],[104.5077,20.4288],[104.5026,20.4295],[104.5004,20.4313],[104.4976,20.4355],[104.4921,20.435],[104.4903,20.4377],[104.4855,20.4359],[104.4817,20.4372],[104.4781,20.435],[104.4773,20.4324],[104.4746,20.4321],[104.4731,20.4295],[104.4675,20.4271],[104.4637,20.4274],[104.4621,20.4292],[104.4549,20.4247],[104.4529,20.4213],[104.4506,20.4196],[104.4419,20.4211],[104.437,20.419],[104.4317,20.4189],[104.4277,20.421],[104.4263,20.4202],[104.4148,20.4266],[104.4119,20.4254],[104.4034,20.4319],[104.3981,20.434],[104.3936,20.438],[104.3918,20.4406],[104.3885,20.4413],[104.3861,20.443],[104.3821,20.4432],[104.3786,20.4411],[104.3768,20.4431],[104.3802,20.4474],[104.38,20.4573],[104.3786,20.4588],[104.3767,20.4633],[104.3742,20.4653],[104.3756,20.4686],[104.379,20.4699],[104.3802,20.474],[104.3829,20.4753],[104.385,20.475],[104.3873,20.4767],[104.3902,20.4774],[104.3912,20.4792],[104.39,20.4815],[104.3875,20.4831],[104.3865,20.4863],[104.3879,20.4881],[104.396,20.4876],[104.4016,20.4888],[104.4042,20.49],[104.41,20.4899],[104.4124,20.489],[104.4209,20.4916],[104.4235,20.4934],[104.4255,20.4968],[104.4273,20.4974],[104.434,20.502],[104.4362,20.5067],[104.4384,20.5094],[104.4413,20.509],[104.4445,20.507],[104.4517,20.5112],[104.4565,20.5127]]]},"properties":{"name":"Quang Chiểu","level":"ward"}},{"type":"Feature","geometry":{"type":"Polygon","coordinates":[[[104.5312,20.4624],[104.5328,20.467],[104.5371,20.4712],[104.5402,20.4773],[104.5427,20.4783],[104.5484,20.4785],[104.5498,20.4824],[104.553,20.4853],[104.5579,20.4875],[104.5586,20.4891],[104.5626,20.4919],[104.5645,20.4958],[104.5648,20.4991],[104.5639,20.5014],[104.5665,20.5065],[104.5721,20.5079],[104.5755,20.5093],[104.5781,20.5115],[104.5806,20.5106],[104.5875,20.5068],[104.5938,20.5009],[104.594,20.5005],[104.5904,20.494],[104.5952,20.4867],[104.5994,20.4749],[104.5991,20.4724],[104.5968,20.4686],[104.595,20.4634],[104.5945,20.4541],[104.6109,20.4462],[104.6113,20.4465],[104.613,20.4465],[104.614,20.4431],[104.6183,20.442],[104.6187,20.4375],[104.6177,20.4337],[104.6156,20.4315],[104.614,20.4267],[104.611,20.4232],[104.607,20.4209],[104.6053,20.4209],[104.5988,20.4166],[104.5894,20.415],[104.5867,20.4155],[104.582,20.4145],[104.5787,20.4154],[104.577,20.4148],[104.5734,20.4167],[104.5646,20.4164],[104.5627,20.4141],[104.5602,20.4128],[104.5584,20.4135],[104.5535,20.4118],[104.5514,20.4094],[104.5448,20.4083],[104.5409,20.4086],[104.5391,20.4099],[104.5334,20.4103],[104.5317,20.4134],[104.5346,20.4149],[104.5364,20.4179],[104.5357,20.4255],[104.5338,20.4282],[104.5343,20.4294],[104.531,20.4363],[104.5313,20.439],[104.529,20.4445],[104.5263,20.4474],[104.5284,20.4511],[104.5315,20.4547],[104.531,20.4571],[104.5322,20.4605],[104.5312,20.4624]]]},"properties":{"name":"Pù Nhi","level":"ward"}},{"type":"Feature","geometry":{"type":"Polygon","coordinates":[[[104.594,20.5005],[104.5943,20.5002],[104.5966,20.5006],[104.5976,20.5012],[104.6034,20.5046],[104.6049,20.5026],[104.61,20.5009],[104.6269,20.503],[104.6305,20.5035],[104.634,20.5014],[104.6396,20.5032],[104.6405,20.5051],[104.6429,20.5042],[104.6461,20.5016],[104.6513,20.503],[104.6577,20.5078],[104.6584,20.5094],[104.6639,20.5104],[104.6677,20.5118],[104.671,20.5108],[104.6738,20.5065],[104.6759,20.5017],[104.679,20.4993],[104.6747,20.4989],[104.671,20.4975],[104.6696,20.4955],[104.6736,20.4874],[104.677,20.4819],[104.678,20.4791],[104.6753,20.4748],[104.675,20.4704],[104.6739,20.4678],[104.6741,20.4646],[104.6701,20.4634],[104.6702,20.4668],[104.667,20.4705],[104.6604,20.4698],[104.6596,20.4725],[104.6573,20.4742],[104.6518,20.4737],[104.6467,20.4719],[104.6434,20.4683],[104.6404,20.4686],[104.6375,20.4649],[104.6352,20.4655],[104.6321,20.4629],[104.63,20.463],[104.6254,20.4617],[104.6233,20.4553],[104.6209,20.4543],[104.6218,20.4519],[104.6191,20.4494],[104.6167,20.4491],[104.6145,20.447],[104.6113,20.4465],[104.6109,20.4462],[104.5945,20.4541],[104.595,20.4634],[104.5968,20.4686],[104.5991,20.4724],[104.5994,20.4749],[104.5952,20.4867],[104.5904,20.494],[104.594,20.5005]]]},"properties":{"name":"Nhi Sơn","level":"ward"}},{"type":"Feature","geometry":{"type":"Polygon","coordinates":[[[104.4148,20.4266],[104.4263,20.4202],[104.4277,20.421],[104.4317,20.4189],[104.437,20.419],[104.4419,20.4211],[104.4506,20.4196],[104.4529,20.4213],[104.4549,20.4247],[104.4621,20.4292],[104.4637,20.4274],[104.4675,20.4271],[104.4731,20.4295],[104.4746,20.4321],[104.4773,20.4324],[104.4781,20.435],[104.4817,20.4372],[104.4855,20.4359],[104.4903,20.4377],[104.4921,20.435],[104.4976,20.4355],[104.5004,20.4313],[104.5026,20.4295],[104.5077,20.4288],[104.5112,20.4276],[104.5121,20.4253],[104.5158,20.421],[104.5178,20.4208],[104.5218,20.4184],[104.5235,20.4162],[104.5271,20.4131],[104.5274,20.4086],[104.5286,20.4068],[104.5286,20.4017],[104.5273,20.3999],[104.5254,20.3939],[104.5223,20.3904],[104.5174,20.3905],[104.5148,20.3889],[104.514,20.3859],[104.5101,20.3849],[104.5063,20.3852],[104.4999,20.3829],[104.4954,20.3827],[104.4939,20.3797],[104.4906,20.3765],[104.4844,20.3745],[104.4827,20.3718],[104.4786,20.3719],[104.475,20.369],[104.4721,20.3694],[104.4683,20.3686],[104.4665,20.3706],[104.4584,20.3716],[104.4537,20.3743],[104.4529,20.3781],[104.4488,20.3788],[104.4429,20.3763],[104.4412,20.3771],[104.439,20.3756],[104.436,20.3767],[104.4309,20.3771],[104.4258,20.3786],[104.4205,20.3764],[104.4158,20.3801],[104.4078,20.3881],[104.4067,20.393],[104.4078,20.3949],[104.4044,20.4025],[104.4056,20.4053],[104.4049,20.4067],[104.4061,20.41],[104.406,20.4132],[104.408,20.4152],[104.4095,20.4189],[104.4133,20.4221],[104.4155,20.4249],[104.4148,20.4266]]]},"properties":{"name":"Mường Chanh","level":"ward"}},{"type":"Feature","geometry":{"type":"Polygon","coordinates":[[[105.1636,20.4039],[105.1659,20.4015],[105.167,20.3958],[105.1676,20.3894],[105.1671,20.3872],[105.171,20.384],[105.1713,20.3803],[105.1668,20.3769],[105.161,20.3715],[105.163,20.3694],[105.1632,20.3639],[105.172,20.3612],[105.177,20.3562],[105.181,20.3546],[105.1851,20.3506],[105.1883,20.3487],[105.184,20.347],[105.1818,20.3427],[105.1831,20.3379],[105.1805,20.3371],[105.1722,20.3359],[105.171,20.3342],[105.1647,20.331],[105.1601,20.3318],[105.156,20.3318],[105.1501,20.3311],[105.1479,20.3322],[105.1423,20.3316],[105.1378,20.3357],[105.1358,20.3365],[105.1334,20.3396],[105.1315,20.3405],[105.13,20.3433],[105.1273,20.3443],[105.1237,20.3439],[105.1211,20.3448],[105.1199,20.3515],[105.1164,20.3545],[105.1143,20.3551],[105.1133,20.3583],[105.1112,20.3595],[105.1083,20.3631],[105.1037,20.3672],[105.0989,20.3658],[105.0988,20.3715],[105.0944,20.374],[105.0858,20.373],[105.0807,20.3752],[105.0767,20.3786],[105.0782,20.3813],[105.0785,20.3841],[105.0745,20.3884],[105.0745,20.3906],[105.0713,20.3978],[105.068,20.3996],[105.0651,20.4041],[105.0581,20.4076],[105.052,20.4059],[105.0485,20.4072],[105.0463,20.4069],[105.0434,20.403],[105.0408,20.403],[105.0383,20.4014],[105.0373,20.3992],[105.0327,20.3953],[105.0309,20.3952],[105.028,20.3982],[105.0258,20.3988],[105.0218,20.3977],[105.0181,20.3988],[105.0165,20.4005],[105.0163,20.4022],[105.0133,20.4053],[105.012,20.4082],[105.0085,20.41],[105.009,20.4145],[105.0141,20.4152],[105.0154,20.4155],[105.0193,20.4174],[105.0198,20.4176],[105.0221,20.4193],[105.0248,20.4238],[105.0294,20.4233],[105.0321,20.4241],[105.0325,20.4243],[105.0343,20.4259],[105.0377,20.4268],[105.0412,20.4264],[105.0467,20.4307],[105.0464,20.4322],[105.0463,20.4333],[105.0463,20.434],[105.0488,20.4393],[105.0514,20.4401],[105.0519,20.4381],[105.0557,20.4393],[105.0551,20.4416],[105.0542,20.4432],[105.0523,20.4461],[105.0578,20.4493],[105.0601,20.4485],[105.0647,20.45],[105.0649,20.4502],[105.0727,20.4541],[105.0749,20.4576],[105.076,20.4586],[105.0762,20.4595],[105.0768,20.4601],[105.0774,20.4611],[105.0775,20.4614],[105.0777,20.4615],[105.0788,20.4618],[105.0792,20.4619],[105.0852,20.4677],[105.0894,20.4702],[105.0908,20.4731],[105.0927,20.4707],[105.0974,20.4698],[105.0976,20.4665],[105.1003,20.4632],[105.1025,20.4592],[105.1038,20.4546],[105.106,20.4522],[105.1085,20.4511],[105.1137,20.4445],[105.1169,20.4433],[105.1177,20.4408],[105.1209,20.4366],[105.1237,20.4297],[105.1289,20.4193],[105.1298,20.4185],[105.1369,20.4166],[105.1418,20.4122],[105.1445,20.4109],[105.15,20.4097],[105.1535,20.4076],[105.1636,20.4039]]]},"properties":{"name":"Hồi Xuân","level":"ward"}},{"type":"Feature","geometry":{"type":"Polygon","coordinates":[[[104.8705,20.497],[104.8692,20.5014],[104.8667,20.504],[104.866,20.5069],[104.8708,20.5074],[104.8747,20.5093],[104.8724,20.518],[104.8705,20.5207],[104.87,20.5251],[104.8651,20.5275],[104.8626,20.5304],[104.8622,20.5335],[104.8652,20.5357],[104.8741,20.5367],[104.8737,20.5433],[104.8721,20.5479],[104.8717,20.5532],[104.8698,20.5546],[104.8708,20.5572],[104.8743,20.5616],[104.8755,20.5641],[104.8783,20.567],[104.8748,20.5694],[104.872,20.574],[104.8716,20.5798],[104.8707,20.5851],[104.8726,20.587],[104.8743,20.5918],[104.8775,20.5977],[104.8755,20.6],[104.8754,20.6047],[104.8819,20.6028],[104.8845,20.6005],[104.8888,20.605],[104.9024,20.6149],[104.9149,20.6235],[104.9105,20.6258],[104.9033,20.6318],[104.8999,20.6331],[104.8947,20.6417],[104.8895,20.6462],[104.8865,20.6477],[104.8876,20.65],[104.8907,20.653],[104.8911,20.6603],[104.8932,20.662],[104.8945,20.6648],[104.8915,20.6701],[104.897,20.669],[104.9001,20.669],[104.9054,20.6649],[104.9098,20.6633],[104.912,20.6618],[104.9186,20.6592],[104.9212,20.6547],[104.9264,20.6525],[104.9281,20.6491],[104.9311,20.6483],[104.9356,20.6455],[104.9388,20.6453],[104.9422,20.6436],[104.946,20.6436],[104.9545,20.6323],[104.9598,20.6289],[104.9607,20.6248],[104.9602,20.6216],[104.9604,20.6153],[104.9615,20.6112],[104.9634,20.6082],[104.9622,20.6065],[104.9638,20.6033],[104.9649,20.599],[104.9672,20.595],[104.9618,20.5949],[104.9626,20.5916],[104.9623,20.5832],[104.9601,20.5795],[104.9588,20.5777],[104.958,20.5696],[104.9586,20.5664],[104.961,20.5626],[104.9613,20.5572],[104.9591,20.5538],[104.9562,20.5506],[104.957,20.542],[104.9524,20.5358],[104.9514,20.5308],[104.9493,20.5287],[104.9462,20.5238],[104.9469,20.5188],[104.9446,20.5134],[104.9383,20.5082],[104.9368,20.5085],[104.9336,20.5041],[104.9261,20.5],[104.9189,20.5017],[104.9154,20.5015],[104.9104,20.4993],[104.8987,20.4999],[104.8918,20.4989],[104.8888,20.4947],[104.8848,20.493],[104.8797,20.4961],[104.8743,20.4955],[104.8705,20.497]]]},"properties":{"name":"Trung Thành","level":"ward"}},{"type":"Feature","geometry":{"type":"Polygon","coordinates":[[[104.8303,20.5822],[104.8277,20.5816],[104.8242,20.5792],[104.8187,20.5793],[104.816,20.5787],[104.8136,20.5766],[104.8068,20.5756],[104.8042,20.5811],[104.8027,20.5867],[104.8018,20.5926],[104.7984,20.5967],[104.8007,20.6045],[104.7981,20.6075],[104.7981,20.611],[104.7968,20.6154],[104.7972,20.6189],[104.7998,20.6186],[104.8036,20.6235],[104.8072,20.6252],[104.8082,20.6285],[104.8068,20.6298],[104.8097,20.6334],[104.8132,20.6316],[104.8165,20.6379],[104.82,20.6394],[104.8221,20.6394],[104.8261,20.6413],[104.8279,20.6431],[104.8327,20.6437],[104.8384,20.6482],[104.8444,20.6498],[104.8475,20.6515],[104.8501,20.6553],[104.8536,20.6625],[104.8572,20.6609],[104.8646,20.6601],[104.8723,20.6613],[104.8793,20.663],[104.8838,20.666],[104.8866,20.6696],[104.8915,20.6701],[104.8945,20.6648],[104.8932,20.662],[104.8911,20.6603],[104.8907,20.653],[104.8876,20.65],[104.8865,20.6477],[104.8895,20.6462],[104.8947,20.6417],[104.8999,20.6331],[104.9033,20.6318],[104.9105,20.6258],[104.9149,20.6235],[104.9024,20.6149],[104.8888,20.605],[104.8845,20.6005],[104.8819,20.6028],[104.8754,20.6047],[104.8755,20.6],[104.8775,20.5977],[104.8743,20.5918],[104.8726,20.587],[104.8707,20.5851],[104.8716,20.5798],[104.872,20.574],[104.8748,20.5694],[104.8783,20.567],[104.8755,20.5641],[104.8743,20.5616],[104.8303,20.5822]]]},"properties":{"name":"Trung Sơn","level":"ward"}},{"type":"Feature","geometry":{"type":"Polygon","coordinates":[[[104.8848,20.493],[104.8888,20.4947],[104.8918,20.4989],[104.8987,20.4999],[104.9104,20.4993],[104.9154,20.5015],[104.9189,20.5017],[104.9261,20.5],[104.9336,20.5041],[104.9368,20.5085],[104.9383,20.5082],[104.9446,20.5134],[104.9469,20.5188],[104.9462,20.5238],[104.9493,20.5287],[104.9514,20.5308],[104.9524,20.5358],[104.957,20.542],[104.9562,20.5506],[104.9591,20.5538],[104.9613,20.5572],[104.961,20.5626],[104.9586,20.5664],[104.958,20.5696],[104.9588,20.5777],[104.9601,20.5795],[104.9691,20.577],[104.9727,20.5747],[104.9783,20.5743],[104.9807,20.5726],[104.9849,20.571],[104.9894,20.5754],[104.9932,20.5744],[104.9965,20.5747],[105.0047,20.5727],[105.0084,20.5702],[105.0133,20.5657],[105.0161,20.5644],[105.0203,20.5614],[105.0216,20.5594],[105.0255,20.5584],[105.0294,20.5603],[105.0325,20.5587],[105.0353,20.5587],[105.0378,20.5598],[105.04,20.559],[105.0421,20.5606],[105.0459,20.5569],[105.0478,20.5597],[105.0497,20.5594],[105.0527,20.561],[105.0547,20.5651],[105.0549,20.5701],[105.0632,20.5738],[105.0677,20.5741],[105.0791,20.5783],[105.089,20.5731],[105.0901,20.5714],[105.0943,20.5688],[105.0961,20.5664],[105.0999,20.562],[105.1064,20.5561],[105.1017,20.5509],[105.1043,20.5464],[105.1027,20.5436],[105.1062,20.5401],[105.1055,20.5381],[105.0998,20.5334],[105.0965,20.5324],[105.0958,20.5296],[105.0883,20.5211],[105.0885,20.5173],[105.0799,20.5101],[105.0778,20.5097],[105.0691,20.5023],[105.067,20.5025],[105.0655,20.5053],[105.0609,20.5088],[105.0556,20.5072],[105.051,20.5093],[105.0474,20.5135],[105.0469,20.5175],[105.0403,20.5242],[105.037,20.5228],[105.0334,20.523],[105.0279,20.5209],[105.0253,20.518],[105.0277,20.5141],[105.026,20.5123],[105.0208,20.5129],[105.0163,20.5103],[105.0131,20.5096],[105.0056,20.5156],[105.0018,20.5139],[104.9995,20.512],[104.9987,20.5088],[104.9907,20.5006],[104.9879,20.4966],[104.9868,20.4923],[104.9835,20.4874],[104.9827,20.4822],[104.9808,20.4805],[104.9756,20.4783],[104.9722,20.4739],[104.9692,20.4692],[104.966,20.4684],[104.9632,20.4654],[104.96,20.4642],[104.9586,20.4645],[104.9556,20.4678],[104.9494,20.4713],[104.9458,20.4696],[104.9419,20.4739],[104.9376,20.4737],[104.9305,20.4708],[104.9284,20.4687],[104.9249,20.4703],[104.9194,20.4719],[104.9175,20.4732],[104.9131,20.4729],[104.9063,20.4769],[104.8996,20.476],[104.8964,20.4765],[104.8909,20.476],[104.8897,20.4783],[104.8862,20.4829],[104.8862,20.4894],[104.8848,20.493]]]},"properties":{"name":"Phú Lệ","level":"ward"}},{"type":"Feature","geometry":{"type":"Polygon","coordinates":[[[105.0908,20.4731],[105.0894,20.4702],[105.0852,20.4677],[105.0792,20.4619],[105.0788,20.4618],[105.0777,20.4615],[105.0775,20.4614],[105.0774,20.4611],[105.0768,20.4601],[105.0762,20.4595],[105.076,20.4586],[105.0749,20.4576],[105.0727,20.4541],[105.0649,20.4502],[105.0647,20.45],[105.0601,20.4485],[105.0578,20.4493],[105.0523,20.4461],[105.0542,20.4432],[105.0551,20.4416],[105.0557,20.4393],[105.0519,20.4381],[105.0514,20.4401],[105.0488,20.4393],[105.0463,20.434],[105.0463,20.4333],[105.0464,20.4322],[105.0467,20.4307],[105.0412,20.4264],[105.0377,20.4268],[105.0343,20.4259],[105.0325,20.4243],[105.0321,20.4241],[105.0294,20.4233],[105.0248,20.4238],[105.0221,20.4193],[105.0198,20.4176],[105.0193,20.4174],[105.0154,20.4155],[105.0141,20.4152],[105.009,20.4145],[105.0085,20.41],[105.012,20.4082],[105.0133,20.4053],[105.0163,20.4022],[105.0165,20.4005],[105.0141,20.4014],[105.0087,20.4011],[105.0038,20.4029],[105.0026,20.4047],[104.9973,20.4062],[104.9932,20.4046],[104.9902,20.406],[104.9865,20.4107],[104.982,20.4122],[104.9824,20.4155],[104.9802,20.4185],[104.9788,20.424],[104.9744,20.4278],[104.9729,20.4323],[104.976,20.4368],[104.9728,20.4431],[104.9709,20.4458],[104.9708,20.4484],[104.9681,20.4528],[104.9658,20.4541],[104.9614,20.4551],[104.962,20.4591],[104.9598,20.4617],[104.96,20.4642],[104.9632,20.4654],[104.966,20.4684],[104.9692,20.4692],[104.9722,20.4739],[104.9756,20.4783],[104.9808,20.4805],[104.9827,20.4822],[104.9835,20.4874],[104.9868,20.4923],[104.9879,20.4966],[104.9907,20.5006],[104.9987,20.5088],[104.9995,20.512],[105.0018,20.5139],[105.0056,20.5156],[105.0131,20.5096],[105.0163,20.5103],[105.0208,20.5129],[105.026,20.5123],[105.0277,20.5141],[105.0253,20.518],[105.0279,20.5209],[105.0334,20.523],[105.037,20.5228],[105.0403,20.5242],[105.0469,20.5175],[105.0474,20.5135],[105.051,20.5093],[105.0556,20.5072],[105.0609,20.5088],[105.0655,20.5053],[105.067,20.5025],[105.0691,20.5023],[105.0719,20.4984],[105.0765,20.4898],[105.0797,20.4859],[105.0817,20.4848],[105.0835,20.4819],[105.09,20.4759],[105.0908,20.4731]]]},"properties":{"name":"Phú Xuân","level":"ward"}},{"type":"Feature","geometry":{"type":"Polygon","coordinates":[[[104.7017,20.4201],[104.7049,20.4224],[104.7069,20.4236],[104.7092,20.426],[104.7111,20.4277],[104.7128,20.4284],[104.7143,20.4295],[104.716,20.4311],[104.717,20.433],[104.7196,20.4324],[104.723,20.4337],[104.73,20.4316],[104.741,20.4319],[104.743,20.4313],[104.7451,20.4363],[104.7498,20.436],[104.7532,20.4382],[104.7592,20.4406],[104.762,20.4408],[104.768,20.4498],[104.7731,20.4538],[104.7734,20.4566],[104.7762,20.4592],[104.7812,20.4602],[104.7891,20.4652],[104.8251,20.4765],[104.8424,20.4785],[104.8492,20.4809],[104.8538,20.4863],[104.8582,20.4872],[104.8585,20.4894],[104.8624,20.4932],[104.8705,20.497],[104.8743,20.4955],[104.8797,20.4961],[104.8848,20.493],[104.8862,20.4894],[104.8862,20.4829],[104.8897,20.4783],[104.8909,20.476],[104.8907,20.4733],[104.8937,20.4646],[104.8934,20.4597],[104.8918,20.456],[104.8949,20.45],[104.8961,20.4437],[104.8989,20.4405],[104.898,20.4374],[104.9005,20.4345],[104.8995,20.433],[104.8989,20.4237],[104.8955,20.4237],[104.8946,20.4193],[104.8889,20.4106],[104.8843,20.4069],[104.877,20.4045],[104.8715,20.4043],[104.8632,20.4059],[104.8559,20.4039],[104.8493,20.4036],[104.8464,20.4051],[104.8428,20.4054],[104.8323,20.4037],[104.8309,20.4025],[104.8297,20.3983],[104.8318,20.3932],[104.8283,20.3922],[104.8196,20.3886],[104.8162,20.3882],[104.8127,20.3906],[104.8087,20.3891],[104.804,20.3948],[104.8028,20.3996],[104.7991,20.401],[104.797,20.3991],[104.7935,20.3993],[104.7912,20.3985],[104.7869,20.4036],[104.7845,20.4038],[104.7798,20.3996],[104.778,20.3992],[104.7763,20.3966],[104.7758,20.3933],[104.7742,20.3901],[104.7716,20.3885],[104.7695,20.3888],[104.7649,20.3921],[104.7623,20.3901],[104.7575,20.3903],[104.7546,20.3885],[104.7503,20.3888],[104.7473,20.3907],[104.7429,20.3911],[104.7411,20.3936],[104.7381,20.3946],[104.7352,20.3933],[104.7271,20.3954],[104.7186,20.3954],[104.7138,20.3984],[104.7139,20.3992],[104.7166,20.4019],[104.7187,20.4075],[104.7124,20.4091],[104.7093,20.4107],[104.7037,20.417],[104.7017,20.4201]]]},"properties":{"name":"Hiền Kiệt","level":"ward"}},{"type":"Feature","geometry":{"type":"Polygon","coordinates":[[[105.0165,20.4005],[105.0181,20.3988],[105.0218,20.3977],[105.0258,20.3988],[105.028,20.3982],[105.0309,20.3952],[105.0327,20.3953],[105.0373,20.3992],[105.0383,20.4014],[105.0408,20.403],[105.0434,20.403],[105.0463,20.4069],[105.0485,20.4072],[105.052,20.4059],[105.0581,20.4076],[105.0651,20.4041],[105.068,20.3996],[105.0713,20.3978],[105.0745,20.3906],[105.0745,20.3884],[105.0785,20.3841],[105.0782,20.3813],[105.0767,20.3786],[105.0741,20.377],[105.0736,20.3762],[105.0711,20.3718],[105.0708,20.3687],[105.0702,20.3679],[105.0716,20.3623],[105.0673,20.3602],[105.0667,20.3598],[105.0645,20.358],[105.0633,20.3555],[105.0634,20.3519],[105.0573,20.3502],[105.0507,20.3459],[105.0451,20.3472],[105.0432,20.344],[105.04,20.3442],[105.0392,20.3458],[105.0339,20.3485],[105.0313,20.3481],[105.0283,20.3496],[105.0249,20.3489],[105.0217,20.3492],[105.019,20.3505],[105.0146,20.3504],[105.0135,20.3502],[105.0128,20.3492],[105.0102,20.3457],[105.0097,20.3451],[105.0088,20.3444],[105.0024,20.344],[105.0012,20.3425],[105.001,20.3423],[105.0009,20.3421],[104.9995,20.34],[104.9992,20.3397],[104.9989,20.3364],[104.9952,20.3361],[104.9898,20.3408],[104.9882,20.3433],[104.9796,20.3477],[104.9794,20.349],[104.9759,20.3513],[104.9719,20.3551],[104.9674,20.3566],[104.9675,20.3596],[104.9663,20.3619],[104.9663,20.3658],[104.9675,20.369],[104.9648,20.3702],[104.963,20.3695],[104.9613,20.3715],[104.9603,20.3762],[104.9587,20.3778],[104.9537,20.3798],[104.9505,20.3838],[104.949,20.3845],[104.949,20.389],[104.9472,20.3923],[104.9435,20.3951],[104.9385,20.3971],[104.9392,20.399],[104.9354,20.4032],[104.9326,20.4025],[104.9321,20.402],[104.9286,20.4036],[104.9236,20.4043],[104.9216,20.4061],[104.9176,20.4075],[104.9151,20.4108],[104.9129,20.412],[104.911,20.4167],[104.9058,20.4208],[104.8989,20.4237],[104.8995,20.433],[104.9005,20.4345],[104.898,20.4374],[104.8989,20.4405],[104.8961,20.4437],[104.8949,20.45],[104.8918,20.456],[104.8934,20.4597],[104.8937,20.4646],[104.8907,20.4733],[104.8909,20.476],[104.8964,20.4765],[104.8996,20.476],[104.9063,20.4769],[104.9131,20.4729],[104.9175,20.4732],[104.9194,20.4719],[104.9249,20.4703],[104.9284,20.4687],[104.9305,20.4708],[104.9376,20.4737],[104.9419,20.4739],[104.9458,20.4696],[104.9494,20.4713],[104.9556,20.4678],[104.9586,20.4645],[104.96,20.4642],[104.9598,20.4617],[104.962,20.4591],[104.9614,20.4551],[104.9658,20.4541],[104.9681,20.4528],[104.9708,20.4484],[104.9709,20.4458],[104.9728,20.4431],[104.976,20.4368],[104.9729,20.4323],[104.9744,20.4278],[104.9788,20.424],[104.9802,20.4185],[104.9824,20.4155],[104.982,20.4122],[104.9865,20.4107],[104.9902,20.406],[104.9932,20.4046],[104.9973,20.4062],[105.0026,20.4047],[105.0038,20.4029],[105.0087,20.4011],[105.0141,20.4014],[105.0165,20.4005]]]},"properties":{"name":"Nam Xuân","level":"ward"}},{"type":"Feature","geometry":{"type":"Polygon","coordinates":[[[104.8087,20.3891],[104.8127,20.3906],[104.8162,20.3882],[104.8196,20.3886],[104.8283,20.3922],[104.8318,20.3932],[104.8297,20.3983],[104.8309,20.4025],[104.8323,20.4037],[104.8428,20.4054],[104.8464,20.4051],[104.8493,20.4036],[104.8559,20.4039],[104.8632,20.4059],[104.8715,20.4043],[104.877,20.4045],[104.8843,20.4069],[104.8889,20.4106],[104.8946,20.4193],[104.8955,20.4237],[104.8989,20.4237],[104.9058,20.4208],[104.911,20.4167],[104.9129,20.412],[104.9151,20.4108],[104.9176,20.4075],[104.9216,20.4061],[104.9236,20.4043],[104.9286,20.4036],[104.9321,20.402],[104.9326,20.4025],[104.9354,20.4032],[104.9392,20.399],[104.9385,20.3971],[104.9435,20.3951],[104.9472,20.3923],[104.949,20.389],[104.949,20.3845],[104.9505,20.3838],[104.9537,20.3798],[104.9587,20.3778],[104.9603,20.3762],[104.9613,20.3715],[104.963,20.3695],[104.9648,20.3702],[104.9675,20.369],[104.9663,20.3658],[104.9663,20.3619],[104.9675,20.3596],[104.9674,20.3566],[104.9719,20.3551],[104.9759,20.3513],[104.9794,20.349],[104.9796,20.3477],[104.9762,20.3461],[104.9751,20.344],[104.9752,20.3352],[104.9718,20.3322],[104.9707,20.3286],[104.9666,20.3252],[104.9561,20.3292],[104.9552,20.3311],[104.9522,20.329],[104.944,20.3282],[104.9411,20.3253],[104.9344,20.3276],[104.9307,20.3252],[104.9262,20.3243],[104.9231,20.321],[104.9224,20.317],[104.9237,20.3145],[104.9222,20.3126],[104.9149,20.3104],[104.9124,20.308],[104.9087,20.3078],[104.9081,20.3067],[104.9027,20.3067],[104.898,20.3033],[104.8946,20.3041],[104.8909,20.3019],[104.8879,20.3043],[104.8848,20.3057],[104.8829,20.3092],[104.8724,20.3137],[104.8689,20.3151],[104.8597,20.3143],[104.8507,20.3162],[104.8441,20.3203],[104.8406,20.3254],[104.8374,20.3279],[104.835,20.3321],[104.828,20.3396],[104.8222,20.3385],[104.8184,20.3401],[104.8138,20.3488],[104.8138,20.3512],[104.8183,20.3535],[104.8164,20.3556],[104.8171,20.3583],[104.8151,20.3605],[104.8113,20.3671],[104.8104,20.3712],[104.8063,20.3796],[104.8074,20.3816],[104.8066,20.3872],[104.8087,20.3891]]]},"properties":{"name":"Thiên Phủ","level":"ward"}},{"type":"Feature","geometry":{"type":"Polygon","coordinates":[[[105.1831,20.3379],[105.1818,20.3427],[105.184,20.347],[105.1883,20.3487],[105.1851,20.3506],[105.181,20.3546],[105.177,20.3562],[105.172,20.3612],[105.1632,20.3639],[105.163,20.3694],[105.161,20.3715],[105.1668,20.3769],[105.1713,20.3803],[105.171,20.384],[105.1671,20.3872],[105.1676,20.3894],[105.167,20.3958],[105.1659,20.4015],[105.1636,20.4039],[105.1666,20.4023],[105.1752,20.4019],[105.1761,20.4031],[105.1804,20.4029],[105.1835,20.4066],[105.1867,20.407],[105.1896,20.4123],[105.194,20.4145],[105.1962,20.4214],[105.1997,20.4236],[105.207,20.4232],[105.2134,20.4197],[105.2161,20.4169],[105.2283,20.4117],[105.2321,20.4097],[105.2393,20.4071],[105.2493,20.416],[105.2483,20.4221],[105.249,20.4236],[105.2519,20.4238],[105.2532,20.4281],[105.2569,20.4335],[105.2582,20.4343],[105.2602,20.4328],[105.2678,20.4298],[105.2727,20.4288],[105.2767,20.4315],[105.2799,20.429],[105.2805,20.4254],[105.2824,20.4234],[105.2863,20.4219],[105.2938,20.4174],[105.2919,20.4135],[105.2954,20.4048],[105.2854,20.3958],[105.2873,20.3913],[105.2875,20.3879],[105.2856,20.3858],[105.2891,20.3826],[105.2927,20.3806],[105.2979,20.3798],[105.296,20.378],[105.2955,20.3721],[105.2903,20.368],[105.2816,20.3673],[105.2798,20.366],[105.2777,20.3615],[105.2756,20.3602],[105.2714,20.3628],[105.2599,20.3572],[105.2519,20.3492],[105.2439,20.3423],[105.2418,20.3414],[105.2392,20.342],[105.2391,20.3362],[105.2288,20.3286],[105.2248,20.3261],[105.2218,20.3222],[105.2216,20.3156],[105.218,20.318],[105.217,20.3221],[105.2146,20.3245],[105.2085,20.3224],[105.2033,20.3281],[105.2018,20.3317],[105.1938,20.3296],[105.1917,20.3314],[105.1899,20.3306],[105.1854,20.3316],[105.1853,20.3343],[105.1831,20.3379]]]},"properties":{"name":"Bá Thước","level":"ward"}},{"type":"Feature","geometry":{"type":"Polygon","coordinates":[[[105.3135,20.2567],[105.317,20.2517],[105.3159,20.2502],[105.3184,20.2455],[105.3217,20.2426],[105.3244,20.2376],[105.3278,20.2327],[105.334,20.233],[105.3382,20.2276],[105.3374,20.2256],[105.3347,20.2232],[105.3288,20.2134],[105.329,20.2079],[105.3199,20.2032],[105.317,20.1984],[105.3171,20.1965],[105.3214,20.1891],[105.3189,20.1891],[105.3147,20.1908],[105.3087,20.1895],[105.3026,20.1909],[105.3046,20.1965],[105.2834,20.1856],[105.2783,20.1904],[105.2764,20.1913],[105.2752,20.1944],[105.2736,20.1941],[105.2715,20.1961],[105.2692,20.2],[105.2669,20.2011],[105.264,20.2058],[105.2612,20.2075],[105.2594,20.2072],[105.2574,20.2105],[105.2554,20.2105],[105.2543,20.213],[105.2489,20.2175],[105.2462,20.2135],[105.2479,20.2087],[105.2468,20.2069],[105.2431,20.205],[105.238,20.2072],[105.2342,20.2125],[105.2312,20.2161],[105.2314,20.2176],[105.2291,20.2221],[105.2348,20.2295],[105.2301,20.2367],[105.2264,20.2398],[105.2243,20.2441],[105.2216,20.2439],[105.2205,20.2496],[105.2176,20.2521],[105.2197,20.2554],[105.2243,20.2568],[105.2261,20.2581],[105.2309,20.2597],[105.2329,20.2612],[105.2366,20.2626],[105.2364,20.2679],[105.2346,20.2746],[105.2305,20.2831],[105.229,20.2911],[105.2335,20.2936],[105.2368,20.297],[105.2402,20.3044],[105.2426,20.3052],[105.2486,20.3051],[105.254,20.3077],[105.258,20.3113],[105.2575,20.3136],[105.261,20.3131],[105.265,20.3159],[105.2652,20.3179],[105.2677,20.3216],[105.2695,20.3178],[105.2769,20.3207],[105.2777,20.3157],[105.2806,20.3094],[105.287,20.3027],[105.2917,20.2994],[105.2896,20.2972],[105.2895,20.2951],[105.2838,20.2909],[105.2844,20.2889],[105.2867,20.2881],[105.2923,20.2815],[105.2957,20.2756],[105.3004,20.2739],[105.2999,20.2717],[105.3028,20.269],[105.3044,20.266],[105.308,20.2624],[105.3093,20.2601],[105.3135,20.2567]]]},"properties":{"name":"Điền Quang","level":"ward"}},{"type":"Feature","geometry":{"type":"Polygon","coordinates":[[[105.2218,20.3222],[105.2248,20.3261],[105.2288,20.3286],[105.2391,20.3362],[105.2392,20.342],[105.2418,20.3414],[105.2439,20.3423],[105.2519,20.3492],[105.2599,20.3572],[105.2714,20.3628],[105.2756,20.3602],[105.2777,20.3615],[105.2798,20.366],[105.2816,20.3673],[105.2903,20.368],[105.2887,20.3652],[105.2897,20.3603],[105.2883,20.3585],[105.2896,20.3555],[105.2927,20.352],[105.294,20.3459],[105.2965,20.3435],[105.3041,20.3395],[105.3039,20.3357],[105.3047,20.3335],[105.3087,20.3292],[105.3135,20.3249],[105.3191,20.3227],[105.3265,20.3225],[105.3323,20.3175],[105.334,20.3165],[105.338,20.3097],[105.3405,20.3081],[105.3428,20.3045],[105.3383,20.3022],[105.3361,20.2988],[105.3351,20.2941],[105.3367,20.2923],[105.3338,20.2888],[105.339,20.2806],[105.3378,20.2763],[105.3393,20.2721],[105.3445,20.2708],[105.3459,20.2681],[105.3451,20.2645],[105.3393,20.2657],[105.3363,20.2641],[105.3305,20.2636],[105.3284,20.2587],[105.3266,20.26],[105.3236,20.2598],[105.3205,20.2636],[105.3135,20.2567],[105.3093,20.2601],[105.308,20.2624],[105.3044,20.266],[105.3028,20.269],[105.2999,20.2717],[105.3004,20.2739],[105.2957,20.2756],[105.2923,20.2815],[105.2867,20.2881],[105.2844,20.2889],[105.2838,20.2909],[105.2895,20.2951],[105.2896,20.2972],[105.2917,20.2994],[105.287,20.3027],[105.2806,20.3094],[105.2777,20.3157],[105.2769,20.3207],[105.2695,20.3178],[105.2677,20.3216],[105.2652,20.3179],[105.265,20.3159],[105.261,20.3131],[105.2575,20.3136],[105.258,20.3113],[105.254,20.3077],[105.2486,20.3051],[105.2426,20.3052],[105.2402,20.3044],[105.2405,20.3062],[105.2363,20.3073],[105.235,20.3085],[105.2317,20.3151],[105.2273,20.3167],[105.2237,20.3209],[105.2218,20.3222]]]},"properties":{"name":"Điền Lư","level":"ward"}},{"type":"Feature","geometry":{"type":"Polygon","coordinates":[[[105.2903,20.368],[105.2955,20.3721],[105.296,20.378],[105.2979,20.3798],[105.2927,20.3806],[105.2891,20.3826],[105.2856,20.3858],[105.2875,20.3879],[105.2873,20.3913],[105.2854,20.3958],[105.2954,20.4048],[105.2919,20.4135],[105.2938,20.4174],[105.3006,20.4176],[105.303,20.4209],[105.3057,20.4166],[105.3076,20.4157],[105.3143,20.411],[105.3157,20.4093],[105.3199,20.4084],[105.321,20.4062],[105.3235,20.4041],[105.3257,20.4053],[105.3297,20.4021],[105.3336,20.4007],[105.3369,20.3979],[105.3387,20.3984],[105.3414,20.3972],[105.3443,20.3933],[105.3453,20.3907],[105.3479,20.3906],[105.3517,20.3891],[105.3572,20.3922],[105.3619,20.39],[105.3658,20.3897],[105.3688,20.3855],[105.3727,20.384],[105.3769,20.3845],[105.3788,20.3836],[105.3805,20.3811],[105.389,20.3774],[105.3916,20.3772],[105.4011,20.3748],[105.4065,20.3727],[105.4097,20.3733],[105.411,20.3711],[105.4137,20.3693],[105.4143,20.3676],[105.4177,20.3633],[105.4183,20.3613],[105.4218,20.3569],[105.4234,20.3538],[105.4261,20.3514],[105.429,20.3499],[105.4297,20.3464],[105.4285,20.3414],[105.4165,20.3368],[105.417,20.334],[105.4141,20.3269],[105.4122,20.3247],[105.4076,20.3229],[105.4062,20.3185],[105.4108,20.3157],[105.4119,20.3142],[105.4179,20.3024],[105.4083,20.301],[105.404,20.3012],[105.3996,20.3004],[105.3969,20.2984],[105.3973,20.2943],[105.3987,20.29],[105.4012,20.2854],[105.4044,20.2829],[105.406,20.2828],[105.4084,20.2803],[105.4084,20.2787],[105.4055,20.2721],[105.3968,20.2674],[105.3919,20.2622],[105.3896,20.2621],[105.3829,20.2678],[105.3768,20.2708],[105.375,20.2723],[105.3741,20.2773],[105.3676,20.2856],[105.3657,20.2869],[105.3626,20.2867],[105.3576,20.2913],[105.3557,20.2912],[105.3545,20.2949],[105.3466,20.3047],[105.3428,20.3045],[105.3405,20.3081],[105.338,20.3097],[105.334,20.3165],[105.3323,20.3175],[105.3265,20.3225],[105.3191,20.3227],[105.3135,20.3249],[105.3087,20.3292],[105.3047,20.3335],[105.3039,20.3357],[105.3041,20.3395],[105.2965,20.3435],[105.294,20.3459],[105.2927,20.352],[105.2896,20.3555],[105.2883,20.3585],[105.2897,20.3603],[105.2887,20.3652],[105.2903,20.368]]]},"properties":{"name":"Quý Lương","level":"ward"}},{"type":"Feature","geometry":{"type":"Polygon","coordinates":[[[105.1636,20.4039],[105.1535,20.4076],[105.15,20.4097],[105.1445,20.4109],[105.1418,20.4122],[105.1369,20.4166],[105.1298,20.4185],[105.1289,20.4193],[105.1237,20.4297],[105.1209,20.4366],[105.1177,20.4408],[105.1169,20.4433],[105.1137,20.4445],[105.1085,20.4511],[105.106,20.4522],[105.1038,20.4546],[105.1025,20.4592],[105.1003,20.4632],[105.0976,20.4665],[105.0974,20.4698],[105.0927,20.4707],[105.0908,20.4731],[105.09,20.4759],[105.0835,20.4819],[105.0817,20.4848],[105.0797,20.4859],[105.0765,20.4898],[105.0719,20.4984],[105.0691,20.5023],[105.0778,20.5097],[105.0799,20.5101],[105.0885,20.5173],[105.0883,20.5211],[105.0958,20.5296],[105.095,20.5252],[105.0958,20.5215],[105.0987,20.5206],[105.1047,20.515],[105.1119,20.5138],[105.1161,20.511],[105.1159,20.5073],[105.1177,20.5048],[105.1237,20.5005],[105.127,20.5002],[105.1281,20.4985],[105.1274,20.496],[105.1285,20.4911],[105.1322,20.4922],[105.1385,20.4898],[105.1416,20.4897],[105.145,20.4852],[105.1477,20.4831],[105.1499,20.48],[105.1532,20.4802],[105.1526,20.4781],[105.1558,20.4743],[105.156,20.4724],[105.1604,20.4691],[105.1682,20.4738],[105.1729,20.469],[105.1731,20.4672],[105.1759,20.4662],[105.1781,20.4622],[105.1803,20.4611],[105.1806,20.4574],[105.1771,20.4571],[105.1815,20.4529],[105.1827,20.4474],[105.1891,20.4465],[105.1924,20.4415],[105.1934,20.4372],[105.1964,20.4334],[105.1977,20.4305],[105.1972,20.4259],[105.1997,20.4236],[105.1962,20.4214],[105.194,20.4145],[105.1896,20.4123],[105.1867,20.407],[105.1835,20.4066],[105.1804,20.4029],[105.1761,20.4031],[105.1752,20.4019],[105.1666,20.4023],[105.1636,20.4039]]]},"properties":{"name":"Pù Luông","level":"ward"}},{"type":"Feature","geometry":{"type":"Polygon","coordinates":[[[105.0958,20.5296],[105.0965,20.5324],[105.0998,20.5334],[105.1055,20.5381],[105.1062,20.5401],[105.1027,20.5436],[105.1043,20.5464],[105.1017,20.5509],[105.1064,20.5561],[105.0999,20.562],[105.0961,20.5664],[105.099,20.5718],[105.1061,20.573],[105.1083,20.5679],[105.1106,20.5644],[105.1125,20.563],[105.1171,20.562],[105.1205,20.5623],[105.1281,20.5567],[105.1312,20.5557],[105.1325,20.553],[105.1355,20.5514],[105.1363,20.548],[105.141,20.5438],[105.1444,20.5432],[105.1486,20.5448],[105.1522,20.5435],[105.1548,20.539],[105.1578,20.537],[105.1618,20.5356],[105.1629,20.5289],[105.1631,20.5235],[105.1655,20.5206],[105.1689,20.5186],[105.1702,20.5153],[105.1737,20.5164],[105.178,20.5166],[105.1785,20.518],[105.1828,20.5212],[105.1845,20.5214],[105.1901,20.5174],[105.1988,20.5175],[105.2014,20.5187],[105.2037,20.5182],[105.2083,20.5158],[105.2114,20.5155],[105.2125,20.5124],[105.2159,20.5092],[105.2245,20.5048],[105.2266,20.5055],[105.2316,20.5029],[105.2299,20.4992],[105.2307,20.4971],[105.2334,20.4964],[105.2355,20.494],[105.2405,20.4931],[105.2447,20.488],[105.2431,20.4838],[105.2398,20.4798],[105.241,20.4782],[105.2414,20.4752],[105.2473,20.4717],[105.2524,20.4705],[105.2552,20.4685],[105.2601,20.4668],[105.2633,20.463],[105.2635,20.4593],[105.2623,20.4563],[105.2646,20.4548],[105.2672,20.4552],[105.2663,20.4519],[105.2644,20.4495],[105.2641,20.4439],[105.2606,20.4369],[105.2582,20.4343],[105.2569,20.4335],[105.2532,20.4281],[105.2519,20.4238],[105.249,20.4236],[105.2483,20.4221],[105.2493,20.416],[105.2393,20.4071],[105.2321,20.4097],[105.2283,20.4117],[105.2161,20.4169],[105.2134,20.4197],[105.207,20.4232],[105.1997,20.4236],[105.1972,20.4259],[105.1977,20.4305],[105.1964,20.4334],[105.1934,20.4372],[105.1924,20.4415],[105.1891,20.4465],[105.1827,20.4474],[105.1815,20.4529],[105.1771,20.4571],[105.1806,20.4574],[105.1803,20.4611],[105.1781,20.4622],[105.1759,20.4662],[105.1731,20.4672],[105.1729,20.469],[105.1682,20.4738],[105.1604,20.4691],[105.156,20.4724],[105.1558,20.4743],[105.1526,20.4781],[105.1532,20.4802],[105.1499,20.48],[105.1477,20.4831],[105.145,20.4852],[105.1416,20.4897],[105.1385,20.4898],[105.1322,20.4922],[105.1285,20.4911],[105.1274,20.496],[105.1281,20.4985],[105.127,20.5002],[105.1237,20.5005],[105.1177,20.5048],[105.1159,20.5073],[105.1161,20.511],[105.1119,20.5138],[105.1047,20.515],[105.0987,20.5206],[105.0958,20.5215],[105.095,20.5252],[105.0958,20.5296]]]},"properties":{"name":"Cổ Lũng","level":"ward"}},{"type":"Feature","geometry":{"type":"Polygon","coordinates":[[[105.1115,20.3154],[105.1156,20.3145],[105.1181,20.312],[105.1201,20.3084],[105.1286,20.3052],[105.1301,20.3055],[105.133,20.3019],[105.1351,20.3011],[105.1389,20.2978],[105.1453,20.2959],[105.1526,20.2906],[105.1547,20.2874],[105.1573,20.2892],[105.1591,20.2876],[105.1621,20.2889],[105.1664,20.2887],[105.1677,20.2843],[105.1654,20.2834],[105.1669,20.2793],[105.1693,20.2764],[105.1652,20.2718],[105.1684,20.2681],[105.1669,20.2614],[105.1687,20.2574],[105.1709,20.2545],[105.1753,20.2509],[105.1776,20.2476],[105.1613,20.239],[105.1619,20.2318],[105.1594,20.2252],[105.1602,20.2225],[105.1598,20.2176],[105.1573,20.2143],[105.1525,20.2157],[105.1423,20.2203],[105.1352,20.2253],[105.1163,20.2268],[105.1098,20.2296],[105.1096,20.2348],[105.1082,20.2414],[105.1039,20.2452],[105.0993,20.2458],[105.0984,20.2469],[105.0926,20.2487],[105.0883,20.2518],[105.0871,20.2534],[105.0866,20.2592],[105.088,20.2631],[105.0871,20.268],[105.0827,20.2717],[105.0834,20.275],[105.0854,20.2787],[105.0883,20.2814],[105.0863,20.2894],[105.0878,20.2924],[105.0866,20.2963],[105.0845,20.2985],[105.0866,20.3012],[105.0888,20.301],[105.0978,20.3039],[105.0997,20.3068],[105.104,20.3082],[105.1075,20.3129],[105.1115,20.3154]]]},"properties":{"name":"Văn Nho","level":"ward"}},{"type":"Feature","geometry":{"type":"Polygon","coordinates":[[[105.1211,20.3448],[105.1237,20.3439],[105.1273,20.3443],[105.13,20.3433],[105.1315,20.3405],[105.1334,20.3396],[105.1358,20.3365],[105.1378,20.3357],[105.1423,20.3316],[105.1479,20.3322],[105.1501,20.3311],[105.156,20.3318],[105.1601,20.3318],[105.1647,20.331],[105.171,20.3342],[105.1722,20.3359],[105.1805,20.3371],[105.1831,20.3379],[105.1853,20.3343],[105.1854,20.3316],[105.1899,20.3306],[105.1917,20.3314],[105.1938,20.3296],[105.2018,20.3317],[105.2033,20.3281],[105.2085,20.3224],[105.2146,20.3245],[105.217,20.3221],[105.218,20.318],[105.2216,20.3156],[105.2218,20.3222],[105.2237,20.3209],[105.2273,20.3167],[105.2317,20.3151],[105.235,20.3085],[105.2363,20.3073],[105.2405,20.3062],[105.2402,20.3044],[105.2368,20.297],[105.2335,20.2936],[105.229,20.2911],[105.2305,20.2831],[105.2346,20.2746],[105.2364,20.2679],[105.2366,20.2626],[105.2329,20.2612],[105.2309,20.2597],[105.2261,20.2581],[105.2243,20.2568],[105.2197,20.2554],[105.2176,20.2521],[105.2205,20.2496],[105.2216,20.2439],[105.2243,20.2441],[105.2264,20.2398],[105.2301,20.2367],[105.2348,20.2295],[105.2291,20.2221],[105.2314,20.2176],[105.2312,20.2161],[105.2342,20.2125],[105.2216,20.2154],[105.2198,20.2149],[105.2168,20.2168],[105.2124,20.2143],[105.2097,20.2114],[105.2065,20.2138],[105.2017,20.2195],[105.2015,20.2222],[105.1992,20.2245],[105.1988,20.2279],[105.1955,20.2331],[105.1953,20.2355],[105.193,20.2379],[105.1921,20.2409],[105.1885,20.2396],[105.1823,20.242],[105.181,20.2453],[105.1776,20.2476],[105.1753,20.2509],[105.1709,20.2545],[105.1687,20.2574],[105.1669,20.2614],[105.1684,20.2681],[105.1652,20.2718],[105.1693,20.2764],[105.1669,20.2793],[105.1654,20.2834],[105.1677,20.2843],[105.1664,20.2887],[105.1621,20.2889],[105.1591,20.2876],[105.1573,20.2892],[105.1547,20.2874],[105.1526,20.2906],[105.1453,20.2959],[105.1389,20.2978],[105.1351,20.3011],[105.133,20.3019],[105.1301,20.3055],[105.1286,20.3052],[105.1201,20.3084],[105.1181,20.312],[105.1156,20.3145],[105.1115,20.3154],[105.1106,20.3165],[105.1177,20.3253],[105.1242,20.3315],[105.1228,20.3329],[105.123,20.3359],[105.1205,20.3378],[105.1201,20.3425],[105.1211,20.3448]]]},"properties":{"name":"Thiết Ống","level":"ward"}},{"type":"Feature","geometry":{"type":"Polygon","coordinates":[[[105.0767,20.3786],[105.0807,20.3752],[105.0858,20.373],[105.0944,20.374],[105.0988,20.3715],[105.0989,20.3658],[105.1037,20.3672],[105.1083,20.3631],[105.1112,20.3595],[105.1133,20.3583],[105.1143,20.3551],[105.1164,20.3545],[105.1199,20.3515],[105.1211,20.3448],[105.1201,20.3425],[105.1205,20.3378],[105.123,20.3359],[105.1228,20.3329],[105.1242,20.3315],[105.1177,20.3253],[105.1106,20.3165],[105.1115,20.3154],[105.1075,20.3129],[105.104,20.3082],[105.0997,20.3068],[105.0978,20.3039],[105.0888,20.301],[105.0866,20.3012],[105.0845,20.2985],[105.0866,20.2963],[105.0878,20.2924],[105.0863,20.2894],[105.0883,20.2814],[105.0854,20.2787],[105.0834,20.275],[105.0827,20.2717],[105.08,20.2717],[105.0748,20.267],[105.0691,20.2697],[105.0648,20.2703],[105.061,20.272],[105.055,20.2763],[105.0486,20.2831],[105.0482,20.2841],[105.0428,20.287],[105.0402,20.2875],[105.0366,20.2901],[105.0349,20.2922],[105.0327,20.2926],[105.0302,20.2959],[105.0283,20.2946],[105.025,20.2899],[105.0222,20.2879],[105.0207,20.2824],[105.0197,20.2709],[105.0225,20.268],[105.0255,20.2663],[105.026,20.2644],[105.0301,20.2616],[105.0318,20.2588],[105.0344,20.2583],[105.0375,20.255],[105.042,20.2547],[105.0402,20.2526],[105.0417,20.2468],[105.0373,20.245],[105.0355,20.2457],[105.0301,20.2454],[105.0275,20.2439],[105.025,20.2451],[105.0144,20.2448],[105.0118,20.244],[105.0074,20.2415],[105.0071,20.2471],[105.0058,20.249],[105.0057,20.2557],[105.0072,20.2574],[105.0049,20.2636],[105.0056,20.2652],[105.0032,20.2688],[105.0016,20.2689],[104.999,20.2713],[104.999,20.2762],[105.0001,20.2777],[104.9989,20.2831],[104.9988,20.2879],[105.0037,20.2872],[105.0059,20.2889],[105.0049,20.2932],[104.9977,20.2934],[104.9914,20.2967],[104.9872,20.2977],[104.9856,20.2997],[104.9812,20.2995],[104.9799,20.3008],[104.9762,20.3019],[104.973,20.304],[104.97,20.3068],[104.9645,20.3087],[104.9605,20.3109],[104.9577,20.3134],[104.9555,20.3183],[104.9533,20.3194],[104.951,20.3275],[104.9522,20.329],[104.9552,20.3311],[104.9561,20.3292],[104.9666,20.3252],[104.9707,20.3286],[104.9718,20.3322],[104.9752,20.3352],[104.9751,20.344],[104.9762,20.3461],[104.9796,20.3477],[104.9882,20.3433],[104.9898,20.3408],[104.9952,20.3361],[104.9989,20.3364],[104.9992,20.3397],[104.9995,20.34],[105.0009,20.3421],[105.001,20.3423],[105.0012,20.3425],[105.0024,20.344],[105.0088,20.3444],[105.0097,20.3451],[105.0102,20.3457],[105.0128,20.3492],[105.0135,20.3502],[105.0146,20.3504],[105.019,20.3505],[105.0217,20.3492],[105.0249,20.3489],[105.0283,20.3496],[105.0313,20.3481],[105.0339,20.3485],[105.0392,20.3458],[105.04,20.3442],[105.0432,20.344],[105.0451,20.3472],[105.0507,20.3459],[105.0573,20.3502],[105.0634,20.3519],[105.0633,20.3555],[105.0645,20.358],[105.0667,20.3598],[105.0673,20.3602],[105.0716,20.3623],[105.0702,20.3679],[105.0708,20.3687],[105.0711,20.3718],[105.0736,20.3762],[105.0741,20.377],[105.0767,20.3786]]]},"properties":{"name":"Trung Hạ","level":"ward"}},{"type":"Feature","geometry":{"type":"Polygon","coordinates":[[[104.9209,20.1575],[104.9183,20.1555],[104.9138,20.1558],[104.9115,20.1551],[104.9106,20.1532],[104.907,20.1505],[104.8994,20.1481],[104.8975,20.1469],[104.8935,20.1476],[104.8884,20.1474],[104.8859,20.1465],[104.883,20.1437],[104.8787,20.1433],[104.876,20.1457],[104.8719,20.1443],[104.8706,20.1427],[104.8614,20.1428],[104.8586,20.1434],[104.8554,20.1477],[104.8511,20.1476],[104.8485,20.1499],[104.8431,20.1483],[104.8358,20.1566],[104.8323,20.1554],[104.8299,20.1562],[104.8275,20.159],[104.8246,20.1598],[104.8231,20.1616],[104.8233,20.1648],[104.8213,20.1675],[104.8199,20.1711],[104.8143,20.172],[104.8133,20.1737],[104.8089,20.1763],[104.8072,20.1782],[104.8026,20.1795],[104.7998,20.1831],[104.7968,20.1829],[104.7961,20.1864],[104.7946,20.1879],[104.792,20.188],[104.7891,20.1917],[104.7803,20.1936],[104.7762,20.1965],[104.7752,20.1984],[104.7684,20.2003],[104.7685,20.2051],[104.765,20.2072],[104.766,20.2105],[104.7656,20.2151],[104.7672,20.2167],[104.7744,20.2168],[104.7807,20.2183],[104.7849,20.2176],[104.7847,20.2197],[104.7862,20.2232],[104.7917,20.2262],[104.7961,20.2277],[104.7976,20.229],[104.8011,20.2277],[104.8042,20.2281],[104.8082,20.2304],[104.8125,20.2299],[104.8199,20.2279],[104.8288,20.2319],[104.8313,20.2314],[104.835,20.2305],[104.8482,20.2254],[104.852,20.2221],[104.8555,20.2207],[104.8574,20.221],[104.8671,20.2163],[104.8746,20.2141],[104.8788,20.2093],[104.8814,20.2078],[104.8861,20.2073],[104.8887,20.2055],[104.891,20.2007],[104.9003,20.1988],[104.8999,20.1964],[104.8978,20.1952],[104.8978,20.1912],[104.9005,20.1894],[104.9008,20.1893],[104.9055,20.1872],[104.9116,20.1872],[104.9095,20.1816],[104.9117,20.1781],[104.9133,20.1722],[104.9162,20.1639],[104.9184,20.1602],[104.9209,20.1575]]]},"properties":{"name":"Tam Thanh","level":"ward"}},{"type":"Feature","geometry":{"type":"Polygon","coordinates":[[[104.7139,20.3992],[104.7138,20.3984],[104.7186,20.3954],[104.7271,20.3954],[104.7352,20.3933],[104.7381,20.3946],[104.7411,20.3936],[104.7429,20.3911],[104.7473,20.3907],[104.7503,20.3888],[104.7546,20.3885],[104.7575,20.3903],[104.7623,20.3901],[104.7649,20.3921],[104.7695,20.3888],[104.7716,20.3885],[104.7742,20.3901],[104.7758,20.3933],[104.7763,20.3966],[104.778,20.3992],[104.7798,20.3996],[104.7845,20.4038],[104.7869,20.4036],[104.7912,20.3985],[104.7935,20.3993],[104.797,20.3991],[104.7991,20.401],[104.8028,20.3996],[104.804,20.3948],[104.8087,20.3891],[104.8066,20.3872],[104.8074,20.3816],[104.8063,20.3796],[104.8104,20.3712],[104.8113,20.3671],[104.8151,20.3605],[104.8171,20.3583],[104.8164,20.3556],[104.8183,20.3535],[104.8138,20.3512],[104.8138,20.3488],[104.8184,20.3401],[104.8158,20.3398],[104.8147,20.3376],[104.8122,20.3364],[104.8125,20.3322],[104.811,20.3288],[104.8088,20.3264],[104.807,20.326],[104.8035,20.321],[104.8008,20.3186],[104.7985,20.3189],[104.794,20.3176],[104.7936,20.3194],[104.7868,20.3166],[104.7824,20.3156],[104.78,20.3162],[104.7738,20.3107],[104.7718,20.3068],[104.7676,20.3066],[104.7665,20.3013],[104.7627,20.3033],[104.7585,20.3026],[104.7548,20.3034],[104.7495,20.3032],[104.748,20.304],[104.7431,20.3045],[104.7406,20.3035],[104.7374,20.3039],[104.7347,20.3032],[104.7331,20.3009],[104.7297,20.2988],[104.7269,20.2947],[104.7269,20.2926],[104.7225,20.2883],[104.7188,20.287],[104.7173,20.2852],[104.7149,20.2849],[104.713,20.2815],[104.7111,20.2832],[104.709,20.287],[104.7081,20.2919],[104.7102,20.2983],[104.7096,20.304],[104.7115,20.3108],[104.7129,20.3194],[104.712,20.3217],[104.7093,20.325],[104.7054,20.3276],[104.7036,20.3312],[104.7039,20.3344],[104.703,20.3361],[104.7045,20.3396],[104.7041,20.344],[104.7007,20.3479],[104.6973,20.3478],[104.6873,20.3549],[104.6845,20.3587],[104.6754,20.3613],[104.6721,20.3631],[104.6683,20.3625],[104.6622,20.3635],[104.6561,20.3622],[104.6518,20.3623],[104.6483,20.3631],[104.6451,20.3661],[104.6442,20.3681],[104.6398,20.3731],[104.6436,20.3728],[104.6454,20.374],[104.6452,20.3764],[104.6465,20.3791],[104.6486,20.3801],[104.6554,20.3799],[104.6571,20.3825],[104.6629,20.3847],[104.6652,20.3883],[104.6699,20.3879],[104.671,20.3902],[104.674,20.3911],[104.6778,20.3957],[104.6834,20.3965],[104.6836,20.4036],[104.6875,20.401],[104.6923,20.4],[104.6945,20.4007],[104.6968,20.3992],[104.702,20.3983],[104.7064,20.3993],[104.7086,20.3983],[104.7139,20.3992]]]},"properties":{"name":"Sơn Thuỷ","level":"ward"}},{"type":"Feature","geometry":{"type":"Polygon","coordinates":[[[104.6398,20.3731],[104.6442,20.3681],[104.6451,20.3661],[104.6483,20.3631],[104.6518,20.3623],[104.6561,20.3622],[104.6622,20.3635],[104.6683,20.3625],[104.6721,20.3631],[104.6754,20.3613],[104.6845,20.3587],[104.6873,20.3549],[104.6973,20.3478],[104.7007,20.3479],[104.7041,20.344],[104.7045,20.3396],[104.703,20.3361],[104.7039,20.3344],[104.7036,20.3312],[104.7054,20.3276],[104.7093,20.325],[104.712,20.3217],[104.7129,20.3194],[104.7115,20.3108],[104.7096,20.304],[104.7102,20.2983],[104.7081,20.2919],[104.709,20.287],[104.7111,20.2832],[104.713,20.2815],[104.7103,20.2801],[104.7074,20.2797],[104.7049,20.2806],[104.7036,20.2773],[104.7047,20.2762],[104.7036,20.2699],[104.7022,20.2657],[104.701,20.2584],[104.6983,20.2498],[104.6929,20.2475],[104.6816,20.2457],[104.6784,20.2457],[104.6742,20.2445],[104.6714,20.2425],[104.6694,20.24],[104.6646,20.2402],[104.6602,20.2385],[104.6592,20.2336],[104.6527,20.2327],[104.6475,20.2332],[104.6449,20.2348],[104.6412,20.2342],[104.6351,20.2292],[104.6334,20.2284],[104.6302,20.2293],[104.6273,20.2323],[104.627,20.2338],[104.6232,20.2358],[104.6188,20.2392],[104.6175,20.2411],[104.6151,20.2416],[104.6131,20.2439],[104.6133,20.2487],[104.6122,20.2536],[104.609,20.2562],[104.6112,20.2591],[104.612,20.2644],[104.611,20.2657],[104.6118,20.269],[104.6104,20.2751],[104.6146,20.2755],[104.6126,20.2801],[104.6151,20.2806],[104.6162,20.2876],[104.6174,20.2922],[104.6227,20.2937],[104.6205,20.298],[104.6179,20.299],[104.618,20.303],[104.6156,20.3052],[104.6153,20.3119],[104.6187,20.3146],[104.6174,20.318],[104.6203,20.3203],[104.6198,20.3237],[104.6176,20.3267],[104.6187,20.3294],[104.6191,20.3347],[104.6217,20.342],[104.6191,20.3457],[104.6155,20.3472],[104.6149,20.3509],[104.616,20.3547],[104.6167,20.3603],[104.6203,20.3626],[104.6222,20.3659],[104.6269,20.3659],[104.6297,20.3682],[104.6337,20.3702],[104.6362,20.3701],[104.6398,20.3731]]]},"properties":{"name":"Na Mèo","level":"ward"}},{"type":"Feature","geometry":{"type":"Polygon","coordinates":[[[104.8724,20.3137],[104.8829,20.3092],[104.8848,20.3057],[104.8879,20.3043],[104.8909,20.3019],[104.8946,20.3041],[104.898,20.3033],[104.9027,20.3067],[104.9081,20.3067],[104.9087,20.3078],[104.9124,20.308],[104.9149,20.3104],[104.9222,20.3126],[104.9237,20.3145],[104.9224,20.317],[104.9231,20.321],[104.9262,20.3243],[104.9307,20.3252],[104.9344,20.3276],[104.9411,20.3253],[104.944,20.3282],[104.9522,20.329],[104.951,20.3275],[104.9533,20.3194],[104.9555,20.3183],[104.9577,20.3134],[104.9605,20.3109],[104.9645,20.3087],[104.97,20.3068],[104.973,20.304],[104.9762,20.3019],[104.9799,20.3008],[104.9812,20.2995],[104.9856,20.2997],[104.9872,20.2977],[104.9914,20.2967],[104.9977,20.2934],[105.0049,20.2932],[105.0059,20.2889],[105.0037,20.2872],[104.9988,20.2879],[104.9989,20.2831],[105.0001,20.2777],[104.999,20.2762],[104.999,20.2713],[105.0016,20.2689],[105.0032,20.2688],[105.0056,20.2652],[105.0049,20.2636],[105.0072,20.2574],[105.0057,20.2557],[105.0058,20.249],[105.0071,20.2471],[105.0074,20.2415],[105.0025,20.2379],[104.999,20.2407],[104.9954,20.2419],[104.9939,20.2441],[104.9906,20.2435],[104.9878,20.2441],[104.9871,20.2459],[104.9846,20.2472],[104.9798,20.2477],[104.9759,20.2503],[104.9757,20.2517],[104.9703,20.2525],[104.9645,20.252],[104.9622,20.2492],[104.9539,20.2448],[104.9495,20.2441],[104.946,20.2466],[104.9432,20.2445],[104.9391,20.2444],[104.9367,20.2377],[104.9308,20.2399],[104.9264,20.2365],[104.9201,20.2328],[104.9192,20.2346],[104.9155,20.2362],[104.91,20.2405],[104.911,20.2425],[104.9093,20.2451],[104.9055,20.2441],[104.9022,20.2487],[104.8996,20.2482],[104.8949,20.2486],[104.889,20.2483],[104.8867,20.2504],[104.8865,20.2526],[104.8832,20.2548],[104.881,20.2589],[104.8775,20.26],[104.8768,20.2645],[104.8748,20.2667],[104.8725,20.267],[104.8678,20.2636],[104.8603,20.2651],[104.8597,20.2691],[104.8613,20.2729],[104.8614,20.2778],[104.8647,20.2804],[104.866,20.2842],[104.8698,20.2913],[104.8737,20.2921],[104.8761,20.294],[104.878,20.302],[104.876,20.3029],[104.8744,20.3058],[104.8726,20.3066],[104.8724,20.3137]]]},"properties":{"name":"Quan Sơn","level":"ward"}},{"type":"Feature","geometry":{"type":"Polygon","coordinates":[[[104.9209,20.1575],[104.9184,20.1602],[104.9162,20.1639],[104.9133,20.1722],[104.9117,20.1781],[104.9095,20.1816],[104.9116,20.1872],[104.9055,20.1872],[104.9008,20.1893],[104.9005,20.1894],[104.8978,20.1912],[104.8978,20.1952],[104.8999,20.1964],[104.9003,20.1988],[104.891,20.2007],[104.8887,20.2055],[104.8861,20.2073],[104.8814,20.2078],[104.8788,20.2093],[104.8746,20.2141],[104.8671,20.2163],[104.8574,20.221],[104.8555,20.2207],[104.852,20.2221],[104.8482,20.2254],[104.835,20.2305],[104.8313,20.2314],[104.8352,20.238],[104.8352,20.2427],[104.837,20.245],[104.8376,20.2489],[104.8392,20.2516],[104.8376,20.2539],[104.8368,20.2571],[104.845,20.2599],[104.8504,20.2597],[104.8557,20.2607],[104.8603,20.2651],[104.8678,20.2636],[104.8725,20.267],[104.8748,20.2667],[104.8768,20.2645],[104.8775,20.26],[104.881,20.2589],[104.8832,20.2548],[104.8865,20.2526],[104.8867,20.2504],[104.889,20.2483],[104.8949,20.2486],[104.8996,20.2482],[104.9022,20.2487],[104.9055,20.2441],[104.9093,20.2451],[104.911,20.2425],[104.91,20.2405],[104.9155,20.2362],[104.9192,20.2346],[104.9201,20.2328],[104.9264,20.2365],[104.9308,20.2399],[104.9367,20.2377],[104.9391,20.2444],[104.9432,20.2445],[104.946,20.2466],[104.9495,20.2441],[104.9539,20.2448],[104.9622,20.2492],[104.9645,20.252],[104.9703,20.2525],[104.9757,20.2517],[104.9759,20.2503],[104.9798,20.2477],[104.9846,20.2472],[104.9871,20.2459],[104.9878,20.2441],[104.9906,20.2435],[104.9939,20.2441],[104.9954,20.2419],[104.999,20.2407],[105.0025,20.2379],[105.0074,20.2415],[105.0079,20.2374],[105.0098,20.2328],[105.0101,20.2322],[105.0103,20.2301],[105.0101,20.2294],[105.01,20.2287],[105.0078,20.2262],[105.0071,20.2232],[105.0091,20.2199],[105.0091,20.2193],[105.0087,20.2181],[105.0094,20.2132],[105.0092,20.2122],[105.0091,20.212],[105.0115,20.2066],[105.0117,20.2032],[105.0137,20.2007],[105.0128,20.1952],[105.0138,20.1928],[105.0158,20.1912],[105.0156,20.1841],[105.0115,20.1782],[105.0112,20.1727],[105.0103,20.1688],[105.0079,20.1617],[105.0024,20.16],[104.9998,20.1561],[104.9974,20.1544],[104.9956,20.1498],[104.9954,20.1454],[104.9924,20.14],[104.9877,20.1369],[104.9829,20.1304],[104.9819,20.1265],[104.982,20.123],[104.981,20.1195],[104.9784,20.1146],[104.9738,20.1089],[104.9731,20.1073],[104.9749,20.1048],[104.9732,20.1019],[104.9736,20.0982],[104.9724,20.0979],[104.9688,20.0999],[104.9648,20.0998],[104.961,20.1047],[104.9613,20.1121],[104.9569,20.113],[104.9531,20.1148],[104.9516,20.1186],[104.9472,20.1223],[104.9452,20.1215],[104.9426,20.1233],[104.9383,20.1242],[104.9346,20.1261],[104.933,20.1296],[104.9306,20.1302],[104.9298,20.1321],[104.9258,20.1358],[104.9254,20.1385],[104.9217,20.1407],[104.9213,20.1456],[104.9296,20.1495],[104.9297,20.1529],[104.9284,20.1541],[104.9273,20.1585],[104.9209,20.1575]]]},"properties":{"name":"Tam Lư","level":"ward"}},{"type":"Feature","geometry":{"type":"Polygon","coordinates":[[[104.8184,20.3401],[104.8222,20.3385],[104.828,20.3396],[104.835,20.3321],[104.8374,20.3279],[104.8406,20.3254],[104.8441,20.3203],[104.8507,20.3162],[104.8597,20.3143],[104.8689,20.3151],[104.8724,20.3137],[104.8726,20.3066],[104.8744,20.3058],[104.876,20.3029],[104.878,20.302],[104.8761,20.294],[104.8737,20.2921],[104.8698,20.2913],[104.866,20.2842],[104.8647,20.2804],[104.8614,20.2778],[104.8613,20.2729],[104.8597,20.2691],[104.8603,20.2651],[104.8557,20.2607],[104.8504,20.2597],[104.845,20.2599],[104.8368,20.2571],[104.8376,20.2539],[104.8392,20.2516],[104.8376,20.2489],[104.837,20.245],[104.8352,20.2427],[104.8352,20.238],[104.8313,20.2314],[104.8288,20.2319],[104.8199,20.2279],[104.8125,20.2299],[104.8082,20.2304],[104.8042,20.2281],[104.8011,20.2277],[104.7976,20.229],[104.7961,20.2277],[104.7917,20.2262],[104.7862,20.2232],[104.7847,20.2197],[104.7849,20.2176],[104.7807,20.2183],[104.7744,20.2168],[104.7672,20.2167],[104.7656,20.2151],[104.766,20.2105],[104.765,20.2072],[104.7685,20.2051],[104.7684,20.2003],[104.7652,20.1986],[104.7607,20.1994],[104.7583,20.2006],[104.758,20.2029],[104.755,20.208],[104.7541,20.2117],[104.7543,20.2173],[104.7584,20.2198],[104.7629,20.2206],[104.7711,20.2192],[104.7738,20.2209],[104.7802,20.2226],[104.7805,20.2243],[104.7789,20.2283],[104.7762,20.2307],[104.7732,20.2346],[104.768,20.2363],[104.7637,20.2403],[104.7614,20.2469],[104.7614,20.2542],[104.7608,20.2568],[104.7643,20.2587],[104.7645,20.2682],[104.7649,20.2717],[104.7638,20.2766],[104.7649,20.2777],[104.7627,20.2803],[104.765,20.2847],[104.7698,20.2859],[104.7742,20.2908],[104.779,20.2936],[104.7862,20.3003],[104.7912,20.3008],[104.7951,20.3033],[104.8029,20.3036],[104.8047,20.3044],[104.8078,20.3141],[104.8088,20.3264],[104.811,20.3288],[104.8125,20.3322],[104.8122,20.3364],[104.8147,20.3376],[104.8158,20.3398],[104.8184,20.3401]]]},"properties":{"name":"Sơn Điện","level":"ward"}},{"type":"Feature","geometry":{"type":"Polygon","coordinates":[[[104.713,20.2815],[104.7149,20.2849],[104.7173,20.2852],[104.7188,20.287],[104.7225,20.2883],[104.7269,20.2926],[104.7269,20.2947],[104.7297,20.2988],[104.7331,20.3009],[104.7347,20.3032],[104.7374,20.3039],[104.7406,20.3035],[104.7431,20.3045],[104.748,20.304],[104.7495,20.3032],[104.7548,20.3034],[104.7585,20.3026],[104.7627,20.3033],[104.7665,20.3013],[104.7676,20.3066],[104.7718,20.3068],[104.7738,20.3107],[104.78,20.3162],[104.7824,20.3156],[104.7868,20.3166],[104.7936,20.3194],[104.794,20.3176],[104.7985,20.3189],[104.8008,20.3186],[104.8035,20.321],[104.807,20.326],[104.8088,20.3264],[104.8078,20.3141],[104.8047,20.3044],[104.8029,20.3036],[104.7951,20.3033],[104.7912,20.3008],[104.7862,20.3003],[104.779,20.2936],[104.7742,20.2908],[104.7698,20.2859],[104.765,20.2847],[104.7627,20.2803],[104.7649,20.2777],[104.7638,20.2766],[104.7649,20.2717],[104.7645,20.2682],[104.7643,20.2587],[104.7608,20.2568],[104.7614,20.2542],[104.7614,20.2469],[104.7637,20.2403],[104.768,20.2363],[104.7732,20.2346],[104.7762,20.2307],[104.7789,20.2283],[104.7805,20.2243],[104.7802,20.2226],[104.7738,20.2209],[104.7711,20.2192],[104.7629,20.2206],[104.7584,20.2198],[104.7543,20.2173],[104.7541,20.2117],[104.755,20.208],[104.758,20.2029],[104.7583,20.2006],[104.755,20.1985],[104.746,20.1996],[104.7407,20.1991],[104.7327,20.2025],[104.7303,20.2023],[104.7261,20.2005],[104.7193,20.201],[104.7179,20.2035],[104.7148,20.2057],[104.7096,20.2053],[104.7061,20.2067],[104.7046,20.2105],[104.7021,20.2124],[104.6997,20.2125],[104.6944,20.215],[104.6902,20.2159],[104.6855,20.2183],[104.6814,20.2163],[104.6733,20.2162],[104.6682,20.2183],[104.668,20.2234],[104.6664,20.2245],[104.6667,20.2275],[104.6638,20.2284],[104.6634,20.2306],[104.6615,20.233],[104.6592,20.2336],[104.6602,20.2385],[104.6646,20.2402],[104.6694,20.24],[104.6714,20.2425],[104.6742,20.2445],[104.6784,20.2457],[104.6816,20.2457],[104.6929,20.2475],[104.6983,20.2498],[104.701,20.2584],[104.7022,20.2657],[104.7036,20.2699],[104.7047,20.2762],[104.7036,20.2773],[104.7049,20.2806],[104.7074,20.2797],[104.7103,20.2801],[104.713,20.2815]]]},"properties":{"name":"Mường Mìn","level":"ward"}},{"type":"Feature","geometry":{"type":"Polygon","coordinates":[[[104.9736,20.0982],[104.9732,20.1019],[104.9749,20.1048],[104.9731,20.1073],[104.9738,20.1089],[104.9784,20.1146],[104.981,20.1195],[104.982,20.123],[104.9819,20.1265],[104.9829,20.1304],[104.9877,20.1369],[104.9924,20.14],[104.9954,20.1454],[104.9956,20.1498],[104.9974,20.1544],[104.9998,20.1561],[105.0024,20.16],[105.0079,20.1617],[105.0103,20.1688],[105.0112,20.1727],[105.0115,20.1782],[105.0156,20.1841],[105.0158,20.1912],[105.0138,20.1928],[105.0128,20.1952],[105.0137,20.2007],[105.0196,20.2006],[105.0242,20.1999],[105.0281,20.2012],[105.0306,20.2032],[105.034,20.2036],[105.0405,20.207],[105.0463,20.2078],[105.0483,20.2112],[105.0508,20.2117],[105.0528,20.214],[105.0546,20.2136],[105.0611,20.2162],[105.0659,20.2151],[105.072,20.216],[105.0787,20.2128],[105.0801,20.2113],[105.0807,20.2063],[105.0804,20.2021],[105.0807,20.1919],[105.0798,20.1902],[105.0766,20.1885],[105.0754,20.1866],[105.0769,20.1842],[105.0768,20.1675],[105.0736,20.164],[105.0737,20.159],[105.0711,20.156],[105.0661,20.1516],[105.0635,20.1514],[105.0616,20.1525],[105.0589,20.1503],[105.0568,20.1439],[105.0522,20.1388],[105.0534,20.1378],[105.0532,20.1343],[105.0515,20.1302],[105.0523,20.1282],[105.0541,20.1167],[105.0521,20.1076],[105.0498,20.1014],[105.0513,20.0949],[105.0515,20.0877],[105.0535,20.0847],[105.0534,20.0824],[105.0549,20.078],[105.0576,20.0748],[105.0552,20.0726],[105.0507,20.073],[105.0476,20.0748],[105.0351,20.0782],[105.0311,20.0806],[105.0254,20.0823],[105.0185,20.0853],[105.0137,20.0852],[105.0086,20.0898],[105.0083,20.0912],[105.0036,20.0922],[105.0003,20.0954],[104.9973,20.0968],[104.9926,20.0945],[104.9864,20.095],[104.983,20.0971],[104.9736,20.0982]]]},"properties":{"name":"Yên Khương","level":"ward"}},{"type":"Feature","geometry":{"type":"Polygon","coordinates":[[[105.0576,20.0748],[105.0549,20.078],[105.0534,20.0824],[105.0535,20.0847],[105.0515,20.0877],[105.0513,20.0949],[105.0498,20.1014],[105.0521,20.1076],[105.0541,20.1167],[105.0523,20.1282],[105.0515,20.1302],[105.0532,20.1343],[105.0534,20.1378],[105.0522,20.1388],[105.0568,20.1439],[105.0589,20.1503],[105.0616,20.1525],[105.0635,20.1514],[105.0661,20.1516],[105.0711,20.156],[105.0737,20.159],[105.0736,20.164],[105.0768,20.1675],[105.0769,20.1842],[105.0754,20.1866],[105.0766,20.1885],[105.0798,20.1902],[105.0807,20.1919],[105.0804,20.2021],[105.0807,20.2063],[105.0801,20.2113],[105.0843,20.2133],[105.0871,20.2118],[105.0908,20.2158],[105.0939,20.218],[105.1013,20.2206],[105.1017,20.2175],[105.1006,20.2159],[105.1006,20.2113],[105.0943,20.2041],[105.0922,20.1986],[105.0936,20.1945],[105.0964,20.1924],[105.1003,20.1919],[105.1024,20.1908],[105.1083,20.1913],[105.1103,20.1898],[105.1153,20.1892],[105.1173,20.1909],[105.1193,20.1904],[105.1221,20.1873],[105.1259,20.1856],[105.1289,20.1855],[105.1309,20.1868],[105.1369,20.1875],[105.1394,20.1852],[105.1458,20.1818],[105.1484,20.1771],[105.1488,20.1701],[105.1505,20.166],[105.1551,20.1624],[105.1553,20.1607],[105.1535,20.1567],[105.1511,20.1535],[105.1539,20.1505],[105.1572,20.1502],[105.1578,20.1485],[105.1571,20.1447],[105.1555,20.1408],[105.1499,20.1349],[105.1483,20.1301],[105.1479,20.1258],[105.1429,20.1183],[105.1392,20.1184],[105.1374,20.1197],[105.132,20.1191],[105.1292,20.1201],[105.1218,20.1151],[105.1203,20.1129],[105.1177,20.1124],[105.1164,20.1091],[105.1121,20.1052],[105.1055,20.1048],[105.1037,20.1053],[105.0991,20.1047],[105.0943,20.1028],[105.0903,20.1037],[105.085,20.1025],[105.0878,20.0967],[105.0903,20.0954],[105.0914,20.0857],[105.0776,20.078],[105.0749,20.0787],[105.0613,20.0783],[105.0605,20.0756],[105.0576,20.0748]]]},"properties":{"name":"Yên Thắng","level":"ward"}},{"type":"Feature","geometry":{"type":"Polygon","coordinates":[[[105.2746,20.1225],[105.2723,20.1185],[105.2773,20.1097],[105.279,20.1086],[105.2817,20.1033],[105.2864,20.0973],[105.2836,20.0924],[105.2807,20.0859],[105.2829,20.0834],[105.2833,20.0803],[105.2813,20.0795],[105.2819,20.0763],[105.28,20.0733],[105.2777,20.0729],[105.2758,20.0682],[105.2764,20.0636],[105.2748,20.0607],[105.2756,20.0573],[105.2747,20.0531],[105.2763,20.0513],[105.2786,20.0462],[105.2812,20.0426],[105.2814,20.0406],[105.2845,20.0368],[105.2861,20.0277],[105.2848,20.0231],[105.2816,20.0171],[105.28,20.0157],[105.2781,20.0119],[105.2741,20.0084],[105.2715,20.0069],[105.2709,20.0047],[105.2637,20.0031],[105.2537,20.0037],[105.2523,20.0045],[105.2486,20.0092],[105.2452,20.0093],[105.2401,20.0105],[105.232,20.015],[105.2297,20.0177],[105.225,20.0195],[105.2211,20.0174],[105.2143,20.0124],[105.2029,20.011],[105.2015,20.0093],[105.1953,20.0087],[105.1917,20.0092],[105.1863,20.0088],[105.1821,20.0091],[105.1787,20.0101],[105.1762,20.0123],[105.1715,20.0117],[105.1687,20.0122],[105.1644,20.0151],[105.169,20.0202],[105.1681,20.0277],[105.1666,20.0315],[105.1605,20.038],[105.1657,20.0462],[105.1644,20.0511],[105.1659,20.0555],[105.1649,20.0599],[105.1763,20.0633],[105.1802,20.0631],[105.1852,20.0649],[105.188,20.0697],[105.1926,20.0738],[105.1956,20.0743],[105.2058,20.0816],[105.2074,20.0884],[105.2101,20.0955],[105.2137,20.1003],[105.2175,20.0995],[105.2315,20.1012],[105.2367,20.1026],[105.2404,20.1055],[105.2427,20.106],[105.2409,20.1091],[105.2412,20.1155],[105.2401,20.1182],[105.2423,20.1209],[105.2473,20.1181],[105.2537,20.1132],[105.2578,20.1143],[105.2609,20.1143],[105.2605,20.1181],[105.2611,20.1209],[105.2639,20.1222],[105.2663,20.126],[105.2728,20.1255],[105.2746,20.1225]]]},"properties":{"name":"Giao An","level":"ward"}},{"type":"Feature","geometry":{"type":"Polygon","coordinates":[[[105.0827,20.2717],[105.0871,20.268],[105.088,20.2631],[105.0866,20.2592],[105.0871,20.2534],[105.0883,20.2518],[105.0926,20.2487],[105.0984,20.2469],[105.0993,20.2458],[105.1039,20.2452],[105.1082,20.2414],[105.1096,20.2348],[105.1098,20.2296],[105.1163,20.2268],[105.1352,20.2253],[105.1423,20.2203],[105.1525,20.2157],[105.1573,20.2143],[105.1601,20.2125],[105.1604,20.2109],[105.1645,20.2072],[105.1666,20.2036],[105.1719,20.2009],[105.1761,20.1972],[105.1848,20.1923],[105.1874,20.1893],[105.1912,20.1876],[105.1914,20.1842],[105.1898,20.1754],[105.1882,20.173],[105.1854,20.1713],[105.1826,20.1678],[105.1804,20.1679],[105.1797,20.1614],[105.1734,20.1587],[105.1722,20.1592],[105.169,20.1574],[105.1672,20.1531],[105.1632,20.1514],[105.1616,20.1518],[105.1572,20.1502],[105.1539,20.1505],[105.1511,20.1535],[105.1535,20.1567],[105.1553,20.1607],[105.1551,20.1624],[105.1505,20.166],[105.1488,20.1701],[105.1484,20.1771],[105.1458,20.1818],[105.1394,20.1852],[105.1369,20.1875],[105.1309,20.1868],[105.1289,20.1855],[105.1259,20.1856],[105.1221,20.1873],[105.1193,20.1904],[105.1173,20.1909],[105.1153,20.1892],[105.1103,20.1898],[105.1083,20.1913],[105.1024,20.1908],[105.1003,20.1919],[105.0964,20.1924],[105.0936,20.1945],[105.0922,20.1986],[105.0943,20.2041],[105.1006,20.2113],[105.1006,20.2159],[105.1017,20.2175],[105.1013,20.2206],[105.0939,20.218],[105.0908,20.2158],[105.0871,20.2118],[105.0843,20.2133],[105.0801,20.2113],[105.0787,20.2128],[105.072,20.216],[105.0659,20.2151],[105.0611,20.2162],[105.0546,20.2136],[105.0528,20.214],[105.0508,20.2117],[105.0483,20.2112],[105.0463,20.2078],[105.0405,20.207],[105.034,20.2036],[105.0306,20.2032],[105.0281,20.2012],[105.0242,20.1999],[105.0196,20.2006],[105.0137,20.2007],[105.0117,20.2032],[105.0115,20.2066],[105.0091,20.212],[105.0092,20.2122],[105.0094,20.2132],[105.0087,20.2181],[105.0091,20.2193],[105.0091,20.2199],[105.0071,20.2232],[105.0078,20.2262],[105.01,20.2287],[105.0101,20.2294],[105.0103,20.2301],[105.0101,20.2322],[105.0098,20.2328],[105.0079,20.2374],[105.0074,20.2415],[105.0118,20.244],[105.0144,20.2448],[105.025,20.2451],[105.0275,20.2439],[105.0301,20.2454],[105.0355,20.2457],[105.0373,20.245],[105.0417,20.2468],[105.0402,20.2526],[105.042,20.2547],[105.0375,20.255],[105.0344,20.2583],[105.0318,20.2588],[105.0301,20.2616],[105.026,20.2644],[105.0255,20.2663],[105.0225,20.268],[105.0197,20.2709],[105.0207,20.2824],[105.0222,20.2879],[105.025,20.2899],[105.0283,20.2946],[105.0302,20.2959],[105.0327,20.2926],[105.0349,20.2922],[105.0366,20.2901],[105.0402,20.2875],[105.0428,20.287],[105.0482,20.2841],[105.0486,20.2831],[105.055,20.2763],[105.061,20.272],[105.0648,20.2703],[105.0691,20.2697],[105.0748,20.267],[105.08,20.2717],[105.0827,20.2717]]]},"properties":{"name":"Văn Phú","level":"ward"}},{"type":"Feature","geometry":{"type":"Polygon","coordinates":[[[105.1292,20.1201],[105.132,20.1191],[105.1374,20.1197],[105.1392,20.1184],[105.1429,20.1183],[105.1479,20.1258],[105.1483,20.1301],[105.1499,20.1349],[105.1555,20.1408],[105.1571,20.1447],[105.1578,20.1485],[105.1572,20.1502],[105.1616,20.1518],[105.1632,20.1514],[105.1672,20.1531],[105.169,20.1574],[105.1722,20.1592],[105.1735,20.1509],[105.1795,20.1567],[105.1831,20.1571],[105.1908,20.156],[105.1931,20.1582],[105.1954,20.1589],[105.1989,20.158],[105.2022,20.1555],[105.2059,20.1581],[105.2079,20.1569],[105.2149,20.1575],[105.217,20.1584],[105.22,20.1569],[105.2245,20.1593],[105.2264,20.1613],[105.23,20.1612],[105.2371,20.1676],[105.2375,20.1608],[105.2383,20.1588],[105.2419,20.1591],[105.2456,20.1619],[105.2492,20.1611],[105.2526,20.1565],[105.2577,20.1512],[105.2569,20.1502],[105.2589,20.1475],[105.2609,20.1427],[105.2638,20.1414],[105.2648,20.1363],[105.2641,20.1354],[105.2659,20.1304],[105.2681,20.129],[105.2706,20.1293],[105.2765,20.1262],[105.2746,20.1225],[105.2728,20.1255],[105.2663,20.126],[105.2639,20.1222],[105.2611,20.1209],[105.2605,20.1181],[105.2609,20.1143],[105.2578,20.1143],[105.2537,20.1132],[105.2473,20.1181],[105.2423,20.1209],[105.2401,20.1182],[105.2412,20.1155],[105.2409,20.1091],[105.2427,20.106],[105.2404,20.1055],[105.2367,20.1026],[105.2315,20.1012],[105.2175,20.0995],[105.2137,20.1003],[105.2101,20.0955],[105.2074,20.0884],[105.2058,20.0816],[105.1956,20.0743],[105.1926,20.0738],[105.188,20.0697],[105.1852,20.0649],[105.1802,20.0631],[105.1763,20.0633],[105.1649,20.0599],[105.1616,20.0627],[105.1561,20.0644],[105.1526,20.0664],[105.1552,20.0784],[105.1508,20.0794],[105.1482,20.0808],[105.147,20.0868],[105.1452,20.0873],[105.14,20.0906],[105.1383,20.094],[105.1393,20.0974],[105.1381,20.1006],[105.1339,20.1005],[105.133,20.1131],[105.1292,20.1201]]]},"properties":{"name":"Linh Sơn","level":"ward"}},{"type":"Feature","geometry":{"type":"Polygon","coordinates":[[[105.2342,20.2125],[105.238,20.2072],[105.2431,20.205],[105.2468,20.2069],[105.2499,20.205],[105.2547,20.2042],[105.2611,20.1976],[105.2636,20.193],[105.2655,20.1922],[105.27,20.1876],[105.2724,20.1827],[105.2766,20.1798],[105.2788,20.1765],[105.2821,20.1738],[105.2829,20.1711],[105.285,20.1684],[105.2852,20.1624],[105.2835,20.1579],[105.2852,20.1515],[105.277,20.1461],[105.2779,20.1421],[105.2808,20.1395],[105.2818,20.1368],[105.2802,20.1303],[105.2765,20.1262],[105.2706,20.1293],[105.2681,20.129],[105.2659,20.1304],[105.2641,20.1354],[105.2648,20.1363],[105.2638,20.1414],[105.2609,20.1427],[105.2589,20.1475],[105.2569,20.1502],[105.2577,20.1512],[105.2526,20.1565],[105.2492,20.1611],[105.2456,20.1619],[105.2419,20.1591],[105.2383,20.1588],[105.2375,20.1608],[105.2371,20.1676],[105.23,20.1612],[105.2264,20.1613],[105.2245,20.1593],[105.22,20.1569],[105.217,20.1584],[105.2149,20.1575],[105.2079,20.1569],[105.2059,20.1581],[105.2022,20.1555],[105.1989,20.158],[105.1954,20.1589],[105.1931,20.1582],[105.1908,20.156],[105.1831,20.1571],[105.1795,20.1567],[105.1735,20.1509],[105.1722,20.1592],[105.1734,20.1587],[105.1797,20.1614],[105.1804,20.1679],[105.1826,20.1678],[105.1854,20.1713],[105.1882,20.173],[105.1898,20.1754],[105.1914,20.1842],[105.1912,20.1876],[105.1874,20.1893],[105.1848,20.1923],[105.1761,20.1972],[105.1719,20.2009],[105.1666,20.2036],[105.1645,20.2072],[105.1604,20.2109],[105.1601,20.2125],[105.1573,20.2143],[105.1598,20.2176],[105.1602,20.2225],[105.1594,20.2252],[105.1619,20.2318],[105.1613,20.239],[105.1776,20.2476],[105.181,20.2453],[105.1823,20.242],[105.1885,20.2396],[105.1921,20.2409],[105.193,20.2379],[105.1953,20.2355],[105.1955,20.2331],[105.1988,20.2279],[105.1992,20.2245],[105.2015,20.2222],[105.2017,20.2195],[105.2065,20.2138],[105.2097,20.2114],[105.2124,20.2143],[105.2168,20.2168],[105.2198,20.2149],[105.2216,20.2154],[105.2342,20.2125]]]},"properties":{"name":"Đồng Lương","level":"ward"}},{"type":"Feature","geometry":{"type":"Polygon","coordinates":[[[105.2829,20.0834],[105.2807,20.0859],[105.2836,20.0924],[105.2864,20.0973],[105.2817,20.1033],[105.279,20.1086],[105.2773,20.1097],[105.2723,20.1185],[105.2746,20.1225],[105.2765,20.1262],[105.2802,20.1303],[105.2818,20.1368],[105.2808,20.1395],[105.2779,20.1421],[105.277,20.1461],[105.2852,20.1515],[105.2835,20.1579],[105.2852,20.1624],[105.2869,20.1621],[105.2888,20.1588],[105.313,20.1468],[105.3193,20.1487],[105.3439,20.141],[105.3447,20.1413],[105.3554,20.1387],[105.3677,20.137],[105.3706,20.1337],[105.3723,20.1307],[105.374,20.1298],[105.3752,20.1329],[105.3777,20.1331],[105.3793,20.1304],[105.3759,20.1277],[105.38,20.1238],[105.3835,20.1226],[105.3851,20.1184],[105.3877,20.1183],[105.3912,20.1147],[105.3933,20.1141],[105.3947,20.1092],[105.3947,20.1072],[105.3928,20.1035],[105.3907,20.1019],[105.3893,20.0971],[105.3946,20.0943],[105.3936,20.0868],[105.3924,20.0835],[105.3928,20.0802],[105.3903,20.0769],[105.4003,20.0682],[105.3942,20.0641],[105.3914,20.0649],[105.3899,20.0615],[105.3879,20.0614],[105.3829,20.0584],[105.3801,20.0577],[105.3744,20.0585],[105.3683,20.0609],[105.3665,20.0623],[105.3612,20.0636],[105.359,20.0636],[105.3551,20.0659],[105.3514,20.065],[105.3491,20.0671],[105.3485,20.0702],[105.3461,20.0752],[105.338,20.0749],[105.3358,20.0761],[105.3315,20.0747],[105.3284,20.0745],[105.3264,20.077],[105.3206,20.0785],[105.3169,20.0814],[105.3123,20.0826],[105.3084,20.0848],[105.3046,20.0892],[105.3024,20.0892],[105.2999,20.0908],[105.2958,20.0902],[105.296,20.0887],[105.2937,20.0855],[105.291,20.0835],[105.2873,20.0848],[105.2829,20.0834]]]},"properties":{"name":"Ngọc Lặc","level":"ward"}},{"type":"Feature","geometry":{"type":"Polygon","coordinates":[[[105.2468,20.2069],[105.2479,20.2087],[105.2462,20.2135],[105.2489,20.2175],[105.2543,20.213],[105.2554,20.2105],[105.2574,20.2105],[105.2594,20.2072],[105.2612,20.2075],[105.264,20.2058],[105.2669,20.2011],[105.2692,20.2],[105.2715,20.1961],[105.2736,20.1941],[105.2752,20.1944],[105.2764,20.1913],[105.2783,20.1904],[105.2834,20.1856],[105.3046,20.1965],[105.3026,20.1909],[105.3087,20.1895],[105.3147,20.1908],[105.3189,20.1891],[105.3214,20.1891],[105.3246,20.1884],[105.3285,20.1846],[105.332,20.1836],[105.3333,20.1822],[105.3398,20.1865],[105.3431,20.1854],[105.3504,20.1853],[105.3536,20.1807],[105.3535,20.179],[105.3579,20.1738],[105.3621,20.171],[105.3722,20.1718],[105.3793,20.1756],[105.3806,20.1746],[105.385,20.1738],[105.387,20.1723],[105.3911,20.1701],[105.3965,20.1641],[105.3995,20.1639],[105.404,20.1606],[105.4067,20.1611],[105.4098,20.16],[105.4121,20.1578],[105.4163,20.1567],[105.4167,20.154],[105.4189,20.1515],[105.4257,20.15],[105.4287,20.1478],[105.4309,20.145],[105.4303,20.1434],[105.4359,20.1381],[105.4412,20.139],[105.4437,20.1376],[105.4453,20.1342],[105.4485,20.1334],[105.4532,20.1345],[105.4556,20.1327],[105.4584,20.1321],[105.4684,20.1186],[105.4627,20.1207],[105.4592,20.1171],[105.459,20.1138],[105.4569,20.1124],[105.4523,20.1155],[105.4473,20.1101],[105.447,20.1089],[105.4426,20.1093],[105.4395,20.1135],[105.4366,20.1148],[105.4312,20.1144],[105.4285,20.1118],[105.4264,20.1115],[105.4232,20.1132],[105.4225,20.1152],[105.4172,20.1177],[105.4133,20.1135],[105.4073,20.1139],[105.4015,20.1119],[105.399,20.1123],[105.3947,20.1092],[105.3933,20.1141],[105.3912,20.1147],[105.3877,20.1183],[105.3851,20.1184],[105.3835,20.1226],[105.38,20.1238],[105.3759,20.1277],[105.3793,20.1304],[105.3777,20.1331],[105.3752,20.1329],[105.374,20.1298],[105.3723,20.1307],[105.3706,20.1337],[105.3677,20.137],[105.3554,20.1387],[105.3447,20.1413],[105.3439,20.141],[105.3193,20.1487],[105.313,20.1468],[105.2888,20.1588],[105.2869,20.1621],[105.2852,20.1624],[105.285,20.1684],[105.2829,20.1711],[105.2821,20.1738],[105.2788,20.1765],[105.2766,20.1798],[105.2724,20.1827],[105.27,20.1876],[105.2655,20.1922],[105.2636,20.193],[105.2611,20.1976],[105.2547,20.2042],[105.2499,20.205],[105.2468,20.2069]]]},"properties":{"name":"Thạch Lập","level":"ward"}},{"type":"Feature","geometry":{"type":"Polygon","coordinates":[[[105.4003,20.0682],[105.3903,20.0769],[105.3928,20.0802],[105.3924,20.0835],[105.3936,20.0868],[105.3946,20.0943],[105.3893,20.0971],[105.3907,20.1019],[105.3928,20.1035],[105.3947,20.1072],[105.3947,20.1092],[105.399,20.1123],[105.4015,20.1119],[105.4073,20.1139],[105.4133,20.1135],[105.4172,20.1177],[105.4225,20.1152],[105.4232,20.1132],[105.4264,20.1115],[105.4285,20.1118],[105.4312,20.1144],[105.4366,20.1148],[105.4395,20.1135],[105.4426,20.1093],[105.447,20.1089],[105.4473,20.1101],[105.4523,20.1155],[105.4569,20.1124],[105.459,20.1138],[105.4592,20.1171],[105.4627,20.1207],[105.4684,20.1186],[105.469,20.1166],[105.4745,20.1135],[105.4777,20.1097],[105.4824,20.1078],[105.4846,20.1055],[105.4866,20.1072],[105.4884,20.1052],[105.4896,20.1016],[105.4901,20.0969],[105.4913,20.0931],[105.4944,20.089],[105.4926,20.0847],[105.4932,20.0834],[105.4985,20.0823],[105.4999,20.0747],[105.4987,20.0712],[105.5005,20.0678],[105.5051,20.0628],[105.509,20.0542],[105.5059,20.0524],[105.5092,20.0474],[105.5089,20.0441],[105.5076,20.042],[105.5036,20.0451],[105.5039,20.0474],[105.5017,20.0502],[105.4976,20.0475],[105.494,20.0416],[105.4906,20.0405],[105.4794,20.0404],[105.4778,20.0417],[105.4754,20.0399],[105.471,20.04],[105.4712,20.0354],[105.4683,20.0341],[105.4629,20.0376],[105.4619,20.0353],[105.4595,20.0359],[105.4562,20.033],[105.4529,20.0376],[105.4524,20.0402],[105.4502,20.0422],[105.4466,20.041],[105.4455,20.0395],[105.441,20.0425],[105.4375,20.0427],[105.4355,20.0408],[105.4338,20.0438],[105.4308,20.0444],[105.4255,20.0505],[105.4239,20.0531],[105.4003,20.0682]]]},"properties":{"name":"Ngọc Liên","level":"ward"}},{"type":"Feature","geometry":{"type":"Polygon","coordinates":[[[105.2715,20.0069],[105.2741,20.0084],[105.2781,20.0119],[105.28,20.0157],[105.2816,20.0171],[105.2848,20.0231],[105.2861,20.0277],[105.2845,20.0368],[105.2814,20.0406],[105.2812,20.0426],[105.2786,20.0462],[105.2763,20.0513],[105.2747,20.0531],[105.2756,20.0573],[105.2748,20.0607],[105.2764,20.0636],[105.2758,20.0682],[105.2777,20.0729],[105.28,20.0733],[105.2819,20.0763],[105.2813,20.0795],[105.2833,20.0803],[105.2829,20.0834],[105.2873,20.0848],[105.291,20.0835],[105.2937,20.0855],[105.296,20.0887],[105.2958,20.0902],[105.2999,20.0908],[105.3024,20.0892],[105.3046,20.0892],[105.3084,20.0848],[105.3066,20.0784],[105.3059,20.0731],[105.3049,20.0718],[105.3074,20.0684],[105.3067,20.0641],[105.3098,20.0584],[105.3126,20.0563],[105.3155,20.0566],[105.3184,20.0554],[105.3213,20.0525],[105.3278,20.0516],[105.3397,20.0448],[105.3414,20.0458],[105.346,20.044],[105.3472,20.0419],[105.3514,20.0408],[105.3536,20.0361],[105.3534,20.0339],[105.3495,20.0314],[105.3469,20.0288],[105.3442,20.0283],[105.3429,20.0254],[105.347,20.0223],[105.351,20.0161],[105.3561,20.0176],[105.3606,20.0157],[105.3651,20.0166],[105.3691,20.0149],[105.3721,20.0127],[105.375,20.0136],[105.3784,20.0126],[105.3809,20.0132],[105.3814,20.011],[105.3855,20.0044],[105.386,19.9977],[105.388,19.9977],[105.3916,19.9952],[105.3921,19.9916],[105.3893,19.985],[105.3842,19.9813],[105.3811,19.9811],[105.3802,19.9779],[105.3768,19.9761],[105.3762,19.971],[105.3773,19.9694],[105.3767,19.9659],[105.3774,19.9644],[105.3753,19.9612],[105.373,19.9624],[105.3692,19.9608],[105.3695,19.9587],[105.3721,19.9556],[105.3733,19.952],[105.3719,19.9486],[105.3663,19.9524],[105.3642,19.951],[105.3603,19.9519],[105.3604,19.9537],[105.3523,19.96],[105.352,19.9617],[105.3467,19.9643],[105.3433,19.9628],[105.3405,19.9607],[105.3356,19.9603],[105.3331,19.9618],[105.3321,19.964],[105.33,19.965],[105.3297,19.9698],[105.3269,19.9715],[105.3263,19.9746],[105.3246,19.9762],[105.3224,19.9752],[105.3222,19.9711],[105.3207,19.97],[105.3145,19.9749],[105.3105,19.9729],[105.3093,19.9711],[105.304,19.969],[105.3022,19.9704],[105.2956,19.9696],[105.2932,19.9705],[105.2892,19.9733],[105.288,19.9732],[105.2848,19.9758],[105.2847,19.9779],[105.2816,19.9811],[105.282,19.9871],[105.2789,19.9943],[105.2782,19.9972],[105.2805,20.0026],[105.2745,20.0067],[105.2715,20.0069]]]},"properties":{"name":"Nguyệt Ấn","level":"ward"}},{"type":"Feature","geometry":{"type":"Polygon","coordinates":[[[105.2956,19.9696],[105.3022,19.9704],[105.304,19.969],[105.3093,19.9711],[105.3105,19.9729],[105.3145,19.9749],[105.3207,19.97],[105.3222,19.9711],[105.3224,19.9752],[105.3246,19.9762],[105.3263,19.9746],[105.3269,19.9715],[105.3297,19.9698],[105.33,19.965],[105.3321,19.964],[105.3331,19.9618],[105.3356,19.9603],[105.3405,19.9607],[105.3433,19.9628],[105.3467,19.9643],[105.352,19.9617],[105.3523,19.96],[105.3604,19.9537],[105.3603,19.9519],[105.3642,19.951],[105.3663,19.9524],[105.3719,19.9486],[105.3733,19.952],[105.3721,19.9556],[105.3695,19.9587],[105.3692,19.9608],[105.373,19.9624],[105.3753,19.9612],[105.3774,19.9644],[105.3767,19.9659],[105.3773,19.9694],[105.3762,19.971],[105.3768,19.9761],[105.3802,19.9779],[105.3811,19.9811],[105.3842,19.9813],[105.3893,19.985],[105.3921,19.9916],[105.3941,19.9916],[105.397,19.9879],[105.4039,19.9909],[105.4062,19.9854],[105.413,19.9918],[105.4167,19.99],[105.4165,19.9867],[105.4197,19.9867],[105.4216,19.9815],[105.4247,19.9814],[105.4301,19.9792],[105.4327,19.9789],[105.4331,19.9768],[105.4313,19.9756],[105.4313,19.9724],[105.4335,19.9713],[105.4339,19.9672],[105.4361,19.9667],[105.4354,19.9631],[105.4388,19.9626],[105.4398,19.9596],[105.4343,19.9548],[105.4317,19.9544],[105.4311,19.9521],[105.4245,19.9476],[105.4218,19.9436],[105.4171,19.9395],[105.4155,19.9401],[105.4137,19.9366],[105.4071,19.9371],[105.408,19.9346],[105.4045,19.9332],[105.3994,19.9276],[105.3977,19.9285],[105.3909,19.9258],[105.3852,19.9258],[105.3802,19.9291],[105.3769,19.926],[105.3731,19.9239],[105.37,19.9209],[105.3657,19.9231],[105.3643,19.9257],[105.359,19.9251],[105.3546,19.9295],[105.3504,19.9227],[105.3456,19.9267],[105.3448,19.9314],[105.3428,19.9325],[105.3417,19.9386],[105.3402,19.941],[105.3379,19.9414],[105.3353,19.9403],[105.3316,19.9402],[105.3314,19.9425],[105.3293,19.9445],[105.3264,19.9432],[105.3221,19.9436],[105.3229,19.9461],[105.3188,19.9479],[105.3125,19.9482],[105.3093,19.9494],[105.3084,19.9512],[105.3063,19.9564],[105.3037,19.9608],[105.2984,19.9644],[105.2956,19.9696]]]},"properties":{"name":"Kiên Thọ","level":"ward"}},{"type":"Feature","geometry":{"type":"Polygon","coordinates":[[[105.3084,20.0848],[105.3123,20.0826],[105.3169,20.0814],[105.3206,20.0785],[105.3264,20.077],[105.3284,20.0745],[105.3315,20.0747],[105.3358,20.0761],[105.338,20.0749],[105.3461,20.0752],[105.3485,20.0702],[105.3491,20.0671],[105.3514,20.065],[105.3551,20.0659],[105.359,20.0636],[105.3612,20.0636],[105.3665,20.0623],[105.3683,20.0609],[105.3744,20.0585],[105.3801,20.0577],[105.3829,20.0584],[105.3879,20.0614],[105.3899,20.0615],[105.3914,20.0649],[105.3942,20.0641],[105.4003,20.0682],[105.4239,20.0531],[105.4255,20.0505],[105.4308,20.0444],[105.4338,20.0438],[105.4355,20.0408],[105.4375,20.0427],[105.441,20.0425],[105.4455,20.0395],[105.4466,20.041],[105.4502,20.0422],[105.4524,20.0402],[105.4529,20.0376],[105.4562,20.033],[105.4562,20.0302],[105.4623,20.0284],[105.4618,20.0242],[105.4634,20.0228],[105.4621,20.0204],[105.4595,20.0209],[105.4554,20.0242],[105.4514,20.0235],[105.4499,20.0207],[105.4514,20.0171],[105.449,20.0162],[105.4492,20.0137],[105.4479,20.0112],[105.4519,20.009],[105.4518,20.0073],[105.4552,20.0022],[105.4561,20.0026],[105.4591,19.9979],[105.4642,19.9965],[105.4641,19.9938],[105.4672,19.993],[105.4733,19.995],[105.4771,19.9951],[105.4806,19.9904],[105.4733,19.9875],[105.47,19.9889],[105.4672,19.9872],[105.4636,19.9885],[105.4617,19.9869],[105.4549,19.9916],[105.453,19.9913],[105.4501,19.9936],[105.4511,19.9972],[105.4485,19.9977],[105.4446,19.9938],[105.441,19.9951],[105.4372,19.9979],[105.4318,19.9996],[105.4286,20.0012],[105.4252,19.9999],[105.4226,20.0032],[105.4169,19.9992],[105.4161,19.9978],[105.4112,19.9927],[105.413,19.9918],[105.4062,19.9854],[105.4039,19.9909],[105.397,19.9879],[105.3941,19.9916],[105.3921,19.9916],[105.3916,19.9952],[105.388,19.9977],[105.386,19.9977],[105.3855,20.0044],[105.3814,20.011],[105.3809,20.0132],[105.3784,20.0126],[105.375,20.0136],[105.3721,20.0127],[105.3691,20.0149],[105.3651,20.0166],[105.3606,20.0157],[105.3561,20.0176],[105.351,20.0161],[105.347,20.0223],[105.3429,20.0254],[105.3442,20.0283],[105.3469,20.0288],[105.3495,20.0314],[105.3534,20.0339],[105.3536,20.0361],[105.3514,20.0408],[105.3472,20.0419],[105.346,20.044],[105.3414,20.0458],[105.3397,20.0448],[105.3278,20.0516],[105.3213,20.0525],[105.3184,20.0554],[105.3155,20.0566],[105.3126,20.0563],[105.3098,20.0584],[105.3067,20.0641],[105.3074,20.0684],[105.3049,20.0718],[105.3059,20.0731],[105.3066,20.0784],[105.3084,20.0848]]]},"properties":{"name":"Minh Sơn","level":"ward"}},{"type":"Feature","geometry":{"type":"Polygon","coordinates":[[[105.5124,20.2284],[105.5187,20.2281],[105.5283,20.2269],[105.5332,20.2275],[105.5367,20.2256],[105.5404,20.2259],[105.5456,20.2231],[105.5507,20.2219],[105.5557,20.2214],[105.556,20.2148],[105.5531,20.2143],[105.5493,20.2117],[105.5425,20.2082],[105.5429,20.2037],[105.5419,20.2006],[105.5398,20.2003],[105.5358,20.1976],[105.5336,20.1977],[105.5316,20.1899],[105.5289,20.1877],[105.5267,20.1821],[105.5283,20.1769],[105.5297,20.1757],[105.5308,20.1723],[105.534,20.1655],[105.5325,20.1638],[105.5303,20.1564],[105.5323,20.1548],[105.5342,20.1504],[105.5341,20.1467],[105.5245,20.1415],[105.5221,20.1416],[105.5182,20.1397],[105.5165,20.1437],[105.5149,20.1433],[105.5143,20.1472],[105.5126,20.1522],[105.5104,20.1556],[105.5092,20.16],[105.5105,20.1652],[105.5137,20.1689],[105.5148,20.1724],[105.5145,20.1747],[105.5112,20.1783],[105.5072,20.1797],[105.5018,20.1855],[105.4952,20.1799],[105.4969,20.1667],[105.4936,20.1634],[105.4868,20.162],[105.4858,20.1612],[105.4807,20.1654],[105.4802,20.1687],[105.4785,20.1688],[105.477,20.1656],[105.477,20.1627],[105.4755,20.1611],[105.4714,20.1605],[105.4685,20.159],[105.4631,20.1623],[105.4568,20.1634],[105.4554,20.1643],[105.4515,20.1632],[105.4491,20.1664],[105.4465,20.1675],[105.4462,20.1704],[105.4435,20.1731],[105.4433,20.1762],[105.4412,20.1824],[105.4421,20.1859],[105.4388,20.1887],[105.4434,20.1873],[105.447,20.1889],[105.4486,20.1927],[105.453,20.1984],[105.4525,20.2044],[105.4548,20.2064],[105.4594,20.2054],[105.463,20.2062],[105.4649,20.2164],[105.4658,20.2191],[105.4681,20.2172],[105.4699,20.2173],[105.4763,20.2215],[105.4792,20.2178],[105.4852,20.2187],[105.4868,20.2216],[105.489,20.222],[105.4898,20.2248],[105.4875,20.2265],[105.4907,20.2317],[105.4907,20.2363],[105.4943,20.2361],[105.4972,20.2345],[105.5009,20.2347],[105.5033,20.2321],[105.5081,20.2328],[105.5124,20.2284]]]},"properties":{"name":"Cẩm Thuỷ","level":"ward"}},{"type":"Feature","geometry":{"type":"Polygon","coordinates":[[[105.3214,20.1891],[105.3171,20.1965],[105.317,20.1984],[105.3199,20.2032],[105.329,20.2079],[105.3288,20.2134],[105.3347,20.2232],[105.3374,20.2256],[105.3382,20.2276],[105.334,20.233],[105.3278,20.2327],[105.3244,20.2376],[105.3217,20.2426],[105.3184,20.2455],[105.3159,20.2502],[105.317,20.2517],[105.3135,20.2567],[105.3205,20.2636],[105.3236,20.2598],[105.3266,20.26],[105.3284,20.2587],[105.3305,20.2636],[105.3363,20.2641],[105.3393,20.2657],[105.3451,20.2645],[105.3459,20.2681],[105.3445,20.2708],[105.3393,20.2721],[105.3378,20.2763],[105.339,20.2806],[105.3338,20.2888],[105.3367,20.2923],[105.3351,20.2941],[105.3361,20.2988],[105.3383,20.3022],[105.3428,20.3045],[105.3466,20.3047],[105.3545,20.2949],[105.3557,20.2912],[105.3576,20.2913],[105.3626,20.2867],[105.3657,20.2869],[105.3676,20.2856],[105.3741,20.2773],[105.375,20.2723],[105.3768,20.2708],[105.3829,20.2678],[105.3783,20.2639],[105.373,20.2648],[105.372,20.2674],[105.3692,20.2677],[105.3648,20.2586],[105.3645,20.2539],[105.3669,20.249],[105.3699,20.2465],[105.3714,20.2432],[105.3758,20.2384],[105.3794,20.2377],[105.3841,20.238],[105.3949,20.2403],[105.3971,20.2402],[105.4022,20.2374],[105.4078,20.241],[105.4103,20.2353],[105.4125,20.2406],[105.4163,20.246],[105.4183,20.2475],[105.4288,20.2463],[105.431,20.2456],[105.4387,20.2407],[105.4446,20.2354],[105.4467,20.2253],[105.4483,20.2211],[105.4468,20.2192],[105.4464,20.2134],[105.4501,20.2131],[105.4516,20.2079],[105.4548,20.2064],[105.4525,20.2044],[105.453,20.1984],[105.4486,20.1927],[105.447,20.1889],[105.4434,20.1873],[105.4388,20.1887],[105.4147,20.1897],[105.4018,20.1906],[105.3969,20.1878],[105.3954,20.1882],[105.3949,20.1834],[105.3936,20.1819],[105.3956,20.18],[105.387,20.1723],[105.385,20.1738],[105.3806,20.1746],[105.3793,20.1756],[105.3722,20.1718],[105.3621,20.171],[105.3579,20.1738],[105.3535,20.179],[105.3536,20.1807],[105.3504,20.1853],[105.3431,20.1854],[105.3398,20.1865],[105.3333,20.1822],[105.332,20.1836],[105.3285,20.1846],[105.3246,20.1884],[105.3214,20.1891]]]},"properties":{"name":"Cẩm Thạch","level":"ward"}},{"type":"Feature","geometry":{"type":"Polygon","coordinates":[[[105.3829,20.2678],[105.3896,20.2621],[105.3919,20.2622],[105.3968,20.2674],[105.4055,20.2721],[105.4084,20.2787],[105.4084,20.2803],[105.406,20.2828],[105.4044,20.2829],[105.4012,20.2854],[105.3987,20.29],[105.3973,20.2943],[105.3969,20.2984],[105.3996,20.3004],[105.404,20.3012],[105.4083,20.301],[105.4179,20.3024],[105.4119,20.3142],[105.4108,20.3157],[105.4062,20.3185],[105.4076,20.3229],[105.4122,20.3247],[105.4141,20.3269],[105.417,20.334],[105.4165,20.3368],[105.4184,20.3351],[105.4224,20.3336],[105.4242,20.3294],[105.4292,20.3242],[105.434,20.3222],[105.4355,20.3197],[105.4384,20.3175],[105.4406,20.317],[105.4462,20.312],[105.4512,20.3093],[105.4539,20.307],[105.4603,20.3032],[105.4638,20.3006],[105.4638,20.2975],[105.4666,20.2924],[105.4713,20.2874],[105.4713,20.2856],[105.477,20.2811],[105.4831,20.2756],[105.4864,20.2761],[105.4887,20.2777],[105.4928,20.2773],[105.494,20.2752],[105.4958,20.2697],[105.5024,20.267],[105.505,20.2639],[105.513,20.2601],[105.516,20.2559],[105.5137,20.2364],[105.5122,20.2309],[105.5124,20.2284],[105.5081,20.2328],[105.5033,20.2321],[105.5009,20.2347],[105.4972,20.2345],[105.4943,20.2361],[105.4907,20.2363],[105.4907,20.2317],[105.4875,20.2265],[105.4898,20.2248],[105.489,20.222],[105.4868,20.2216],[105.4852,20.2187],[105.4792,20.2178],[105.4763,20.2215],[105.4699,20.2173],[105.4681,20.2172],[105.4658,20.2191],[105.4649,20.2164],[105.463,20.2062],[105.4594,20.2054],[105.4548,20.2064],[105.4516,20.2079],[105.4501,20.2131],[105.4464,20.2134],[105.4468,20.2192],[105.4483,20.2211],[105.4467,20.2253],[105.4446,20.2354],[105.4387,20.2407],[105.431,20.2456],[105.4288,20.2463],[105.4183,20.2475],[105.4163,20.246],[105.4125,20.2406],[105.4103,20.2353],[105.4078,20.241],[105.4022,20.2374],[105.3971,20.2402],[105.3949,20.2403],[105.3841,20.238],[105.3794,20.2377],[105.3758,20.2384],[105.3714,20.2432],[105.3699,20.2465],[105.3669,20.249],[105.3645,20.2539],[105.3648,20.2586],[105.3692,20.2677],[105.372,20.2674],[105.373,20.2648],[105.3783,20.2639],[105.3829,20.2678]]]},"properties":{"name":"Cẩm Tú","level":"ward"}},{"type":"Feature","geometry":{"type":"Polygon","coordinates":[[[105.4684,20.1186],[105.4584,20.1321],[105.4556,20.1327],[105.4532,20.1345],[105.4485,20.1334],[105.4453,20.1342],[105.4437,20.1376],[105.4412,20.139],[105.4359,20.1381],[105.4303,20.1434],[105.4309,20.145],[105.4287,20.1478],[105.4257,20.15],[105.4189,20.1515],[105.4167,20.154],[105.4163,20.1567],[105.4121,20.1578],[105.4098,20.16],[105.4067,20.1611],[105.404,20.1606],[105.3995,20.1639],[105.3965,20.1641],[105.3911,20.1701],[105.387,20.1723],[105.3956,20.18],[105.3936,20.1819],[105.3949,20.1834],[105.3954,20.1882],[105.3969,20.1878],[105.4018,20.1906],[105.4147,20.1897],[105.4388,20.1887],[105.4421,20.1859],[105.4412,20.1824],[105.4433,20.1762],[105.4435,20.1731],[105.4462,20.1704],[105.4465,20.1675],[105.4491,20.1664],[105.4515,20.1632],[105.4554,20.1643],[105.4568,20.1634],[105.4631,20.1623],[105.4685,20.159],[105.4714,20.1605],[105.4755,20.1611],[105.477,20.1627],[105.477,20.1656],[105.4785,20.1688],[105.4802,20.1687],[105.4807,20.1654],[105.4858,20.1612],[105.4868,20.162],[105.4936,20.1634],[105.4969,20.1667],[105.4952,20.1799],[105.5018,20.1855],[105.5072,20.1797],[105.5112,20.1783],[105.5145,20.1747],[105.5148,20.1724],[105.5137,20.1689],[105.5105,20.1652],[105.5092,20.16],[105.5104,20.1556],[105.5126,20.1522],[105.5143,20.1472],[105.5149,20.1433],[105.517,20.1345],[105.5225,20.1227],[105.5248,20.1187],[105.527,20.1167],[105.5334,20.1139],[105.5382,20.1103],[105.542,20.1086],[105.547,20.1083],[105.5513,20.109],[105.5592,20.111],[105.5604,20.1111],[105.5632,20.1109],[105.5653,20.1128],[105.5689,20.1129],[105.5693,20.1159],[105.5712,20.1161],[105.5716,20.1217],[105.5743,20.1203],[105.5796,20.1165],[105.5852,20.1138],[105.5852,20.1134],[105.5814,20.109],[105.576,20.109],[105.5739,20.105],[105.5708,20.1029],[105.5686,20.1045],[105.5677,20.1033],[105.5609,20.1022],[105.5572,20.0992],[105.5545,20.0951],[105.5543,20.0914],[105.5584,20.084],[105.5644,20.078],[105.5669,20.0716],[105.5686,20.0695],[105.5657,20.0719],[105.562,20.0724],[105.5587,20.0753],[105.5544,20.0756],[105.5534,20.0746],[105.549,20.0756],[105.5447,20.0737],[105.5417,20.0756],[105.5401,20.078],[105.5393,20.0813],[105.5323,20.0836],[105.5292,20.0866],[105.5168,20.0821],[105.5141,20.0809],[105.5067,20.0792],[105.5044,20.0809],[105.4985,20.0823],[105.4932,20.0834],[105.4926,20.0847],[105.4944,20.089],[105.4913,20.0931],[105.4901,20.0969],[105.4896,20.1016],[105.4884,20.1052],[105.4866,20.1072],[105.4846,20.1055],[105.4824,20.1078],[105.4777,20.1097],[105.4745,20.1135],[105.469,20.1166],[105.4684,20.1186]]]},"properties":{"name":"Cẩm Vân","level":"ward"}},{"type":"Feature","geometry":{"type":"Polygon","coordinates":[[[105.5149,20.1433],[105.5165,20.1437],[105.5182,20.1397],[105.5221,20.1416],[105.5245,20.1415],[105.5341,20.1467],[105.5342,20.1504],[105.5323,20.1548],[105.5303,20.1564],[105.5325,20.1638],[105.534,20.1655],[105.5308,20.1723],[105.5297,20.1757],[105.5283,20.1769],[105.5267,20.1821],[105.5289,20.1877],[105.5316,20.1899],[105.5336,20.1977],[105.5358,20.1976],[105.5398,20.2003],[105.5419,20.2006],[105.5429,20.2037],[105.5425,20.2082],[105.5493,20.2117],[105.5531,20.2143],[105.556,20.2148],[105.5594,20.2096],[105.5612,20.208],[105.5685,20.2079],[105.5709,20.207],[105.5715,20.2039],[105.5742,20.1997],[105.5783,20.1964],[105.5809,20.192],[105.5799,20.189],[105.5802,20.1843],[105.5776,20.181],[105.5807,20.1742],[105.5833,20.1716],[105.5834,20.1687],[105.5859,20.1638],[105.5876,20.163],[105.5898,20.1587],[105.5947,20.1546],[105.5986,20.1502],[105.5994,20.1456],[105.602,20.1419],[105.6019,20.1386],[105.5994,20.136],[105.5995,20.1337],[105.5966,20.1303],[105.5973,20.1265],[105.595,20.1243],[105.5918,20.1219],[105.5852,20.1143],[105.5852,20.1138],[105.5796,20.1165],[105.5743,20.1203],[105.5716,20.1217],[105.5712,20.1161],[105.5693,20.1159],[105.5689,20.1129],[105.5653,20.1128],[105.5632,20.1109],[105.5604,20.1111],[105.5592,20.111],[105.5513,20.109],[105.547,20.1083],[105.542,20.1086],[105.5382,20.1103],[105.5334,20.1139],[105.527,20.1167],[105.5248,20.1187],[105.5225,20.1227],[105.517,20.1345],[105.5149,20.1433]]]},"properties":{"name":"Cẩm Tân","level":"ward"}},{"type":"Feature","geometry":{"type":"Polygon","coordinates":[[[105.6364,20.0945],[105.6345,20.0983],[105.6353,20.1015],[105.6397,20.103],[105.6405,20.1098],[105.6397,20.1122],[105.637,20.1122],[105.6324,20.1084],[105.6273,20.1097],[105.6265,20.1121],[105.6287,20.1131],[105.6317,20.1126],[105.6357,20.1137],[105.636,20.115],[105.6337,20.1187],[105.6341,20.1212],[105.6364,20.128],[105.6391,20.1321],[105.639,20.1362],[105.6401,20.138],[105.6371,20.1422],[105.6449,20.1445],[105.6478,20.1475],[105.6439,20.1515],[105.6453,20.1556],[105.6423,20.1599],[105.6447,20.162],[105.6445,20.1658],[105.6423,20.168],[105.6431,20.1706],[105.6457,20.1731],[105.6459,20.1767],[105.6432,20.1803],[105.6384,20.1778],[105.6353,20.1799],[105.6354,20.1846],[105.6394,20.1855],[105.6386,20.1874],[105.634,20.1891],[105.6331,20.1932],[105.6284,20.1921],[105.6292,20.1965],[105.6267,20.1964],[105.6205,20.194],[105.6172,20.1941],[105.6139,20.1957],[105.6115,20.1978],[105.6148,20.1988],[105.616,20.2006],[105.6141,20.204],[105.6146,20.2058],[105.6119,20.2087],[105.6209,20.2151],[105.6234,20.213],[105.6231,20.2105],[105.6257,20.2069],[105.6392,20.1969],[105.6435,20.1954],[105.6451,20.1939],[105.6473,20.1945],[105.6501,20.1932],[105.6545,20.1938],[105.6547,20.1913],[105.6585,20.189],[105.6617,20.1899],[105.6623,20.1884],[105.6666,20.1846],[105.6662,20.1813],[105.6647,20.1803],[105.6658,20.1778],[105.6705,20.178],[105.6704,20.1727],[105.6735,20.1702],[105.6765,20.1652],[105.6736,20.1636],[105.6687,20.1584],[105.6766,20.1504],[105.68,20.1462],[105.682,20.1429],[105.6843,20.1416],[105.6863,20.1438],[105.6887,20.1419],[105.6894,20.1449],[105.6947,20.1475],[105.6987,20.1445],[105.7052,20.142],[105.7044,20.1379],[105.7059,20.1357],[105.7044,20.1338],[105.706,20.1302],[105.7144,20.1294],[105.721,20.1278],[105.7284,20.1287],[105.7309,20.1295],[105.732,20.122],[105.7308,20.1198],[105.7246,20.119],[105.7212,20.1163],[105.7174,20.1167],[105.7145,20.1187],[105.71,20.1151],[105.7057,20.1034],[105.7067,20.1001],[105.7016,20.1023],[105.7009,20.1055],[105.6985,20.1043],[105.6986,20.1006],[105.6975,20.0995],[105.6915,20.1008],[105.6878,20.0977],[105.688,20.094],[105.6905,20.0904],[105.6904,20.0888],[105.6836,20.0862],[105.6802,20.0887],[105.6787,20.0867],[105.6791,20.0842],[105.6768,20.0839],[105.6762,20.0837],[105.673,20.0905],[105.6756,20.0917],[105.6752,20.0943],[105.6717,20.0946],[105.6694,20.0967],[105.6642,20.1039],[105.6615,20.1022],[105.656,20.1005],[105.6551,20.0969],[105.6483,20.097],[105.6449,20.1002],[105.6426,20.0974],[105.6364,20.0945]]]},"properties":{"name":"Kim Tân","level":"ward"}},{"type":"Feature","geometry":{"type":"Polygon","coordinates":[[[105.7309,20.1295],[105.7284,20.1287],[105.721,20.1278],[105.7144,20.1294],[105.706,20.1302],[105.7044,20.1338],[105.7059,20.1357],[105.7044,20.1379],[105.7052,20.142],[105.6987,20.1445],[105.6947,20.1475],[105.6894,20.1449],[105.6887,20.1419],[105.6863,20.1438],[105.6843,20.1416],[105.682,20.1429],[105.68,20.1462],[105.6766,20.1504],[105.6687,20.1584],[105.6736,20.1636],[105.6765,20.1652],[105.6735,20.1702],[105.6704,20.1727],[105.6705,20.178],[105.6658,20.1778],[105.6647,20.1803],[105.6662,20.1813],[105.6666,20.1846],[105.6623,20.1884],[105.6617,20.1899],[105.6585,20.189],[105.6547,20.1913],[105.6545,20.1938],[105.6501,20.1932],[105.6505,20.1959],[105.653,20.1985],[105.6568,20.1984],[105.6618,20.2002],[105.664,20.1998],[105.6676,20.209],[105.6695,20.2115],[105.6775,20.2172],[105.6818,20.2213],[105.687,20.2242],[105.6901,20.2233],[105.6927,20.2214],[105.694,20.2213],[105.701,20.218],[105.7037,20.215],[105.7109,20.2117],[105.7142,20.2084],[105.716,20.2084],[105.7184,20.2061],[105.7233,20.2051],[105.727,20.2008],[105.7307,20.1994],[105.7323,20.1953],[105.7357,20.1938],[105.7379,20.1941],[105.7421,20.1871],[105.7398,20.1852],[105.7477,20.1826],[105.7501,20.1822],[105.7584,20.1787],[105.7619,20.1789],[105.7641,20.1777],[105.768,20.1774],[105.771,20.1759],[105.7724,20.177],[105.7753,20.1762],[105.777,20.1723],[105.782,20.1729],[105.7868,20.1704],[105.7928,20.171],[105.7954,20.1671],[105.7973,20.1671],[105.8,20.1652],[105.8016,20.1625],[105.8055,20.1621],[105.8086,20.1578],[105.8124,20.1573],[105.8157,20.1556],[105.8119,20.1494],[105.81,20.1499],[105.803,20.1493],[105.7997,20.1503],[105.7968,20.145],[105.7939,20.1469],[105.7929,20.1458],[105.7912,20.1402],[105.7854,20.1411],[105.7835,20.1422],[105.781,20.1396],[105.7789,20.141],[105.7742,20.1398],[105.7701,20.1417],[105.7616,20.1422],[105.7552,20.1405],[105.751,20.1348],[105.7481,20.1353],[105.7445,20.134],[105.7434,20.1301],[105.7343,20.1305],[105.7309,20.1295]]]},"properties":{"name":"Vân Du","level":"ward"}},{"type":"Feature","geometry":{"type":"Polygon","coordinates":[[[105.4165,20.3368],[105.4285,20.3414],[105.4297,20.3464],[105.429,20.3499],[105.4261,20.3514],[105.4234,20.3538],[105.4218,20.3569],[105.4183,20.3613],[105.4177,20.3633],[105.4143,20.3676],[105.4137,20.3693],[105.411,20.3711],[105.4097,20.3733],[105.4151,20.3759],[105.4213,20.3775],[105.428,20.3851],[105.4309,20.3841],[105.4336,20.3859],[105.443,20.381],[105.4519,20.3796],[105.4563,20.3782],[105.4604,20.3749],[105.4655,20.3766],[105.4686,20.3747],[105.4719,20.3755],[105.4764,20.3754],[105.486,20.3693],[105.4877,20.3676],[105.4965,20.3646],[105.5019,20.3604],[105.5087,20.3595],[105.5113,20.3609],[105.5223,20.3599],[105.5244,20.3636],[105.5255,20.3688],[105.5301,20.3718],[105.5322,20.3717],[105.5406,20.3677],[105.5428,20.3615],[105.5447,20.352],[105.5505,20.3468],[105.549,20.3379],[105.5476,20.3351],[105.5493,20.3336],[105.5515,20.3291],[105.5545,20.3275],[105.5568,20.3294],[105.5602,20.3271],[105.5626,20.3273],[105.5649,20.3241],[105.5634,20.3217],[105.5601,20.3177],[105.5566,20.3175],[105.5516,20.3124],[105.5483,20.3112],[105.5442,20.3083],[105.5378,20.308],[105.54,20.3053],[105.5389,20.3013],[105.5358,20.296],[105.5325,20.2963],[105.531,20.2947],[105.5326,20.2921],[105.5387,20.292],[105.5396,20.2838],[105.5395,20.2793],[105.5417,20.2747],[105.5397,20.2741],[105.5396,20.2701],[105.5337,20.2711],[105.5322,20.2694],[105.5256,20.2669],[105.5272,20.2635],[105.5258,20.2619],[105.5221,20.2605],[105.516,20.2559],[105.513,20.2601],[105.505,20.2639],[105.5024,20.267],[105.4958,20.2697],[105.494,20.2752],[105.4928,20.2773],[105.4887,20.2777],[105.4864,20.2761],[105.4831,20.2756],[105.477,20.2811],[105.4713,20.2856],[105.4713,20.2874],[105.4666,20.2924],[105.4638,20.2975],[105.4638,20.3006],[105.4603,20.3032],[105.4539,20.307],[105.4512,20.3093],[105.4462,20.312],[105.4406,20.317],[105.4384,20.3175],[105.4355,20.3197],[105.434,20.3222],[105.4292,20.3242],[105.4242,20.3294],[105.4224,20.3336],[105.4184,20.3351],[105.4165,20.3368]]]},"properties":{"name":"Thạch Quảng","level":"ward"}},{"type":"Feature","geometry":{"type":"Polygon","coordinates":[[[105.556,20.2148],[105.5557,20.2214],[105.5507,20.2219],[105.5456,20.2231],[105.5404,20.2259],[105.5367,20.2256],[105.5332,20.2275],[105.5283,20.2269],[105.5187,20.2281],[105.5124,20.2284],[105.5122,20.2309],[105.5137,20.2364],[105.516,20.2559],[105.5221,20.2605],[105.5258,20.2619],[105.5272,20.2635],[105.5256,20.2669],[105.5322,20.2694],[105.5337,20.2711],[105.5396,20.2701],[105.5408,20.2666],[105.5433,20.2656],[105.5468,20.2666],[105.5484,20.2646],[105.547,20.2618],[105.5493,20.26],[105.5522,20.2619],[105.5535,20.2613],[105.5547,20.2579],[105.5541,20.2544],[105.5565,20.2536],[105.5589,20.257],[105.5607,20.2539],[105.5654,20.252],[105.5695,20.2518],[105.5724,20.2485],[105.5764,20.2452],[105.5773,20.243],[105.5769,20.2399],[105.578,20.2377],[105.5772,20.2326],[105.5808,20.2323],[105.5818,20.2274],[105.5839,20.2293],[105.5904,20.2298],[105.5899,20.2269],[105.5918,20.224],[105.5888,20.2222],[105.5895,20.2193],[105.592,20.2203],[105.5945,20.2197],[105.5962,20.2163],[105.6001,20.2189],[105.6034,20.2155],[105.602,20.2106],[105.604,20.2084],[105.6071,20.2084],[105.6087,20.2033],[105.6141,20.204],[105.616,20.2006],[105.6148,20.1988],[105.6115,20.1978],[105.6139,20.1957],[105.6172,20.1941],[105.6205,20.194],[105.6267,20.1964],[105.6292,20.1965],[105.6284,20.1921],[105.6331,20.1932],[105.634,20.1891],[105.6386,20.1874],[105.6394,20.1855],[105.6354,20.1846],[105.6353,20.1799],[105.6384,20.1778],[105.6432,20.1803],[105.6459,20.1767],[105.6457,20.1731],[105.6431,20.1706],[105.6423,20.168],[105.6445,20.1658],[105.6447,20.162],[105.6423,20.1599],[105.6453,20.1556],[105.6439,20.1515],[105.6478,20.1475],[105.6449,20.1445],[105.6371,20.1422],[105.6401,20.138],[105.639,20.1362],[105.6391,20.1321],[105.6364,20.128],[105.6341,20.1212],[105.6337,20.1187],[105.636,20.115],[105.6357,20.1137],[105.6317,20.1126],[105.6287,20.1131],[105.6265,20.1121],[105.6273,20.1097],[105.6324,20.1084],[105.637,20.1122],[105.6397,20.1122],[105.6405,20.1098],[105.6397,20.103],[105.6353,20.1015],[105.6345,20.0983],[105.6364,20.0945],[105.6339,20.0941],[105.6316,20.1019],[105.6298,20.1012],[105.6296,20.0978],[105.6236,20.0964],[105.6237,20.0993],[105.618,20.102],[105.615,20.1015],[105.6112,20.1061],[105.6085,20.1066],[105.6063,20.111],[105.6035,20.1132],[105.6022,20.1177],[105.6007,20.1184],[105.5982,20.1223],[105.595,20.1243],[105.5973,20.1265],[105.5966,20.1303],[105.5995,20.1337],[105.5994,20.136],[105.6019,20.1386],[105.602,20.1419],[105.5994,20.1456],[105.5986,20.1502],[105.5947,20.1546],[105.5898,20.1587],[105.5876,20.163],[105.5859,20.1638],[105.5834,20.1687],[105.5833,20.1716],[105.5807,20.1742],[105.5776,20.181],[105.5802,20.1843],[105.5799,20.189],[105.5809,20.192],[105.5783,20.1964],[105.5742,20.1997],[105.5715,20.2039],[105.5709,20.207],[105.5685,20.2079],[105.5612,20.208],[105.5594,20.2096],[105.556,20.2148]]]},"properties":{"name":"Thạch Bình","level":"ward"}},{"type":"Feature","geometry":{"type":"Polygon","coordinates":[[[105.6501,20.1932],[105.6473,20.1945],[105.6451,20.1939],[105.6435,20.1954],[105.6392,20.1969],[105.6257,20.2069],[105.6231,20.2105],[105.6234,20.213],[105.6209,20.2151],[105.6119,20.2087],[105.6146,20.2058],[105.6141,20.204],[105.6087,20.2033],[105.6071,20.2084],[105.604,20.2084],[105.602,20.2106],[105.6034,20.2155],[105.6001,20.2189],[105.5962,20.2163],[105.5945,20.2197],[105.592,20.2203],[105.5895,20.2193],[105.5888,20.2222],[105.5918,20.224],[105.5899,20.2269],[105.5904,20.2298],[105.5839,20.2293],[105.5818,20.2274],[105.5808,20.2323],[105.5772,20.2326],[105.578,20.2377],[105.5769,20.2399],[105.5773,20.243],[105.5764,20.2452],[105.5724,20.2485],[105.5695,20.2518],[105.5654,20.252],[105.5607,20.2539],[105.5589,20.257],[105.5565,20.2536],[105.5541,20.2544],[105.5547,20.2579],[105.5535,20.2613],[105.5522,20.2619],[105.5493,20.26],[105.547,20.2618],[105.5484,20.2646],[105.5468,20.2666],[105.5433,20.2656],[105.5408,20.2666],[105.5396,20.2701],[105.5397,20.2741],[105.5417,20.2747],[105.5395,20.2793],[105.5396,20.2838],[105.5387,20.292],[105.5326,20.2921],[105.531,20.2947],[105.5325,20.2963],[105.5358,20.296],[105.5389,20.3013],[105.54,20.3053],[105.5378,20.308],[105.5442,20.3083],[105.5483,20.3112],[105.5516,20.3124],[105.5566,20.3175],[105.5601,20.3177],[105.5634,20.3217],[105.5633,20.3166],[105.5654,20.3155],[105.5704,20.3185],[105.5773,20.3134],[105.5785,20.3118],[105.586,20.3115],[105.5935,20.3139],[105.5996,20.3118],[105.6005,20.3101],[105.6035,20.308],[105.6112,20.2968],[105.6099,20.2928],[105.6202,20.282],[105.6242,20.2816],[105.6277,20.2792],[105.6328,20.2786],[105.6349,20.2774],[105.6406,20.2779],[105.6508,20.2734],[105.6507,20.2716],[105.6534,20.2691],[105.6567,20.2673],[105.6607,20.2627],[105.6622,20.2625],[105.6651,20.2585],[105.6686,20.2562],[105.6706,20.2534],[105.6691,20.2504],[105.6712,20.2474],[105.6727,20.2482],[105.6776,20.2475],[105.6788,20.2436],[105.678,20.2418],[105.6815,20.2382],[105.6821,20.2353],[105.6895,20.2316],[105.6935,20.2309],[105.6947,20.2261],[105.6961,20.2251],[105.6927,20.2214],[105.6901,20.2233],[105.687,20.2242],[105.6818,20.2213],[105.6775,20.2172],[105.6695,20.2115],[105.6676,20.209],[105.664,20.1998],[105.6618,20.2002],[105.6568,20.1984],[105.653,20.1985],[105.6505,20.1959],[105.6501,20.1932]]]},"properties":{"name":"Thành Vinh","level":"ward"}},{"type":"Feature","geometry":{"type":"Polygon","coordinates":[[[105.6768,20.0839],[105.6791,20.0842],[105.6787,20.0867],[105.6802,20.0887],[105.6836,20.0862],[105.6904,20.0888],[105.6905,20.0904],[105.688,20.094],[105.6878,20.0977],[105.6915,20.1008],[105.6975,20.0995],[105.6986,20.1006],[105.6985,20.1043],[105.7009,20.1055],[105.7016,20.1023],[105.7067,20.1001],[105.7057,20.1034],[105.71,20.1151],[105.7145,20.1187],[105.7174,20.1167],[105.7212,20.1163],[105.7246,20.119],[105.7308,20.1198],[105.732,20.122],[105.7309,20.1295],[105.7343,20.1305],[105.7434,20.1301],[105.7445,20.134],[105.7481,20.1353],[105.751,20.1348],[105.7552,20.1405],[105.7616,20.1422],[105.7701,20.1417],[105.7742,20.1398],[105.7789,20.141],[105.781,20.1396],[105.7835,20.1422],[105.7854,20.1411],[105.7912,20.1402],[105.7913,20.1344],[105.7937,20.1307],[105.7943,20.1264],[105.7927,20.125],[105.7929,20.1209],[105.7907,20.1188],[105.7891,20.115],[105.7841,20.1131],[105.7805,20.1104],[105.7816,20.1086],[105.7792,20.1038],[105.7809,20.1],[105.7796,20.0958],[105.7782,20.0954],[105.7758,20.0921],[105.7744,20.0917],[105.7714,20.0861],[105.7751,20.0835],[105.776,20.0813],[105.7761,20.0773],[105.7755,20.0752],[105.7703,20.0769],[105.7661,20.0789],[105.7625,20.0787],[105.7616,20.0755],[105.7591,20.0717],[105.7541,20.0674],[105.7509,20.0632],[105.7476,20.0646],[105.7431,20.0607],[105.7372,20.0577],[105.7367,20.0528],[105.7267,20.0531],[105.724,20.0494],[105.7242,20.0479],[105.7282,20.0447],[105.7285,20.0415],[105.7273,20.0361],[105.7198,20.0383],[105.7165,20.038],[105.7121,20.0386],[105.71,20.0442],[105.7077,20.0437],[105.7016,20.0467],[105.6981,20.0475],[105.6972,20.0499],[105.6918,20.0499],[105.6899,20.0519],[105.6874,20.0528],[105.6852,20.0477],[105.6805,20.048],[105.6774,20.0512],[105.6742,20.051],[105.6711,20.0494],[105.6655,20.0491],[105.6667,20.0506],[105.666,20.0529],[105.6708,20.0598],[105.673,20.0614],[105.6725,20.0632],[105.6744,20.0645],[105.676,20.0629],[105.6801,20.0649],[105.6821,20.0672],[105.6821,20.069],[105.68,20.0762],[105.6768,20.0839]]]},"properties":{"name":"Ngọc Trạo","level":"ward"}},{"type":"Feature","geometry":{"type":"Polygon","coordinates":[[[105.86,20.013],[105.8604,20.0096],[105.864,20.0081],[105.8645,20.0082],[105.8705,20.0056],[105.8724,20.0021],[105.8752,19.999],[105.8789,19.9966],[105.881,19.9964],[105.8879,19.989],[105.886,19.9863],[105.8871,19.9828],[105.8835,19.9779],[105.8821,19.9777],[105.8784,19.9797],[105.8702,19.9826],[105.8667,19.9864],[105.865,19.9863],[105.8643,19.9831],[105.8647,19.9796],[105.8637,19.9781],[105.8511,19.9793],[105.8438,19.9793],[105.8394,19.9777],[105.833,19.9721],[105.8305,19.9706],[105.824,19.9684],[105.819,19.968],[105.8164,19.9671],[105.8139,19.9685],[105.8149,19.9736],[105.8127,19.9733],[105.8044,19.974],[105.8026,19.9805],[105.7962,19.9814],[105.7927,19.9835],[105.7929,19.9879],[105.7938,19.9909],[105.7967,19.9915],[105.7931,19.9959],[105.7925,19.999],[105.7937,20.0001],[105.7995,20.002],[105.8023,20.0086],[105.8048,20.0081],[105.81,20.0055],[105.8144,20.0059],[105.8165,20.005],[105.82,20.0063],[105.8234,20.0052],[105.8278,20.0058],[105.8313,20.0045],[105.8322,20.0093],[105.835,20.0089],[105.8399,20.01],[105.8432,20.0134],[105.8456,20.0142],[105.8498,20.013],[105.8488,20.0202],[105.8512,20.0201],[105.8524,20.0134],[105.8555,20.0138],[105.8559,20.0122],[105.86,20.013]]]},"properties":{"name":"Hà Trung","level":"ward"}},{"type":"Feature","geometry":{"type":"Polygon","coordinates":[[[105.8596,20.1333],[105.8564,20.1293],[105.8538,20.1288],[105.8487,20.1228],[105.8481,20.1214],[105.849,20.1165],[105.8516,20.1125],[105.8514,20.1086],[105.8495,20.1059],[105.8509,20.1039],[105.842,20.1038],[105.8372,20.1085],[105.8334,20.1015],[105.8369,20.0901],[105.8359,20.0881],[105.8361,20.0827],[105.8349,20.0766],[105.8347,20.0727],[105.8363,20.0701],[105.8395,20.0675],[105.8408,20.0644],[105.8411,20.0613],[105.8446,20.0619],[105.8471,20.0607],[105.8451,20.058],[105.8431,20.0552],[105.844,20.0519],[105.8395,20.0488],[105.835,20.0505],[105.8312,20.0501],[105.8276,20.0484],[105.8218,20.0487],[105.8204,20.0497],[105.8174,20.0484],[105.8135,20.0488],[105.8129,20.0506],[105.8095,20.0523],[105.8092,20.0552],[105.8052,20.0564],[105.8038,20.0577],[105.7939,20.0605],[105.7859,20.064],[105.7841,20.0631],[105.7802,20.0636],[105.7775,20.0656],[105.7771,20.0696],[105.781,20.0713],[105.781,20.0748],[105.7761,20.0773],[105.776,20.0813],[105.7751,20.0835],[105.7714,20.0861],[105.7744,20.0917],[105.7758,20.0921],[105.7782,20.0954],[105.7796,20.0958],[105.7809,20.1],[105.7792,20.1038],[105.7816,20.1086],[105.7805,20.1104],[105.7841,20.1131],[105.7891,20.115],[105.7907,20.1188],[105.7929,20.1209],[105.7927,20.125],[105.7943,20.1264],[105.7937,20.1307],[105.7913,20.1344],[105.7912,20.1402],[105.7929,20.1458],[105.7939,20.1469],[105.7968,20.145],[105.7997,20.1503],[105.803,20.1493],[105.81,20.1499],[105.8119,20.1494],[105.8157,20.1556],[105.821,20.1524],[105.8265,20.1528],[105.828,20.1514],[105.8316,20.1506],[105.8323,20.1465],[105.8355,20.1423],[105.839,20.1408],[105.8417,20.1426],[105.8447,20.1417],[105.8471,20.1396],[105.8494,20.1397],[105.8547,20.1378],[105.8557,20.1361],[105.8588,20.1349],[105.8596,20.1333]]]},"properties":{"name":"Hà Long","level":"ward"}},{"type":"Feature","geometry":{"type":"Polygon","coordinates":[[[105.8806,20.0527],[105.8838,20.0516],[105.8865,20.0536],[105.8879,20.051],[105.8917,20.0515],[105.893,20.0504],[105.8967,20.0499],[105.899,20.0513],[105.9025,20.0502],[105.9116,20.0501],[105.9111,20.0481],[105.9138,20.0441],[105.9126,20.0406],[105.9103,20.0384],[105.9064,20.0377],[105.9011,20.0381],[105.8973,20.0345],[105.8984,20.0272],[105.8949,20.0269],[105.8926,20.0282],[105.8893,20.0327],[105.8842,20.0369],[105.8829,20.0364],[105.8811,20.0325],[105.8783,20.0303],[105.8745,20.0295],[105.8716,20.0321],[105.871,20.0298],[105.8743,20.0286],[105.8745,20.0263],[105.8709,20.0243],[105.8664,20.0258],[105.8634,20.0239],[105.8634,20.0219],[105.8606,20.0216],[105.8593,20.0192],[105.86,20.013],[105.8559,20.0122],[105.8555,20.0138],[105.8524,20.0134],[105.8512,20.0201],[105.8488,20.0202],[105.8498,20.013],[105.8456,20.0142],[105.8432,20.0134],[105.8399,20.01],[105.835,20.0089],[105.8322,20.0093],[105.8291,20.0144],[105.826,20.0159],[105.8231,20.02],[105.8202,20.0203],[105.8256,20.0258],[105.8307,20.034],[105.832,20.0371],[105.8259,20.0383],[105.8251,20.0403],[105.8201,20.0372],[105.8183,20.0395],[105.8224,20.0437],[105.8206,20.048],[105.8174,20.0484],[105.8204,20.0497],[105.8218,20.0487],[105.8276,20.0484],[105.8312,20.0501],[105.835,20.0505],[105.8395,20.0488],[105.844,20.0519],[105.8431,20.0552],[105.8451,20.058],[105.8503,20.0573],[105.8535,20.0556],[105.8554,20.0576],[105.8629,20.0541],[105.8673,20.0527],[105.8694,20.0573],[105.8806,20.0527]]]},"properties":{"name":"Hoạt Giang","level":"ward"}},{"type":"Feature","geometry":{"type":"Polygon","coordinates":[[[105.8871,19.9828],[105.886,19.9863],[105.8879,19.989],[105.881,19.9964],[105.8789,19.9966],[105.8752,19.999],[105.8724,20.0021],[105.8705,20.0056],[105.8645,20.0082],[105.864,20.0081],[105.8604,20.0096],[105.86,20.013],[105.8593,20.0192],[105.8606,20.0216],[105.8634,20.0219],[105.8634,20.0239],[105.8664,20.0258],[105.8709,20.0243],[105.8745,20.0263],[105.8743,20.0286],[105.871,20.0298],[105.8716,20.0321],[105.8745,20.0295],[105.8783,20.0303],[105.8811,20.0325],[105.8829,20.0364],[105.8842,20.0369],[105.8893,20.0327],[105.8926,20.0282],[105.8949,20.0269],[105.8984,20.0272],[105.8973,20.0345],[105.9011,20.0381],[105.9064,20.0377],[105.9103,20.0384],[105.9116,20.0332],[105.91,20.0311],[105.9104,20.0273],[105.9124,20.0251],[105.9144,20.0199],[105.9172,20.0162],[105.9153,20.0117],[105.9139,20.0076],[105.9159,20.0058],[105.9118,20.0046],[105.9141,19.9995],[105.9178,19.9979],[105.9168,19.9958],[105.9221,19.9939],[105.9237,19.991],[105.9233,19.9835],[105.9224,19.9808],[105.9193,19.9787],[105.9202,19.9762],[105.9195,19.9726],[105.9233,19.9712],[105.9163,19.9676],[105.9149,19.9662],[105.9146,19.963],[105.9125,19.9618],[105.9077,19.961],[105.9054,19.9639],[105.9048,19.9685],[105.9032,19.9695],[105.8993,19.9692],[105.8978,19.9716],[105.9025,19.974],[105.9033,19.9779],[105.9001,19.9809],[105.8974,19.9812],[105.8946,19.9788],[105.8923,19.9752],[105.8901,19.9754],[105.8889,19.9791],[105.8888,19.9822],[105.8871,19.9828]]]},"properties":{"name":"Lĩnh Toại","level":"ward"}},{"type":"Feature","geometry":{"type":"Polygon","coordinates":[[[105.7509,20.0632],[105.7541,20.0674],[105.7591,20.0717],[105.7616,20.0755],[105.7625,20.0787],[105.7661,20.0789],[105.7703,20.0769],[105.7755,20.0752],[105.7761,20.0773],[105.781,20.0748],[105.781,20.0713],[105.7771,20.0696],[105.7775,20.0656],[105.7802,20.0636],[105.7841,20.0631],[105.7859,20.064],[105.7939,20.0605],[105.8038,20.0577],[105.8052,20.0564],[105.8092,20.0552],[105.8095,20.0523],[105.8129,20.0506],[105.8135,20.0488],[105.8174,20.0484],[105.8206,20.048],[105.8224,20.0437],[105.8183,20.0395],[105.8201,20.0372],[105.8251,20.0403],[105.8259,20.0383],[105.832,20.0371],[105.8307,20.034],[105.8256,20.0258],[105.8202,20.0203],[105.8231,20.02],[105.826,20.0159],[105.8291,20.0144],[105.8322,20.0093],[105.8313,20.0045],[105.8278,20.0058],[105.8234,20.0052],[105.82,20.0063],[105.8165,20.005],[105.8144,20.0059],[105.81,20.0055],[105.8048,20.0081],[105.8023,20.0086],[105.7995,20.002],[105.7937,20.0001],[105.7925,19.999],[105.7931,19.9959],[105.7967,19.9915],[105.7938,19.9909],[105.7929,19.9879],[105.7927,19.9835],[105.7962,19.9814],[105.8026,19.9805],[105.8044,19.974],[105.8127,19.9733],[105.8149,19.9736],[105.8139,19.9685],[105.8164,19.9671],[105.8129,19.9663],[105.8126,19.9643],[105.8141,19.9613],[105.8133,19.9588],[105.8107,19.9574],[105.8053,19.9568],[105.7991,19.9551],[105.7955,19.9551],[105.7891,19.9537],[105.7822,19.9541],[105.777,19.9578],[105.7748,19.9607],[105.7723,19.9614],[105.7691,19.9614],[105.762,19.957],[105.7605,19.9579],[105.761,19.9633],[105.76,19.9644],[105.7638,19.9668],[105.7646,19.9722],[105.762,19.9731],[105.7597,19.976],[105.7604,19.9815],[105.7571,19.9819],[105.7537,19.9849],[105.7492,19.9873],[105.7494,19.9935],[105.747,19.9975],[105.7445,19.9979],[105.7452,20.0011],[105.7473,20.0035],[105.7491,20.0039],[105.7512,20.0064],[105.7524,20.0043],[105.7564,20.0081],[105.7589,20.0077],[105.7619,20.013],[105.7614,20.0207],[105.7637,20.0205],[105.7616,20.0276],[105.76,20.0292],[105.7594,20.0324],[105.7611,20.0358],[105.7651,20.0365],[105.7628,20.0411],[105.7615,20.0489],[105.7653,20.0524],[105.7598,20.0575],[105.7564,20.0598],[105.7532,20.0608],[105.7509,20.0632]]]},"properties":{"name":"Tống Sơn","level":"ward"}},{"type":"Feature","geometry":{"type":"Polygon","coordinates":[[[105.6364,20.0945],[105.6426,20.0974],[105.6449,20.1002],[105.6483,20.097],[105.6551,20.0969],[105.656,20.1005],[105.6615,20.1022],[105.6642,20.1039],[105.6694,20.0967],[105.6717,20.0946],[105.6752,20.0943],[105.6756,20.0917],[105.673,20.0905],[105.6762,20.0837],[105.6768,20.0839],[105.68,20.0762],[105.6821,20.069],[105.6821,20.0672],[105.6801,20.0649],[105.676,20.0629],[105.6744,20.0645],[105.6725,20.0632],[105.673,20.0614],[105.6708,20.0598],[105.666,20.0529],[105.6667,20.0506],[105.6655,20.0491],[105.6661,20.0465],[105.6653,20.0432],[105.6671,20.0384],[105.6655,20.0374],[105.6648,20.0339],[105.6609,20.0314],[105.6634,20.0277],[105.6632,20.0228],[105.6647,20.0187],[105.6702,20.017],[105.6693,20.0138],[105.6679,20.0126],[105.6584,20.0143],[105.6551,20.0137],[105.6468,20.0093],[105.6467,20.0071],[105.6445,20.0063],[105.6422,20.0066],[105.6398,20.0109],[105.6368,20.0165],[105.6328,20.0158],[105.6269,20.0156],[105.6228,20.0167],[105.6184,20.0198],[105.6129,20.0224],[105.6044,20.0241],[105.5966,20.0239],[105.5887,20.0263],[105.5873,20.0282],[105.5868,20.032],[105.5883,20.0359],[105.5871,20.041],[105.5867,20.0477],[105.5875,20.0494],[105.5901,20.0505],[105.5948,20.0498],[105.6021,20.0474],[105.6096,20.0441],[105.611,20.0446],[105.6131,20.0481],[105.6123,20.0539],[105.6042,20.0606],[105.6052,20.0619],[105.6099,20.0621],[105.6122,20.0596],[105.6147,20.061],[105.613,20.0646],[105.6172,20.0692],[105.6175,20.0721],[105.622,20.0703],[105.6253,20.0741],[105.6312,20.0739],[105.632,20.078],[105.6333,20.0795],[105.6382,20.0819],[105.6386,20.0839],[105.6335,20.0879],[105.6353,20.0898],[105.6384,20.087],[105.6419,20.0872],[105.6445,20.0898],[105.6437,20.0912],[105.6388,20.0912],[105.6364,20.0945]]]},"properties":{"name":"Vĩnh Lộc","level":"ward"}},{"type":"Feature","geometry":{"type":"Polygon","coordinates":[[[105.5686,20.0695],[105.5669,20.0716],[105.5644,20.078],[105.5584,20.084],[105.5543,20.0914],[105.5545,20.0951],[105.5572,20.0992],[105.5609,20.1022],[105.5677,20.1033],[105.5686,20.1045],[105.5708,20.1029],[105.5739,20.105],[105.576,20.109],[105.5814,20.109],[105.5852,20.1134],[105.5852,20.1138],[105.5852,20.1143],[105.5918,20.1219],[105.595,20.1243],[105.5982,20.1223],[105.6007,20.1184],[105.6022,20.1177],[105.6035,20.1132],[105.6063,20.111],[105.6085,20.1066],[105.6112,20.1061],[105.615,20.1015],[105.618,20.102],[105.6237,20.0993],[105.6236,20.0964],[105.6296,20.0978],[105.6298,20.1012],[105.6316,20.1019],[105.6339,20.0941],[105.6364,20.0945],[105.6388,20.0912],[105.6437,20.0912],[105.6445,20.0898],[105.6419,20.0872],[105.6384,20.087],[105.6353,20.0898],[105.6335,20.0879],[105.6386,20.0839],[105.6382,20.0819],[105.6333,20.0795],[105.632,20.078],[105.6312,20.0739],[105.6253,20.0741],[105.622,20.0703],[105.6175,20.0721],[105.6172,20.0692],[105.613,20.0646],[105.6147,20.061],[105.6122,20.0596],[105.6099,20.0621],[105.6052,20.0619],[105.6042,20.0606],[105.6013,20.0635],[105.5934,20.0662],[105.5796,20.0657],[105.5768,20.066],[105.5703,20.0679],[105.5686,20.0695]]]},"properties":{"name":"Tây Đô","level":"ward"}},{"type":"Feature","geometry":{"type":"Polygon","coordinates":[[[105.6655,20.0491],[105.6711,20.0494],[105.6742,20.051],[105.6774,20.0512],[105.6805,20.048],[105.6852,20.0477],[105.6874,20.0528],[105.6899,20.0519],[105.6918,20.0499],[105.6972,20.0499],[105.6981,20.0475],[105.7016,20.0467],[105.7077,20.0437],[105.71,20.0442],[105.7121,20.0386],[105.7165,20.038],[105.7198,20.0383],[105.7273,20.0361],[105.7285,20.0415],[105.7282,20.0447],[105.7242,20.0479],[105.724,20.0494],[105.7267,20.0531],[105.7367,20.0528],[105.7372,20.0577],[105.7431,20.0607],[105.7476,20.0646],[105.7509,20.0632],[105.7532,20.0608],[105.7564,20.0598],[105.7598,20.0575],[105.7653,20.0524],[105.7615,20.0489],[105.7628,20.0411],[105.7651,20.0365],[105.7611,20.0358],[105.7594,20.0324],[105.76,20.0292],[105.7616,20.0276],[105.7637,20.0205],[105.7614,20.0207],[105.7619,20.013],[105.7589,20.0077],[105.7564,20.0081],[105.7524,20.0043],[105.7512,20.0064],[105.7491,20.0039],[105.7473,20.0035],[105.7452,20.0011],[105.7445,19.9979],[105.747,19.9975],[105.7494,19.9935],[105.7492,19.9873],[105.7537,19.9849],[105.7571,19.9819],[105.7604,19.9815],[105.7597,19.976],[105.762,19.9731],[105.7646,19.9722],[105.7638,19.9668],[105.76,19.9644],[105.761,19.9633],[105.7605,19.9579],[105.7519,19.9602],[105.7458,19.9635],[105.7416,19.9668],[105.7324,19.971],[105.728,19.9724],[105.7261,19.9745],[105.7256,19.9775],[105.7266,19.9838],[105.7264,19.9876],[105.7252,19.9905],[105.7218,19.9933],[105.7139,19.9958],[105.7047,19.9972],[105.6993,19.9986],[105.693,20.0012],[105.6899,20.0042],[105.686,20.0098],[105.6823,20.0123],[105.6729,20.0173],[105.6702,20.017],[105.6647,20.0187],[105.6632,20.0228],[105.6634,20.0277],[105.6609,20.0314],[105.6648,20.0339],[105.6655,20.0374],[105.6671,20.0384],[105.6653,20.0432],[105.6661,20.0465],[105.6655,20.0491]]]},"properties":{"name":"Biện Thượng","level":"ward"}},{"type":"Feature","geometry":{"type":"Polygon","coordinates":[[[105.4619,20.0353],[105.4629,20.0376],[105.4683,20.0341],[105.4712,20.0354],[105.471,20.04],[105.4754,20.0399],[105.4778,20.0417],[105.4794,20.0404],[105.4906,20.0405],[105.494,20.0416],[105.4976,20.0475],[105.5017,20.0502],[105.5039,20.0474],[105.5036,20.0451],[105.5076,20.042],[105.5089,20.0441],[105.5092,20.0474],[105.5059,20.0524],[105.5099,20.0541],[105.5127,20.0521],[105.5119,20.0497],[105.5179,20.0475],[105.5202,20.0489],[105.524,20.0479],[105.5279,20.044],[105.5371,20.0389],[105.5382,20.042],[105.5406,20.0409],[105.5405,20.036],[105.5429,20.0356],[105.5463,20.0369],[105.5485,20.0405],[105.5471,20.0459],[105.5498,20.0466],[105.5542,20.0452],[105.5528,20.043],[105.5533,20.041],[105.5566,20.0399],[105.5559,20.0333],[105.5567,20.0288],[105.5535,20.0269],[105.5518,20.0274],[105.5506,20.024],[105.5487,20.0218],[105.5515,20.0199],[105.5543,20.0142],[105.5566,20.0112],[105.5564,20.0074],[105.5611,20.0069],[105.5651,19.9983],[105.5598,19.992],[105.5563,19.991],[105.5563,19.9889],[105.5509,19.9869],[105.5507,19.9852],[105.5495,19.9858],[105.5458,19.9847],[105.5452,19.9882],[105.5414,19.9885],[105.5394,19.9908],[105.5391,19.9932],[105.5418,19.9941],[105.5387,19.9979],[105.5316,19.9986],[105.5255,19.9928],[105.5235,19.9953],[105.5208,19.9921],[105.5171,19.9923],[105.5136,19.9942],[105.5157,19.9947],[105.5173,19.9981],[105.5131,19.9986],[105.512,20.0027],[105.51,20.0024],[105.5072,20.0077],[105.5041,20.0059],[105.5009,20.0052],[105.4996,20.0009],[105.4955,20.0018],[105.4931,20.0066],[105.4939,20.009],[105.4971,20.012],[105.4946,20.0126],[105.4942,20.019],[105.489,20.0187],[105.4847,20.0163],[105.484,20.0109],[105.4826,20.0077],[105.4776,20.0079],[105.4768,20.0091],[105.4779,20.0134],[105.4736,20.0188],[105.4709,20.0194],[105.4708,20.0282],[105.4674,20.0311],[105.4657,20.0305],[105.4619,20.0353]]]},"properties":{"name":"Yên Phú","level":"ward"}},{"type":"Feature","geometry":{"type":"Polygon","coordinates":[[[105.5059,20.0524],[105.509,20.0542],[105.5051,20.0628],[105.5005,20.0678],[105.4987,20.0712],[105.4999,20.0747],[105.4985,20.0823],[105.5044,20.0809],[105.5067,20.0792],[105.5141,20.0809],[105.5168,20.0821],[105.5292,20.0866],[105.5323,20.0836],[105.5393,20.0813],[105.5401,20.078],[105.5417,20.0756],[105.5447,20.0737],[105.549,20.0756],[105.5534,20.0746],[105.5544,20.0756],[105.5587,20.0753],[105.562,20.0724],[105.5657,20.0719],[105.5686,20.0695],[105.5703,20.0679],[105.5768,20.066],[105.5796,20.0657],[105.5934,20.0662],[105.6013,20.0635],[105.6042,20.0606],[105.6123,20.0539],[105.6131,20.0481],[105.611,20.0446],[105.6096,20.0441],[105.6021,20.0474],[105.5948,20.0498],[105.5901,20.0505],[105.5875,20.0494],[105.5867,20.0477],[105.5871,20.041],[105.5883,20.0359],[105.5868,20.032],[105.5873,20.0282],[105.5811,20.0266],[105.5804,20.0225],[105.5744,20.0238],[105.5747,20.0274],[105.5707,20.0285],[105.5719,20.0301],[105.5784,20.0344],[105.5757,20.0405],[105.5696,20.039],[105.5655,20.0466],[105.5632,20.0463],[105.5608,20.0494],[105.5599,20.0459],[105.5574,20.0478],[105.5546,20.0448],[105.5573,20.0437],[105.5566,20.0399],[105.5533,20.041],[105.5528,20.043],[105.5542,20.0452],[105.5498,20.0466],[105.5471,20.0459],[105.5485,20.0405],[105.5463,20.0369],[105.5429,20.0356],[105.5405,20.036],[105.5406,20.0409],[105.5382,20.042],[105.5371,20.0389],[105.5279,20.044],[105.524,20.0479],[105.5202,20.0489],[105.5179,20.0475],[105.5119,20.0497],[105.5127,20.0521],[105.5099,20.0541],[105.5059,20.0524]]]},"properties":{"name":"Quý Lộc","level":"ward"}},{"type":"Feature","geometry":{"type":"Polygon","coordinates":[[[105.5873,20.0282],[105.5887,20.0263],[105.5966,20.0239],[105.6044,20.0241],[105.6129,20.0224],[105.6184,20.0198],[105.6228,20.0167],[105.6269,20.0156],[105.6328,20.0158],[105.6368,20.0165],[105.6398,20.0109],[105.635,20.0077],[105.6326,20.0034],[105.6324,20.0007],[105.6289,19.9998],[105.6269,19.9947],[105.6182,19.9901],[105.6135,19.9891],[105.6128,19.9935],[105.6111,19.996],[105.6021,19.9988],[105.5993,19.9993],[105.5998,20.0022],[105.5947,20.004],[105.5933,20.0054],[105.5905,20.0046],[105.5879,20.0062],[105.5866,20.0012],[105.583,20.0007],[105.5815,19.9985],[105.5773,19.9982],[105.575,19.9955],[105.5709,19.9941],[105.5662,19.9968],[105.5651,19.9983],[105.5611,20.0069],[105.5564,20.0074],[105.5566,20.0112],[105.5543,20.0142],[105.5515,20.0199],[105.5487,20.0218],[105.5506,20.024],[105.5518,20.0274],[105.5535,20.0269],[105.5567,20.0288],[105.5559,20.0333],[105.5566,20.0399],[105.5573,20.0437],[105.5546,20.0448],[105.5574,20.0478],[105.5599,20.0459],[105.5608,20.0494],[105.5632,20.0463],[105.5655,20.0466],[105.5696,20.039],[105.5757,20.0405],[105.5784,20.0344],[105.5719,20.0301],[105.5707,20.0285],[105.5747,20.0274],[105.5744,20.0238],[105.5804,20.0225],[105.5811,20.0266],[105.5873,20.0282]]]},"properties":{"name":"Yên Trường","level":"ward"}},{"type":"Feature","geometry":{"type":"Polygon","coordinates":[[[105.5507,19.9852],[105.5509,19.9869],[105.5563,19.9889],[105.5563,19.991],[105.5598,19.992],[105.5651,19.9983],[105.5662,19.9968],[105.5709,19.9941],[105.575,19.9955],[105.5773,19.9982],[105.5815,19.9985],[105.583,20.0007],[105.5866,20.0012],[105.5879,20.0062],[105.5905,20.0046],[105.5933,20.0054],[105.5947,20.004],[105.5998,20.0022],[105.5993,19.9993],[105.6021,19.9988],[105.6111,19.996],[105.6128,19.9935],[105.6135,19.9891],[105.6182,19.9901],[105.6198,19.9875],[105.6145,19.9821],[105.6145,19.9794],[105.6168,19.9791],[105.6153,19.9717],[105.6125,19.9674],[105.6134,19.9664],[105.613,19.9627],[105.6158,19.9608],[105.6126,19.9587],[105.6124,19.9574],[105.6109,19.9559],[105.6081,19.9579],[105.6045,19.9577],[105.6036,19.9562],[105.5998,19.9561],[105.5959,19.9574],[105.5951,19.9602],[105.5928,19.9619],[105.5926,19.9643],[105.5862,19.9645],[105.5852,19.9618],[105.5808,19.9616],[105.5768,19.9592],[105.5776,19.9629],[105.5749,19.9652],[105.5719,19.9647],[105.5694,19.9604],[105.5693,19.9555],[105.5675,19.9553],[105.5634,19.9575],[105.5637,19.9634],[105.5664,19.9648],[105.5644,19.9687],[105.5616,19.9706],[105.5603,19.9744],[105.5617,19.9756],[105.5625,19.9794],[105.5594,19.9812],[105.5573,19.9836],[105.555,19.9876],[105.5531,19.9854],[105.5507,19.9852]]]},"properties":{"name":"Yên Ninh","level":"ward"}},{"type":"Feature","geometry":{"type":"Polygon","coordinates":[[[105.7605,19.9579],[105.762,19.957],[105.7638,19.9552],[105.7655,19.9498],[105.7585,19.9513],[105.7538,19.9487],[105.7518,19.944],[105.7526,19.941],[105.7547,19.9373],[105.7519,19.9319],[105.7501,19.9309],[105.7441,19.9298],[105.7382,19.9297],[105.7373,19.9329],[105.7355,19.9344],[105.7313,19.935],[105.7292,19.9345],[105.7272,19.932],[105.7231,19.9329],[105.7203,19.9314],[105.7162,19.9326],[105.7157,19.9304],[105.712,19.9323],[105.7091,19.9348],[105.7066,19.9339],[105.7028,19.9352],[105.7025,19.9372],[105.7024,19.9371],[105.7013,19.9396],[105.699,19.9418],[105.6963,19.9377],[105.6931,19.9373],[105.6864,19.9382],[105.6842,19.9379],[105.6828,19.9342],[105.678,19.9388],[105.6731,19.9355],[105.6662,19.9384],[105.6587,19.941],[105.6554,19.9393],[105.6541,19.9408],[105.652,19.9441],[105.649,19.942],[105.6496,19.9435],[105.6536,19.9462],[105.6549,19.9491],[105.6574,19.9517],[105.6562,19.9555],[105.6591,19.9583],[105.6634,19.9644],[105.6638,19.9675],[105.6669,19.9661],[105.6716,19.9717],[105.6775,19.9781],[105.6806,19.9726],[105.6841,19.9725],[105.6847,19.9767],[105.689,19.9734],[105.6932,19.9718],[105.7001,19.9716],[105.7007,19.9687],[105.7033,19.9687],[105.7086,19.9661],[105.7119,19.9624],[105.7119,19.9583],[105.7151,19.9586],[105.7157,19.96],[105.7217,19.9575],[105.7254,19.9584],[105.7288,19.9605],[105.7336,19.9587],[105.7337,19.9656],[105.7301,19.9664],[105.7324,19.971],[105.7416,19.9668],[105.7458,19.9635],[105.7519,19.9602],[105.7605,19.9579]]]},"properties":{"name":"Định Hoà","level":"ward"}},{"type":"Feature","geometry":{"type":"Polygon","coordinates":[[[105.6445,20.0063],[105.6467,20.0071],[105.6468,20.0093],[105.6551,20.0137],[105.6584,20.0143],[105.6679,20.0126],[105.6693,20.0138],[105.6702,20.017],[105.6729,20.0173],[105.6823,20.0123],[105.686,20.0098],[105.6899,20.0042],[105.693,20.0012],[105.6993,19.9986],[105.7047,19.9972],[105.7139,19.9958],[105.7218,19.9933],[105.7252,19.9905],[105.7264,19.9876],[105.7266,19.9838],[105.7256,19.9775],[105.7261,19.9745],[105.728,19.9724],[105.7324,19.971],[105.7301,19.9664],[105.7337,19.9656],[105.7336,19.9587],[105.7288,19.9605],[105.7254,19.9584],[105.7217,19.9575],[105.7157,19.96],[105.7151,19.9586],[105.7119,19.9583],[105.7119,19.9624],[105.7086,19.9661],[105.7033,19.9687],[105.7007,19.9687],[105.7001,19.9716],[105.6932,19.9718],[105.689,19.9734],[105.6847,19.9767],[105.6841,19.9725],[105.6806,19.9726],[105.6775,19.9781],[105.6716,19.9717],[105.6668,19.9719],[105.6646,19.976],[105.6599,19.979],[105.6582,19.9816],[105.6562,19.9821],[105.6581,19.9859],[105.6585,19.9886],[105.6572,19.9926],[105.649,19.9948],[105.6493,19.999],[105.6454,20.0039],[105.6445,20.0063]]]},"properties":{"name":"Định Tân","level":"ward"}},{"type":"Feature","geometry":{"type":"Polygon","coordinates":[[[105.6398,20.0109],[105.6422,20.0066],[105.6445,20.0063],[105.6454,20.0039],[105.6493,19.999],[105.649,19.9948],[105.6572,19.9926],[105.6585,19.9886],[105.6581,19.9859],[105.6562,19.9821],[105.6582,19.9816],[105.6599,19.979],[105.6646,19.976],[105.6668,19.9719],[105.6716,19.9717],[105.6669,19.9661],[105.6638,19.9675],[105.6634,19.9644],[105.6591,19.9583],[105.6562,19.9555],[105.6574,19.9517],[105.6549,19.9491],[105.6536,19.9462],[105.6496,19.9435],[105.649,19.942],[105.6454,19.94],[105.6449,19.9386],[105.6413,19.9393],[105.6374,19.9387],[105.6324,19.9349],[105.627,19.9369],[105.6257,19.9346],[105.6224,19.9377],[105.6199,19.9434],[105.6247,19.9467],[105.624,19.9486],[105.6214,19.9494],[105.6194,19.9549],[105.6158,19.9559],[105.6137,19.9548],[105.6124,19.9574],[105.6126,19.9587],[105.6158,19.9608],[105.613,19.9627],[105.6134,19.9664],[105.6125,19.9674],[105.6153,19.9717],[105.6168,19.9791],[105.6145,19.9794],[105.6145,19.9821],[105.6198,19.9875],[105.6182,19.9901],[105.6269,19.9947],[105.6289,19.9998],[105.6324,20.0007],[105.6326,20.0034],[105.635,20.0077],[105.6398,20.0109]]]},"properties":{"name":"Yên Định","level":"ward"}},{"type":"Feature","geometry":{"type":"Polygon","coordinates":[[[105.5874,19.9197],[105.5919,19.9144],[105.5931,19.9139],[105.5945,19.9109],[105.5948,19.9054],[105.5926,19.9032],[105.5894,19.9032],[105.5856,19.9019],[105.58,19.906],[105.5753,19.9102],[105.5741,19.9128],[105.5742,19.9155],[105.5694,19.9139],[105.5677,19.9155],[105.5645,19.9138],[105.5623,19.9162],[105.5591,19.9182],[105.5615,19.9199],[105.5598,19.9243],[105.557,19.9259],[105.5513,19.925],[105.5494,19.9268],[105.5449,19.9278],[105.5398,19.9261],[105.5352,19.9263],[105.5348,19.9301],[105.5269,19.9289],[105.5277,19.9271],[105.5252,19.9255],[105.527,19.9221],[105.5251,19.9211],[105.5215,19.9218],[105.5212,19.9187],[105.5167,19.9142],[105.5095,19.9142],[105.5053,19.9094],[105.5001,19.9074],[105.502,19.9039],[105.4994,19.903],[105.4947,19.9],[105.4927,19.9012],[105.4901,19.9032],[105.4882,19.9075],[105.4898,19.9102],[105.4901,19.9144],[105.4874,19.9154],[105.4877,19.9192],[105.4861,19.9211],[105.4902,19.9274],[105.4921,19.9271],[105.4946,19.9305],[105.4957,19.9333],[105.4978,19.9325],[105.5009,19.9335],[105.5038,19.9362],[105.5056,19.9351],[105.5089,19.941],[105.5147,19.9434],[105.5147,19.9466],[105.5185,19.9445],[105.5218,19.9391],[105.5244,19.9383],[105.5296,19.9393],[105.5347,19.942],[105.5377,19.9431],[105.5397,19.946],[105.5436,19.9475],[105.5478,19.9465],[105.5535,19.9438],[105.5573,19.9429],[105.56,19.9434],[105.565,19.9469],[105.5683,19.948],[105.5717,19.9467],[105.5731,19.9431],[105.5749,19.9345],[105.5765,19.9304],[105.5843,19.9243],[105.5874,19.9197]]]},"properties":{"name":"Thọ Xuân","level":"ward"}},{"type":"Feature","geometry":{"type":"Polygon","coordinates":[[[105.5167,19.9142],[105.5212,19.9187],[105.5215,19.9218],[105.5251,19.9211],[105.527,19.9221],[105.5252,19.9255],[105.5277,19.9271],[105.5269,19.9289],[105.5348,19.9301],[105.5352,19.9263],[105.5398,19.9261],[105.5449,19.9278],[105.5494,19.9268],[105.5513,19.925],[105.557,19.9259],[105.5598,19.9243],[105.5615,19.9199],[105.5591,19.9182],[105.5623,19.9162],[105.5645,19.9138],[105.5677,19.9155],[105.5694,19.9139],[105.5742,19.9155],[105.5741,19.9128],[105.5753,19.9102],[105.58,19.906],[105.5856,19.9019],[105.5847,19.8977],[105.5867,19.8958],[105.585,19.8937],[105.5849,19.8894],[105.5824,19.8886],[105.5728,19.8916],[105.5704,19.8896],[105.5676,19.891],[105.5648,19.8874],[105.5609,19.886],[105.5567,19.8883],[105.5552,19.8844],[105.5531,19.8853],[105.5525,19.8822],[105.5454,19.8834],[105.5435,19.8843],[105.5437,19.8857],[105.5378,19.8905],[105.5337,19.8901],[105.5346,19.8946],[105.5292,19.8968],[105.5271,19.8959],[105.5257,19.8977],[105.5273,19.9022],[105.5258,19.9047],[105.5279,19.9064],[105.5283,19.9107],[105.5249,19.9128],[105.5211,19.9127],[105.5167,19.9142]]]},"properties":{"name":"Thọ Long","level":"ward"}},{"type":"Feature","geometry":{"type":"Polygon","coordinates":[[[105.5147,19.9466],[105.5147,19.9434],[105.5089,19.941],[105.5056,19.9351],[105.5038,19.9362],[105.5009,19.9335],[105.4978,19.9325],[105.4957,19.9333],[105.4946,19.9305],[105.4921,19.9271],[105.4902,19.9274],[105.4861,19.9211],[105.4877,19.9192],[105.4874,19.9154],[105.4901,19.9144],[105.4898,19.9102],[105.4882,19.9075],[105.4901,19.9032],[105.4927,19.9012],[105.4894,19.9012],[105.4847,19.8996],[105.4844,19.8983],[105.4871,19.895],[105.4852,19.8937],[105.4842,19.8913],[105.4805,19.8899],[105.4751,19.8924],[105.4739,19.8915],[105.4705,19.8938],[105.4639,19.8936],[105.461,19.8911],[105.4585,19.8938],[105.4601,19.9178],[105.4573,19.9182],[105.4574,19.9215],[105.4589,19.9239],[105.4569,19.9257],[105.4499,19.9257],[105.449,19.9284],[105.451,19.9295],[105.4501,19.932],[105.4523,19.933],[105.4563,19.9343],[105.4594,19.9365],[105.4611,19.9404],[105.4627,19.9478],[105.466,19.9499],[105.4702,19.9542],[105.4741,19.9557],[105.4837,19.9556],[105.4853,19.9561],[105.4928,19.961],[105.4971,19.9622],[105.5043,19.9602],[105.5065,19.9587],[105.51,19.9504],[105.5147,19.9466]]]},"properties":{"name":"Xuân Hoà","level":"ward"}},{"type":"Feature","geometry":{"type":"Polygon","coordinates":[[[105.3731,19.9239],[105.3769,19.926],[105.3802,19.9291],[105.3852,19.9258],[105.3909,19.9258],[105.3977,19.9285],[105.3994,19.9276],[105.4045,19.9332],[105.408,19.9346],[105.4071,19.9371],[105.4137,19.9366],[105.4155,19.9401],[105.4171,19.9395],[105.4218,19.9396],[105.4254,19.9362],[105.4281,19.937],[105.4326,19.9401],[105.4352,19.9402],[105.4365,19.9385],[105.4359,19.9362],[105.4319,19.9329],[105.4339,19.9285],[105.4294,19.9262],[105.4249,19.9257],[105.4227,19.9203],[105.4182,19.9191],[105.4155,19.9229],[105.4127,19.921],[105.4117,19.9181],[105.4142,19.9145],[105.4131,19.9127],[105.4137,19.9086],[105.4173,19.9082],[105.4186,19.9036],[105.4213,19.9017],[105.4216,19.8987],[105.4232,19.8973],[105.4189,19.8937],[105.4176,19.886],[105.4092,19.8882],[105.4057,19.8874],[105.4071,19.8807],[105.4033,19.8759],[105.3946,19.8782],[105.3943,19.8798],[105.3899,19.8811],[105.388,19.8831],[105.3873,19.886],[105.3849,19.8887],[105.3791,19.8926],[105.3778,19.8946],[105.3791,19.9036],[105.379,19.9079],[105.3781,19.9118],[105.3755,19.9149],[105.3754,19.9175],[105.3736,19.9201],[105.3731,19.9239]]]},"properties":{"name":"Lam Sơn","level":"ward"}},{"type":"Feature","geometry":{"type":"Polygon","coordinates":[[[105.4927,19.9012],[105.4947,19.9],[105.4994,19.903],[105.502,19.9039],[105.5001,19.9074],[105.5053,19.9094],[105.5095,19.9142],[105.5167,19.9142],[105.5211,19.9127],[105.5249,19.9128],[105.5283,19.9107],[105.5279,19.9064],[105.5258,19.9047],[105.5273,19.9022],[105.5257,19.8977],[105.5271,19.8959],[105.5292,19.8968],[105.5346,19.8946],[105.5337,19.8901],[105.5283,19.8904],[105.5273,19.8876],[105.5226,19.8827],[105.519,19.884],[105.5155,19.8824],[105.5128,19.8831],[105.5098,19.8787],[105.5067,19.8806],[105.5046,19.8754],[105.5017,19.8742],[105.5025,19.8696],[105.4991,19.869],[105.4932,19.8644],[105.4896,19.8654],[105.4826,19.8655],[105.4772,19.862],[105.4735,19.8629],[105.4708,19.8606],[105.471,19.8541],[105.4679,19.8516],[105.4667,19.8486],[105.4612,19.8439],[105.4587,19.839],[105.4594,19.8367],[105.4565,19.832],[105.4548,19.832],[105.4494,19.8352],[105.4486,19.8378],[105.4466,19.8399],[105.4421,19.8409],[105.4408,19.8395],[105.441,19.8361],[105.4344,19.8339],[105.4338,19.8315],[105.4352,19.83],[105.4341,19.8225],[105.4325,19.816],[105.4285,19.8165],[105.4262,19.8158],[105.4233,19.8188],[105.4193,19.8167],[105.4109,19.818],[105.407,19.8211],[105.4076,19.8233],[105.4062,19.8293],[105.4085,19.8305],[105.4107,19.8335],[105.4029,19.838],[105.4027,19.8417],[105.3944,19.8422],[105.3958,19.845],[105.393,19.8468],[105.3886,19.8476],[105.3895,19.8543],[105.3938,19.8616],[105.4005,19.8661],[105.4041,19.8724],[105.4033,19.8759],[105.4071,19.8807],[105.4057,19.8874],[105.4092,19.8882],[105.4176,19.886],[105.4189,19.8937],[105.4232,19.8973],[105.4216,19.8987],[105.4213,19.9017],[105.4186,19.9036],[105.4173,19.9082],[105.4137,19.9086],[105.4131,19.9127],[105.4142,19.9145],[105.4117,19.9181],[105.4127,19.921],[105.4155,19.9229],[105.4182,19.9191],[105.4227,19.9203],[105.4249,19.9257],[105.4294,19.9262],[105.4339,19.9285],[105.4422,19.9338],[105.4462,19.9341],[105.4523,19.933],[105.4501,19.932],[105.451,19.9295],[105.449,19.9284],[105.4499,19.9257],[105.4569,19.9257],[105.4589,19.9239],[105.4574,19.9215],[105.4573,19.9182],[105.4601,19.9178],[105.4585,19.8938],[105.461,19.8911],[105.4639,19.8936],[105.4705,19.8938],[105.4739,19.8915],[105.4751,19.8924],[105.4805,19.8899],[105.4842,19.8913],[105.4852,19.8937],[105.4871,19.895],[105.4844,19.8983],[105.4847,19.8996],[105.4894,19.9012],[105.4927,19.9012]]]},"properties":{"name":"Sao Vàng","level":"ward"}},{"type":"Feature","geometry":{"type":"Polygon","coordinates":[[[105.4171,19.9395],[105.4218,19.9436],[105.4245,19.9476],[105.4311,19.9521],[105.4317,19.9544],[105.4343,19.9548],[105.4398,19.9596],[105.4388,19.9626],[105.4354,19.9631],[105.4361,19.9667],[105.4339,19.9672],[105.4335,19.9713],[105.4313,19.9724],[105.4313,19.9756],[105.4331,19.9768],[105.4327,19.9789],[105.4301,19.9792],[105.4247,19.9814],[105.4216,19.9815],[105.4197,19.9867],[105.4165,19.9867],[105.4167,19.99],[105.413,19.9918],[105.4112,19.9927],[105.4161,19.9978],[105.4169,19.9992],[105.4226,20.0032],[105.4252,19.9999],[105.4286,20.0012],[105.4318,19.9996],[105.4372,19.9979],[105.441,19.9951],[105.4446,19.9938],[105.4485,19.9977],[105.4511,19.9972],[105.4501,19.9936],[105.453,19.9913],[105.4549,19.9916],[105.4617,19.9869],[105.4636,19.9885],[105.4672,19.9872],[105.47,19.9889],[105.4733,19.9875],[105.4717,19.9849],[105.4729,19.9834],[105.4787,19.9814],[105.4811,19.9824],[105.4816,19.9789],[105.4782,19.9757],[105.485,19.9735],[105.4869,19.9741],[105.4893,19.9724],[105.491,19.9675],[105.4911,19.9625],[105.4928,19.961],[105.4853,19.9561],[105.4837,19.9556],[105.4741,19.9557],[105.4702,19.9542],[105.466,19.9499],[105.4627,19.9478],[105.4611,19.9404],[105.4594,19.9365],[105.4563,19.9343],[105.4523,19.933],[105.4462,19.9341],[105.4422,19.9338],[105.4339,19.9285],[105.4319,19.9329],[105.4359,19.9362],[105.4365,19.9385],[105.4352,19.9402],[105.4326,19.9401],[105.4281,19.937],[105.4254,19.9362],[105.4218,19.9396],[105.4171,19.9395]]]},"properties":{"name":"Thọ Lập","level":"ward"}},{"type":"Feature","geometry":{"type":"Polygon","coordinates":[[[105.4562,20.033],[105.4595,20.0359],[105.4619,20.0353],[105.4657,20.0305],[105.4674,20.0311],[105.4708,20.0282],[105.4709,20.0194],[105.4736,20.0188],[105.4779,20.0134],[105.4768,20.0091],[105.4776,20.0079],[105.4826,20.0077],[105.484,20.0109],[105.4847,20.0163],[105.489,20.0187],[105.4942,20.019],[105.4946,20.0126],[105.4971,20.012],[105.4939,20.009],[105.4931,20.0066],[105.4955,20.0018],[105.4996,20.0009],[105.5009,20.0052],[105.5041,20.0059],[105.5072,20.0077],[105.51,20.0024],[105.512,20.0027],[105.5131,19.9986],[105.5173,19.9981],[105.5157,19.9947],[105.5136,19.9942],[105.5142,19.9925],[105.5081,19.9914],[105.509,19.9891],[105.5125,19.9853],[105.5146,19.9852],[105.5138,19.9802],[105.5109,19.977],[105.5093,19.9707],[105.5148,19.9717],[105.5184,19.9714],[105.519,19.9681],[105.5214,19.9664],[105.5201,19.9639],[105.5224,19.9626],[105.526,19.9628],[105.5292,19.9681],[105.5297,19.9603],[105.5317,19.9595],[105.532,19.9532],[105.5305,19.9503],[105.5328,19.9497],[105.5322,19.9469],[105.5339,19.9462],[105.5347,19.942],[105.5296,19.9393],[105.5244,19.9383],[105.5218,19.9391],[105.5185,19.9445],[105.5147,19.9466],[105.51,19.9504],[105.5065,19.9587],[105.5043,19.9602],[105.4971,19.9622],[105.4928,19.961],[105.4911,19.9625],[105.491,19.9675],[105.4893,19.9724],[105.4869,19.9741],[105.485,19.9735],[105.4782,19.9757],[105.4816,19.9789],[105.4811,19.9824],[105.4787,19.9814],[105.4729,19.9834],[105.4717,19.9849],[105.4733,19.9875],[105.4806,19.9904],[105.4771,19.9951],[105.4733,19.995],[105.4672,19.993],[105.4641,19.9938],[105.4642,19.9965],[105.4591,19.9979],[105.4561,20.0026],[105.4552,20.0022],[105.4518,20.0073],[105.4519,20.009],[105.4479,20.0112],[105.4492,20.0137],[105.449,20.0162],[105.4514,20.0171],[105.4499,20.0207],[105.4514,20.0235],[105.4554,20.0242],[105.4595,20.0209],[105.4621,20.0204],[105.4634,20.0228],[105.4618,20.0242],[105.4623,20.0284],[105.4562,20.0302],[105.4562,20.033]]]},"properties":{"name":"Xuân Tín","level":"ward"}},{"type":"Feature","geometry":{"type":"Polygon","coordinates":[[[105.5136,19.9942],[105.5171,19.9923],[105.5208,19.9921],[105.5235,19.9953],[105.5255,19.9928],[105.5316,19.9986],[105.5387,19.9979],[105.5418,19.9941],[105.5391,19.9932],[105.5394,19.9908],[105.5414,19.9885],[105.5452,19.9882],[105.5458,19.9847],[105.5495,19.9858],[105.5507,19.9852],[105.5531,19.9854],[105.555,19.9876],[105.5573,19.9836],[105.5594,19.9812],[105.5625,19.9794],[105.5617,19.9756],[105.5603,19.9744],[105.5616,19.9706],[105.5644,19.9687],[105.5664,19.9648],[105.5637,19.9634],[105.5634,19.9575],[105.5675,19.9553],[105.5693,19.9555],[105.5694,19.9604],[105.5719,19.9647],[105.5749,19.9652],[105.5776,19.9629],[105.5768,19.9592],[105.5808,19.9616],[105.5852,19.9618],[105.5862,19.9645],[105.5926,19.9643],[105.5928,19.9619],[105.5951,19.9602],[105.5959,19.9574],[105.5998,19.9561],[105.6036,19.9562],[105.6049,19.9543],[105.6057,19.9493],[105.6045,19.9438],[105.6016,19.9407],[105.5984,19.9403],[105.5959,19.9384],[105.5959,19.9363],[105.5938,19.9355],[105.5937,19.9297],[105.5899,19.9281],[105.5905,19.9255],[105.5895,19.9209],[105.5874,19.9197],[105.5843,19.9243],[105.5765,19.9304],[105.5749,19.9345],[105.5731,19.9431],[105.5717,19.9467],[105.5683,19.948],[105.565,19.9469],[105.56,19.9434],[105.5573,19.9429],[105.5535,19.9438],[105.5478,19.9465],[105.5436,19.9475],[105.5397,19.946],[105.5377,19.9431],[105.5347,19.942],[105.5339,19.9462],[105.5322,19.9469],[105.5328,19.9497],[105.5305,19.9503],[105.532,19.9532],[105.5317,19.9595],[105.5297,19.9603],[105.5292,19.9681],[105.526,19.9628],[105.5224,19.9626],[105.5201,19.9639],[105.5214,19.9664],[105.519,19.9681],[105.5184,19.9714],[105.5148,19.9717],[105.5093,19.9707],[105.5109,19.977],[105.5138,19.9802],[105.5146,19.9852],[105.5125,19.9853],[105.509,19.9891],[105.5081,19.9914],[105.5142,19.9925],[105.5136,19.9942]]]},"properties":{"name":"Xuân Lập","level":"ward"}},{"type":"Feature","geometry":{"type":"Polygon","coordinates":[[[104.9926,20.0945],[104.9973,20.0968],[105.0003,20.0954],[105.0036,20.0922],[105.0083,20.0912],[105.0086,20.0898],[105.0137,20.0852],[105.0185,20.0853],[105.0254,20.0823],[105.0311,20.0806],[105.0351,20.0782],[105.0476,20.0748],[105.0507,20.073],[105.0552,20.0726],[105.0576,20.0748],[105.0605,20.0756],[105.0613,20.0783],[105.0749,20.0787],[105.0776,20.078],[105.0773,20.0736],[105.078,20.0722],[105.0818,20.0696],[105.0842,20.0641],[105.0826,20.0634],[105.083,20.0607],[105.0809,20.0593],[105.0784,20.0553],[105.0771,20.0515],[105.0727,20.051],[105.0676,20.0484],[105.066,20.0444],[105.0688,20.0376],[105.0676,20.0334],[105.0709,20.0308],[105.0741,20.0324],[105.0771,20.0326],[105.0805,20.0298],[105.0818,20.0273],[105.0808,20.0217],[105.0844,20.0208],[105.0868,20.0186],[105.0901,20.0172],[105.093,20.0132],[105.0926,20.0119],[105.0939,20.0059],[105.0964,20.0026],[105.099,20.0016],[105.0996,19.999],[105.0946,19.9966],[105.0942,19.9941],[105.0924,19.9918],[105.0935,19.9877],[105.098,19.9846],[105.0897,19.9723],[105.0864,19.969],[105.0807,19.9678],[105.0789,19.9665],[105.0781,19.9602],[105.0808,19.9552],[105.0806,19.9521],[105.085,19.9461],[105.0844,19.9451],[105.0838,19.9379],[105.079,19.9352],[105.0717,19.9348],[105.0642,19.9326],[105.0603,19.9326],[105.0576,19.9314],[105.0528,19.9332],[105.05,19.9332],[105.0466,19.9312],[105.0459,19.9329],[105.048,19.9363],[105.0445,19.9378],[105.0428,19.9417],[105.0405,19.9417],[105.0369,19.9393],[105.0357,19.943],[105.0338,19.9443],[105.0268,19.9453],[105.0242,19.948],[105.0216,19.949],[105.0187,19.9523],[105.0167,19.9533],[105.0059,19.9531],[105.004,19.952],[104.9996,19.9565],[105.0009,19.9598],[105.0002,19.9623],[104.9921,19.966],[104.9899,19.9681],[104.9864,19.9692],[104.9846,19.9715],[104.9819,19.9723],[104.978,19.9769],[104.9709,19.9758],[104.9692,19.9743],[104.966,19.9753],[104.9663,19.9791],[104.9639,19.9821],[104.9645,19.9842],[104.9633,19.9886],[104.9593,19.9932],[104.9571,19.993],[104.9546,19.9907],[104.9492,19.9909],[104.9457,19.9889],[104.9421,19.9901],[104.9368,19.9887],[104.9323,19.99],[104.9294,19.9891],[104.9229,19.9921],[104.9212,19.9954],[104.9212,19.9979],[104.9186,19.998],[104.9162,19.9962],[104.9137,19.9981],[104.9123,20.0029],[104.9163,20.004],[104.9169,20.0082],[104.9185,20.008],[104.9204,20.0102],[104.9199,20.0131],[104.9181,20.0141],[104.9185,20.0164],[104.9231,20.0189],[104.9273,20.0236],[104.927,20.0258],[104.9292,20.0297],[104.933,20.0334],[104.9352,20.0375],[104.9381,20.0401],[104.9436,20.0408],[104.9446,20.0429],[104.9476,20.044],[104.9488,20.0472],[104.9538,20.0475],[104.9608,20.0509],[104.9622,20.0527],[104.9618,20.0552],[104.9635,20.0562],[104.9655,20.0593],[104.9726,20.0621],[104.9739,20.0657],[104.9725,20.0678],[104.9747,20.0728],[104.9749,20.0758],[104.9763,20.0797],[104.9813,20.082],[104.9807,20.0855],[104.9845,20.0871],[104.9894,20.0924],[104.9926,20.0945]]]},"properties":{"name":"Bát Mọt","level":"ward"}},{"type":"Feature","geometry":{"type":"Polygon","coordinates":[[[105.0776,20.078],[105.0914,20.0857],[105.0903,20.0954],[105.0878,20.0967],[105.085,20.1025],[105.0903,20.1037],[105.0943,20.1028],[105.0991,20.1047],[105.1037,20.1053],[105.1055,20.1048],[105.1121,20.1052],[105.1164,20.1091],[105.1177,20.1124],[105.1203,20.1129],[105.1218,20.1151],[105.1292,20.1201],[105.133,20.1131],[105.1339,20.1005],[105.1381,20.1006],[105.1393,20.0974],[105.1383,20.094],[105.14,20.0906],[105.1452,20.0873],[105.147,20.0868],[105.1482,20.0808],[105.1508,20.0794],[105.1552,20.0784],[105.1526,20.0664],[105.1561,20.0644],[105.1616,20.0627],[105.1649,20.0599],[105.1659,20.0555],[105.1644,20.0511],[105.1657,20.0462],[105.1605,20.038],[105.1666,20.0315],[105.1681,20.0277],[105.169,20.0202],[105.1644,20.0151],[105.1687,20.0122],[105.1715,20.0117],[105.1762,20.0123],[105.1787,20.0101],[105.1821,20.0091],[105.1832,20.0068],[105.1853,20.0053],[105.1939,19.9981],[105.2037,19.9982],[105.2068,19.9949],[105.206,19.988],[105.2083,19.9845],[105.2166,19.9827],[105.2137,19.9807],[105.2125,19.9755],[105.2064,19.9773],[105.2065,19.9731],[105.2083,19.9707],[105.2078,19.9689],[105.2023,19.9615],[105.2024,19.9578],[105.2055,19.956],[105.2064,19.9518],[105.2043,19.9505],[105.2047,19.9472],[105.2012,19.9526],[105.199,19.9532],[105.1981,19.9473],[105.1956,19.9446],[105.1936,19.9407],[105.1882,19.9385],[105.1804,19.9407],[105.1755,19.9395],[105.1726,19.9367],[105.1684,19.9344],[105.169,19.9295],[105.1681,19.9271],[105.1639,19.9277],[105.1601,19.9302],[105.1571,19.9303],[105.153,19.9272],[105.1493,19.9227],[105.1485,19.921],[105.1453,19.9207],[105.136,19.9232],[105.1348,19.9213],[105.1281,19.9247],[105.1256,19.925],[105.1219,19.9276],[105.1189,19.9327],[105.1162,19.9336],[105.1128,19.9323],[105.1074,19.9366],[105.1053,19.9375],[105.103,19.9358],[105.0953,19.9378],[105.0928,19.9399],[105.0909,19.9383],[105.0869,19.9368],[105.0838,19.9379],[105.0844,19.9451],[105.085,19.9461],[105.0806,19.9521],[105.0808,19.9552],[105.0781,19.9602],[105.0789,19.9665],[105.0807,19.9678],[105.0864,19.969],[105.0897,19.9723],[105.098,19.9846],[105.0935,19.9877],[105.0924,19.9918],[105.0942,19.9941],[105.0946,19.9966],[105.0996,19.999],[105.099,20.0016],[105.0964,20.0026],[105.0939,20.0059],[105.0926,20.0119],[105.093,20.0132],[105.0901,20.0172],[105.0868,20.0186],[105.0844,20.0208],[105.0808,20.0217],[105.0818,20.0273],[105.0805,20.0298],[105.0771,20.0326],[105.0741,20.0324],[105.0709,20.0308],[105.0676,20.0334],[105.0688,20.0376],[105.066,20.0444],[105.0676,20.0484],[105.0727,20.051],[105.0771,20.0515],[105.0784,20.0553],[105.0809,20.0593],[105.083,20.0607],[105.0826,20.0634],[105.0842,20.0641],[105.0818,20.0696],[105.078,20.0722],[105.0773,20.0736],[105.0776,20.078]]]},"properties":{"name":"Yên Nhân","level":"ward"}},{"type":"Feature","geometry":{"type":"Polygon","coordinates":[[[105.1493,19.9227],[105.153,19.9272],[105.1571,19.9303],[105.1601,19.9302],[105.1639,19.9277],[105.1681,19.9271],[105.169,19.9295],[105.1684,19.9344],[105.1726,19.9367],[105.1755,19.9395],[105.1804,19.9407],[105.1882,19.9385],[105.1936,19.9407],[105.1956,19.9446],[105.1981,19.9473],[105.199,19.9532],[105.2012,19.9526],[105.2047,19.9472],[105.2085,19.9449],[105.2134,19.946],[105.2158,19.9457],[105.2206,19.9414],[105.2297,19.9363],[105.2329,19.9299],[105.2334,19.9225],[105.2357,19.9191],[105.2437,19.9191],[105.2489,19.9175],[105.2554,19.9149],[105.2566,19.9135],[105.2605,19.9137],[105.2641,19.9116],[105.2681,19.9063],[105.2693,19.9037],[105.276,19.8973],[105.2775,19.8946],[105.2771,19.8911],[105.2728,19.887],[105.2732,19.8846],[105.2799,19.8812],[105.2806,19.8795],[105.2802,19.8742],[105.2839,19.8721],[105.2856,19.8679],[105.2897,19.8644],[105.2913,19.8606],[105.2969,19.8613],[105.3021,19.8587],[105.307,19.8541],[105.3054,19.8514],[105.3095,19.8453],[105.3117,19.8452],[105.3105,19.8402],[105.3043,19.8374],[105.307,19.8343],[105.3089,19.8282],[105.3069,19.8249],[105.3033,19.8225],[105.2995,19.8227],[105.2924,19.825],[105.2895,19.8273],[105.2852,19.8265],[105.2795,19.8284],[105.2751,19.8281],[105.2733,19.8251],[105.2744,19.8203],[105.2737,19.8181],[105.2711,19.816],[105.2715,19.8114],[105.2702,19.81],[105.2702,19.8074],[105.2689,19.8015],[105.2705,19.7975],[105.2683,19.7989],[105.2669,19.8018],[105.2671,19.8037],[105.2638,19.8062],[105.2599,19.8049],[105.2554,19.8066],[105.2524,19.8063],[105.2494,19.8031],[105.2437,19.8003],[105.2439,19.8103],[105.2397,19.8134],[105.2375,19.816],[105.2291,19.8176],[105.225,19.822],[105.2225,19.8227],[105.2168,19.8197],[105.212,19.8231],[105.2079,19.8218],[105.2051,19.8219],[105.2041,19.8251],[105.2053,19.8273],[105.2031,19.8285],[105.1975,19.8345],[105.1986,19.8405],[105.1976,19.8427],[105.1987,19.8449],[105.197,19.8471],[105.1967,19.8503],[105.1947,19.8528],[105.1942,19.8558],[105.1907,19.859],[105.188,19.8625],[105.1881,19.8676],[105.1854,19.8701],[105.1824,19.8743],[105.1831,19.8786],[105.1789,19.8799],[105.1775,19.8841],[105.1781,19.8862],[105.1765,19.8901],[105.1763,19.8963],[105.1712,19.899],[105.17,19.9011],[105.1704,19.9056],[105.1688,19.9093],[105.1682,19.9157],[105.1656,19.9191],[105.1623,19.9196],[105.1588,19.9221],[105.1547,19.9233],[105.1524,19.9213],[105.1493,19.9227]]]},"properties":{"name":"Vạn Xuân","level":"ward"}},{"type":"Feature","geometry":{"type":"Polygon","coordinates":[[[105.1821,20.0091],[105.1863,20.0088],[105.1917,20.0092],[105.1953,20.0087],[105.2015,20.0093],[105.2029,20.011],[105.2143,20.0124],[105.2211,20.0174],[105.225,20.0195],[105.2297,20.0177],[105.232,20.015],[105.2401,20.0105],[105.2452,20.0093],[105.2486,20.0092],[105.2523,20.0045],[105.2537,20.0037],[105.2637,20.0031],[105.2709,20.0047],[105.2715,20.0069],[105.2745,20.0067],[105.2805,20.0026],[105.2782,19.9972],[105.2789,19.9943],[105.282,19.9871],[105.2816,19.9811],[105.2847,19.9779],[105.2848,19.9758],[105.288,19.9732],[105.2892,19.9733],[105.2932,19.9705],[105.2956,19.9696],[105.2984,19.9644],[105.3037,19.9608],[105.3063,19.9564],[105.3084,19.9512],[105.3099,19.9395],[105.3096,19.9368],[105.3101,19.9322],[105.3091,19.9274],[105.3106,19.9249],[105.3061,19.9239],[105.3016,19.9245],[105.2909,19.9232],[105.2871,19.9214],[105.2828,19.921],[105.2786,19.9229],[105.274,19.9227],[105.2718,19.9249],[105.2701,19.9243],[105.2648,19.9281],[105.2629,19.932],[105.2593,19.9354],[105.2477,19.9335],[105.2461,19.9364],[105.2425,19.9371],[105.2383,19.94],[105.2348,19.9415],[105.2337,19.9375],[105.2297,19.9363],[105.2206,19.9414],[105.2158,19.9457],[105.2134,19.946],[105.2085,19.9449],[105.2047,19.9472],[105.2043,19.9505],[105.2064,19.9518],[105.2055,19.956],[105.2024,19.9578],[105.2023,19.9615],[105.2078,19.9689],[105.2083,19.9707],[105.2065,19.9731],[105.2064,19.9773],[105.2125,19.9755],[105.2137,19.9807],[105.2166,19.9827],[105.2083,19.9845],[105.206,19.988],[105.2068,19.9949],[105.2037,19.9982],[105.1939,19.9981],[105.1853,20.0053],[105.1832,20.0068],[105.1821,20.0091]]]},"properties":{"name":"Lương Sơn","level":"ward"}},{"type":"Feature","geometry":{"type":"Polygon","coordinates":[[[105.3946,19.8782],[105.4033,19.8759],[105.4041,19.8724],[105.4005,19.8661],[105.3938,19.8616],[105.3895,19.8543],[105.3886,19.8476],[105.393,19.8468],[105.3958,19.845],[105.3944,19.8422],[105.4027,19.8417],[105.4029,19.838],[105.4107,19.8335],[105.4085,19.8305],[105.4062,19.8293],[105.4076,19.8233],[105.407,19.8211],[105.4109,19.818],[105.4193,19.8167],[105.4233,19.8188],[105.4262,19.8158],[105.4272,19.8123],[105.4278,19.8063],[105.429,19.8024],[105.4315,19.8012],[105.4287,19.7969],[105.4283,19.7944],[105.431,19.792],[105.4342,19.7922],[105.4369,19.7939],[105.4404,19.7938],[105.4423,19.7913],[105.4484,19.7913],[105.4476,19.7838],[105.4487,19.7819],[105.449,19.7739],[105.4486,19.7722],[105.4499,19.7688],[105.4521,19.7581],[105.455,19.7569],[105.4551,19.7542],[105.4506,19.7524],[105.4493,19.75],[105.4467,19.7493],[105.4417,19.7528],[105.4372,19.7575],[105.4339,19.7595],[105.4285,19.7613],[105.4252,19.7661],[105.4248,19.7688],[105.4196,19.7738],[105.4187,19.7776],[105.4209,19.7797],[105.4191,19.7844],[105.4162,19.7856],[105.4145,19.7882],[105.4112,19.7891],[105.4103,19.7872],[105.407,19.7879],[105.3969,19.7849],[105.3965,19.7871],[105.3943,19.7893],[105.3961,19.792],[105.3959,19.7954],[105.394,19.7976],[105.3901,19.7967],[105.3889,19.7981],[105.3857,19.7984],[105.3795,19.8024],[105.3773,19.807],[105.3812,19.8092],[105.379,19.8111],[105.3745,19.818],[105.3549,19.8253],[105.3527,19.8308],[105.349,19.8336],[105.348,19.8378],[105.3443,19.8401],[105.3423,19.839],[105.3318,19.8357],[105.3298,19.8336],[105.3275,19.8362],[105.3263,19.8428],[105.3209,19.8429],[105.3196,19.8449],[105.3163,19.8464],[105.3117,19.8452],[105.3115,19.8527],[105.3126,19.8549],[105.3156,19.8555],[105.3154,19.8574],[105.3172,19.8604],[105.3154,19.8628],[105.3179,19.8641],[105.3189,19.8659],[105.3191,19.8714],[105.3202,19.8729],[105.3239,19.8728],[105.3255,19.8787],[105.3333,19.8793],[105.3369,19.882],[105.341,19.8863],[105.345,19.8878],[105.3469,19.8874],[105.3483,19.8827],[105.3444,19.8792],[105.3469,19.8729],[105.3462,19.87],[105.3482,19.8683],[105.3549,19.8666],[105.3566,19.8709],[105.3585,19.8703],[105.3592,19.8741],[105.3612,19.8757],[105.3769,19.8764],[105.3848,19.8741],[105.3893,19.8747],[105.3946,19.8782]]]},"properties":{"name":"Luận Thành","level":"ward"}},{"type":"Feature","geometry":{"type":"Polygon","coordinates":[[[105.2705,19.7975],[105.2689,19.8015],[105.2702,19.8074],[105.2702,19.81],[105.2715,19.8114],[105.2711,19.816],[105.2737,19.8181],[105.2744,19.8203],[105.2733,19.8251],[105.2751,19.8281],[105.2795,19.8284],[105.2852,19.8265],[105.2895,19.8273],[105.2924,19.825],[105.2995,19.8227],[105.3033,19.8225],[105.3072,19.8203],[105.3107,19.8133],[105.3139,19.8109],[105.3132,19.8085],[105.3168,19.8025],[105.3196,19.7966],[105.3192,19.7932],[105.3241,19.7873],[105.3237,19.7835],[105.3271,19.7824],[105.3294,19.7792],[105.3312,19.7783],[105.3307,19.7751],[105.3328,19.7698],[105.3375,19.7648],[105.3366,19.7561],[105.3403,19.7508],[105.341,19.7468],[105.3459,19.7452],[105.3484,19.7436],[105.3516,19.7429],[105.3578,19.7426],[105.3611,19.7405],[105.3613,19.7387],[105.3643,19.7344],[105.366,19.7339],[105.3678,19.7297],[105.3698,19.7287],[105.3709,19.7251],[105.3728,19.7244],[105.3737,19.721],[105.3725,19.7164],[105.3661,19.7157],[105.3633,19.7138],[105.3594,19.7095],[105.3553,19.7106],[105.3539,19.7089],[105.3519,19.7098],[105.3461,19.7094],[105.3452,19.7118],[105.3413,19.7108],[105.3364,19.713],[105.3331,19.7131],[105.3317,19.7145],[105.3286,19.7142],[105.3245,19.7181],[105.3193,19.7208],[105.3136,19.7194],[105.3038,19.7205],[105.3011,19.7233],[105.2967,19.7241],[105.2957,19.7264],[105.2959,19.7331],[105.2925,19.733],[105.29,19.7341],[105.2885,19.7358],[105.2886,19.7387],[105.29,19.741],[105.2894,19.7432],[105.2902,19.7466],[105.2873,19.7476],[105.2856,19.7499],[105.2814,19.75],[105.2793,19.7536],[105.2761,19.7556],[105.2746,19.7587],[105.2748,19.7623],[105.2729,19.7662],[105.264,19.7696],[105.2627,19.7751],[105.2637,19.7785],[105.2631,19.7813],[105.264,19.7834],[105.2681,19.7851],[105.2712,19.7883],[105.2699,19.7904],[105.2698,19.7936],[105.2712,19.7957],[105.2705,19.7975]]]},"properties":{"name":"Thắng Lộc","level":"ward"}},{"type":"Feature","geometry":{"type":"Polygon","coordinates":[[[105.3084,19.9512],[105.3093,19.9494],[105.3125,19.9482],[105.3188,19.9479],[105.3229,19.9461],[105.3221,19.9436],[105.3264,19.9432],[105.3293,19.9445],[105.3314,19.9425],[105.3316,19.9402],[105.3353,19.9403],[105.3379,19.9414],[105.3402,19.941],[105.3417,19.9386],[105.3428,19.9325],[105.3448,19.9314],[105.3456,19.9267],[105.3504,19.9227],[105.3546,19.9295],[105.359,19.9251],[105.3643,19.9257],[105.3657,19.9231],[105.37,19.9209],[105.3731,19.9239],[105.3736,19.9201],[105.3754,19.9175],[105.3755,19.9149],[105.3781,19.9118],[105.379,19.9079],[105.3791,19.9036],[105.3778,19.8946],[105.3791,19.8926],[105.3849,19.8887],[105.3873,19.886],[105.388,19.8831],[105.3899,19.8811],[105.3943,19.8798],[105.3946,19.8782],[105.3893,19.8747],[105.3848,19.8741],[105.3769,19.8764],[105.3612,19.8757],[105.3592,19.8741],[105.3585,19.8703],[105.3566,19.8709],[105.3549,19.8666],[105.3482,19.8683],[105.3462,19.87],[105.3469,19.8729],[105.3444,19.8792],[105.3483,19.8827],[105.3469,19.8874],[105.345,19.8878],[105.341,19.8863],[105.3369,19.882],[105.3333,19.8793],[105.3255,19.8787],[105.3239,19.8728],[105.3202,19.8729],[105.3191,19.8714],[105.3189,19.8659],[105.3179,19.8641],[105.3154,19.8628],[105.3172,19.8604],[105.3154,19.8574],[105.3156,19.8555],[105.3126,19.8549],[105.3115,19.8527],[105.3117,19.8452],[105.3095,19.8453],[105.3054,19.8514],[105.307,19.8541],[105.3021,19.8587],[105.2969,19.8613],[105.2913,19.8606],[105.2897,19.8644],[105.2856,19.8679],[105.2839,19.8721],[105.2802,19.8742],[105.2806,19.8795],[105.2799,19.8812],[105.2732,19.8846],[105.2728,19.887],[105.2771,19.8911],[105.2775,19.8946],[105.276,19.8973],[105.2693,19.9037],[105.2681,19.9063],[105.2641,19.9116],[105.2605,19.9137],[105.2566,19.9135],[105.2554,19.9149],[105.2489,19.9175],[105.2437,19.9191],[105.2357,19.9191],[105.2334,19.9225],[105.2329,19.9299],[105.2297,19.9363],[105.2337,19.9375],[105.2348,19.9415],[105.2383,19.94],[105.2425,19.9371],[105.2461,19.9364],[105.2477,19.9335],[105.2593,19.9354],[105.2629,19.932],[105.2648,19.9281],[105.2701,19.9243],[105.2718,19.9249],[105.274,19.9227],[105.2786,19.9229],[105.2828,19.921],[105.2871,19.9214],[105.2909,19.9232],[105.3016,19.9245],[105.3061,19.9239],[105.3106,19.9249],[105.3091,19.9274],[105.3101,19.9322],[105.3096,19.9368],[105.3099,19.9395],[105.3084,19.9512]]]},"properties":{"name":"Thường Xuân","level":"ward"}},{"type":"Feature","geometry":{"type":"Polygon","coordinates":[[[105.188,19.8625],[105.1907,19.859],[105.1942,19.8558],[105.1947,19.8528],[105.1967,19.8503],[105.197,19.8471],[105.1987,19.8449],[105.1976,19.8427],[105.1986,19.8405],[105.1975,19.8345],[105.2031,19.8285],[105.2053,19.8273],[105.2041,19.8251],[105.2051,19.8219],[105.2079,19.8218],[105.212,19.8231],[105.2168,19.8197],[105.2225,19.8227],[105.225,19.822],[105.2291,19.8176],[105.2375,19.816],[105.2397,19.8134],[105.2439,19.8103],[105.2437,19.8003],[105.2494,19.8031],[105.2524,19.8063],[105.2554,19.8066],[105.2599,19.8049],[105.2638,19.8062],[105.2671,19.8037],[105.2669,19.8018],[105.2683,19.7989],[105.2705,19.7975],[105.2712,19.7957],[105.2698,19.7936],[105.2699,19.7904],[105.2712,19.7883],[105.2681,19.7851],[105.264,19.7834],[105.2631,19.7813],[105.2637,19.7785],[105.2627,19.7751],[105.264,19.7696],[105.2729,19.7662],[105.2748,19.7623],[105.2746,19.7587],[105.2761,19.7556],[105.2793,19.7536],[105.2814,19.75],[105.2856,19.7499],[105.2873,19.7476],[105.2902,19.7466],[105.2894,19.7432],[105.29,19.741],[105.2886,19.7387],[105.2885,19.7358],[105.29,19.7341],[105.2856,19.7346],[105.2822,19.7378],[105.2761,19.7394],[105.2749,19.7382],[105.2717,19.7379],[105.2697,19.7401],[105.2674,19.7402],[105.2645,19.7421],[105.2612,19.7413],[105.2589,19.744],[105.2537,19.7462],[105.2524,19.7415],[105.2489,19.7387],[105.2451,19.737],[105.2441,19.7333],[105.2399,19.7333],[105.2442,19.7276],[105.2458,19.7236],[105.2427,19.7216],[105.2362,19.7199],[105.2303,19.7206],[105.2281,19.72],[105.2245,19.7204],[105.2206,19.7186],[105.218,19.7144],[105.2135,19.7117],[105.209,19.713],[105.2069,19.7145],[105.1953,19.7146],[105.1927,19.7138],[105.1902,19.716],[105.1846,19.7187],[105.1812,19.7189],[105.1753,19.721],[105.1672,19.7227],[105.1621,19.7228],[105.1585,19.7242],[105.1555,19.7233],[105.1497,19.7282],[105.1487,19.7314],[105.1446,19.7338],[105.1426,19.7366],[105.1395,19.7368],[105.1352,19.7406],[105.1331,19.7438],[105.1362,19.7478],[105.1353,19.7545],[105.136,19.7563],[105.1324,19.7602],[105.1342,19.7634],[105.1366,19.7641],[105.1371,19.7675],[105.1346,19.7707],[105.1351,19.7741],[105.1336,19.7747],[105.1309,19.7795],[105.1323,19.7861],[105.1302,19.7909],[105.1292,19.7963],[105.1275,19.8014],[105.1299,19.8063],[105.1323,19.8081],[105.1321,19.8104],[105.1304,19.8126],[105.1296,19.8166],[105.13,19.82],[105.1329,19.8213],[105.1311,19.8247],[105.1312,19.8271],[105.1412,19.8307],[105.1462,19.837],[105.1456,19.8408],[105.1479,19.8542],[105.1511,19.8558],[105.1528,19.8548],[105.1589,19.8547],[105.1603,19.8536],[105.1638,19.8552],[105.1708,19.8552],[105.1752,19.8561],[105.1788,19.8542],[105.1833,19.8578],[105.185,19.858],[105.188,19.8625]]]},"properties":{"name":"Xuân Chinh","level":"ward"}},{"type":"Feature","geometry":{"type":"Polygon","coordinates":[[[105.3033,19.8225],[105.3069,19.8249],[105.3089,19.8282],[105.307,19.8343],[105.3043,19.8374],[105.3105,19.8402],[105.3117,19.8452],[105.3163,19.8464],[105.3196,19.8449],[105.3209,19.8429],[105.3263,19.8428],[105.3275,19.8362],[105.3298,19.8336],[105.3318,19.8357],[105.3423,19.839],[105.3443,19.8401],[105.348,19.8378],[105.349,19.8336],[105.3527,19.8308],[105.3549,19.8253],[105.3745,19.818],[105.379,19.8111],[105.3812,19.8092],[105.3773,19.807],[105.3795,19.8024],[105.3857,19.7984],[105.3889,19.7981],[105.3901,19.7967],[105.394,19.7976],[105.3959,19.7954],[105.3961,19.792],[105.3943,19.7893],[105.3965,19.7871],[105.3969,19.7849],[105.407,19.7879],[105.4103,19.7872],[105.4112,19.7891],[105.4145,19.7882],[105.4162,19.7856],[105.4191,19.7844],[105.4209,19.7797],[105.4187,19.7776],[105.4196,19.7738],[105.4248,19.7688],[105.4252,19.7661],[105.4285,19.7613],[105.4339,19.7595],[105.4372,19.7575],[105.4417,19.7528],[105.4381,19.7552],[105.4354,19.7541],[105.4319,19.7549],[105.4299,19.7535],[105.4284,19.7504],[105.4256,19.7481],[105.4217,19.7496],[105.4137,19.7478],[105.4129,19.7457],[105.4087,19.7422],[105.4062,19.7414],[105.4027,19.7362],[105.4008,19.7349],[105.3982,19.7265],[105.394,19.7253],[105.3929,19.7241],[105.3884,19.7256],[105.3868,19.7241],[105.3843,19.7243],[105.3838,19.7261],[105.3807,19.7287],[105.3729,19.7274],[105.3709,19.7251],[105.3698,19.7287],[105.3678,19.7297],[105.366,19.7339],[105.3643,19.7344],[105.3613,19.7387],[105.3611,19.7405],[105.3578,19.7426],[105.3516,19.7429],[105.3484,19.7436],[105.3459,19.7452],[105.341,19.7468],[105.3403,19.7508],[105.3366,19.7561],[105.3375,19.7648],[105.3328,19.7698],[105.3307,19.7751],[105.3312,19.7783],[105.3294,19.7792],[105.3271,19.7824],[105.3237,19.7835],[105.3241,19.7873],[105.3192,19.7932],[105.3196,19.7966],[105.3168,19.8025],[105.3132,19.8085],[105.3139,19.8109],[105.3107,19.8133],[105.3072,19.8203],[105.3033,19.8225]]]},"properties":{"name":"Tân Thành","level":"ward"}},{"type":"Feature","geometry":{"type":"Polygon","coordinates":[[[105.6507,19.8491],[105.6502,19.8438],[105.6489,19.8428],[105.6523,19.8397],[105.6496,19.8383],[105.648,19.8349],[105.6486,19.83],[105.6474,19.8281],[105.6512,19.8264],[105.6538,19.8239],[105.6552,19.821],[105.6601,19.8208],[105.6624,19.819],[105.662,19.8161],[105.6572,19.8132],[105.642,19.808],[105.6419,19.8051],[105.6388,19.8041],[105.6366,19.8045],[105.6331,19.8036],[105.6342,19.8087],[105.6315,19.8153],[105.6268,19.8135],[105.6257,19.8161],[105.6164,19.8126],[105.6114,19.8096],[105.6038,19.8098],[105.6011,19.8082],[105.5991,19.8085],[105.5969,19.8083],[105.5939,19.8056],[105.5925,19.8101],[105.5904,19.8132],[105.5866,19.8121],[105.5854,19.8083],[105.5834,19.809],[105.5799,19.8084],[105.5787,19.8103],[105.5758,19.8107],[105.5719,19.8132],[105.5709,19.817],[105.5739,19.8169],[105.5742,19.8192],[105.5775,19.8213],[105.5765,19.8227],[105.5813,19.8297],[105.5789,19.8315],[105.5811,19.8345],[105.5787,19.8392],[105.5807,19.8427],[105.5844,19.8419],[105.5892,19.8477],[105.5897,19.8516],[105.5914,19.8526],[105.5924,19.8562],[105.5943,19.8587],[105.5976,19.8586],[105.6009,19.8612],[105.6012,19.8643],[105.6038,19.862],[105.6097,19.8608],[105.6124,19.8589],[105.6183,19.8596],[105.622,19.8638],[105.628,19.8659],[105.6293,19.8631],[105.6346,19.8619],[105.6395,19.8591],[105.6461,19.86],[105.6502,19.8587],[105.6516,19.8569],[105.6497,19.8517],[105.6507,19.8491]]]},"properties":{"name":"Triệu Sơn","level":"ward"}},{"type":"Feature","geometry":{"type":"Polygon","coordinates":[[[105.4262,19.8158],[105.4285,19.8165],[105.4325,19.816],[105.4341,19.8225],[105.4352,19.83],[105.4338,19.8315],[105.4344,19.8339],[105.441,19.8361],[105.4408,19.8395],[105.4421,19.8409],[105.4466,19.8399],[105.4486,19.8378],[105.4494,19.8352],[105.4548,19.832],[105.4565,19.832],[105.4594,19.8367],[105.4587,19.839],[105.4612,19.8439],[105.4667,19.8486],[105.4679,19.8516],[105.471,19.8541],[105.4708,19.8606],[105.4735,19.8629],[105.4772,19.862],[105.4826,19.8655],[105.4896,19.8654],[105.4932,19.8644],[105.4991,19.869],[105.5013,19.8651],[105.5005,19.8625],[105.5036,19.86],[105.5013,19.8578],[105.5039,19.8528],[105.5007,19.8503],[105.4983,19.8497],[105.4937,19.8449],[105.4899,19.842],[105.4903,19.8394],[105.4943,19.836],[105.501,19.8332],[105.5042,19.8291],[105.504,19.8275],[105.5066,19.8247],[105.5083,19.8254],[105.5101,19.8233],[105.5147,19.8232],[105.5179,19.8201],[105.5156,19.8198],[105.512,19.8171],[105.5095,19.8169],[105.5099,19.8129],[105.5095,19.8088],[105.5032,19.8036],[105.4957,19.7958],[105.4956,19.7958],[105.4909,19.7947],[105.4894,19.7956],[105.4819,19.7971],[105.481,19.7988],[105.478,19.7995],[105.4735,19.7994],[105.4725,19.7968],[105.4689,19.7939],[105.4663,19.7928],[105.4632,19.7941],[105.46,19.7941],[105.4591,19.793],[105.4574,19.7863],[105.4522,19.7886],[105.4484,19.7913],[105.4423,19.7913],[105.4404,19.7938],[105.4369,19.7939],[105.4342,19.7922],[105.431,19.792],[105.4283,19.7944],[105.4287,19.7969],[105.4315,19.8012],[105.429,19.8024],[105.4278,19.8063],[105.4272,19.8123],[105.4262,19.8158]]]},"properties":{"name":"Thọ Bình","level":"ward"}},{"type":"Feature","geometry":{"type":"Polygon","coordinates":[[[105.5709,19.817],[105.5719,19.8132],[105.5758,19.8107],[105.5787,19.8103],[105.5799,19.8084],[105.5834,19.809],[105.5854,19.8083],[105.5866,19.8121],[105.5904,19.8132],[105.5925,19.8101],[105.5939,19.8056],[105.5969,19.8083],[105.5991,19.8085],[105.5982,19.806],[105.6014,19.8044],[105.5989,19.8006],[105.5967,19.8],[105.5953,19.7969],[105.5965,19.7919],[105.5958,19.791],[105.5827,19.7869],[105.5828,19.7847],[105.5812,19.7861],[105.581,19.7896],[105.5791,19.7906],[105.563,19.7925],[105.5582,19.794],[105.5559,19.7891],[105.5522,19.7831],[105.5517,19.779],[105.5502,19.7794],[105.5434,19.775],[105.5405,19.7706],[105.5394,19.7665],[105.5408,19.7641],[105.5392,19.7595],[105.5293,19.755],[105.5241,19.755],[105.519,19.7532],[105.5182,19.7549],[105.5198,19.7569],[105.521,19.7651],[105.523,19.7712],[105.5209,19.7754],[105.5188,19.7763],[105.5155,19.7761],[105.5112,19.7769],[105.5089,19.7794],[105.5081,19.7835],[105.5088,19.7852],[105.512,19.7868],[105.5192,19.7858],[105.5223,19.7874],[105.5237,19.7904],[105.5217,19.7926],[105.5232,19.7969],[105.5225,19.7981],[105.5252,19.8015],[105.5229,19.8041],[105.5209,19.801],[105.5103,19.7977],[105.5067,19.7953],[105.5037,19.7941],[105.4984,19.7946],[105.4958,19.7958],[105.4957,19.7958],[105.5032,19.8036],[105.5095,19.8088],[105.5099,19.8129],[105.5095,19.8169],[105.512,19.8171],[105.5156,19.8198],[105.5179,19.8201],[105.5213,19.8202],[105.523,19.8232],[105.5266,19.8262],[105.5329,19.8275],[105.5365,19.8294],[105.5371,19.8312],[105.5404,19.8325],[105.5399,19.8347],[105.5412,19.837],[105.5408,19.8398],[105.5436,19.8389],[105.5449,19.8398],[105.5471,19.8372],[105.5499,19.8415],[105.5513,19.8409],[105.5513,19.8358],[105.5567,19.8326],[105.5601,19.8253],[105.5601,19.8222],[105.5696,19.819],[105.5709,19.817]]]},"properties":{"name":"Hợp Tiến","level":"ward"}},{"type":"Feature","geometry":{"type":"Polygon","coordinates":[[[105.5828,19.7847],[105.5827,19.7869],[105.5958,19.791],[105.5978,19.7884],[105.6001,19.7877],[105.6027,19.7886],[105.6003,19.7926],[105.6071,19.7957],[105.6117,19.7965],[105.6128,19.7976],[105.6209,19.8004],[105.6204,19.7968],[105.6218,19.7935],[105.6155,19.7909],[105.6177,19.7843],[105.6219,19.7849],[105.6234,19.7812],[105.6267,19.7805],[105.6294,19.7783],[105.6356,19.7807],[105.6382,19.7809],[105.6408,19.7789],[105.645,19.7681],[105.6414,19.766],[105.6419,19.764],[105.6396,19.7632],[105.642,19.7607],[105.6471,19.7612],[105.6488,19.7575],[105.6505,19.7566],[105.6542,19.757],[105.6584,19.7539],[105.6498,19.744],[105.6481,19.7455],[105.6448,19.7421],[105.6443,19.7384],[105.6405,19.7328],[105.6346,19.7283],[105.6263,19.7266],[105.6241,19.725],[105.6241,19.7211],[105.623,19.7198],[105.623,19.7158],[105.6217,19.7121],[105.6172,19.713],[105.6134,19.7129],[105.611,19.7142],[105.6048,19.7162],[105.6021,19.7162],[105.5916,19.7221],[105.5891,19.7258],[105.5894,19.7303],[105.5879,19.7319],[105.5806,19.7319],[105.5763,19.7359],[105.5742,19.736],[105.572,19.7366],[105.5685,19.7401],[105.5666,19.745],[105.5646,19.7455],[105.5637,19.7486],[105.5659,19.7583],[105.5745,19.7623],[105.5777,19.7627],[105.5822,19.7649],[105.5786,19.7699],[105.5778,19.7728],[105.5783,19.7774],[105.5824,19.7781],[105.5815,19.7822],[105.5828,19.7847]]]},"properties":{"name":"Tân Ninh","level":"ward"}},{"type":"Feature","geometry":{"type":"Polygon","coordinates":[[[105.6584,19.7539],[105.6542,19.757],[105.6505,19.7566],[105.6488,19.7575],[105.6471,19.7612],[105.6461,19.7642],[105.648,19.7648],[105.6466,19.7689],[105.6513,19.7727],[105.6532,19.7717],[105.6573,19.7747],[105.6616,19.779],[105.6683,19.7842],[105.6674,19.7853],[105.67,19.7876],[105.6727,19.7875],[105.6742,19.7881],[105.6845,19.7893],[105.6875,19.7877],[105.6889,19.7898],[105.6929,19.7894],[105.6924,19.7882],[105.6961,19.7827],[105.7028,19.7781],[105.7041,19.7755],[105.7111,19.7727],[105.708,19.7698],[105.7028,19.7665],[105.7015,19.7592],[105.6997,19.7581],[105.7012,19.7554],[105.6991,19.754],[105.699,19.7513],[105.692,19.7478],[105.6898,19.7441],[105.6899,19.7468],[105.686,19.7481],[105.6834,19.7453],[105.6765,19.7511],[105.6759,19.7542],[105.672,19.753],[105.6671,19.7544],[105.6636,19.7529],[105.6602,19.7543],[105.6584,19.7539]]]},"properties":{"name":"Đồng Tiến","level":"ward"}},{"type":"Feature","geometry":{"type":"Polygon","coordinates":[[[105.5337,19.8901],[105.5378,19.8905],[105.5437,19.8857],[105.5435,19.8843],[105.5419,19.8827],[105.5376,19.8822],[105.5356,19.8787],[105.5404,19.8783],[105.5405,19.8757],[105.5389,19.8745],[105.5369,19.8692],[105.532,19.8652],[105.5306,19.8621],[105.5347,19.8599],[105.5355,19.8613],[105.5408,19.8613],[105.5409,19.8577],[105.5429,19.8543],[105.5394,19.8511],[105.5401,19.8481],[105.5433,19.8454],[105.5404,19.8422],[105.5408,19.8398],[105.5412,19.837],[105.5399,19.8347],[105.5404,19.8325],[105.5371,19.8312],[105.5365,19.8294],[105.5329,19.8275],[105.5266,19.8262],[105.523,19.8232],[105.5213,19.8202],[105.5179,19.8201],[105.5147,19.8232],[105.5101,19.8233],[105.5083,19.8254],[105.5066,19.8247],[105.504,19.8275],[105.5042,19.8291],[105.501,19.8332],[105.4943,19.836],[105.4903,19.8394],[105.4899,19.842],[105.4937,19.8449],[105.4983,19.8497],[105.5007,19.8503],[105.5039,19.8528],[105.5013,19.8578],[105.5036,19.86],[105.5005,19.8625],[105.5013,19.8651],[105.4991,19.869],[105.5025,19.8696],[105.5017,19.8742],[105.5046,19.8754],[105.5067,19.8806],[105.5098,19.8787],[105.5128,19.8831],[105.5155,19.8824],[105.519,19.884],[105.5226,19.8827],[105.5273,19.8876],[105.5283,19.8904],[105.5337,19.8901]]]},"properties":{"name":"Thọ Ngọc","level":"ward"}},{"type":"Feature","geometry":{"type":"Polygon","coordinates":[[[105.5435,19.8843],[105.5454,19.8834],[105.5525,19.8822],[105.5531,19.8853],[105.5552,19.8844],[105.5567,19.8883],[105.5609,19.886],[105.5648,19.8874],[105.5676,19.891],[105.5704,19.8896],[105.5728,19.8916],[105.5824,19.8886],[105.5849,19.8894],[105.5842,19.8881],[105.5886,19.883],[105.5925,19.8813],[105.5947,19.8819],[105.5953,19.8758],[105.5991,19.8746],[105.6013,19.8719],[105.6019,19.868],[105.6012,19.8643],[105.6009,19.8612],[105.5976,19.8586],[105.5943,19.8587],[105.5924,19.8562],[105.5914,19.8526],[105.5897,19.8516],[105.5892,19.8477],[105.5844,19.8419],[105.5807,19.8427],[105.5787,19.8392],[105.5811,19.8345],[105.5789,19.8315],[105.5813,19.8297],[105.5765,19.8227],[105.5775,19.8213],[105.5742,19.8192],[105.5739,19.8169],[105.5709,19.817],[105.5696,19.819],[105.5601,19.8222],[105.5601,19.8253],[105.5567,19.8326],[105.5513,19.8358],[105.5513,19.8409],[105.5499,19.8415],[105.5471,19.8372],[105.5449,19.8398],[105.5436,19.8389],[105.5408,19.8398],[105.5404,19.8422],[105.5433,19.8454],[105.5401,19.8481],[105.5394,19.8511],[105.5429,19.8543],[105.5409,19.8577],[105.5408,19.8613],[105.5355,19.8613],[105.5347,19.8599],[105.5306,19.8621],[105.532,19.8652],[105.5369,19.8692],[105.5389,19.8745],[105.5405,19.8757],[105.5404,19.8783],[105.5356,19.8787],[105.5376,19.8822],[105.5419,19.8827],[105.5435,19.8843]]]},"properties":{"name":"Thọ Phú","level":"ward"}},{"type":"Feature","geometry":{"type":"Polygon","coordinates":[[[105.5991,19.8085],[105.6011,19.8082],[105.6038,19.8098],[105.6114,19.8096],[105.6164,19.8126],[105.6257,19.8161],[105.6268,19.8135],[105.6315,19.8153],[105.6342,19.8087],[105.6331,19.8036],[105.6366,19.8045],[105.6388,19.8041],[105.6419,19.8051],[105.642,19.808],[105.6572,19.8132],[105.6618,19.8081],[105.6633,19.805],[105.6657,19.8021],[105.6648,19.7984],[105.6618,19.7964],[105.6646,19.7946],[105.668,19.795],[105.6707,19.7893],[105.6727,19.7875],[105.67,19.7876],[105.6674,19.7853],[105.6683,19.7842],[105.6616,19.779],[105.6573,19.7747],[105.6532,19.7717],[105.6513,19.7727],[105.6466,19.7689],[105.648,19.7648],[105.6461,19.7642],[105.6471,19.7612],[105.642,19.7607],[105.6396,19.7632],[105.6419,19.764],[105.6414,19.766],[105.645,19.7681],[105.6408,19.7789],[105.6382,19.7809],[105.6356,19.7807],[105.6294,19.7783],[105.6267,19.7805],[105.6234,19.7812],[105.6219,19.7849],[105.6177,19.7843],[105.6155,19.7909],[105.6218,19.7935],[105.6204,19.7968],[105.6209,19.8004],[105.6128,19.7976],[105.6117,19.7965],[105.6071,19.7957],[105.6003,19.7926],[105.6027,19.7886],[105.6001,19.7877],[105.5978,19.7884],[105.5958,19.791],[105.5965,19.7919],[105.5953,19.7969],[105.5967,19.8],[105.5989,19.8006],[105.6014,19.8044],[105.5982,19.806],[105.5991,19.8085]]]},"properties":{"name":"An Nông","level":"ward"}},{"type":"Feature","geometry":{"type":"Polygon","coordinates":[[[105.6541,19.9408],[105.6554,19.9393],[105.6587,19.941],[105.6662,19.9384],[105.6731,19.9355],[105.678,19.9388],[105.6828,19.9342],[105.6842,19.9379],[105.6864,19.9382],[105.6931,19.9373],[105.6963,19.9377],[105.699,19.9418],[105.7013,19.9396],[105.7024,19.9371],[105.7023,19.9371],[105.6997,19.9361],[105.6998,19.9317],[105.6983,19.9289],[105.6994,19.9254],[105.6995,19.9251],[105.7013,19.9252],[105.7022,19.9209],[105.707,19.9195],[105.7025,19.9142],[105.6976,19.9165],[105.6954,19.9148],[105.6931,19.9146],[105.6915,19.9125],[105.6907,19.9087],[105.6909,19.9045],[105.6937,19.9007],[105.6957,19.9004],[105.7013,19.9047],[105.7035,19.8994],[105.7061,19.8982],[105.7101,19.8984],[105.7105,19.896],[105.7135,19.8885],[105.7139,19.8864],[105.7195,19.8875],[105.7198,19.8845],[105.7171,19.8734],[105.7149,19.8714],[105.711,19.8717],[105.7051,19.874],[105.7006,19.8763],[105.6923,19.8771],[105.6843,19.8794],[105.6794,19.8797],[105.6736,19.8813],[105.668,19.8811],[105.6624,19.879],[105.6584,19.8799],[105.6553,19.8813],[105.6502,19.8835],[105.6465,19.8865],[105.644,19.8877],[105.6431,19.8896],[105.6443,19.893],[105.6473,19.8919],[105.6495,19.8941],[105.6519,19.8942],[105.6546,19.8957],[105.6574,19.8996],[105.6539,19.905],[105.6513,19.9043],[105.6485,19.9059],[105.6498,19.9077],[105.6489,19.9104],[105.6457,19.9112],[105.6453,19.9158],[105.646,19.9176],[105.6506,19.9167],[105.6529,19.9173],[105.654,19.9211],[105.6562,19.9207],[105.6595,19.9221],[105.659,19.9259],[105.6553,19.9282],[105.6514,19.9294],[105.6497,19.9318],[105.6501,19.9382],[105.6541,19.9408]]]},"properties":{"name":"Thiệu Hoá","level":"ward"}},{"type":"Feature","geometry":{"type":"Polygon","coordinates":[[[105.6036,19.9562],[105.6045,19.9577],[105.6081,19.9579],[105.6109,19.9559],[105.6124,19.9574],[105.6137,19.9548],[105.6158,19.9559],[105.6194,19.9549],[105.6214,19.9494],[105.624,19.9486],[105.6247,19.9467],[105.6199,19.9434],[105.6224,19.9377],[105.6257,19.9346],[105.627,19.9369],[105.6324,19.9349],[105.6374,19.9387],[105.6413,19.9393],[105.6449,19.9386],[105.6454,19.94],[105.649,19.942],[105.652,19.9441],[105.6541,19.9408],[105.6501,19.9382],[105.6497,19.9318],[105.6514,19.9294],[105.6553,19.9282],[105.659,19.9259],[105.6595,19.9221],[105.6562,19.9207],[105.654,19.9211],[105.6529,19.9173],[105.6506,19.9167],[105.646,19.9176],[105.6453,19.9158],[105.6457,19.9112],[105.6489,19.9104],[105.6498,19.9077],[105.6485,19.9059],[105.6513,19.9043],[105.6539,19.905],[105.6574,19.8996],[105.6546,19.8957],[105.6519,19.8942],[105.6495,19.8941],[105.6473,19.8919],[105.6443,19.893],[105.645,19.8956],[105.6433,19.8999],[105.6389,19.9041],[105.6352,19.9057],[105.6269,19.9047],[105.6231,19.9055],[105.6179,19.9091],[105.6156,19.9138],[105.6153,19.9218],[105.6127,19.9262],[105.6107,19.9271],[105.6062,19.9265],[105.6039,19.9249],[105.6007,19.9191],[105.5979,19.915],[105.5949,19.9134],[105.5931,19.9139],[105.5919,19.9144],[105.5874,19.9197],[105.5895,19.9209],[105.5905,19.9255],[105.5899,19.9281],[105.5937,19.9297],[105.5938,19.9355],[105.5959,19.9363],[105.5959,19.9384],[105.5984,19.9403],[105.6016,19.9407],[105.6045,19.9438],[105.6057,19.9493],[105.6049,19.9543],[105.6036,19.9562]]]},"properties":{"name":"Thiệu Tiến","level":"ward"}},{"type":"Feature","geometry":{"type":"Polygon","coordinates":[[[105.7024,19.9371],[105.7025,19.9372],[105.7028,19.9352],[105.7066,19.9339],[105.7091,19.9348],[105.712,19.9323],[105.7157,19.9304],[105.7162,19.9326],[105.7203,19.9314],[105.7231,19.9329],[105.7272,19.932],[105.7292,19.9345],[105.7313,19.935],[105.7355,19.9344],[105.7373,19.9329],[105.7382,19.9297],[105.7441,19.9298],[105.7501,19.9309],[105.7519,19.9319],[105.7547,19.9373],[105.7526,19.941],[105.7518,19.944],[105.7538,19.9487],[105.7585,19.9513],[105.7655,19.9498],[105.7671,19.9447],[105.7676,19.9408],[105.767,19.9358],[105.7633,19.9297],[105.759,19.9238],[105.7582,19.9182],[105.7589,19.9133],[105.7637,19.904],[105.7649,19.8999],[105.7652,19.8956],[105.7644,19.8893],[105.7595,19.8839],[105.7589,19.8823],[105.7546,19.8835],[105.7483,19.8831],[105.7455,19.882],[105.7422,19.8822],[105.7373,19.8852],[105.7317,19.8876],[105.7255,19.8888],[105.7216,19.8907],[105.7198,19.8898],[105.7195,19.8875],[105.7139,19.8864],[105.7135,19.8885],[105.7105,19.896],[105.7101,19.8984],[105.7061,19.8982],[105.7035,19.8994],[105.7013,19.9047],[105.6957,19.9004],[105.6937,19.9007],[105.6909,19.9045],[105.6907,19.9087],[105.6915,19.9125],[105.6931,19.9146],[105.6954,19.9148],[105.6976,19.9165],[105.7025,19.9142],[105.707,19.9195],[105.7022,19.9209],[105.7013,19.9252],[105.6995,19.9251],[105.6994,19.9254],[105.6983,19.9289],[105.6998,19.9317],[105.6997,19.9361],[105.7023,19.9371],[105.7024,19.9371]]]},"properties":{"name":"Thiệu Quang","level":"ward"}},{"type":"Feature","geometry":{"type":"Polygon","coordinates":[[[105.5856,19.9019],[105.5894,19.9032],[105.5926,19.9032],[105.5948,19.9054],[105.5945,19.9109],[105.5931,19.9139],[105.5949,19.9134],[105.5979,19.915],[105.6007,19.9191],[105.6039,19.9249],[105.6062,19.9265],[105.6107,19.9271],[105.6127,19.9262],[105.6153,19.9218],[105.6156,19.9138],[105.6179,19.9091],[105.6231,19.9055],[105.6269,19.9047],[105.6352,19.9057],[105.6389,19.9041],[105.6433,19.8999],[105.645,19.8956],[105.6443,19.893],[105.6431,19.8896],[105.644,19.8877],[105.6465,19.8865],[105.6502,19.8835],[105.6553,19.8813],[105.6542,19.8783],[105.6522,19.8773],[105.647,19.8818],[105.6414,19.8834],[105.6371,19.8795],[105.6376,19.8751],[105.6316,19.8698],[105.628,19.8659],[105.622,19.8638],[105.6183,19.8596],[105.6124,19.8589],[105.6097,19.8608],[105.6038,19.862],[105.6012,19.8643],[105.6019,19.868],[105.6013,19.8719],[105.5991,19.8746],[105.5953,19.8758],[105.5947,19.8819],[105.5925,19.8813],[105.5886,19.883],[105.5842,19.8881],[105.5849,19.8894],[105.585,19.8937],[105.5867,19.8958],[105.5847,19.8977],[105.5856,19.9019]]]},"properties":{"name":"Thiệu Toán","level":"ward"}},{"type":"Feature","geometry":{"type":"Polygon","coordinates":[[[105.6507,19.8491],[105.6497,19.8517],[105.6516,19.8569],[105.6502,19.8587],[105.6461,19.86],[105.6395,19.8591],[105.6346,19.8619],[105.6293,19.8631],[105.628,19.8659],[105.6316,19.8698],[105.6376,19.8751],[105.6371,19.8795],[105.6414,19.8834],[105.647,19.8818],[105.6522,19.8773],[105.6542,19.8783],[105.6553,19.8813],[105.6584,19.8799],[105.6624,19.879],[105.668,19.8811],[105.6736,19.8813],[105.6794,19.8797],[105.6843,19.8794],[105.6923,19.8771],[105.7006,19.8763],[105.7051,19.874],[105.7011,19.871],[105.6993,19.8678],[105.7002,19.8648],[105.6981,19.8644],[105.6949,19.8616],[105.6917,19.8615],[105.6881,19.8585],[105.6896,19.8524],[105.6896,19.8486],[105.6886,19.8468],[105.6863,19.8462],[105.6851,19.8433],[105.6848,19.8386],[105.6809,19.8411],[105.6796,19.8398],[105.6762,19.8397],[105.6709,19.8423],[105.6709,19.8452],[105.668,19.8448],[105.6626,19.8451],[105.6587,19.8493],[105.6558,19.8499],[105.6507,19.8491]]]},"properties":{"name":"Thiệu Trung","level":"ward"}},{"type":"Feature","geometry":{"type":"Polygon","coordinates":[[[105.7686,19.8776],[105.7594,19.8701],[105.7571,19.8629],[105.7597,19.8601],[105.7586,19.8546],[105.7536,19.8556],[105.7493,19.8512],[105.7486,19.8478],[105.7499,19.8442],[105.7487,19.8406],[105.7533,19.8397],[105.756,19.8403],[105.7579,19.8365],[105.7568,19.8359],[105.7605,19.8323],[105.7634,19.8302],[105.7648,19.8269],[105.7595,19.8219],[105.758,19.8226],[105.7548,19.8188],[105.7523,19.8175],[105.7511,19.8136],[105.7472,19.8116],[105.7458,19.8157],[105.7429,19.8174],[105.7414,19.8168],[105.7393,19.821],[105.7325,19.8235],[105.7313,19.8264],[105.7288,19.8275],[105.7234,19.8243],[105.7229,19.8186],[105.7145,19.8177],[105.7144,19.8205],[105.7124,19.8252],[105.7018,19.8241],[105.7011,19.8264],[105.6971,19.8271],[105.6978,19.8297],[105.693,19.8323],[105.69,19.8361],[105.6848,19.8386],[105.6851,19.8433],[105.6863,19.8462],[105.6886,19.8468],[105.6896,19.8486],[105.6896,19.8524],[105.6881,19.8585],[105.6917,19.8615],[105.6949,19.8616],[105.6981,19.8644],[105.7002,19.8648],[105.6993,19.8678],[105.7011,19.871],[105.7051,19.874],[105.711,19.8717],[105.7149,19.8714],[105.7171,19.8734],[105.7198,19.8845],[105.7195,19.8875],[105.7198,19.8898],[105.7216,19.8907],[105.7255,19.8888],[105.7317,19.8876],[105.7373,19.8852],[105.7422,19.8822],[105.7455,19.882],[105.7483,19.8831],[105.7546,19.8835],[105.7589,19.8823],[105.7604,19.8791],[105.7686,19.8776]]]},"properties":{"name":"Đông Tiến","level":"ward"}},{"type":"Feature","geometry":{"type":"Polygon","coordinates":[[[105.8975,19.8803],[105.899,19.8778],[105.8983,19.8733],[105.8993,19.8706],[105.8975,19.8683],[105.8942,19.869],[105.8937,19.8662],[105.896,19.8647],[105.8962,19.863],[105.8958,19.8593],[105.8978,19.8568],[105.8978,19.852],[105.8918,19.8451],[105.886,19.8467],[105.884,19.844],[105.879,19.8444],[105.8765,19.8432],[105.8757,19.846],[105.871,19.8451],[105.8612,19.8454],[105.8595,19.8407],[105.8575,19.8409],[105.8577,19.8372],[105.8534,19.8362],[105.8514,19.8339],[105.8436,19.8346],[105.8409,19.8334],[105.8394,19.8347],[105.834,19.8355],[105.8282,19.8384],[105.8259,19.8365],[105.8242,19.8393],[105.822,19.8406],[105.8249,19.8507],[105.8194,19.8571],[105.8173,19.8584],[105.8164,19.8617],[105.8207,19.8628],[105.8245,19.8655],[105.8261,19.8683],[105.8295,19.8719],[105.8314,19.8724],[105.8346,19.8703],[105.8372,19.8717],[105.8397,19.8745],[105.8431,19.8726],[105.8456,19.8757],[105.8504,19.8741],[105.8538,19.8748],[105.8564,19.8731],[105.8563,19.8704],[105.8601,19.8709],[105.8622,19.8748],[105.8639,19.8762],[105.8678,19.8751],[105.8687,19.8778],[105.8681,19.8812],[105.8649,19.8834],[105.8642,19.8862],[105.8652,19.8889],[105.865,19.8934],[105.8661,19.8947],[105.8698,19.8961],[105.8728,19.8982],[105.8761,19.8986],[105.8812,19.8981],[105.8831,19.8974],[105.8886,19.8925],[105.8898,19.8897],[105.8907,19.8841],[105.8935,19.881],[105.8975,19.8803]]]},"properties":{"name":"Hoằng Hoá","level":"ward"}},{"type":"Feature","geometry":{"type":"Polygon","coordinates":[[[105.7858,19.8624],[105.7843,19.8678],[105.7816,19.8705],[105.7788,19.8719],[105.776,19.8747],[105.7686,19.8776],[105.7604,19.8791],[105.7589,19.8823],[105.7595,19.8839],[105.7644,19.8893],[105.7652,19.8956],[105.7649,19.8999],[105.7637,19.904],[105.7589,19.9133],[105.7582,19.9182],[105.759,19.9238],[105.7633,19.9297],[105.767,19.9358],[105.7676,19.9408],[105.7671,19.9447],[105.7655,19.9498],[105.7638,19.9552],[105.762,19.957],[105.7691,19.9614],[105.7723,19.9614],[105.7725,19.9573],[105.7768,19.9504],[105.7788,19.9497],[105.785,19.9437],[105.7865,19.9389],[105.7845,19.9376],[105.7841,19.9335],[105.7859,19.933],[105.7889,19.9286],[105.791,19.9292],[105.7934,19.9275],[105.7918,19.9208],[105.7889,19.9194],[105.7888,19.9165],[105.7869,19.9117],[105.7883,19.9071],[105.7874,19.9043],[105.7895,19.9039],[105.7872,19.8956],[105.7894,19.8951],[105.7894,19.8918],[105.7917,19.8918],[105.7924,19.886],[105.7974,19.8839],[105.8042,19.8848],[105.8041,19.8834],[105.8088,19.8834],[105.8097,19.8862],[105.8131,19.886],[105.8174,19.8879],[105.823,19.8873],[105.8228,19.8828],[105.8193,19.8794],[105.8173,19.8794],[105.8153,19.8771],[105.8146,19.8736],[105.8133,19.873],[105.8107,19.8638],[105.8028,19.8656],[105.7927,19.8633],[105.7858,19.8624]]]},"properties":{"name":"Hoằng Giang","level":"ward"}},{"type":"Feature","geometry":{"type":"Polygon","coordinates":[[[105.823,19.8873],[105.8174,19.8879],[105.8131,19.886],[105.8097,19.8862],[105.8088,19.8834],[105.8041,19.8834],[105.8042,19.8848],[105.7974,19.8839],[105.7924,19.886],[105.7917,19.8918],[105.7894,19.8918],[105.7894,19.8951],[105.7872,19.8956],[105.7895,19.9039],[105.7874,19.9043],[105.7883,19.9071],[105.7869,19.9117],[105.7888,19.9165],[105.7889,19.9194],[105.7918,19.9208],[105.7934,19.9275],[105.7957,19.9293],[105.7989,19.9292],[105.8016,19.9311],[105.8055,19.9298],[105.8096,19.9276],[105.8103,19.9289],[105.8137,19.926],[105.8136,19.9243],[105.8201,19.9197],[105.824,19.9164],[105.8179,19.9135],[105.8177,19.9094],[105.8205,19.9055],[105.8226,19.9051],[105.8218,19.9018],[105.824,19.9002],[105.8238,19.8913],[105.823,19.8873]]]},"properties":{"name":"Hoằng Phú","level":"ward"}},{"type":"Feature","geometry":{"type":"Polygon","coordinates":[[[105.865,19.8934],[105.8652,19.8889],[105.8642,19.8862],[105.8649,19.8834],[105.8681,19.8812],[105.8687,19.8778],[105.8678,19.8751],[105.8639,19.8762],[105.8622,19.8748],[105.8601,19.8709],[105.8563,19.8704],[105.8564,19.8731],[105.8538,19.8748],[105.8504,19.8741],[105.8456,19.8757],[105.8431,19.8726],[105.8397,19.8745],[105.8372,19.8717],[105.8346,19.8703],[105.8314,19.8724],[105.8295,19.8719],[105.8261,19.8683],[105.8245,19.8655],[105.8207,19.8628],[105.8164,19.8617],[105.8119,19.8589],[105.8107,19.8638],[105.8133,19.873],[105.8146,19.8736],[105.8153,19.8771],[105.8173,19.8794],[105.8193,19.8794],[105.8228,19.8828],[105.823,19.8873],[105.8238,19.8913],[105.824,19.9002],[105.8218,19.9018],[105.8226,19.9051],[105.8205,19.9055],[105.8177,19.9094],[105.8179,19.9135],[105.824,19.9164],[105.8201,19.9197],[105.8136,19.9243],[105.8137,19.926],[105.8103,19.9289],[105.8121,19.9274],[105.8155,19.93],[105.818,19.9277],[105.8239,19.9277],[105.8258,19.9291],[105.8284,19.9288],[105.8344,19.9234],[105.838,19.9262],[105.8434,19.9277],[105.8468,19.9272],[105.8482,19.9248],[105.8478,19.9215],[105.8461,19.9184],[105.845,19.9165],[105.8497,19.9141],[105.8533,19.9138],[105.8552,19.9119],[105.856,19.9089],[105.8551,19.9019],[105.8537,19.8991],[105.8476,19.8951],[105.8461,19.8965],[105.8443,19.8936],[105.8383,19.8934],[105.8349,19.8971],[105.8344,19.9003],[105.8325,19.9004],[105.8314,19.8969],[105.8324,19.8907],[105.8349,19.8909],[105.8368,19.8859],[105.8385,19.8856],[105.84,19.888],[105.8428,19.886],[105.8448,19.8859],[105.847,19.8881],[105.8502,19.8879],[105.851,19.8844],[105.8489,19.8814],[105.8521,19.8806],[105.8597,19.8841],[105.8598,19.8863],[105.864,19.8901],[105.865,19.8934]]]},"properties":{"name":"Hoằng Sơn","level":"ward"}},{"type":"Feature","geometry":{"type":"Polygon","coordinates":[[[105.806,19.8243],[105.7971,19.8317],[105.7942,19.8358],[105.7945,19.8403],[105.7906,19.8452],[105.7875,19.8509],[105.7854,19.8569],[105.7858,19.8624],[105.7927,19.8633],[105.8028,19.8656],[105.8107,19.8638],[105.8119,19.8589],[105.8164,19.8617],[105.8173,19.8584],[105.8194,19.8571],[105.8249,19.8507],[105.822,19.8406],[105.8242,19.8393],[105.8259,19.8365],[105.8292,19.8339],[105.8281,19.8298],[105.828,19.8234],[105.8293,19.8217],[105.8295,19.817],[105.8332,19.8131],[105.8341,19.811],[105.8415,19.8094],[105.8419,19.806],[105.8446,19.8031],[105.8439,19.8008],[105.8461,19.7944],[105.8458,19.7914],[105.8428,19.7883],[105.8393,19.7908],[105.8342,19.787],[105.8261,19.7913],[105.8196,19.7959],[105.8183,19.7985],[105.818,19.8018],[105.822,19.8074],[105.8225,19.811],[105.821,19.814],[105.8139,19.8202],[105.8077,19.823],[105.806,19.8243]]]},"properties":{"name":"Nguyệt Viên","level":"ward"}},{"type":"Feature","geometry":{"type":"Polygon","coordinates":[[[105.8259,19.8365],[105.8282,19.8384],[105.834,19.8355],[105.8394,19.8347],[105.8409,19.8334],[105.8436,19.8346],[105.8514,19.8339],[105.8534,19.8362],[105.8577,19.8372],[105.8575,19.8409],[105.8595,19.8407],[105.8601,19.8373],[105.8618,19.8371],[105.8625,19.834],[105.8641,19.8327],[105.8638,19.8284],[105.8646,19.8264],[105.8633,19.8191],[105.8661,19.8187],[105.8679,19.8165],[105.872,19.8151],[105.8731,19.8137],[105.8711,19.8024],[105.8671,19.8048],[105.8661,19.8031],[105.863,19.8014],[105.8564,19.7946],[105.8566,19.7894],[105.8593,19.7897],[105.8648,19.7887],[105.8654,19.7903],[105.8691,19.7898],[105.8701,19.7826],[105.8664,19.7804],[105.8679,19.7773],[105.8735,19.7758],[105.8746,19.7713],[105.8682,19.7701],[105.8618,19.7702],[105.8553,19.772],[105.8498,19.7749],[105.8477,19.7767],[105.8432,19.7821],[105.8443,19.7836],[105.8428,19.7883],[105.8458,19.7914],[105.8461,19.7944],[105.8439,19.8008],[105.8446,19.8031],[105.8419,19.806],[105.8415,19.8094],[105.8341,19.811],[105.8332,19.8131],[105.8295,19.817],[105.8293,19.8217],[105.828,19.8234],[105.8281,19.8298],[105.8292,19.8339],[105.8259,19.8365]]]},"properties":{"name":"Hoằng Lộc","level":"ward"}},{"type":"Feature","geometry":{"type":"Polygon","coordinates":[[[105.8595,19.8407],[105.8612,19.8454],[105.871,19.8451],[105.8757,19.846],[105.8765,19.8432],[105.879,19.8444],[105.884,19.844],[105.8881,19.8422],[105.8892,19.8394],[105.8878,19.8371],[105.8948,19.8337],[105.8983,19.8303],[105.8981,19.8272],[105.8961,19.8246],[105.8969,19.8194],[105.9011,19.8185],[105.9009,19.8138],[105.9019,19.813],[105.9017,19.8088],[105.9025,19.8067],[105.9064,19.8072],[105.9154,19.8062],[105.9148,19.8014],[105.918,19.7964],[105.9169,19.7927],[105.9234,19.7895],[105.9287,19.7846],[105.9233,19.7823],[105.9122,19.7784],[105.8977,19.7753],[105.8941,19.7749],[105.8746,19.7713],[105.8735,19.7758],[105.8679,19.7773],[105.8664,19.7804],[105.8701,19.7826],[105.8691,19.7898],[105.8654,19.7903],[105.8648,19.7887],[105.8593,19.7897],[105.8566,19.7894],[105.8564,19.7946],[105.863,19.8014],[105.8661,19.8031],[105.8671,19.8048],[105.8711,19.8024],[105.8731,19.8137],[105.872,19.8151],[105.8679,19.8165],[105.8661,19.8187],[105.8633,19.8191],[105.8646,19.8264],[105.8638,19.8284],[105.8641,19.8327],[105.8625,19.834],[105.8618,19.8371],[105.8601,19.8373],[105.8595,19.8407]]]},"properties":{"name":"Hoằng Châu","level":"ward"}},{"type":"Feature","geometry":{"type":"Polygon","coordinates":[[[105.8962,19.863],[105.896,19.8647],[105.8937,19.8662],[105.8942,19.869],[105.8975,19.8683],[105.8993,19.8706],[105.8983,19.8733],[105.899,19.8778],[105.8975,19.8803],[105.8992,19.881],[105.9022,19.8883],[105.9032,19.8891],[105.9078,19.8891],[105.9121,19.887],[105.9123,19.8818],[105.9147,19.8801],[105.9174,19.8812],[105.9217,19.8852],[105.9295,19.8883],[105.9331,19.889],[105.9397,19.8883],[105.9449,19.8875],[105.9487,19.8878],[105.953,19.8876],[105.9575,19.8889],[105.9594,19.8904],[105.9643,19.8911],[105.9649,19.8898],[105.9603,19.8853],[105.9532,19.8767],[105.9489,19.8705],[105.9426,19.8581],[105.9397,19.8515],[105.9355,19.8395],[105.9306,19.8415],[105.9204,19.844],[105.9202,19.8429],[105.916,19.843],[105.9158,19.8407],[105.9091,19.8412],[105.9101,19.8459],[105.9082,19.8486],[105.9064,19.8546],[105.908,19.8562],[105.9099,19.8607],[105.9084,19.8616],[105.9034,19.859],[105.9011,19.8626],[105.8962,19.863]]]},"properties":{"name":"Hoằng Tiến","level":"ward"}},{"type":"Feature","geometry":{"type":"Polygon","coordinates":[[[105.884,19.844],[105.886,19.8467],[105.8918,19.8451],[105.8978,19.852],[105.8978,19.8568],[105.8958,19.8593],[105.8962,19.863],[105.9011,19.8626],[105.9034,19.859],[105.9084,19.8616],[105.9099,19.8607],[105.908,19.8562],[105.9064,19.8546],[105.9082,19.8486],[105.9101,19.8459],[105.9091,19.8412],[105.9158,19.8407],[105.916,19.843],[105.9202,19.8429],[105.9204,19.844],[105.9306,19.8415],[105.9355,19.8395],[105.933,19.8308],[105.9318,19.8244],[105.931,19.8179],[105.9313,19.812],[105.9339,19.8029],[105.9353,19.8008],[105.9387,19.7989],[105.9368,19.795],[105.9318,19.79],[105.9315,19.7858],[105.9287,19.7846],[105.9234,19.7895],[105.9169,19.7927],[105.918,19.7964],[105.9148,19.8014],[105.9154,19.8062],[105.9064,19.8072],[105.9025,19.8067],[105.9017,19.8088],[105.9019,19.813],[105.9009,19.8138],[105.9011,19.8185],[105.8969,19.8194],[105.8961,19.8246],[105.8981,19.8272],[105.8983,19.8303],[105.8948,19.8337],[105.8878,19.8371],[105.8892,19.8394],[105.8881,19.8422],[105.884,19.844]]]},"properties":{"name":"Hoằng Thanh","level":"ward"}},{"type":"Feature","geometry":{"type":"Polygon","coordinates":[[[105.8812,19.8981],[105.8761,19.8986],[105.8728,19.8982],[105.8698,19.8961],[105.8661,19.8947],[105.865,19.8934],[105.864,19.8901],[105.8598,19.8863],[105.8597,19.8841],[105.8521,19.8806],[105.8489,19.8814],[105.851,19.8844],[105.8502,19.8879],[105.847,19.8881],[105.8448,19.8859],[105.8428,19.886],[105.84,19.888],[105.8385,19.8856],[105.8368,19.8859],[105.8349,19.8909],[105.8324,19.8907],[105.8314,19.8969],[105.8325,19.9004],[105.8344,19.9003],[105.8349,19.8971],[105.8383,19.8934],[105.8443,19.8936],[105.8461,19.8965],[105.8476,19.8951],[105.8537,19.8991],[105.8551,19.9019],[105.856,19.9089],[105.8552,19.9119],[105.8533,19.9138],[105.8497,19.9141],[105.845,19.9165],[105.8461,19.9184],[105.851,19.9201],[105.8527,19.9179],[105.8582,19.9222],[105.8578,19.9258],[105.8611,19.9304],[105.8625,19.9342],[105.8632,19.9384],[105.8667,19.9432],[105.8711,19.9443],[105.8701,19.9472],[105.8711,19.9489],[105.8769,19.9499],[105.8759,19.9524],[105.8793,19.9534],[105.8829,19.9435],[105.8863,19.9439],[105.8863,19.9396],[105.8919,19.9372],[105.8923,19.933],[105.8947,19.9331],[105.9024,19.9301],[105.9036,19.931],[105.9039,19.9273],[105.9025,19.9264],[105.904,19.9233],[105.9038,19.9178],[105.903,19.917],[105.8953,19.9161],[105.8977,19.9112],[105.8968,19.9051],[105.8878,19.9019],[105.8838,19.9042],[105.882,19.9044],[105.8819,19.8995],[105.8812,19.8981]]]},"properties":{"name":"Hậu Lộc","level":"ward"}},{"type":"Feature","geometry":{"type":"Polygon","coordinates":[[[105.8164,19.9671],[105.819,19.968],[105.824,19.9684],[105.8305,19.9706],[105.833,19.9721],[105.8394,19.9777],[105.8415,19.977],[105.8438,19.9733],[105.8479,19.969],[105.8442,19.965],[105.8432,19.96],[105.8403,19.9592],[105.8396,19.9537],[105.8415,19.9519],[105.8396,19.9498],[105.8435,19.9479],[105.846,19.9494],[105.8483,19.9477],[105.8543,19.9495],[105.8549,19.9431],[105.8531,19.9419],[105.8543,19.9373],[105.8632,19.9384],[105.8625,19.9342],[105.8611,19.9304],[105.8578,19.9258],[105.8582,19.9222],[105.8527,19.9179],[105.851,19.9201],[105.8461,19.9184],[105.8478,19.9215],[105.8482,19.9248],[105.8468,19.9272],[105.8434,19.9277],[105.838,19.9262],[105.8344,19.9234],[105.8284,19.9288],[105.8258,19.9291],[105.8239,19.9277],[105.818,19.9277],[105.8155,19.93],[105.8121,19.9274],[105.8103,19.9289],[105.8096,19.9276],[105.8055,19.9298],[105.8016,19.9311],[105.7989,19.9292],[105.7957,19.9293],[105.7934,19.9275],[105.791,19.9292],[105.7889,19.9286],[105.7859,19.933],[105.7841,19.9335],[105.7845,19.9376],[105.7865,19.9389],[105.785,19.9437],[105.7788,19.9497],[105.7768,19.9504],[105.7725,19.9573],[105.7723,19.9614],[105.7748,19.9607],[105.777,19.9578],[105.7822,19.9541],[105.7891,19.9537],[105.7955,19.9551],[105.7991,19.9551],[105.8053,19.9568],[105.8107,19.9574],[105.8133,19.9588],[105.8141,19.9613],[105.8126,19.9643],[105.8129,19.9663],[105.8164,19.9671]]]},"properties":{"name":"Triệu Lộc","level":"ward"}},{"type":"Feature","geometry":{"type":"Polygon","coordinates":[[[105.8394,19.9777],[105.8438,19.9793],[105.8511,19.9793],[105.8637,19.9781],[105.8647,19.9796],[105.8643,19.9831],[105.865,19.9863],[105.8667,19.9864],[105.8702,19.9826],[105.8784,19.9797],[105.8821,19.9777],[105.8835,19.9779],[105.8871,19.9828],[105.8888,19.9822],[105.8889,19.9791],[105.8901,19.9754],[105.8923,19.9752],[105.8946,19.9788],[105.8974,19.9812],[105.9001,19.9809],[105.9033,19.9779],[105.9025,19.974],[105.8978,19.9716],[105.8993,19.9692],[105.9032,19.9695],[105.9048,19.9685],[105.9054,19.9639],[105.9035,19.9625],[105.9042,19.9605],[105.9028,19.9575],[105.9011,19.956],[105.9051,19.9501],[105.9062,19.9469],[105.904,19.944],[105.902,19.9435],[105.9,19.9412],[105.9002,19.9388],[105.9035,19.9371],[105.9053,19.9339],[105.9036,19.931],[105.9024,19.9301],[105.8947,19.9331],[105.8923,19.933],[105.8919,19.9372],[105.8863,19.9396],[105.8863,19.9439],[105.8829,19.9435],[105.8793,19.9534],[105.8759,19.9524],[105.8769,19.9499],[105.8711,19.9489],[105.8701,19.9472],[105.8711,19.9443],[105.8667,19.9432],[105.8632,19.9384],[105.8543,19.9373],[105.8531,19.9419],[105.8549,19.9431],[105.8543,19.9495],[105.8483,19.9477],[105.846,19.9494],[105.8435,19.9479],[105.8396,19.9498],[105.8415,19.9519],[105.8396,19.9537],[105.8403,19.9592],[105.8432,19.96],[105.8442,19.965],[105.8479,19.969],[105.8438,19.9733],[105.8415,19.977],[105.8394,19.9777]]]},"properties":{"name":"Đông Thành","level":"ward"}},{"type":"Feature","geometry":{"type":"Polygon","coordinates":[[[105.9054,19.9639],[105.9077,19.961],[105.9125,19.9618],[105.9146,19.963],[105.9149,19.9662],[105.9163,19.9676],[105.9233,19.9712],[105.9263,19.9705],[105.9282,19.9646],[105.9321,19.9631],[105.937,19.9636],[105.9387,19.9615],[105.9373,19.9588],[105.9298,19.9539],[105.9291,19.9519],[105.9301,19.9455],[105.9314,19.9429],[105.9352,19.9397],[105.9398,19.9388],[105.9374,19.9348],[105.9358,19.9301],[105.9366,19.9289],[105.9338,19.9259],[105.9336,19.921],[105.9364,19.9149],[105.936,19.9128],[105.9376,19.9091],[105.9394,19.9089],[105.9388,19.9031],[105.9391,19.8994],[105.937,19.8988],[105.9401,19.8912],[105.9397,19.8883],[105.9331,19.889],[105.9295,19.8883],[105.9217,19.8852],[105.9174,19.8812],[105.9147,19.8801],[105.9123,19.8818],[105.9121,19.887],[105.9078,19.8891],[105.9032,19.8891],[105.9022,19.8883],[105.8992,19.881],[105.8975,19.8803],[105.8935,19.881],[105.8907,19.8841],[105.8898,19.8897],[105.8886,19.8925],[105.8831,19.8974],[105.8812,19.8981],[105.8819,19.8995],[105.882,19.9044],[105.8838,19.9042],[105.8878,19.9019],[105.8968,19.9051],[105.8977,19.9112],[105.8953,19.9161],[105.903,19.917],[105.9038,19.9178],[105.904,19.9233],[105.9025,19.9264],[105.9039,19.9273],[105.9036,19.931],[105.9053,19.9339],[105.9035,19.9371],[105.9002,19.9388],[105.9,19.9412],[105.902,19.9435],[105.904,19.944],[105.9062,19.9469],[105.9051,19.9501],[105.9011,19.956],[105.9028,19.9575],[105.9042,19.9605],[105.9035,19.9625],[105.9054,19.9639]]]},"properties":{"name":"Hoa Lộc","level":"ward"}},{"type":"Feature","geometry":{"type":"MultiPolygon","coordinates":[[[[105.9487,19.8878],[105.9449,19.8875],[105.9397,19.8883],[105.9401,19.8912],[105.937,19.8988],[105.9391,19.8994],[105.9388,19.9031],[105.9394,19.9089],[105.9376,19.9091],[105.936,19.9128],[105.9364,19.9149],[105.9336,19.921],[105.9338,19.9259],[105.9366,19.9289],[105.9358,19.9301],[105.9374,19.9348],[105.9398,19.9388],[105.9439,19.9408],[105.9451,19.9425],[105.9432,19.9478],[105.9434,19.9504],[105.9458,19.9521],[105.9518,19.9522],[105.958,19.9503],[105.9608,19.9519],[105.9626,19.9564],[105.9652,19.9611],[105.9673,19.9628],[105.9701,19.9633],[105.9796,19.9613],[105.983,19.9615],[105.9866,19.9668],[105.9902,19.969],[105.9952,19.9706],[105.9998,19.9702],[106.0031,19.9677],[106.0044,19.9654],[106.0042,19.9596],[106.003,19.9597],[106.0015,19.9543],[106.0029,19.9443],[105.9981,19.9402],[105.9913,19.9408],[105.9901,19.9419],[105.9862,19.9402],[105.9821,19.9392],[105.9791,19.9374],[105.9762,19.9371],[105.9703,19.9342],[105.9686,19.9351],[105.9656,19.9322],[105.9595,19.9273],[105.9574,19.9252],[105.9532,19.9192],[105.9502,19.909],[105.9515,19.9082],[105.9511,19.8972],[105.9503,19.8962],[105.951,19.8909],[105.9487,19.8878]]],[[[106.0116,19.912],[106.0058,19.9121],[106.008,19.9139],[106.0116,19.912]]]]},"properties":{"name":"Vạn Lộc","level":"ward"}},{"type":"Feature","geometry":{"type":"Polygon","coordinates":[[[106.0042,19.9596],[106.0044,19.9654],[106.0031,19.9677],[105.9998,19.9702],[105.9952,19.9706],[105.9902,19.969],[105.9866,19.9668],[105.983,19.9615],[105.9796,19.9613],[105.9701,19.9633],[105.9673,19.9628],[105.9652,19.9611],[105.9626,19.9564],[105.9601,19.9591],[105.959,19.9634],[105.9595,19.9675],[105.9574,19.9689],[105.9587,19.971],[105.9596,19.9763],[105.9611,19.9795],[105.9544,19.9807],[105.9547,19.9857],[105.9529,19.9864],[105.955,19.999],[105.9567,20.0069],[105.963,20.0099],[105.9637,20.0119],[105.9664,20.0119],[105.968,20.0142],[105.9687,20.0172],[105.9729,20.0264],[105.9819,20.0251],[105.9798,20.0201],[105.981,20.0178],[105.9802,20.016],[105.9831,20.0132],[105.9877,20.0121],[105.9932,20.0093],[105.9962,20.0087],[105.9978,20.0072],[106.0004,20.0072],[106.0074,19.9994],[105.9984,19.9903],[105.9949,19.9875],[105.9912,19.9798],[105.9981,19.9774],[106.0029,19.9736],[106.0015,19.9719],[106.0053,19.9686],[106.0097,19.9688],[106.0115,19.9547],[106.0069,19.9503],[106.0045,19.95],[106.0035,19.9534],[106.0042,19.9596]]]},"properties":{"name":"Nga Sơn","level":"ward"}},{"type":"Feature","geometry":{"type":"Polygon","coordinates":[[[106.0115,19.9547],[106.0097,19.9688],[106.0053,19.9686],[106.0015,19.9719],[106.0029,19.9736],[105.9981,19.9774],[105.9912,19.9798],[105.9949,19.9875],[105.9984,19.9903],[106.0074,19.9994],[106.0083,19.9983],[106.0185,20.0064],[106.0306,20.0125],[106.024,20.0224],[106.0345,20.0287],[106.0357,20.0278],[106.0505,20.0333],[106.0522,20.0342],[106.0556,20.029],[106.0546,20.0285],[106.0593,20.0214],[106.0579,20.0204],[106.0604,20.0166],[106.0533,20.0052],[106.0514,20.0034],[106.0464,20.0011],[106.0377,20.0011],[106.0331,19.9996],[106.028,19.9943],[106.0254,19.989],[106.024,19.9826],[106.0243,19.9752],[106.0253,19.9672],[106.0246,19.96],[106.0216,19.9576],[106.0171,19.956],[106.0148,19.9544],[106.0115,19.9547]]]},"properties":{"name":"Tân Tiến","level":"ward"}},{"type":"Feature","geometry":{"type":"Polygon","coordinates":[[[105.9233,19.9712],[105.9195,19.9726],[105.9202,19.9762],[105.9193,19.9787],[105.9224,19.9808],[105.9233,19.9835],[105.9237,19.991],[105.9221,19.9939],[105.9168,19.9958],[105.9178,19.9979],[105.9141,19.9995],[105.9118,20.0046],[105.9159,20.0058],[105.9139,20.0076],[105.9153,20.0117],[105.924,20.0058],[105.9283,20.0141],[105.9315,20.0128],[105.9328,20.0135],[105.9359,20.0118],[105.9377,20.0156],[105.9398,20.0147],[105.9409,20.0169],[105.9387,20.0179],[105.9402,20.0215],[105.9444,20.0195],[105.9499,20.0181],[105.9518,20.0202],[105.9579,20.0183],[105.9589,20.0172],[105.963,20.0157],[105.9637,20.0119],[105.963,20.0099],[105.9567,20.0069],[105.955,19.999],[105.9529,19.9864],[105.9547,19.9857],[105.9544,19.9807],[105.9611,19.9795],[105.9596,19.9763],[105.9587,19.971],[105.9574,19.9689],[105.9595,19.9675],[105.959,19.9634],[105.9601,19.9591],[105.9626,19.9564],[105.9608,19.9519],[105.958,19.9503],[105.9518,19.9522],[105.9458,19.9521],[105.9434,19.9504],[105.9432,19.9478],[105.9451,19.9425],[105.9439,19.9408],[105.9398,19.9388],[105.9352,19.9397],[105.9314,19.9429],[105.9301,19.9455],[105.9291,19.9519],[105.9298,19.9539],[105.9373,19.9588],[105.9387,19.9615],[105.937,19.9636],[105.9321,19.9631],[105.9282,19.9646],[105.9263,19.9705],[105.9233,19.9712]]]},"properties":{"name":"Nga Thắng","level":"ward"}},{"type":"Feature","geometry":{"type":"Polygon","coordinates":[[[106.0074,19.9994],[106.0004,20.0072],[105.9978,20.0072],[105.9962,20.0087],[105.9932,20.0093],[105.9877,20.0121],[105.9831,20.0132],[105.9802,20.016],[105.981,20.0178],[105.9798,20.0201],[105.9819,20.0251],[105.9729,20.0264],[105.973,20.0329],[105.9766,20.0386],[105.9767,20.043],[105.9784,20.0434],[105.9805,20.0481],[105.9844,20.0491],[105.9868,20.0521],[105.9929,20.0541],[105.9951,20.0538],[105.9967,20.0538],[106.0009,20.0508],[106.0112,20.0512],[106.008,20.0475],[106.0003,20.0405],[106.0029,20.0367],[106.005,20.0352],[106.0061,20.031],[106.011,20.0285],[106.0137,20.0312],[106.0152,20.0296],[106.0171,20.031],[106.0215,20.0279],[106.0203,20.0266],[106.0205,20.0239],[106.0227,20.0215],[106.024,20.0224],[106.0306,20.0125],[106.0185,20.0064],[106.0083,19.9983],[106.0074,19.9994]]]},"properties":{"name":"Hồ Vương","level":"ward"}},{"type":"Feature","geometry":{"type":"Polygon","coordinates":[[[106.0604,20.0166],[106.0579,20.0204],[106.0593,20.0214],[106.0546,20.0285],[106.0556,20.029],[106.0522,20.0342],[106.0505,20.0333],[106.0357,20.0278],[106.0345,20.0287],[106.024,20.0224],[106.0227,20.0215],[106.0205,20.0239],[106.0203,20.0266],[106.0215,20.0279],[106.0171,20.031],[106.0152,20.0296],[106.0137,20.0312],[106.011,20.0285],[106.0061,20.031],[106.005,20.0352],[106.0029,20.0367],[106.0003,20.0405],[106.008,20.0475],[106.0112,20.0512],[106.0009,20.0508],[105.9967,20.0538],[105.9951,20.0538],[105.9942,20.0631],[105.9971,20.0653],[105.9965,20.0679],[106.0017,20.0668],[106.0084,20.0661],[106.0144,20.0648],[106.0156,20.0621],[106.0181,20.0596],[106.0237,20.0587],[106.0266,20.0597],[106.0287,20.0592],[106.034,20.0604],[106.0376,20.06],[106.0398,20.0617],[106.0719,20.0666],[106.076,20.0627],[106.0735,20.0513],[106.0709,20.0476],[106.0661,20.0372],[106.0663,20.0332],[106.0618,20.0192],[106.0604,20.0166]]]},"properties":{"name":"Nga An","level":"ward"}},{"type":"Feature","geometry":{"type":"Polygon","coordinates":[[[105.9138,20.0441],[105.9169,20.046],[105.9199,20.045],[105.9218,20.0432],[105.926,20.0422],[105.9309,20.0452],[105.9341,20.046],[105.9391,20.0439],[105.9414,20.0404],[105.9449,20.0397],[105.9474,20.0407],[105.9496,20.044],[105.9539,20.0461],[105.9568,20.0455],[105.9615,20.046],[105.964,20.0495],[105.9635,20.0536],[105.9644,20.0559],[105.9666,20.0563],[105.966,20.0608],[105.9693,20.063],[105.9694,20.0652],[105.9717,20.066],[105.9743,20.0674],[105.9774,20.0666],[105.9827,20.0688],[105.9889,20.0684],[105.9936,20.0688],[105.9965,20.0679],[105.9971,20.0653],[105.9942,20.0631],[105.9951,20.0538],[105.9929,20.0541],[105.9868,20.0521],[105.9844,20.0491],[105.9805,20.0481],[105.9784,20.0434],[105.9767,20.043],[105.9766,20.0386],[105.973,20.0329],[105.9729,20.0264],[105.9687,20.0172],[105.968,20.0142],[105.9664,20.0119],[105.9637,20.0119],[105.963,20.0157],[105.9589,20.0172],[105.9579,20.0183],[105.9518,20.0202],[105.9499,20.0181],[105.9444,20.0195],[105.9402,20.0215],[105.9387,20.0179],[105.9409,20.0169],[105.9398,20.0147],[105.9377,20.0156],[105.9359,20.0118],[105.9328,20.0135],[105.9315,20.0128],[105.9283,20.0141],[105.924,20.0058],[105.9153,20.0117],[105.9172,20.0162],[105.9144,20.0199],[105.9124,20.0251],[105.9104,20.0273],[105.91,20.0311],[105.9116,20.0332],[105.9103,20.0384],[105.9126,20.0406],[105.9138,20.0441]]]},"properties":{"name":"Ba Đình","level":"ward"}},{"type":"Feature","geometry":{"type":"Polygon","coordinates":[[[105.4816,19.7018],[105.4796,19.6968],[105.4804,19.693],[105.4798,19.6881],[105.4785,19.6838],[105.4823,19.6786],[105.487,19.6767],[105.4901,19.6747],[105.4928,19.674],[105.496,19.6767],[105.4975,19.6755],[105.4978,19.6729],[105.5001,19.671],[105.5046,19.6695],[105.5092,19.6667],[105.5096,19.6618],[105.5117,19.6611],[105.5156,19.6566],[105.5188,19.6552],[105.5195,19.652],[105.5227,19.6448],[105.5263,19.6403],[105.5236,19.6357],[105.5243,19.6309],[105.5233,19.6233],[105.5239,19.6203],[105.5236,19.62],[105.5237,19.6183],[105.5224,19.6187],[105.5201,19.6161],[105.5185,19.617],[105.5142,19.6159],[105.5038,19.6092],[105.4957,19.6091],[105.492,19.6108],[105.4882,19.6117],[105.4845,19.608],[105.4812,19.6091],[105.4772,19.6136],[105.4722,19.6158],[105.4699,19.6174],[105.467,19.6235],[105.4645,19.6255],[105.4641,19.6288],[105.4626,19.6313],[105.4631,19.6337],[105.4678,19.6426],[105.4646,19.6484],[105.4585,19.6539],[105.4525,19.6576],[105.4499,19.6563],[105.4474,19.6572],[105.438,19.6616],[105.434,19.6617],[105.4314,19.6589],[105.4284,19.6577],[105.4233,19.6545],[105.4227,19.6528],[105.4193,19.6512],[105.4178,19.654],[105.409,19.6545],[105.4075,19.6596],[105.4047,19.6602],[105.3978,19.6654],[105.3982,19.6667],[105.403,19.6689],[105.4074,19.6706],[105.4078,19.6739],[105.4101,19.6751],[105.411,19.6805],[105.4127,19.681],[105.4127,19.6846],[105.4182,19.6916],[105.4217,19.6976],[105.4299,19.6991],[105.4341,19.7012],[105.438,19.7012],[105.4446,19.703],[105.4474,19.6987],[105.451,19.6972],[105.4572,19.7016],[105.4588,19.7002],[105.4625,19.7008],[105.4678,19.7003],[105.4781,19.7007],[105.4816,19.7018]]]},"properties":{"name":"Như Xuân","level":"ward"}},{"type":"Feature","geometry":{"type":"Polygon","coordinates":[[[105.4443,19.5403],[105.449,19.5405],[105.4504,19.541],[105.4502,19.541],[105.4498,19.5405],[105.4497,19.5401],[105.4502,19.5398],[105.4507,19.5375],[105.4524,19.5361],[105.4547,19.5363],[105.4553,19.5333],[105.4524,19.5302],[105.4531,19.5268],[105.4525,19.5246],[105.4505,19.5228],[105.4516,19.5206],[105.4488,19.5186],[105.4508,19.5108],[105.4558,19.5092],[105.4582,19.5067],[105.4587,19.5039],[105.4603,19.5033],[105.4687,19.5049],[105.4716,19.508],[105.4748,19.5087],[105.4781,19.5081],[105.4802,19.5043],[105.4862,19.5029],[105.4911,19.4999],[105.4977,19.4941],[105.5027,19.4928],[105.505,19.4904],[105.507,19.4855],[105.507,19.4825],[105.5053,19.4812],[105.507,19.4777],[105.5095,19.474],[105.5086,19.4705],[105.513,19.4636],[105.5094,19.4619],[105.5057,19.4637],[105.5045,19.4625],[105.5008,19.4628],[105.4926,19.4562],[105.4923,19.4517],[105.486,19.4507],[105.4824,19.4479],[105.4803,19.4484],[105.4721,19.4527],[105.4682,19.4572],[105.4632,19.4548],[105.4534,19.4442],[105.4455,19.4409],[105.4412,19.4468],[105.4355,19.4525],[105.435,19.4554],[105.432,19.4537],[105.4296,19.4563],[105.4258,19.4558],[105.4227,19.4569],[105.4189,19.4559],[105.4173,19.4592],[105.4095,19.4573],[105.4037,19.4498],[105.3896,19.4561],[105.3887,19.4626],[105.3911,19.4672],[105.3862,19.4726],[105.3837,19.4771],[105.3819,19.4817],[105.3823,19.484],[105.3809,19.487],[105.3778,19.4869],[105.3749,19.4903],[105.3743,19.4921],[105.3702,19.4955],[105.3683,19.5002],[105.3712,19.5041],[105.3692,19.5054],[105.3685,19.5083],[105.3714,19.5101],[105.3713,19.5148],[105.3692,19.5198],[105.3666,19.5221],[105.3651,19.525],[105.3631,19.5248],[105.3609,19.5294],[105.3558,19.5325],[105.3555,19.5365],[105.3534,19.5383],[105.3479,19.5389],[105.347,19.5382],[105.3413,19.5382],[105.3395,19.5309],[105.3355,19.5322],[105.3329,19.5315],[105.332,19.5285],[105.3327,19.524],[105.3314,19.5224],[105.326,19.519],[105.3252,19.5141],[105.3234,19.5117],[105.3242,19.5092],[105.3208,19.5065],[105.3162,19.5058],[105.3121,19.5009],[105.3088,19.4986],[105.3105,19.495],[105.309,19.4931],[105.3084,19.4892],[105.3057,19.4879],[105.3018,19.4882],[105.2982,19.48],[105.2963,19.4794],[105.2953,19.4758],[105.2935,19.4766],[105.2938,19.4796],[105.2917,19.4803],[105.2905,19.4824],[105.2912,19.4858],[105.2892,19.4916],[105.2843,19.4932],[105.2806,19.4936],[105.2776,19.4921],[105.2768,19.494],[105.2781,19.4999],[105.2799,19.5032],[105.2788,19.5053],[105.2739,19.5069],[105.2748,19.5097],[105.283,19.5127],[105.2868,19.5121],[105.2893,19.5127],[105.2955,19.511],[105.3007,19.5125],[105.3046,19.5149],[105.3061,19.5188],[105.3044,19.5211],[105.3066,19.5284],[105.3081,19.5356],[105.311,19.5379],[105.3139,19.538],[105.3165,19.5362],[105.3199,19.5361],[105.3228,19.5388],[105.3218,19.5435],[105.3248,19.5464],[105.3298,19.5453],[105.3359,19.5476],[105.3429,19.5489],[105.3436,19.5508],[105.3432,19.5574],[105.3419,19.5658],[105.3424,19.5733],[105.3486,19.5757],[105.3503,19.5777],[105.3525,19.5839],[105.3522,19.5859],[105.3549,19.5887],[105.3615,19.5893],[105.3661,19.5874],[105.3673,19.5911],[105.3702,19.5898],[105.3719,19.5915],[105.3754,19.5923],[105.3766,19.5947],[105.3782,19.5921],[105.3841,19.5881],[105.3844,19.5881],[105.3859,19.59],[105.3906,19.5931],[105.3944,19.5985],[105.3989,19.6022],[105.4005,19.6018],[105.4021,19.5988],[105.4055,19.5979],[105.4094,19.6041],[105.4127,19.6049],[105.4127,19.6068],[105.4196,19.6126],[105.4242,19.6119],[105.4301,19.6138],[105.4305,19.6169],[105.4351,19.6184],[105.4367,19.6158],[105.4346,19.614],[105.4335,19.6109],[105.4355,19.6071],[105.4336,19.604],[105.4301,19.6024],[105.4297,19.5994],[105.4268,19.596],[105.4199,19.5949],[105.4195,19.5933],[105.4167,19.5926],[105.418,19.5904],[105.4172,19.5884],[105.4116,19.5836],[105.4142,19.5819],[105.4145,19.5803],[105.4176,19.5785],[105.4189,19.5765],[105.4215,19.5751],[105.4223,19.5726],[105.422,19.5693],[105.4233,19.5678],[105.4225,19.5643],[105.4253,19.5563],[105.4295,19.5529],[105.4301,19.5481],[105.4314,19.5445],[105.4322,19.5377],[105.4314,19.5338],[105.4376,19.5335],[105.44,19.5344],[105.4425,19.5394],[105.4443,19.5403]]]},"properties":{"name":"Xuân Bình","level":"ward"}},{"type":"Feature","geometry":{"type":"Polygon","coordinates":[[[105.403,19.6689],[105.3982,19.6667],[105.3978,19.6654],[105.4047,19.6602],[105.4075,19.6596],[105.409,19.6545],[105.4178,19.654],[105.4193,19.6512],[105.4227,19.6528],[105.4233,19.6545],[105.4284,19.6577],[105.4314,19.6589],[105.434,19.6617],[105.438,19.6616],[105.4474,19.6572],[105.4499,19.6563],[105.4525,19.6576],[105.4585,19.6539],[105.4646,19.6484],[105.4678,19.6426],[105.4631,19.6337],[105.4626,19.6313],[105.4641,19.6288],[105.4645,19.6255],[105.467,19.6235],[105.4699,19.6174],[105.4722,19.6158],[105.4772,19.6136],[105.4812,19.6091],[105.4845,19.608],[105.4882,19.6117],[105.492,19.6108],[105.4957,19.6091],[105.5038,19.6092],[105.5142,19.6159],[105.5185,19.617],[105.5201,19.6161],[105.5194,19.6152],[105.518,19.6091],[105.5182,19.6059],[105.5124,19.5961],[105.5072,19.5947],[105.5083,19.591],[105.5037,19.5872],[105.4984,19.5871],[105.4961,19.5861],[105.4937,19.5834],[105.4894,19.5818],[105.4851,19.5783],[105.4778,19.5753],[105.4707,19.5706],[105.4685,19.5685],[105.4686,19.5667],[105.4641,19.5632],[105.4641,19.5573],[105.4634,19.5553],[105.4644,19.5511],[105.4623,19.5446],[105.4616,19.539],[105.4591,19.5376],[105.4561,19.5398],[105.4504,19.541],[105.449,19.5405],[105.4443,19.5403],[105.4425,19.5394],[105.44,19.5344],[105.4376,19.5335],[105.4314,19.5338],[105.4322,19.5377],[105.4314,19.5445],[105.4301,19.5481],[105.4295,19.5529],[105.4253,19.5563],[105.4225,19.5643],[105.4233,19.5678],[105.422,19.5693],[105.4223,19.5726],[105.4215,19.5751],[105.4189,19.5765],[105.4176,19.5785],[105.4145,19.5803],[105.4142,19.5819],[105.4116,19.5836],[105.4172,19.5884],[105.418,19.5904],[105.4167,19.5926],[105.4195,19.5933],[105.4199,19.5949],[105.4268,19.596],[105.4297,19.5994],[105.4301,19.6024],[105.4336,19.604],[105.4355,19.6071],[105.4335,19.6109],[105.4346,19.614],[105.4367,19.6158],[105.4351,19.6184],[105.4305,19.6169],[105.4301,19.6138],[105.4242,19.6119],[105.4196,19.6126],[105.4127,19.6068],[105.4127,19.6049],[105.4094,19.6041],[105.4055,19.5979],[105.4021,19.5988],[105.4005,19.6018],[105.3989,19.6022],[105.3944,19.5985],[105.3906,19.5931],[105.3859,19.59],[105.3844,19.5881],[105.3841,19.5881],[105.3782,19.5921],[105.3766,19.5947],[105.3737,19.5936],[105.3699,19.5978],[105.3697,19.5998],[105.364,19.6055],[105.3626,19.6042],[105.3605,19.6054],[105.3588,19.6085],[105.363,19.6103],[105.3647,19.6137],[105.3674,19.616],[105.3686,19.6185],[105.3685,19.6211],[105.3708,19.621],[105.3736,19.624],[105.3745,19.6261],[105.3772,19.6276],[105.3769,19.6297],[105.3705,19.6355],[105.3688,19.6381],[105.3637,19.6421],[105.3652,19.6513],[105.3676,19.6565],[105.3743,19.6655],[105.3792,19.6674],[105.3816,19.669],[105.3818,19.6736],[105.3853,19.6784],[105.3889,19.6783],[105.394,19.679],[105.3996,19.6736],[105.4023,19.673],[105.403,19.6689]]]},"properties":{"name":"Hoá Quỳ","level":"ward"}},{"type":"Feature","geometry":{"type":"Polygon","coordinates":[[[105.3766,19.5947],[105.3754,19.5923],[105.3719,19.5915],[105.3702,19.5898],[105.3673,19.5911],[105.3661,19.5874],[105.3615,19.5893],[105.3549,19.5887],[105.3522,19.5859],[105.3525,19.5839],[105.3503,19.5777],[105.3486,19.5757],[105.3424,19.5733],[105.3419,19.5658],[105.3432,19.5574],[105.3436,19.5508],[105.3429,19.5489],[105.3359,19.5476],[105.3298,19.5453],[105.3248,19.5464],[105.3218,19.5435],[105.3228,19.5388],[105.3199,19.5361],[105.3165,19.5362],[105.3139,19.538],[105.311,19.5379],[105.3081,19.5356],[105.3066,19.5284],[105.3044,19.5211],[105.3061,19.5188],[105.3046,19.5149],[105.3007,19.5125],[105.2955,19.511],[105.2893,19.5127],[105.2868,19.5121],[105.283,19.5127],[105.2748,19.5097],[105.2739,19.5069],[105.2712,19.5084],[105.2715,19.5105],[105.2745,19.516],[105.2745,19.5197],[105.2702,19.5232],[105.2704,19.5251],[105.2673,19.5295],[105.27,19.5328],[105.2702,19.5356],[105.2721,19.5372],[105.2714,19.5408],[105.2718,19.5447],[105.2741,19.5468],[105.273,19.5516],[105.272,19.5521],[105.2715,19.5563],[105.2738,19.5604],[105.2788,19.562],[105.2808,19.5638],[105.2818,19.5696],[105.2813,19.5747],[105.2782,19.5779],[105.2791,19.5814],[105.278,19.585],[105.2743,19.5897],[105.2779,19.5907],[105.2784,19.5935],[105.2815,19.5956],[105.2808,19.5973],[105.2817,19.6013],[105.2812,19.6039],[105.2755,19.6068],[105.2694,19.607],[105.272,19.6107],[105.2697,19.6145],[105.2665,19.6166],[105.2663,19.6222],[105.2672,19.6246],[105.2633,19.6267],[105.2615,19.6298],[105.262,19.6321],[105.2611,19.6364],[105.2615,19.6393],[105.2578,19.6404],[105.2574,19.6432],[105.2532,19.6483],[105.2483,19.6556],[105.2451,19.6574],[105.2421,19.6569],[105.2409,19.6547],[105.2394,19.6472],[105.2362,19.6444],[105.2326,19.6472],[105.2272,19.6494],[105.2238,19.6486],[105.2252,19.6515],[105.2275,19.6539],[105.2324,19.6571],[105.2347,19.6579],[105.2326,19.6608],[105.2314,19.6646],[105.2351,19.6696],[105.2346,19.6734],[105.2407,19.6801],[105.2406,19.6832],[105.2418,19.6862],[105.2435,19.6873],[105.2549,19.688],[105.2591,19.6879],[105.2608,19.6897],[105.2647,19.6895],[105.2679,19.6883],[105.2693,19.6897],[105.2714,19.6871],[105.2674,19.6832],[105.2649,19.6782],[105.2675,19.6718],[105.2692,19.6692],[105.2755,19.6678],[105.2789,19.6711],[105.2818,19.67],[105.284,19.6719],[105.2869,19.6716],[105.2901,19.6733],[105.2913,19.675],[105.2953,19.6752],[105.2984,19.6801],[105.3004,19.6808],[105.3023,19.6833],[105.305,19.6816],[105.3038,19.6791],[105.3045,19.6755],[105.3093,19.6677],[105.3128,19.6632],[105.3214,19.6625],[105.3257,19.6607],[105.33,19.6626],[105.3316,19.6626],[105.3391,19.6579],[105.3429,19.6563],[105.3454,19.6574],[105.3491,19.6567],[105.3507,19.6553],[105.3536,19.6566],[105.3575,19.6562],[105.3605,19.6535],[105.3652,19.6513],[105.3637,19.6421],[105.3688,19.6381],[105.3705,19.6355],[105.3769,19.6297],[105.3772,19.6276],[105.3745,19.6261],[105.3736,19.624],[105.3708,19.621],[105.3685,19.6211],[105.3686,19.6185],[105.3674,19.616],[105.3647,19.6137],[105.363,19.6103],[105.3588,19.6085],[105.3605,19.6054],[105.3626,19.6042],[105.364,19.6055],[105.3697,19.5998],[105.3699,19.5978],[105.3737,19.5936],[105.3766,19.5947]]]},"properties":{"name":"Thanh Phong","level":"ward"}},{"type":"Feature","geometry":{"type":"Polygon","coordinates":[[[105.29,19.7341],[105.2925,19.733],[105.2959,19.7331],[105.2957,19.7264],[105.2967,19.7241],[105.3011,19.7233],[105.3038,19.7205],[105.3136,19.7194],[105.3193,19.7208],[105.3245,19.7181],[105.3286,19.7142],[105.3317,19.7145],[105.3331,19.7131],[105.3364,19.713],[105.334,19.7128],[105.3316,19.709],[105.337,19.7045],[105.3362,19.7027],[105.337,19.6994],[105.3409,19.6975],[105.343,19.6979],[105.345,19.6962],[105.3429,19.6829],[105.3381,19.6723],[105.336,19.6715],[105.3309,19.6673],[105.3295,19.6645],[105.33,19.6626],[105.3257,19.6607],[105.3214,19.6625],[105.3128,19.6632],[105.3093,19.6677],[105.3045,19.6755],[105.3038,19.6791],[105.305,19.6816],[105.3023,19.6833],[105.3004,19.6808],[105.2984,19.6801],[105.2953,19.6752],[105.2913,19.675],[105.2901,19.6733],[105.2869,19.6716],[105.284,19.6719],[105.2818,19.67],[105.2789,19.6711],[105.2755,19.6678],[105.2692,19.6692],[105.2675,19.6718],[105.2649,19.6782],[105.2674,19.6832],[105.2714,19.6871],[105.2693,19.6897],[105.2679,19.6883],[105.2647,19.6895],[105.2608,19.6897],[105.2591,19.6879],[105.2549,19.688],[105.2435,19.6873],[105.2418,19.6862],[105.2406,19.6832],[105.2407,19.6801],[105.2346,19.6734],[105.2351,19.6696],[105.2314,19.6646],[105.2326,19.6608],[105.2347,19.6579],[105.2324,19.6571],[105.2275,19.6539],[105.2252,19.6515],[105.2238,19.6486],[105.2208,19.6528],[105.2146,19.6562],[105.2121,19.662],[105.2083,19.6646],[105.2059,19.6648],[105.201,19.6675],[105.1944,19.6728],[105.1837,19.6781],[105.1818,19.6811],[105.1791,19.6804],[105.1743,19.6805],[105.1709,19.6798],[105.1692,19.6821],[105.1661,19.6833],[105.1635,19.6862],[105.1643,19.688],[105.1636,19.6931],[105.1646,19.6987],[105.1604,19.6994],[105.1603,19.701],[105.1571,19.7052],[105.1532,19.7075],[105.1542,19.7108],[105.1582,19.713],[105.1605,19.7161],[105.1622,19.7197],[105.1621,19.7228],[105.1672,19.7227],[105.1753,19.721],[105.1812,19.7189],[105.1846,19.7187],[105.1902,19.716],[105.1927,19.7138],[105.1953,19.7146],[105.2069,19.7145],[105.209,19.713],[105.2135,19.7117],[105.218,19.7144],[105.2206,19.7186],[105.2245,19.7204],[105.2281,19.72],[105.2303,19.7206],[105.2362,19.7199],[105.2427,19.7216],[105.2458,19.7236],[105.2442,19.7276],[105.2399,19.7333],[105.2441,19.7333],[105.2451,19.737],[105.2489,19.7387],[105.2524,19.7415],[105.2537,19.7462],[105.2589,19.744],[105.2612,19.7413],[105.2645,19.7421],[105.2674,19.7402],[105.2697,19.7401],[105.2717,19.7379],[105.2749,19.7382],[105.2761,19.7394],[105.2822,19.7378],[105.2856,19.7346],[105.29,19.7341]]]},"properties":{"name":"Thanh Quân","level":"ward"}},{"type":"Feature","geometry":{"type":"Polygon","coordinates":[[[105.4417,19.7528],[105.4467,19.7493],[105.4493,19.75],[105.4506,19.7524],[105.4551,19.7542],[105.4573,19.7528],[105.466,19.7489],[105.4675,19.7443],[105.4671,19.7404],[105.4722,19.7371],[105.4743,19.7366],[105.4802,19.737],[105.4835,19.7358],[105.4859,19.732],[105.4949,19.732],[105.4969,19.7278],[105.4975,19.722],[105.4963,19.7153],[105.4952,19.7132],[105.4952,19.7131],[105.4939,19.7089],[105.4884,19.7057],[105.4852,19.7031],[105.4816,19.7018],[105.4781,19.7007],[105.4678,19.7003],[105.4625,19.7008],[105.4588,19.7002],[105.4572,19.7016],[105.451,19.6972],[105.4474,19.6987],[105.4446,19.703],[105.438,19.7012],[105.4341,19.7012],[105.4299,19.6991],[105.4217,19.6976],[105.4182,19.6916],[105.4127,19.6846],[105.4127,19.681],[105.411,19.6805],[105.4101,19.6751],[105.4078,19.6739],[105.4074,19.6706],[105.403,19.6689],[105.4023,19.673],[105.3996,19.6736],[105.394,19.679],[105.3889,19.6783],[105.3853,19.6784],[105.3818,19.6736],[105.3816,19.669],[105.3792,19.6674],[105.3743,19.6655],[105.3676,19.6565],[105.3652,19.6513],[105.3605,19.6535],[105.3575,19.6562],[105.3536,19.6566],[105.3507,19.6553],[105.3491,19.6567],[105.3454,19.6574],[105.3429,19.6563],[105.3391,19.6579],[105.3316,19.6626],[105.33,19.6626],[105.3295,19.6645],[105.3309,19.6673],[105.336,19.6715],[105.3381,19.6723],[105.3429,19.6829],[105.345,19.6962],[105.343,19.6979],[105.3409,19.6975],[105.337,19.6994],[105.3362,19.7027],[105.337,19.7045],[105.3316,19.709],[105.334,19.7128],[105.3364,19.713],[105.3413,19.7108],[105.3452,19.7118],[105.3461,19.7094],[105.3519,19.7098],[105.3539,19.7089],[105.3553,19.7106],[105.3594,19.7095],[105.3633,19.7138],[105.3661,19.7157],[105.3725,19.7164],[105.3737,19.721],[105.3728,19.7244],[105.3709,19.7251],[105.3729,19.7274],[105.3807,19.7287],[105.3838,19.7261],[105.3843,19.7243],[105.3868,19.7241],[105.3884,19.7256],[105.3929,19.7241],[105.394,19.7253],[105.3982,19.7265],[105.4008,19.7349],[105.4027,19.7362],[105.4062,19.7414],[105.4087,19.7422],[105.4129,19.7457],[105.4137,19.7478],[105.4217,19.7496],[105.4256,19.7481],[105.4284,19.7504],[105.4299,19.7535],[105.4319,19.7549],[105.4354,19.7541],[105.4381,19.7552],[105.4417,19.7528]]]},"properties":{"name":"Thượng Ninh","level":"ward"}},{"type":"Feature","geometry":{"type":"Polygon","coordinates":[[[105.5237,19.6183],[105.5236,19.62],[105.5239,19.6203],[105.5233,19.6233],[105.5243,19.6309],[105.5236,19.6357],[105.5263,19.6403],[105.5227,19.6448],[105.5195,19.652],[105.5188,19.6552],[105.5156,19.6566],[105.5117,19.6611],[105.5096,19.6618],[105.5092,19.6667],[105.5046,19.6695],[105.5001,19.671],[105.4978,19.6729],[105.4975,19.6755],[105.496,19.6767],[105.4928,19.674],[105.4901,19.6747],[105.487,19.6767],[105.4823,19.6786],[105.4785,19.6838],[105.4798,19.6881],[105.4804,19.693],[105.4796,19.6968],[105.4816,19.7018],[105.4852,19.7031],[105.4884,19.7057],[105.4939,19.7089],[105.4952,19.7131],[105.4952,19.7132],[105.4963,19.7153],[105.5027,19.7112],[105.5081,19.7145],[105.5121,19.712],[105.5143,19.7127],[105.5193,19.7095],[105.5222,19.7099],[105.5287,19.7077],[105.5308,19.7108],[105.5332,19.7107],[105.5354,19.7079],[105.5398,19.7067],[105.5376,19.7037],[105.5361,19.7003],[105.5366,19.6952],[105.5389,19.6959],[105.5405,19.6918],[105.5428,19.6902],[105.5464,19.6908],[105.5482,19.6883],[105.5511,19.6893],[105.5541,19.6879],[105.5527,19.6856],[105.5529,19.6825],[105.5529,19.6823],[105.5546,19.6784],[105.558,19.6786],[105.562,19.6776],[105.5621,19.6755],[105.5646,19.6718],[105.5676,19.6712],[105.5727,19.6685],[105.5728,19.6683],[105.5752,19.667],[105.5767,19.6643],[105.5797,19.6636],[105.5829,19.6586],[105.5843,19.6592],[105.5875,19.6574],[105.5877,19.6545],[105.5899,19.6532],[105.5911,19.6506],[105.5941,19.6481],[105.5988,19.6474],[105.5979,19.6429],[105.6033,19.6399],[105.606,19.6395],[105.6085,19.6337],[105.6072,19.6315],[105.6003,19.6335],[105.5963,19.631],[105.5945,19.6316],[105.5925,19.6302],[105.5928,19.6268],[105.5902,19.6229],[105.5915,19.6165],[105.5897,19.6138],[105.5896,19.6113],[105.5876,19.6096],[105.5813,19.6087],[105.5786,19.6061],[105.574,19.6067],[105.5728,19.6053],[105.5694,19.6051],[105.5686,19.604],[105.5616,19.6009],[105.5573,19.5966],[105.5489,19.6032],[105.5466,19.6043],[105.5454,19.6052],[105.5436,19.6064],[105.5334,19.6057],[105.5297,19.6064],[105.5286,19.6085],[105.5292,19.6152],[105.5262,19.6163],[105.5237,19.6183]]]},"properties":{"name":"Như Thanh","level":"ward"}},{"type":"Feature","geometry":{"type":"Polygon","coordinates":[[[105.4551,19.7542],[105.455,19.7569],[105.4521,19.7581],[105.4499,19.7688],[105.4486,19.7722],[105.449,19.7739],[105.4487,19.7819],[105.4476,19.7838],[105.4484,19.7913],[105.4522,19.7886],[105.4574,19.7863],[105.4591,19.793],[105.46,19.7941],[105.4632,19.7941],[105.4663,19.7928],[105.4689,19.7939],[105.4725,19.7968],[105.4735,19.7994],[105.478,19.7995],[105.481,19.7988],[105.4819,19.7971],[105.4894,19.7956],[105.4909,19.7947],[105.4956,19.7958],[105.4957,19.7958],[105.4958,19.7958],[105.4984,19.7946],[105.5037,19.7941],[105.5067,19.7953],[105.5103,19.7977],[105.5209,19.801],[105.5229,19.8041],[105.5252,19.8015],[105.5225,19.7981],[105.5232,19.7969],[105.5217,19.7926],[105.5237,19.7904],[105.5223,19.7874],[105.5192,19.7858],[105.512,19.7868],[105.5088,19.7852],[105.5081,19.7835],[105.5089,19.7794],[105.5112,19.7769],[105.5155,19.7761],[105.5188,19.7763],[105.5209,19.7754],[105.523,19.7712],[105.521,19.7651],[105.5198,19.7569],[105.5182,19.7549],[105.519,19.7532],[105.5241,19.755],[105.5293,19.755],[105.5392,19.7595],[105.5408,19.7641],[105.5394,19.7665],[105.5405,19.7706],[105.5434,19.775],[105.5502,19.7794],[105.5517,19.779],[105.5522,19.7831],[105.5559,19.7891],[105.5582,19.794],[105.563,19.7925],[105.5791,19.7906],[105.581,19.7896],[105.5812,19.7861],[105.5828,19.7847],[105.5815,19.7822],[105.5824,19.7781],[105.5783,19.7774],[105.5778,19.7728],[105.5786,19.7699],[105.5822,19.7649],[105.5777,19.7627],[105.5745,19.7623],[105.5659,19.7583],[105.5637,19.7486],[105.5646,19.7455],[105.5666,19.745],[105.5685,19.7401],[105.572,19.7366],[105.5742,19.736],[105.5725,19.7345],[105.5738,19.727],[105.573,19.7243],[105.568,19.7226],[105.5669,19.7181],[105.5631,19.7143],[105.564,19.7066],[105.5515,19.7008],[105.5455,19.7031],[105.5398,19.7067],[105.5354,19.7079],[105.5332,19.7107],[105.5308,19.7108],[105.5287,19.7077],[105.5222,19.7099],[105.5193,19.7095],[105.5143,19.7127],[105.5121,19.712],[105.5081,19.7145],[105.5027,19.7112],[105.4963,19.7153],[105.4975,19.722],[105.4969,19.7278],[105.4949,19.732],[105.4859,19.732],[105.4835,19.7358],[105.4802,19.737],[105.4743,19.7366],[105.4722,19.7371],[105.4671,19.7404],[105.4675,19.7443],[105.466,19.7489],[105.4573,19.7528],[105.4551,19.7542]]]},"properties":{"name":"Xuân Du","level":"ward"}},{"type":"Feature","geometry":{"type":"Polygon","coordinates":[[[105.5742,19.736],[105.5763,19.7359],[105.5806,19.7319],[105.5879,19.7319],[105.5894,19.7303],[105.5891,19.7258],[105.5916,19.7221],[105.6021,19.7162],[105.6048,19.7162],[105.611,19.7142],[105.6134,19.7129],[105.6172,19.713],[105.6217,19.7121],[105.624,19.7081],[105.6307,19.7028],[105.6383,19.699],[105.6382,19.6974],[105.6408,19.6941],[105.6404,19.6847],[105.6399,19.6815],[105.6428,19.6739],[105.6411,19.6706],[105.6419,19.661],[105.643,19.6557],[105.6444,19.6548],[105.6423,19.6502],[105.6386,19.6493],[105.6372,19.6475],[105.6308,19.6491],[105.6291,19.6454],[105.625,19.6463],[105.6234,19.6452],[105.6212,19.6464],[105.6141,19.6415],[105.614,19.6398],[105.606,19.6395],[105.6033,19.6399],[105.5979,19.6429],[105.5988,19.6474],[105.5941,19.6481],[105.5911,19.6506],[105.5899,19.6532],[105.5877,19.6545],[105.5875,19.6574],[105.5843,19.6592],[105.5829,19.6586],[105.5797,19.6636],[105.5767,19.6643],[105.5752,19.667],[105.5728,19.6683],[105.5727,19.6685],[105.5676,19.6712],[105.5646,19.6718],[105.5621,19.6755],[105.562,19.6776],[105.558,19.6786],[105.5546,19.6784],[105.5529,19.6823],[105.5529,19.6825],[105.5527,19.6856],[105.5541,19.6879],[105.5511,19.6893],[105.5482,19.6883],[105.5464,19.6908],[105.5428,19.6902],[105.5405,19.6918],[105.5389,19.6959],[105.5366,19.6952],[105.5361,19.7003],[105.5376,19.7037],[105.5398,19.7067],[105.5455,19.7031],[105.5515,19.7008],[105.564,19.7066],[105.5631,19.7143],[105.5669,19.7181],[105.568,19.7226],[105.573,19.7243],[105.5738,19.727],[105.5725,19.7345],[105.5742,19.736]]]},"properties":{"name":"Mậu Lâm","level":"ward"}},{"type":"Feature","geometry":{"type":"Polygon","coordinates":[[[105.5201,19.6161],[105.5224,19.6187],[105.5237,19.6183],[105.5262,19.6163],[105.5292,19.6152],[105.5286,19.6085],[105.5297,19.6064],[105.5334,19.6057],[105.5436,19.6064],[105.5454,19.6052],[105.5466,19.6043],[105.5489,19.6032],[105.5573,19.5966],[105.5556,19.5907],[105.5565,19.587],[105.554,19.5851],[105.5584,19.5809],[105.5575,19.5756],[105.5619,19.5691],[105.5624,19.5638],[105.5637,19.5615],[105.568,19.5581],[105.5686,19.5556],[105.5676,19.5533],[105.5648,19.5504],[105.5644,19.5466],[105.5656,19.5456],[105.566,19.5346],[105.5627,19.5302],[105.5641,19.5275],[105.5638,19.5227],[105.565,19.518],[105.5659,19.5169],[105.5663,19.5166],[105.5685,19.5148],[105.5758,19.5132],[105.5758,19.5131],[105.5756,19.5129],[105.5699,19.509],[105.5677,19.508],[105.5632,19.5039],[105.5599,19.5031],[105.553,19.5026],[105.5527,19.5026],[105.548,19.5012],[105.5456,19.4986],[105.5455,19.4963],[105.5396,19.4893],[105.5386,19.4863],[105.5385,19.4823],[105.5358,19.4801],[105.5317,19.4794],[105.5315,19.477],[105.531,19.4767],[105.529,19.4757],[105.527,19.4782],[105.5245,19.478],[105.5218,19.4749],[105.5205,19.4722],[105.5188,19.4715],[105.5186,19.4681],[105.513,19.4636],[105.5086,19.4705],[105.5095,19.474],[105.507,19.4777],[105.5053,19.4812],[105.507,19.4825],[105.507,19.4855],[105.505,19.4904],[105.5027,19.4928],[105.4977,19.4941],[105.4911,19.4999],[105.4862,19.5029],[105.4802,19.5043],[105.4781,19.5081],[105.4748,19.5087],[105.4716,19.508],[105.4687,19.5049],[105.4603,19.5033],[105.4587,19.5039],[105.4582,19.5067],[105.4558,19.5092],[105.4508,19.5108],[105.4488,19.5186],[105.4516,19.5206],[105.4505,19.5228],[105.4525,19.5246],[105.4531,19.5268],[105.4524,19.5302],[105.4553,19.5333],[105.4547,19.5363],[105.4524,19.5361],[105.4507,19.5375],[105.4502,19.5398],[105.4497,19.5401],[105.4498,19.5405],[105.4502,19.541],[105.4504,19.541],[105.4561,19.5398],[105.4591,19.5376],[105.4616,19.539],[105.4623,19.5446],[105.4644,19.5511],[105.4634,19.5553],[105.4641,19.5573],[105.4641,19.5632],[105.4686,19.5667],[105.4685,19.5685],[105.4707,19.5706],[105.4778,19.5753],[105.4851,19.5783],[105.4894,19.5818],[105.4937,19.5834],[105.4961,19.5861],[105.4984,19.5871],[105.5037,19.5872],[105.5083,19.591],[105.5072,19.5947],[105.5124,19.5961],[105.5182,19.6059],[105.518,19.6091],[105.5194,19.6152],[105.5201,19.6161]]]},"properties":{"name":"Xuân Thái","level":"ward"}},{"type":"Feature","geometry":{"type":"Polygon","coordinates":[[[105.5573,19.5966],[105.5616,19.6009],[105.5686,19.604],[105.5694,19.6051],[105.5728,19.6053],[105.574,19.6067],[105.5786,19.6061],[105.5813,19.6087],[105.5876,19.6096],[105.5896,19.6113],[105.5897,19.6138],[105.5915,19.6165],[105.5902,19.6229],[105.5928,19.6268],[105.5925,19.6302],[105.5945,19.6316],[105.5963,19.631],[105.5959,19.6273],[105.5988,19.628],[105.6075,19.6267],[105.6058,19.624],[105.6043,19.6174],[105.6044,19.6137],[105.6026,19.6123],[105.6028,19.6066],[105.6048,19.6085],[105.6093,19.6087],[105.6119,19.6073],[105.6145,19.6074],[105.6179,19.6096],[105.6202,19.6087],[105.6194,19.6058],[105.6163,19.6018],[105.6171,19.5995],[105.6199,19.5977],[105.6193,19.5935],[105.6228,19.5905],[105.6285,19.589],[105.6248,19.5858],[105.6227,19.5856],[105.6229,19.5814],[105.6204,19.5796],[105.618,19.5748],[105.6185,19.5716],[105.6201,19.5706],[105.6267,19.5602],[105.63,19.5585],[105.6308,19.5553],[105.6356,19.5505],[105.6375,19.5442],[105.6469,19.5462],[105.6541,19.5464],[105.6522,19.5427],[105.6488,19.5405],[105.6477,19.5315],[105.6462,19.5306],[105.6424,19.5254],[105.6485,19.5227],[105.648,19.5203],[105.6488,19.5178],[105.6457,19.5132],[105.6422,19.5124],[105.6408,19.5112],[105.6383,19.5121],[105.6334,19.5121],[105.6317,19.5113],[105.6298,19.5136],[105.6258,19.5135],[105.6245,19.5093],[105.6202,19.5088],[105.6166,19.5092],[105.6092,19.5078],[105.608,19.506],[105.6043,19.5053],[105.6022,19.5036],[105.5998,19.5038],[105.5987,19.5066],[105.5994,19.509],[105.5992,19.5129],[105.5979,19.5154],[105.6025,19.5182],[105.6034,19.5202],[105.5978,19.5193],[105.5954,19.5174],[105.5914,19.5169],[105.5892,19.518],[105.5792,19.5098],[105.5763,19.5115],[105.5758,19.5131],[105.5758,19.5132],[105.5685,19.5148],[105.5663,19.5166],[105.5659,19.5169],[105.565,19.518],[105.5638,19.5227],[105.5641,19.5275],[105.5627,19.5302],[105.566,19.5346],[105.5656,19.5456],[105.5644,19.5466],[105.5648,19.5504],[105.5676,19.5533],[105.5686,19.5556],[105.568,19.5581],[105.5637,19.5615],[105.5624,19.5638],[105.5619,19.5691],[105.5575,19.5756],[105.5584,19.5809],[105.554,19.5851],[105.5565,19.587],[105.5556,19.5907],[105.5573,19.5966]]]},"properties":{"name":"Yên Thọ","level":"ward"}},{"type":"Feature","geometry":{"type":"Polygon","coordinates":[[[105.513,19.4636],[105.5186,19.4681],[105.5188,19.4715],[105.5205,19.4722],[105.5218,19.4749],[105.5245,19.478],[105.527,19.4782],[105.529,19.4757],[105.531,19.4767],[105.5315,19.477],[105.5317,19.4794],[105.5358,19.4801],[105.5385,19.4823],[105.5386,19.4863],[105.5396,19.4893],[105.5455,19.4963],[105.5456,19.4986],[105.548,19.5012],[105.5527,19.5026],[105.553,19.5026],[105.5599,19.5031],[105.5632,19.5039],[105.5677,19.508],[105.5699,19.509],[105.5756,19.5129],[105.5758,19.5131],[105.5763,19.5115],[105.5792,19.5098],[105.5892,19.518],[105.5914,19.5169],[105.5954,19.5174],[105.5978,19.5193],[105.6034,19.5202],[105.6025,19.5182],[105.5979,19.5154],[105.5992,19.5129],[105.5994,19.509],[105.5987,19.5066],[105.5998,19.5038],[105.6022,19.5036],[105.6035,19.5028],[105.6081,19.5034],[105.6097,19.5029],[105.6106,19.4963],[105.6168,19.495],[105.6189,19.4912],[105.6181,19.4888],[105.6153,19.4866],[105.6158,19.4813],[105.6193,19.4786],[105.6227,19.48],[105.6269,19.479],[105.6282,19.4801],[105.6292,19.4834],[105.6322,19.4854],[105.6397,19.4857],[105.6449,19.4856],[105.6483,19.4861],[105.654,19.4882],[105.6602,19.4915],[105.6654,19.4948],[105.6668,19.4923],[105.6602,19.4858],[105.6559,19.4811],[105.6487,19.472],[105.6456,19.4661],[105.6457,19.4619],[105.6472,19.4604],[105.6556,19.461],[105.6574,19.4562],[105.6573,19.4541],[105.6548,19.4522],[105.6531,19.4426],[105.6545,19.4363],[105.6546,19.431],[105.6569,19.4272],[105.6447,19.4233],[105.6443,19.4189],[105.6465,19.4182],[105.6478,19.4131],[105.6502,19.411],[105.6545,19.4091],[105.6586,19.405],[105.6581,19.4036],[105.6599,19.3995],[105.6613,19.3987],[105.6576,19.3985],[105.6521,19.394],[105.6462,19.3877],[105.641,19.3839],[105.6367,19.3817],[105.6293,19.3729],[105.6283,19.3768],[105.6286,19.3795],[105.6257,19.3813],[105.6232,19.3812],[105.6204,19.3826],[105.6145,19.3777],[105.6123,19.3745],[105.6129,19.3706],[105.6089,19.3682],[105.6055,19.3687],[105.6001,19.3712],[105.5978,19.3696],[105.5906,19.3702],[105.5856,19.3755],[105.5845,19.3786],[105.5813,19.3826],[105.5832,19.3887],[105.5824,19.3907],[105.5791,19.3936],[105.5787,19.395],[105.5712,19.4],[105.569,19.4024],[105.5671,19.4027],[105.567,19.406],[105.5626,19.4111],[105.5615,19.4145],[105.5558,19.4206],[105.5557,19.4214],[105.5433,19.4348],[105.5413,19.4384],[105.5386,19.4484],[105.5369,19.4495],[105.5354,19.4524],[105.5383,19.4547],[105.5312,19.4585],[105.5272,19.4622],[105.5242,19.464],[105.523,19.4632],[105.5194,19.4645],[105.5174,19.4643],[105.5154,19.4619],[105.513,19.4636]]]},"properties":{"name":"Thanh Kỳ","level":"ward"}},{"type":"Feature","geometry":{"type":"Polygon","coordinates":[[[105.5963,19.631],[105.6003,19.6335],[105.6072,19.6315],[105.6085,19.6337],[105.606,19.6395],[105.614,19.6398],[105.6141,19.6415],[105.6212,19.6464],[105.6234,19.6452],[105.625,19.6463],[105.6291,19.6454],[105.6308,19.6491],[105.6372,19.6475],[105.6386,19.6493],[105.6423,19.6502],[105.6444,19.6548],[105.643,19.6557],[105.6419,19.661],[105.649,19.6634],[105.6493,19.6645],[105.6533,19.6646],[105.6548,19.6615],[105.6648,19.6578],[105.6671,19.6559],[105.6692,19.6512],[105.6686,19.6481],[105.6738,19.6475],[105.6753,19.648],[105.6761,19.6513],[105.6782,19.6522],[105.6804,19.6558],[105.6888,19.6529],[105.69,19.6605],[105.6924,19.6595],[105.6944,19.6547],[105.6994,19.6541],[105.7045,19.6528],[105.7105,19.654],[105.7139,19.6539],[105.7132,19.6506],[105.7162,19.6497],[105.7191,19.6535],[105.7234,19.6525],[105.7242,19.6491],[105.7181,19.6453],[105.7181,19.6439],[105.7149,19.6417],[105.7159,19.6369],[105.7184,19.6344],[105.7153,19.6324],[105.7133,19.6335],[105.7113,19.6368],[105.7089,19.6346],[105.709,19.6319],[105.7126,19.6291],[105.7155,19.6291],[105.7156,19.626],[105.7111,19.623],[105.7086,19.624],[105.7069,19.6265],[105.703,19.6237],[105.7012,19.6235],[105.6982,19.626],[105.6952,19.626],[105.6873,19.6206],[105.6863,19.6183],[105.6871,19.6162],[105.6897,19.6145],[105.6901,19.6124],[105.6883,19.6109],[105.6853,19.611],[105.6833,19.6153],[105.6812,19.6135],[105.6786,19.6146],[105.6785,19.6119],[105.6751,19.6094],[105.6766,19.6078],[105.6709,19.6056],[105.6707,19.6041],[105.6671,19.6034],[105.6671,19.6016],[105.6648,19.5998],[105.6615,19.6015],[105.6638,19.6076],[105.6602,19.6089],[105.6584,19.6118],[105.6483,19.6127],[105.6415,19.6123],[105.6373,19.6128],[105.6328,19.6118],[105.6244,19.6115],[105.6227,19.6094],[105.6202,19.6087],[105.6179,19.6096],[105.6145,19.6074],[105.6119,19.6073],[105.6093,19.6087],[105.6048,19.6085],[105.6028,19.6066],[105.6026,19.6123],[105.6044,19.6137],[105.6043,19.6174],[105.6058,19.624],[105.6075,19.6267],[105.5988,19.628],[105.5959,19.6273],[105.5963,19.631]]]},"properties":{"name":"Nông Cống","level":"ward"}},{"type":"Feature","geometry":{"type":"Polygon","coordinates":[[[105.6217,19.7121],[105.623,19.7158],[105.623,19.7198],[105.6241,19.7211],[105.6241,19.725],[105.6263,19.7266],[105.6346,19.7283],[105.6405,19.7328],[105.6443,19.7384],[105.6448,19.7421],[105.6481,19.7455],[105.6498,19.744],[105.6584,19.7539],[105.6602,19.7543],[105.6636,19.7529],[105.6671,19.7544],[105.672,19.753],[105.6759,19.7542],[105.6765,19.7511],[105.6834,19.7453],[105.686,19.7481],[105.6899,19.7468],[105.6898,19.7441],[105.6894,19.7406],[105.6944,19.739],[105.698,19.7311],[105.7041,19.7271],[105.705,19.7298],[105.7085,19.731],[105.7131,19.7312],[105.7136,19.7295],[105.712,19.7276],[105.7118,19.7235],[105.7146,19.7218],[105.7134,19.7194],[105.7174,19.7183],[105.7176,19.7162],[105.7215,19.7151],[105.7229,19.7124],[105.7217,19.7069],[105.7227,19.7044],[105.7194,19.7013],[105.7185,19.6978],[105.715,19.6971],[105.7149,19.6951],[105.7175,19.6949],[105.7168,19.6917],[105.7139,19.6881],[105.7134,19.6916],[105.7073,19.694],[105.7077,19.6952],[105.7017,19.6995],[105.7003,19.6977],[105.699,19.693],[105.7002,19.6923],[105.6986,19.689],[105.6958,19.6924],[105.6943,19.6924],[105.69,19.6886],[105.6852,19.6866],[105.6818,19.6896],[105.6816,19.6932],[105.6844,19.693],[105.6824,19.6965],[105.683,19.6998],[105.6856,19.7044],[105.6807,19.7077],[105.677,19.7089],[105.677,19.7068],[105.6722,19.704],[105.6689,19.7088],[105.6674,19.707],[105.6693,19.7031],[105.6677,19.7015],[105.6651,19.7025],[105.6583,19.6986],[105.6576,19.7009],[105.6523,19.7065],[105.6497,19.704],[105.6472,19.7051],[105.6383,19.699],[105.6307,19.7028],[105.624,19.7081],[105.6217,19.7121]]]},"properties":{"name":"Trung Chính","level":"ward"}},{"type":"Feature","geometry":{"type":"Polygon","coordinates":[[[105.6419,19.661],[105.6411,19.6706],[105.6428,19.6739],[105.6399,19.6815],[105.6404,19.6847],[105.6408,19.6941],[105.6382,19.6974],[105.6383,19.699],[105.6472,19.7051],[105.6497,19.704],[105.6523,19.7065],[105.6576,19.7009],[105.6583,19.6986],[105.6651,19.7025],[105.6677,19.7015],[105.6693,19.7031],[105.6674,19.707],[105.6689,19.7088],[105.6722,19.704],[105.677,19.7068],[105.677,19.7089],[105.6807,19.7077],[105.6856,19.7044],[105.683,19.6998],[105.6824,19.6965],[105.6844,19.693],[105.6816,19.6932],[105.6818,19.6896],[105.6852,19.6866],[105.69,19.6886],[105.6943,19.6924],[105.6958,19.6924],[105.6986,19.689],[105.7002,19.6923],[105.699,19.693],[105.7003,19.6977],[105.7017,19.6995],[105.7077,19.6952],[105.7073,19.694],[105.7134,19.6916],[105.7139,19.6881],[105.713,19.685],[105.715,19.6824],[105.7183,19.6814],[105.7209,19.6769],[105.7231,19.676],[105.7192,19.6736],[105.7197,19.6703],[105.725,19.6721],[105.7276,19.6692],[105.7317,19.669],[105.7339,19.6644],[105.7363,19.6614],[105.7277,19.6572],[105.7238,19.6593],[105.7214,19.6623],[105.7188,19.6618],[105.716,19.6581],[105.7139,19.6539],[105.7105,19.654],[105.7045,19.6528],[105.6994,19.6541],[105.6944,19.6547],[105.6924,19.6595],[105.69,19.6605],[105.6888,19.6529],[105.6804,19.6558],[105.6782,19.6522],[105.6761,19.6513],[105.6753,19.648],[105.6738,19.6475],[105.6686,19.6481],[105.6692,19.6512],[105.6671,19.6559],[105.6648,19.6578],[105.6548,19.6615],[105.6533,19.6646],[105.6493,19.6645],[105.649,19.6634],[105.6419,19.661]]]},"properties":{"name":"Thắng Lợi","level":"ward"}},{"type":"Feature","geometry":{"type":"Polygon","coordinates":[[[105.6267,19.5602],[105.6201,19.5706],[105.6185,19.5716],[105.618,19.5748],[105.6204,19.5796],[105.6229,19.5814],[105.6227,19.5856],[105.6248,19.5858],[105.6285,19.589],[105.6228,19.5905],[105.6193,19.5935],[105.6199,19.5977],[105.6171,19.5995],[105.6163,19.6018],[105.6194,19.6058],[105.6202,19.6087],[105.6227,19.6094],[105.6244,19.6115],[105.6328,19.6118],[105.6373,19.6128],[105.6415,19.6123],[105.6483,19.6127],[105.6584,19.6118],[105.6602,19.6089],[105.6638,19.6076],[105.6615,19.6015],[105.6648,19.5998],[105.6671,19.6016],[105.6671,19.6034],[105.6707,19.6041],[105.6709,19.6056],[105.6766,19.6078],[105.6751,19.6094],[105.6785,19.6119],[105.6786,19.6146],[105.6812,19.6135],[105.6833,19.6153],[105.6853,19.611],[105.6883,19.6109],[105.6931,19.6068],[105.6936,19.6039],[105.6988,19.6037],[105.6986,19.5972],[105.703,19.5978],[105.7044,19.5962],[105.7038,19.5942],[105.705,19.5896],[105.7051,19.5855],[105.7025,19.5807],[105.7031,19.5796],[105.7013,19.5764],[105.6948,19.5812],[105.6928,19.5784],[105.6891,19.5775],[105.6875,19.576],[105.6882,19.5737],[105.6876,19.5699],[105.6865,19.5694],[105.684,19.5704],[105.6822,19.5689],[105.6765,19.5722],[105.669,19.5745],[105.6646,19.5755],[105.6597,19.5736],[105.653,19.5723],[105.6481,19.5784],[105.6457,19.5786],[105.6436,19.5743],[105.6395,19.5716],[105.637,19.5684],[105.6333,19.5697],[105.6321,19.5676],[105.6286,19.5644],[105.6267,19.5602]]]},"properties":{"name":"Thăng Bình","level":"ward"}},{"type":"Feature","geometry":{"type":"Polygon","coordinates":[[[105.6883,19.6109],[105.6901,19.6124],[105.6897,19.6145],[105.6871,19.6162],[105.6863,19.6183],[105.6873,19.6206],[105.6952,19.626],[105.6982,19.626],[105.7012,19.6235],[105.703,19.6237],[105.7069,19.6265],[105.7086,19.624],[105.7111,19.623],[105.7156,19.626],[105.7155,19.6291],[105.7126,19.6291],[105.709,19.6319],[105.7089,19.6346],[105.7113,19.6368],[105.7133,19.6335],[105.7153,19.6324],[105.7184,19.6344],[105.7159,19.6369],[105.7149,19.6417],[105.7181,19.6439],[105.7228,19.644],[105.7228,19.6416],[105.7193,19.6397],[105.7196,19.6371],[105.7215,19.6347],[105.7247,19.6362],[105.7276,19.6341],[105.7276,19.6307],[105.7313,19.6297],[105.7336,19.6313],[105.7369,19.6297],[105.7379,19.631],[105.7364,19.6344],[105.7366,19.6372],[105.7389,19.6409],[105.7416,19.642],[105.7427,19.6406],[105.7416,19.6374],[105.7433,19.6332],[105.7483,19.6313],[105.7563,19.6331],[105.7609,19.6349],[105.7628,19.6327],[105.7645,19.6328],[105.7676,19.6364],[105.7703,19.6343],[105.7721,19.6286],[105.7727,19.6248],[105.7713,19.6225],[105.766,19.6208],[105.7643,19.6251],[105.761,19.6259],[105.7594,19.6232],[105.7612,19.6206],[105.7657,19.6179],[105.7665,19.6157],[105.7633,19.6145],[105.7623,19.6118],[105.7632,19.607],[105.761,19.6071],[105.7585,19.6055],[105.7562,19.6012],[105.756,19.5972],[105.7551,19.5959],[105.7496,19.5965],[105.7456,19.6001],[105.7426,19.5958],[105.7383,19.5957],[105.7375,19.5995],[105.7306,19.6037],[105.7252,19.6015],[105.7229,19.5986],[105.7164,19.5978],[105.711,19.5991],[105.7066,19.5978],[105.7044,19.5962],[105.703,19.5978],[105.6986,19.5972],[105.6988,19.6037],[105.6936,19.6039],[105.6931,19.6068],[105.6883,19.6109]]]},"properties":{"name":"Trường Văn","level":"ward"}},{"type":"Feature","geometry":{"type":"Polygon","coordinates":[[[105.6865,19.5694],[105.6876,19.5699],[105.6882,19.5737],[105.6875,19.576],[105.6891,19.5775],[105.6928,19.5784],[105.6948,19.5812],[105.7013,19.5764],[105.7031,19.5796],[105.7025,19.5807],[105.7051,19.5855],[105.705,19.5896],[105.7038,19.5942],[105.7044,19.5962],[105.7066,19.5978],[105.711,19.5991],[105.7164,19.5978],[105.7229,19.5986],[105.7252,19.6015],[105.7306,19.6037],[105.7375,19.5995],[105.7383,19.5957],[105.7426,19.5958],[105.7456,19.6001],[105.7496,19.5965],[105.7488,19.5949],[105.7486,19.5901],[105.745,19.5857],[105.7417,19.5842],[105.7432,19.5819],[105.7462,19.5806],[105.7432,19.5775],[105.7396,19.5767],[105.7395,19.5767],[105.7361,19.577],[105.7349,19.5752],[105.7359,19.5722],[105.7351,19.5705],[105.732,19.5701],[105.7291,19.5712],[105.7256,19.5693],[105.7226,19.5686],[105.7247,19.5645],[105.7249,19.564],[105.725,19.5604],[105.7282,19.5595],[105.7264,19.5552],[105.7239,19.5549],[105.7233,19.5578],[105.7216,19.5595],[105.719,19.559],[105.7193,19.5557],[105.7184,19.5525],[105.7223,19.5508],[105.7236,19.5487],[105.7272,19.5458],[105.7255,19.5437],[105.723,19.5438],[105.7245,19.538],[105.7218,19.5373],[105.7205,19.5343],[105.7171,19.5326],[105.7152,19.534],[105.7132,19.5305],[105.7111,19.5323],[105.7084,19.5305],[105.7036,19.5322],[105.7032,19.53],[105.6945,19.5274],[105.6909,19.5248],[105.6878,19.5257],[105.6864,19.5303],[105.6881,19.5339],[105.6904,19.5365],[105.6828,19.5416],[105.6801,19.5453],[105.6777,19.547],[105.6791,19.5511],[105.682,19.5536],[105.6814,19.5568],[105.6865,19.5603],[105.686,19.5634],[105.6845,19.5652],[105.6865,19.5694]]]},"properties":{"name":"Tượng Lĩnh","level":"ward"}},{"type":"Feature","geometry":{"type":"Polygon","coordinates":[[[105.6022,19.5036],[105.6043,19.5053],[105.608,19.506],[105.6092,19.5078],[105.6166,19.5092],[105.6202,19.5088],[105.6245,19.5093],[105.6258,19.5135],[105.6298,19.5136],[105.6317,19.5113],[105.6334,19.5121],[105.6383,19.5121],[105.6408,19.5112],[105.6422,19.5124],[105.6457,19.5132],[105.6488,19.5178],[105.648,19.5203],[105.6485,19.5227],[105.6424,19.5254],[105.6462,19.5306],[105.6477,19.5315],[105.6488,19.5405],[105.6522,19.5427],[105.6541,19.5464],[105.6469,19.5462],[105.6375,19.5442],[105.6356,19.5505],[105.6308,19.5553],[105.63,19.5585],[105.6267,19.5602],[105.6286,19.5644],[105.6321,19.5676],[105.6333,19.5697],[105.637,19.5684],[105.6395,19.5716],[105.6436,19.5743],[105.6457,19.5786],[105.6481,19.5784],[105.653,19.5723],[105.6597,19.5736],[105.6646,19.5755],[105.669,19.5745],[105.6765,19.5722],[105.6822,19.5689],[105.684,19.5704],[105.6865,19.5694],[105.6845,19.5652],[105.686,19.5634],[105.6865,19.5603],[105.6814,19.5568],[105.682,19.5536],[105.6791,19.5511],[105.6777,19.547],[105.6801,19.5453],[105.6828,19.5416],[105.6904,19.5365],[105.6881,19.5339],[105.6864,19.5303],[105.6878,19.5257],[105.6871,19.5232],[105.6898,19.5171],[105.6879,19.5137],[105.69,19.5113],[105.6887,19.5069],[105.6873,19.508],[105.6835,19.5078],[105.6845,19.5049],[105.6866,19.5064],[105.6878,19.5043],[105.6869,19.5026],[105.679,19.5033],[105.6781,19.499],[105.6737,19.4964],[105.6721,19.4966],[105.6654,19.4948],[105.6602,19.4915],[105.654,19.4882],[105.6483,19.4861],[105.6449,19.4856],[105.6397,19.4857],[105.6322,19.4854],[105.6292,19.4834],[105.6282,19.4801],[105.6269,19.479],[105.6227,19.48],[105.6193,19.4786],[105.6158,19.4813],[105.6153,19.4866],[105.6181,19.4888],[105.6189,19.4912],[105.6168,19.495],[105.6106,19.4963],[105.6097,19.5029],[105.6081,19.5034],[105.6035,19.5028],[105.6022,19.5036]]]},"properties":{"name":"Công Chính","level":"ward"}},{"type":"Feature","geometry":{"type":"Polygon","coordinates":[[[105.7511,19.8136],[105.7516,19.8149],[105.7581,19.8119],[105.7559,19.8081],[105.7526,19.8069],[105.7512,19.8043],[105.7493,19.8037],[105.7475,19.7999],[105.7437,19.7983],[105.7414,19.7951],[105.7428,19.7929],[105.7416,19.7915],[105.7388,19.7937],[105.7362,19.7924],[105.7297,19.7935],[105.7254,19.792],[105.7215,19.7956],[105.7143,19.7994],[105.7087,19.8064],[105.7066,19.807],[105.7035,19.8032],[105.7,19.8048],[105.6979,19.8011],[105.6989,19.7999],[105.6958,19.7955],[105.6919,19.7917],[105.6929,19.7894],[105.6889,19.7898],[105.6875,19.7877],[105.6845,19.7893],[105.6742,19.7881],[105.6727,19.7875],[105.6707,19.7893],[105.668,19.795],[105.6646,19.7946],[105.6618,19.7964],[105.6648,19.7984],[105.6657,19.8021],[105.6633,19.805],[105.6618,19.8081],[105.6572,19.8132],[105.662,19.8161],[105.6624,19.819],[105.6601,19.8208],[105.6552,19.821],[105.6538,19.8239],[105.6512,19.8264],[105.6474,19.8281],[105.6486,19.83],[105.648,19.8349],[105.6496,19.8383],[105.6523,19.8397],[105.6489,19.8428],[105.6502,19.8438],[105.6507,19.8491],[105.6558,19.8499],[105.6587,19.8493],[105.6626,19.8451],[105.668,19.8448],[105.6709,19.8452],[105.6709,19.8423],[105.6762,19.8397],[105.6796,19.8398],[105.6809,19.8411],[105.6848,19.8386],[105.69,19.8361],[105.693,19.8323],[105.6978,19.8297],[105.6971,19.8271],[105.7011,19.8264],[105.7018,19.8241],[105.7124,19.8252],[105.7144,19.8205],[105.7145,19.8177],[105.7229,19.8186],[105.7234,19.8243],[105.7288,19.8275],[105.7313,19.8264],[105.7325,19.8235],[105.7393,19.821],[105.7414,19.8168],[105.7429,19.8174],[105.7458,19.8157],[105.7472,19.8116],[105.7511,19.8136]]]},"properties":{"name":"Đông Sơn","level":"ward"}},{"type":"Feature","geometry":{"type":"Polygon","coordinates":[[[105.7559,19.8081],[105.764,19.8025],[105.7547,19.7925],[105.7623,19.7923],[105.7643,19.7915],[105.7689,19.7915],[105.7711,19.7879],[105.7752,19.7888],[105.7763,19.7873],[105.7749,19.7828],[105.7727,19.7804],[105.7701,19.7752],[105.7715,19.7743],[105.7682,19.7694],[105.766,19.7727],[105.7647,19.7705],[105.7662,19.7678],[105.7621,19.7655],[105.7659,19.764],[105.7664,19.7618],[105.7643,19.7598],[105.7644,19.7566],[105.7619,19.7555],[105.7603,19.753],[105.7574,19.7549],[105.7567,19.7525],[105.7596,19.751],[105.7591,19.7484],[105.7527,19.7454],[105.7496,19.7458],[105.747,19.7414],[105.7467,19.739],[105.741,19.7374],[105.7398,19.735],[105.7351,19.7378],[105.7327,19.7368],[105.731,19.7386],[105.7261,19.7366],[105.7223,19.7343],[105.715,19.7347],[105.7115,19.7328],[105.7131,19.7312],[105.7085,19.731],[105.705,19.7298],[105.7041,19.7271],[105.698,19.7311],[105.6944,19.739],[105.6894,19.7406],[105.6898,19.7441],[105.692,19.7478],[105.699,19.7513],[105.6991,19.754],[105.7012,19.7554],[105.6997,19.7581],[105.7015,19.7592],[105.7028,19.7665],[105.708,19.7698],[105.7111,19.7727],[105.7041,19.7755],[105.7028,19.7781],[105.6961,19.7827],[105.6924,19.7882],[105.6929,19.7894],[105.6919,19.7917],[105.6958,19.7955],[105.6989,19.7999],[105.6979,19.8011],[105.7,19.8048],[105.7035,19.8032],[105.7066,19.807],[105.7087,19.8064],[105.7143,19.7994],[105.7215,19.7956],[105.7254,19.792],[105.7297,19.7935],[105.7362,19.7924],[105.7388,19.7937],[105.7416,19.7915],[105.7428,19.7929],[105.7414,19.7951],[105.7437,19.7983],[105.7475,19.7999],[105.7493,19.8037],[105.7512,19.8043],[105.7526,19.8069],[105.7559,19.8081]]]},"properties":{"name":"Đông Quang","level":"ward"}},{"type":"Feature","geometry":{"type":"Polygon","coordinates":[[[105.8241,19.7436],[105.8219,19.7366],[105.8209,19.7316],[105.8184,19.7252],[105.8151,19.7257],[105.8145,19.7241],[105.8178,19.7231],[105.816,19.7161],[105.8157,19.7127],[105.814,19.7102],[105.8043,19.7106],[105.7994,19.7078],[105.7985,19.7112],[105.7927,19.712],[105.7915,19.7105],[105.7843,19.7101],[105.7818,19.707],[105.7794,19.7074],[105.7777,19.7063],[105.7761,19.7083],[105.7744,19.7045],[105.7705,19.705],[105.7662,19.7042],[105.762,19.7056],[105.7614,19.7076],[105.7591,19.7158],[105.759,19.7224],[105.7619,19.7248],[105.7721,19.7268],[105.7686,19.7316],[105.7655,19.7301],[105.7659,19.7335],[105.7693,19.7393],[105.7697,19.7422],[105.7735,19.7466],[105.7761,19.7471],[105.7782,19.7495],[105.778,19.7516],[105.7812,19.7531],[105.783,19.7523],[105.7841,19.7578],[105.7935,19.7547],[105.7968,19.7528],[105.8033,19.7527],[105.8172,19.7493],[105.8179,19.7482],[105.8221,19.7473],[105.8245,19.7452],[105.8241,19.7436]]]},"properties":{"name":"Lưu Vệ","level":"ward"}},{"type":"Feature","geometry":{"type":"Polygon","coordinates":[[[105.7139,19.6881],[105.7168,19.6917],[105.7175,19.6949],[105.7149,19.6951],[105.715,19.6971],[105.7185,19.6978],[105.7194,19.7013],[105.7227,19.7044],[105.7217,19.7069],[105.7229,19.7124],[105.7215,19.7151],[105.7176,19.7162],[105.7174,19.7183],[105.7134,19.7194],[105.7146,19.7218],[105.7118,19.7235],[105.712,19.7276],[105.7136,19.7295],[105.7131,19.7312],[105.7115,19.7328],[105.715,19.7347],[105.7223,19.7343],[105.7261,19.7366],[105.731,19.7386],[105.7327,19.7368],[105.7351,19.7378],[105.7398,19.735],[105.741,19.7374],[105.7467,19.739],[105.747,19.7414],[105.7496,19.7458],[105.7527,19.7454],[105.7591,19.7484],[105.7617,19.7467],[105.7667,19.7469],[105.7709,19.7487],[105.7735,19.7466],[105.7697,19.7422],[105.7693,19.7393],[105.7659,19.7335],[105.7655,19.7301],[105.7686,19.7316],[105.7721,19.7268],[105.7619,19.7248],[105.759,19.7224],[105.7591,19.7158],[105.7614,19.7076],[105.7564,19.7052],[105.7561,19.7034],[105.7534,19.7012],[105.7464,19.7014],[105.7465,19.6993],[105.7448,19.6974],[105.7427,19.6998],[105.7384,19.7011],[105.7366,19.703],[105.7339,19.702],[105.7295,19.6903],[105.7292,19.6862],[105.7266,19.6817],[105.7246,19.6807],[105.7255,19.6773],[105.7231,19.676],[105.7209,19.6769],[105.7183,19.6814],[105.715,19.6824],[105.713,19.685],[105.7139,19.6881]]]},"properties":{"name":"Quảng Yên","level":"ward"}},{"type":"Feature","geometry":{"type":"Polygon","coordinates":[[[105.7632,19.607],[105.7623,19.6118],[105.7633,19.6145],[105.7665,19.6157],[105.7657,19.6179],[105.7612,19.6206],[105.7594,19.6232],[105.761,19.6259],[105.7643,19.6251],[105.766,19.6208],[105.7713,19.6225],[105.7727,19.6248],[105.7721,19.6286],[105.7703,19.6343],[105.7676,19.6364],[105.7658,19.6375],[105.7634,19.6436],[105.7602,19.6424],[105.7569,19.642],[105.7523,19.6444],[105.7527,19.6474],[105.7513,19.648],[105.751,19.651],[105.7537,19.6555],[105.7595,19.6567],[105.766,19.6558],[105.7687,19.6562],[105.7714,19.6587],[105.7716,19.6626],[105.7704,19.6651],[105.7722,19.6664],[105.7731,19.6719],[105.7748,19.6727],[105.7792,19.6723],[105.7825,19.6737],[105.7858,19.6735],[105.7835,19.6703],[105.7857,19.6671],[105.7897,19.6679],[105.7934,19.6649],[105.7882,19.6585],[105.7865,19.6578],[105.7856,19.6613],[105.7836,19.6634],[105.7817,19.6626],[105.7806,19.6597],[105.7835,19.657],[105.7828,19.6527],[105.7791,19.6541],[105.7781,19.6515],[105.7814,19.6505],[105.7882,19.6505],[105.7896,19.6526],[105.7974,19.6535],[105.7985,19.6523],[105.7987,19.6487],[105.7979,19.647],[105.7979,19.6405],[105.7971,19.6365],[105.8002,19.6352],[105.7996,19.6329],[105.8014,19.626],[105.8035,19.6242],[105.8031,19.6202],[105.8049,19.6201],[105.8071,19.6174],[105.8042,19.6164],[105.8016,19.6134],[105.7997,19.6094],[105.799,19.6053],[105.7992,19.6006],[105.7985,19.5985],[105.7955,19.5964],[105.7891,19.5942],[105.7869,19.5943],[105.7829,19.5977],[105.7814,19.6019],[105.7781,19.6064],[105.7758,19.6063],[105.774,19.6037],[105.7728,19.5993],[105.7705,19.5978],[105.7659,19.6],[105.7632,19.607]]]},"properties":{"name":"Quảng Chính","level":"ward"}},{"type":"Feature","geometry":{"type":"Polygon","coordinates":[[[105.7181,19.6439],[105.7181,19.6453],[105.7242,19.6491],[105.7234,19.6525],[105.7191,19.6535],[105.7162,19.6497],[105.7132,19.6506],[105.7139,19.6539],[105.716,19.6581],[105.7188,19.6618],[105.7214,19.6623],[105.7238,19.6593],[105.7277,19.6572],[105.7363,19.6614],[105.7339,19.6644],[105.7317,19.669],[105.7276,19.6692],[105.725,19.6721],[105.7197,19.6703],[105.7192,19.6736],[105.7231,19.676],[105.7255,19.6773],[105.7246,19.6807],[105.7266,19.6817],[105.7292,19.6862],[105.7295,19.6903],[105.7339,19.702],[105.7366,19.703],[105.7384,19.7011],[105.7427,19.6998],[105.7448,19.6974],[105.7465,19.6993],[105.7464,19.7014],[105.7534,19.7012],[105.7561,19.7034],[105.7564,19.7052],[105.7614,19.7076],[105.762,19.7056],[105.7662,19.7042],[105.7705,19.705],[105.7744,19.7045],[105.7735,19.7012],[105.7651,19.6991],[105.7652,19.695],[105.7674,19.6922],[105.7714,19.693],[105.7726,19.6943],[105.7771,19.6953],[105.7778,19.6932],[105.7757,19.6889],[105.773,19.69],[105.771,19.6871],[105.7726,19.6852],[105.7792,19.6886],[105.7815,19.6871],[105.7792,19.6838],[105.7754,19.6838],[105.7733,19.6818],[105.7777,19.6773],[105.7792,19.6723],[105.7748,19.6727],[105.7731,19.6719],[105.7722,19.6664],[105.7704,19.6651],[105.7716,19.6626],[105.7714,19.6587],[105.7687,19.6562],[105.766,19.6558],[105.7595,19.6567],[105.7537,19.6555],[105.751,19.651],[105.7513,19.648],[105.7527,19.6474],[105.7523,19.6444],[105.7569,19.642],[105.7602,19.6424],[105.7634,19.6436],[105.7658,19.6375],[105.7676,19.6364],[105.7645,19.6328],[105.7628,19.6327],[105.7609,19.6349],[105.7563,19.6331],[105.7483,19.6313],[105.7433,19.6332],[105.7416,19.6374],[105.7427,19.6406],[105.7416,19.642],[105.7389,19.6409],[105.7366,19.6372],[105.7364,19.6344],[105.7379,19.631],[105.7369,19.6297],[105.7336,19.6313],[105.7313,19.6297],[105.7276,19.6307],[105.7276,19.6341],[105.7247,19.6362],[105.7215,19.6347],[105.7196,19.6371],[105.7193,19.6397],[105.7228,19.6416],[105.7228,19.644],[105.7181,19.6439]]]},"properties":{"name":"Quảng Ngọc","level":"ward"}},{"type":"Feature","geometry":{"type":"Polygon","coordinates":[[[105.816,19.7161],[105.8178,19.7231],[105.8145,19.7241],[105.8151,19.7257],[105.8184,19.7252],[105.8209,19.7316],[105.8219,19.7366],[105.8241,19.7436],[105.8239,19.7385],[105.8369,19.7354],[105.8376,19.7367],[105.8522,19.7321],[105.8538,19.7339],[105.8554,19.7387],[105.8592,19.7391],[105.8613,19.7414],[105.8654,19.7374],[105.8697,19.7384],[105.8727,19.7376],[105.8763,19.7408],[105.88,19.7397],[105.8784,19.7364],[105.8787,19.7297],[105.8772,19.7275],[105.8743,19.7263],[105.868,19.7216],[105.8642,19.7178],[105.8571,19.7079],[105.852,19.6991],[105.8458,19.7025],[105.8339,19.7076],[105.8308,19.7044],[105.8263,19.7059],[105.8242,19.7082],[105.8249,19.7103],[105.8241,19.7137],[105.8204,19.7152],[105.8205,19.7094],[105.8155,19.7111],[105.8182,19.7126],[105.8184,19.7153],[105.816,19.7161]]]},"properties":{"name":"Nam Sầm Sơn","level":"ward"}},{"type":"Feature","geometry":{"type":"Polygon","coordinates":[[[105.7715,19.7743],[105.7726,19.776],[105.7749,19.7745],[105.7765,19.7639],[105.7781,19.7626],[105.78,19.7644],[105.7784,19.7668],[105.778,19.7722],[105.7821,19.7774],[105.7842,19.7781],[105.7859,19.7807],[105.7853,19.7823],[105.7904,19.7864],[105.7903,19.7889],[105.793,19.7892],[105.7989,19.7913],[105.7999,19.7945],[105.8072,19.7929],[105.8096,19.7903],[105.8133,19.7941],[105.8177,19.7939],[105.8196,19.7959],[105.8261,19.7913],[105.8342,19.787],[105.8393,19.7908],[105.8428,19.7883],[105.8443,19.7836],[105.8432,19.7821],[105.8477,19.7767],[105.8498,19.7749],[105.8553,19.772],[105.8618,19.7702],[105.8614,19.7663],[105.8568,19.7662],[105.8557,19.7626],[105.8562,19.7596],[105.8555,19.7571],[105.8527,19.7573],[105.8527,19.7548],[105.8542,19.7502],[105.8521,19.7502],[105.8498,19.7476],[105.849,19.7454],[105.855,19.7432],[105.8554,19.7387],[105.8538,19.7339],[105.8522,19.7321],[105.8376,19.7367],[105.8369,19.7354],[105.8239,19.7385],[105.8241,19.7436],[105.8245,19.7452],[105.8221,19.7473],[105.8179,19.7482],[105.8172,19.7493],[105.8033,19.7527],[105.7968,19.7528],[105.7935,19.7547],[105.7841,19.7578],[105.783,19.7523],[105.7812,19.7531],[105.778,19.7516],[105.7782,19.7495],[105.7761,19.7471],[105.7735,19.7466],[105.7709,19.7487],[105.7667,19.7469],[105.7617,19.7467],[105.7591,19.7484],[105.7596,19.751],[105.7567,19.7525],[105.7574,19.7549],[105.7603,19.753],[105.7619,19.7555],[105.7644,19.7566],[105.7643,19.7598],[105.7664,19.7618],[105.7659,19.764],[105.7621,19.7655],[105.7662,19.7678],[105.7647,19.7705],[105.766,19.7727],[105.7682,19.7694],[105.7715,19.7743]]]},"properties":{"name":"Quảng Phú","level":"ward"}},{"type":"Feature","geometry":{"type":"Polygon","coordinates":[[[105.8618,19.7702],[105.8682,19.7701],[105.8746,19.7713],[105.8941,19.7749],[105.8977,19.7753],[105.9122,19.7784],[105.9233,19.7823],[105.9287,19.7846],[105.9315,19.7858],[105.9312,19.782],[105.9323,19.7799],[105.9312,19.7769],[105.9244,19.7698],[105.921,19.7658],[105.9114,19.7521],[105.9041,19.7387],[105.899,19.7279],[105.8983,19.7231],[105.8955,19.7208],[105.8931,19.7208],[105.891,19.7228],[105.8892,19.7222],[105.8858,19.7245],[105.8862,19.7266],[105.8825,19.7287],[105.8787,19.7297],[105.8784,19.7364],[105.88,19.7397],[105.8763,19.7408],[105.8727,19.7376],[105.8697,19.7384],[105.8654,19.7374],[105.8613,19.7414],[105.8592,19.7391],[105.8554,19.7387],[105.855,19.7432],[105.849,19.7454],[105.8498,19.7476],[105.8521,19.7502],[105.8542,19.7502],[105.8527,19.7548],[105.8527,19.7573],[105.8555,19.7571],[105.8562,19.7596],[105.8557,19.7626],[105.8568,19.7662],[105.8614,19.7663],[105.8618,19.7702]]]},"properties":{"name":"Sầm Sơn","level":"ward"}},{"type":"Feature","geometry":{"type":"Polygon","coordinates":[[[105.7744,19.7045],[105.7761,19.7083],[105.7777,19.7063],[105.7794,19.7074],[105.7818,19.707],[105.7843,19.7101],[105.7915,19.7105],[105.7927,19.712],[105.7985,19.7112],[105.7994,19.7078],[105.8043,19.7106],[105.814,19.7102],[105.8157,19.7127],[105.816,19.7161],[105.8184,19.7153],[105.8182,19.7126],[105.8155,19.7111],[105.8205,19.7094],[105.8204,19.7152],[105.8241,19.7137],[105.8249,19.7103],[105.8242,19.7082],[105.8263,19.7059],[105.8308,19.7044],[105.8339,19.7076],[105.8458,19.7025],[105.852,19.6991],[105.8465,19.6875],[105.8436,19.6883],[105.842,19.6855],[105.8391,19.6865],[105.8345,19.6895],[105.8289,19.6921],[105.8262,19.6922],[105.8238,19.6953],[105.8166,19.6969],[105.8168,19.6896],[105.8145,19.6877],[105.8118,19.6887],[105.808,19.6864],[105.8047,19.6861],[105.8053,19.6895],[105.7925,19.6906],[105.7792,19.6886],[105.7726,19.6852],[105.771,19.6871],[105.773,19.69],[105.7757,19.6889],[105.7778,19.6932],[105.7771,19.6953],[105.7726,19.6943],[105.7714,19.693],[105.7674,19.6922],[105.7652,19.695],[105.7651,19.6991],[105.7735,19.7012],[105.7744,19.7045]]]},"properties":{"name":"Quảng Ninh","level":"ward"}},{"type":"Feature","geometry":{"type":"Polygon","coordinates":[[[105.7934,19.6649],[105.7897,19.6679],[105.7857,19.6671],[105.7835,19.6703],[105.7858,19.6735],[105.7825,19.6737],[105.7792,19.6723],[105.7777,19.6773],[105.7733,19.6818],[105.7754,19.6838],[105.7792,19.6838],[105.7815,19.6871],[105.7792,19.6886],[105.7925,19.6906],[105.8053,19.6895],[105.8047,19.6861],[105.808,19.6864],[105.8118,19.6887],[105.8145,19.6877],[105.8168,19.6896],[105.8166,19.6969],[105.8238,19.6953],[105.8262,19.6922],[105.8289,19.6921],[105.8345,19.6895],[105.8391,19.6865],[105.842,19.6855],[105.8436,19.6883],[105.8465,19.6875],[105.8413,19.6753],[105.8379,19.6663],[105.8344,19.6554],[105.8314,19.6453],[105.8245,19.6467],[105.8237,19.6508],[105.8205,19.6534],[105.8151,19.6546],[105.8027,19.6548],[105.8014,19.6573],[105.8014,19.6616],[105.7975,19.6654],[105.7934,19.6649]]]},"properties":{"name":"Quảng Bình","level":"ward"}},{"type":"Feature","geometry":{"type":"Polygon","coordinates":[[[105.8071,19.6174],[105.8049,19.6201],[105.8031,19.6202],[105.8035,19.6242],[105.8014,19.626],[105.7996,19.6329],[105.8002,19.6352],[105.7971,19.6365],[105.7979,19.6405],[105.7979,19.647],[105.7987,19.6487],[105.7985,19.6523],[105.7974,19.6535],[105.7896,19.6526],[105.7882,19.6505],[105.7814,19.6505],[105.7781,19.6515],[105.7791,19.6541],[105.7828,19.6527],[105.7835,19.657],[105.7806,19.6597],[105.7817,19.6626],[105.7836,19.6634],[105.7856,19.6613],[105.7865,19.6578],[105.7882,19.6585],[105.7934,19.6649],[105.7975,19.6654],[105.8014,19.6616],[105.8014,19.6573],[105.8027,19.6548],[105.8151,19.6546],[105.8205,19.6534],[105.8237,19.6508],[105.8245,19.6467],[105.8314,19.6453],[105.8295,19.638],[105.8247,19.6177],[105.8192,19.5879],[105.818,19.5789],[105.8172,19.5762],[105.8153,19.5738],[105.8115,19.5717],[105.8098,19.5726],[105.8073,19.5763],[105.8059,19.5843],[105.806,19.5877],[105.8071,19.5902],[105.8131,19.5933],[105.8154,19.5958],[105.8173,19.6008],[105.8174,19.6054],[105.8157,19.6114],[105.8133,19.6153],[105.8117,19.6165],[105.8071,19.6174]]]},"properties":{"name":"Tiên Trang","level":"ward"}},{"type":"Feature","geometry":{"type":"Polygon","coordinates":[[[105.7262,19.4713],[105.7343,19.4728],[105.7347,19.4749],[105.7384,19.476],[105.7414,19.4784],[105.7446,19.4789],[105.7505,19.476],[105.7539,19.4767],[105.7611,19.4796],[105.7653,19.4823],[105.7715,19.4821],[105.7738,19.48],[105.7764,19.4801],[105.7798,19.4817],[105.785,19.4803],[105.7865,19.4776],[105.7864,19.4719],[105.789,19.4631],[105.7922,19.4635],[105.7933,19.461],[105.7976,19.4624],[105.7994,19.4622],[105.8028,19.4588],[105.8074,19.4596],[105.8083,19.4482],[105.8105,19.4353],[105.8126,19.4331],[105.8138,19.4303],[105.8124,19.4258],[105.8102,19.4258],[105.807,19.4291],[105.8045,19.4302],[105.7986,19.4269],[105.796,19.4237],[105.7934,19.4177],[105.7919,19.4078],[105.7921,19.4042],[105.7886,19.4018],[105.7861,19.4016],[105.787,19.4046],[105.7842,19.4096],[105.7862,19.4121],[105.7859,19.4139],[105.7791,19.4157],[105.7754,19.4146],[105.7741,19.4155],[105.7738,19.4205],[105.776,19.4259],[105.7789,19.425],[105.7811,19.4294],[105.7836,19.4327],[105.7802,19.4387],[105.7795,19.4412],[105.7751,19.4404],[105.773,19.4456],[105.7712,19.4452],[105.7499,19.4519],[105.7471,19.4547],[105.7423,19.4562],[105.7363,19.4618],[105.7347,19.4645],[105.7309,19.4683],[105.7262,19.4713]]]},"properties":{"name":"Tĩnh Gia","level":"ward"}},{"type":"Feature","geometry":{"type":"Polygon","coordinates":[[[105.7496,19.5965],[105.7551,19.5959],[105.756,19.5972],[105.7562,19.6012],[105.7585,19.6055],[105.761,19.6071],[105.7632,19.607],[105.7659,19.6],[105.7705,19.5978],[105.7728,19.5993],[105.774,19.6037],[105.7758,19.6063],[105.7781,19.6064],[105.7814,19.6019],[105.7829,19.5977],[105.7869,19.5943],[105.7891,19.5942],[105.7955,19.5964],[105.7985,19.5985],[105.7992,19.6006],[105.799,19.6053],[105.7997,19.6094],[105.8016,19.6134],[105.8042,19.6164],[105.8071,19.6174],[105.8117,19.6165],[105.8133,19.6153],[105.8157,19.6114],[105.8174,19.6054],[105.8173,19.6008],[105.8154,19.5958],[105.8131,19.5933],[105.8071,19.5902],[105.806,19.5877],[105.8059,19.5843],[105.8073,19.5763],[105.8098,19.5726],[105.8115,19.5717],[105.8142,19.5687],[105.8149,19.5666],[105.8109,19.5511],[105.8061,19.5528],[105.7986,19.5538],[105.7941,19.5531],[105.7922,19.5505],[105.7878,19.5516],[105.7881,19.5538],[105.7839,19.5545],[105.781,19.5597],[105.7815,19.5623],[105.7799,19.5632],[105.7757,19.5614],[105.7708,19.5609],[105.7609,19.5621],[105.7622,19.5598],[105.7603,19.5581],[105.7509,19.5551],[105.7446,19.5576],[105.7439,19.5622],[105.7442,19.5664],[105.7453,19.5706],[105.7419,19.5737],[105.7395,19.5767],[105.7396,19.5767],[105.7432,19.5775],[105.7462,19.5806],[105.7432,19.5819],[105.7417,19.5842],[105.745,19.5857],[105.7486,19.5901],[105.7488,19.5949],[105.7496,19.5965]]]},"properties":{"name":"Ngọc Sơn","level":"ward"}},{"type":"Feature","geometry":{"type":"Polygon","coordinates":[[[105.6668,19.4923],[105.6654,19.4948],[105.6721,19.4966],[105.6737,19.4964],[105.6781,19.499],[105.679,19.5033],[105.6869,19.5026],[105.6878,19.5043],[105.6866,19.5064],[105.6845,19.5049],[105.6835,19.5078],[105.6873,19.508],[105.6887,19.5069],[105.69,19.5113],[105.6879,19.5137],[105.6898,19.5171],[105.6871,19.5232],[105.6878,19.5257],[105.6909,19.5248],[105.6945,19.5274],[105.7032,19.53],[105.7036,19.5322],[105.7084,19.5305],[105.7111,19.5323],[105.7132,19.5305],[105.7152,19.534],[105.7171,19.5326],[105.7205,19.5343],[105.7218,19.5373],[105.7245,19.538],[105.723,19.5438],[105.7255,19.5437],[105.7272,19.5458],[105.7236,19.5487],[105.7223,19.5508],[105.7184,19.5525],[105.7193,19.5557],[105.719,19.559],[105.7216,19.5595],[105.7233,19.5578],[105.7239,19.5549],[105.7264,19.5552],[105.7282,19.5595],[105.725,19.5604],[105.7249,19.564],[105.7247,19.5645],[105.7226,19.5686],[105.7256,19.5693],[105.7291,19.5712],[105.732,19.5701],[105.7351,19.5705],[105.7359,19.5722],[105.7349,19.5752],[105.7361,19.577],[105.7395,19.5767],[105.7419,19.5737],[105.7453,19.5706],[105.7442,19.5664],[105.7439,19.5622],[105.7446,19.5576],[105.7509,19.5551],[105.7537,19.5531],[105.7538,19.5459],[105.7551,19.543],[105.7571,19.5412],[105.7587,19.5366],[105.762,19.5356],[105.763,19.5338],[105.7666,19.5303],[105.7704,19.5291],[105.7665,19.5232],[105.7661,19.516],[105.7692,19.511],[105.7581,19.5088],[105.7563,19.507],[105.7543,19.5091],[105.7487,19.5093],[105.7479,19.5057],[105.7463,19.5045],[105.7436,19.5063],[105.7415,19.5042],[105.7394,19.5045],[105.738,19.5004],[105.7343,19.5013],[105.7301,19.499],[105.7236,19.499],[105.7138,19.4946],[105.707,19.4929],[105.7044,19.4912],[105.7026,19.4861],[105.7004,19.4819],[105.6926,19.4782],[105.6892,19.4786],[105.6857,19.4766],[105.6838,19.4787],[105.6784,19.4771],[105.6755,19.478],[105.6694,19.4775],[105.6673,19.4816],[105.6676,19.4857],[105.669,19.4879],[105.6668,19.4923]]]},"properties":{"name":"Các Sơn","level":"ward"}},{"type":"Feature","geometry":{"type":"Polygon","coordinates":[[[105.7509,19.5551],[105.7603,19.5581],[105.7622,19.5598],[105.7609,19.5621],[105.7708,19.5609],[105.7757,19.5614],[105.7799,19.5632],[105.7815,19.5623],[105.781,19.5597],[105.7839,19.5545],[105.7881,19.5538],[105.7878,19.5516],[105.7922,19.5505],[105.7941,19.5531],[105.7986,19.5538],[105.8061,19.5528],[105.8109,19.5511],[105.8105,19.549],[105.808,19.529],[105.8071,19.5196],[105.803,19.52],[105.7949,19.5188],[105.7945,19.5148],[105.7913,19.5149],[105.7901,19.5164],[105.7867,19.5165],[105.7854,19.5138],[105.7865,19.5111],[105.7847,19.5093],[105.7839,19.5064],[105.7778,19.5039],[105.7737,19.5043],[105.7692,19.511],[105.7661,19.516],[105.7665,19.5232],[105.7704,19.5291],[105.7666,19.5303],[105.763,19.5338],[105.762,19.5356],[105.7587,19.5366],[105.7571,19.5412],[105.7551,19.543],[105.7538,19.5459],[105.7537,19.5531],[105.7509,19.5551]]]},"properties":{"name":"Tân Dân","level":"ward"}},{"type":"Feature","geometry":{"type":"Polygon","coordinates":[[[105.8074,19.4596],[105.8028,19.4588],[105.7994,19.4622],[105.7976,19.4624],[105.7933,19.461],[105.7922,19.4635],[105.789,19.4631],[105.7864,19.4719],[105.7865,19.4776],[105.785,19.4803],[105.7798,19.4817],[105.7764,19.4801],[105.7738,19.48],[105.7715,19.4821],[105.7653,19.4823],[105.7611,19.4796],[105.7539,19.4767],[105.7505,19.476],[105.7446,19.4789],[105.7414,19.4784],[105.7384,19.476],[105.7347,19.4749],[105.7343,19.4728],[105.7262,19.4713],[105.7223,19.4686],[105.7189,19.4691],[105.7173,19.4683],[105.7144,19.4704],[105.7143,19.4706],[105.7145,19.4748],[105.7057,19.4732],[105.7023,19.4726],[105.7001,19.4722],[105.693,19.4741],[105.693,19.4744],[105.6933,19.4756],[105.6932,19.4764],[105.6926,19.4782],[105.7004,19.4819],[105.7026,19.4861],[105.7044,19.4912],[105.707,19.4929],[105.7138,19.4946],[105.7236,19.499],[105.7301,19.499],[105.7343,19.5013],[105.738,19.5004],[105.7394,19.5045],[105.7415,19.5042],[105.7436,19.5063],[105.7463,19.5045],[105.7479,19.5057],[105.7487,19.5093],[105.7543,19.5091],[105.7563,19.507],[105.7581,19.5088],[105.7692,19.511],[105.7737,19.5043],[105.7778,19.5039],[105.7839,19.5064],[105.7847,19.5093],[105.7865,19.5111],[105.7854,19.5138],[105.7867,19.5165],[105.7901,19.5164],[105.7913,19.5149],[105.7945,19.5148],[105.7949,19.5188],[105.803,19.52],[105.8071,19.5196],[105.8066,19.503],[105.8064,19.4868],[105.807,19.4793],[105.8066,19.4739],[105.8074,19.4596]]]},"properties":{"name":"Hải Lĩnh","level":"ward"}},{"type":"Feature","geometry":{"type":"Polygon","coordinates":[[[105.7262,19.4713],[105.7309,19.4683],[105.7347,19.4645],[105.7363,19.4618],[105.7423,19.4562],[105.7471,19.4547],[105.7499,19.4519],[105.7712,19.4452],[105.773,19.4456],[105.7751,19.4404],[105.7795,19.4412],[105.7802,19.4387],[105.7836,19.4327],[105.7811,19.4294],[105.7789,19.425],[105.776,19.4259],[105.7738,19.4205],[105.7741,19.4155],[105.7754,19.4146],[105.7736,19.4121],[105.7688,19.4083],[105.7678,19.4064],[105.7691,19.4025],[105.7677,19.3975],[105.7647,19.3939],[105.764,19.3971],[105.762,19.3991],[105.7625,19.4018],[105.7582,19.4033],[105.7564,19.4014],[105.755,19.4038],[105.7509,19.4035],[105.7467,19.4045],[105.747,19.4085],[105.7463,19.4134],[105.7343,19.4154],[105.7311,19.4169],[105.7297,19.4186],[105.7237,19.4224],[105.7213,19.4229],[105.7165,19.4285],[105.714,19.4289],[105.7089,19.4268],[105.7064,19.4326],[105.7039,19.4345],[105.7032,19.4368],[105.7,19.4401],[105.6992,19.4445],[105.697,19.4466],[105.6955,19.4497],[105.6944,19.4551],[105.6935,19.4642],[105.6922,19.4695],[105.6921,19.4697],[105.693,19.4738],[105.693,19.4741],[105.7001,19.4722],[105.7023,19.4726],[105.7057,19.4732],[105.7145,19.4748],[105.7143,19.4706],[105.7144,19.4704],[105.7173,19.4683],[105.7189,19.4691],[105.7223,19.4686],[105.7262,19.4713]]]},"properties":{"name":"Đào Duy Từ","level":"ward"}},{"type":"Feature","geometry":{"type":"Polygon","coordinates":[[[105.6613,19.3987],[105.6599,19.3995],[105.6581,19.4036],[105.6586,19.405],[105.6545,19.4091],[105.6502,19.411],[105.6478,19.4131],[105.6465,19.4182],[105.6443,19.4189],[105.6447,19.4233],[105.6569,19.4272],[105.6546,19.431],[105.6545,19.4363],[105.6531,19.4426],[105.6548,19.4522],[105.6573,19.4541],[105.6574,19.4562],[105.6556,19.461],[105.6472,19.4604],[105.6457,19.4619],[105.6456,19.4661],[105.6487,19.472],[105.6559,19.4811],[105.6602,19.4858],[105.6668,19.4923],[105.669,19.4879],[105.6676,19.4857],[105.6673,19.4816],[105.6694,19.4775],[105.6755,19.478],[105.6784,19.4771],[105.6838,19.4787],[105.6857,19.4766],[105.6892,19.4786],[105.6926,19.4782],[105.6932,19.4764],[105.6933,19.4756],[105.693,19.4744],[105.693,19.4741],[105.693,19.4738],[105.6921,19.4697],[105.6922,19.4695],[105.6935,19.4642],[105.6944,19.4551],[105.6955,19.4497],[105.697,19.4466],[105.6992,19.4445],[105.7,19.4401],[105.7032,19.4368],[105.7039,19.4345],[105.7064,19.4326],[105.7089,19.4268],[105.714,19.4289],[105.7165,19.4285],[105.7213,19.4229],[105.7237,19.4224],[105.7297,19.4186],[105.7311,19.4169],[105.7343,19.4154],[105.7463,19.4134],[105.747,19.4085],[105.7467,19.4045],[105.7509,19.4035],[105.755,19.4038],[105.7564,19.4014],[105.7582,19.4033],[105.7625,19.4018],[105.762,19.3991],[105.764,19.3971],[105.7647,19.3939],[105.7665,19.3903],[105.7697,19.3884],[105.77,19.3854],[105.7665,19.3832],[105.7617,19.3866],[105.7572,19.3873],[105.7559,19.386],[105.7571,19.3807],[105.7542,19.3781],[105.7519,19.3789],[105.7498,19.3818],[105.7464,19.382],[105.745,19.3803],[105.7468,19.3778],[105.7446,19.3752],[105.7432,19.3766],[105.7431,19.3802],[105.7397,19.3782],[105.7368,19.3711],[105.7366,19.3664],[105.7335,19.367],[105.7299,19.365],[105.7281,19.3619],[105.722,19.3623],[105.7201,19.36],[105.7178,19.3609],[105.7182,19.3644],[105.712,19.3658],[105.7067,19.3656],[105.7039,19.3689],[105.7004,19.3715],[105.7014,19.3734],[105.705,19.3747],[105.7068,19.3731],[105.7093,19.3752],[105.7092,19.3809],[105.7014,19.3819],[105.699,19.3798],[105.6963,19.381],[105.6934,19.3808],[105.6917,19.3828],[105.6884,19.3845],[105.6859,19.387],[105.686,19.3895],[105.6791,19.3963],[105.6738,19.3978],[105.6704,19.3969],[105.6692,19.398],[105.6685,19.3983],[105.6668,19.3994],[105.6613,19.3987]]]},"properties":{"name":"Trúc Lâm","level":"ward"}},{"type":"Feature","geometry":{"type":"Polygon","coordinates":[[[105.6293,19.3729],[105.6367,19.3817],[105.641,19.3839],[105.6462,19.3877],[105.6521,19.394],[105.6576,19.3985],[105.6613,19.3987],[105.6668,19.3994],[105.6685,19.3983],[105.6692,19.398],[105.6704,19.3969],[105.6738,19.3978],[105.6791,19.3963],[105.686,19.3895],[105.6859,19.387],[105.6884,19.3845],[105.6917,19.3828],[105.6934,19.3808],[105.6963,19.381],[105.699,19.3798],[105.7014,19.3819],[105.7092,19.3809],[105.7093,19.3752],[105.7068,19.3731],[105.705,19.3747],[105.7014,19.3734],[105.7004,19.3715],[105.7039,19.3689],[105.7067,19.3656],[105.712,19.3658],[105.7182,19.3644],[105.7178,19.3609],[105.7201,19.36],[105.722,19.3623],[105.7281,19.3619],[105.7306,19.36],[105.7274,19.3576],[105.7263,19.3593],[105.7239,19.3585],[105.7261,19.3555],[105.7274,19.3514],[105.7271,19.3459],[105.7281,19.3385],[105.7296,19.3367],[105.7353,19.3365],[105.7374,19.3326],[105.7372,19.3293],[105.7384,19.3264],[105.7406,19.3255],[105.7417,19.3235],[105.7377,19.3193],[105.7343,19.3193],[105.7322,19.3158],[105.7297,19.3143],[105.7246,19.3135],[105.72,19.3073],[105.7166,19.3065],[105.715,19.3032],[105.7113,19.3023],[105.7088,19.3041],[105.7074,19.3032],[105.7011,19.3041],[105.6968,19.3037],[105.694,19.3043],[105.6936,19.3021],[105.6918,19.3004],[105.6878,19.3008],[105.684,19.3068],[105.6823,19.3074],[105.681,19.3113],[105.6756,19.3162],[105.6771,19.3186],[105.6776,19.3216],[105.67,19.3182],[105.6645,19.3149],[105.6634,19.3193],[105.6645,19.323],[105.6647,19.3266],[105.6674,19.3351],[105.6681,19.3397],[105.6658,19.3418],[105.6606,19.3436],[105.6594,19.3418],[105.6552,19.3432],[105.6529,19.3501],[105.6531,19.3532],[105.6485,19.3536],[105.6453,19.352],[105.6427,19.3533],[105.643,19.3571],[105.64,19.3601],[105.6393,19.3663],[105.6377,19.3674],[105.6328,19.3658],[105.6293,19.3729]]]},"properties":{"name":"Trường Lâm","level":"ward"}},{"type":"Feature","geometry":{"type":"Polygon","coordinates":[[[105.7754,19.4146],[105.7791,19.4157],[105.7859,19.4139],[105.7862,19.4121],[105.7842,19.4096],[105.787,19.4046],[105.7861,19.4016],[105.7841,19.3991],[105.7841,19.3933],[105.7856,19.3805],[105.7875,19.3714],[105.7901,19.3636],[105.7914,19.3622],[105.7944,19.3545],[105.7992,19.3459],[105.7969,19.3437],[105.7901,19.3457],[105.7858,19.3414],[105.7797,19.3406],[105.7741,19.3414],[105.7708,19.344],[105.7639,19.3433],[105.7632,19.3399],[105.7583,19.3408],[105.7536,19.3392],[105.7501,19.3395],[105.7417,19.3344],[105.7374,19.3326],[105.7353,19.3365],[105.7296,19.3367],[105.7281,19.3385],[105.7271,19.3459],[105.7274,19.3514],[105.7261,19.3555],[105.7239,19.3585],[105.7263,19.3593],[105.7274,19.3576],[105.7306,19.36],[105.7281,19.3619],[105.7299,19.365],[105.7335,19.367],[105.7366,19.3664],[105.7368,19.3711],[105.7397,19.3782],[105.7431,19.3802],[105.7432,19.3766],[105.7446,19.3752],[105.7468,19.3778],[105.745,19.3803],[105.7464,19.382],[105.7498,19.3818],[105.7519,19.3789],[105.7542,19.3781],[105.7571,19.3807],[105.7559,19.386],[105.7572,19.3873],[105.7617,19.3866],[105.7665,19.3832],[105.77,19.3854],[105.7697,19.3884],[105.7665,19.3903],[105.7647,19.3939],[105.7677,19.3975],[105.7691,19.4025],[105.7678,19.4064],[105.7688,19.4083],[105.7736,19.4121],[105.7754,19.4146]]]},"properties":{"name":"Hải Bình","level":"ward"}},{"type":"Feature","geometry":{"type":"MultiPolygon","coordinates":[[[[105.7417,19.3235],[105.7406,19.3255],[105.7384,19.3264],[105.7372,19.3293],[105.7374,19.3326],[105.7417,19.3344],[105.7501,19.3395],[105.7536,19.3392],[105.7583,19.3408],[105.7632,19.3399],[105.7639,19.3433],[105.7708,19.344],[105.7741,19.3414],[105.7797,19.3406],[105.7858,19.3414],[105.7901,19.3457],[105.7969,19.3437],[105.7992,19.3459],[105.8034,19.337],[105.8106,19.3314],[105.815,19.3304],[105.8147,19.333],[105.8173,19.3358],[105.8193,19.3354],[105.8234,19.3377],[105.8218,19.341],[105.8232,19.3424],[105.8258,19.339],[105.8256,19.33],[105.8239,19.3256],[105.8239,19.322],[105.8249,19.319],[105.8274,19.3164],[105.828,19.3138],[105.8269,19.3092],[105.8278,19.3057],[105.8271,19.3027],[105.8226,19.303],[105.8208,19.3058],[105.8167,19.316],[105.8116,19.3141],[105.8055,19.3142],[105.803,19.3136],[105.8045,19.3111],[105.8119,19.3093],[105.8141,19.3081],[105.8106,19.3035],[105.8095,19.2995],[105.8072,19.2962],[105.8076,19.2941],[105.806,19.2916],[105.8041,19.2917],[105.8003,19.3014],[105.7981,19.2999],[105.7936,19.2999],[105.7901,19.2979],[105.7871,19.2981],[105.7807,19.2972],[105.7741,19.2943],[105.7732,19.2918],[105.7659,19.2926],[105.7641,19.2945],[105.763,19.298],[105.7583,19.3025],[105.7569,19.3026],[105.7545,19.3069],[105.7519,19.3046],[105.7511,19.3018],[105.7483,19.302],[105.7449,19.3081],[105.7431,19.3136],[105.7416,19.3153],[105.7425,19.3181],[105.7425,19.3223],[105.7417,19.3235]]],[[[105.9037,19.3435],[105.9004,19.3425],[105.8979,19.346],[105.8985,19.3485],[105.9029,19.346],[105.9037,19.3435]]],[[[105.9333,19.355],[105.9362,19.3541],[105.9341,19.3503],[105.9358,19.3474],[105.9344,19.3466],[105.9304,19.3493],[105.9297,19.3548],[105.9319,19.3563],[105.9333,19.355]]],[[[105.9332,19.3801],[105.9355,19.3802],[105.9375,19.3746],[105.9344,19.372],[105.9335,19.3702],[105.9333,19.3642],[105.9308,19.3611],[105.9264,19.3587],[105.9226,19.3614],[105.9197,19.3645],[105.9181,19.3676],[105.9143,19.3686],[105.9133,19.3708],[105.9137,19.3775],[105.9147,19.379],[105.9141,19.3817],[105.9164,19.3822],[105.9193,19.3787],[105.9223,19.3809],[105.9254,19.3806],[105.9272,19.3833],[105.9295,19.3833],[105.9332,19.3801]]]]},"properties":{"name":"Nghi Sơn","level":"ward"}}]}