{"type":"FeatureCollection","features":[{"type":"Feature","geometry":{"type":"Polygon","coordinates":[[[107.593,16.4891],[107.5923,16.489],[107.5914,16.4834],[107.5914,16.4802],[107.5919,16.4753],[107.5908,16.4709],[107.5878,16.4677],[107.5828,16.4636],[107.5807,16.4624],[107.5765,16.461],[107.5708,16.4597],[107.5681,16.4624],[107.566,16.4655],[107.561,16.4719],[107.5591,16.4747],[107.5577,16.4761],[107.5562,16.4781],[107.5564,16.4792],[107.5634,16.484],[107.5724,16.4903],[107.5787,16.4949],[107.5809,16.4948],[107.5842,16.4961],[107.587,16.499],[107.5887,16.4995],[107.591,16.4966],[107.5924,16.4928],[107.593,16.4891]]]},"properties":{"name":"Phú Xuân","level":"ward"}},{"type":"Feature","geometry":{"type":"Polygon","coordinates":[[[107.5577,16.4761],[107.5591,16.4747],[107.561,16.4719],[107.566,16.4655],[107.5681,16.4624],[107.5708,16.4597],[107.5651,16.4572],[107.5584,16.4547],[107.5538,16.4528],[107.5477,16.4509],[107.5449,16.4511],[107.5419,16.4518],[107.5377,16.4507],[107.5312,16.4478],[107.5293,16.4477],[107.528,16.447],[107.5269,16.4446],[107.5276,16.4426],[107.5312,16.4383],[107.5331,16.4369],[107.5377,16.4346],[107.5461,16.4328],[107.5484,16.4318],[107.5534,16.4304],[107.5599,16.4289],[107.5619,16.4278],[107.5634,16.4263],[107.564,16.4251],[107.564,16.4227],[107.5635,16.419],[107.5643,16.415],[107.5664,16.4106],[107.5683,16.4074],[107.57,16.4052],[107.5711,16.4043],[107.5746,16.3998],[107.5759,16.3967],[107.5765,16.3947],[107.5767,16.3918],[107.5763,16.3894],[107.5786,16.3854],[107.5809,16.3834],[107.5847,16.381],[107.59,16.3769],[107.591,16.3766],[107.5956,16.3785],[107.5974,16.3786],[107.599,16.3768],[107.6023,16.3746],[107.6063,16.3706],[107.6067,16.3692],[107.6059,16.3633],[107.6068,16.3589],[107.6072,16.3553],[107.6084,16.3533],[107.6064,16.3525],[107.6067,16.3502],[107.6084,16.3483],[107.6049,16.3491],[107.6032,16.3483],[107.6029,16.347],[107.6017,16.3469],[107.5991,16.3458],[107.5985,16.3444],[107.5959,16.3425],[107.5947,16.3431],[107.5943,16.3444],[107.5919,16.3449],[107.5906,16.3464],[107.5876,16.3455],[107.5833,16.3447],[107.5806,16.3438],[107.5777,16.3434],[107.5762,16.3439],[107.5699,16.3451],[107.5697,16.3432],[107.5668,16.3411],[107.5654,16.3383],[107.5645,16.3381],[107.5612,16.3387],[107.5581,16.3367],[107.5584,16.335],[107.5596,16.334],[107.5587,16.3289],[107.5572,16.328],[107.5557,16.3289],[107.5548,16.3272],[107.5525,16.3248],[107.5512,16.3244],[107.5486,16.3257],[107.5462,16.3226],[107.5461,16.3279],[107.5441,16.3288],[107.5427,16.3303],[107.5428,16.3322],[107.5414,16.3354],[107.5405,16.3364],[107.5418,16.3392],[107.5436,16.3399],[107.5446,16.3407],[107.5448,16.3425],[107.5441,16.3439],[107.5439,16.3468],[107.5428,16.3485],[107.5424,16.3505],[107.5434,16.3515],[107.5456,16.3523],[107.5471,16.3542],[107.5477,16.356],[107.5507,16.3559],[107.5508,16.3579],[107.5515,16.3593],[107.5537,16.3614],[107.5499,16.3666],[107.546,16.3705],[107.545,16.3704],[107.5432,16.3732],[107.5412,16.3733],[107.54,16.3764],[107.538,16.3776],[107.5401,16.3799],[107.5408,16.3822],[107.5426,16.3845],[107.5426,16.3855],[107.5375,16.3888],[107.5363,16.3901],[107.5348,16.3906],[107.531,16.3899],[107.5301,16.3905],[107.5223,16.3909],[107.5219,16.3921],[107.5232,16.393],[107.5219,16.3965],[107.523,16.3973],[107.5229,16.3986],[107.5243,16.3995],[107.5238,16.4012],[107.5247,16.4017],[107.5253,16.4034],[107.5243,16.4056],[107.5213,16.4052],[107.5205,16.4043],[107.5176,16.4056],[107.517,16.4106],[107.5154,16.4114],[107.5124,16.4108],[107.5117,16.4098],[107.5089,16.4105],[107.5064,16.4099],[107.5036,16.4098],[107.5022,16.409],[107.4988,16.4114],[107.4938,16.4131],[107.4918,16.4117],[107.4896,16.4122],[107.4877,16.4116],[107.4836,16.4162],[107.4813,16.4175],[107.4788,16.4199],[107.4769,16.4224],[107.4745,16.424],[107.4741,16.4257],[107.4715,16.4263],[107.47,16.4274],[107.4707,16.4297],[107.4698,16.4306],[107.4698,16.4318],[107.4688,16.433],[107.4689,16.4352],[107.4684,16.4378],[107.4695,16.4382],[107.4718,16.4402],[107.4733,16.4424],[107.4762,16.4444],[107.4775,16.4459],[107.4789,16.4502],[107.4799,16.4509],[107.4808,16.4525],[107.4821,16.4528],[107.4858,16.4517],[107.4868,16.4511],[107.4916,16.4524],[107.4919,16.4537],[107.4935,16.4556],[107.4955,16.4548],[107.4969,16.4522],[107.4999,16.4519],[107.5022,16.4505],[107.5036,16.4492],[107.5035,16.4473],[107.5049,16.4455],[107.5059,16.4431],[107.5079,16.4449],[107.5101,16.4446],[107.5107,16.4452],[107.5145,16.4449],[107.5173,16.4451],[107.5166,16.4477],[107.5181,16.4485],[107.5214,16.4478],[107.5234,16.4487],[107.5259,16.4516],[107.5248,16.4547],[107.525,16.4558],[107.5237,16.4604],[107.5269,16.4605],[107.5275,16.4631],[107.5264,16.4652],[107.5262,16.4668],[107.5251,16.4672],[107.5247,16.4686],[107.5258,16.471],[107.5273,16.472],[107.53,16.4721],[107.5308,16.4738],[107.5321,16.4744],[107.5349,16.4773],[107.5361,16.477],[107.54,16.4783],[107.5392,16.4809],[107.542,16.4818],[107.5434,16.4804],[107.5451,16.4812],[107.5462,16.48],[107.5471,16.4804],[107.5483,16.477],[107.5499,16.4738],[107.5513,16.4739],[107.5524,16.476],[107.5534,16.4752],[107.5557,16.4751],[107.5577,16.4761]]]},"properties":{"name":"Kim Long","level":"ward"}},{"type":"Feature","geometry":{"type":"Polygon","coordinates":[[[107.5908,16.4709],[107.5919,16.4753],[107.5914,16.4802],[107.5914,16.4834],[107.5923,16.489],[107.593,16.4891],[107.5963,16.4892],[107.5963,16.4876],[107.5976,16.4856],[107.5996,16.4844],[107.6045,16.4834],[107.6063,16.4844],[107.6086,16.4851],[107.6086,16.4866],[107.6099,16.4888],[107.6127,16.4893],[107.6179,16.4893],[107.6229,16.4914],[107.6236,16.4914],[107.6307,16.4898],[107.6299,16.4862],[107.6307,16.486],[107.6303,16.4842],[107.6318,16.4838],[107.6332,16.4787],[107.6298,16.4769],[107.6304,16.4757],[107.6268,16.4739],[107.627,16.4726],[107.6243,16.4722],[107.6191,16.4732],[107.6164,16.4724],[107.6142,16.4704],[107.6116,16.4717],[107.6116,16.4679],[107.6147,16.4679],[107.6147,16.4639],[107.6104,16.4639],[107.6105,16.4624],[107.6057,16.4626],[107.6026,16.4594],[107.6016,16.4587],[107.6012,16.4597],[107.5997,16.46],[107.6001,16.4626],[107.6001,16.465],[107.5989,16.4681],[107.5991,16.4703],[107.5998,16.4714],[107.5979,16.4728],[107.5959,16.4735],[107.5932,16.4728],[107.5908,16.4709]]]},"properties":{"name":"Vỹ Dạ","level":"ward"}},{"type":"Feature","geometry":{"type":"Polygon","coordinates":[[[107.5708,16.4597],[107.5765,16.461],[107.5807,16.4624],[107.5828,16.4636],[107.5878,16.4677],[107.5908,16.4709],[107.5932,16.4728],[107.5959,16.4735],[107.5979,16.4728],[107.5998,16.4714],[107.5991,16.4703],[107.5989,16.4681],[107.6001,16.465],[107.6001,16.4626],[107.5997,16.46],[107.6012,16.4597],[107.6016,16.4587],[107.6016,16.4568],[107.5998,16.4567],[107.5981,16.4559],[107.5961,16.4555],[107.5941,16.4561],[107.5935,16.4535],[107.5927,16.4536],[107.5921,16.4503],[107.5905,16.4483],[107.5914,16.4466],[107.5874,16.44],[107.5856,16.4363],[107.5848,16.4359],[107.5808,16.4349],[107.5799,16.4355],[107.5792,16.4372],[107.5806,16.4403],[107.5799,16.443],[107.5784,16.4468],[107.578,16.4485],[107.5747,16.4531],[107.5737,16.4524],[107.5719,16.4548],[107.5696,16.4539],[107.5651,16.4528],[107.5621,16.451],[107.5587,16.4504],[107.5581,16.4485],[107.5556,16.4485],[107.554,16.4512],[107.5538,16.4528],[107.5584,16.4547],[107.5651,16.4572],[107.5708,16.4597]]]},"properties":{"name":"Thuận Hoá","level":"ward"}},{"type":"Feature","geometry":{"type":"Polygon","coordinates":[[[107.5634,16.484],[107.5564,16.4792],[107.5562,16.4781],[107.5577,16.4761],[107.5557,16.4751],[107.5534,16.4752],[107.5524,16.476],[107.5513,16.4739],[107.5499,16.4738],[107.5483,16.477],[107.5471,16.4804],[107.5462,16.48],[107.5451,16.4812],[107.5434,16.4804],[107.542,16.4818],[107.5392,16.4809],[107.54,16.4783],[107.5361,16.477],[107.5349,16.4773],[107.5321,16.4744],[107.5308,16.4738],[107.53,16.4721],[107.5273,16.472],[107.5258,16.471],[107.5247,16.4686],[107.5251,16.4672],[107.5262,16.4668],[107.5264,16.4652],[107.5275,16.4631],[107.5269,16.4605],[107.5237,16.4604],[107.525,16.4558],[107.5248,16.4547],[107.5259,16.4516],[107.5234,16.4487],[107.5214,16.4478],[107.5181,16.4485],[107.5166,16.4477],[107.5173,16.4451],[107.5145,16.4449],[107.5107,16.4452],[107.5101,16.4446],[107.5079,16.4449],[107.5059,16.4431],[107.5049,16.4455],[107.5035,16.4473],[107.5036,16.4492],[107.5022,16.4505],[107.4999,16.4519],[107.4969,16.4522],[107.4955,16.4548],[107.4963,16.4569],[107.4992,16.4603],[107.5023,16.4655],[107.503,16.4662],[107.5059,16.4732],[107.5084,16.4745],[107.5097,16.4743],[107.5119,16.4755],[107.5132,16.4767],[107.5158,16.478],[107.5152,16.4797],[107.5167,16.4799],[107.5171,16.4786],[107.5191,16.48],[107.5205,16.4802],[107.5216,16.4786],[107.5229,16.4781],[107.5242,16.4785],[107.5256,16.4803],[107.5283,16.4813],[107.528,16.4835],[107.533,16.4853],[107.5328,16.4866],[107.5317,16.4881],[107.5313,16.4899],[107.5327,16.4903],[107.5336,16.4913],[107.5326,16.4931],[107.5355,16.4954],[107.5349,16.498],[107.5381,16.4991],[107.5383,16.5003],[107.5404,16.5014],[107.5423,16.4979],[107.5445,16.4957],[107.5455,16.494],[107.5475,16.4943],[107.5477,16.4956],[107.5466,16.4975],[107.5485,16.4992],[107.5479,16.5038],[107.5491,16.5056],[107.551,16.507],[107.5516,16.5055],[107.5528,16.5062],[107.5536,16.508],[107.5541,16.5072],[107.5576,16.5076],[107.5603,16.5083],[107.564,16.5074],[107.5628,16.5042],[107.5649,16.5031],[107.5673,16.5025],[107.568,16.5036],[107.5705,16.5021],[107.5702,16.4995],[107.5691,16.4987],[107.5693,16.4956],[107.5674,16.4953],[107.5676,16.493],[107.5717,16.4934],[107.572,16.4928],[107.5677,16.4894],[107.5674,16.4881],[107.5656,16.4869],[107.5639,16.4863],[107.5634,16.484]]]},"properties":{"name":"Hương An","level":"ward"}},{"type":"Feature","geometry":{"type":"Polygon","coordinates":[[[107.6084,16.3533],[107.6072,16.3553],[107.6068,16.3589],[107.6059,16.3633],[107.6067,16.3692],[107.6063,16.3706],[107.6023,16.3746],[107.599,16.3768],[107.5974,16.3786],[107.5956,16.3785],[107.591,16.3766],[107.59,16.3769],[107.5847,16.381],[107.5809,16.3834],[107.5786,16.3854],[107.5763,16.3894],[107.5767,16.3918],[107.5765,16.3947],[107.5759,16.3967],[107.5746,16.3998],[107.5711,16.4043],[107.57,16.4052],[107.5683,16.4074],[107.5664,16.4106],[107.5643,16.415],[107.5635,16.419],[107.564,16.4227],[107.564,16.4251],[107.5634,16.4263],[107.5619,16.4278],[107.5599,16.4289],[107.5534,16.4304],[107.5484,16.4318],[107.5461,16.4328],[107.5377,16.4346],[107.5331,16.4369],[107.5312,16.4383],[107.5276,16.4426],[107.5269,16.4446],[107.528,16.447],[107.5293,16.4477],[107.5312,16.4478],[107.5377,16.4507],[107.5419,16.4518],[107.5449,16.4511],[107.5477,16.4509],[107.5538,16.4528],[107.554,16.4512],[107.5556,16.4485],[107.5581,16.4485],[107.5587,16.4504],[107.5621,16.451],[107.5651,16.4528],[107.5696,16.4539],[107.5719,16.4548],[107.5737,16.4524],[107.5747,16.4531],[107.578,16.4485],[107.5784,16.4468],[107.5799,16.443],[107.5806,16.4403],[107.5792,16.4372],[107.5799,16.4355],[107.5808,16.4349],[107.5848,16.4359],[107.5855,16.4353],[107.5874,16.4299],[107.5886,16.4247],[107.5864,16.424],[107.5869,16.4223],[107.5879,16.4213],[107.5882,16.4178],[107.5872,16.4168],[107.5886,16.4118],[107.5901,16.4109],[107.5902,16.4096],[107.5919,16.4094],[107.5926,16.4085],[107.5944,16.4084],[107.597,16.4071],[107.6016,16.4091],[107.6053,16.4085],[107.6062,16.4052],[107.6073,16.4036],[107.6078,16.4017],[107.6075,16.4004],[107.6088,16.3995],[107.6104,16.3993],[107.6097,16.3965],[107.61,16.3924],[107.6113,16.3902],[107.62,16.3895],[107.6218,16.3889],[107.622,16.3878],[107.6199,16.3872],[107.6196,16.386],[107.6207,16.3844],[107.6218,16.3807],[107.6188,16.3783],[107.6199,16.3773],[107.6199,16.3759],[107.6209,16.374],[107.6206,16.3726],[107.6198,16.3718],[107.6175,16.3721],[107.6168,16.3717],[107.6157,16.3689],[107.6158,16.3668],[107.6182,16.3649],[107.6194,16.3623],[107.6205,16.3588],[107.6206,16.3569],[107.6225,16.3575],[107.6241,16.3561],[107.6247,16.3576],[107.6263,16.3562],[107.6252,16.3543],[107.6236,16.3539],[107.6232,16.3523],[107.6241,16.3509],[107.6241,16.3471],[107.6258,16.3464],[107.6273,16.3444],[107.6291,16.3449],[107.6306,16.3445],[107.6325,16.3448],[107.6341,16.3409],[107.6319,16.3402],[107.629,16.3403],[107.6223,16.3388],[107.6206,16.3405],[107.6196,16.3427],[107.6173,16.3465],[107.6154,16.3527],[107.6145,16.3533],[107.6125,16.3532],[107.61,16.3522],[107.6084,16.3533]]]},"properties":{"name":"Thuỷ Xuân","level":"ward"}},{"type":"Feature","geometry":{"type":"Polygon","coordinates":[[[107.6016,16.4587],[107.6026,16.4594],[107.6057,16.4626],[107.6105,16.4624],[107.6104,16.4639],[107.6147,16.4639],[107.6147,16.4679],[107.6116,16.4679],[107.6116,16.4717],[107.6142,16.4704],[107.6164,16.4724],[107.6191,16.4732],[107.6243,16.4722],[107.6243,16.4697],[107.6269,16.47],[107.6269,16.466],[107.6276,16.4663],[107.6302,16.4626],[107.6292,16.4615],[107.6279,16.4612],[107.6271,16.4597],[107.6244,16.4598],[107.624,16.4617],[107.6225,16.4612],[107.6196,16.4614],[107.6207,16.4561],[107.6222,16.4552],[107.6208,16.4528],[107.6201,16.4532],[107.6183,16.4523],[107.6186,16.4498],[107.6178,16.4499],[107.6169,16.4483],[107.6138,16.4497],[107.6127,16.4493],[107.612,16.4481],[107.6103,16.4472],[107.6092,16.4457],[107.6114,16.4437],[107.6105,16.4402],[107.6109,16.4357],[107.6104,16.434],[107.6108,16.4331],[107.6102,16.4311],[107.6088,16.4298],[107.6085,16.4273],[107.6092,16.4258],[107.6077,16.4244],[107.6088,16.4225],[107.6102,16.4222],[107.6108,16.42],[107.6101,16.4187],[107.6108,16.4152],[107.6121,16.4133],[107.6122,16.4116],[107.6134,16.4099],[107.6151,16.4086],[107.6141,16.4078],[107.6126,16.4078],[107.6131,16.4057],[107.6121,16.4021],[107.6116,16.402],[107.6104,16.3993],[107.6088,16.3995],[107.6075,16.4004],[107.6078,16.4017],[107.6073,16.4036],[107.6062,16.4052],[107.6053,16.4085],[107.6016,16.4091],[107.597,16.4071],[107.5944,16.4084],[107.5926,16.4085],[107.5919,16.4094],[107.5902,16.4096],[107.5901,16.4109],[107.5886,16.4118],[107.5872,16.4168],[107.5882,16.4178],[107.5879,16.4213],[107.5869,16.4223],[107.5864,16.424],[107.5886,16.4247],[107.5874,16.4299],[107.5855,16.4353],[107.5848,16.4359],[107.5856,16.4363],[107.5874,16.44],[107.5914,16.4466],[107.5905,16.4483],[107.5921,16.4503],[107.5927,16.4536],[107.5935,16.4535],[107.5941,16.4561],[107.5961,16.4555],[107.5981,16.4559],[107.5998,16.4567],[107.6016,16.4568],[107.6016,16.4587]]]},"properties":{"name":"An Cựu","level":"ward"}},{"type":"Feature","geometry":{"type":"Polygon","coordinates":[[[107.3903,16.5876],[107.391,16.5819],[107.3879,16.5706],[107.3951,16.566],[107.3937,16.5638],[107.3945,16.5614],[107.3926,16.5603],[107.393,16.5595],[107.391,16.5586],[107.3884,16.5582],[107.3853,16.5569],[107.3835,16.5572],[107.3809,16.5593],[107.3781,16.5605],[107.3713,16.5587],[107.3695,16.5579],[107.3686,16.5565],[107.3674,16.5538],[107.3663,16.5527],[107.3632,16.5516],[107.3628,16.5498],[107.3616,16.5488],[107.3597,16.5463],[107.3582,16.5421],[107.3596,16.5414],[107.3624,16.5412],[107.3642,16.5403],[107.3669,16.5382],[107.3693,16.5373],[107.3705,16.5361],[107.3721,16.5358],[107.3733,16.5341],[107.3761,16.5315],[107.3777,16.5306],[107.3793,16.5328],[107.3804,16.5331],[107.3824,16.5344],[107.3836,16.5333],[107.3843,16.5317],[107.3867,16.5311],[107.3844,16.5246],[107.385,16.5168],[107.3872,16.5165],[107.3868,16.5128],[107.3859,16.5113],[107.3837,16.511],[107.3816,16.5096],[107.3781,16.5054],[107.3779,16.5028],[107.3752,16.4999],[107.3783,16.4983],[107.3818,16.4973],[107.3792,16.4897],[107.3622,16.4788],[107.3727,16.4685],[107.3774,16.4638],[107.3768,16.4633],[107.339,16.4365],[107.3015,16.4099],[107.3001,16.4058],[107.3007,16.4026],[107.3018,16.401],[107.3031,16.3975],[107.3021,16.3961],[107.3016,16.3932],[107.3004,16.3908],[107.3011,16.3894],[107.3008,16.3879],[107.2994,16.3869],[107.2963,16.3866],[107.2943,16.3854],[107.2884,16.3829],[107.2851,16.3814],[107.2836,16.381],[107.2825,16.3799],[107.2789,16.3806],[107.276,16.3833],[107.2727,16.3827],[107.2701,16.3815],[107.2684,16.3815],[107.2669,16.3806],[107.2615,16.3799],[107.2612,16.3791],[107.2589,16.3783],[107.2555,16.3785],[107.2532,16.3776],[107.2514,16.3763],[107.2509,16.3751],[107.2496,16.3755],[107.249,16.3766],[107.2467,16.3778],[107.2463,16.3799],[107.2422,16.378],[107.2383,16.3773],[107.2368,16.3759],[107.2342,16.3742],[107.2336,16.3726],[107.2306,16.3721],[107.229,16.3713],[107.2269,16.3694],[107.2239,16.3653],[107.2222,16.3649],[107.2224,16.3624],[107.2219,16.3611],[107.2234,16.3596],[107.2216,16.3566],[107.2214,16.3549],[107.2202,16.3526],[107.2211,16.3502],[107.2206,16.3479],[107.2172,16.3481],[107.2149,16.3466],[107.2098,16.346],[107.2074,16.3452],[107.2058,16.3458],[107.2042,16.3475],[107.2033,16.3476],[107.2009,16.3467],[107.1998,16.3479],[107.1974,16.3493],[107.1967,16.3513],[107.1948,16.3526],[107.1933,16.353],[107.1929,16.355],[107.1907,16.3559],[107.1884,16.3553],[107.1875,16.3556],[107.1859,16.3581],[107.1847,16.3616],[107.1822,16.3646],[107.1816,16.366],[107.1824,16.367],[107.1828,16.369],[107.1804,16.3689],[107.1784,16.3702],[107.1777,16.3723],[107.1754,16.3764],[107.1725,16.3777],[107.1681,16.3789],[107.1653,16.3782],[107.1639,16.3787],[107.161,16.3784],[107.1589,16.3777],[107.1561,16.3787],[107.1531,16.3794],[107.1519,16.3803],[107.1516,16.3821],[107.1497,16.3828],[107.1483,16.3864],[107.1496,16.3875],[107.153,16.3896],[107.1526,16.3914],[107.1511,16.3927],[107.1492,16.3958],[107.1477,16.3966],[107.1441,16.4003],[107.1422,16.403],[107.1422,16.4042],[107.141,16.4061],[107.1411,16.4075],[107.1432,16.4107],[107.1436,16.4125],[107.1407,16.4152],[107.1415,16.4179],[107.1435,16.4186],[107.1449,16.4198],[107.1461,16.423],[107.1447,16.4251],[107.1443,16.4274],[107.1446,16.4287],[107.147,16.4331],[107.1483,16.4332],[107.1487,16.4344],[107.1473,16.4376],[107.1436,16.4369],[107.142,16.4374],[107.1389,16.4398],[107.1374,16.4403],[107.1388,16.443],[107.1381,16.444],[107.135,16.445],[107.1323,16.4469],[107.1296,16.4493],[107.1316,16.4498],[107.1335,16.4524],[107.1354,16.4537],[107.1351,16.4551],[107.1357,16.4563],[107.1356,16.459],[107.135,16.4611],[107.1338,16.4617],[107.1336,16.4637],[107.1319,16.4691],[107.1308,16.4705],[107.1298,16.4704],[107.1292,16.4726],[107.13,16.4739],[107.1299,16.4753],[107.1282,16.4767],[107.1262,16.4768],[107.1256,16.4789],[107.1255,16.4813],[107.1215,16.485],[107.1197,16.4879],[107.1179,16.4878],[107.117,16.4883],[107.1145,16.4885],[107.1126,16.4908],[107.1092,16.4927],[107.1081,16.494],[107.106,16.4952],[107.1037,16.4953],[107.102,16.4949],[107.1007,16.493],[107.1002,16.4907],[107.0986,16.4911],[107.0978,16.4934],[107.0976,16.4959],[107.0968,16.498],[107.095,16.5001],[107.0945,16.5024],[107.0953,16.5038],[107.0944,16.5044],[107.0926,16.5037],[107.0911,16.5042],[107.0883,16.5028],[107.084,16.5026],[107.0819,16.5031],[107.0819,16.5043],[107.0805,16.5079],[107.0796,16.5089],[107.0786,16.5083],[107.0766,16.5083],[107.0758,16.5089],[107.0743,16.511],[107.0718,16.5108],[107.0707,16.51],[107.0677,16.5105],[107.0663,16.5117],[107.0647,16.514],[107.0629,16.5152],[107.0611,16.5172],[107.0594,16.5177],[107.0579,16.5195],[107.0572,16.5224],[107.0555,16.5242],[107.0567,16.5253],[107.0576,16.5273],[107.0579,16.5291],[107.0596,16.5303],[107.0602,16.5332],[107.0619,16.5356],[107.0624,16.5369],[107.061,16.5383],[107.0614,16.5399],[107.0601,16.5423],[107.0603,16.5439],[107.0615,16.5459],[107.0629,16.5457],[107.0649,16.5446],[107.0678,16.5439],[107.0695,16.5441],[107.0719,16.5435],[107.0745,16.5424],[107.0761,16.544],[107.0762,16.5457],[107.077,16.5463],[107.0793,16.5457],[107.0834,16.5464],[107.0872,16.5457],[107.0882,16.5462],[107.0901,16.5488],[107.0921,16.5506],[107.0949,16.5501],[107.0974,16.5504],[107.1001,16.5522],[107.1018,16.5527],[107.1042,16.5519],[107.1094,16.5507],[107.1111,16.5514],[107.1135,16.5507],[107.115,16.5525],[107.1171,16.5526],[107.1216,16.552],[107.1224,16.5555],[107.1234,16.5573],[107.1245,16.5579],[107.1232,16.5607],[107.1246,16.5619],[107.1253,16.5633],[107.1282,16.5657],[107.1295,16.5656],[107.1329,16.5676],[107.1358,16.568],[107.1371,16.5686],[107.1379,16.5699],[107.1408,16.5719],[107.1445,16.5715],[107.1458,16.5721],[107.1488,16.5729],[107.1504,16.5741],[107.152,16.5742],[107.1542,16.5751],[107.1571,16.5731],[107.1596,16.5741],[107.162,16.5757],[107.1631,16.5755],[107.1664,16.5774],[107.1694,16.5787],[107.1719,16.5781],[107.1739,16.5786],[107.1757,16.5783],[107.1761,16.5774],[107.1786,16.5765],[107.181,16.5783],[107.1816,16.5792],[107.1842,16.5805],[107.1861,16.58],[107.1873,16.5791],[107.191,16.5794],[107.1936,16.5802],[107.1954,16.5819],[107.1979,16.5814],[107.2026,16.5827],[107.2034,16.5809],[107.2063,16.5788],[107.208,16.5792],[107.2116,16.5785],[107.214,16.5799],[107.2161,16.5795],[107.217,16.5781],[107.219,16.5788],[107.2221,16.5791],[107.2223,16.5801],[107.2243,16.5803],[107.2252,16.5797],[107.2285,16.5795],[107.2302,16.5818],[107.2338,16.5815],[107.2347,16.5821],[107.237,16.5827],[107.2391,16.5822],[107.2409,16.5843],[107.2427,16.5851],[107.2448,16.5875],[107.2481,16.5849],[107.2482,16.5834],[107.2471,16.582],[107.2494,16.5798],[107.2491,16.579],[107.2509,16.577],[107.2533,16.5771],[107.2536,16.5756],[107.2554,16.5738],[107.2646,16.5715],[107.2666,16.5703],[107.268,16.5677],[107.2701,16.5673],[107.2709,16.566],[107.2725,16.568],[107.2755,16.5704],[107.2773,16.5727],[107.2781,16.5717],[107.2796,16.5719],[107.2827,16.575],[107.2839,16.5754],[107.287,16.5753],[107.2884,16.5767],[107.2903,16.5799],[107.2913,16.5808],[107.2925,16.5806],[107.297,16.5819],[107.2973,16.5828],[107.3004,16.5858],[107.3027,16.5868],[107.3031,16.5839],[107.3097,16.582],[107.3114,16.5809],[107.3125,16.5794],[107.3136,16.5794],[107.3148,16.5808],[107.316,16.5804],[107.3191,16.5831],[107.323,16.5837],[107.323,16.585],[107.3241,16.5859],[107.3266,16.5863],[107.326,16.5893],[107.3249,16.5913],[107.324,16.5919],[107.324,16.5956],[107.3245,16.5972],[107.3271,16.5991],[107.3307,16.5994],[107.3333,16.5982],[107.334,16.5996],[107.3313,16.6017],[107.3291,16.6024],[107.3261,16.604],[107.3248,16.605],[107.3286,16.608],[107.3301,16.6068],[107.3324,16.6067],[107.3347,16.6086],[107.3364,16.6081],[107.3387,16.6152],[107.3426,16.6188],[107.3431,16.617],[107.3449,16.6155],[107.3471,16.6148],[107.3509,16.6128],[107.3518,16.6116],[107.3537,16.6113],[107.3562,16.6091],[107.3622,16.6062],[107.369,16.6023],[107.3712,16.6],[107.3727,16.5977],[107.3744,16.5976],[107.3778,16.5953],[107.3777,16.5937],[107.3796,16.5931],[107.3832,16.591],[107.3852,16.5885],[107.3903,16.5876]]]},"properties":{"name":"Phong Điền","level":"ward"}},{"type":"Feature","geometry":{"type":"Polygon","coordinates":[[[107.4172,16.6568],[107.4153,16.6584],[107.414,16.6625],[107.4116,16.6647],[107.4075,16.6674],[107.4027,16.6692],[107.3958,16.6699],[107.3963,16.674],[107.396,16.6748],[107.3917,16.6763],[107.3894,16.6793],[107.3895,16.6801],[107.3877,16.6818],[107.3859,16.6868],[107.3832,16.6888],[107.3792,16.6907],[107.3753,16.6931],[107.3727,16.6934],[107.3658,16.6933],[107.3639,16.6938],[107.3612,16.6955],[107.3593,16.6981],[107.3581,16.6986],[107.3577,16.7002],[107.3586,16.7032],[107.3546,16.7058],[107.3534,16.7054],[107.3515,16.7079],[107.3527,16.7079],[107.3545,16.7106],[107.3558,16.7098],[107.3582,16.7142],[107.3612,16.7184],[107.3631,16.7216],[107.3652,16.7257],[107.3693,16.7332],[107.3833,16.7407],[107.3844,16.74],[107.3864,16.7406],[107.3883,16.742],[107.3905,16.7414],[107.3909,16.7419],[107.3947,16.7392],[107.3951,16.7387],[107.4085,16.729],[107.4124,16.7258],[107.4157,16.7224],[107.418,16.7213],[107.4208,16.7185],[107.4223,16.718],[107.4232,16.717],[107.4274,16.7137],[107.4305,16.7108],[107.4361,16.7063],[107.4371,16.7058],[107.4406,16.7028],[107.4434,16.7009],[107.4494,16.6961],[107.4529,16.6934],[107.455,16.6923],[107.4588,16.6889],[107.4626,16.6862],[107.4648,16.6842],[107.4613,16.6761],[107.4599,16.673],[107.4665,16.669],[107.4611,16.6622],[107.4591,16.6599],[107.4582,16.6579],[107.4546,16.6593],[107.4549,16.658],[107.4538,16.6472],[107.4446,16.648],[107.445,16.657],[107.4411,16.659],[107.4396,16.6594],[107.4379,16.6588],[107.4359,16.6601],[107.4351,16.6591],[107.4348,16.6573],[107.434,16.656],[107.4323,16.6579],[107.431,16.6599],[107.4301,16.6624],[107.4277,16.6646],[107.4257,16.6637],[107.4269,16.6611],[107.4203,16.6613],[107.4186,16.6628],[107.4178,16.6623],[107.4179,16.6609],[107.4172,16.6568]]]},"properties":{"name":"Phong Phú","level":"ward"}},{"type":"Feature","geometry":{"type":"Polygon","coordinates":[[[107.3903,16.5876],[107.3852,16.5885],[107.3832,16.591],[107.3796,16.5931],[107.3777,16.5937],[107.3778,16.5953],[107.3744,16.5976],[107.3727,16.5977],[107.3712,16.6],[107.369,16.6023],[107.3622,16.6062],[107.3562,16.6091],[107.3537,16.6113],[107.3518,16.6116],[107.3509,16.6128],[107.3471,16.6148],[107.3449,16.6155],[107.3431,16.617],[107.3426,16.6188],[107.3387,16.6152],[107.3364,16.6081],[107.3347,16.6086],[107.3324,16.6067],[107.3301,16.6068],[107.3286,16.608],[107.3254,16.612],[107.3235,16.6139],[107.3222,16.6182],[107.3207,16.6201],[107.3193,16.6212],[107.3132,16.6232],[107.3104,16.625],[107.3119,16.6298],[107.3155,16.6373],[107.3133,16.6381],[107.3131,16.6361],[107.3116,16.6354],[107.3087,16.6362],[107.307,16.6385],[107.3069,16.6407],[107.3094,16.6435],[107.3146,16.6483],[107.3166,16.6505],[107.3172,16.6518],[107.3191,16.6525],[107.3213,16.6529],[107.3229,16.6537],[107.3232,16.6517],[107.3252,16.6484],[107.3249,16.6442],[107.3254,16.6425],[107.3289,16.6428],[107.3302,16.6448],[107.3296,16.6459],[107.3287,16.65],[107.3267,16.6531],[107.3248,16.6547],[107.3248,16.6562],[107.3236,16.657],[107.3222,16.6565],[107.3193,16.6591],[107.3182,16.662],[107.3206,16.6628],[107.3221,16.6648],[107.3236,16.6654],[107.3286,16.6653],[107.3302,16.6661],[107.3314,16.6679],[107.3284,16.6691],[107.3263,16.6684],[107.3246,16.6686],[107.3239,16.6699],[107.3259,16.6715],[107.3284,16.6727],[107.3312,16.6736],[107.3336,16.6755],[107.3339,16.679],[107.3358,16.6811],[107.3368,16.6841],[107.3393,16.6851],[107.3418,16.6874],[107.3438,16.691],[107.3476,16.6923],[107.3485,16.6945],[107.3501,16.6968],[107.3531,16.6984],[107.355,16.6982],[107.3581,16.6986],[107.3593,16.6981],[107.3612,16.6955],[107.3639,16.6938],[107.3658,16.6933],[107.3727,16.6934],[107.3753,16.6931],[107.3792,16.6907],[107.3832,16.6888],[107.3859,16.6868],[107.3877,16.6818],[107.3895,16.6801],[107.3894,16.6793],[107.3917,16.6763],[107.396,16.6748],[107.3963,16.674],[107.3958,16.6699],[107.4027,16.6692],[107.4075,16.6674],[107.4116,16.6647],[107.414,16.6625],[107.4153,16.6584],[107.4172,16.6568],[107.4156,16.6541],[107.4153,16.6525],[107.4159,16.6517],[107.4189,16.6501],[107.4157,16.6461],[107.416,16.6457],[107.4132,16.6424],[107.4126,16.6408],[107.4105,16.6395],[107.4081,16.6384],[107.4091,16.6307],[107.409,16.6169],[107.4133,16.6154],[107.4176,16.6136],[107.4159,16.6105],[107.4179,16.6095],[107.4207,16.6085],[107.4198,16.607],[107.418,16.6015],[107.4144,16.6022],[107.3913,16.6073],[107.3882,16.6037],[107.3878,16.6019],[107.3887,16.599],[107.3903,16.5876]]]},"properties":{"name":"Phong Dinh","level":"ward"}},{"type":"Feature","geometry":{"type":"Polygon","coordinates":[[[107.2825,16.3799],[107.2836,16.381],[107.2851,16.3814],[107.2884,16.3829],[107.2943,16.3854],[107.2963,16.3866],[107.2994,16.3869],[107.3008,16.3879],[107.3011,16.3894],[107.3004,16.3908],[107.3016,16.3932],[107.3021,16.3961],[107.3031,16.3975],[107.3018,16.401],[107.3007,16.4026],[107.3001,16.4058],[107.3015,16.4099],[107.339,16.4365],[107.3768,16.4633],[107.3774,16.4638],[107.3727,16.4685],[107.3622,16.4788],[107.3792,16.4897],[107.3818,16.4973],[107.3783,16.4983],[107.3752,16.4999],[107.3779,16.5028],[107.3781,16.5054],[107.3816,16.5096],[107.3837,16.511],[107.3859,16.5113],[107.3868,16.5128],[107.3872,16.5165],[107.385,16.5168],[107.3844,16.5246],[107.3867,16.5311],[107.3843,16.5317],[107.3836,16.5333],[107.3824,16.5344],[107.3804,16.5331],[107.3793,16.5328],[107.3777,16.5306],[107.3761,16.5315],[107.3733,16.5341],[107.3721,16.5358],[107.3705,16.5361],[107.3693,16.5373],[107.3669,16.5382],[107.3642,16.5403],[107.3624,16.5412],[107.3596,16.5414],[107.3582,16.5421],[107.3597,16.5463],[107.3616,16.5488],[107.3628,16.5498],[107.3632,16.5516],[107.3663,16.5527],[107.3674,16.5538],[107.3686,16.5565],[107.3695,16.5579],[107.3713,16.5587],[107.3781,16.5605],[107.3809,16.5593],[107.3835,16.5572],[107.3853,16.5569],[107.3884,16.5582],[107.391,16.5586],[107.393,16.5595],[107.3926,16.5603],[107.3945,16.5614],[107.3937,16.5638],[107.3951,16.566],[107.3879,16.5706],[107.391,16.5819],[107.3903,16.5876],[107.3887,16.599],[107.3878,16.6019],[107.3882,16.6037],[107.3913,16.6073],[107.4144,16.6022],[107.418,16.6015],[107.4198,16.607],[107.4207,16.6085],[107.4214,16.6081],[107.4282,16.6058],[107.4309,16.6041],[107.4339,16.603],[107.4377,16.6022],[107.4411,16.6007],[107.4422,16.6005],[107.4543,16.5975],[107.461,16.5961],[107.4577,16.589],[107.4628,16.5839],[107.4637,16.5781],[107.4648,16.576],[107.4625,16.5747],[107.4609,16.5749],[107.4609,16.5725],[107.4634,16.5712],[107.4655,16.5709],[107.4665,16.5699],[107.4682,16.5694],[107.469,16.5684],[107.4707,16.5649],[107.4726,16.5648],[107.4718,16.5594],[107.4701,16.5562],[107.4707,16.5541],[107.4707,16.5525],[107.4697,16.5498],[107.4654,16.55],[107.464,16.5504],[107.4629,16.5526],[107.4609,16.5523],[107.4568,16.5529],[107.4572,16.5502],[107.4601,16.5462],[107.4578,16.5456],[107.4523,16.5417],[107.4462,16.536],[107.4436,16.5334],[107.4426,16.5317],[107.4427,16.5266],[107.4443,16.5198],[107.4429,16.5173],[107.4383,16.5107],[107.4365,16.5071],[107.4359,16.5011],[107.4364,16.4956],[107.4353,16.4862],[107.4345,16.482],[107.4341,16.4807],[107.4356,16.4798],[107.4391,16.4789],[107.4397,16.4778],[107.4404,16.4726],[107.4402,16.4714],[107.437,16.4704],[107.4344,16.4689],[107.432,16.4687],[107.4308,16.4672],[107.4307,16.4651],[107.4296,16.464],[107.4285,16.4639],[107.426,16.4627],[107.4241,16.4611],[107.4121,16.4401],[107.4062,16.4339],[107.4032,16.4262],[107.4003,16.4238],[107.3854,16.4212],[107.3814,16.4168],[107.3799,16.4161],[107.3775,16.4103],[107.3761,16.409],[107.3694,16.4085],[107.3681,16.4078],[107.3675,16.4036],[107.366,16.402],[107.3639,16.4026],[107.3625,16.4013],[107.3604,16.4012],[107.3587,16.4017],[107.3574,16.403],[107.3557,16.4039],[107.3537,16.4058],[107.3524,16.4038],[107.3531,16.4024],[107.3552,16.402],[107.356,16.4007],[107.3565,16.3925],[107.3576,16.3893],[107.3604,16.3889],[107.3615,16.3876],[107.3606,16.3862],[107.3548,16.3837],[107.3526,16.3835],[107.3491,16.3804],[107.3463,16.3803],[107.3448,16.3794],[107.3435,16.3798],[107.3417,16.3794],[107.3418,16.3768],[107.34,16.3768],[107.3393,16.3789],[107.3383,16.3794],[107.336,16.3783],[107.3361,16.3765],[107.3334,16.3761],[107.3333,16.3746],[107.335,16.3742],[107.3354,16.3731],[107.3341,16.3691],[107.3318,16.3692],[107.3307,16.3674],[107.3289,16.3665],[107.3301,16.3653],[107.3335,16.363],[107.335,16.3613],[107.3354,16.3588],[107.3375,16.3586],[107.338,16.3579],[107.3372,16.356],[107.338,16.3548],[107.337,16.3529],[107.3342,16.3518],[107.333,16.3504],[107.3303,16.3505],[107.3289,16.3536],[107.3266,16.3551],[107.3248,16.3546],[107.3237,16.355],[107.3189,16.3589],[107.3176,16.3605],[107.3158,16.3618],[107.314,16.3656],[107.3121,16.3674],[107.3094,16.369],[107.3075,16.3696],[107.3056,16.3723],[107.3032,16.3725],[107.3009,16.3735],[107.2944,16.3749],[107.2933,16.3745],[107.2926,16.3756],[107.2894,16.3771],[107.2871,16.3753],[107.2853,16.3752],[107.284,16.3772],[107.2819,16.3783],[107.2825,16.3799]]]},"properties":{"name":"Phong Thái","level":"ward"}},{"type":"Feature","geometry":{"type":"Polygon","coordinates":[[[107.5642,16.5865],[107.5667,16.5823],[107.5696,16.5719],[107.5722,16.5663],[107.576,16.5607],[107.5697,16.5574],[107.5657,16.5549],[107.5649,16.5536],[107.5631,16.5527],[107.5608,16.5576],[107.556,16.5561],[107.5541,16.5566],[107.5524,16.5534],[107.5516,16.55],[107.5562,16.5488],[107.5567,16.5484],[107.5534,16.5446],[107.5518,16.5456],[107.5513,16.5442],[107.5496,16.5442],[107.5474,16.5431],[107.5453,16.5434],[107.5441,16.5445],[107.5433,16.5425],[107.5446,16.5422],[107.5431,16.538],[107.5455,16.5349],[107.546,16.5333],[107.5414,16.5333],[107.5394,16.5326],[107.5343,16.5287],[107.5312,16.527],[107.5305,16.5261],[107.5312,16.5236],[107.5331,16.5228],[107.5361,16.523],[107.5341,16.5211],[107.5316,16.5203],[107.5297,16.5204],[107.5297,16.5219],[107.5283,16.5252],[107.5258,16.5272],[107.5227,16.5281],[107.5214,16.5279],[107.5197,16.5261],[107.518,16.5214],[107.5177,16.5195],[107.5203,16.5184],[107.5203,16.5167],[107.5173,16.5156],[107.5153,16.5158],[107.5128,16.5166],[107.5114,16.5176],[107.5104,16.5191],[107.5098,16.5208],[107.5097,16.523],[107.5105,16.5256],[107.5122,16.5289],[107.5141,16.5308],[107.5143,16.5317],[107.5121,16.5341],[107.5117,16.5361],[107.5111,16.5366],[107.5122,16.5388],[107.5112,16.5423],[107.5122,16.5437],[107.5133,16.543],[107.5144,16.5411],[107.5162,16.5434],[107.5159,16.5443],[107.5172,16.5453],[107.5174,16.5472],[107.5203,16.5474],[107.522,16.5483],[107.5224,16.5497],[107.5246,16.5514],[107.5253,16.5529],[107.5283,16.5544],[107.527,16.5563],[107.528,16.5591],[107.5233,16.558],[107.5198,16.5581],[107.5179,16.5575],[107.5162,16.558],[107.517,16.5598],[107.5159,16.56],[107.5156,16.5622],[107.5146,16.5666],[107.512,16.5667],[107.5085,16.5683],[107.5059,16.568],[107.5049,16.5659],[107.5042,16.5662],[107.5031,16.5642],[107.5005,16.5634],[107.4999,16.5646],[107.5004,16.5675],[107.4999,16.5693],[107.4974,16.572],[107.497,16.5755],[107.4982,16.5767],[107.4976,16.5781],[107.498,16.5791],[107.4967,16.5821],[107.4946,16.5857],[107.4965,16.5853],[107.4995,16.5863],[107.4977,16.5896],[107.4983,16.5906],[107.498,16.5924],[107.5018,16.5924],[107.502,16.5933],[107.5086,16.5949],[107.5133,16.5938],[107.5128,16.5964],[107.5098,16.596],[107.5098,16.5985],[107.5102,16.6001],[107.5112,16.6137],[107.5144,16.6147],[107.5162,16.6149],[107.5188,16.6145],[107.5227,16.6121],[107.5468,16.5963],[107.5642,16.5865]]]},"properties":{"name":"Quảng Điền","level":"ward"}},{"type":"Feature","geometry":{"type":"Polygon","coordinates":[[[107.4538,16.6472],[107.4549,16.658],[107.4546,16.6593],[107.4582,16.6579],[107.4591,16.6599],[107.4611,16.6622],[107.4665,16.669],[107.4599,16.673],[107.4613,16.6761],[107.4648,16.6842],[107.4663,16.6827],[107.4699,16.6805],[107.4748,16.6762],[107.4787,16.6734],[107.4813,16.671],[107.485,16.6684],[107.4879,16.6655],[107.492,16.6627],[107.4926,16.6619],[107.5046,16.6522],[107.5078,16.6497],[107.5136,16.6456],[107.5174,16.6424],[107.5186,16.6419],[107.5277,16.6347],[107.5303,16.633],[107.5357,16.6286],[107.5431,16.6236],[107.5461,16.6211],[107.5481,16.6201],[107.5543,16.6154],[107.5565,16.6141],[107.5635,16.609],[107.5708,16.6042],[107.5693,16.5989],[107.5682,16.5967],[107.5642,16.5865],[107.5468,16.5963],[107.5227,16.6121],[107.5188,16.6145],[107.5162,16.6149],[107.5144,16.6147],[107.5112,16.6137],[107.5004,16.6144],[107.4878,16.6255],[107.4754,16.6318],[107.4567,16.647],[107.4538,16.6472]]]},"properties":{"name":"Phong Quảng","level":"ward"}},{"type":"Feature","geometry":{"type":"Polygon","coordinates":[[[107.4172,16.6568],[107.4179,16.6609],[107.4178,16.6623],[107.4186,16.6628],[107.4203,16.6613],[107.4269,16.6611],[107.4257,16.6637],[107.4277,16.6646],[107.4301,16.6624],[107.431,16.6599],[107.4323,16.6579],[107.434,16.656],[107.4348,16.6573],[107.4351,16.6591],[107.4359,16.6601],[107.4379,16.6588],[107.4396,16.6594],[107.4411,16.659],[107.445,16.657],[107.4446,16.648],[107.4538,16.6472],[107.4567,16.647],[107.4754,16.6318],[107.4878,16.6255],[107.5004,16.6144],[107.5112,16.6137],[107.5102,16.6001],[107.5098,16.5985],[107.5098,16.596],[107.5128,16.5964],[107.5133,16.5938],[107.5086,16.5949],[107.502,16.5933],[107.5018,16.5924],[107.498,16.5924],[107.4983,16.5906],[107.4977,16.5896],[107.4995,16.5863],[107.4965,16.5853],[107.4946,16.5857],[107.4967,16.5821],[107.498,16.5791],[107.4976,16.5781],[107.4982,16.5767],[107.497,16.5755],[107.4974,16.572],[107.4999,16.5693],[107.5004,16.5675],[107.4999,16.5646],[107.5005,16.5634],[107.5031,16.5642],[107.5042,16.5662],[107.5049,16.5659],[107.5059,16.568],[107.5085,16.5683],[107.512,16.5667],[107.5146,16.5666],[107.5156,16.5622],[107.5159,16.56],[107.517,16.5598],[107.5162,16.558],[107.5179,16.5575],[107.5198,16.5581],[107.5233,16.558],[107.528,16.5591],[107.527,16.5563],[107.5283,16.5544],[107.5253,16.5529],[107.5246,16.5514],[107.5224,16.5497],[107.522,16.5483],[107.5203,16.5474],[107.5174,16.5472],[107.5172,16.5453],[107.5159,16.5443],[107.5162,16.5434],[107.5144,16.5411],[107.5133,16.543],[107.5122,16.5437],[107.5112,16.5423],[107.5122,16.5388],[107.5111,16.5366],[107.509,16.5358],[107.5051,16.5349],[107.5031,16.5316],[107.4983,16.5267],[107.4973,16.526],[107.4958,16.5254],[107.4909,16.5248],[107.4867,16.5247],[107.4804,16.5255],[107.4784,16.5263],[107.4766,16.5277],[107.4747,16.53],[107.471,16.5363],[107.4695,16.5383],[107.4658,16.5421],[107.4613,16.5459],[107.4601,16.5462],[107.4572,16.5502],[107.4568,16.5529],[107.4609,16.5523],[107.4629,16.5526],[107.464,16.5504],[107.4654,16.55],[107.4697,16.5498],[107.4707,16.5525],[107.4707,16.5541],[107.4701,16.5562],[107.4718,16.5594],[107.4726,16.5648],[107.4707,16.5649],[107.469,16.5684],[107.4682,16.5694],[107.4665,16.5699],[107.4655,16.5709],[107.4634,16.5712],[107.4609,16.5725],[107.4609,16.5749],[107.4625,16.5747],[107.4648,16.576],[107.4637,16.5781],[107.4628,16.5839],[107.4577,16.589],[107.461,16.5961],[107.4543,16.5975],[107.4422,16.6005],[107.4411,16.6007],[107.4377,16.6022],[107.4339,16.603],[107.4309,16.6041],[107.4282,16.6058],[107.4214,16.6081],[107.4207,16.6085],[107.4179,16.6095],[107.4159,16.6105],[107.4176,16.6136],[107.4133,16.6154],[107.409,16.6169],[107.4091,16.6307],[107.4081,16.6384],[107.4105,16.6395],[107.4126,16.6408],[107.4132,16.6424],[107.416,16.6457],[107.4157,16.6461],[107.4189,16.6501],[107.4159,16.6517],[107.4153,16.6525],[107.4156,16.6541],[107.4172,16.6568]]]},"properties":{"name":"Đan Điền","level":"ward"}},{"type":"Feature","geometry":{"type":"Polygon","coordinates":[[[107.5642,16.5865],[107.5682,16.5967],[107.5693,16.5989],[107.5708,16.6042],[107.5755,16.6007],[107.5799,16.5981],[107.5824,16.5963],[107.5896,16.5916],[107.5931,16.5899],[107.5974,16.5874],[107.6025,16.5853],[107.6032,16.5847],[107.607,16.583],[107.6094,16.5824],[107.6124,16.5803],[107.6152,16.5771],[107.6151,16.5751],[107.6166,16.5729],[107.6177,16.5722],[107.6177,16.57],[107.6193,16.5682],[107.6221,16.5663],[107.625,16.5691],[107.6244,16.5704],[107.6251,16.5727],[107.6286,16.5725],[107.6302,16.5729],[107.6316,16.5718],[107.6387,16.5675],[107.6411,16.5664],[107.6471,16.5629],[107.6479,16.5631],[107.6501,16.5614],[107.6532,16.5602],[107.6555,16.5588],[107.6642,16.5544],[107.6719,16.5497],[107.6749,16.5475],[107.6786,16.5456],[107.6821,16.543],[107.6846,16.5419],[107.687,16.5402],[107.6897,16.5387],[107.7056,16.5276],[107.7098,16.5248],[107.7069,16.522],[107.6984,16.5149],[107.6921,16.5198],[107.6862,16.523],[107.6737,16.5298],[107.6695,16.5228],[107.6465,16.5259],[107.6435,16.5257],[107.6416,16.5266],[107.6319,16.5321],[107.6286,16.5333],[107.6254,16.5326],[107.6237,16.5298],[107.6219,16.5285],[107.6201,16.5322],[107.6217,16.5332],[107.6263,16.5346],[107.6263,16.5355],[107.6237,16.5354],[107.6229,16.5397],[107.6201,16.54],[107.6204,16.542],[107.6188,16.5429],[107.6188,16.5461],[107.6234,16.5462],[107.6268,16.5471],[107.6311,16.5525],[107.6314,16.5538],[107.631,16.5558],[107.6284,16.5616],[107.6266,16.5629],[107.6158,16.5634],[107.6065,16.5657],[107.6042,16.5665],[107.6012,16.5684],[107.5982,16.5715],[107.5939,16.5785],[107.5924,16.58],[107.5893,16.5823],[107.5852,16.5832],[107.5781,16.5835],[107.5719,16.5829],[107.5642,16.5865]]]},"properties":{"name":"Thuận An","level":"ward"}},{"type":"Feature","geometry":{"type":"Polygon","coordinates":[[[107.5887,16.4995],[107.587,16.499],[107.5842,16.4961],[107.5809,16.4948],[107.5787,16.4949],[107.5775,16.4957],[107.5763,16.4993],[107.5763,16.5067],[107.5765,16.5086],[107.5787,16.512],[107.5787,16.5144],[107.576,16.5193],[107.5751,16.52],[107.5742,16.5233],[107.5745,16.527],[107.5784,16.5328],[107.5806,16.5348],[107.5827,16.536],[107.5852,16.5369],[107.5863,16.5377],[107.5892,16.5422],[107.5914,16.5463],[107.5933,16.5485],[107.5959,16.5498],[107.601,16.5501],[107.6031,16.55],[107.6057,16.5494],[107.6089,16.5481],[107.6109,16.547],[107.6188,16.5461],[107.6188,16.5429],[107.6204,16.542],[107.6201,16.54],[107.6229,16.5397],[107.6237,16.5354],[107.6263,16.5355],[107.6263,16.5346],[107.6217,16.5332],[107.6201,16.5322],[107.6219,16.5285],[107.6197,16.5277],[107.619,16.5258],[107.6154,16.5211],[107.6214,16.5196],[107.6212,16.5156],[107.6189,16.5157],[107.6191,16.5131],[107.6159,16.5128],[107.6143,16.5101],[107.6146,16.5082],[107.6105,16.5088],[107.6104,16.5092],[107.6048,16.5083],[107.6047,16.5093],[107.6016,16.509],[107.6017,16.5063],[107.5997,16.5044],[107.5986,16.5022],[107.5958,16.5046],[107.594,16.5066],[107.5928,16.5072],[107.5909,16.5059],[107.5884,16.5016],[107.5887,16.4995]]]},"properties":{"name":"Dương Nỗ","level":"ward"}},{"type":"Feature","geometry":{"type":"Polygon","coordinates":[[[107.6695,16.5228],[107.6737,16.5298],[107.6862,16.523],[107.6921,16.5198],[107.6984,16.5149],[107.7296,16.4802],[107.7343,16.4721],[107.7363,16.4702],[107.7328,16.4677],[107.731,16.4669],[107.729,16.4651],[107.7254,16.4628],[107.7246,16.4629],[107.723,16.4606],[107.7191,16.4574],[107.7179,16.4581],[107.7132,16.4554],[107.7102,16.4484],[107.7062,16.4499],[107.7062,16.4484],[107.7054,16.4472],[107.7047,16.4438],[107.7049,16.4396],[107.7039,16.4381],[107.7035,16.435],[107.6999,16.4356],[107.698,16.4351],[107.6893,16.4313],[107.687,16.4311],[107.6848,16.4322],[107.6831,16.4339],[107.6782,16.44],[107.6749,16.443],[107.6727,16.4432],[107.6699,16.4426],[107.6662,16.443],[107.664,16.4449],[107.6631,16.4464],[107.6611,16.4507],[107.6589,16.4518],[107.6541,16.452],[107.653,16.4531],[107.6535,16.4563],[107.6528,16.4597],[107.6519,16.4614],[107.65,16.4633],[107.6473,16.4649],[107.6434,16.4664],[107.6424,16.4677],[107.6417,16.4706],[107.6429,16.4732],[107.6445,16.4743],[107.6508,16.4749],[107.6523,16.4763],[107.6525,16.4783],[107.6519,16.4796],[107.6498,16.4814],[107.652,16.4816],[107.6557,16.4811],[107.6558,16.4781],[107.6584,16.4779],[107.6585,16.4764],[107.663,16.4774],[107.6655,16.4776],[107.6659,16.4785],[107.6642,16.4846],[107.6648,16.485],[107.6628,16.4911],[107.6614,16.4958],[107.6589,16.499],[107.658,16.501],[107.6553,16.5034],[107.6676,16.5196],[107.6695,16.5228]]]},"properties":{"name":"Phú Hồ","level":"ward"}},{"type":"Feature","geometry":{"type":"Polygon","coordinates":[[[107.593,16.4891],[107.5924,16.4928],[107.591,16.4966],[107.5887,16.4995],[107.5884,16.5016],[107.5909,16.5059],[107.5928,16.5072],[107.594,16.5066],[107.5958,16.5046],[107.5986,16.5022],[107.5997,16.5044],[107.6017,16.5063],[107.6016,16.509],[107.6047,16.5093],[107.6048,16.5083],[107.6104,16.5092],[107.6105,16.5088],[107.6146,16.5082],[107.6143,16.5101],[107.6159,16.5128],[107.6191,16.5131],[107.6189,16.5157],[107.6212,16.5156],[107.6214,16.5196],[107.6154,16.5211],[107.619,16.5258],[107.6197,16.5277],[107.6219,16.5285],[107.6237,16.5298],[107.6254,16.5326],[107.6286,16.5333],[107.6319,16.5321],[107.6416,16.5266],[107.6435,16.5257],[107.6465,16.5259],[107.6695,16.5228],[107.6676,16.5196],[107.6553,16.5034],[107.658,16.501],[107.6589,16.499],[107.6614,16.4958],[107.6628,16.4911],[107.6648,16.485],[107.6642,16.4846],[107.6659,16.4785],[107.6655,16.4776],[107.663,16.4774],[107.6585,16.4764],[107.6584,16.4779],[107.6558,16.4781],[107.6557,16.4811],[107.652,16.4816],[107.6498,16.4814],[107.6437,16.4833],[107.6404,16.484],[107.6372,16.4861],[107.6321,16.4892],[107.6307,16.4898],[107.6236,16.4914],[107.6229,16.4914],[107.6179,16.4893],[107.6127,16.4893],[107.6099,16.4888],[107.6086,16.4866],[107.6086,16.4851],[107.6063,16.4844],[107.6045,16.4834],[107.5996,16.4844],[107.5976,16.4856],[107.5963,16.4876],[107.5963,16.4892],[107.593,16.4891]]]},"properties":{"name":"Mỹ Thượng","level":"ward"}},{"type":"Feature","geometry":{"type":"Polygon","coordinates":[[[107.7035,16.435],[107.7039,16.4381],[107.7049,16.4396],[107.7047,16.4438],[107.7054,16.4472],[107.7062,16.4484],[107.7062,16.4499],[107.7102,16.4484],[107.7132,16.4554],[107.7179,16.4581],[107.7191,16.4574],[107.723,16.4606],[107.7246,16.4629],[107.7254,16.4628],[107.729,16.4651],[107.731,16.4669],[107.7328,16.4677],[107.7363,16.4702],[107.7401,16.4667],[107.7439,16.4648],[107.7505,16.4623],[107.7518,16.4616],[107.754,16.4591],[107.7563,16.4555],[107.7605,16.4463],[107.7639,16.441],[107.7663,16.4365],[107.7694,16.4329],[107.7724,16.4296],[107.775,16.4279],[107.7787,16.4275],[107.78,16.4268],[107.7831,16.422],[107.7879,16.4177],[107.7934,16.4124],[107.7968,16.4086],[107.799,16.4052],[107.8029,16.4008],[107.8082,16.3957],[107.8097,16.394],[107.8115,16.3904],[107.8127,16.3886],[107.8143,16.3877],[107.821,16.3857],[107.8245,16.3836],[107.8258,16.3821],[107.8276,16.3788],[107.8299,16.3727],[107.8312,16.3704],[107.8331,16.366],[107.8361,16.3581],[107.8403,16.3566],[107.8431,16.3547],[107.8441,16.3488],[107.8448,16.3427],[107.8453,16.3402],[107.8443,16.339],[107.8401,16.3372],[107.8321,16.3344],[107.8301,16.3346],[107.826,16.3372],[107.8187,16.3427],[107.804,16.3547],[107.7974,16.3589],[107.7949,16.3595],[107.7923,16.3596],[107.7882,16.3592],[107.7828,16.357],[107.7775,16.3557],[107.7748,16.3608],[107.7727,16.3613],[107.7709,16.3628],[107.7674,16.3653],[107.7666,16.3656],[107.7591,16.3665],[107.7573,16.3679],[107.7569,16.371],[107.757,16.3744],[107.7544,16.3798],[107.7534,16.3828],[107.7513,16.3861],[107.7471,16.3909],[107.7432,16.3932],[107.7399,16.3941],[107.738,16.3949],[107.7361,16.397],[107.735,16.3994],[107.734,16.4043],[107.7325,16.4088],[107.731,16.4105],[107.7271,16.4129],[107.7206,16.4156],[107.7176,16.4171],[107.7143,16.4197],[107.7131,16.4215],[107.7123,16.4244],[107.7125,16.428],[107.7117,16.43],[107.7098,16.432],[107.7064,16.4347],[107.7035,16.435]]]},"properties":{"name":"Phú Vang","level":"ward"}},{"type":"Feature","geometry":{"type":"Polygon","coordinates":[[[107.6984,16.5149],[107.7069,16.522],[107.7098,16.5248],[107.7163,16.5203],[107.7177,16.519],[107.725,16.5134],[107.7291,16.51],[107.7359,16.5048],[107.7453,16.498],[107.7507,16.4936],[107.7611,16.4856],[107.7667,16.4815],[107.7688,16.4795],[107.7706,16.4783],[107.7747,16.475],[107.7763,16.4739],[107.7815,16.4696],[107.7835,16.4681],[107.7876,16.4644],[107.7897,16.4628],[107.7977,16.4557],[107.8016,16.4525],[107.8092,16.4457],[107.8112,16.4443],[107.8121,16.4432],[107.8198,16.4368],[107.8217,16.4347],[107.8315,16.426],[107.8414,16.4168],[107.8475,16.4114],[107.8398,16.4029],[107.8382,16.4004],[107.8364,16.4023],[107.8361,16.4038],[107.835,16.4047],[107.8303,16.4068],[107.8242,16.4091],[107.8233,16.4085],[107.8234,16.4066],[107.8211,16.4047],[107.8198,16.4048],[107.8141,16.4065],[107.8123,16.4058],[107.8105,16.4031],[107.8111,16.3992],[107.8082,16.3957],[107.8029,16.4008],[107.799,16.4052],[107.7968,16.4086],[107.7934,16.4124],[107.7879,16.4177],[107.7831,16.422],[107.78,16.4268],[107.7787,16.4275],[107.775,16.4279],[107.7724,16.4296],[107.7694,16.4329],[107.7663,16.4365],[107.7639,16.441],[107.7605,16.4463],[107.7563,16.4555],[107.754,16.4591],[107.7518,16.4616],[107.7505,16.4623],[107.7439,16.4648],[107.7401,16.4667],[107.7363,16.4702],[107.7343,16.4721],[107.7296,16.4802],[107.6984,16.5149]]]},"properties":{"name":"Phú Vinh","level":"ward"}},{"type":"Feature","geometry":{"type":"Polygon","coordinates":[[[107.5462,16.3226],[107.5486,16.3257],[107.5512,16.3244],[107.5525,16.3248],[107.5548,16.3272],[107.5557,16.3289],[107.5572,16.328],[107.5587,16.3289],[107.5596,16.334],[107.5584,16.335],[107.5581,16.3367],[107.5612,16.3387],[107.5645,16.3381],[107.5654,16.3383],[107.5668,16.3411],[107.5697,16.3432],[107.5699,16.3451],[107.5762,16.3439],[107.5777,16.3434],[107.5806,16.3438],[107.5833,16.3447],[107.5876,16.3455],[107.5906,16.3464],[107.5919,16.3449],[107.5943,16.3444],[107.5947,16.3431],[107.5959,16.3425],[107.5985,16.3444],[107.5991,16.3458],[107.6017,16.3469],[107.6029,16.347],[107.6032,16.3483],[107.6049,16.3491],[107.6084,16.3483],[107.6067,16.3502],[107.6064,16.3525],[107.6084,16.3533],[107.61,16.3522],[107.6125,16.3532],[107.6145,16.3533],[107.6154,16.3527],[107.6173,16.3465],[107.6196,16.3427],[107.6206,16.3405],[107.6223,16.3388],[107.629,16.3403],[107.6319,16.3402],[107.6341,16.3409],[107.6325,16.3448],[107.6306,16.3445],[107.6291,16.3449],[107.6273,16.3444],[107.6258,16.3464],[107.6241,16.3471],[107.6241,16.3509],[107.6232,16.3523],[107.6236,16.3539],[107.6252,16.3543],[107.6263,16.3562],[107.6247,16.3576],[107.6241,16.3561],[107.6225,16.3575],[107.6206,16.3569],[107.6205,16.3588],[107.6194,16.3623],[107.6182,16.3649],[107.6158,16.3668],[107.6157,16.3689],[107.6168,16.3717],[107.6175,16.3721],[107.6198,16.3718],[107.6206,16.3726],[107.6213,16.3726],[107.6225,16.3707],[107.6241,16.3709],[107.6247,16.3736],[107.6271,16.3735],[107.6288,16.371],[107.6307,16.3723],[107.6326,16.371],[107.6325,16.3698],[107.6351,16.3665],[107.6354,16.3677],[107.6374,16.368],[107.6376,16.3696],[107.6393,16.3694],[107.6417,16.3682],[107.6429,16.3649],[107.6439,16.3654],[107.647,16.3642],[107.647,16.363],[107.6512,16.3595],[107.653,16.3584],[107.6556,16.3582],[107.6553,16.3552],[107.6559,16.354],[107.6595,16.3529],[107.6602,16.3549],[107.6617,16.3574],[107.6634,16.3587],[107.6634,16.3597],[107.6649,16.3611],[107.6664,16.3618],[107.6673,16.3631],[107.6674,16.365],[107.6681,16.3682],[107.6677,16.3725],[107.6679,16.3748],[107.6686,16.3768],[107.6683,16.38],[107.6675,16.3809],[107.6682,16.3819],[107.6684,16.3851],[107.669,16.386],[107.6686,16.3878],[107.6645,16.3887],[107.6635,16.3909],[107.6636,16.4008],[107.6633,16.4014],[107.663,16.4054],[107.6619,16.407],[107.664,16.4086],[107.6655,16.412],[107.6658,16.4138],[107.6653,16.4177],[107.6631,16.4194],[107.6654,16.42],[107.6706,16.4179],[107.6717,16.4171],[107.6752,16.4166],[107.6752,16.418],[107.678,16.4173],[107.6781,16.415],[107.6797,16.4149],[107.6811,16.4135],[107.6832,16.4137],[107.6839,16.4119],[107.6856,16.4101],[107.6872,16.41],[107.6873,16.4085],[107.6885,16.4071],[107.6917,16.4049],[107.6919,16.4034],[107.6933,16.404],[107.7039,16.4035],[107.7057,16.4033],[107.7056,16.4012],[107.7096,16.401],[107.7095,16.3996],[107.7076,16.3997],[107.7077,16.3961],[107.7091,16.3943],[107.717,16.394],[107.7187,16.3924],[107.7183,16.3913],[107.7221,16.3897],[107.7235,16.3896],[107.7255,16.3932],[107.7291,16.3941],[107.7313,16.396],[107.7325,16.3957],[107.7352,16.3962],[107.7361,16.397],[107.738,16.3949],[107.7399,16.3941],[107.7432,16.3932],[107.7471,16.3909],[107.7513,16.3861],[107.7534,16.3828],[107.7544,16.3798],[107.757,16.3744],[107.7569,16.371],[107.7573,16.3679],[107.7547,16.3681],[107.7527,16.3698],[107.7508,16.37],[107.7493,16.3714],[107.7481,16.3711],[107.7455,16.3744],[107.7438,16.3769],[107.7411,16.3758],[107.7397,16.3769],[107.7406,16.3806],[107.738,16.382],[107.7371,16.3789],[107.7374,16.375],[107.7354,16.3714],[107.7335,16.3729],[107.7301,16.3696],[107.7275,16.3708],[107.7255,16.3686],[107.726,16.3674],[107.7225,16.3633],[107.7205,16.3601],[107.7205,16.358],[107.718,16.3565],[107.7145,16.3549],[107.7123,16.3526],[107.7098,16.3512],[107.7073,16.3494],[107.7056,16.3486],[107.7038,16.3456],[107.7022,16.3407],[107.7008,16.3386],[107.7014,16.3376],[107.7016,16.3351],[107.7003,16.3317],[107.6991,16.3305],[107.6957,16.3245],[107.6955,16.3232],[107.6935,16.3197],[107.6927,16.3171],[107.6937,16.316],[107.6913,16.3139],[107.691,16.3115],[107.6917,16.3105],[107.6901,16.3087],[107.6886,16.308],[107.6888,16.3041],[107.6868,16.3009],[107.6847,16.2992],[107.6826,16.2963],[107.6839,16.2949],[107.6822,16.293],[107.6812,16.2907],[107.68,16.2899],[107.679,16.2864],[107.6801,16.2843],[107.6779,16.2837],[107.6761,16.2827],[107.675,16.2816],[107.6739,16.2818],[107.672,16.2812],[107.6697,16.2814],[107.667,16.2808],[107.6663,16.2796],[107.6638,16.2788],[107.6616,16.2798],[107.6585,16.2794],[107.657,16.2785],[107.6556,16.2816],[107.6529,16.2822],[107.6514,16.2812],[107.6502,16.2796],[107.6495,16.2762],[107.6497,16.2745],[107.6487,16.273],[107.649,16.272],[107.6511,16.2695],[107.6523,16.2693],[107.6528,16.2682],[107.6519,16.2671],[107.655,16.2644],[107.6557,16.2628],[107.6553,16.2605],[107.6556,16.2585],[107.6587,16.2542],[107.6636,16.2543],[107.666,16.2536],[107.6679,16.2518],[107.6677,16.2497],[107.6689,16.2467],[107.6711,16.244],[107.6714,16.2427],[107.6708,16.241],[107.6695,16.2405],[107.664,16.2407],[107.6625,16.2396],[107.6616,16.237],[107.6627,16.2335],[107.6634,16.2323],[107.6651,16.2309],[107.67,16.2296],[107.6713,16.2276],[107.6703,16.2259],[107.6674,16.2234],[107.6655,16.2192],[107.6657,16.2184],[107.6682,16.217],[107.6671,16.215],[107.6638,16.2116],[107.6633,16.2102],[107.6599,16.2107],[107.6571,16.2095],[107.6559,16.2096],[107.6556,16.2082],[107.6534,16.206],[107.6509,16.2065],[107.6499,16.2042],[107.6505,16.2019],[107.6496,16.2004],[107.6441,16.2005],[107.6405,16.2002],[107.6395,16.1997],[107.6381,16.2012],[107.6362,16.2014],[107.6321,16.1995],[107.6311,16.1995],[107.6309,16.1977],[107.6295,16.1945],[107.6285,16.1946],[107.6261,16.1926],[107.6248,16.1905],[107.624,16.1883],[107.6193,16.1853],[107.6168,16.1872],[107.6157,16.1871],[107.6128,16.1834],[107.6107,16.1835],[107.6084,16.1843],[107.606,16.1838],[107.6037,16.184],[107.6022,16.1833],[107.5994,16.1829],[107.5989,16.1818],[107.5968,16.1801],[107.5938,16.1783],[107.5915,16.1785],[107.5875,16.1798],[107.5852,16.1793],[107.5833,16.1783],[107.582,16.1769],[107.5807,16.1729],[107.5781,16.1738],[107.5754,16.1742],[107.5746,16.172],[107.5749,16.1674],[107.5718,16.165],[107.5676,16.1634],[107.5646,16.1618],[107.5598,16.1612],[107.5583,16.1619],[107.555,16.1627],[107.5528,16.1624],[107.5513,16.1629],[107.547,16.1612],[107.5447,16.1582],[107.5423,16.1577],[107.5408,16.1587],[107.5383,16.1587],[107.5372,16.1596],[107.5354,16.1595],[107.5329,16.161],[107.5317,16.1605],[107.5298,16.1608],[107.5259,16.1593],[107.524,16.1573],[107.5211,16.156],[107.5201,16.1594],[107.5187,16.1597],[107.5194,16.1612],[107.5195,16.1645],[107.5177,16.1643],[107.5176,16.1657],[107.5183,16.167],[107.518,16.168],[107.5161,16.17],[107.5206,16.173],[107.5198,16.1743],[107.5219,16.1746],[107.5225,16.1758],[107.5215,16.1777],[107.5199,16.178],[107.5197,16.1798],[107.5205,16.1805],[107.5196,16.1821],[107.5198,16.1833],[107.5229,16.183],[107.5228,16.185],[107.5247,16.1871],[107.5255,16.1889],[107.5245,16.1905],[107.5223,16.1914],[107.5233,16.1937],[107.5211,16.1939],[107.5189,16.1952],[107.5196,16.1966],[107.5223,16.1957],[107.5241,16.1976],[107.5274,16.1974],[107.5288,16.1978],[107.5288,16.2001],[107.5279,16.202],[107.528,16.2049],[107.5292,16.2066],[107.5279,16.209],[107.5295,16.2109],[107.5287,16.2144],[107.5264,16.2164],[107.5258,16.2175],[107.5272,16.2201],[107.5272,16.2209],[107.523,16.2242],[107.5222,16.2251],[107.5221,16.2282],[107.5216,16.2297],[107.5199,16.2319],[107.5189,16.2355],[107.5166,16.2377],[107.5157,16.2395],[107.5165,16.2421],[107.5164,16.2436],[107.5139,16.2453],[107.5133,16.2478],[107.5119,16.2485],[107.5105,16.2482],[107.5096,16.2466],[107.5061,16.2449],[107.5049,16.2452],[107.5035,16.247],[107.5038,16.2481],[107.5056,16.2486],[107.5078,16.2503],[107.5083,16.2525],[107.5081,16.2543],[107.507,16.255],[107.5043,16.2554],[107.5022,16.256],[107.5015,16.2589],[107.5026,16.2605],[107.5022,16.2649],[107.5007,16.2655],[107.4988,16.2644],[107.4969,16.2646],[107.4966,16.2664],[107.4976,16.2687],[107.4994,16.2701],[107.5006,16.2703],[107.502,16.2697],[107.5068,16.2703],[107.507,16.2722],[107.5118,16.2743],[107.5144,16.2765],[107.5176,16.2776],[107.5181,16.2796],[107.5199,16.2797],[107.522,16.281],[107.5247,16.2814],[107.5247,16.2824],[107.5265,16.2833],[107.5278,16.2859],[107.5289,16.2867],[107.5302,16.2866],[107.531,16.2881],[107.5326,16.2899],[107.5338,16.2904],[107.5341,16.2917],[107.5327,16.2937],[107.533,16.2957],[107.5338,16.2971],[107.5324,16.2994],[107.533,16.3016],[107.5342,16.3023],[107.5343,16.3039],[107.5329,16.3071],[107.5338,16.31],[107.5331,16.3118],[107.5334,16.3131],[107.5324,16.3146],[107.5326,16.3157],[107.5317,16.3179],[107.53,16.3194],[107.531,16.3204],[107.5326,16.3204],[107.5348,16.3221],[107.5357,16.3235],[107.539,16.3215],[107.5409,16.3223],[107.5419,16.3241],[107.5431,16.3243],[107.5447,16.3224],[107.5462,16.3226]]]},"properties":{"name":"Phú Bài","level":"ward"}},{"type":"Feature","geometry":{"type":"Polygon","coordinates":[[[107.6243,16.4722],[107.627,16.4726],[107.6268,16.4739],[107.6304,16.4757],[107.6298,16.4769],[107.6332,16.4787],[107.6318,16.4838],[107.6303,16.4842],[107.6307,16.486],[107.6299,16.4862],[107.6307,16.4898],[107.6321,16.4892],[107.6372,16.4861],[107.6404,16.484],[107.6437,16.4833],[107.6498,16.4814],[107.6519,16.4796],[107.6525,16.4783],[107.6523,16.4763],[107.6508,16.4749],[107.6445,16.4743],[107.6429,16.4732],[107.6417,16.4706],[107.6424,16.4677],[107.6434,16.4664],[107.6473,16.4649],[107.65,16.4633],[107.6519,16.4614],[107.6528,16.4597],[107.6535,16.4563],[107.653,16.4531],[107.6541,16.452],[107.6523,16.4444],[107.6507,16.439],[107.6507,16.4365],[107.6511,16.4329],[107.654,16.4303],[107.6536,16.4291],[107.6539,16.4258],[107.6526,16.4237],[107.652,16.4218],[107.6528,16.4202],[107.6525,16.4192],[107.6538,16.4182],[107.6537,16.4125],[107.653,16.4075],[107.6533,16.4056],[107.6528,16.4036],[107.6528,16.4001],[107.6538,16.3986],[107.6547,16.3942],[107.6545,16.392],[107.6537,16.3889],[107.6545,16.3853],[107.6555,16.3827],[107.655,16.3806],[107.6556,16.3798],[107.6553,16.3776],[107.6558,16.3744],[107.6564,16.3726],[107.6561,16.3687],[107.6568,16.3678],[107.6563,16.3665],[107.6567,16.363],[107.6558,16.3612],[107.6556,16.3582],[107.653,16.3584],[107.6512,16.3595],[107.647,16.363],[107.647,16.3642],[107.6439,16.3654],[107.6429,16.3649],[107.6417,16.3682],[107.6393,16.3694],[107.6376,16.3696],[107.6374,16.368],[107.6354,16.3677],[107.6351,16.3665],[107.6325,16.3698],[107.6326,16.371],[107.6307,16.3723],[107.6288,16.371],[107.6271,16.3735],[107.6247,16.3736],[107.6241,16.3709],[107.6225,16.3707],[107.6213,16.3726],[107.6206,16.3726],[107.6209,16.374],[107.6199,16.3759],[107.6199,16.3773],[107.6188,16.3783],[107.6218,16.3807],[107.6207,16.3844],[107.6196,16.386],[107.6199,16.3872],[107.622,16.3878],[107.6218,16.3889],[107.62,16.3895],[107.6113,16.3902],[107.61,16.3924],[107.6097,16.3965],[107.6104,16.3993],[107.6116,16.402],[107.6121,16.4021],[107.6131,16.4057],[107.6126,16.4078],[107.6141,16.4078],[107.6151,16.4086],[107.6134,16.4099],[107.6122,16.4116],[107.6121,16.4133],[107.6108,16.4152],[107.6101,16.4187],[107.6108,16.42],[107.6102,16.4222],[107.6088,16.4225],[107.6077,16.4244],[107.6092,16.4258],[107.6085,16.4273],[107.6088,16.4298],[107.6102,16.4311],[107.6108,16.4331],[107.6104,16.434],[107.6109,16.4357],[107.6105,16.4402],[107.6114,16.4437],[107.6092,16.4457],[107.6103,16.4472],[107.612,16.4481],[107.6127,16.4493],[107.6138,16.4497],[107.6169,16.4483],[107.6178,16.4499],[107.6186,16.4498],[107.6183,16.4523],[107.6201,16.4532],[107.6208,16.4528],[107.6222,16.4552],[107.6207,16.4561],[107.6196,16.4614],[107.6225,16.4612],[107.624,16.4617],[107.6244,16.4598],[107.6271,16.4597],[107.6279,16.4612],[107.6292,16.4615],[107.6302,16.4626],[107.6276,16.4663],[107.6269,16.466],[107.6269,16.47],[107.6243,16.4697],[107.6243,16.4722]]]},"properties":{"name":"Thanh Thuỷ","level":"ward"}},{"type":"Feature","geometry":{"type":"Polygon","coordinates":[[[107.6541,16.452],[107.6589,16.4518],[107.6611,16.4507],[107.6631,16.4464],[107.664,16.4449],[107.6662,16.443],[107.6699,16.4426],[107.6727,16.4432],[107.6749,16.443],[107.6782,16.44],[107.6831,16.4339],[107.6848,16.4322],[107.687,16.4311],[107.6893,16.4313],[107.698,16.4351],[107.6999,16.4356],[107.7035,16.435],[107.7064,16.4347],[107.7098,16.432],[107.7117,16.43],[107.7125,16.428],[107.7123,16.4244],[107.7131,16.4215],[107.7143,16.4197],[107.7176,16.4171],[107.7206,16.4156],[107.7271,16.4129],[107.731,16.4105],[107.7325,16.4088],[107.734,16.4043],[107.735,16.3994],[107.7361,16.397],[107.7352,16.3962],[107.7325,16.3957],[107.7313,16.396],[107.7291,16.3941],[107.7255,16.3932],[107.7235,16.3896],[107.7221,16.3897],[107.7183,16.3913],[107.7187,16.3924],[107.717,16.394],[107.7091,16.3943],[107.7077,16.3961],[107.7076,16.3997],[107.7095,16.3996],[107.7096,16.401],[107.7056,16.4012],[107.7057,16.4033],[107.7039,16.4035],[107.6933,16.404],[107.6919,16.4034],[107.6917,16.4049],[107.6885,16.4071],[107.6873,16.4085],[107.6872,16.41],[107.6856,16.4101],[107.6839,16.4119],[107.6832,16.4137],[107.6811,16.4135],[107.6797,16.4149],[107.6781,16.415],[107.678,16.4173],[107.6752,16.418],[107.6752,16.4166],[107.6717,16.4171],[107.6706,16.4179],[107.6654,16.42],[107.6631,16.4194],[107.6653,16.4177],[107.6658,16.4138],[107.6655,16.412],[107.664,16.4086],[107.6619,16.407],[107.663,16.4054],[107.6633,16.4014],[107.6636,16.4008],[107.6635,16.3909],[107.6645,16.3887],[107.6686,16.3878],[107.669,16.386],[107.6684,16.3851],[107.6682,16.3819],[107.6675,16.3809],[107.6683,16.38],[107.6686,16.3768],[107.6679,16.3748],[107.6677,16.3725],[107.6681,16.3682],[107.6674,16.365],[107.6673,16.3631],[107.6664,16.3618],[107.6649,16.3611],[107.6634,16.3597],[107.6634,16.3587],[107.6617,16.3574],[107.6602,16.3549],[107.6595,16.3529],[107.6559,16.354],[107.6553,16.3552],[107.6556,16.3582],[107.6558,16.3612],[107.6567,16.363],[107.6563,16.3665],[107.6568,16.3678],[107.6561,16.3687],[107.6564,16.3726],[107.6558,16.3744],[107.6553,16.3776],[107.6556,16.3798],[107.655,16.3806],[107.6555,16.3827],[107.6545,16.3853],[107.6537,16.3889],[107.6545,16.392],[107.6547,16.3942],[107.6538,16.3986],[107.6528,16.4001],[107.6528,16.4036],[107.6533,16.4056],[107.653,16.4075],[107.6537,16.4125],[107.6538,16.4182],[107.6525,16.4192],[107.6528,16.4202],[107.652,16.4218],[107.6526,16.4237],[107.6539,16.4258],[107.6536,16.4291],[107.654,16.4303],[107.6511,16.4329],[107.6507,16.4365],[107.6507,16.439],[107.6523,16.4444],[107.6541,16.452]]]},"properties":{"name":"Hương Thuỷ","level":"ward"}},{"type":"Feature","geometry":{"type":"Polygon","coordinates":[[[107.366,16.402],[107.3675,16.4036],[107.3681,16.4078],[107.3694,16.4085],[107.3761,16.409],[107.3775,16.4103],[107.3799,16.4161],[107.3814,16.4168],[107.3854,16.4212],[107.4003,16.4238],[107.4032,16.4262],[107.4062,16.4339],[107.4121,16.4401],[107.4241,16.4611],[107.426,16.4627],[107.4285,16.4639],[107.4296,16.464],[107.4307,16.4651],[107.4308,16.4672],[107.432,16.4687],[107.4344,16.4689],[107.437,16.4704],[107.4402,16.4714],[107.4404,16.4726],[107.4397,16.4778],[107.4391,16.4789],[107.4356,16.4798],[107.4341,16.4807],[107.4345,16.482],[107.4353,16.4862],[107.4364,16.4956],[107.4359,16.5011],[107.4365,16.5071],[107.4383,16.5107],[107.4429,16.5173],[107.4443,16.5198],[107.4427,16.5266],[107.4426,16.5317],[107.4436,16.5334],[107.4462,16.536],[107.4523,16.5417],[107.4578,16.5456],[107.4601,16.5462],[107.4613,16.5459],[107.4658,16.5421],[107.4695,16.5383],[107.471,16.5363],[107.4747,16.53],[107.4766,16.5277],[107.4784,16.5263],[107.4804,16.5255],[107.4867,16.5247],[107.4909,16.5248],[107.4958,16.5254],[107.4973,16.526],[107.4978,16.5251],[107.4967,16.523],[107.4964,16.5206],[107.4955,16.5204],[107.495,16.517],[107.4976,16.5161],[107.4974,16.5136],[107.4986,16.5142],[107.5001,16.5123],[107.501,16.5126],[107.5018,16.5107],[107.5051,16.5068],[107.4974,16.5012],[107.4952,16.4989],[107.4928,16.4957],[107.493,16.4949],[107.4885,16.4923],[107.4848,16.4892],[107.4804,16.4862],[107.4765,16.4838],[107.4747,16.4832],[107.4724,16.4845],[107.4718,16.484],[107.4715,16.4814],[107.4694,16.4803],[107.4656,16.4765],[107.464,16.4757],[107.4637,16.4748],[107.4616,16.474],[107.4581,16.4717],[107.4594,16.4699],[107.4603,16.4675],[107.4603,16.4653],[107.4614,16.4626],[107.4645,16.4595],[107.4643,16.4577],[107.4629,16.458],[107.4591,16.461],[107.4582,16.4608],[107.456,16.458],[107.454,16.4568],[107.4528,16.4569],[107.4518,16.4592],[107.4507,16.4598],[107.4472,16.46],[107.4444,16.4595],[107.4432,16.4589],[107.4444,16.457],[107.4418,16.4564],[107.4398,16.4549],[107.4411,16.4517],[107.4391,16.4489],[107.4393,16.4477],[107.4375,16.4471],[107.4366,16.4457],[107.435,16.4444],[107.4331,16.4451],[107.4312,16.4434],[107.4316,16.4404],[107.4309,16.4376],[107.4299,16.4362],[107.4312,16.4346],[107.4316,16.4327],[107.433,16.4308],[107.4335,16.4254],[107.433,16.4236],[107.4335,16.4216],[107.4329,16.4196],[107.4309,16.4181],[107.4309,16.4164],[107.4299,16.4151],[107.4314,16.4127],[107.4288,16.4102],[107.4279,16.4076],[107.4286,16.4064],[107.4272,16.404],[107.4269,16.4018],[107.4273,16.3997],[107.4288,16.3977],[107.4303,16.3971],[107.4303,16.3945],[107.4294,16.3936],[107.4314,16.3914],[107.4318,16.39],[107.4312,16.3882],[107.4282,16.3884],[107.427,16.388],[107.4259,16.3864],[107.424,16.3847],[107.4214,16.3799],[107.419,16.3781],[107.4186,16.376],[107.4171,16.3756],[107.413,16.376],[107.4113,16.3744],[107.4085,16.373],[107.4071,16.3749],[107.4025,16.3758],[107.401,16.3754],[107.3975,16.3754],[107.3965,16.3744],[107.3963,16.3726],[107.3967,16.3715],[107.3949,16.3693],[107.3931,16.3696],[107.3907,16.3682],[107.3892,16.3696],[107.3864,16.3706],[107.385,16.3701],[107.3829,16.3705],[107.3802,16.3743],[107.38,16.3762],[107.3782,16.3774],[107.3773,16.3802],[107.3795,16.3824],[107.3791,16.3842],[107.3774,16.3839],[107.3754,16.3849],[107.3749,16.3858],[107.3763,16.3872],[107.3762,16.3885],[107.3751,16.389],[107.3741,16.3917],[107.3722,16.3935],[107.3712,16.3972],[107.3663,16.4012],[107.366,16.402]]]},"properties":{"name":"Hương Trà","level":"ward"}},{"type":"Feature","geometry":{"type":"Polygon","coordinates":[[[107.5787,16.4949],[107.5724,16.4903],[107.5634,16.484],[107.5639,16.4863],[107.5656,16.4869],[107.5674,16.4881],[107.5677,16.4894],[107.572,16.4928],[107.5717,16.4934],[107.5676,16.493],[107.5674,16.4953],[107.5693,16.4956],[107.5691,16.4987],[107.5702,16.4995],[107.5705,16.5021],[107.568,16.5036],[107.5673,16.5025],[107.5649,16.5031],[107.5628,16.5042],[107.564,16.5074],[107.5603,16.5083],[107.5576,16.5076],[107.5541,16.5072],[107.5536,16.508],[107.5528,16.5098],[107.5508,16.512],[107.552,16.5138],[107.5501,16.5146],[107.5514,16.5179],[107.5525,16.5172],[107.5542,16.5178],[107.5554,16.5189],[107.557,16.5183],[107.5575,16.5204],[107.5589,16.5215],[107.5621,16.5224],[107.5621,16.5231],[107.5605,16.5251],[107.5594,16.5251],[107.5583,16.5267],[107.5573,16.5257],[107.5552,16.5255],[107.5542,16.5263],[107.5523,16.5299],[107.5508,16.5316],[107.5484,16.533],[107.546,16.5333],[107.5455,16.5349],[107.5431,16.538],[107.5446,16.5422],[107.5433,16.5425],[107.5441,16.5445],[107.5453,16.5434],[107.5474,16.5431],[107.5496,16.5442],[107.5513,16.5442],[107.5518,16.5456],[107.5534,16.5446],[107.5567,16.5484],[107.5562,16.5488],[107.5516,16.55],[107.5524,16.5534],[107.5541,16.5566],[107.556,16.5561],[107.5608,16.5576],[107.5631,16.5527],[107.5649,16.5536],[107.5657,16.5549],[107.5697,16.5574],[107.576,16.5607],[107.5722,16.5663],[107.5696,16.5719],[107.5667,16.5823],[107.5642,16.5865],[107.5719,16.5829],[107.5781,16.5835],[107.5852,16.5832],[107.5893,16.5823],[107.5924,16.58],[107.5939,16.5785],[107.5982,16.5715],[107.6012,16.5684],[107.6042,16.5665],[107.6065,16.5657],[107.6158,16.5634],[107.6266,16.5629],[107.6284,16.5616],[107.631,16.5558],[107.6314,16.5538],[107.6311,16.5525],[107.6268,16.5471],[107.6234,16.5462],[107.6188,16.5461],[107.6109,16.547],[107.6089,16.5481],[107.6057,16.5494],[107.6031,16.55],[107.601,16.5501],[107.5959,16.5498],[107.5933,16.5485],[107.5914,16.5463],[107.5892,16.5422],[107.5863,16.5377],[107.5852,16.5369],[107.5827,16.536],[107.5806,16.5348],[107.5784,16.5328],[107.5745,16.527],[107.5742,16.5233],[107.5751,16.52],[107.576,16.5193],[107.5787,16.5144],[107.5787,16.512],[107.5765,16.5086],[107.5763,16.5067],[107.5763,16.4993],[107.5775,16.4957],[107.5787,16.4949]]]},"properties":{"name":"Hoá Châu","level":"ward"}},{"type":"Feature","geometry":{"type":"Polygon","coordinates":[[[107.4955,16.4548],[107.4935,16.4556],[107.4919,16.4537],[107.4916,16.4524],[107.4868,16.4511],[107.4858,16.4517],[107.4821,16.4528],[107.4808,16.4525],[107.479,16.4525],[107.4772,16.4544],[107.4769,16.4553],[107.475,16.4549],[107.4735,16.4532],[107.4713,16.4524],[107.467,16.4556],[107.4661,16.4568],[107.4643,16.4577],[107.4645,16.4595],[107.4614,16.4626],[107.4603,16.4653],[107.4603,16.4675],[107.4594,16.4699],[107.4581,16.4717],[107.4616,16.474],[107.4637,16.4748],[107.464,16.4757],[107.4656,16.4765],[107.4694,16.4803],[107.4715,16.4814],[107.4718,16.484],[107.4724,16.4845],[107.4747,16.4832],[107.4765,16.4838],[107.4804,16.4862],[107.4848,16.4892],[107.4885,16.4923],[107.493,16.4949],[107.4928,16.4957],[107.4952,16.4989],[107.4974,16.5012],[107.5051,16.5068],[107.5018,16.5107],[107.501,16.5126],[107.5001,16.5123],[107.4986,16.5142],[107.4974,16.5136],[107.4976,16.5161],[107.495,16.517],[107.4955,16.5204],[107.4964,16.5206],[107.4967,16.523],[107.4978,16.5251],[107.4973,16.526],[107.4983,16.5267],[107.5031,16.5316],[107.5051,16.5349],[107.509,16.5358],[107.5111,16.5366],[107.5117,16.5361],[107.5121,16.5341],[107.5143,16.5317],[107.5141,16.5308],[107.5122,16.5289],[107.5105,16.5256],[107.5097,16.523],[107.5098,16.5208],[107.5104,16.5191],[107.5114,16.5176],[107.5128,16.5166],[107.5153,16.5158],[107.5173,16.5156],[107.5203,16.5167],[107.5203,16.5184],[107.5177,16.5195],[107.518,16.5214],[107.5197,16.5261],[107.5214,16.5279],[107.5227,16.5281],[107.5258,16.5272],[107.5283,16.5252],[107.5297,16.5219],[107.5297,16.5204],[107.5316,16.5203],[107.5341,16.5211],[107.5361,16.523],[107.5331,16.5228],[107.5312,16.5236],[107.5305,16.5261],[107.5312,16.527],[107.5343,16.5287],[107.5394,16.5326],[107.5414,16.5333],[107.546,16.5333],[107.5484,16.533],[107.5508,16.5316],[107.5523,16.5299],[107.5542,16.5263],[107.5552,16.5255],[107.5573,16.5257],[107.5583,16.5267],[107.5594,16.5251],[107.5605,16.5251],[107.5621,16.5231],[107.5621,16.5224],[107.5589,16.5215],[107.5575,16.5204],[107.557,16.5183],[107.5554,16.5189],[107.5542,16.5178],[107.5525,16.5172],[107.5514,16.5179],[107.5501,16.5146],[107.552,16.5138],[107.5508,16.512],[107.5528,16.5098],[107.5536,16.508],[107.5528,16.5062],[107.5516,16.5055],[107.551,16.507],[107.5491,16.5056],[107.5479,16.5038],[107.5485,16.4992],[107.5466,16.4975],[107.5477,16.4956],[107.5475,16.4943],[107.5455,16.494],[107.5445,16.4957],[107.5423,16.4979],[107.5404,16.5014],[107.5383,16.5003],[107.5381,16.4991],[107.5349,16.498],[107.5355,16.4954],[107.5326,16.4931],[107.5336,16.4913],[107.5327,16.4903],[107.5313,16.4899],[107.5317,16.4881],[107.5328,16.4866],[107.533,16.4853],[107.528,16.4835],[107.5283,16.4813],[107.5256,16.4803],[107.5242,16.4785],[107.5229,16.4781],[107.5216,16.4786],[107.5205,16.4802],[107.5191,16.48],[107.5171,16.4786],[107.5167,16.4799],[107.5152,16.4797],[107.5158,16.478],[107.5132,16.4767],[107.5119,16.4755],[107.5097,16.4743],[107.5084,16.4745],[107.5059,16.4732],[107.503,16.4662],[107.5023,16.4655],[107.4992,16.4603],[107.4963,16.4569],[107.4955,16.4548]]]},"properties":{"name":"Kim Trà","level":"ward"}},{"type":"Feature","geometry":{"type":"Polygon","coordinates":[[[107.4808,16.4525],[107.4799,16.4509],[107.4789,16.4502],[107.4775,16.4459],[107.4762,16.4444],[107.4733,16.4424],[107.4718,16.4402],[107.4695,16.4382],[107.4684,16.4378],[107.4689,16.4352],[107.4688,16.433],[107.4698,16.4318],[107.4698,16.4306],[107.4707,16.4297],[107.47,16.4274],[107.4715,16.4263],[107.4741,16.4257],[107.4745,16.424],[107.4769,16.4224],[107.4788,16.4199],[107.4813,16.4175],[107.4836,16.4162],[107.4877,16.4116],[107.4896,16.4122],[107.4918,16.4117],[107.4938,16.4131],[107.4988,16.4114],[107.5022,16.409],[107.5036,16.4098],[107.5064,16.4099],[107.5089,16.4105],[107.5117,16.4098],[107.5124,16.4108],[107.5154,16.4114],[107.517,16.4106],[107.5176,16.4056],[107.5205,16.4043],[107.5213,16.4052],[107.5243,16.4056],[107.5253,16.4034],[107.5247,16.4017],[107.5238,16.4012],[107.5243,16.3995],[107.5229,16.3986],[107.523,16.3973],[107.5219,16.3965],[107.5232,16.393],[107.5219,16.3921],[107.5223,16.3909],[107.5301,16.3905],[107.531,16.3899],[107.5348,16.3906],[107.5363,16.3901],[107.5375,16.3888],[107.5426,16.3855],[107.5426,16.3845],[107.5408,16.3822],[107.5401,16.3799],[107.538,16.3776],[107.54,16.3764],[107.5412,16.3733],[107.5432,16.3732],[107.545,16.3704],[107.546,16.3705],[107.5499,16.3666],[107.5537,16.3614],[107.5515,16.3593],[107.5508,16.3579],[107.5507,16.3559],[107.5477,16.356],[107.5471,16.3542],[107.5456,16.3523],[107.5434,16.3515],[107.5424,16.3505],[107.5428,16.3485],[107.5439,16.3468],[107.5441,16.3439],[107.5448,16.3425],[107.5446,16.3407],[107.5436,16.3399],[107.5418,16.3392],[107.5405,16.3364],[107.5414,16.3354],[107.5428,16.3322],[107.5427,16.3303],[107.5441,16.3288],[107.5461,16.3279],[107.5462,16.3226],[107.5447,16.3224],[107.5431,16.3243],[107.5419,16.3241],[107.5409,16.3223],[107.539,16.3215],[107.5357,16.3235],[107.5348,16.3221],[107.5326,16.3204],[107.531,16.3204],[107.53,16.3194],[107.5317,16.3179],[107.5326,16.3157],[107.5324,16.3146],[107.5334,16.3131],[107.5331,16.3118],[107.5338,16.31],[107.5329,16.3071],[107.5343,16.3039],[107.5342,16.3023],[107.533,16.3016],[107.5324,16.2994],[107.5338,16.2971],[107.533,16.2957],[107.5327,16.2937],[107.5341,16.2917],[107.5338,16.2904],[107.5326,16.2899],[107.531,16.2881],[107.5302,16.2866],[107.5289,16.2867],[107.5278,16.2859],[107.5265,16.2833],[107.5247,16.2824],[107.5247,16.2814],[107.522,16.281],[107.5199,16.2797],[107.5181,16.2796],[107.5176,16.2776],[107.5144,16.2765],[107.5118,16.2743],[107.507,16.2722],[107.5068,16.2703],[107.502,16.2697],[107.5006,16.2703],[107.4994,16.2701],[107.4976,16.2687],[107.4962,16.2703],[107.4938,16.2702],[107.4899,16.2673],[107.4889,16.268],[107.4859,16.2676],[107.4839,16.2677],[107.4797,16.2662],[107.4778,16.2629],[107.4768,16.2629],[107.4746,16.2666],[107.4743,16.2643],[107.4753,16.2633],[107.4746,16.2624],[107.4729,16.2628],[107.4717,16.2641],[107.47,16.2627],[107.4699,16.2605],[107.4676,16.2608],[107.4628,16.2576],[107.462,16.2563],[107.4603,16.2561],[107.4598,16.2547],[107.4582,16.2543],[107.4572,16.2548],[107.457,16.2576],[107.4552,16.2588],[107.4538,16.2587],[107.4528,16.2564],[107.4489,16.2545],[107.4472,16.2545],[107.4456,16.2558],[107.4413,16.2561],[107.4396,16.2573],[107.4359,16.2582],[107.435,16.261],[107.4354,16.2627],[107.4329,16.2649],[107.4316,16.2643],[107.4298,16.2659],[107.4308,16.2677],[107.4286,16.269],[107.4289,16.2705],[107.4262,16.273],[107.4257,16.2751],[107.4229,16.2777],[107.4177,16.2794],[107.4158,16.2787],[107.4146,16.2788],[107.4129,16.2801],[107.4128,16.2819],[107.4137,16.2835],[107.4135,16.2857],[107.4118,16.2872],[107.4119,16.2894],[107.4109,16.2912],[107.411,16.2926],[107.412,16.2936],[107.4117,16.2955],[107.4124,16.2969],[107.4142,16.2994],[107.4149,16.3015],[107.4146,16.3044],[107.414,16.3049],[107.4143,16.3069],[107.4124,16.3081],[107.4089,16.3086],[107.4061,16.312],[107.4054,16.3136],[107.4044,16.3134],[107.4024,16.3154],[107.4019,16.3168],[107.3991,16.3175],[107.4002,16.3197],[107.3995,16.3213],[107.3998,16.3261],[107.4021,16.331],[107.4018,16.3319],[107.4032,16.3327],[107.4068,16.3359],[107.4086,16.3402],[107.4079,16.3425],[107.4043,16.3438],[107.4024,16.3455],[107.4008,16.3455],[107.3984,16.3444],[107.3933,16.346],[107.3916,16.3455],[107.3871,16.3461],[107.3853,16.3458],[107.3836,16.3449],[107.3822,16.3432],[107.3818,16.3406],[107.378,16.3379],[107.3743,16.3379],[107.3714,16.3388],[107.3698,16.3404],[107.3655,16.3411],[107.3634,16.3409],[107.3624,16.3414],[107.3607,16.3401],[107.3585,16.3393],[107.356,16.3397],[107.3546,16.3412],[107.3525,16.3422],[107.3503,16.3424],[107.3483,16.3435],[107.3448,16.3426],[107.343,16.3444],[107.3388,16.3442],[107.3359,16.3463],[107.3329,16.3462],[107.3316,16.3471],[107.3304,16.3492],[107.3303,16.3505],[107.333,16.3504],[107.3342,16.3518],[107.337,16.3529],[107.338,16.3548],[107.3372,16.356],[107.338,16.3579],[107.3375,16.3586],[107.3354,16.3588],[107.335,16.3613],[107.3335,16.363],[107.3301,16.3653],[107.3289,16.3665],[107.3307,16.3674],[107.3318,16.3692],[107.3341,16.3691],[107.3354,16.3731],[107.335,16.3742],[107.3333,16.3746],[107.3334,16.3761],[107.3361,16.3765],[107.336,16.3783],[107.3383,16.3794],[107.3393,16.3789],[107.34,16.3768],[107.3418,16.3768],[107.3417,16.3794],[107.3435,16.3798],[107.3448,16.3794],[107.3463,16.3803],[107.3491,16.3804],[107.3526,16.3835],[107.3548,16.3837],[107.3606,16.3862],[107.3615,16.3876],[107.3604,16.3889],[107.3576,16.3893],[107.3565,16.3925],[107.356,16.4007],[107.3552,16.402],[107.3531,16.4024],[107.3524,16.4038],[107.3537,16.4058],[107.3557,16.4039],[107.3574,16.403],[107.3587,16.4017],[107.3604,16.4012],[107.3625,16.4013],[107.3639,16.4026],[107.366,16.402],[107.3663,16.4012],[107.3712,16.3972],[107.3722,16.3935],[107.3741,16.3917],[107.3751,16.389],[107.3762,16.3885],[107.3763,16.3872],[107.3749,16.3858],[107.3754,16.3849],[107.3774,16.3839],[107.3791,16.3842],[107.3795,16.3824],[107.3773,16.3802],[107.3782,16.3774],[107.38,16.3762],[107.3802,16.3743],[107.3829,16.3705],[107.385,16.3701],[107.3864,16.3706],[107.3892,16.3696],[107.3907,16.3682],[107.3931,16.3696],[107.3949,16.3693],[107.3967,16.3715],[107.3963,16.3726],[107.3965,16.3744],[107.3975,16.3754],[107.401,16.3754],[107.4025,16.3758],[107.4071,16.3749],[107.4085,16.373],[107.4113,16.3744],[107.413,16.376],[107.4171,16.3756],[107.4186,16.376],[107.419,16.3781],[107.4214,16.3799],[107.424,16.3847],[107.4259,16.3864],[107.427,16.388],[107.4282,16.3884],[107.4312,16.3882],[107.4318,16.39],[107.4314,16.3914],[107.4294,16.3936],[107.4303,16.3945],[107.4303,16.3971],[107.4288,16.3977],[107.4273,16.3997],[107.4269,16.4018],[107.4272,16.404],[107.4286,16.4064],[107.4279,16.4076],[107.4288,16.4102],[107.4314,16.4127],[107.4299,16.4151],[107.4309,16.4164],[107.4309,16.4181],[107.4329,16.4196],[107.4335,16.4216],[107.433,16.4236],[107.4335,16.4254],[107.433,16.4308],[107.4316,16.4327],[107.4312,16.4346],[107.4299,16.4362],[107.4309,16.4376],[107.4316,16.4404],[107.4312,16.4434],[107.4331,16.4451],[107.435,16.4444],[107.4366,16.4457],[107.4375,16.4471],[107.4393,16.4477],[107.4391,16.4489],[107.4411,16.4517],[107.4398,16.4549],[107.4418,16.4564],[107.4444,16.457],[107.4432,16.4589],[107.4444,16.4595],[107.4472,16.46],[107.4507,16.4598],[107.4518,16.4592],[107.4528,16.4569],[107.454,16.4568],[107.456,16.458],[107.4582,16.4608],[107.4591,16.461],[107.4629,16.458],[107.4643,16.4577],[107.4661,16.4568],[107.467,16.4556],[107.4713,16.4524],[107.4735,16.4532],[107.475,16.4549],[107.4769,16.4553],[107.4772,16.4544],[107.479,16.4525],[107.4808,16.4525]]]},"properties":{"name":"Bình Điền","level":"ward"}},{"type":"Feature","geometry":{"type":"Polygon","coordinates":[[[107.2486,16.3039],[107.2498,16.3038],[107.2523,16.3026],[107.254,16.2997],[107.2535,16.2981],[107.2535,16.2937],[107.2547,16.2916],[107.2576,16.2917],[107.2593,16.2911],[107.2603,16.2889],[107.2631,16.286],[107.2628,16.2828],[107.2634,16.2817],[107.2643,16.2779],[107.2622,16.2748],[107.2627,16.274],[107.2611,16.2717],[107.262,16.2699],[107.2604,16.2673],[107.2594,16.2673],[107.2584,16.2651],[107.2561,16.2651],[107.2545,16.2646],[107.2539,16.2635],[107.2557,16.2617],[107.2565,16.2599],[107.2571,16.2561],[107.255,16.2557],[107.2531,16.2546],[107.2507,16.2519],[107.2501,16.2507],[107.2472,16.2492],[107.2453,16.2492],[107.2436,16.25],[107.2414,16.2495],[107.2381,16.252],[107.2356,16.2527],[107.2344,16.2523],[107.2359,16.2505],[107.236,16.2487],[107.2347,16.2478],[107.2362,16.2466],[107.2387,16.2468],[107.2413,16.2452],[107.2415,16.2426],[107.2396,16.2427],[107.2386,16.2417],[107.2369,16.2416],[107.2359,16.2402],[107.233,16.2397],[107.2321,16.2411],[107.2285,16.2424],[107.2276,16.2415],[107.2272,16.2384],[107.2275,16.2357],[107.2231,16.2334],[107.2237,16.2312],[107.2207,16.23],[107.2207,16.2279],[107.2225,16.2271],[107.2227,16.2244],[107.2221,16.2224],[107.2197,16.222],[107.2198,16.2192],[107.2192,16.2178],[107.2178,16.2172],[107.2157,16.2173],[107.2145,16.2161],[107.2137,16.2142],[107.2108,16.2143],[107.2084,16.2132],[107.2059,16.2132],[107.2053,16.2126],[107.2047,16.2096],[107.2013,16.2115],[107.2011,16.2135],[107.1994,16.214],[107.1963,16.2141],[107.1946,16.2135],[107.1904,16.213],[107.1875,16.2133],[107.185,16.2128],[107.1832,16.2118],[107.1824,16.2098],[107.1828,16.2087],[107.1824,16.206],[107.1814,16.2048],[107.1798,16.2057],[107.1782,16.2055],[107.1744,16.2037],[107.172,16.2033],[107.171,16.2024],[107.1676,16.2024],[107.1668,16.2007],[107.1659,16.2002],[107.1654,16.1981],[107.162,16.1977],[107.1601,16.1966],[107.1582,16.1961],[107.1557,16.1945],[107.15,16.1932],[107.1487,16.1935],[107.1497,16.1941],[107.1501,16.197],[107.1497,16.1998],[107.1471,16.2029],[107.1475,16.2064],[107.1481,16.2093],[107.1471,16.2115],[107.1454,16.2113],[107.1445,16.2139],[107.1456,16.2181],[107.1468,16.2212],[107.1503,16.2241],[107.1518,16.226],[107.153,16.2287],[107.1547,16.2302],[107.1553,16.2325],[107.1535,16.2343],[107.1494,16.2359],[107.1492,16.2381],[107.15,16.2395],[107.1525,16.2406],[107.1531,16.2415],[107.1537,16.2448],[107.1548,16.2469],[107.1547,16.2483],[107.1537,16.2514],[107.1537,16.2528],[107.1555,16.2538],[107.1567,16.2566],[107.1532,16.2594],[107.1517,16.2631],[107.1497,16.2635],[107.1485,16.2649],[107.1463,16.2686],[107.1475,16.2692],[107.1497,16.2678],[107.151,16.2682],[107.1505,16.2713],[107.1495,16.2743],[107.1471,16.2769],[107.146,16.2801],[107.1475,16.2806],[107.1493,16.2824],[107.1517,16.2836],[107.1536,16.2858],[107.1548,16.2862],[107.1553,16.2897],[107.1551,16.2914],[107.1568,16.2923],[107.1571,16.2932],[107.159,16.2933],[107.16,16.2956],[107.1637,16.2958],[107.1673,16.2984],[107.1686,16.2984],[107.1703,16.3006],[107.1731,16.3017],[107.1744,16.3005],[107.1759,16.3008],[107.1796,16.2997],[107.181,16.298],[107.1825,16.2979],[107.1862,16.2957],[107.1884,16.2958],[107.1906,16.2942],[107.194,16.2932],[107.196,16.2936],[107.197,16.2946],[107.2026,16.2945],[107.2042,16.2918],[107.2079,16.2883],[107.2084,16.2866],[107.2107,16.2819],[107.2113,16.278],[107.2112,16.2761],[107.2134,16.2759],[107.2134,16.2739],[107.2161,16.2744],[107.2165,16.2764],[107.2162,16.2805],[107.2184,16.2828],[107.2187,16.2847],[107.222,16.2872],[107.2229,16.2886],[107.2248,16.2888],[107.2257,16.2912],[107.2262,16.2937],[107.2252,16.2964],[107.2262,16.3001],[107.2277,16.3035],[107.2268,16.306],[107.227,16.3083],[107.2259,16.3102],[107.2277,16.3125],[107.2302,16.3142],[107.2328,16.3129],[107.2347,16.3112],[107.2373,16.3115],[107.2394,16.3109],[107.2418,16.3097],[107.2446,16.3076],[107.2469,16.3069],[107.2486,16.3039]]]},"properties":{"name":"A Lưới 2","level":"ward"}},{"type":"Feature","geometry":{"type":"Polygon","coordinates":[[[107.2509,16.3751],[107.2514,16.3763],[107.2532,16.3776],[107.2555,16.3785],[107.2589,16.3783],[107.2612,16.3791],[107.2615,16.3799],[107.2669,16.3806],[107.2684,16.3815],[107.2701,16.3815],[107.2727,16.3827],[107.276,16.3833],[107.2789,16.3806],[107.2825,16.3799],[107.2819,16.3783],[107.284,16.3772],[107.2853,16.3752],[107.2871,16.3753],[107.2894,16.3771],[107.2926,16.3756],[107.2933,16.3745],[107.2944,16.3749],[107.3009,16.3735],[107.3032,16.3725],[107.3056,16.3723],[107.3075,16.3696],[107.3094,16.369],[107.3121,16.3674],[107.314,16.3656],[107.3158,16.3618],[107.3176,16.3605],[107.3189,16.3589],[107.3237,16.355],[107.3248,16.3546],[107.3266,16.3551],[107.3289,16.3536],[107.3303,16.3505],[107.3304,16.3492],[107.3316,16.3471],[107.3329,16.3462],[107.3359,16.3463],[107.3388,16.3442],[107.343,16.3444],[107.3448,16.3426],[107.3483,16.3435],[107.3503,16.3424],[107.3525,16.3422],[107.3546,16.3412],[107.356,16.3397],[107.3585,16.3393],[107.3607,16.3401],[107.3624,16.3414],[107.3634,16.3409],[107.3655,16.3411],[107.3698,16.3404],[107.3714,16.3388],[107.3743,16.3379],[107.378,16.3379],[107.3818,16.3406],[107.3822,16.3432],[107.3836,16.3449],[107.3853,16.3458],[107.3871,16.3461],[107.3916,16.3455],[107.3933,16.346],[107.3984,16.3444],[107.4008,16.3455],[107.4024,16.3455],[107.4043,16.3438],[107.4079,16.3425],[107.4086,16.3402],[107.4068,16.3359],[107.4032,16.3327],[107.4018,16.3319],[107.4021,16.331],[107.3998,16.3261],[107.3995,16.3213],[107.4002,16.3197],[107.3991,16.3175],[107.4019,16.3168],[107.4024,16.3154],[107.4044,16.3134],[107.4054,16.3136],[107.4061,16.312],[107.4089,16.3086],[107.4124,16.3081],[107.4143,16.3069],[107.414,16.3049],[107.4146,16.3044],[107.4149,16.3015],[107.4142,16.2994],[107.4124,16.2969],[107.4117,16.2955],[107.412,16.2936],[107.411,16.2926],[107.4109,16.2912],[107.4119,16.2894],[107.4118,16.2872],[107.4135,16.2857],[107.4137,16.2835],[107.4128,16.2819],[107.4129,16.2801],[107.4146,16.2788],[107.4158,16.2787],[107.4177,16.2794],[107.4229,16.2777],[107.4257,16.2751],[107.4262,16.273],[107.4289,16.2705],[107.4286,16.269],[107.4308,16.2677],[107.4298,16.2659],[107.4316,16.2643],[107.4329,16.2649],[107.4354,16.2627],[107.435,16.261],[107.4359,16.2582],[107.4396,16.2573],[107.4413,16.2561],[107.4456,16.2558],[107.4472,16.2545],[107.4489,16.2545],[107.4528,16.2564],[107.4538,16.2587],[107.4552,16.2588],[107.457,16.2576],[107.4572,16.2548],[107.4582,16.2543],[107.4598,16.2547],[107.4603,16.2561],[107.462,16.2563],[107.4628,16.2576],[107.4676,16.2608],[107.4699,16.2605],[107.47,16.2627],[107.4717,16.2641],[107.4729,16.2628],[107.4746,16.2624],[107.4753,16.2633],[107.4743,16.2643],[107.4746,16.2666],[107.4768,16.2629],[107.4778,16.2629],[107.4797,16.2662],[107.4839,16.2677],[107.4859,16.2676],[107.4889,16.268],[107.4899,16.2673],[107.4938,16.2702],[107.4962,16.2703],[107.4976,16.2687],[107.4966,16.2664],[107.4969,16.2646],[107.4988,16.2644],[107.5007,16.2655],[107.5022,16.2649],[107.5026,16.2605],[107.5015,16.2589],[107.5022,16.256],[107.5043,16.2554],[107.507,16.255],[107.5081,16.2543],[107.5083,16.2525],[107.5078,16.2503],[107.5056,16.2486],[107.5038,16.2481],[107.5035,16.247],[107.5049,16.2452],[107.5061,16.2449],[107.5096,16.2466],[107.5105,16.2482],[107.5119,16.2485],[107.5133,16.2478],[107.5139,16.2453],[107.5164,16.2436],[107.5165,16.2421],[107.5157,16.2395],[107.5166,16.2377],[107.5189,16.2355],[107.5199,16.2319],[107.5216,16.2297],[107.5221,16.2282],[107.5222,16.2251],[107.523,16.2242],[107.5272,16.2209],[107.5272,16.2201],[107.5258,16.2175],[107.5264,16.2164],[107.5287,16.2144],[107.5295,16.2109],[107.5279,16.209],[107.5292,16.2066],[107.528,16.2049],[107.5279,16.202],[107.5288,16.2001],[107.5288,16.1978],[107.5274,16.1974],[107.5241,16.1976],[107.5223,16.1957],[107.5196,16.1966],[107.5189,16.1952],[107.5211,16.1939],[107.5233,16.1937],[107.5223,16.1914],[107.5245,16.1905],[107.5255,16.1889],[107.5247,16.1871],[107.5228,16.185],[107.5229,16.183],[107.5198,16.1833],[107.5196,16.1821],[107.5205,16.1805],[107.5197,16.1798],[107.5199,16.178],[107.5215,16.1777],[107.5225,16.1758],[107.5219,16.1746],[107.5198,16.1743],[107.5206,16.173],[107.5161,16.17],[107.518,16.168],[107.5183,16.167],[107.5176,16.1657],[107.5177,16.1643],[107.5195,16.1645],[107.5194,16.1612],[107.5187,16.1597],[107.5201,16.1594],[107.5211,16.156],[107.5216,16.1536],[107.5173,16.1515],[107.517,16.1496],[107.5184,16.149],[107.5182,16.1481],[107.5165,16.1478],[107.514,16.1464],[107.5124,16.1437],[107.5112,16.1426],[107.5139,16.1403],[107.5101,16.1408],[107.5094,16.1401],[107.5117,16.1375],[107.5113,16.1361],[107.5112,16.1329],[107.5145,16.1326],[107.5135,16.1306],[107.5132,16.1278],[107.5141,16.1257],[107.5117,16.1253],[107.5129,16.1232],[107.5128,16.1177],[107.5121,16.1162],[107.5099,16.1165],[107.5097,16.1157],[107.5106,16.1126],[107.512,16.1112],[107.5125,16.1098],[107.5128,16.1058],[107.5132,16.1039],[107.514,16.1032],[107.5169,16.1021],[107.5153,16.0998],[107.5151,16.0987],[107.5135,16.0968],[107.5131,16.0914],[107.5137,16.0898],[107.5129,16.088],[107.513,16.0866],[107.5148,16.0832],[107.5134,16.0817],[107.5134,16.0788],[107.5156,16.0783],[107.5175,16.0753],[107.5177,16.0742],[107.5165,16.0701],[107.5172,16.0673],[107.5185,16.0665],[107.5188,16.0646],[107.5172,16.0633],[107.517,16.0619],[107.5176,16.0609],[107.5168,16.058],[107.5191,16.0553],[107.5177,16.0516],[107.5188,16.0507],[107.5206,16.0512],[107.5203,16.0491],[107.5218,16.0484],[107.5219,16.0468],[107.523,16.0409],[107.522,16.0398],[107.5217,16.0383],[107.5205,16.0367],[107.5214,16.0362],[107.5219,16.0341],[107.5209,16.0329],[107.5204,16.0313],[107.5189,16.0297],[107.5176,16.0271],[107.5168,16.0235],[107.5176,16.0213],[107.5197,16.019],[107.5204,16.0176],[107.5204,16.0152],[107.5173,16.0148],[107.5128,16.0161],[107.5092,16.0187],[107.5071,16.0217],[107.5063,16.022],[107.5062,16.024],[107.5054,16.0271],[107.5045,16.0278],[107.5051,16.0296],[107.5032,16.0307],[107.5024,16.033],[107.5007,16.0346],[107.4981,16.0345],[107.4969,16.0381],[107.4962,16.0391],[107.494,16.0393],[107.4905,16.0407],[107.4886,16.0411],[107.4866,16.0409],[107.4865,16.0395],[107.4855,16.0388],[107.4854,16.0372],[107.4843,16.0355],[107.4814,16.0347],[107.4795,16.0358],[107.4771,16.0352],[107.4754,16.0336],[107.4734,16.033],[107.4723,16.0308],[107.47,16.0278],[107.4697,16.0268],[107.4678,16.0253],[107.4659,16.0259],[107.4638,16.0283],[107.4594,16.0283],[107.4583,16.0292],[107.458,16.0325],[107.4552,16.036],[107.4537,16.037],[107.4503,16.0376],[107.4482,16.0377],[107.4474,16.0383],[107.447,16.0412],[107.4477,16.0431],[107.447,16.047],[107.4472,16.0494],[107.4461,16.0521],[107.4462,16.0538],[107.4491,16.0569],[107.4499,16.0586],[107.4489,16.0603],[107.45,16.0631],[107.4523,16.0629],[107.4533,16.0655],[107.4544,16.067],[107.4607,16.0712],[107.4614,16.0728],[107.4599,16.0747],[107.4595,16.0781],[107.4582,16.0791],[107.4576,16.0818],[107.4569,16.083],[107.4544,16.0848],[107.4529,16.0854],[107.4532,16.0883],[107.4514,16.0883],[107.4497,16.0898],[107.4494,16.0913],[107.4465,16.091],[107.4458,16.0929],[107.4458,16.0953],[107.4465,16.0966],[107.4459,16.0993],[107.4428,16.1018],[107.44,16.1067],[107.4396,16.1085],[107.4377,16.1099],[107.4353,16.1123],[107.435,16.1132],[107.4332,16.1156],[107.4332,16.1172],[107.4315,16.1224],[107.4321,16.1237],[107.4336,16.1253],[107.4347,16.1297],[107.4346,16.1318],[107.435,16.135],[107.4349,16.1364],[107.4359,16.1385],[107.4355,16.1401],[107.436,16.1409],[107.435,16.144],[107.4356,16.145],[107.4345,16.1469],[107.4326,16.1487],[107.4309,16.1515],[107.4292,16.1526],[107.428,16.1547],[107.4267,16.1559],[107.4252,16.1562],[107.4201,16.1595],[107.4181,16.1598],[107.4148,16.1548],[107.4137,16.1524],[107.4136,16.1505],[107.4141,16.1482],[107.4138,16.1472],[107.4114,16.1479],[107.4089,16.1456],[107.4084,16.1458],[107.4043,16.1447],[107.4034,16.1441],[107.4,16.1446],[107.3975,16.1443],[107.3968,16.147],[107.3981,16.1486],[107.3968,16.1503],[107.3969,16.1514],[107.3951,16.1534],[107.3936,16.1568],[107.3906,16.1583],[107.3893,16.1603],[107.3896,16.1619],[107.3908,16.1613],[107.3924,16.1625],[107.393,16.1643],[107.3919,16.1662],[107.3888,16.1671],[107.3881,16.1693],[107.3871,16.1693],[107.3864,16.1718],[107.3884,16.1736],[107.3886,16.1747],[107.3863,16.1757],[107.3853,16.1792],[107.3851,16.1811],[107.3837,16.1807],[107.3833,16.1828],[107.3858,16.1832],[107.3844,16.1855],[107.3822,16.1867],[107.3818,16.1875],[107.3793,16.19],[107.3774,16.1912],[107.3776,16.1929],[107.3791,16.1922],[107.3797,16.1932],[107.3788,16.1942],[107.3789,16.1972],[107.3786,16.1993],[107.3793,16.2008],[107.3784,16.202],[107.377,16.2022],[107.3761,16.2045],[107.3763,16.2057],[107.3786,16.2077],[107.3805,16.2067],[107.3789,16.2103],[107.3795,16.2113],[107.3796,16.2144],[107.3815,16.2148],[107.3821,16.2156],[107.381,16.2165],[107.3812,16.218],[107.3795,16.2201],[107.3782,16.2209],[107.3762,16.2231],[107.3753,16.2256],[107.374,16.2251],[107.3707,16.2231],[107.3682,16.221],[107.3671,16.2225],[107.3646,16.227],[107.3634,16.2285],[107.3615,16.2289],[107.3607,16.2296],[107.3586,16.2293],[107.3554,16.2304],[107.3547,16.2313],[107.3532,16.2348],[107.3529,16.2372],[107.3519,16.2392],[107.3504,16.2401],[107.3485,16.2407],[107.3469,16.2431],[107.3441,16.2443],[107.3434,16.2453],[107.3408,16.2455],[107.3386,16.2477],[107.3362,16.2484],[107.3338,16.2498],[107.3318,16.2504],[107.3313,16.2512],[107.3278,16.2524],[107.3262,16.2516],[107.3229,16.2531],[107.3213,16.2551],[107.3191,16.2569],[107.3192,16.258],[107.3173,16.26],[107.3155,16.26],[107.3124,16.2623],[107.31,16.2631],[107.3076,16.262],[107.3061,16.262],[107.3044,16.2607],[107.303,16.2607],[107.3007,16.2616],[107.2972,16.262],[107.2931,16.2634],[107.2926,16.2652],[107.2906,16.2658],[107.2868,16.2701],[107.2856,16.2727],[107.2818,16.2732],[107.281,16.2729],[107.2775,16.2737],[107.2754,16.2753],[107.2731,16.2758],[107.2705,16.2756],[107.2669,16.277],[107.2658,16.2793],[107.2659,16.2804],[107.2646,16.2822],[107.2628,16.2828],[107.2631,16.286],[107.2603,16.2889],[107.2593,16.2911],[107.2576,16.2917],[107.2547,16.2916],[107.2535,16.2937],[107.2535,16.2981],[107.254,16.2997],[107.2523,16.3026],[107.2498,16.3038],[107.2486,16.3039],[107.2476,16.3077],[107.2475,16.3127],[107.249,16.3143],[107.2491,16.3164],[107.2499,16.3186],[107.2524,16.3209],[107.2536,16.3235],[107.2561,16.3239],[107.2583,16.3253],[107.259,16.3277],[107.2613,16.3299],[107.264,16.3309],[107.265,16.3308],[107.2674,16.3321],[107.2703,16.3344],[107.2703,16.3366],[107.2719,16.3396],[107.271,16.3414],[107.2691,16.3428],[107.2679,16.3445],[107.2654,16.3448],[107.265,16.3453],[107.2646,16.3505],[107.2655,16.3555],[107.2633,16.3566],[107.2625,16.3584],[107.2612,16.3599],[107.2615,16.3616],[107.2607,16.3647],[107.2594,16.3664],[107.2602,16.3685],[107.2586,16.3693],[107.2572,16.3722],[107.2563,16.3731],[107.2542,16.3735],[107.2509,16.3751]]]},"properties":{"name":"A Lưới 5","level":"ward"}},{"type":"Feature","geometry":{"type":"Polygon","coordinates":[[[107.1483,16.3864],[107.1497,16.3828],[107.1516,16.3821],[107.1519,16.3803],[107.1531,16.3794],[107.1561,16.3787],[107.1589,16.3777],[107.161,16.3784],[107.1639,16.3787],[107.1653,16.3782],[107.1681,16.3789],[107.1725,16.3777],[107.1754,16.3764],[107.1777,16.3723],[107.1784,16.3702],[107.1804,16.3689],[107.1828,16.369],[107.1824,16.367],[107.1816,16.366],[107.1822,16.3646],[107.1847,16.3616],[107.1859,16.3581],[107.1875,16.3556],[107.1884,16.3553],[107.1907,16.3559],[107.1929,16.355],[107.1933,16.353],[107.1948,16.3526],[107.1967,16.3513],[107.1974,16.3493],[107.1998,16.3479],[107.2009,16.3467],[107.2033,16.3476],[107.2042,16.3475],[107.2058,16.3458],[107.2074,16.3452],[107.2098,16.346],[107.2149,16.3466],[107.2172,16.3481],[107.2206,16.3479],[107.2211,16.3502],[107.2202,16.3526],[107.2214,16.3549],[107.2216,16.3566],[107.2234,16.3596],[107.2219,16.3611],[107.2224,16.3624],[107.2222,16.3649],[107.2239,16.3653],[107.2269,16.3694],[107.229,16.3713],[107.2306,16.3721],[107.2336,16.3726],[107.2342,16.3742],[107.2368,16.3759],[107.2383,16.3773],[107.2422,16.378],[107.2463,16.3799],[107.2467,16.3778],[107.249,16.3766],[107.2496,16.3755],[107.2509,16.3751],[107.2542,16.3735],[107.2563,16.3731],[107.2572,16.3722],[107.2586,16.3693],[107.2602,16.3685],[107.2594,16.3664],[107.2607,16.3647],[107.2615,16.3616],[107.2612,16.3599],[107.2625,16.3584],[107.2633,16.3566],[107.2655,16.3555],[107.2646,16.3505],[107.265,16.3453],[107.2654,16.3448],[107.2679,16.3445],[107.2691,16.3428],[107.271,16.3414],[107.2719,16.3396],[107.2703,16.3366],[107.2703,16.3344],[107.2674,16.3321],[107.265,16.3308],[107.264,16.3309],[107.2613,16.3299],[107.259,16.3277],[107.2583,16.3253],[107.2561,16.3239],[107.2536,16.3235],[107.2524,16.3209],[107.2499,16.3186],[107.2491,16.3164],[107.249,16.3143],[107.2475,16.3127],[107.2476,16.3077],[107.2486,16.3039],[107.2469,16.3069],[107.2446,16.3076],[107.2418,16.3097],[107.2394,16.3109],[107.2373,16.3115],[107.2347,16.3112],[107.2328,16.3129],[107.2302,16.3142],[107.2277,16.3125],[107.2259,16.3102],[107.227,16.3083],[107.2268,16.306],[107.2277,16.3035],[107.2262,16.3001],[107.2252,16.2964],[107.2262,16.2937],[107.2257,16.2912],[107.2248,16.2888],[107.2229,16.2886],[107.222,16.2872],[107.2187,16.2847],[107.2184,16.2828],[107.2162,16.2805],[107.2165,16.2764],[107.2161,16.2744],[107.2134,16.2739],[107.2134,16.2759],[107.2112,16.2761],[107.2113,16.278],[107.2107,16.2819],[107.2084,16.2866],[107.2079,16.2883],[107.2042,16.2918],[107.2026,16.2945],[107.197,16.2946],[107.196,16.2936],[107.194,16.2932],[107.1906,16.2942],[107.1884,16.2958],[107.1862,16.2957],[107.1825,16.2979],[107.181,16.298],[107.1796,16.2997],[107.1759,16.3008],[107.1744,16.3005],[107.1731,16.3017],[107.1703,16.3006],[107.1686,16.2984],[107.1673,16.2984],[107.1637,16.2958],[107.16,16.2956],[107.159,16.2933],[107.1571,16.2932],[107.1568,16.2923],[107.1551,16.2914],[107.1553,16.2897],[107.1548,16.2862],[107.1536,16.2858],[107.1517,16.2836],[107.1493,16.2824],[107.1475,16.2806],[107.146,16.2801],[107.1471,16.2769],[107.1495,16.2743],[107.1505,16.2713],[107.151,16.2682],[107.1497,16.2678],[107.1475,16.2692],[107.1475,16.2697],[107.1207,16.2883],[107.1167,16.2911],[107.0924,16.3079],[107.0901,16.3087],[107.0881,16.3113],[107.0839,16.3125],[107.0815,16.3125],[107.0826,16.3151],[107.0827,16.3172],[107.0817,16.3204],[107.0797,16.322],[107.0778,16.3222],[107.077,16.3233],[107.0749,16.325],[107.0711,16.3261],[107.0686,16.3286],[107.0675,16.3287],[107.0654,16.3305],[107.065,16.3316],[107.063,16.3324],[107.0628,16.3355],[107.0638,16.3366],[107.0627,16.3387],[107.0631,16.3409],[107.0617,16.3424],[107.0622,16.3443],[107.0616,16.3457],[107.062,16.3475],[107.0605,16.3474],[107.0565,16.3478],[107.0533,16.3461],[107.0514,16.3496],[107.0472,16.349],[107.0463,16.3494],[107.0442,16.349],[107.0419,16.3495],[107.0409,16.3503],[107.0413,16.3529],[107.0405,16.3531],[107.0397,16.3562],[107.039,16.357],[107.0364,16.3569],[107.0348,16.3577],[107.0352,16.3601],[107.0348,16.362],[107.0352,16.3636],[107.0366,16.3643],[107.0357,16.3654],[107.038,16.3702],[107.0391,16.3694],[107.0399,16.3702],[107.0404,16.3729],[107.0427,16.3752],[107.044,16.3771],[107.045,16.3798],[107.0491,16.3825],[107.05,16.3825],[107.0525,16.3814],[107.0549,16.382],[107.0582,16.3845],[107.0594,16.3872],[107.0578,16.3886],[107.0586,16.3914],[107.0582,16.3928],[107.059,16.3967],[107.0577,16.3985],[107.0566,16.3989],[107.0563,16.4004],[107.0592,16.4022],[107.0587,16.4044],[107.0579,16.4055],[107.0589,16.4077],[107.0611,16.4093],[107.0615,16.4111],[107.0644,16.4105],[107.0655,16.4086],[107.0678,16.4057],[107.0712,16.4037],[107.072,16.4028],[107.0751,16.4024],[107.079,16.4005],[107.0811,16.4005],[107.0833,16.4026],[107.0854,16.4032],[107.0862,16.4025],[107.0891,16.4025],[107.0909,16.4041],[107.0936,16.4023],[107.094,16.4043],[107.0954,16.4038],[107.0963,16.401],[107.0974,16.3992],[107.0984,16.3987],[107.1002,16.3961],[107.1022,16.3953],[107.103,16.3941],[107.1051,16.393],[107.1044,16.392],[107.1072,16.3897],[107.1077,16.3885],[107.1099,16.3862],[107.1137,16.3854],[107.1202,16.3853],[107.1212,16.3859],[107.1238,16.3858],[107.1268,16.3837],[107.1282,16.3821],[107.1294,16.3841],[107.1354,16.3877],[107.1384,16.3885],[107.14,16.3896],[107.1418,16.3882],[107.1442,16.3881],[107.1457,16.3874],[107.1464,16.3861],[107.1483,16.3864]]]},"properties":{"name":"A Lưới 1","level":"ward"}},{"type":"Feature","geometry":{"type":"Polygon","coordinates":[[[107.1487,16.1935],[107.15,16.1932],[107.1557,16.1945],[107.1582,16.1961],[107.1601,16.1966],[107.162,16.1977],[107.1654,16.1981],[107.1659,16.2002],[107.1668,16.2007],[107.1676,16.2024],[107.171,16.2024],[107.172,16.2033],[107.1744,16.2037],[107.1782,16.2055],[107.1798,16.2057],[107.1814,16.2048],[107.1824,16.206],[107.1828,16.2087],[107.1824,16.2098],[107.1832,16.2118],[107.185,16.2128],[107.1875,16.2133],[107.1904,16.213],[107.1946,16.2135],[107.1963,16.2141],[107.1994,16.214],[107.2011,16.2135],[107.2013,16.2115],[107.2047,16.2096],[107.2053,16.2126],[107.2059,16.2132],[107.2084,16.2132],[107.2108,16.2143],[107.2137,16.2142],[107.2145,16.2161],[107.2157,16.2173],[107.2178,16.2172],[107.2192,16.2178],[107.2198,16.2192],[107.2197,16.222],[107.2221,16.2224],[107.2227,16.2244],[107.2225,16.2271],[107.2207,16.2279],[107.2207,16.23],[107.2237,16.2312],[107.2231,16.2334],[107.2275,16.2357],[107.2272,16.2384],[107.2276,16.2415],[107.2285,16.2424],[107.2321,16.2411],[107.233,16.2397],[107.2359,16.2402],[107.2369,16.2416],[107.2386,16.2417],[107.2396,16.2427],[107.2415,16.2426],[107.2413,16.2452],[107.2387,16.2468],[107.2362,16.2466],[107.2347,16.2478],[107.236,16.2487],[107.2359,16.2505],[107.2344,16.2523],[107.2356,16.2527],[107.2381,16.252],[107.2414,16.2495],[107.2436,16.25],[107.2453,16.2492],[107.2472,16.2492],[107.2501,16.2507],[107.2507,16.2519],[107.2531,16.2546],[107.255,16.2557],[107.2571,16.2561],[107.2565,16.2599],[107.2557,16.2617],[107.2539,16.2635],[107.2545,16.2646],[107.2561,16.2651],[107.2584,16.2651],[107.2594,16.2673],[107.2604,16.2673],[107.262,16.2699],[107.2611,16.2717],[107.2627,16.274],[107.2622,16.2748],[107.2643,16.2779],[107.2634,16.2817],[107.2628,16.2828],[107.2646,16.2822],[107.2659,16.2804],[107.2658,16.2793],[107.2669,16.277],[107.2705,16.2756],[107.2731,16.2758],[107.2754,16.2753],[107.2775,16.2737],[107.281,16.2729],[107.2818,16.2732],[107.2856,16.2727],[107.2868,16.2701],[107.2906,16.2658],[107.2926,16.2652],[107.2931,16.2634],[107.2972,16.262],[107.3007,16.2616],[107.303,16.2607],[107.3044,16.2607],[107.3061,16.262],[107.3076,16.262],[107.31,16.2631],[107.3124,16.2623],[107.3155,16.26],[107.3173,16.26],[107.3192,16.258],[107.3191,16.2569],[107.3213,16.2551],[107.3229,16.2531],[107.3262,16.2516],[107.3257,16.2496],[107.3268,16.2464],[107.3261,16.2456],[107.3265,16.2434],[107.3249,16.2413],[107.3249,16.2386],[107.3245,16.2378],[107.3251,16.2358],[107.3251,16.2315],[107.3217,16.2278],[107.32,16.2272],[107.3187,16.2242],[107.3172,16.2244],[107.3159,16.2239],[107.3143,16.2209],[107.3124,16.2184],[107.3113,16.2189],[107.3092,16.2173],[107.3071,16.2175],[107.3058,16.2142],[107.304,16.2134],[107.3032,16.212],[107.3044,16.2094],[107.307,16.2065],[107.3094,16.2054],[107.3105,16.2031],[107.3094,16.2016],[107.3094,16.2003],[107.3075,16.1975],[107.3075,16.1965],[107.3059,16.1938],[107.3048,16.1935],[107.3025,16.1941],[107.2995,16.1942],[107.2962,16.1927],[107.293,16.193],[107.2945,16.1899],[107.2941,16.1887],[107.2957,16.1875],[107.2962,16.1852],[107.2955,16.1849],[107.2912,16.1878],[107.2903,16.1879],[107.2892,16.1868],[107.2879,16.1866],[107.2867,16.1872],[107.2859,16.1861],[107.2841,16.1852],[107.2844,16.1826],[107.2834,16.1809],[107.2812,16.1788],[107.2792,16.178],[107.2766,16.1742],[107.2737,16.1728],[107.2773,16.1697],[107.278,16.1673],[107.2774,16.1653],[107.2795,16.1633],[107.2793,16.1617],[107.2801,16.1602],[107.2794,16.1579],[107.2797,16.1568],[107.2787,16.1554],[107.2772,16.1546],[107.2764,16.1513],[107.2753,16.1493],[107.2742,16.1484],[107.271,16.1468],[107.2711,16.1457],[107.2695,16.1435],[107.267,16.1421],[107.2653,16.1419],[107.2651,16.1399],[107.2629,16.1369],[107.2603,16.1365],[107.2579,16.137],[107.2559,16.1354],[107.2541,16.1361],[107.2517,16.1389],[107.25,16.1392],[107.2473,16.1426],[107.2473,16.1445],[107.2458,16.1468],[107.2437,16.1476],[107.2415,16.1467],[107.2391,16.147],[107.236,16.1461],[107.2311,16.1435],[107.2289,16.143],[107.2258,16.1414],[107.2252,16.1377],[107.224,16.1374],[107.2235,16.1387],[107.2201,16.1414],[107.2181,16.1418],[107.2161,16.1411],[107.2143,16.1411],[107.2131,16.1428],[107.2115,16.1432],[107.2093,16.1452],[107.2071,16.146],[107.2057,16.1453],[107.2025,16.1449],[107.1988,16.1441],[107.197,16.1442],[107.1956,16.1453],[107.1942,16.1445],[107.1925,16.1478],[107.1906,16.1482],[107.1882,16.1493],[107.1868,16.1522],[107.1839,16.1518],[107.1802,16.1554],[107.1778,16.1573],[107.1759,16.1578],[107.1749,16.1603],[107.174,16.1613],[107.1724,16.1645],[107.1704,16.1661],[107.1674,16.1658],[107.1655,16.1667],[107.1639,16.1668],[107.1627,16.1679],[107.1602,16.1678],[107.1595,16.1699],[107.1573,16.1715],[107.1579,16.1741],[107.1578,16.1767],[107.1562,16.1799],[107.1561,16.1819],[107.1547,16.1843],[107.1509,16.1874],[107.1492,16.1897],[107.1487,16.1935]]]},"properties":{"name":"A Lưới 3","level":"ward"}},{"type":"Feature","geometry":{"type":"Polygon","coordinates":[[[107.3262,16.2516],[107.3278,16.2524],[107.3313,16.2512],[107.3318,16.2504],[107.3338,16.2498],[107.3362,16.2484],[107.3386,16.2477],[107.3408,16.2455],[107.3434,16.2453],[107.3441,16.2443],[107.3469,16.2431],[107.3485,16.2407],[107.3504,16.2401],[107.3519,16.2392],[107.3529,16.2372],[107.3532,16.2348],[107.3547,16.2313],[107.3554,16.2304],[107.3586,16.2293],[107.3607,16.2296],[107.3615,16.2289],[107.3634,16.2285],[107.3646,16.227],[107.3671,16.2225],[107.3682,16.221],[107.3707,16.2231],[107.374,16.2251],[107.3753,16.2256],[107.3762,16.2231],[107.3782,16.2209],[107.3795,16.2201],[107.3812,16.218],[107.381,16.2165],[107.3821,16.2156],[107.3815,16.2148],[107.3796,16.2144],[107.3795,16.2113],[107.3789,16.2103],[107.3805,16.2067],[107.3786,16.2077],[107.3763,16.2057],[107.3761,16.2045],[107.377,16.2022],[107.3784,16.202],[107.3793,16.2008],[107.3786,16.1993],[107.3789,16.1972],[107.3788,16.1942],[107.3797,16.1932],[107.3791,16.1922],[107.3776,16.1929],[107.3774,16.1912],[107.3793,16.19],[107.3818,16.1875],[107.3822,16.1867],[107.3844,16.1855],[107.3858,16.1832],[107.3833,16.1828],[107.3837,16.1807],[107.3851,16.1811],[107.3853,16.1792],[107.3863,16.1757],[107.3886,16.1747],[107.3884,16.1736],[107.3864,16.1718],[107.3871,16.1693],[107.3881,16.1693],[107.3888,16.1671],[107.3919,16.1662],[107.393,16.1643],[107.3924,16.1625],[107.3908,16.1613],[107.3896,16.1619],[107.3893,16.1603],[107.3906,16.1583],[107.3936,16.1568],[107.3951,16.1534],[107.3969,16.1514],[107.3968,16.1503],[107.3981,16.1486],[107.3968,16.147],[107.3975,16.1443],[107.4,16.1446],[107.4034,16.1441],[107.4043,16.1447],[107.4084,16.1458],[107.4089,16.1456],[107.4114,16.1479],[107.4138,16.1472],[107.4141,16.1482],[107.4136,16.1505],[107.4137,16.1524],[107.4148,16.1548],[107.4181,16.1598],[107.4201,16.1595],[107.4252,16.1562],[107.4267,16.1559],[107.428,16.1547],[107.4292,16.1526],[107.4309,16.1515],[107.4326,16.1487],[107.4345,16.1469],[107.4356,16.145],[107.435,16.144],[107.436,16.1409],[107.4355,16.1401],[107.4359,16.1385],[107.4349,16.1364],[107.435,16.135],[107.4346,16.1318],[107.4347,16.1297],[107.4336,16.1253],[107.4321,16.1237],[107.4315,16.1224],[107.4332,16.1172],[107.4332,16.1156],[107.435,16.1132],[107.4353,16.1123],[107.4377,16.1099],[107.4396,16.1085],[107.44,16.1067],[107.4428,16.1018],[107.4459,16.0993],[107.4465,16.0966],[107.4458,16.0953],[107.4458,16.0929],[107.4465,16.091],[107.4467,16.0888],[107.4461,16.0863],[107.4437,16.083],[107.4403,16.0819],[107.4352,16.0829],[107.4327,16.0803],[107.4315,16.0785],[107.4305,16.0789],[107.4277,16.0781],[107.4253,16.0786],[107.4245,16.0794],[107.4219,16.0784],[107.4204,16.0787],[107.4189,16.0799],[107.4184,16.0814],[107.4122,16.0845],[107.4115,16.0836],[107.4096,16.0842],[107.4062,16.0815],[107.4046,16.0786],[107.4037,16.078],[107.4034,16.0755],[107.4037,16.0739],[107.4031,16.0708],[107.401,16.069],[107.401,16.0657],[107.4014,16.0642],[107.399,16.0622],[107.397,16.0629],[107.3952,16.063],[107.3927,16.0639],[107.3895,16.0624],[107.3867,16.0652],[107.3849,16.0683],[107.3823,16.0697],[107.3804,16.0716],[107.3796,16.0731],[107.3783,16.074],[107.3741,16.0712],[107.3724,16.0672],[107.3707,16.0652],[107.3701,16.0635],[107.3659,16.0611],[107.363,16.0612],[107.3607,16.0622],[107.3588,16.0636],[107.3553,16.0629],[107.352,16.0617],[107.3501,16.0617],[107.3491,16.0623],[107.3466,16.0622],[107.3443,16.0604],[107.3437,16.0583],[107.3406,16.0567],[107.3389,16.0553],[107.3372,16.0549],[107.3343,16.0549],[107.3345,16.0565],[107.3329,16.0578],[107.3309,16.0588],[107.33,16.0601],[107.3295,16.0626],[107.3294,16.0651],[107.3299,16.0662],[107.3289,16.0672],[107.3266,16.0685],[107.3261,16.0703],[107.3242,16.07],[107.3198,16.0699],[107.3184,16.0706],[107.3164,16.0728],[107.3149,16.0739],[107.3137,16.0761],[107.3142,16.078],[107.3125,16.079],[107.3106,16.0792],[107.3087,16.0804],[107.3059,16.0846],[107.3057,16.0856],[107.3027,16.0901],[107.3029,16.0928],[107.2998,16.0956],[107.2988,16.096],[107.2977,16.0975],[107.2947,16.1004],[107.2942,16.102],[107.2945,16.1036],[107.2935,16.1055],[107.2917,16.1067],[107.2918,16.109],[107.2904,16.1114],[107.2875,16.1127],[107.2856,16.1153],[107.2843,16.1188],[107.2825,16.1176],[107.2802,16.1171],[107.279,16.1158],[107.2754,16.1166],[107.2726,16.1153],[107.2704,16.1185],[107.2683,16.1201],[107.2686,16.1218],[107.2653,16.1272],[107.2657,16.1286],[107.2647,16.1311],[107.2646,16.1329],[107.2636,16.136],[107.2629,16.1369],[107.2651,16.1399],[107.2653,16.1419],[107.267,16.1421],[107.2695,16.1435],[107.2711,16.1457],[107.271,16.1468],[107.2742,16.1484],[107.2753,16.1493],[107.2764,16.1513],[107.2772,16.1546],[107.2787,16.1554],[107.2797,16.1568],[107.2794,16.1579],[107.2801,16.1602],[107.2793,16.1617],[107.2795,16.1633],[107.2774,16.1653],[107.278,16.1673],[107.2773,16.1697],[107.2737,16.1728],[107.2766,16.1742],[107.2792,16.178],[107.2812,16.1788],[107.2834,16.1809],[107.2844,16.1826],[107.2841,16.1852],[107.2859,16.1861],[107.2867,16.1872],[107.2879,16.1866],[107.2892,16.1868],[107.2903,16.1879],[107.2912,16.1878],[107.2955,16.1849],[107.2962,16.1852],[107.2957,16.1875],[107.2941,16.1887],[107.2945,16.1899],[107.293,16.193],[107.2962,16.1927],[107.2995,16.1942],[107.3025,16.1941],[107.3048,16.1935],[107.3059,16.1938],[107.3075,16.1965],[107.3075,16.1975],[107.3094,16.2003],[107.3094,16.2016],[107.3105,16.2031],[107.3094,16.2054],[107.307,16.2065],[107.3044,16.2094],[107.3032,16.212],[107.304,16.2134],[107.3058,16.2142],[107.3071,16.2175],[107.3092,16.2173],[107.3113,16.2189],[107.3124,16.2184],[107.3143,16.2209],[107.3159,16.2239],[107.3172,16.2244],[107.3187,16.2242],[107.32,16.2272],[107.3217,16.2278],[107.3251,16.2315],[107.3251,16.2358],[107.3245,16.2378],[107.3249,16.2386],[107.3249,16.2413],[107.3265,16.2434],[107.3261,16.2456],[107.3268,16.2464],[107.3257,16.2496],[107.3262,16.2516]]]},"properties":{"name":"A Lưới 4","level":"ward"}},{"type":"Feature","geometry":{"type":"Polygon","coordinates":[[[107.9433,16.3438],[107.9451,16.3452],[107.9449,16.3466],[107.9464,16.3472],[107.9478,16.3463],[107.9481,16.3451],[107.9496,16.345],[107.9522,16.3431],[107.9539,16.3443],[107.955,16.3444],[107.9537,16.3423],[107.9534,16.3407],[107.9521,16.3398],[107.9501,16.3391],[107.95,16.338],[107.9482,16.3333],[107.9465,16.3318],[107.9451,16.3321],[107.9435,16.3312],[107.9428,16.3294],[107.9429,16.3276],[107.9421,16.3267],[107.9431,16.3243],[107.9446,16.322],[107.9434,16.32],[107.9444,16.3187],[107.9448,16.3165],[107.9467,16.3133],[107.9455,16.3111],[107.9442,16.3098],[107.9421,16.3092],[107.9408,16.3073],[107.9381,16.3073],[107.9336,16.3058],[107.9329,16.304],[107.9301,16.3018],[107.9281,16.3006],[107.9271,16.2994],[107.9271,16.2981],[107.9255,16.2959],[107.9259,16.2917],[107.9246,16.2904],[107.9216,16.2889],[107.9187,16.2869],[107.9195,16.2844],[107.9186,16.2825],[107.9184,16.2806],[107.9163,16.2798],[107.9136,16.2778],[107.912,16.2762],[107.9123,16.2749],[107.9111,16.2727],[107.9112,16.271],[107.9123,16.2669],[107.9139,16.2627],[107.9145,16.2588],[107.9132,16.258],[107.9129,16.2553],[107.9132,16.2514],[107.9146,16.2497],[107.9145,16.2478],[107.9159,16.2441],[107.9135,16.2419],[107.9124,16.239],[107.9125,16.2375],[107.9115,16.2358],[107.913,16.2309],[107.9132,16.2286],[107.9125,16.2269],[107.9107,16.2258],[107.9109,16.2219],[107.9106,16.2198],[107.9117,16.2171],[107.9112,16.2155],[107.9101,16.2155],[107.9085,16.2141],[107.9061,16.2145],[107.9048,16.2137],[107.9042,16.2112],[107.9033,16.2101],[107.9002,16.2089],[107.8955,16.2052],[107.8947,16.2051],[107.8913,16.2063],[107.89,16.2063],[107.8899,16.2036],[107.8885,16.2024],[107.8881,16.2003],[107.8869,16.1997],[107.8839,16.2001],[107.879,16.1985],[107.8776,16.1972],[107.8756,16.1969],[107.8748,16.1949],[107.876,16.1938],[107.8773,16.19],[107.8762,16.1882],[107.8674,16.1829],[107.8681,16.1812],[107.8692,16.181],[107.8722,16.178],[107.874,16.1737],[107.8748,16.1723],[107.8732,16.1719],[107.8718,16.1706],[107.8693,16.1703],[107.865,16.1687],[107.8638,16.1667],[107.861,16.1651],[107.8581,16.1644],[107.8564,16.1668],[107.8537,16.1678],[107.8533,16.1695],[107.8541,16.1721],[107.8507,16.1754],[107.8502,16.1777],[107.8497,16.1814],[107.8483,16.1832],[107.8489,16.185],[107.8484,16.1875],[107.8489,16.1896],[107.8457,16.1929],[107.8463,16.1936],[107.8459,16.1955],[107.8459,16.2046],[107.848,16.2081],[107.8483,16.2103],[107.8491,16.2119],[107.8494,16.2141],[107.8504,16.2153],[107.8509,16.2173],[107.8499,16.2189],[107.8493,16.2219],[107.8474,16.2282],[107.8475,16.2288],[107.85,16.2313],[107.852,16.2341],[107.8532,16.2364],[107.8575,16.2371],[107.8608,16.238],[107.8616,16.2392],[107.8589,16.2447],[107.8575,16.2457],[107.8573,16.248],[107.8563,16.2515],[107.8548,16.2531],[107.853,16.254],[107.8524,16.2551],[107.8548,16.2562],[107.8552,16.2571],[107.8542,16.2605],[107.8558,16.2649],[107.8552,16.2675],[107.8529,16.2713],[107.8509,16.2769],[107.8492,16.2807],[107.8444,16.2839],[107.8436,16.284],[107.8416,16.2861],[107.8396,16.2868],[107.8405,16.2888],[107.8399,16.3115],[107.8396,16.3315],[107.8456,16.3292],[107.8618,16.3227],[107.8898,16.3118],[107.9081,16.3277],[107.911,16.33],[107.9124,16.3327],[107.9127,16.3358],[107.9123,16.3414],[107.9123,16.3442],[107.9134,16.3475],[107.9147,16.3498],[107.918,16.3528],[107.9228,16.3536],[107.9262,16.3515],[107.9275,16.3502],[107.9289,16.3477],[107.9316,16.3452],[107.9381,16.3419],[107.9412,16.3409],[107.9442,16.3418],[107.9433,16.3438]]]},"properties":{"name":"Phú Lộc","level":"ward"}},{"type":"Feature","geometry":{"type":"Polygon","coordinates":[[[107.8321,16.3344],[107.8401,16.3372],[107.8443,16.339],[107.8453,16.3402],[107.8448,16.3427],[107.8441,16.3488],[107.8431,16.3547],[107.8403,16.3566],[107.8361,16.3581],[107.8331,16.366],[107.8312,16.3704],[107.8299,16.3727],[107.8276,16.3788],[107.8258,16.3821],[107.8245,16.3836],[107.821,16.3857],[107.8143,16.3877],[107.8127,16.3886],[107.8115,16.3904],[107.8097,16.394],[107.8082,16.3957],[107.8111,16.3992],[107.8105,16.4031],[107.8123,16.4058],[107.8141,16.4065],[107.8198,16.4048],[107.8211,16.4047],[107.8234,16.4066],[107.8233,16.4085],[107.8242,16.4091],[107.8303,16.4068],[107.835,16.4047],[107.8361,16.4038],[107.8364,16.4023],[107.8382,16.4004],[107.8398,16.4029],[107.8475,16.4114],[107.8512,16.408],[107.8579,16.4024],[107.8593,16.4008],[107.8654,16.3955],[107.8677,16.3932],[107.8719,16.3897],[107.8774,16.3845],[107.8808,16.3819],[107.8826,16.3801],[107.8876,16.3761],[107.8891,16.3747],[107.8933,16.3716],[107.8983,16.3677],[107.9004,16.3664],[107.9025,16.3658],[107.9044,16.3678],[107.9059,16.367],[107.9097,16.3635],[107.9146,16.3593],[107.9198,16.3562],[107.9212,16.3541],[107.922,16.3556],[107.9243,16.3544],[107.9327,16.348],[107.9379,16.3447],[107.9399,16.3438],[107.9433,16.3438],[107.9442,16.3418],[107.9412,16.3409],[107.9381,16.3419],[107.9316,16.3452],[107.9289,16.3477],[107.9275,16.3502],[107.9262,16.3515],[107.9228,16.3536],[107.918,16.3528],[107.9147,16.3498],[107.9134,16.3475],[107.9123,16.3442],[107.9123,16.3414],[107.9127,16.3358],[107.9124,16.3327],[107.911,16.33],[107.9081,16.3277],[107.8898,16.3118],[107.8618,16.3227],[107.8456,16.3292],[107.8396,16.3315],[107.8321,16.3344]]]},"properties":{"name":"Vinh Lộc","level":"ward"}},{"type":"Feature","geometry":{"type":"Polygon","coordinates":[[[107.6711,16.244],[107.6689,16.2467],[107.6677,16.2497],[107.6679,16.2518],[107.666,16.2536],[107.6636,16.2543],[107.6587,16.2542],[107.6556,16.2585],[107.6553,16.2605],[107.6557,16.2628],[107.655,16.2644],[107.6519,16.2671],[107.6528,16.2682],[107.6523,16.2693],[107.6511,16.2695],[107.649,16.272],[107.6487,16.273],[107.6497,16.2745],[107.6495,16.2762],[107.6502,16.2796],[107.6514,16.2812],[107.6529,16.2822],[107.6556,16.2816],[107.657,16.2785],[107.6585,16.2794],[107.6616,16.2798],[107.6638,16.2788],[107.6663,16.2796],[107.667,16.2808],[107.6697,16.2814],[107.672,16.2812],[107.6739,16.2818],[107.675,16.2816],[107.6761,16.2827],[107.6779,16.2837],[107.6801,16.2843],[107.679,16.2864],[107.68,16.2899],[107.6812,16.2907],[107.6822,16.293],[107.6839,16.2949],[107.6826,16.2963],[107.6847,16.2992],[107.6868,16.3009],[107.6888,16.3041],[107.6886,16.308],[107.6901,16.3087],[107.6917,16.3105],[107.691,16.3115],[107.6913,16.3139],[107.6937,16.316],[107.6927,16.3171],[107.6935,16.3197],[107.6955,16.3232],[107.6957,16.3245],[107.6991,16.3305],[107.7003,16.3317],[107.7016,16.3351],[107.7014,16.3376],[107.7008,16.3386],[107.7022,16.3407],[107.7038,16.3456],[107.7056,16.3486],[107.7073,16.3494],[107.7098,16.3512],[107.7123,16.3526],[107.7145,16.3549],[107.718,16.3565],[107.7205,16.358],[107.7205,16.3601],[107.7225,16.3633],[107.726,16.3674],[107.7255,16.3686],[107.7275,16.3708],[107.7301,16.3696],[107.7335,16.3729],[107.7354,16.3714],[107.7374,16.375],[107.7371,16.3789],[107.738,16.382],[107.7406,16.3806],[107.7397,16.3769],[107.7411,16.3758],[107.7438,16.3769],[107.7455,16.3744],[107.7481,16.3711],[107.7493,16.3714],[107.7508,16.37],[107.7527,16.3698],[107.7547,16.3681],[107.7556,16.3658],[107.7584,16.3626],[107.7609,16.3591],[107.7612,16.3561],[107.7618,16.3548],[107.7607,16.3526],[107.7591,16.3504],[107.7596,16.3478],[107.7595,16.345],[107.76,16.343],[107.7588,16.3412],[107.7542,16.339],[107.7545,16.3354],[107.755,16.3334],[107.7561,16.3314],[107.7565,16.3269],[107.7561,16.3251],[107.758,16.3244],[107.759,16.323],[107.756,16.3191],[107.7547,16.3185],[107.7512,16.3177],[107.75,16.3166],[107.7486,16.3126],[107.7494,16.312],[107.7496,16.3099],[107.7482,16.3096],[107.7442,16.3097],[107.743,16.309],[107.7413,16.3089],[107.7413,16.3067],[107.7407,16.306],[107.7411,16.3042],[107.7394,16.3031],[107.7381,16.301],[107.7379,16.2977],[107.7353,16.2959],[107.7334,16.2953],[107.7321,16.2932],[107.732,16.292],[107.7299,16.2908],[107.7269,16.291],[107.726,16.2902],[107.7263,16.2885],[107.7247,16.2869],[107.7237,16.2879],[107.7227,16.2872],[107.7252,16.2845],[107.727,16.2836],[107.727,16.2802],[107.7279,16.2782],[107.7317,16.2747],[107.7354,16.2734],[107.7363,16.2715],[107.7362,16.269],[107.7377,16.269],[107.7385,16.2674],[107.737,16.2649],[107.7384,16.2635],[107.7401,16.2595],[107.7402,16.258],[107.7412,16.2564],[107.7422,16.2532],[107.7432,16.2523],[107.7462,16.2463],[107.7453,16.2442],[107.7455,16.243],[107.7478,16.2382],[107.7458,16.2368],[107.743,16.2364],[107.7411,16.2365],[107.7388,16.2385],[107.7376,16.239],[107.7362,16.2377],[107.7322,16.2381],[107.7294,16.2379],[107.7255,16.2368],[107.7223,16.2372],[107.7205,16.2357],[107.7164,16.2341],[107.7147,16.2318],[107.7116,16.2318],[107.7111,16.2327],[107.707,16.2326],[107.7061,16.2338],[107.7049,16.2367],[107.702,16.2373],[107.6997,16.2365],[107.6976,16.2374],[107.6969,16.2395],[107.694,16.2409],[107.693,16.2421],[107.6917,16.242],[107.689,16.2402],[107.6868,16.2397],[107.6811,16.2417],[107.6782,16.2429],[107.6773,16.2408],[107.6762,16.2397],[107.674,16.2402],[107.6731,16.243],[107.6711,16.244]]]},"properties":{"name":"Hưng Lộc","level":"ward"}},{"type":"Feature","geometry":{"type":"MultiPolygon","coordinates":[[[[107.9112,16.2155],[107.9117,16.2171],[107.9106,16.2198],[107.9109,16.2219],[107.9107,16.2258],[107.9125,16.2269],[107.9132,16.2286],[107.913,16.2309],[107.9115,16.2358],[107.9125,16.2375],[107.9124,16.239],[107.9135,16.2419],[107.9159,16.2441],[107.9145,16.2478],[107.9146,16.2497],[107.9132,16.2514],[107.9129,16.2553],[107.9132,16.258],[107.9145,16.2588],[107.9139,16.2627],[107.9123,16.2669],[107.9112,16.271],[107.9111,16.2727],[107.9123,16.2749],[107.912,16.2762],[107.9136,16.2778],[107.9163,16.2798],[107.9184,16.2806],[107.9186,16.2825],[107.9195,16.2844],[107.9187,16.2869],[107.9216,16.2889],[107.9246,16.2904],[107.9259,16.2917],[107.9255,16.2959],[107.9271,16.2981],[107.9271,16.2994],[107.9281,16.3006],[107.9301,16.3018],[107.9329,16.304],[107.9336,16.3058],[107.9381,16.3073],[107.9408,16.3073],[107.9421,16.3092],[107.9442,16.3098],[107.9455,16.3111],[107.9467,16.3133],[107.9448,16.3165],[107.9444,16.3187],[107.9434,16.32],[107.9446,16.322],[107.9431,16.3243],[107.9421,16.3267],[107.9429,16.3276],[107.9428,16.3294],[107.9435,16.3312],[107.9451,16.3321],[107.9465,16.3318],[107.9482,16.3333],[107.95,16.338],[107.9501,16.3391],[107.9521,16.3398],[107.9534,16.3407],[107.9537,16.3423],[107.955,16.3444],[107.9554,16.3438],[107.9544,16.341],[107.9546,16.3392],[107.9557,16.3376],[107.963,16.3286],[107.9651,16.3265],[107.9691,16.3233],[107.9739,16.3201],[107.9755,16.3194],[107.9756,16.3185],[107.9788,16.3176],[107.9893,16.3151],[108.0005,16.3133],[108.0047,16.3132],[108.0072,16.3135],[108.0111,16.3145],[108.0148,16.316],[108.0203,16.3192],[108.0217,16.3185],[108.0217,16.3305],[108.0199,16.3319],[108.0183,16.3319],[108.0182,16.3341],[108.0169,16.3353],[108.0163,16.338],[108.0178,16.3415],[108.0204,16.3439],[108.0227,16.3435],[108.0245,16.3401],[108.0264,16.3378],[108.0285,16.3358],[108.0323,16.3352],[108.0341,16.3355],[108.0334,16.3319],[108.034,16.3301],[108.0356,16.3279],[108.0369,16.3268],[108.0368,16.3252],[108.0385,16.3228],[108.0386,16.3214],[108.0396,16.3205],[108.0402,16.3163],[108.0416,16.3152],[108.0413,16.3141],[108.0375,16.3124],[108.0374,16.3102],[108.0378,16.3089],[108.0404,16.3037],[108.0424,16.3002],[108.0446,16.2972],[108.051,16.2868],[108.0525,16.2847],[108.0574,16.2769],[108.0604,16.2726],[108.0618,16.2703],[108.0673,16.2621],[108.0683,16.2603],[108.0714,16.2562],[108.0729,16.2535],[108.0805,16.2431],[108.0809,16.2421],[108.0854,16.2359],[108.0875,16.2324],[108.0889,16.2305],[108.0896,16.2287],[108.0918,16.2258],[108.0928,16.2288],[108.0948,16.2272],[108.0962,16.2254],[108.0974,16.2253],[108.0993,16.2235],[108.1024,16.2218],[108.1039,16.2201],[108.1048,16.2203],[108.1067,16.2189],[108.1098,16.2194],[108.1111,16.218],[108.1129,16.2177],[108.1148,16.2151],[108.1161,16.2149],[108.1176,16.2131],[108.1189,16.2125],[108.1219,16.2139],[108.1239,16.2163],[108.125,16.2167],[108.1267,16.2157],[108.1281,16.2166],[108.1301,16.2159],[108.134,16.2176],[108.1362,16.2145],[108.1382,16.2148],[108.1398,16.2131],[108.1429,16.2139],[108.1438,16.2154],[108.1443,16.2187],[108.147,16.2211],[108.1488,16.2212],[108.1507,16.2198],[108.1536,16.2182],[108.1541,16.2167],[108.1555,16.2155],[108.1574,16.2154],[108.1589,16.2159],[108.16,16.215],[108.162,16.2125],[108.1653,16.2111],[108.1669,16.2098],[108.1688,16.209],[108.1714,16.209],[108.1744,16.2114],[108.1749,16.2123],[108.1766,16.2117],[108.1815,16.2126],[108.1821,16.2155],[108.1831,16.2156],[108.1866,16.2141],[108.1893,16.2119],[108.1942,16.2107],[108.195,16.2097],[108.1948,16.2084],[108.1933,16.2042],[108.1936,16.202],[108.1946,16.2011],[108.1944,16.1994],[108.1929,16.1994],[108.1916,16.2007],[108.186,16.2007],[108.185,16.1994],[108.181,16.1995],[108.179,16.2001],[108.1759,16.1974],[108.1755,16.195],[108.1729,16.1935],[108.1692,16.1935],[108.1683,16.1938],[108.1668,16.193],[108.1648,16.194],[108.162,16.1912],[108.1593,16.1903],[108.1561,16.1906],[108.1545,16.1883],[108.1431,16.1923],[108.1399,16.1937],[108.1384,16.1937],[108.1368,16.1926],[108.1355,16.1905],[108.1325,16.189],[108.1319,16.1882],[108.1247,16.183],[108.1206,16.1816],[108.1185,16.1813],[108.1171,16.1825],[108.1156,16.1828],[108.1136,16.1822],[108.111,16.1821],[108.1093,16.184],[108.1076,16.1851],[108.1049,16.1863],[108.1035,16.1858],[108.1005,16.1871],[108.0992,16.1866],[108.0946,16.1834],[108.0938,16.1826],[108.0935,16.1807],[108.0915,16.1803],[108.0893,16.1817],[108.0878,16.1817],[108.0861,16.1826],[108.0844,16.1816],[108.0814,16.1829],[108.0793,16.1827],[108.0755,16.1836],[108.0738,16.1823],[108.0708,16.1821],[108.0673,16.1834],[108.0642,16.1841],[108.0627,16.1825],[108.0618,16.1807],[108.0597,16.1792],[108.0585,16.1793],[108.0558,16.1804],[108.0525,16.1829],[108.0499,16.1838],[108.0481,16.1852],[108.0443,16.1873],[108.0429,16.1877],[108.0398,16.19],[108.0385,16.1901],[108.0368,16.1914],[108.0344,16.1914],[108.033,16.1908],[108.0318,16.1913],[108.0282,16.1933],[108.0251,16.193],[108.0178,16.1946],[108.0162,16.194],[108.0143,16.1946],[108.0103,16.1984],[108.0069,16.204],[108.0054,16.2053],[108.0038,16.205],[107.9998,16.2074],[107.996,16.2092],[107.9952,16.2099],[107.9936,16.2097],[107.9911,16.2122],[107.9882,16.2142],[107.9875,16.2133],[107.9827,16.2098],[107.9819,16.2083],[107.9809,16.2082],[107.9792,16.2056],[107.9794,16.2034],[107.9767,16.2009],[107.9739,16.1993],[107.9721,16.199],[107.9711,16.1969],[107.97,16.196],[107.9697,16.1942],[107.9673,16.1931],[107.9652,16.1931],[107.9633,16.192],[107.9604,16.1915],[107.956,16.1892],[107.9512,16.1901],[107.9492,16.191],[107.9461,16.1935],[107.9438,16.1946],[107.9386,16.1947],[107.9379,16.1954],[107.9361,16.1951],[107.9343,16.1954],[107.9322,16.1972],[107.9296,16.1975],[107.928,16.2006],[107.9266,16.2015],[107.9247,16.202],[107.9238,16.2032],[107.9219,16.2049],[107.921,16.2065],[107.918,16.2082],[107.9135,16.2145],[107.9112,16.2155]]],[[[108.2079,16.2121],[108.2082,16.2109],[108.2065,16.21],[108.2026,16.2122],[108.2005,16.2117],[108.1991,16.2129],[108.1989,16.2143],[108.2,16.2173],[108.1999,16.2206],[108.2021,16.2232],[108.2023,16.2243],[108.2041,16.2257],[108.2063,16.2251],[108.2093,16.2227],[108.2104,16.2198],[108.2094,16.2149],[108.2079,16.2121]]]]},"properties":{"name":"Chân Mây - Lăng Cô","level":"ward"}},{"type":"Feature","geometry":{"type":"Polygon","coordinates":[[[107.7573,16.3679],[107.7591,16.3665],[107.7666,16.3656],[107.7674,16.3653],[107.7709,16.3628],[107.7727,16.3613],[107.7748,16.3608],[107.7775,16.3557],[107.7828,16.357],[107.7882,16.3592],[107.7923,16.3596],[107.7949,16.3595],[107.7974,16.3589],[107.804,16.3547],[107.8187,16.3427],[107.826,16.3372],[107.8301,16.3346],[107.8321,16.3344],[107.8396,16.3315],[107.8399,16.3115],[107.8405,16.2888],[107.8396,16.2868],[107.8416,16.2861],[107.8436,16.284],[107.8444,16.2839],[107.8492,16.2807],[107.8509,16.2769],[107.8529,16.2713],[107.8552,16.2675],[107.8558,16.2649],[107.8542,16.2605],[107.8552,16.2571],[107.8548,16.2562],[107.8524,16.2551],[107.853,16.254],[107.8548,16.2531],[107.8563,16.2515],[107.8573,16.248],[107.8575,16.2457],[107.8589,16.2447],[107.8616,16.2392],[107.8608,16.238],[107.8575,16.2371],[107.8532,16.2364],[107.852,16.2341],[107.85,16.2313],[107.8475,16.2288],[107.8474,16.2282],[107.8493,16.2219],[107.8499,16.2189],[107.8509,16.2173],[107.8504,16.2153],[107.8494,16.2141],[107.8491,16.2119],[107.8483,16.2103],[107.848,16.2081],[107.8459,16.2046],[107.8459,16.1955],[107.8463,16.1936],[107.8457,16.1929],[107.8489,16.1896],[107.8484,16.1875],[107.8489,16.185],[107.8483,16.1832],[107.8497,16.1814],[107.8502,16.1777],[107.849,16.1781],[107.8462,16.1782],[107.8431,16.1774],[107.8411,16.178],[107.8388,16.1774],[107.8353,16.1784],[107.8297,16.1788],[107.8271,16.1825],[107.8258,16.1838],[107.8239,16.1845],[107.8198,16.1894],[107.8181,16.1895],[107.8152,16.1907],[107.8142,16.1918],[107.813,16.1961],[107.8123,16.1967],[107.8115,16.2002],[107.8097,16.2026],[107.8069,16.2035],[107.804,16.2076],[107.8019,16.2087],[107.8007,16.2115],[107.7973,16.2123],[107.7916,16.2085],[107.7891,16.2102],[107.7881,16.2087],[107.7853,16.2088],[107.7819,16.2105],[107.78,16.2107],[107.7778,16.2105],[107.7758,16.2095],[107.7743,16.2122],[107.7739,16.2144],[107.7725,16.2167],[107.77,16.2179],[107.7687,16.219],[107.7678,16.2219],[107.7668,16.222],[107.7625,16.2246],[107.7626,16.2254],[107.761,16.2295],[107.7593,16.23],[107.7583,16.2316],[107.7555,16.2323],[107.7535,16.2337],[107.7517,16.236],[107.7487,16.2371],[107.7478,16.2382],[107.7455,16.243],[107.7453,16.2442],[107.7462,16.2463],[107.7432,16.2523],[107.7422,16.2532],[107.7412,16.2564],[107.7402,16.258],[107.7401,16.2595],[107.7384,16.2635],[107.737,16.2649],[107.7385,16.2674],[107.7377,16.269],[107.7362,16.269],[107.7363,16.2715],[107.7354,16.2734],[107.7317,16.2747],[107.7279,16.2782],[107.727,16.2802],[107.727,16.2836],[107.7252,16.2845],[107.7227,16.2872],[107.7237,16.2879],[107.7247,16.2869],[107.7263,16.2885],[107.726,16.2902],[107.7269,16.291],[107.7299,16.2908],[107.732,16.292],[107.7321,16.2932],[107.7334,16.2953],[107.7353,16.2959],[107.7379,16.2977],[107.7381,16.301],[107.7394,16.3031],[107.7411,16.3042],[107.7407,16.306],[107.7413,16.3067],[107.7413,16.3089],[107.743,16.309],[107.7442,16.3097],[107.7482,16.3096],[107.7496,16.3099],[107.7494,16.312],[107.7486,16.3126],[107.75,16.3166],[107.7512,16.3177],[107.7547,16.3185],[107.756,16.3191],[107.759,16.323],[107.758,16.3244],[107.7561,16.3251],[107.7565,16.3269],[107.7561,16.3314],[107.755,16.3334],[107.7545,16.3354],[107.7542,16.339],[107.7588,16.3412],[107.76,16.343],[107.7595,16.345],[107.7596,16.3478],[107.7591,16.3504],[107.7607,16.3526],[107.7618,16.3548],[107.7612,16.3561],[107.7609,16.3591],[107.7584,16.3626],[107.7556,16.3658],[107.7547,16.3681],[107.7573,16.3679]]]},"properties":{"name":"Lộc An","level":"ward"}},{"type":"Feature","geometry":{"type":"Polygon","coordinates":[[[107.6682,16.217],[107.6657,16.2184],[107.6655,16.2192],[107.6674,16.2234],[107.6703,16.2259],[107.6713,16.2276],[107.67,16.2296],[107.6651,16.2309],[107.6634,16.2323],[107.6627,16.2335],[107.6616,16.237],[107.6625,16.2396],[107.664,16.2407],[107.6695,16.2405],[107.6708,16.241],[107.6714,16.2427],[107.6711,16.244],[107.6731,16.243],[107.674,16.2402],[107.6762,16.2397],[107.6773,16.2408],[107.6782,16.2429],[107.6811,16.2417],[107.6868,16.2397],[107.689,16.2402],[107.6917,16.242],[107.693,16.2421],[107.694,16.2409],[107.6969,16.2395],[107.6976,16.2374],[107.6997,16.2365],[107.702,16.2373],[107.7049,16.2367],[107.7061,16.2338],[107.707,16.2326],[107.7111,16.2327],[107.7116,16.2318],[107.7147,16.2318],[107.7164,16.2341],[107.7205,16.2357],[107.7223,16.2372],[107.7255,16.2368],[107.7294,16.2379],[107.7322,16.2381],[107.7362,16.2377],[107.7376,16.239],[107.7388,16.2385],[107.7411,16.2365],[107.743,16.2364],[107.7458,16.2368],[107.7478,16.2382],[107.7487,16.2371],[107.7517,16.236],[107.7535,16.2337],[107.7555,16.2323],[107.7583,16.2316],[107.7593,16.23],[107.761,16.2295],[107.7626,16.2254],[107.7625,16.2246],[107.7668,16.222],[107.7678,16.2219],[107.7687,16.219],[107.77,16.2179],[107.7725,16.2167],[107.7739,16.2144],[107.7743,16.2122],[107.7758,16.2095],[107.7778,16.2105],[107.78,16.2107],[107.7819,16.2105],[107.7853,16.2088],[107.7881,16.2087],[107.7891,16.2102],[107.7916,16.2085],[107.7973,16.2123],[107.8007,16.2115],[107.8019,16.2087],[107.804,16.2076],[107.8069,16.2035],[107.8097,16.2026],[107.8115,16.2002],[107.8123,16.1967],[107.813,16.1961],[107.8142,16.1918],[107.8152,16.1907],[107.8181,16.1895],[107.8198,16.1894],[107.8239,16.1845],[107.8258,16.1838],[107.8271,16.1825],[107.8297,16.1788],[107.8353,16.1784],[107.8388,16.1774],[107.8411,16.178],[107.8431,16.1774],[107.8462,16.1782],[107.849,16.1781],[107.8502,16.1777],[107.8507,16.1754],[107.8541,16.1721],[107.8533,16.1695],[107.8537,16.1678],[107.8564,16.1668],[107.8581,16.1644],[107.861,16.1651],[107.8638,16.1667],[107.865,16.1687],[107.8693,16.1703],[107.8718,16.1706],[107.8732,16.1719],[107.8748,16.1723],[107.8764,16.1693],[107.8759,16.1682],[107.8762,16.1659],[107.8751,16.1609],[107.8735,16.1579],[107.8652,16.1571],[107.8639,16.1556],[107.8614,16.1552],[107.8599,16.1545],[107.8587,16.1524],[107.8593,16.1497],[107.8605,16.1473],[107.86,16.1454],[107.8583,16.1438],[107.8577,16.1404],[107.8579,16.1378],[107.8595,16.1365],[107.8602,16.1352],[107.8593,16.1341],[107.8573,16.1287],[107.856,16.1277],[107.855,16.1254],[107.8544,16.1224],[107.856,16.1203],[107.8562,16.1144],[107.8537,16.112],[107.851,16.1109],[107.8496,16.1097],[107.8485,16.1078],[107.8457,16.1057],[107.8454,16.1046],[107.8413,16.1034],[107.8393,16.102],[107.8373,16.1013],[107.8364,16.1],[107.8337,16.0978],[107.8322,16.0956],[107.8323,16.093],[107.829,16.0919],[107.8269,16.09],[107.8255,16.0869],[107.8256,16.085],[107.8229,16.0835],[107.8216,16.0778],[107.8221,16.0764],[107.8244,16.073],[107.8248,16.0707],[107.8243,16.0693],[107.8222,16.0676],[107.8201,16.0651],[107.8202,16.0623],[107.8186,16.0592],[107.8188,16.0574],[107.8172,16.056],[107.8157,16.0532],[107.8128,16.0527],[107.8085,16.0532],[107.8058,16.0552],[107.8046,16.0568],[107.8026,16.0581],[107.8011,16.0607],[107.7963,16.0624],[107.7935,16.0628],[107.7931,16.0641],[107.7907,16.0657],[107.7889,16.0677],[107.7871,16.0679],[107.7853,16.0663],[107.7829,16.0647],[107.7816,16.0624],[107.7789,16.0635],[107.7786,16.0644],[107.7769,16.0655],[107.7752,16.0646],[107.7755,16.0633],[107.7752,16.0601],[107.7745,16.0588],[107.7707,16.0557],[107.7701,16.0519],[107.7695,16.0512],[107.7671,16.0515],[107.765,16.0504],[107.7615,16.0495],[107.7594,16.0471],[107.7573,16.0434],[107.7545,16.044],[107.7534,16.0429],[107.7497,16.043],[107.7521,16.0451],[107.7519,16.0469],[107.7528,16.0472],[107.7549,16.0496],[107.7571,16.0515],[107.7582,16.0535],[107.7573,16.0553],[107.7548,16.0573],[107.7524,16.0585],[107.753,16.0607],[107.7523,16.0616],[107.7502,16.0626],[107.7491,16.065],[107.7481,16.0657],[107.7447,16.069],[107.7442,16.0708],[107.7445,16.0737],[107.7436,16.0753],[107.7422,16.0758],[107.7405,16.078],[107.7404,16.0797],[107.741,16.0816],[107.7404,16.0848],[107.7393,16.0854],[107.7356,16.0852],[107.7332,16.0862],[107.7324,16.0869],[107.7314,16.0893],[107.7313,16.0909],[107.7301,16.0931],[107.7305,16.0954],[107.7299,16.0985],[107.7279,16.101],[107.7277,16.1029],[107.7269,16.1053],[107.7238,16.1075],[107.7225,16.1103],[107.7215,16.1143],[107.7212,16.1164],[107.7219,16.1178],[107.7207,16.1191],[107.7198,16.1213],[107.7195,16.1237],[107.7194,16.1292],[107.7165,16.13],[107.7142,16.1303],[107.7128,16.1333],[107.7104,16.1364],[107.7069,16.1368],[107.7056,16.1398],[107.7063,16.1415],[107.7081,16.1427],[107.7092,16.1442],[107.7138,16.1442],[107.7167,16.1468],[107.7158,16.1507],[107.7162,16.1523],[107.7212,16.1587],[107.7215,16.1606],[107.7205,16.1626],[107.7196,16.1631],[107.7176,16.1616],[107.7166,16.1615],[107.7162,16.164],[107.7155,16.165],[107.7134,16.166],[107.713,16.1702],[107.7135,16.1715],[107.712,16.1735],[107.7101,16.1739],[107.7094,16.1731],[107.7077,16.1732],[107.7057,16.1742],[107.704,16.1735],[107.7011,16.1734],[107.7007,16.1738],[107.695,16.1751],[107.6922,16.175],[107.6888,16.1755],[107.6853,16.1768],[107.6838,16.1771],[107.6824,16.1787],[107.6819,16.1807],[107.6826,16.183],[107.6825,16.1843],[107.6797,16.1876],[107.6767,16.1904],[107.6769,16.1913],[107.6784,16.1921],[107.682,16.1923],[107.6833,16.1928],[107.6837,16.1942],[107.6815,16.1986],[107.6804,16.2003],[107.68,16.2024],[107.6801,16.2041],[107.6793,16.2076],[107.6779,16.211],[107.6759,16.2142],[107.6764,16.2153],[107.6782,16.2171],[107.6799,16.2175],[107.6804,16.2201],[107.6791,16.2214],[107.6768,16.2212],[107.6744,16.218],[107.6725,16.2171],[107.6682,16.217]]]},"properties":{"name":"Khe Tre","level":"ward"}},{"type":"Feature","geometry":{"type":"Polygon","coordinates":[[[107.5968,16.1801],[107.5989,16.1818],[107.5994,16.1829],[107.6022,16.1833],[107.6037,16.184],[107.606,16.1838],[107.6084,16.1843],[107.6107,16.1835],[107.6128,16.1834],[107.6157,16.1871],[107.6168,16.1872],[107.6193,16.1853],[107.624,16.1883],[107.6248,16.1905],[107.6261,16.1926],[107.6285,16.1946],[107.6295,16.1945],[107.6309,16.1977],[107.6311,16.1995],[107.6321,16.1995],[107.6362,16.2014],[107.6381,16.2012],[107.6395,16.1997],[107.6405,16.2002],[107.6441,16.2005],[107.6496,16.2004],[107.6505,16.2019],[107.6499,16.2042],[107.6509,16.2065],[107.6534,16.206],[107.6556,16.2082],[107.6559,16.2096],[107.6571,16.2095],[107.6599,16.2107],[107.6633,16.2102],[107.6638,16.2116],[107.6671,16.215],[107.6682,16.217],[107.6725,16.2171],[107.6744,16.218],[107.6768,16.2212],[107.6791,16.2214],[107.6804,16.2201],[107.6799,16.2175],[107.6782,16.2171],[107.6764,16.2153],[107.6759,16.2142],[107.6779,16.211],[107.6793,16.2076],[107.6801,16.2041],[107.68,16.2024],[107.6804,16.2003],[107.6815,16.1986],[107.6837,16.1942],[107.6833,16.1928],[107.682,16.1923],[107.6784,16.1921],[107.6769,16.1913],[107.6767,16.1904],[107.6797,16.1876],[107.6825,16.1843],[107.6826,16.183],[107.6819,16.1807],[107.6824,16.1787],[107.6838,16.1771],[107.6853,16.1768],[107.6888,16.1755],[107.6922,16.175],[107.695,16.1751],[107.7007,16.1738],[107.7011,16.1734],[107.704,16.1735],[107.7057,16.1742],[107.7077,16.1732],[107.7094,16.1731],[107.7101,16.1739],[107.712,16.1735],[107.7135,16.1715],[107.713,16.1702],[107.7134,16.166],[107.7155,16.165],[107.7162,16.164],[107.7166,16.1615],[107.7176,16.1616],[107.7196,16.1631],[107.7205,16.1626],[107.7215,16.1606],[107.7212,16.1587],[107.7162,16.1523],[107.7158,16.1507],[107.7167,16.1468],[107.7138,16.1442],[107.7092,16.1442],[107.7081,16.1427],[107.7063,16.1415],[107.7056,16.1398],[107.7069,16.1368],[107.7104,16.1364],[107.7128,16.1333],[107.7142,16.1303],[107.7165,16.13],[107.7194,16.1292],[107.7195,16.1237],[107.7198,16.1213],[107.7207,16.1191],[107.7219,16.1178],[107.7212,16.1164],[107.7215,16.1143],[107.7225,16.1103],[107.7238,16.1075],[107.7269,16.1053],[107.7277,16.1029],[107.7279,16.101],[107.7299,16.0985],[107.7305,16.0954],[107.7301,16.0931],[107.7313,16.0909],[107.7314,16.0893],[107.7324,16.0869],[107.7332,16.0862],[107.7356,16.0852],[107.7393,16.0854],[107.7404,16.0848],[107.741,16.0816],[107.7404,16.0797],[107.7405,16.078],[107.7422,16.0758],[107.7436,16.0753],[107.7445,16.0737],[107.7442,16.0708],[107.7447,16.069],[107.7481,16.0657],[107.7491,16.065],[107.7502,16.0626],[107.7523,16.0616],[107.753,16.0607],[107.7524,16.0585],[107.7548,16.0573],[107.7573,16.0553],[107.7582,16.0535],[107.7571,16.0515],[107.7549,16.0496],[107.7528,16.0472],[107.7519,16.0469],[107.7521,16.0451],[107.7497,16.043],[107.7478,16.0427],[107.7438,16.0415],[107.7433,16.0404],[107.7409,16.0388],[107.739,16.0386],[107.7357,16.0365],[107.7337,16.0359],[107.7304,16.0329],[107.7301,16.0318],[107.7283,16.0308],[107.7268,16.0306],[107.7256,16.0275],[107.7259,16.0261],[107.7277,16.0242],[107.7282,16.022],[107.7279,16.0209],[107.7282,16.0187],[107.7268,16.0167],[107.7265,16.0154],[107.7273,16.0133],[107.7252,16.0099],[107.7246,16.0081],[107.72,16.0051],[107.7178,16.0027],[107.7146,16.0007],[107.7094,15.9988],[107.7078,15.9969],[107.7076,15.9954],[107.7052,15.9947],[107.7034,15.9955],[107.7013,15.9949],[107.6996,15.9952],[107.696,15.9947],[107.6921,15.9955],[107.6912,15.9965],[107.6873,15.9967],[107.685,15.9974],[107.6822,15.9973],[107.6816,15.998],[107.677,15.9991],[107.6764,16.0002],[107.6765,16.0043],[107.6758,16.0052],[107.6728,16.0065],[107.6721,16.0094],[107.6722,16.0119],[107.6694,16.0129],[107.668,16.0147],[107.6649,16.0168],[107.6641,16.0187],[107.6579,16.0196],[107.6564,16.0195],[107.6566,16.0203],[107.6564,16.0243],[107.6568,16.027],[107.6576,16.0284],[107.6569,16.0303],[107.6574,16.032],[107.659,16.0343],[107.6585,16.0365],[107.6593,16.039],[107.6588,16.0417],[107.6604,16.0436],[107.6601,16.0473],[107.6577,16.0484],[107.6575,16.0522],[107.6569,16.0543],[107.6546,16.0576],[107.6554,16.0611],[107.655,16.0638],[107.6554,16.0689],[107.653,16.07],[107.6508,16.07],[107.6489,16.0707],[107.6482,16.0719],[107.6455,16.0747],[107.642,16.0755],[107.6403,16.0749],[107.6394,16.0753],[107.6394,16.077],[107.6411,16.0793],[107.643,16.0799],[107.647,16.0801],[107.6489,16.0818],[107.6551,16.0851],[107.6562,16.0883],[107.6576,16.0896],[107.6579,16.0914],[107.66,16.0914],[107.6639,16.092],[107.6662,16.0927],[107.6669,16.0934],[107.6707,16.0954],[107.6724,16.0978],[107.6721,16.1024],[107.6693,16.1029],[107.6697,16.1044],[107.6695,16.1075],[107.6722,16.1135],[107.6741,16.116],[107.6736,16.1172],[107.6747,16.1197],[107.6743,16.1207],[107.6758,16.123],[107.6768,16.1253],[107.678,16.1268],[107.6762,16.1285],[107.6761,16.1303],[107.6793,16.1342],[107.6802,16.1363],[107.6816,16.1367],[107.681,16.1388],[107.6769,16.1408],[107.6711,16.1401],[107.6696,16.1408],[107.6683,16.1426],[107.666,16.1437],[107.6647,16.1437],[107.6629,16.1445],[107.6617,16.1457],[107.6598,16.1468],[107.6605,16.1493],[107.6597,16.1527],[107.6577,16.1539],[107.6549,16.1541],[107.6532,16.1557],[107.6496,16.1561],[107.6488,16.1547],[107.6463,16.1521],[107.6408,16.1488],[107.639,16.1486],[107.6374,16.1492],[107.6353,16.1492],[107.6323,16.1508],[107.6315,16.1524],[107.6297,16.1524],[107.6263,16.1532],[107.623,16.1562],[107.6216,16.1566],[107.6179,16.1565],[107.6156,16.1541],[107.6099,16.1509],[107.6086,16.1547],[107.6069,16.1583],[107.6067,16.1607],[107.6088,16.1648],[107.608,16.1671],[107.6054,16.1688],[107.6015,16.1699],[107.6,16.1713],[107.5985,16.1699],[107.5947,16.1698],[107.5932,16.1712],[107.5926,16.1726],[107.5926,16.1745],[107.5934,16.1764],[107.5959,16.1765],[107.5962,16.1776],[107.5976,16.1789],[107.5968,16.1801]]]},"properties":{"name":"Nam Đông","level":"ward"}},{"type":"Feature","geometry":{"type":"Polygon","coordinates":[[[107.5211,16.156],[107.524,16.1573],[107.5259,16.1593],[107.5298,16.1608],[107.5317,16.1605],[107.5329,16.161],[107.5354,16.1595],[107.5372,16.1596],[107.5383,16.1587],[107.5408,16.1587],[107.5423,16.1577],[107.5447,16.1582],[107.547,16.1612],[107.5513,16.1629],[107.5528,16.1624],[107.555,16.1627],[107.5583,16.1619],[107.5598,16.1612],[107.5646,16.1618],[107.5676,16.1634],[107.5718,16.165],[107.5749,16.1674],[107.5746,16.172],[107.5754,16.1742],[107.5781,16.1738],[107.5807,16.1729],[107.582,16.1769],[107.5833,16.1783],[107.5852,16.1793],[107.5875,16.1798],[107.5915,16.1785],[107.5938,16.1783],[107.5968,16.1801],[107.5976,16.1789],[107.5962,16.1776],[107.5959,16.1765],[107.5934,16.1764],[107.5926,16.1745],[107.5926,16.1726],[107.5932,16.1712],[107.5947,16.1698],[107.5985,16.1699],[107.6,16.1713],[107.6015,16.1699],[107.6054,16.1688],[107.608,16.1671],[107.6088,16.1648],[107.6067,16.1607],[107.6069,16.1583],[107.6086,16.1547],[107.6099,16.1509],[107.6156,16.1541],[107.6179,16.1565],[107.6216,16.1566],[107.623,16.1562],[107.6263,16.1532],[107.6297,16.1524],[107.6315,16.1524],[107.6323,16.1508],[107.6353,16.1492],[107.6374,16.1492],[107.639,16.1486],[107.6408,16.1488],[107.6463,16.1521],[107.6488,16.1547],[107.6496,16.1561],[107.6532,16.1557],[107.6549,16.1541],[107.6577,16.1539],[107.6597,16.1527],[107.6605,16.1493],[107.6598,16.1468],[107.6617,16.1457],[107.6629,16.1445],[107.6647,16.1437],[107.666,16.1437],[107.6683,16.1426],[107.6696,16.1408],[107.6711,16.1401],[107.6769,16.1408],[107.681,16.1388],[107.6816,16.1367],[107.6802,16.1363],[107.6793,16.1342],[107.6761,16.1303],[107.6762,16.1285],[107.678,16.1268],[107.6768,16.1253],[107.6758,16.123],[107.6743,16.1207],[107.6747,16.1197],[107.6736,16.1172],[107.6741,16.116],[107.6722,16.1135],[107.6695,16.1075],[107.6697,16.1044],[107.6693,16.1029],[107.6721,16.1024],[107.6724,16.0978],[107.6707,16.0954],[107.6669,16.0934],[107.6662,16.0927],[107.6639,16.092],[107.66,16.0914],[107.6579,16.0914],[107.6576,16.0896],[107.6562,16.0883],[107.6551,16.0851],[107.6489,16.0818],[107.647,16.0801],[107.643,16.0799],[107.6411,16.0793],[107.6394,16.077],[107.6394,16.0753],[107.6403,16.0749],[107.642,16.0755],[107.6455,16.0747],[107.6482,16.0719],[107.6489,16.0707],[107.6508,16.07],[107.653,16.07],[107.6554,16.0689],[107.655,16.0638],[107.6554,16.0611],[107.6546,16.0576],[107.6569,16.0543],[107.6575,16.0522],[107.6577,16.0484],[107.6601,16.0473],[107.6604,16.0436],[107.6588,16.0417],[107.6593,16.039],[107.6585,16.0365],[107.659,16.0343],[107.6574,16.032],[107.6569,16.0303],[107.6576,16.0284],[107.6568,16.027],[107.6564,16.0243],[107.6566,16.0203],[107.6564,16.0195],[107.651,16.0192],[107.6476,16.0235],[107.6447,16.024],[107.641,16.0263],[107.641,16.0271],[107.6387,16.028],[107.6355,16.0286],[107.6353,16.0294],[107.6323,16.031],[107.6297,16.0305],[107.6273,16.0316],[107.6241,16.0322],[107.6228,16.0311],[107.6213,16.0321],[107.6202,16.0342],[107.62,16.0386],[107.6217,16.0405],[107.6237,16.0443],[107.6254,16.0461],[107.6253,16.0474],[107.6261,16.0493],[107.6254,16.0503],[107.6256,16.0528],[107.6249,16.0556],[107.6225,16.0596],[107.6214,16.0621],[107.6197,16.0641],[107.6155,16.063],[107.6113,16.0608],[107.6101,16.0608],[107.6061,16.06],[107.6048,16.0589],[107.6038,16.0591],[107.6017,16.0576],[107.5997,16.0571],[107.5968,16.0571],[107.5958,16.0562],[107.5926,16.0572],[107.5891,16.0567],[107.5867,16.0568],[107.5789,16.0548],[107.5746,16.0543],[107.5725,16.0555],[107.5714,16.0553],[107.5687,16.0537],[107.5666,16.0519],[107.5654,16.052],[107.5619,16.0508],[107.5579,16.0476],[107.5576,16.0456],[107.5565,16.0448],[107.5532,16.0446],[107.5522,16.0418],[107.5535,16.0408],[107.5542,16.039],[107.5559,16.0374],[107.5567,16.0355],[107.5573,16.0328],[107.5585,16.0317],[107.5602,16.0314],[107.5602,16.0294],[107.5595,16.0271],[107.5584,16.0254],[107.5596,16.0238],[107.5599,16.0223],[107.5576,16.0176],[107.5558,16.0173],[107.554,16.0146],[107.5516,16.0153],[107.5507,16.015],[107.5498,16.0113],[107.5464,16.0107],[107.5444,16.0107],[107.5398,16.012],[107.5379,16.013],[107.5343,16.0133],[107.532,16.0152],[107.5299,16.0152],[107.5287,16.0157],[107.5261,16.016],[107.5252,16.0165],[107.5225,16.0165],[107.5204,16.0152],[107.5204,16.0176],[107.5197,16.019],[107.5176,16.0213],[107.5168,16.0235],[107.5176,16.0271],[107.5189,16.0297],[107.5204,16.0313],[107.5209,16.0329],[107.5219,16.0341],[107.5214,16.0362],[107.5205,16.0367],[107.5217,16.0383],[107.522,16.0398],[107.523,16.0409],[107.5219,16.0468],[107.5218,16.0484],[107.5203,16.0491],[107.5206,16.0512],[107.5188,16.0507],[107.5177,16.0516],[107.5191,16.0553],[107.5168,16.058],[107.5176,16.0609],[107.517,16.0619],[107.5172,16.0633],[107.5188,16.0646],[107.5185,16.0665],[107.5172,16.0673],[107.5165,16.0701],[107.5177,16.0742],[107.5175,16.0753],[107.5156,16.0783],[107.5134,16.0788],[107.5134,16.0817],[107.5148,16.0832],[107.513,16.0866],[107.5129,16.088],[107.5137,16.0898],[107.5131,16.0914],[107.5135,16.0968],[107.5151,16.0987],[107.5153,16.0998],[107.5169,16.1021],[107.514,16.1032],[107.5132,16.1039],[107.5128,16.1058],[107.5125,16.1098],[107.512,16.1112],[107.5106,16.1126],[107.5097,16.1157],[107.5099,16.1165],[107.5121,16.1162],[107.5128,16.1177],[107.5129,16.1232],[107.5117,16.1253],[107.5141,16.1257],[107.5132,16.1278],[107.5135,16.1306],[107.5145,16.1326],[107.5112,16.1329],[107.5113,16.1361],[107.5117,16.1375],[107.5094,16.1401],[107.5101,16.1408],[107.5139,16.1403],[107.5112,16.1426],[107.5124,16.1437],[107.514,16.1464],[107.5165,16.1478],[107.5182,16.1481],[107.5184,16.149],[107.517,16.1496],[107.5173,16.1515],[107.5216,16.1536],[107.5211,16.156]]]},"properties":{"name":"Long Quảng","level":"ward"}}]}