{"type":"FeatureCollection","features":[{"type":"Feature","geometry":{"type":"MultiPolygon","coordinates":[[[[109.2178,12.3594],[109.2155,12.3576],[109.212,12.3588],[109.2155,12.3622],[109.2175,12.3613],[109.2178,12.3594]]],[[[109.1968,12.378],[109.1973,12.3707],[109.1985,12.366],[109.1963,12.3627],[109.1957,12.3601],[109.1982,12.3576],[109.1991,12.3554],[109.1986,12.3527],[109.1997,12.3516],[109.1988,12.3481],[109.2007,12.3457],[109.2026,12.3448],[109.2038,12.3423],[109.202,12.3414],[109.2014,12.3389],[109.202,12.3358],[109.2052,12.3338],[109.2061,12.3343],[109.2093,12.3316],[109.2108,12.3257],[109.2125,12.3239],[109.2165,12.3237],[109.2174,12.3223],[109.2214,12.3215],[109.2233,12.3174],[109.2258,12.3166],[109.2293,12.3124],[109.2321,12.3115],[109.2346,12.3078],[109.2383,12.3066],[109.2396,12.3071],[109.2423,12.3046],[109.2412,12.3017],[109.237,12.2993],[109.235,12.2969],[109.2344,12.2946],[109.2299,12.2935],[109.2261,12.2951],[109.2247,12.2943],[109.2202,12.2954],[109.2178,12.2948],[109.2107,12.2912],[109.2067,12.2901],[109.203,12.2816],[109.2026,12.2758],[109.2043,12.2724],[109.2062,12.2728],[109.207,12.2702],[109.2058,12.2665],[109.2017,12.2653],[109.1991,12.2616],[109.1954,12.2588],[109.1923,12.2588],[109.187,12.2602],[109.1897,12.2624],[109.1948,12.2627],[109.1929,12.2654],[109.1884,12.2673],[109.1881,12.2718],[109.183,12.2736],[109.1796,12.272],[109.1765,12.2734],[109.1801,12.2777],[109.1846,12.2857],[109.1859,12.2889],[109.184,12.2916],[109.1812,12.2928],[109.1774,12.2903],[109.1762,12.2918],[109.1708,12.2934],[109.1646,12.2928],[109.1634,12.2932],[109.159,12.2895],[109.1571,12.29],[109.1539,12.2884],[109.1531,12.2848],[109.1536,12.2767],[109.1566,12.274],[109.1566,12.2703],[109.1551,12.2691],[109.1507,12.2691],[109.1463,12.271],[109.143,12.2695],[109.137,12.2755],[109.1347,12.2755],[109.1334,12.2777],[109.1363,12.28],[109.1362,12.2831],[109.1323,12.2826],[109.1307,12.2926],[109.1291,12.2961],[109.1278,12.2969],[109.128,12.3016],[109.1311,12.3094],[109.1299,12.3109],[109.1294,12.3156],[109.1301,12.3179],[109.1284,12.3223],[109.1243,12.3273],[109.1236,12.3296],[109.1204,12.331],[109.1193,12.3334],[109.1173,12.3343],[109.1143,12.3405],[109.1115,12.343],[109.1143,12.3445],[109.1156,12.3479],[109.1178,12.3492],[109.1189,12.3517],[109.1176,12.3541],[109.1173,12.3566],[109.1196,12.3598],[109.1217,12.3579],[109.1255,12.3611],[109.1266,12.3633],[109.1293,12.3651],[109.1325,12.3654],[109.1349,12.3681],[109.1379,12.3687],[109.1401,12.3706],[109.1447,12.3671],[109.1485,12.3668],[109.1494,12.3683],[109.1555,12.3688],[109.1581,12.3666],[109.1565,12.3624],[109.1612,12.3603],[109.1616,12.3612],[109.1659,12.3614],[109.1707,12.3587],[109.1735,12.3618],[109.1698,12.367],[109.1699,12.3706],[109.1666,12.3742],[109.1673,12.3764],[109.1699,12.3761],[109.1712,12.378],[109.1747,12.3783],[109.1785,12.3745],[109.1819,12.3751],[109.1845,12.3778],[109.1908,12.3795],[109.1968,12.378]]]]},"properties":{"name":"Bắc Nha Trang","level":"ward"}},{"type":"Feature","geometry":{"type":"MultiPolygon","coordinates":[[[[109.187,12.2602],[109.1923,12.2588],[109.1954,12.2588],[109.1991,12.2616],[109.1991,12.2596],[109.1969,12.2535],[109.197,12.2459],[109.1975,12.2393],[109.1993,12.2315],[109.2017,12.226],[109.2063,12.2193],[109.212,12.2138],[109.2149,12.2117],[109.2167,12.2114],[109.2155,12.2072],[109.2168,12.2057],[109.2151,12.2015],[109.2114,12.204],[109.2087,12.2044],[109.2063,12.2074],[109.2053,12.2113],[109.2012,12.2101],[109.1965,12.2144],[109.1983,12.2168],[109.1909,12.2224],[109.1916,12.2237],[109.1886,12.2253],[109.1889,12.2294],[109.1847,12.2317],[109.1826,12.2296],[109.1811,12.2363],[109.1825,12.2423],[109.1817,12.2491],[109.1823,12.2495],[109.1892,12.2472],[109.1867,12.2542],[109.185,12.2564],[109.1854,12.2588],[109.187,12.2602]]],[[[109.3086,12.1688],[109.3121,12.1689],[109.3128,12.1669],[109.3165,12.1655],[109.3131,12.1622],[109.311,12.1649],[109.3075,12.1656],[109.3056,12.1641],[109.3012,12.1635],[109.2969,12.1668],[109.2967,12.1696],[109.298,12.171],[109.3031,12.1719],[109.3054,12.1713],[109.3086,12.1688]]],[[[109.2457,12.1793],[109.2493,12.1767],[109.25,12.1735],[109.2519,12.1702],[109.2506,12.1693],[109.2467,12.1727],[109.2447,12.1721],[109.242,12.1729],[109.2359,12.176],[109.2348,12.1781],[109.2363,12.1793],[109.2405,12.1792],[109.2446,12.1801],[109.2457,12.1793]]],[[[109.2774,12.1801],[109.278,12.1763],[109.2751,12.1734],[109.2707,12.1755],[109.2721,12.1817],[109.2744,12.1801],[109.2774,12.1801]]],[[[109.2245,12.1962],[109.2272,12.1966],[109.228,12.1945],[109.2339,12.195],[109.2305,12.1904],[109.2261,12.1868],[109.2256,12.1844],[109.2237,12.1833],[109.2231,12.187],[109.2209,12.189],[109.2185,12.1889],[109.2204,12.1934],[109.2245,12.1962]]],[[[109.27,12.232],[109.2728,12.2316],[109.2745,12.2278],[109.2803,12.2273],[109.2846,12.2281],[109.2885,12.2297],[109.2956,12.2308],[109.2982,12.2289],[109.298,12.2237],[109.3,12.2215],[109.3037,12.2194],[109.3048,12.2143],[109.3086,12.213],[109.3123,12.2156],[109.3148,12.226],[109.3177,12.2265],[109.3202,12.222],[109.3229,12.22],[109.3251,12.2202],[109.3269,12.2218],[109.3298,12.2208],[109.3315,12.2172],[109.3306,12.2108],[109.3277,12.2094],[109.329,12.204],[109.3278,12.2009],[109.3314,12.2003],[109.3342,12.1978],[109.3359,12.1946],[109.3299,12.1911],[109.3267,12.1911],[109.3256,12.1856],[109.3231,12.1847],[109.317,12.1859],[109.316,12.1887],[109.3183,12.1892],[109.322,12.192],[109.3191,12.1936],[109.3155,12.1914],[109.3097,12.1902],[109.3054,12.1926],[109.2996,12.1922],[109.2979,12.1929],[109.2975,12.1958],[109.3002,12.1989],[109.3037,12.2006],[109.302,12.2044],[109.3008,12.2047],[109.2953,12.2005],[109.2898,12.1948],[109.2897,12.189],[109.2942,12.1861],[109.2936,12.1833],[109.289,12.1813],[109.2854,12.1805],[109.2836,12.1811],[109.2767,12.1847],[109.273,12.1885],[109.2736,12.1905],[109.2719,12.1944],[109.2683,12.1966],[109.2594,12.1989],[109.2512,12.2058],[109.2487,12.2087],[109.2446,12.2094],[109.2408,12.2133],[109.2386,12.2143],[109.2383,12.2162],[109.24,12.219],[109.2392,12.2237],[109.2365,12.2247],[109.2317,12.2245],[109.2311,12.2293],[109.2357,12.2325],[109.2384,12.2325],[109.2412,12.23],[109.2446,12.2307],[109.2449,12.2243],[109.2478,12.2223],[109.2522,12.2247],[109.2549,12.2194],[109.258,12.2182],[109.2612,12.2196],[109.2619,12.2218],[109.2613,12.2287],[109.2637,12.2318],[109.2643,12.2354],[109.2669,12.2362],[109.27,12.232]]],[[[109.3618,12.2669],[109.3588,12.2675],[109.3571,12.2706],[109.3574,12.2722],[109.3598,12.2739],[109.3623,12.2737],[109.364,12.2708],[109.3618,12.2669]]],[[[109.3704,12.2798],[109.3681,12.2826],[109.3698,12.2847],[109.3704,12.2798]]]]},"properties":{"name":"Nha Trang","level":"ward"}},{"type":"Feature","geometry":{"type":"Polygon","coordinates":[[[109.143,12.2695],[109.1463,12.271],[109.1507,12.2691],[109.1551,12.2691],[109.1566,12.2703],[109.1566,12.274],[109.1536,12.2767],[109.1531,12.2848],[109.1539,12.2884],[109.1571,12.29],[109.159,12.2895],[109.1634,12.2932],[109.1646,12.2928],[109.1708,12.2934],[109.1762,12.2918],[109.1774,12.2903],[109.1812,12.2928],[109.184,12.2916],[109.1859,12.2889],[109.1846,12.2857],[109.1801,12.2777],[109.1765,12.2734],[109.1796,12.272],[109.183,12.2736],[109.1881,12.2718],[109.1884,12.2673],[109.1929,12.2654],[109.1948,12.2627],[109.1897,12.2624],[109.187,12.2602],[109.1854,12.2588],[109.185,12.2564],[109.1867,12.2542],[109.1892,12.2472],[109.1823,12.2495],[109.1817,12.2491],[109.1734,12.2517],[109.1721,12.2502],[109.1719,12.2476],[109.1673,12.2492],[109.1593,12.2512],[109.158,12.2536],[109.1556,12.2525],[109.1567,12.2503],[109.1559,12.2475],[109.1524,12.2439],[109.152,12.2397],[109.1487,12.2362],[109.1452,12.2362],[109.1411,12.2308],[109.1384,12.2284],[109.1323,12.2259],[109.1301,12.2273],[109.1276,12.2312],[109.1272,12.2349],[109.1252,12.2446],[109.1263,12.2479],[109.1254,12.2495],[109.1191,12.2496],[109.1209,12.2532],[109.1253,12.2546],[109.1256,12.2561],[109.1233,12.2591],[109.1254,12.2619],[109.1287,12.2615],[109.1353,12.2654],[109.1394,12.2658],[109.143,12.2695]]]},"properties":{"name":"Tây Nha Trang","level":"ward"}},{"type":"Feature","geometry":{"type":"Polygon","coordinates":[[[109.1817,12.2491],[109.1825,12.2423],[109.1811,12.2363],[109.1826,12.2296],[109.1847,12.2317],[109.1889,12.2294],[109.1886,12.2253],[109.1916,12.2237],[109.1909,12.2224],[109.1983,12.2168],[109.1965,12.2144],[109.2012,12.2101],[109.2053,12.2113],[109.2063,12.2074],[109.2087,12.2044],[109.2114,12.204],[109.2151,12.2015],[109.2159,12.1977],[109.2119,12.1939],[109.2085,12.1942],[109.2048,12.1903],[109.2081,12.1873],[109.2095,12.1844],[109.2085,12.1815],[109.2089,12.1787],[109.2071,12.1749],[109.2056,12.1747],[109.2051,12.1714],[109.2013,12.1729],[109.2003,12.1675],[109.201,12.1639],[109.2066,12.161],[109.2092,12.1586],[109.2106,12.1591],[109.2146,12.1571],[109.2189,12.1557],[109.2222,12.1526],[109.2232,12.1489],[109.2228,12.1447],[109.2236,12.1408],[109.2213,12.1427],[109.2191,12.1428],[109.2159,12.1464],[109.2126,12.147],[109.2071,12.1463],[109.2026,12.1464],[109.198,12.1454],[109.1942,12.1481],[109.1915,12.1479],[109.19,12.1506],[109.1866,12.1461],[109.1818,12.1457],[109.1773,12.1484],[109.1705,12.1489],[109.1692,12.1501],[109.1651,12.1479],[109.1635,12.1495],[109.1607,12.1502],[109.1603,12.1534],[109.1563,12.1537],[109.1514,12.1554],[109.1489,12.1607],[109.1448,12.1616],[109.1394,12.1708],[109.1383,12.1738],[109.1371,12.1741],[109.1335,12.1777],[109.1337,12.1826],[109.1288,12.1839],[109.1254,12.1865],[109.122,12.1876],[109.1198,12.194],[109.12,12.1959],[109.1157,12.2007],[109.1148,12.2041],[109.1178,12.2094],[109.1172,12.2131],[109.1222,12.2153],[109.1219,12.2194],[109.1271,12.2255],[109.1301,12.2273],[109.1323,12.2259],[109.1384,12.2284],[109.1411,12.2308],[109.1452,12.2362],[109.1487,12.2362],[109.152,12.2397],[109.1524,12.2439],[109.1559,12.2475],[109.1567,12.2503],[109.1556,12.2525],[109.158,12.2536],[109.1593,12.2512],[109.1673,12.2492],[109.1719,12.2476],[109.1721,12.2502],[109.1734,12.2517],[109.1817,12.2491]]]},"properties":{"name":"Nam Nha Trang","level":"ward"}},{"type":"Feature","geometry":{"type":"Polygon","coordinates":[[[109.1992,12.025],[109.2,12.0247],[109.2036,12.0167],[109.2038,12.0144],[109.2022,12.0115],[109.2026,12.0099],[109.2019,12.0053],[109.2002,12.0004],[109.1977,11.996],[109.1987,11.9909],[109.2044,11.9894],[109.2062,11.9863],[109.2065,11.9816],[109.204,11.9817],[109.2019,11.9783],[109.1972,11.9736],[109.1963,11.9707],[109.1968,11.9688],[109.1952,11.9642],[109.1913,11.9584],[109.1893,11.9521],[109.1879,11.9492],[109.1813,11.9527],[109.1777,11.953],[109.1755,11.9555],[109.1728,11.9552],[109.1709,11.9566],[109.1679,11.9556],[109.1574,11.9497],[109.1561,11.9499],[109.152,11.9469],[109.1488,11.9496],[109.1466,11.9495],[109.1424,11.9524],[109.1372,11.9542],[109.1354,11.9553],[109.1299,11.9569],[109.1323,11.959],[109.1332,11.9647],[109.1393,11.9722],[109.1413,11.9736],[109.1422,11.9796],[109.1438,11.9819],[109.1448,11.9892],[109.1449,11.9919],[109.1438,11.9954],[109.1432,12.0053],[109.1476,12.0081],[109.1511,12.0088],[109.1649,12.0107],[109.1647,12.0127],[109.1697,12.0134],[109.1752,12.0115],[109.1757,12.0137],[109.1842,12.0148],[109.1872,12.0186],[109.1914,12.0175],[109.1952,12.0202],[109.1963,12.0229],[109.1992,12.025]]]},"properties":{"name":"Bắc Cam Ranh","level":"ward"}},{"type":"Feature","geometry":{"type":"Polygon","coordinates":[[[109.1466,11.9495],[109.1488,11.9496],[109.152,11.9469],[109.1561,11.9499],[109.1574,11.9497],[109.1679,11.9556],[109.1709,11.9566],[109.1728,11.9552],[109.1755,11.9555],[109.1777,11.953],[109.1813,11.9527],[109.1879,11.9492],[109.1841,11.9447],[109.1845,11.9429],[109.1875,11.9412],[109.1873,11.9391],[109.1828,11.9386],[109.1793,11.9355],[109.1825,11.9322],[109.1768,11.926],[109.1758,11.9267],[109.1718,11.9224],[109.1665,11.9156],[109.1635,11.9189],[109.1608,11.9145],[109.1536,11.9228],[109.1498,11.9196],[109.1494,11.9181],[109.1421,11.9169],[109.1401,11.9159],[109.1381,11.9194],[109.1385,11.921],[109.1335,11.926],[109.1304,11.9326],[109.1333,11.9346],[109.1387,11.9359],[109.1406,11.9384],[109.1427,11.9435],[109.1448,11.9459],[109.1466,11.9495]]]},"properties":{"name":"Cam Ranh","level":"ward"}},{"type":"Feature","geometry":{"type":"Polygon","coordinates":[[[109.1299,11.9569],[109.1354,11.9553],[109.1372,11.9542],[109.1424,11.9524],[109.1466,11.9495],[109.1448,11.9459],[109.1427,11.9435],[109.1406,11.9384],[109.1387,11.9359],[109.1333,11.9346],[109.1304,11.9326],[109.1335,11.926],[109.1385,11.921],[109.1381,11.9194],[109.1401,11.9159],[109.1335,11.9127],[109.1344,11.9107],[109.1326,11.909],[109.13,11.9089],[109.1297,11.9029],[109.1275,11.9],[109.1276,11.897],[109.1243,11.8984],[109.1178,11.8976],[109.1184,11.8992],[109.1152,11.9013],[109.1141,11.9033],[109.1106,11.9034],[109.1006,11.9082],[109.0986,11.9082],[109.0757,11.9192],[109.0746,11.9156],[109.0708,11.9142],[109.068,11.9088],[109.0625,11.9053],[109.058,11.9042],[109.0556,11.9022],[109.0521,11.9021],[109.0505,11.8996],[109.0471,11.8983],[109.0347,11.91],[109.0185,11.9109],[109.0047,11.9231],[109.0006,11.9289],[109.0003,11.9316],[109.0025,11.9343],[109.0022,11.9377],[109.0028,11.9402],[109.002,11.9449],[109.0006,11.9493],[109.0009,11.9512],[109.0035,11.9543],[109.0059,11.9605],[109.0097,11.9594],[109.0147,11.9595],[109.0164,11.9602],[109.0203,11.9598],[109.0235,11.9578],[109.0307,11.9565],[109.0328,11.9543],[109.0364,11.9542],[109.0387,11.9526],[109.0389,11.9505],[109.0446,11.952],[109.0472,11.9516],[109.0493,11.9499],[109.0526,11.9489],[109.0573,11.9449],[109.0618,11.9365],[109.0632,11.9408],[109.0672,11.9435],[109.0686,11.9469],[109.0713,11.9494],[109.0759,11.9518],[109.0801,11.9535],[109.0816,11.9561],[109.0913,11.9584],[109.0936,11.9578],[109.0978,11.9581],[109.1018,11.9593],[109.1043,11.9619],[109.1045,11.9653],[109.1062,11.9683],[109.1103,11.9719],[109.1125,11.9718],[109.1147,11.9699],[109.1189,11.9682],[109.1242,11.9635],[109.125,11.9603],[109.1268,11.9577],[109.1299,11.9569]]]},"properties":{"name":"Ba Ngòi","level":"ward"}},{"type":"Feature","geometry":{"type":"Polygon","coordinates":[[[109.1401,11.9159],[109.1421,11.9169],[109.1494,11.9181],[109.1498,11.9196],[109.1536,11.9228],[109.1608,11.9145],[109.16,11.9128],[109.1662,11.9108],[109.1671,11.909],[109.1664,11.9067],[109.1626,11.9059],[109.1587,11.911],[109.1526,11.9071],[109.1507,11.9046],[109.1555,11.9019],[109.1532,11.8972],[109.1501,11.8958],[109.1474,11.8956],[109.1449,11.8992],[109.1436,11.8977],[109.1417,11.8998],[109.1442,11.9025],[109.1415,11.9055],[109.1404,11.9098],[109.1377,11.911],[109.1344,11.9107],[109.1335,11.9127],[109.1401,11.9159]]]},"properties":{"name":"Cam Linh","level":"ward"}},{"type":"Feature","geometry":{"type":"Polygon","coordinates":[[[109.0792,12.1264],[109.0886,12.1175],[109.0934,12.1115],[109.0969,12.1047],[109.102,12.1062],[109.1042,12.1014],[109.108,12.0869],[109.1116,12.0819],[109.1128,12.0792],[109.1221,12.0509],[109.1248,12.0453],[109.1254,12.0403],[109.1239,12.0278],[109.1227,12.0221],[109.1217,12.014],[109.1177,12.0141],[109.1178,12.0239],[109.1063,12.024],[109.1036,12.0236],[109.1026,12.0254],[109.0989,12.0277],[109.0963,12.0274],[109.0941,12.0306],[109.0888,12.0324],[109.0882,12.0306],[109.0822,12.0292],[109.0807,12.0306],[109.0782,12.031],[109.073,12.0294],[109.07,12.0268],[109.0647,12.0249],[109.0615,12.031],[109.0622,12.0338],[109.0613,12.0365],[109.0588,12.0384],[109.0577,12.0432],[109.0564,12.0445],[109.0523,12.0438],[109.0484,12.0416],[109.0424,12.0391],[109.0395,12.0383],[109.039,12.0424],[109.037,12.0446],[109.033,12.0465],[109.0299,12.0503],[109.0277,12.0489],[109.0247,12.0504],[109.0182,12.0506],[109.0164,12.0525],[109.0017,12.052],[109.0001,12.0522],[108.9963,12.0563],[108.9944,12.0564],[108.9904,12.0608],[108.9844,12.0639],[108.9829,12.0677],[108.9795,12.0694],[108.9769,12.069],[108.9755,12.0708],[108.9717,12.0725],[108.9667,12.0709],[108.9642,12.0712],[108.9613,12.07],[108.955,12.0719],[108.9523,12.0711],[108.947,12.0733],[108.944,12.0758],[108.9454,12.0784],[108.9462,12.0761],[108.9493,12.0749],[108.9531,12.0746],[108.9568,12.0775],[108.96,12.078],[108.9618,12.0801],[108.9661,12.0816],[108.9676,12.0845],[108.9693,12.0845],[108.9707,12.0871],[108.9768,12.0924],[108.9805,12.095],[108.9818,12.0952],[108.984,12.098],[108.988,12.1009],[108.9881,12.1023],[108.9918,12.106],[108.992,12.1077],[108.9978,12.1124],[108.9994,12.109],[108.9996,12.105],[109.0014,12.1006],[109.0039,12.0975],[109.0059,12.0926],[109.006,12.0899],[109.0091,12.0867],[109.0161,12.0869],[109.0162,12.0899],[109.0151,12.0937],[109.0167,12.0979],[109.0214,12.0964],[109.0218,12.0949],[109.0245,12.0927],[109.0273,12.0923],[109.0299,12.0968],[109.0329,12.1004],[109.0373,12.1017],[109.0383,12.1042],[109.0438,12.1073],[109.0466,12.107],[109.0485,12.112],[109.0534,12.1166],[109.0611,12.1159],[109.0652,12.117],[109.0662,12.12],[109.0701,12.1212],[109.0755,12.1264],[109.0792,12.1264]]]},"properties":{"name":"Cam Hiệp","level":"ward"}},{"type":"Feature","geometry":{"type":"MultiPolygon","coordinates":[[[[109.1651,12.1479],[109.1692,12.1501],[109.1705,12.1489],[109.1773,12.1484],[109.1818,12.1457],[109.1866,12.1461],[109.19,12.1506],[109.1915,12.1479],[109.1942,12.1481],[109.198,12.1454],[109.2026,12.1464],[109.2071,12.1463],[109.2126,12.147],[109.2159,12.1464],[109.2191,12.1428],[109.2213,12.1427],[109.2236,12.1408],[109.2174,12.1401],[109.2142,12.1372],[109.2119,12.1281],[109.2119,12.1231],[109.2071,12.1185],[109.2056,12.1179],[109.1992,12.1186],[109.1967,12.1176],[109.1957,12.1154],[109.1946,12.1073],[109.1949,12.0944],[109.1955,12.0887],[109.1979,12.0785],[109.2023,12.0633],[109.2052,12.0564],[109.2121,12.0431],[109.2183,12.0294],[109.2182,12.0286],[109.213,12.0266],[109.2017,12.0256],[109.1992,12.025],[109.1963,12.0229],[109.1952,12.0202],[109.1914,12.0175],[109.1872,12.0186],[109.1842,12.0148],[109.1757,12.0137],[109.1752,12.0115],[109.1697,12.0134],[109.1647,12.0127],[109.1649,12.0107],[109.1511,12.0088],[109.1476,12.0081],[109.1432,12.0053],[109.1438,11.9954],[109.1449,11.9919],[109.1448,11.9892],[109.1373,11.9924],[109.1334,11.9933],[109.1191,11.9955],[109.1217,12.014],[109.1227,12.0221],[109.1239,12.0278],[109.1254,12.0403],[109.1248,12.0453],[109.1221,12.0509],[109.1128,12.0792],[109.1116,12.0819],[109.108,12.0869],[109.1042,12.1014],[109.102,12.1062],[109.0969,12.1047],[109.0934,12.1115],[109.0886,12.1175],[109.0792,12.1264],[109.0704,12.1351],[109.0673,12.1386],[109.0622,12.1464],[109.0601,12.1505],[109.0577,12.1575],[109.0569,12.162],[109.0587,12.1616],[109.069,12.1645],[109.0743,12.1657],[109.0756,12.1675],[109.0813,12.1704],[109.0848,12.1701],[109.0917,12.1707],[109.0981,12.1734],[109.0997,12.1732],[109.0998,12.168],[109.0978,12.1623],[109.0983,12.1557],[109.0991,12.1513],[109.1058,12.1451],[109.1077,12.1441],[109.111,12.1445],[109.1137,12.1459],[109.1155,12.1373],[109.1197,12.1354],[109.1236,12.1375],[109.1267,12.1371],[109.1293,12.1399],[109.1352,12.1362],[109.1362,12.1316],[109.1349,12.1296],[109.1359,12.1281],[109.1356,12.1252],[109.1395,12.1256],[109.1396,12.1274],[109.1423,12.1277],[109.1531,12.1232],[109.1558,12.12],[109.1578,12.1192],[109.1652,12.119],[109.1643,12.123],[109.1673,12.1271],[109.1673,12.1288],[109.1631,12.1322],[109.1622,12.1349],[109.1635,12.1379],[109.1655,12.1396],[109.1645,12.1416],[109.1651,12.1479]]],[[[109.3234,12.0033],[109.3209,12.0046],[109.3224,12.0071],[109.3239,12.0045],[109.3234,12.0033]]],[[[109.3259,12.0355],[109.3248,12.0344],[109.3214,12.0388],[109.3227,12.0427],[109.3246,12.0431],[109.3257,12.039],[109.3259,12.0355]]]]},"properties":{"name":"Cam Lâm","level":"ward"}},{"type":"Feature","geometry":{"type":"Polygon","coordinates":[[[109.1448,11.9892],[109.1438,11.9819],[109.1422,11.9796],[109.1413,11.9736],[109.1393,11.9722],[109.1332,11.9647],[109.1323,11.959],[109.1299,11.9569],[109.1268,11.9577],[109.125,11.9603],[109.1242,11.9635],[109.1189,11.9682],[109.1147,11.9699],[109.1125,11.9718],[109.1103,11.9719],[109.1062,11.9683],[109.1045,11.9653],[109.1043,11.9619],[109.1018,11.9593],[109.0978,11.9581],[109.0936,11.9578],[109.0913,11.9584],[109.0816,11.9561],[109.0801,11.9535],[109.0759,11.9518],[109.0713,11.9494],[109.0686,11.9469],[109.0672,11.9435],[109.0632,11.9408],[109.0618,11.9365],[109.0573,11.9449],[109.0526,11.9489],[109.0493,11.9499],[109.0472,11.9516],[109.0446,11.952],[109.0389,11.9505],[109.0387,11.9526],[109.0364,11.9542],[109.0328,11.9543],[109.0307,11.9565],[109.0235,11.9578],[109.0203,11.9598],[109.0164,11.9602],[109.0147,11.9595],[109.0097,11.9594],[109.0059,11.9605],[109.0037,11.9652],[109.0056,11.971],[109.0055,11.974],[109.0071,11.9788],[109.0073,11.9833],[109.0051,11.986],[109.0041,11.9885],[109.0046,11.9905],[109.0034,11.9922],[109.0029,11.9982],[109.0078,12.0067],[109.0062,12.0099],[109.0008,12.0139],[109.0025,12.0174],[109.0031,12.0242],[109.0019,12.027],[108.9956,12.027],[108.993,12.0313],[108.993,12.0338],[109.003,12.039],[109.0056,12.0428],[109.0056,12.0466],[109.0037,12.0492],[109.0017,12.0497],[109.0001,12.0522],[109.0017,12.052],[109.0164,12.0525],[109.0182,12.0506],[109.0247,12.0504],[109.0277,12.0489],[109.0299,12.0503],[109.033,12.0465],[109.037,12.0446],[109.039,12.0424],[109.0395,12.0383],[109.0424,12.0391],[109.0484,12.0416],[109.0523,12.0438],[109.0564,12.0445],[109.0577,12.0432],[109.0588,12.0384],[109.0613,12.0365],[109.0622,12.0338],[109.0615,12.031],[109.0647,12.0249],[109.07,12.0268],[109.073,12.0294],[109.0782,12.031],[109.0807,12.0306],[109.0822,12.0292],[109.0882,12.0306],[109.0888,12.0324],[109.0941,12.0306],[109.0963,12.0274],[109.0989,12.0277],[109.1026,12.0254],[109.1036,12.0236],[109.1063,12.024],[109.1178,12.0239],[109.1177,12.0141],[109.1217,12.014],[109.1191,11.9955],[109.1334,11.9933],[109.1373,11.9924],[109.1448,11.9892]]]},"properties":{"name":"Cam An","level":"ward"}},{"type":"Feature","geometry":{"type":"MultiPolygon","coordinates":[[[[109.0471,11.8983],[109.0505,11.8996],[109.0521,11.9021],[109.0556,11.9022],[109.058,11.9042],[109.0625,11.9053],[109.068,11.9088],[109.0708,11.9142],[109.0746,11.9156],[109.0757,11.9192],[109.0986,11.9082],[109.1006,11.9082],[109.1106,11.9034],[109.1141,11.9033],[109.1152,11.9013],[109.1184,11.8992],[109.1178,11.8976],[109.1243,11.8984],[109.1276,11.897],[109.1255,11.8941],[109.1253,11.8898],[109.121,11.8877],[109.1211,11.8842],[109.123,11.8812],[109.122,11.877],[109.1165,11.8706],[109.1155,11.8686],[109.1157,11.8616],[109.1138,11.8541],[109.1153,11.8492],[109.119,11.842],[109.1187,11.8395],[109.1198,11.8343],[109.1251,11.8268],[109.1278,11.8239],[109.1264,11.8213],[109.1299,11.8219],[109.1335,11.8213],[109.1336,11.8199],[109.1377,11.8186],[109.1388,11.821],[109.1441,11.8203],[109.15,11.822],[109.1492,11.8241],[109.1513,11.8257],[109.1527,11.8299],[109.1551,11.8321],[109.1553,11.8356],[109.1579,11.8398],[109.1597,11.8402],[109.1611,11.8436],[109.1605,11.8463],[109.1628,11.8505],[109.1615,11.8547],[109.1648,11.8537],[109.1669,11.8514],[109.1677,11.8555],[109.1695,11.8564],[109.1724,11.8603],[109.1702,11.8622],[109.1723,11.8643],[109.1775,11.8641],[109.1788,11.8681],[109.1803,11.87],[109.1825,11.8694],[109.1865,11.876],[109.1875,11.8767],[109.1914,11.8748],[109.1916,11.8714],[109.1895,11.8695],[109.1895,11.8677],[109.1829,11.8613],[109.1799,11.856],[109.1798,11.8539],[109.182,11.8528],[109.178,11.8455],[109.1774,11.8429],[109.1779,11.8395],[109.1798,11.8364],[109.1788,11.835],[109.1813,11.8325],[109.184,11.8314],[109.1814,11.8269],[109.1809,11.8229],[109.1815,11.8176],[109.1846,11.8139],[109.1881,11.8131],[109.1918,11.8146],[109.195,11.8115],[109.1855,11.8131],[109.1836,11.8121],[109.1687,11.8102],[109.1502,11.8065],[109.1278,11.8044],[109.1157,11.803],[109.1104,11.8075],[109.1078,11.8066],[109.1063,11.8098],[109.0924,11.8166],[109.0894,11.8258],[109.0755,11.8346],[109.0711,11.8406],[109.0582,11.8608],[109.0512,11.8833],[109.0471,11.8983]]],[[[109.215,11.786],[109.2169,11.7853],[109.2173,11.7828],[109.2189,11.7825],[109.2208,11.7844],[109.2224,11.7816],[109.2212,11.7788],[109.2226,11.773],[109.2204,11.772],[109.218,11.7731],[109.216,11.7759],[109.216,11.7782],[109.2133,11.7804],[109.2135,11.7862],[109.215,11.786]]],[[[109.2269,11.8469],[109.232,11.8415],[109.2346,11.8401],[109.2374,11.8397],[109.2386,11.8382],[109.2428,11.8411],[109.242,11.8443],[109.2424,11.8497],[109.2434,11.8506],[109.2477,11.8507],[109.2492,11.8484],[109.2465,11.8434],[109.2473,11.8417],[109.2507,11.8404],[109.2524,11.8373],[109.2497,11.8333],[109.2455,11.8331],[109.2421,11.8347],[109.2388,11.8338],[109.2398,11.831],[109.2387,11.829],[109.2352,11.8284],[109.2329,11.8312],[109.2284,11.8323],[109.2266,11.8356],[109.2242,11.8368],[109.2255,11.8408],[109.2243,11.8423],[109.225,11.8454],[109.2209,11.847],[109.2213,11.8517],[109.2248,11.8502],[109.2269,11.8469]]]]},"properties":{"name":"Nam Cam Ranh","level":"ward"}},{"type":"Feature","geometry":{"type":"Polygon","coordinates":[[[109.2346,12.6988],[109.2296,12.6953],[109.2258,12.6908],[109.2242,12.686],[109.2208,12.6806],[109.2162,12.6746],[109.2105,12.6683],[109.2101,12.6628],[109.2122,12.6606],[109.213,12.6574],[109.2099,12.6571],[109.205,12.659],[109.2022,12.6622],[109.1996,12.6636],[109.1947,12.6644],[109.1929,12.6628],[109.1907,12.6642],[109.1879,12.6626],[109.1826,12.6645],[109.1802,12.6667],[109.1735,12.6683],[109.1701,12.6733],[109.1708,12.6758],[109.1671,12.6793],[109.1693,12.6813],[109.1661,12.6846],[109.1671,12.6861],[109.1661,12.6889],[109.1661,12.6978],[109.1632,12.7034],[109.1603,12.7051],[109.1558,12.7087],[109.1528,12.7096],[109.1484,12.7067],[109.1464,12.7087],[109.146,12.7117],[109.1408,12.712],[109.1397,12.7128],[109.1326,12.7128],[109.1273,12.7116],[109.1253,12.7103],[109.1201,12.7116],[109.1176,12.7135],[109.115,12.7173],[109.1125,12.7185],[109.1107,12.7181],[109.1086,12.72],[109.1066,12.7201],[109.1031,12.724],[109.1,12.7257],[109.0968,12.7264],[109.0992,12.7297],[109.0949,12.7355],[109.0915,12.7363],[109.0898,12.7379],[109.0876,12.7381],[109.0853,12.7407],[109.0853,12.7439],[109.0901,12.7474],[109.0897,12.7496],[109.0922,12.751],[109.0908,12.7558],[109.0903,12.76],[109.0917,12.7635],[109.0955,12.7643],[109.0967,12.7656],[109.1015,12.7683],[109.102,12.7728],[109.1057,12.7731],[109.1047,12.7753],[109.1064,12.7765],[109.1094,12.781],[109.1087,12.7847],[109.1123,12.7859],[109.1147,12.7892],[109.1152,12.7931],[109.114,12.7954],[109.1162,12.7978],[109.1198,12.7991],[109.1234,12.7981],[109.126,12.7943],[109.1277,12.7928],[109.1282,12.7906],[109.1304,12.7868],[109.1347,12.7861],[109.1355,12.7843],[109.1403,12.7804],[109.1432,12.7807],[109.1451,12.782],[109.1474,12.7859],[109.1463,12.7927],[109.1507,12.7972],[109.151,12.799],[109.1535,12.804],[109.1524,12.8053],[109.1556,12.8081],[109.1565,12.8114],[109.1551,12.813],[109.1606,12.8093],[109.1656,12.807],[109.167,12.8074],[109.1706,12.8041],[109.1712,12.7994],[109.1746,12.7956],[109.1745,12.7917],[109.1725,12.7895],[109.1731,12.7876],[109.176,12.7847],[109.1804,12.7778],[109.1801,12.7742],[109.1846,12.7689],[109.1856,12.766],[109.1881,12.763],[109.1898,12.7623],[109.1916,12.7581],[109.1911,12.7561],[109.1936,12.7545],[109.1937,12.7514],[109.1962,12.7468],[109.1984,12.7445],[109.2018,12.7442],[109.2051,12.7402],[109.206,12.7365],[109.2112,12.7324],[109.2141,12.7312],[109.2165,12.7278],[109.2186,12.7272],[109.221,12.7234],[109.221,12.7215],[109.2263,12.721],[109.2296,12.7137],[109.2273,12.7103],[109.2266,12.7077],[109.2294,12.7049],[109.2298,12.7028],[109.2346,12.6988]]]},"properties":{"name":"Vạn Ninh","level":"ward"}},{"type":"Feature","geometry":{"type":"Polygon","coordinates":[[[109.3212,12.8387],[109.3238,12.8288],[109.3144,12.8157],[109.3164,12.8133],[109.3191,12.8115],[109.3208,12.8074],[109.3258,12.7983],[109.3258,12.7955],[109.3271,12.7928],[109.3309,12.7931],[109.3291,12.7858],[109.3301,12.784],[109.329,12.7795],[109.3298,12.7778],[109.3277,12.776],[109.3255,12.7722],[109.3277,12.7709],[109.3249,12.7653],[109.3232,12.7669],[109.3216,12.7657],[109.3155,12.7655],[109.3129,12.762],[109.3107,12.7609],[109.3082,12.7617],[109.3044,12.7607],[109.3024,12.7575],[109.301,12.7537],[109.295,12.7497],[109.2927,12.7446],[109.2876,12.7393],[109.2885,12.7383],[109.2794,12.7308],[109.2768,12.7319],[109.2744,12.7359],[109.268,12.7412],[109.2616,12.7484],[109.2614,12.7511],[109.2593,12.7533],[109.2523,12.7536],[109.235,12.7549],[109.2343,12.7621],[109.2348,12.7673],[109.2364,12.7693],[109.2371,12.7735],[109.2367,12.7756],[109.2175,12.7773],[109.2125,12.8021],[109.2197,12.8166],[109.2235,12.8156],[109.2257,12.8134],[109.2298,12.8144],[109.2328,12.8178],[109.237,12.8204],[109.2392,12.8233],[109.2457,12.827],[109.2472,12.8306],[109.2502,12.8333],[109.2527,12.8334],[109.2524,12.8368],[109.2561,12.8377],[109.2587,12.8375],[109.2617,12.8358],[109.2658,12.8363],[109.2674,12.8343],[109.27,12.8333],[109.2744,12.8335],[109.2769,12.835],[109.2783,12.8336],[109.2836,12.8329],[109.2852,12.834],[109.2925,12.8357],[109.296,12.8377],[109.2979,12.8407],[109.2999,12.8417],[109.303,12.8394],[109.3077,12.8394],[109.3119,12.8433],[109.3155,12.8427],[109.3153,12.8393],[109.32,12.8359],[109.3212,12.8387]]]},"properties":{"name":"Tu Bông","level":"ward"}},{"type":"Feature","geometry":{"type":"MultiPolygon","coordinates":[[[[109.3309,12.7931],[109.3271,12.7928],[109.3258,12.7955],[109.3258,12.7983],[109.3208,12.8074],[109.3191,12.8115],[109.3164,12.8133],[109.3144,12.8157],[109.3238,12.8288],[109.3212,12.8387],[109.3242,12.8407],[109.327,12.8414],[109.3285,12.8442],[109.3288,12.8478],[109.3303,12.8499],[109.332,12.8486],[109.3367,12.8489],[109.3384,12.8497],[109.3412,12.848],[109.3417,12.8507],[109.3444,12.854],[109.3469,12.855],[109.3492,12.8572],[109.3539,12.8583],[109.356,12.8594],[109.3575,12.858],[109.3617,12.8598],[109.3629,12.8616],[109.3623,12.8649],[109.3656,12.8691],[109.372,12.8638],[109.3726,12.8606],[109.377,12.8533],[109.3872,12.8434],[109.3881,12.8423],[109.3795,12.8385],[109.3765,12.8364],[109.3715,12.8368],[109.3687,12.8355],[109.3655,12.8369],[109.3615,12.8327],[109.3597,12.8291],[109.3572,12.8225],[109.3571,12.819],[109.3613,12.8172],[109.3632,12.815],[109.36,12.8131],[109.3591,12.8109],[109.3589,12.8049],[109.3598,12.7946],[109.3622,12.7851],[109.3652,12.7762],[109.3702,12.7631],[109.3787,12.7436],[109.3843,12.7326],[109.3926,12.7179],[109.4032,12.702],[109.406,12.7001],[109.4108,12.7005],[109.4135,12.7033],[109.4168,12.7045],[109.4163,12.7014],[109.4135,12.696],[109.4117,12.6965],[109.4107,12.6927],[109.4151,12.6843],[109.4214,12.675],[109.4269,12.6682],[109.4298,12.6676],[109.4324,12.6687],[109.4364,12.6687],[109.4404,12.672],[109.4403,12.6689],[109.4421,12.6643],[109.4444,12.6644],[109.4471,12.6676],[109.4504,12.6673],[109.4537,12.6685],[109.454,12.6662],[109.4562,12.6636],[109.4584,12.6572],[109.4571,12.653],[109.4595,12.6494],[109.4567,12.6477],[109.4543,12.6506],[109.4509,12.649],[109.4469,12.65],[109.4456,12.6478],[109.4405,12.6472],[109.4382,12.6477],[109.4354,12.6424],[109.4341,12.6341],[109.4368,12.6308],[109.4343,12.6266],[109.4339,12.6241],[109.4355,12.6232],[109.436,12.6201],[109.4348,12.6168],[109.4368,12.6145],[109.4335,12.6121],[109.4333,12.6077],[109.4356,12.606],[109.4348,12.6045],[109.4317,12.6038],[109.4298,12.6005],[109.43,12.596],[109.4358,12.5947],[109.4366,12.5934],[109.4361,12.5903],[109.4372,12.5885],[109.4354,12.5856],[109.4404,12.58],[109.4405,12.576],[109.4392,12.5737],[109.4404,12.5718],[109.4404,12.5685],[109.436,12.5644],[109.4317,12.5635],[109.4323,12.5662],[109.4289,12.5721],[109.4282,12.5757],[109.4254,12.5735],[109.4227,12.5748],[109.4206,12.5774],[109.4183,12.5761],[109.4157,12.5771],[109.4147,12.5805],[109.415,12.5837],[109.4122,12.5858],[109.4132,12.5886],[109.4152,12.5897],[109.4136,12.5947],[109.4153,12.5991],[109.4144,12.6034],[109.4105,12.6051],[109.4082,12.6021],[109.4056,12.6028],[109.403,12.608],[109.4001,12.606],[109.3974,12.6072],[109.3981,12.6098],[109.3972,12.6145],[109.3952,12.6207],[109.3924,12.6235],[109.3899,12.6288],[109.3906,12.6305],[109.3929,12.631],[109.4009,12.6343],[109.4042,12.6349],[109.4082,12.6333],[109.4094,12.6345],[109.4093,12.6415],[109.4083,12.6431],[109.4114,12.6495],[109.4114,12.6535],[109.4099,12.654],[109.4086,12.6596],[109.4076,12.6618],[109.4075,12.6651],[109.4064,12.6713],[109.4049,12.6691],[109.4022,12.6705],[109.4005,12.6755],[109.3969,12.6775],[109.3964,12.6842],[109.3938,12.6824],[109.3917,12.6779],[109.3921,12.6756],[109.3947,12.6722],[109.3926,12.6688],[109.389,12.6708],[109.38,12.6699],[109.3771,12.6709],[109.3744,12.6743],[109.3706,12.6742],[109.368,12.6723],[109.3663,12.6658],[109.3683,12.6637],[109.3679,12.6623],[109.3705,12.6601],[109.3701,12.6559],[109.3646,12.6527],[109.3679,12.6466],[109.3643,12.6422],[109.3607,12.6463],[109.3622,12.6505],[109.3581,12.6526],[109.3554,12.6522],[109.3535,12.6602],[109.3504,12.6627],[109.3451,12.6605],[109.3417,12.6575],[109.3395,12.6526],[109.3377,12.6517],[109.3368,12.6564],[109.3346,12.6582],[109.3332,12.6614],[109.3376,12.6636],[109.3402,12.6656],[109.344,12.6657],[109.3443,12.6684],[109.3475,12.6756],[109.3466,12.6787],[109.3488,12.685],[109.3526,12.6903],[109.3547,12.6941],[109.3573,12.6944],[109.3588,12.6887],[109.3643,12.6902],[109.3658,12.6899],[109.371,12.6946],[109.3698,12.6978],[109.3698,12.701],[109.3656,12.7033],[109.3685,12.708],[109.3729,12.7077],[109.3768,12.7089],[109.3797,12.7125],[109.3786,12.7164],[109.3754,12.7173],[109.374,12.7195],[109.3722,12.7248],[109.3694,12.729],[109.366,12.7357],[109.3623,12.7424],[109.3606,12.7439],[109.3587,12.7521],[109.3582,12.7559],[109.3558,12.7565],[109.3532,12.7638],[109.3532,12.7697],[109.3552,12.7865],[109.3547,12.791],[109.3539,12.7918],[109.3523,12.798],[109.35,12.7997],[109.3447,12.7985],[109.3445,12.7998],[109.3381,12.7972],[109.3369,12.7973],[109.3309,12.7931]]],[[[109.3226,12.6373],[109.3277,12.6369],[109.3319,12.6359],[109.3367,12.6329],[109.3383,12.6314],[109.3427,12.633],[109.3443,12.6308],[109.344,12.6286],[109.3452,12.6269],[109.3491,12.6263],[109.3501,12.6276],[109.3556,12.6255],[109.3585,12.6293],[109.3612,12.6319],[109.3636,12.6325],[109.3678,12.6317],[109.3691,12.63],[109.3759,12.6285],[109.378,12.6269],[109.3808,12.6265],[109.385,12.6237],[109.3845,12.6183],[109.3861,12.6174],[109.3832,12.6143],[109.3837,12.6121],[109.3863,12.6092],[109.3851,12.6073],[109.3852,12.6046],[109.3889,12.6016],[109.3901,12.5975],[109.394,12.5965],[109.396,12.5948],[109.3974,12.5922],[109.3946,12.5856],[109.3958,12.5826],[109.3972,12.5831],[109.3996,12.5766],[109.3977,12.5721],[109.3992,12.5698],[109.4025,12.5693],[109.4045,12.5662],[109.4059,12.5658],[109.408,12.5621],[109.4115,12.5602],[109.4134,12.5564],[109.4124,12.5542],[109.4102,12.5534],[109.408,12.5502],[109.404,12.5509],[109.4018,12.5486],[109.3962,12.5509],[109.3934,12.5547],[109.3904,12.5561],[109.3901,12.5586],[109.3856,12.5602],[109.3837,12.5626],[109.3851,12.5639],[109.3843,12.5661],[109.3768,12.567],[109.3739,12.5665],[109.3712,12.5696],[109.3681,12.5709],[109.3681,12.5739],[109.3669,12.5763],[109.3645,12.5783],[109.3604,12.5796],[109.36,12.582],[109.3553,12.582],[109.3508,12.5867],[109.3476,12.5864],[109.3452,12.5893],[109.3386,12.5899],[109.338,12.5914],[109.3398,12.5987],[109.3397,12.6019],[109.3362,12.6055],[109.3347,12.6053],[109.3329,12.6084],[109.327,12.6095],[109.3213,12.6076],[109.3192,12.6047],[109.3171,12.6067],[109.3082,12.6111],[109.305,12.6154],[109.3026,12.6199],[109.3049,12.6303],[109.3083,12.631],[109.3115,12.6341],[109.3163,12.6359],[109.3182,12.6396],[109.3204,12.6395],[109.3226,12.6373]]],[[[109.3489,12.6521],[109.3499,12.6499],[109.347,12.6466],[109.3477,12.6426],[109.3446,12.6416],[109.3421,12.6432],[109.339,12.6479],[109.3401,12.6511],[109.3431,12.6506],[109.3489,12.6521]]],[[[109.395,12.6558],[109.3994,12.6537],[109.4031,12.6499],[109.3996,12.6478],[109.4004,12.6443],[109.3931,12.6489],[109.3901,12.6495],[109.3893,12.651],[109.3919,12.6549],[109.395,12.6558]]],[[[109.4674,12.6508],[109.466,12.6543],[109.4669,12.6571],[109.4689,12.6571],[109.4691,12.6535],[109.4674,12.6508]]],[[[109.2807,12.6941],[109.2831,12.6988],[109.2869,12.6994],[109.2807,12.6941]]],[[[109.3093,12.7236],[109.3123,12.7234],[109.3096,12.7187],[109.3045,12.7158],[109.3026,12.7122],[109.295,12.7114],[109.2941,12.7136],[109.2957,12.7185],[109.298,12.7203],[109.3029,12.722],[109.3054,12.7237],[109.3093,12.7236]]]]},"properties":{"name":"Đại Lãnh","level":"ward"}},{"type":"Feature","geometry":{"type":"Polygon","coordinates":[[[109.2346,12.6988],[109.2298,12.7028],[109.2294,12.7049],[109.2266,12.7077],[109.2273,12.7103],[109.2296,12.7137],[109.2263,12.721],[109.221,12.7215],[109.221,12.7234],[109.2186,12.7272],[109.2165,12.7278],[109.2141,12.7312],[109.2112,12.7324],[109.206,12.7365],[109.2051,12.7402],[109.2018,12.7442],[109.1984,12.7445],[109.1962,12.7468],[109.1937,12.7514],[109.1936,12.7545],[109.1911,12.7561],[109.1916,12.7581],[109.1898,12.7623],[109.1881,12.763],[109.1856,12.766],[109.1846,12.7689],[109.1801,12.7742],[109.1804,12.7778],[109.176,12.7847],[109.1731,12.7876],[109.1725,12.7895],[109.1745,12.7917],[109.1746,12.7956],[109.1712,12.7994],[109.1706,12.8041],[109.167,12.8074],[109.1656,12.807],[109.1606,12.8093],[109.1551,12.813],[109.1595,12.8148],[109.1613,12.8181],[109.1618,12.8222],[109.1664,12.8267],[109.1704,12.8275],[109.1763,12.8267],[109.1784,12.8294],[109.1813,12.8276],[109.1852,12.8292],[109.1902,12.8287],[109.1954,12.8314],[109.1987,12.8297],[109.2015,12.8292],[109.2088,12.8298],[109.2112,12.8281],[109.2139,12.8279],[109.2157,12.8254],[109.2167,12.8208],[109.2197,12.8166],[109.2125,12.8021],[109.2175,12.7773],[109.2367,12.7756],[109.2371,12.7735],[109.2364,12.7693],[109.2348,12.7673],[109.2343,12.7621],[109.235,12.7549],[109.2523,12.7536],[109.2593,12.7533],[109.2614,12.7511],[109.2616,12.7484],[109.268,12.7412],[109.2744,12.7359],[109.2768,12.7319],[109.2737,12.7289],[109.2753,12.7274],[109.2708,12.7237],[109.2685,12.7195],[109.2653,12.7167],[109.2627,12.7167],[109.262,12.7106],[109.2601,12.7108],[109.2581,12.7092],[109.2567,12.7065],[109.2563,12.7032],[109.2527,12.7021],[109.2499,12.704],[109.2429,12.7029],[109.2346,12.6988]]]},"properties":{"name":"Vạn Thắng","level":"ward"}},{"type":"Feature","geometry":{"type":"Polygon","coordinates":[[[109.1066,12.7201],[109.1086,12.72],[109.1107,12.7181],[109.1125,12.7185],[109.115,12.7173],[109.1176,12.7135],[109.1201,12.7116],[109.1253,12.7103],[109.1273,12.7116],[109.1326,12.7128],[109.1397,12.7128],[109.1408,12.712],[109.146,12.7117],[109.1464,12.7087],[109.1484,12.7067],[109.1528,12.7096],[109.1558,12.7087],[109.1603,12.7051],[109.1632,12.7034],[109.1661,12.6978],[109.1661,12.6889],[109.1671,12.6861],[109.1661,12.6846],[109.1693,12.6813],[109.1671,12.6793],[109.1708,12.6758],[109.1701,12.6733],[109.1735,12.6683],[109.1802,12.6667],[109.1826,12.6645],[109.1879,12.6626],[109.1907,12.6642],[109.1929,12.6628],[109.1947,12.6644],[109.1996,12.6636],[109.2022,12.6622],[109.205,12.659],[109.2099,12.6571],[109.213,12.6574],[109.215,12.6563],[109.2162,12.6539],[109.2146,12.6489],[109.2132,12.6494],[109.2115,12.6466],[109.2074,12.6499],[109.2036,12.6498],[109.2012,12.6461],[109.1972,12.6442],[109.1958,12.6406],[109.1927,12.6371],[109.1904,12.6305],[109.1912,12.6244],[109.1931,12.625],[109.1948,12.6222],[109.1981,12.6199],[109.201,12.6216],[109.2029,12.6204],[109.2052,12.6172],[109.2051,12.6143],[109.2029,12.6124],[109.2026,12.6094],[109.2036,12.6071],[109.2006,12.6055],[109.2001,12.6027],[109.2027,12.6023],[109.2015,12.5955],[109.2041,12.5943],[109.2034,12.5905],[109.2009,12.5871],[109.196,12.588],[109.1915,12.5874],[109.1908,12.586],[109.1731,12.5841],[109.1687,12.5824],[109.1651,12.5823],[109.1637,12.5853],[109.1585,12.5861],[109.1588,12.5885],[109.1565,12.5942],[109.158,12.6125],[109.1535,12.624],[109.1523,12.6279],[109.1446,12.6326],[109.1318,12.6386],[109.1156,12.6412],[109.1171,12.6439],[109.121,12.6474],[109.1214,12.6517],[109.1244,12.6554],[109.1261,12.6613],[109.1282,12.6626],[109.1291,12.6646],[109.1288,12.6674],[109.1238,12.6724],[109.1197,12.6755],[109.1145,12.6761],[109.1126,12.6788],[109.1085,12.6803],[109.1081,12.6814],[109.1111,12.6915],[109.1107,12.693],[109.1067,12.699],[109.1039,12.7022],[109.105,12.7057],[109.1048,12.7102],[109.1071,12.7155],[109.1076,12.7179],[109.1066,12.7201]]]},"properties":{"name":"Vạn Hưng","level":"ward"}},{"type":"Feature","geometry":{"type":"Polygon","coordinates":[[[109.1978,12.4898],[109.1848,12.487],[109.1807,12.4894],[109.1722,12.4889],[109.1677,12.4877],[109.1621,12.4906],[109.159,12.491],[109.1575,12.4924],[109.1532,12.4911],[109.1519,12.49],[109.1435,12.4926],[109.1421,12.4881],[109.1397,12.4874],[109.1374,12.4885],[109.1343,12.4859],[109.1285,12.476],[109.1244,12.4798],[109.1236,12.4928],[109.1242,12.495],[109.1269,12.4977],[109.125,12.5002],[109.1204,12.499],[109.1181,12.4972],[109.1163,12.4972],[109.1145,12.4991],[109.1128,12.4989],[109.1112,12.4964],[109.1096,12.5],[109.1077,12.4994],[109.1022,12.493],[109.1022,12.496],[109.1007,12.4979],[109.0975,12.4999],[109.0957,12.4996],[109.0908,12.4964],[109.088,12.4952],[109.0883,12.4986],[109.0877,12.5017],[109.0842,12.5038],[109.0827,12.5058],[109.0801,12.5053],[109.0814,12.5103],[109.086,12.5103],[109.0918,12.5086],[109.0971,12.509],[109.0983,12.5118],[109.1008,12.512],[109.102,12.5153],[109.1043,12.5156],[109.1053,12.5183],[109.1068,12.5188],[109.1092,12.5171],[109.1147,12.5162],[109.1168,12.5176],[109.117,12.521],[109.1181,12.5224],[109.1165,12.5252],[109.1201,12.5245],[109.1241,12.5252],[109.1258,12.5238],[109.1301,12.5258],[109.1317,12.5274],[109.1317,12.5309],[109.13,12.5333],[109.1307,12.5368],[109.1273,12.5427],[109.1286,12.5476],[109.133,12.546],[109.1367,12.5469],[109.1399,12.549],[109.1447,12.549],[109.1492,12.5477],[109.1499,12.5444],[109.1486,12.5313],[109.1442,12.5271],[109.145,12.5237],[109.1565,12.5175],[109.168,12.5122],[109.1722,12.5112],[109.1738,12.509],[109.1771,12.5072],[109.1804,12.5065],[109.1832,12.5038],[109.1868,12.5028],[109.1888,12.4993],[109.1918,12.4969],[109.1933,12.4899],[109.1965,12.4906],[109.1978,12.4898]]]},"properties":{"name":"Ninh Hoà","level":"ward"}},{"type":"Feature","geometry":{"type":"Polygon","coordinates":[[[109.0853,12.7439],[109.0853,12.7407],[109.0876,12.7381],[109.0898,12.7379],[109.0915,12.7363],[109.0949,12.7355],[109.0992,12.7297],[109.0968,12.7264],[109.1,12.7257],[109.1031,12.724],[109.1066,12.7201],[109.1076,12.7179],[109.1071,12.7155],[109.1048,12.7102],[109.105,12.7057],[109.1039,12.7022],[109.1067,12.699],[109.1107,12.693],[109.1111,12.6915],[109.1081,12.6814],[109.1085,12.6803],[109.1126,12.6788],[109.1145,12.6761],[109.1197,12.6755],[109.1238,12.6724],[109.1288,12.6674],[109.1291,12.6646],[109.1282,12.6626],[109.1261,12.6613],[109.1244,12.6554],[109.1214,12.6517],[109.121,12.6474],[109.1171,12.6439],[109.1156,12.6412],[109.1318,12.6386],[109.1446,12.6326],[109.1523,12.6279],[109.1535,12.624],[109.158,12.6125],[109.1565,12.5942],[109.1588,12.5885],[109.1585,12.5861],[109.1637,12.5853],[109.1651,12.5823],[109.1687,12.5824],[109.1731,12.5841],[109.1908,12.586],[109.1915,12.5874],[109.196,12.588],[109.2009,12.5871],[109.2009,12.5848],[109.1987,12.5803],[109.1974,12.58],[109.1956,12.5761],[109.1989,12.5691],[109.2056,12.5698],[109.2098,12.5688],[109.2098,12.5627],[109.2111,12.5607],[109.2125,12.5549],[109.2092,12.5557],[109.2032,12.5557],[109.2019,12.5548],[109.2017,12.5502],[109.1987,12.5508],[109.1935,12.549],[109.1926,12.5474],[109.1928,12.5421],[109.1947,12.5408],[109.1951,12.5361],[109.194,12.5357],[109.1942,12.5316],[109.1928,12.5314],[109.1938,12.5277],[109.2002,12.5243],[109.2009,12.522],[109.1975,12.5196],[109.1985,12.5077],[109.1992,12.5049],[109.2021,12.4976],[109.1978,12.4898],[109.1965,12.4906],[109.1933,12.4899],[109.1918,12.4969],[109.1888,12.4993],[109.1868,12.5028],[109.1832,12.5038],[109.1804,12.5065],[109.1771,12.5072],[109.1738,12.509],[109.1722,12.5112],[109.168,12.5122],[109.1565,12.5175],[109.145,12.5237],[109.1442,12.5271],[109.1486,12.5313],[109.1499,12.5444],[109.1492,12.5477],[109.1447,12.549],[109.1399,12.549],[109.1367,12.5469],[109.133,12.546],[109.1286,12.5476],[109.127,12.5508],[109.1287,12.5533],[109.1262,12.5558],[109.1265,12.5601],[109.1281,12.5636],[109.1268,12.5655],[109.1247,12.5632],[109.1214,12.5678],[109.1191,12.5691],[109.1201,12.571],[109.1199,12.5758],[109.1216,12.5804],[109.1184,12.5827],[109.1163,12.5765],[109.1141,12.5762],[109.1127,12.5744],[109.1078,12.5733],[109.1068,12.5714],[109.1038,12.571],[109.1021,12.5795],[109.0869,12.5915],[109.0834,12.5929],[109.0805,12.5957],[109.0784,12.5949],[109.0745,12.5968],[109.0723,12.5968],[109.0707,12.5999],[109.0719,12.6091],[109.0716,12.6109],[109.0681,12.6117],[109.0666,12.6137],[109.0622,12.6153],[109.06,12.6179],[109.0611,12.6209],[109.059,12.6248],[109.0567,12.6262],[109.0534,12.6258],[109.0514,12.6267],[109.0493,12.6315],[109.0459,12.6358],[109.0439,12.641],[109.0369,12.6446],[109.0343,12.6508],[109.0312,12.6532],[109.0322,12.6546],[109.0327,12.6626],[109.0334,12.6671],[109.0372,12.6693],[109.0357,12.6713],[109.0359,12.6767],[109.0332,12.6751],[109.029,12.6741],[109.027,12.6752],[109.0202,12.6734],[109.0164,12.6783],[109.0163,12.68],[109.0127,12.682],[109.0058,12.6833],[109.0034,12.6828],[108.9937,12.684],[108.9932,12.6861],[108.9897,12.6867],[108.9869,12.6894],[108.9883,12.6898],[108.9893,12.6928],[108.9863,12.6974],[108.9877,12.7005],[108.9861,12.7012],[108.9866,12.7039],[108.9912,12.7047],[109.0042,12.7141],[109.0049,12.7163],[109.0087,12.7191],[109.0117,12.7192],[109.0179,12.7227],[109.0163,12.7263],[109.0146,12.7279],[109.0204,12.7309],[109.0217,12.7331],[109.0248,12.7362],[109.0278,12.7347],[109.0313,12.7349],[109.0333,12.7367],[109.0382,12.7367],[109.0393,12.7393],[109.0372,12.744],[109.0386,12.7458],[109.0431,12.7444],[109.0458,12.747],[109.0487,12.7476],[109.0536,12.7458],[109.0557,12.7471],[109.0585,12.7446],[109.065,12.7513],[109.0681,12.7536],[109.0729,12.749],[109.0736,12.7467],[109.0785,12.7443],[109.0844,12.7431],[109.0853,12.7439]]]},"properties":{"name":"Bắc Ninh Hoà","level":"ward"}},{"type":"Feature","geometry":{"type":"Polygon","coordinates":[[[108.9782,12.6821],[108.9804,12.6778],[108.9833,12.6774],[108.9845,12.6753],[108.9835,12.6734],[108.9855,12.6667],[108.9851,12.6628],[108.983,12.6607],[108.9825,12.6579],[108.9833,12.6543],[108.9826,12.6521],[108.9897,12.6481],[108.9914,12.6488],[108.9958,12.6479],[109.0016,12.6448],[109.0014,12.6431],[109.0037,12.6389],[109.0077,12.6385],[109.0101,12.6373],[109.0117,12.6326],[109.0134,12.6308],[109.0156,12.6309],[109.019,12.6263],[109.0197,12.6213],[109.0279,12.5938],[109.0366,12.578],[109.0407,12.5643],[109.0346,12.5582],[109.0314,12.5543],[109.0358,12.5489],[109.0345,12.5436],[109.0344,12.5389],[109.0301,12.531],[109.0272,12.5308],[109.0224,12.5338],[109.0214,12.5294],[109.0194,12.5271],[109.0238,12.5255],[109.0259,12.5221],[109.0217,12.5152],[109.0165,12.516],[109.0153,12.5171],[109.0148,12.5206],[109.0088,12.5182],[109.0015,12.5183],[109.0001,12.5159],[108.998,12.5087],[108.9955,12.5069],[108.9924,12.5021],[108.9899,12.4998],[108.9937,12.4971],[108.996,12.4965],[108.9975,12.4941],[108.9958,12.4862],[108.9878,12.4781],[108.9804,12.4692],[108.9779,12.469],[108.975,12.4676],[108.9723,12.4645],[108.9649,12.4635],[108.9624,12.4623],[108.9598,12.463],[108.9556,12.4631],[108.9527,12.4617],[108.948,12.462],[108.9446,12.4613],[108.9432,12.4622],[108.9369,12.4636],[108.935,12.4657],[108.9294,12.4664],[108.9282,12.468],[108.93,12.473],[108.9266,12.4756],[108.9239,12.4791],[108.9241,12.4817],[108.9216,12.4846],[108.9194,12.4844],[108.915,12.4874],[108.8983,12.4887],[108.8955,12.4914],[108.8931,12.49],[108.8884,12.4908],[108.8863,12.4938],[108.8838,12.4956],[108.8811,12.4955],[108.8781,12.498],[108.8753,12.4976],[108.8715,12.5056],[108.8732,12.509],[108.8721,12.5105],[108.8746,12.5143],[108.8763,12.5133],[108.8781,12.5142],[108.873,12.5222],[108.8727,12.5254],[108.8757,12.5303],[108.8774,12.5318],[108.8802,12.5385],[108.8851,12.5432],[108.89,12.5453],[108.8929,12.5499],[108.8925,12.5568],[108.8933,12.5605],[108.8959,12.5645],[108.893,12.5679],[108.8932,12.5712],[108.8944,12.575],[108.891,12.5759],[108.8923,12.5801],[108.8977,12.5819],[108.9005,12.5822],[108.9033,12.5855],[108.905,12.5862],[108.9077,12.5903],[108.9103,12.592],[108.9162,12.5982],[108.919,12.6],[108.9171,12.6014],[108.9177,12.6035],[108.9152,12.6078],[108.9133,12.6097],[108.9126,12.6122],[108.9098,12.6158],[108.9067,12.6185],[108.906,12.6214],[108.9006,12.624],[108.8975,12.6269],[108.9057,12.635],[108.9062,12.6369],[108.9081,12.639],[108.9128,12.64],[108.9184,12.6379],[108.9203,12.6385],[108.921,12.6405],[108.9234,12.6412],[108.9261,12.6401],[108.929,12.6432],[108.9314,12.6434],[108.936,12.6483],[108.9409,12.6473],[108.9401,12.6528],[108.9383,12.6546],[108.9375,12.6599],[108.9396,12.662],[108.9418,12.666],[108.9435,12.6719],[108.9462,12.6741],[108.9471,12.6776],[108.9508,12.6804],[108.9555,12.6872],[108.9587,12.6849],[108.9629,12.684],[108.9658,12.6856],[108.9712,12.6831],[108.9761,12.6831],[108.9782,12.6821]]]},"properties":{"name":"Tây Ninh Hoà","level":"ward"}},{"type":"Feature","geometry":{"type":"Polygon","coordinates":[[[109.1286,12.5476],[109.1273,12.5427],[109.1307,12.5368],[109.13,12.5333],[109.1317,12.5309],[109.1317,12.5274],[109.1301,12.5258],[109.1258,12.5238],[109.1241,12.5252],[109.1201,12.5245],[109.1165,12.5252],[109.1181,12.5224],[109.117,12.521],[109.1168,12.5176],[109.1147,12.5162],[109.1092,12.5171],[109.1068,12.5188],[109.1053,12.5183],[109.1043,12.5156],[109.102,12.5153],[109.1008,12.512],[109.0983,12.5118],[109.0971,12.509],[109.0918,12.5086],[109.086,12.5103],[109.0814,12.5103],[109.0814,12.5155],[109.0795,12.5163],[109.0705,12.5239],[109.0627,12.5291],[109.0668,12.5325],[109.0691,12.5364],[109.0682,12.5416],[109.067,12.5441],[109.0637,12.5478],[109.0585,12.5575],[109.0571,12.5571],[109.0407,12.5643],[109.0366,12.578],[109.0279,12.5938],[109.0197,12.6213],[109.019,12.6263],[109.0156,12.6309],[109.0134,12.6308],[109.0117,12.6326],[109.0101,12.6373],[109.0077,12.6385],[109.0037,12.6389],[109.0014,12.6431],[109.0016,12.6448],[108.9958,12.6479],[108.9914,12.6488],[108.9897,12.6481],[108.9826,12.6521],[108.9833,12.6543],[108.9825,12.6579],[108.983,12.6607],[108.9851,12.6628],[108.9855,12.6667],[108.9835,12.6734],[108.9845,12.6753],[108.9833,12.6774],[108.9804,12.6778],[108.9782,12.6821],[108.9796,12.6841],[108.984,12.6886],[108.9869,12.6894],[108.9897,12.6867],[108.9932,12.6861],[108.9937,12.684],[109.0034,12.6828],[109.0058,12.6833],[109.0127,12.682],[109.0163,12.68],[109.0164,12.6783],[109.0202,12.6734],[109.027,12.6752],[109.029,12.6741],[109.0332,12.6751],[109.0359,12.6767],[109.0357,12.6713],[109.0372,12.6693],[109.0334,12.6671],[109.0327,12.6626],[109.0322,12.6546],[109.0312,12.6532],[109.0343,12.6508],[109.0369,12.6446],[109.0439,12.641],[109.0459,12.6358],[109.0493,12.6315],[109.0514,12.6267],[109.0534,12.6258],[109.0567,12.6262],[109.059,12.6248],[109.0611,12.6209],[109.06,12.6179],[109.0622,12.6153],[109.0666,12.6137],[109.0681,12.6117],[109.0716,12.6109],[109.0719,12.6091],[109.0707,12.5999],[109.0723,12.5968],[109.0745,12.5968],[109.0784,12.5949],[109.0805,12.5957],[109.0834,12.5929],[109.0869,12.5915],[109.1021,12.5795],[109.1038,12.571],[109.1068,12.5714],[109.1078,12.5733],[109.1127,12.5744],[109.1141,12.5762],[109.1163,12.5765],[109.1184,12.5827],[109.1216,12.5804],[109.1199,12.5758],[109.1201,12.571],[109.1191,12.5691],[109.1214,12.5678],[109.1247,12.5632],[109.1268,12.5655],[109.1281,12.5636],[109.1265,12.5601],[109.1262,12.5558],[109.1287,12.5533],[109.127,12.5508],[109.1286,12.5476]]]},"properties":{"name":"Hoà Trí","level":"ward"}},{"type":"Feature","geometry":{"type":"MultiPolygon","coordinates":[[[[109.1978,12.4898],[109.2021,12.4976],[109.1992,12.5049],[109.1985,12.5077],[109.1975,12.5196],[109.2009,12.522],[109.2002,12.5243],[109.1938,12.5277],[109.1928,12.5314],[109.1942,12.5316],[109.194,12.5357],[109.1951,12.5361],[109.1947,12.5408],[109.1928,12.5421],[109.1926,12.5474],[109.1935,12.549],[109.1987,12.5508],[109.2017,12.5502],[109.2019,12.5548],[109.2032,12.5557],[109.2092,12.5557],[109.2125,12.5549],[109.2111,12.5607],[109.2098,12.5627],[109.2098,12.5688],[109.214,12.5723],[109.2163,12.5763],[109.2205,12.577],[109.2203,12.581],[109.2232,12.5864],[109.2258,12.589],[109.2287,12.5904],[109.2301,12.5925],[109.2338,12.5934],[109.2339,12.5876],[109.2366,12.5886],[109.2399,12.5878],[109.2441,12.585],[109.2455,12.5808],[109.2434,12.5759],[109.2392,12.5752],[109.2374,12.5742],[109.2358,12.5715],[109.2323,12.5617],[109.231,12.5529],[109.2304,12.5455],[109.2304,12.5355],[109.2341,12.5234],[109.2377,12.5198],[109.2374,12.516],[109.239,12.5093],[109.2399,12.5082],[109.2444,12.5071],[109.2451,12.5085],[109.2478,12.5082],[109.2535,12.5056],[109.2567,12.5022],[109.2578,12.5033],[109.2635,12.4982],[109.263,12.4971],[109.269,12.4933],[109.2742,12.4879],[109.2773,12.4859],[109.2812,12.4898],[109.2846,12.489],[109.2876,12.4865],[109.2872,12.4851],[109.2902,12.484],[109.2915,12.4804],[109.2955,12.4779],[109.2958,12.4743],[109.2951,12.4721],[109.2928,12.4699],[109.2944,12.4666],[109.2928,12.4616],[109.2901,12.4595],[109.2877,12.4559],[109.29,12.4536],[109.2899,12.4493],[109.2883,12.4484],[109.2856,12.4448],[109.2854,12.4416],[109.2885,12.4304],[109.2903,12.4266],[109.2932,12.4232],[109.2957,12.4227],[109.2977,12.4248],[109.2999,12.4237],[109.3009,12.4203],[109.3025,12.4183],[109.3075,12.4162],[109.3108,12.4158],[109.3148,12.4178],[109.3196,12.4182],[109.3221,12.4153],[109.3256,12.4133],[109.3258,12.4113],[109.3288,12.4077],[109.3332,12.4063],[109.3368,12.4086],[109.3414,12.4015],[109.3419,12.3968],[109.3378,12.3907],[109.3369,12.3879],[109.3312,12.3888],[109.328,12.3873],[109.3254,12.3844],[109.3268,12.3835],[109.3276,12.3802],[109.3305,12.3781],[109.3277,12.373],[109.3258,12.3735],[109.3199,12.3779],[109.3198,12.3819],[109.3182,12.3845],[109.3153,12.3849],[109.3152,12.387],[109.3117,12.3893],[109.3078,12.3881],[109.3079,12.3858],[109.3043,12.3835],[109.3023,12.3809],[109.3014,12.3753],[109.3013,12.3674],[109.2992,12.3631],[109.2995,12.3566],[109.3007,12.3549],[109.2991,12.3527],[109.2968,12.3523],[109.2942,12.3467],[109.2881,12.3468],[109.2841,12.348],[109.2783,12.3537],[109.2791,12.3564],[109.2781,12.358],[109.2747,12.3574],[109.2702,12.3585],[109.2678,12.358],[109.265,12.3592],[109.2645,12.3614],[109.2609,12.3625],[109.2612,12.3643],[109.2603,12.3717],[109.263,12.3717],[109.2645,12.3749],[109.2627,12.3777],[109.26,12.3791],[109.2542,12.3873],[109.2492,12.3913],[109.2456,12.3959],[109.2452,12.4008],[109.244,12.4025],[109.2498,12.4095],[109.2503,12.4114],[109.2548,12.4137],[109.2548,12.4221],[109.252,12.425],[109.2527,12.4291],[109.259,12.4278],[109.2633,12.4316],[109.2639,12.4343],[109.2628,12.4363],[109.2625,12.4407],[109.2607,12.4424],[109.2589,12.441],[109.2547,12.4433],[109.253,12.4457],[109.2527,12.4523],[109.2544,12.4548],[109.2587,12.4592],[109.2582,12.4647],[109.2593,12.4666],[109.2584,12.471],[109.2551,12.4733],[109.2528,12.4737],[109.2489,12.4733],[109.2414,12.4744],[109.239,12.4727],[109.2091,12.4871],[109.2054,12.4867],[109.203,12.4889],[109.1978,12.4898]]],[[[109.3794,12.3565],[109.3746,12.3584],[109.3734,12.3615],[109.3685,12.3665],[109.3684,12.3678],[109.3723,12.3695],[109.3747,12.3648],[109.3774,12.363],[109.3794,12.36],[109.3794,12.3565]]],[[[109.2356,12.3814],[109.231,12.3835],[109.2253,12.3848],[109.2223,12.3873],[109.2264,12.3938],[109.227,12.3977],[109.2297,12.3991],[109.2333,12.3962],[109.2368,12.3943],[109.2396,12.3898],[109.2401,12.3879],[109.2382,12.3835],[109.2356,12.3814]]],[[[109.2248,12.3986],[109.2214,12.3992],[109.2238,12.4017],[109.2248,12.3986]]],[[[109.2189,12.4002],[109.2165,12.4019],[109.2181,12.4037],[109.2199,12.4013],[109.2189,12.4002]]],[[[109.3515,12.4855],[109.355,12.487],[109.356,12.4834],[109.3586,12.4821],[109.3572,12.4802],[109.3532,12.4781],[109.3519,12.4793],[109.3516,12.4821],[109.3468,12.4843],[109.3463,12.4885],[109.3492,12.4887],[109.3515,12.4855]]],[[[109.3027,12.4865],[109.3006,12.486],[109.2944,12.4858],[109.2924,12.4871],[109.2922,12.489],[109.294,12.4933],[109.2988,12.4943],[109.3061,12.4971],[109.313,12.498],[109.3136,12.4967],[109.31,12.4951],[109.3055,12.4918],[109.303,12.4889],[109.3027,12.4865]]]]},"properties":{"name":"Đông Ninh Hoà","level":"ward"}},{"type":"Feature","geometry":{"type":"Polygon","coordinates":[[[109.0814,12.5103],[109.0801,12.5053],[109.0827,12.5058],[109.0842,12.5038],[109.0877,12.5017],[109.0883,12.4986],[109.088,12.4952],[109.0908,12.4964],[109.0957,12.4996],[109.0975,12.4999],[109.1007,12.4979],[109.1022,12.496],[109.1022,12.493],[109.1077,12.4994],[109.1096,12.5],[109.1112,12.4964],[109.1128,12.4989],[109.1145,12.4991],[109.1163,12.4972],[109.1181,12.4972],[109.1204,12.499],[109.125,12.5002],[109.1269,12.4977],[109.1242,12.495],[109.1236,12.4928],[109.1244,12.4798],[109.1285,12.476],[109.1261,12.4722],[109.1293,12.471],[109.1292,12.469],[109.1259,12.47],[109.123,12.4662],[109.1236,12.4607],[109.1232,12.4573],[109.1249,12.4542],[109.129,12.4528],[109.1283,12.4507],[109.1296,12.4467],[109.1268,12.4458],[109.1247,12.4482],[109.1215,12.4472],[109.1213,12.4516],[109.1194,12.4523],[109.1204,12.4546],[109.1196,12.4576],[109.1165,12.4595],[109.1171,12.4632],[109.1128,12.4642],[109.1103,12.4639],[109.1023,12.4668],[109.1011,12.4683],[109.0969,12.4681],[109.0937,12.469],[109.0918,12.4679],[109.0857,12.4674],[109.0858,12.4641],[109.0837,12.4648],[109.0794,12.4624],[109.0775,12.4623],[109.0745,12.4606],[109.0733,12.4617],[109.0719,12.466],[109.0693,12.4682],[109.0688,12.4707],[109.0651,12.4695],[109.0544,12.4617],[109.0341,12.475],[109.0306,12.4776],[109.0325,12.4812],[109.0313,12.484],[109.029,12.4837],[109.0257,12.481],[109.0248,12.4786],[109.0264,12.4747],[109.0238,12.4708],[109.0135,12.4652],[109.0117,12.4634],[109.0117,12.4616],[109.0099,12.4584],[109.0121,12.4534],[108.9819,12.4683],[108.9804,12.4692],[108.9878,12.4781],[108.9958,12.4862],[108.9975,12.4941],[108.996,12.4965],[108.9937,12.4971],[108.9899,12.4998],[108.9924,12.5021],[108.9955,12.5069],[108.998,12.5087],[109.0001,12.5159],[109.0015,12.5183],[109.0088,12.5182],[109.0148,12.5206],[109.0153,12.5171],[109.0165,12.516],[109.0217,12.5152],[109.0259,12.5221],[109.0238,12.5255],[109.0194,12.5271],[109.0214,12.5294],[109.0224,12.5338],[109.0272,12.5308],[109.0301,12.531],[109.0344,12.5389],[109.0345,12.5436],[109.0358,12.5489],[109.0314,12.5543],[109.0346,12.5582],[109.0407,12.5643],[109.0571,12.5571],[109.0585,12.5575],[109.0637,12.5478],[109.067,12.5441],[109.0682,12.5416],[109.0691,12.5364],[109.0668,12.5325],[109.0627,12.5291],[109.0705,12.5239],[109.0795,12.5163],[109.0814,12.5155],[109.0814,12.5103]]]},"properties":{"name":"Tân Định","level":"ward"}},{"type":"Feature","geometry":{"type":"Polygon","coordinates":[[[109.1285,12.476],[109.1343,12.4859],[109.1374,12.4885],[109.1397,12.4874],[109.1421,12.4881],[109.1435,12.4926],[109.1519,12.49],[109.1532,12.4911],[109.1575,12.4924],[109.159,12.491],[109.1621,12.4906],[109.1677,12.4877],[109.1722,12.4889],[109.1807,12.4894],[109.1848,12.487],[109.1978,12.4898],[109.203,12.4889],[109.2054,12.4867],[109.2091,12.4871],[109.239,12.4727],[109.2414,12.4744],[109.2489,12.4733],[109.2528,12.4737],[109.2551,12.4733],[109.2584,12.471],[109.2593,12.4666],[109.2582,12.4647],[109.2587,12.4592],[109.2544,12.4548],[109.2527,12.4523],[109.253,12.4457],[109.2547,12.4433],[109.2589,12.441],[109.2607,12.4424],[109.2625,12.4407],[109.2628,12.4363],[109.2639,12.4343],[109.2633,12.4316],[109.259,12.4278],[109.2527,12.4291],[109.252,12.425],[109.2548,12.4221],[109.2548,12.4137],[109.2503,12.4114],[109.2498,12.4095],[109.244,12.4025],[109.2427,12.4053],[109.2378,12.405],[109.2383,12.4072],[109.2355,12.412],[109.2311,12.412],[109.2289,12.4136],[109.2279,12.4159],[109.2254,12.4171],[109.2259,12.42],[109.2235,12.4213],[109.2211,12.425],[109.2186,12.4255],[109.2148,12.4297],[109.214,12.4321],[109.2108,12.4332],[109.2072,12.4381],[109.2052,12.4381],[109.1998,12.4398],[109.1982,12.4395],[109.1946,12.4419],[109.1916,12.4471],[109.1895,12.4486],[109.188,12.4474],[109.1767,12.4567],[109.1768,12.4529],[109.1747,12.4522],[109.1737,12.4485],[109.1707,12.4474],[109.1708,12.4435],[109.1665,12.4413],[109.1654,12.4373],[109.1631,12.4377],[109.1603,12.4359],[109.1589,12.4366],[109.1534,12.4437],[109.1471,12.4437],[109.1456,12.4443],[109.1357,12.4516],[109.1327,12.4504],[109.1296,12.4467],[109.1283,12.4507],[109.129,12.4528],[109.1249,12.4542],[109.1232,12.4573],[109.1236,12.4607],[109.123,12.4662],[109.1259,12.47],[109.1292,12.469],[109.1293,12.471],[109.1261,12.4722],[109.1285,12.476]]]},"properties":{"name":"Hoà Thắng","level":"ward"}},{"type":"Feature","geometry":{"type":"Polygon","coordinates":[[[109.1968,12.378],[109.1908,12.3795],[109.1845,12.3778],[109.1819,12.3751],[109.1785,12.3745],[109.1747,12.3783],[109.1712,12.378],[109.1699,12.3761],[109.1673,12.3764],[109.1666,12.3742],[109.1699,12.3706],[109.1698,12.367],[109.1735,12.3618],[109.1707,12.3587],[109.1659,12.3614],[109.1616,12.3612],[109.1612,12.3603],[109.1565,12.3624],[109.1581,12.3666],[109.1555,12.3688],[109.1494,12.3683],[109.1485,12.3668],[109.1447,12.3671],[109.1401,12.3706],[109.1379,12.3687],[109.1349,12.3681],[109.1325,12.3654],[109.1293,12.3651],[109.1266,12.3633],[109.1255,12.3611],[109.1217,12.3579],[109.1196,12.3598],[109.1173,12.3566],[109.1176,12.3541],[109.1189,12.3517],[109.1178,12.3492],[109.1156,12.3479],[109.1143,12.3445],[109.1115,12.343],[109.1119,12.3467],[109.1059,12.3493],[109.1026,12.3541],[109.098,12.356],[109.0972,12.3582],[109.0931,12.3616],[109.0917,12.3614],[109.0924,12.3675],[109.0885,12.3683],[109.087,12.3707],[109.0835,12.3747],[109.0783,12.3775],[109.0759,12.3774],[109.0767,12.3808],[109.0733,12.3808],[109.0692,12.3839],[109.0675,12.3882],[109.065,12.3892],[109.0635,12.3943],[109.0604,12.3945],[109.0567,12.3957],[109.053,12.3986],[109.0511,12.399],[109.0499,12.4015],[109.0469,12.4046],[109.0423,12.4061],[109.0357,12.4055],[109.0315,12.4059],[109.0285,12.4048],[109.0267,12.4057],[109.0223,12.4039],[109.0196,12.4047],[109.0125,12.408],[109.0102,12.4086],[109.0082,12.4059],[109.0049,12.4067],[109.0034,12.4043],[109.0035,12.4018],[109.0022,12.3998],[109.0034,12.3974],[109.0014,12.3965],[108.9977,12.3982],[108.9965,12.4016],[108.9929,12.402],[108.9907,12.4006],[108.9894,12.4083],[108.9874,12.4102],[108.9852,12.4096],[108.9838,12.4108],[108.98,12.416],[108.9767,12.4184],[108.9763,12.4206],[108.9737,12.4229],[108.9721,12.4263],[108.9692,12.428],[108.9636,12.4276],[108.9591,12.4316],[108.9503,12.4359],[108.9515,12.4387],[108.9456,12.4399],[108.9444,12.4455],[108.9458,12.4505],[108.947,12.4519],[108.9462,12.4567],[108.9432,12.4622],[108.9446,12.4613],[108.948,12.462],[108.9527,12.4617],[108.9556,12.4631],[108.9598,12.463],[108.9624,12.4623],[108.9649,12.4635],[108.9723,12.4645],[108.975,12.4676],[108.9779,12.469],[108.9804,12.4692],[108.9819,12.4683],[109.0121,12.4534],[109.0099,12.4584],[109.0117,12.4616],[109.0117,12.4634],[109.0135,12.4652],[109.0238,12.4708],[109.0264,12.4747],[109.0248,12.4786],[109.0257,12.481],[109.029,12.4837],[109.0313,12.484],[109.0325,12.4812],[109.0306,12.4776],[109.0341,12.475],[109.0544,12.4617],[109.0651,12.4695],[109.0688,12.4707],[109.0693,12.4682],[109.0719,12.466],[109.0733,12.4617],[109.0745,12.4606],[109.0775,12.4623],[109.0794,12.4624],[109.0837,12.4648],[109.0858,12.4641],[109.0857,12.4674],[109.0918,12.4679],[109.0937,12.469],[109.0969,12.4681],[109.1011,12.4683],[109.1023,12.4668],[109.1103,12.4639],[109.1128,12.4642],[109.1171,12.4632],[109.1165,12.4595],[109.1196,12.4576],[109.1204,12.4546],[109.1194,12.4523],[109.1213,12.4516],[109.1215,12.4472],[109.1247,12.4482],[109.1268,12.4458],[109.1296,12.4467],[109.1327,12.4504],[109.1357,12.4516],[109.1456,12.4443],[109.1471,12.4437],[109.1534,12.4437],[109.1589,12.4366],[109.1603,12.4359],[109.1631,12.4377],[109.1654,12.4373],[109.1636,12.4343],[109.1601,12.4318],[109.1542,12.4318],[109.1542,12.4302],[109.1514,12.4288],[109.1516,12.4246],[109.1552,12.4244],[109.1579,12.4229],[109.1581,12.4209],[109.1605,12.4187],[109.1587,12.4125],[109.1602,12.4093],[109.162,12.4085],[109.1625,12.4056],[109.1694,12.4023],[109.1718,12.4025],[109.1716,12.4047],[109.1729,12.4078],[109.1754,12.4049],[109.1781,12.403],[109.1812,12.4048],[109.1849,12.4044],[109.1869,12.4023],[109.1911,12.4001],[109.1922,12.3975],[109.1987,12.3975],[109.198,12.3958],[109.2001,12.3931],[109.1998,12.3905],[109.2013,12.3888],[109.2007,12.3864],[109.1971,12.3808],[109.1968,12.378]]]},"properties":{"name":"Nam Ninh Hoà","level":"ward"}},{"type":"Feature","geometry":{"type":"Polygon","coordinates":[[[108.9605,12.281],[108.9609,12.279],[108.9568,12.2734],[108.9584,12.2701],[108.9604,12.2685],[108.9623,12.2654],[108.9617,12.2631],[108.9589,12.2622],[108.9591,12.2587],[108.9579,12.2578],[108.96,12.2527],[108.9614,12.2527],[108.962,12.2412],[108.9595,12.2398],[108.9556,12.2364],[108.9524,12.2217],[108.9535,12.2184],[108.9558,12.2174],[108.9581,12.2148],[108.9573,12.2125],[108.9593,12.2117],[108.9635,12.1985],[108.9673,12.1916],[108.9708,12.1889],[108.9708,12.185],[108.9718,12.1825],[108.9741,12.1809],[108.9757,12.1769],[108.9734,12.1732],[108.9727,12.167],[108.9743,12.1629],[108.9701,12.1595],[108.966,12.1594],[108.9648,12.1574],[108.9662,12.1535],[108.9685,12.15],[108.9654,12.1476],[108.9647,12.1447],[108.9625,12.1422],[108.9604,12.136],[108.961,12.1335],[108.961,12.1286],[108.9593,12.1252],[108.9566,12.1223],[108.9475,12.1195],[108.9441,12.1155],[108.9421,12.1106],[108.9404,12.1023],[108.9377,12.1005],[108.9355,12.1011],[108.931,12.0996],[108.9312,12.0964],[108.9325,12.0931],[108.9307,12.0886],[108.9255,12.0875],[108.919,12.0885],[108.911,12.0916],[108.9106,12.0937],[108.907,12.095],[108.9021,12.0937],[108.9007,12.092],[108.8967,12.098],[108.8929,12.0978],[108.8888,12.0961],[108.8844,12.0982],[108.8812,12.1068],[108.8781,12.108],[108.8743,12.1062],[108.8727,12.1046],[108.8678,12.1047],[108.8661,12.1063],[108.8623,12.1075],[108.8599,12.1124],[108.8543,12.1102],[108.8485,12.1143],[108.8452,12.1149],[108.8415,12.1172],[108.8392,12.1234],[108.8362,12.1351],[108.8358,12.1394],[108.8398,12.1421],[108.8424,12.1471],[108.8458,12.1492],[108.8492,12.1531],[108.8503,12.153],[108.8551,12.1567],[108.8609,12.1652],[108.8651,12.1674],[108.8647,12.1713],[108.8668,12.173],[108.867,12.1759],[108.8705,12.179],[108.8701,12.1833],[108.8691,12.1847],[108.8705,12.188],[108.8699,12.1895],[108.8715,12.1928],[108.8767,12.1947],[108.8806,12.1946],[108.8841,12.1964],[108.8828,12.1997],[108.8817,12.2107],[108.8835,12.2141],[108.8856,12.2162],[108.8882,12.2231],[108.8919,12.2264],[108.8917,12.2288],[108.8939,12.2317],[108.8965,12.2325],[108.9007,12.2322],[108.9027,12.2336],[108.9046,12.2329],[108.9088,12.239],[108.9118,12.2398],[108.912,12.2421],[108.9109,12.2438],[108.9121,12.2463],[108.9139,12.2466],[108.9156,12.249],[108.9137,12.2517],[108.9139,12.2545],[108.9126,12.2556],[108.9161,12.2627],[108.9184,12.2653],[108.919,12.2678],[108.9183,12.2701],[108.9151,12.2701],[108.9116,12.2717],[108.9037,12.2694],[108.9005,12.2703],[108.8954,12.2674],[108.8914,12.2677],[108.888,12.2652],[108.8849,12.2641],[108.8844,12.2656],[108.8868,12.2724],[108.8885,12.2744],[108.8914,12.2742],[108.9001,12.2784],[108.9018,12.2775],[108.9043,12.2786],[108.9039,12.2806],[108.9006,12.2839],[108.9031,12.2863],[108.9028,12.2879],[108.9056,12.2891],[108.9086,12.2893],[108.9112,12.2854],[108.917,12.2858],[108.9197,12.2839],[108.922,12.2854],[108.9257,12.2829],[108.9288,12.2843],[108.9332,12.2847],[108.9351,12.2868],[108.9408,12.2853],[108.9425,12.2857],[108.9427,12.2884],[108.9477,12.2894],[108.9497,12.2924],[108.9523,12.2935],[108.955,12.2921],[108.9551,12.2874],[108.9565,12.2812],[108.9605,12.281]]]},"properties":{"name":"Khánh Vĩnh","level":"ward"}},{"type":"Feature","geometry":{"type":"Polygon","coordinates":[[[108.8705,12.4536],[108.8733,12.4529],[108.8756,12.451],[108.8772,12.4518],[108.8822,12.4522],[108.8876,12.4481],[108.8918,12.4411],[108.8956,12.4376],[108.8966,12.434],[108.8964,12.4319],[108.8987,12.4286],[108.8979,12.4254],[108.9013,12.4183],[108.9049,12.4174],[108.9075,12.4197],[108.9102,12.4189],[108.9147,12.4205],[108.9177,12.4277],[108.9195,12.4295],[108.9214,12.4297],[108.927,12.4317],[108.9296,12.4315],[108.9321,12.4325],[108.9356,12.4313],[108.9357,12.4297],[108.9328,12.4293],[108.9328,12.4264],[108.9317,12.422],[108.934,12.4194],[108.9321,12.4161],[108.9323,12.4074],[108.9354,12.4033],[108.938,12.4013],[108.9401,12.4014],[108.9437,12.3996],[108.9407,12.3903],[108.9393,12.3871],[108.9405,12.3832],[108.9391,12.3793],[108.9426,12.3728],[108.9405,12.371],[108.9396,12.3678],[108.937,12.3666],[108.9337,12.3636],[108.9342,12.3611],[108.9307,12.3587],[108.9252,12.3572],[108.9233,12.3525],[108.9232,12.3475],[108.9214,12.3443],[108.9341,12.3335],[108.9331,12.3285],[108.9335,12.3257],[108.9355,12.3239],[108.9364,12.3187],[108.9344,12.3163],[108.9297,12.3156],[108.9247,12.3185],[108.9206,12.3191],[108.9055,12.3135],[108.9025,12.3095],[108.9014,12.3092],[108.8853,12.3132],[108.8746,12.3153],[108.869,12.3144],[108.8662,12.3155],[108.8647,12.3183],[108.8618,12.318],[108.8596,12.3157],[108.8558,12.3146],[108.8521,12.3155],[108.85,12.3207],[108.8485,12.3212],[108.8434,12.3272],[108.8435,12.3287],[108.8466,12.332],[108.8461,12.3334],[108.8408,12.3383],[108.8404,12.3409],[108.8371,12.343],[108.8346,12.3425],[108.8294,12.3427],[108.8245,12.3456],[108.8216,12.3493],[108.8213,12.3523],[108.8189,12.3539],[108.8184,12.3589],[108.816,12.3614],[108.8131,12.3624],[108.8087,12.3694],[108.8064,12.3715],[108.8022,12.374],[108.7987,12.3754],[108.7895,12.3761],[108.7886,12.3785],[108.7842,12.3821],[108.7782,12.3847],[108.7725,12.3829],[108.7716,12.3818],[108.7685,12.3825],[108.7642,12.3849],[108.7619,12.3849],[108.7588,12.3884],[108.7584,12.3927],[108.7563,12.3942],[108.7567,12.3968],[108.7536,12.3984],[108.7516,12.3979],[108.749,12.3992],[108.7465,12.3986],[108.7411,12.3993],[108.7375,12.3984],[108.734,12.3994],[108.7303,12.3994],[108.7267,12.3985],[108.7247,12.3988],[108.7226,12.3967],[108.7212,12.3932],[108.7196,12.3924],[108.7143,12.3862],[108.7086,12.3869],[108.7067,12.3888],[108.7035,12.3891],[108.701,12.3913],[108.6981,12.3907],[108.6945,12.3933],[108.6911,12.3912],[108.6858,12.3925],[108.6841,12.3943],[108.6821,12.3935],[108.6764,12.395],[108.6751,12.3961],[108.6745,12.3994],[108.6728,12.4018],[108.6755,12.4044],[108.6778,12.4077],[108.6796,12.4148],[108.6766,12.4154],[108.6748,12.4184],[108.672,12.4196],[108.6693,12.4225],[108.6727,12.4279],[108.6728,12.4319],[108.676,12.4351],[108.6802,12.4383],[108.683,12.4428],[108.6844,12.4464],[108.6862,12.4474],[108.6866,12.4497],[108.6905,12.4533],[108.6916,12.4533],[108.6932,12.4565],[108.6958,12.4576],[108.6991,12.4612],[108.6989,12.4687],[108.6995,12.4719],[108.7017,12.4745],[108.7037,12.4748],[108.7073,12.4773],[108.7085,12.4792],[108.7109,12.4791],[108.7129,12.4825],[108.7155,12.4839],[108.72,12.4826],[108.7211,12.4806],[108.7282,12.479],[108.7313,12.4771],[108.7357,12.4761],[108.7398,12.4761],[108.7435,12.4793],[108.7483,12.4804],[108.749,12.4838],[108.7488,12.4873],[108.7506,12.4928],[108.7506,12.4975],[108.7541,12.4991],[108.7567,12.4992],[108.7636,12.4979],[108.7674,12.501],[108.7679,12.5037],[108.7753,12.5042],[108.7785,12.5056],[108.7831,12.5015],[108.7867,12.5017],[108.7886,12.4999],[108.7918,12.4998],[108.7951,12.4967],[108.795,12.4943],[108.7977,12.4914],[108.7956,12.4862],[108.7992,12.4812],[108.8021,12.4821],[108.805,12.4811],[108.8072,12.4843],[108.8089,12.4853],[108.8116,12.4847],[108.8176,12.4818],[108.8199,12.4791],[108.8194,12.4755],[108.8248,12.4737],[108.827,12.4711],[108.8292,12.4716],[108.8346,12.4693],[108.8338,12.4667],[108.8372,12.4632],[108.84,12.4623],[108.8472,12.4626],[108.8486,12.4586],[108.8501,12.4578],[108.8553,12.4579],[108.8639,12.453],[108.8705,12.4536]]]},"properties":{"name":"Trung Khánh Vĩnh","level":"ward"}},{"type":"Feature","geometry":{"type":"Polygon","coordinates":[[[108.8715,12.5056],[108.8753,12.4976],[108.8781,12.498],[108.8811,12.4955],[108.8838,12.4956],[108.8863,12.4938],[108.8884,12.4908],[108.8931,12.49],[108.8955,12.4914],[108.8983,12.4887],[108.915,12.4874],[108.9194,12.4844],[108.9216,12.4846],[108.9241,12.4817],[108.9239,12.4791],[108.9266,12.4756],[108.93,12.473],[108.9282,12.468],[108.9294,12.4664],[108.935,12.4657],[108.9369,12.4636],[108.9432,12.4622],[108.9462,12.4567],[108.947,12.4519],[108.9458,12.4505],[108.9444,12.4455],[108.9456,12.4399],[108.9515,12.4387],[108.9503,12.4359],[108.9591,12.4316],[108.9636,12.4276],[108.9692,12.428],[108.9721,12.4263],[108.9737,12.4229],[108.9763,12.4206],[108.9767,12.4184],[108.98,12.416],[108.9838,12.4108],[108.9852,12.4096],[108.9874,12.4102],[108.9894,12.4083],[108.9907,12.4006],[108.9929,12.402],[108.9965,12.4016],[108.9977,12.3982],[109.0014,12.3965],[109.0034,12.3974],[109.0022,12.3998],[109.0035,12.4018],[109.0034,12.4043],[109.0049,12.4067],[109.0082,12.4059],[109.0102,12.4086],[109.0125,12.408],[109.0196,12.4047],[109.0223,12.4039],[109.0267,12.4057],[109.0285,12.4048],[109.0315,12.4059],[109.0357,12.4055],[109.0423,12.4061],[109.0469,12.4046],[109.0499,12.4015],[109.0511,12.399],[109.053,12.3986],[109.0567,12.3957],[109.0604,12.3945],[109.0635,12.3943],[109.065,12.3892],[109.0636,12.3878],[109.0626,12.3846],[109.0608,12.3827],[109.0542,12.3793],[109.0523,12.376],[109.0496,12.3734],[109.0475,12.3638],[109.0433,12.3587],[109.0337,12.3565],[109.0313,12.3567],[109.0201,12.349],[109.0195,12.3468],[109.0164,12.3454],[109.0106,12.3438],[109.0087,12.3415],[109.0058,12.3401],[109.0031,12.341],[109.0015,12.3392],[108.9994,12.3392],[108.9963,12.3372],[108.9899,12.3376],[108.9871,12.3353],[108.9794,12.3366],[108.9765,12.3386],[108.9749,12.3423],[108.9777,12.3469],[108.9751,12.3529],[108.971,12.3525],[108.9672,12.3562],[108.9632,12.354],[108.9512,12.3373],[108.946,12.3366],[108.9401,12.338],[108.9379,12.3366],[108.937,12.3342],[108.9341,12.3335],[108.9214,12.3443],[108.9232,12.3475],[108.9233,12.3525],[108.9252,12.3572],[108.9307,12.3587],[108.9342,12.3611],[108.9337,12.3636],[108.937,12.3666],[108.9396,12.3678],[108.9405,12.371],[108.9426,12.3728],[108.9391,12.3793],[108.9405,12.3832],[108.9393,12.3871],[108.9407,12.3903],[108.9437,12.3996],[108.9401,12.4014],[108.938,12.4013],[108.9354,12.4033],[108.9323,12.4074],[108.9321,12.4161],[108.934,12.4194],[108.9317,12.422],[108.9328,12.4264],[108.9328,12.4293],[108.9357,12.4297],[108.9356,12.4313],[108.9321,12.4325],[108.9296,12.4315],[108.927,12.4317],[108.9214,12.4297],[108.9195,12.4295],[108.9177,12.4277],[108.9147,12.4205],[108.9102,12.4189],[108.9075,12.4197],[108.9049,12.4174],[108.9013,12.4183],[108.8979,12.4254],[108.8987,12.4286],[108.8964,12.4319],[108.8966,12.434],[108.8956,12.4376],[108.8918,12.4411],[108.8876,12.4481],[108.8822,12.4522],[108.8772,12.4518],[108.8756,12.451],[108.8733,12.4529],[108.8705,12.4536],[108.8679,12.4562],[108.8695,12.4586],[108.8708,12.4633],[108.8702,12.4674],[108.8745,12.469],[108.8787,12.4801],[108.8741,12.4841],[108.8686,12.4862],[108.8667,12.4887],[108.8624,12.4905],[108.8606,12.4954],[108.8637,12.499],[108.8648,12.5013],[108.8715,12.5056]]]},"properties":{"name":"Bắc Khánh Vĩnh","level":"ward"}},{"type":"Feature","geometry":{"type":"Polygon","coordinates":[[[108.9427,12.2884],[108.9425,12.2857],[108.9408,12.2853],[108.9351,12.2868],[108.9332,12.2847],[108.9288,12.2843],[108.9257,12.2829],[108.922,12.2854],[108.9197,12.2839],[108.917,12.2858],[108.9112,12.2854],[108.9086,12.2893],[108.9056,12.2891],[108.9028,12.2879],[108.9031,12.2863],[108.9006,12.2839],[108.9039,12.2806],[108.9043,12.2786],[108.9018,12.2775],[108.9001,12.2784],[108.8914,12.2742],[108.8885,12.2744],[108.888,12.277],[108.8827,12.278],[108.8784,12.2767],[108.8747,12.2779],[108.8748,12.2748],[108.8727,12.2719],[108.8694,12.2726],[108.8674,12.2715],[108.8678,12.2681],[108.8656,12.2678],[108.8622,12.275],[108.8588,12.2757],[108.8573,12.2783],[108.8535,12.2802],[108.8489,12.2758],[108.8501,12.2732],[108.8484,12.2726],[108.8434,12.2741],[108.8407,12.2732],[108.834,12.2699],[108.8325,12.2678],[108.831,12.2684],[108.8269,12.2679],[108.8223,12.2693],[108.818,12.2715],[108.8133,12.27],[108.814,12.2656],[108.813,12.2622],[108.8136,12.2573],[108.8114,12.2571],[108.8078,12.2543],[108.806,12.2542],[108.8047,12.2516],[108.8015,12.2497],[108.7962,12.2429],[108.795,12.243],[108.7889,12.238],[108.783,12.2391],[108.7763,12.2417],[108.772,12.2402],[108.7687,12.2377],[108.7653,12.2379],[108.7608,12.2327],[108.7596,12.2296],[108.7575,12.2272],[108.7557,12.2274],[108.7518,12.2258],[108.7484,12.2232],[108.7445,12.2219],[108.7423,12.2229],[108.7367,12.2221],[108.7322,12.2172],[108.7259,12.218],[108.7222,12.2179],[108.7197,12.2211],[108.7193,12.224],[108.7181,12.2255],[108.7158,12.2258],[108.7138,12.2292],[108.7095,12.2301],[108.7068,12.2319],[108.7055,12.2342],[108.7018,12.2375],[108.7012,12.2428],[108.6996,12.2454],[108.7019,12.2472],[108.7024,12.2491],[108.7055,12.2521],[108.7059,12.2543],[108.7029,12.2627],[108.7024,12.2651],[108.7054,12.2688],[108.702,12.2731],[108.7021,12.2761],[108.7033,12.2774],[108.702,12.2817],[108.7026,12.2839],[108.7011,12.2874],[108.7013,12.2906],[108.7041,12.2939],[108.7033,12.2971],[108.7062,12.2975],[108.7074,12.2989],[108.7051,12.3011],[108.7042,12.3033],[108.702,12.3044],[108.702,12.3066],[108.6993,12.3093],[108.695,12.3091],[108.6937,12.3122],[108.6889,12.3136],[108.6893,12.3157],[108.6825,12.3172],[108.68,12.3162],[108.6803,12.3196],[108.6843,12.3226],[108.6827,12.3252],[108.6828,12.3339],[108.6801,12.3378],[108.6803,12.3401],[108.6781,12.3418],[108.6768,12.3482],[108.6779,12.3503],[108.6787,12.3545],[108.6801,12.3556],[108.6813,12.3593],[108.6829,12.3612],[108.6852,12.3613],[108.6875,12.3643],[108.6878,12.3673],[108.687,12.3696],[108.6891,12.3717],[108.6893,12.3737],[108.6875,12.3781],[108.6833,12.3792],[108.6828,12.3812],[108.6855,12.3831],[108.6859,12.3883],[108.6841,12.391],[108.6813,12.3911],[108.6781,12.3926],[108.6764,12.395],[108.6821,12.3935],[108.6841,12.3943],[108.6858,12.3925],[108.6911,12.3912],[108.6945,12.3933],[108.6981,12.3907],[108.701,12.3913],[108.7035,12.3891],[108.7067,12.3888],[108.7086,12.3869],[108.7143,12.3862],[108.7196,12.3924],[108.7212,12.3932],[108.7226,12.3967],[108.7247,12.3988],[108.7267,12.3985],[108.7303,12.3994],[108.734,12.3994],[108.7375,12.3984],[108.7411,12.3993],[108.7465,12.3986],[108.749,12.3992],[108.7516,12.3979],[108.7536,12.3984],[108.7567,12.3968],[108.7563,12.3942],[108.7584,12.3927],[108.7588,12.3884],[108.7619,12.3849],[108.7642,12.3849],[108.7685,12.3825],[108.7716,12.3818],[108.7725,12.3829],[108.7782,12.3847],[108.7842,12.3821],[108.7886,12.3785],[108.7895,12.3761],[108.7987,12.3754],[108.8022,12.374],[108.8064,12.3715],[108.8087,12.3694],[108.8131,12.3624],[108.816,12.3614],[108.8184,12.3589],[108.8189,12.3539],[108.8213,12.3523],[108.8216,12.3493],[108.8245,12.3456],[108.8294,12.3427],[108.8346,12.3425],[108.8371,12.343],[108.8404,12.3409],[108.8408,12.3383],[108.8461,12.3334],[108.8466,12.332],[108.8435,12.3287],[108.8434,12.3272],[108.8485,12.3212],[108.85,12.3207],[108.8521,12.3155],[108.8558,12.3146],[108.8596,12.3157],[108.8618,12.318],[108.8647,12.3183],[108.8662,12.3155],[108.869,12.3144],[108.8746,12.3153],[108.8853,12.3132],[108.9014,12.3092],[108.9025,12.3095],[108.9055,12.3135],[108.9206,12.3191],[108.9247,12.3185],[108.9297,12.3156],[108.9344,12.3163],[108.9367,12.3152],[108.9406,12.3169],[108.9436,12.3171],[108.9491,12.3157],[108.9516,12.3134],[108.9495,12.3116],[108.946,12.3062],[108.9447,12.3034],[108.9433,12.303],[108.9435,12.2994],[108.9427,12.2884]]]},"properties":{"name":"Tây Khánh Vĩnh","level":"ward"}},{"type":"Feature","geometry":{"type":"Polygon","coordinates":[[[108.8885,12.2744],[108.8868,12.2724],[108.8844,12.2656],[108.8849,12.2641],[108.888,12.2652],[108.8914,12.2677],[108.8954,12.2674],[108.9005,12.2703],[108.9037,12.2694],[108.9116,12.2717],[108.9151,12.2701],[108.9183,12.2701],[108.919,12.2678],[108.9184,12.2653],[108.9161,12.2627],[108.9126,12.2556],[108.9139,12.2545],[108.9137,12.2517],[108.9156,12.249],[108.9139,12.2466],[108.9121,12.2463],[108.9109,12.2438],[108.912,12.2421],[108.9118,12.2398],[108.9088,12.239],[108.9046,12.2329],[108.9027,12.2336],[108.9007,12.2322],[108.8965,12.2325],[108.8939,12.2317],[108.8917,12.2288],[108.8919,12.2264],[108.8882,12.2231],[108.8856,12.2162],[108.8835,12.2141],[108.8817,12.2107],[108.8828,12.1997],[108.8841,12.1964],[108.8806,12.1946],[108.8767,12.1947],[108.8715,12.1928],[108.8699,12.1895],[108.8705,12.188],[108.8691,12.1847],[108.8701,12.1833],[108.8705,12.179],[108.867,12.1759],[108.8668,12.173],[108.8647,12.1713],[108.8651,12.1674],[108.8609,12.1652],[108.8551,12.1567],[108.8503,12.153],[108.8492,12.1531],[108.8458,12.1492],[108.8424,12.1471],[108.8398,12.1421],[108.8358,12.1394],[108.8308,12.1368],[108.8257,12.1357],[108.8237,12.1359],[108.8173,12.1403],[108.8169,12.1445],[108.8154,12.1463],[108.8154,12.151],[108.8142,12.1527],[108.809,12.1538],[108.8049,12.1576],[108.8011,12.1582],[108.798,12.1603],[108.795,12.1597],[108.7902,12.1596],[108.7855,12.1603],[108.7837,12.1596],[108.7826,12.1623],[108.7796,12.1647],[108.7748,12.1647],[108.7721,12.1614],[108.7714,12.1568],[108.768,12.1531],[108.7628,12.1579],[108.7575,12.1568],[108.7554,12.1551],[108.7491,12.1566],[108.743,12.1566],[108.7336,12.1586],[108.7304,12.1625],[108.7289,12.1626],[108.7254,12.1668],[108.7253,12.1694],[108.7206,12.1725],[108.7194,12.1754],[108.7206,12.18],[108.7196,12.1819],[108.7171,12.1826],[108.7174,12.1844],[108.7136,12.1879],[108.7106,12.1897],[108.7124,12.1943],[108.7122,12.1985],[108.7144,12.2014],[108.7157,12.2049],[108.7187,12.2084],[108.7182,12.2123],[108.7194,12.2154],[108.7222,12.2179],[108.7259,12.218],[108.7322,12.2172],[108.7367,12.2221],[108.7423,12.2229],[108.7445,12.2219],[108.7484,12.2232],[108.7518,12.2258],[108.7557,12.2274],[108.7575,12.2272],[108.7596,12.2296],[108.7608,12.2327],[108.7653,12.2379],[108.7687,12.2377],[108.772,12.2402],[108.7763,12.2417],[108.783,12.2391],[108.7889,12.238],[108.795,12.243],[108.7962,12.2429],[108.8015,12.2497],[108.8047,12.2516],[108.806,12.2542],[108.8078,12.2543],[108.8114,12.2571],[108.8136,12.2573],[108.813,12.2622],[108.814,12.2656],[108.8133,12.27],[108.818,12.2715],[108.8223,12.2693],[108.8269,12.2679],[108.831,12.2684],[108.8325,12.2678],[108.834,12.2699],[108.8407,12.2732],[108.8434,12.2741],[108.8484,12.2726],[108.8501,12.2732],[108.8489,12.2758],[108.8535,12.2802],[108.8573,12.2783],[108.8588,12.2757],[108.8622,12.275],[108.8656,12.2678],[108.8678,12.2681],[108.8674,12.2715],[108.8694,12.2726],[108.8727,12.2719],[108.8748,12.2748],[108.8747,12.2779],[108.8784,12.2767],[108.8827,12.278],[108.888,12.277],[108.8885,12.2744]]]},"properties":{"name":"Nam Khánh Vĩnh","level":"ward"}},{"type":"Feature","geometry":{"type":"Polygon","coordinates":[[[109.1254,12.2619],[109.1233,12.2591],[109.1256,12.2561],[109.1253,12.2546],[109.1209,12.2532],[109.1191,12.2496],[109.1254,12.2495],[109.1263,12.2479],[109.1252,12.2446],[109.1272,12.2349],[109.1276,12.2312],[109.1301,12.2273],[109.1271,12.2255],[109.1219,12.2194],[109.1222,12.2153],[109.1172,12.2131],[109.116,12.2141],[109.1131,12.2132],[109.1114,12.2169],[109.1074,12.2161],[109.1057,12.2176],[109.1034,12.2174],[109.1029,12.22],[109.1005,12.2222],[109.0997,12.2267],[109.0983,12.2275],[109.0966,12.2338],[109.0938,12.2343],[109.0943,12.2363],[109.0951,12.2405],[109.0962,12.242],[109.0976,12.2526],[109.0922,12.252],[109.0868,12.2571],[109.0888,12.2599],[109.085,12.2613],[109.0854,12.2652],[109.0897,12.2649],[109.0969,12.2673],[109.1016,12.2693],[109.1105,12.2702],[109.1105,12.264],[109.1217,12.2638],[109.1254,12.2619]]]},"properties":{"name":"Diên Khánh","level":"ward"}},{"type":"Feature","geometry":{"type":"Polygon","coordinates":[[[109.1115,12.343],[109.1143,12.3405],[109.1173,12.3343],[109.1193,12.3334],[109.1204,12.331],[109.1236,12.3296],[109.1243,12.3273],[109.1284,12.3223],[109.1301,12.3179],[109.1294,12.3156],[109.1299,12.3109],[109.1311,12.3094],[109.128,12.3016],[109.1278,12.2969],[109.1291,12.2961],[109.1307,12.2926],[109.1323,12.2826],[109.1362,12.2831],[109.1363,12.28],[109.1334,12.2777],[109.1347,12.2755],[109.137,12.2755],[109.143,12.2695],[109.1394,12.2658],[109.1353,12.2654],[109.1287,12.2615],[109.1254,12.2619],[109.1217,12.2638],[109.1105,12.264],[109.1105,12.2702],[109.1016,12.2693],[109.0969,12.2673],[109.0897,12.2649],[109.0854,12.2652],[109.085,12.2613],[109.0764,12.2651],[109.0721,12.2645],[109.0705,12.2632],[109.0683,12.2657],[109.0659,12.266],[109.0647,12.2686],[109.0663,12.2721],[109.0706,12.2745],[109.0721,12.2792],[109.0696,12.2797],[109.0676,12.2788],[109.0639,12.2798],[109.0606,12.2792],[109.0586,12.277],[109.0548,12.2771],[109.053,12.2809],[109.052,12.2861],[109.0551,12.2892],[109.0555,12.2926],[109.0536,12.296],[109.0533,12.2989],[109.0512,12.3006],[109.0509,12.3044],[109.0521,12.3076],[109.0579,12.3132],[109.0614,12.3138],[109.0631,12.3151],[109.0689,12.3169],[109.0705,12.3167],[109.0755,12.3278],[109.077,12.3282],[109.0814,12.3342],[109.0832,12.3346],[109.0833,12.3379],[109.0847,12.3408],[109.0859,12.3468],[109.0886,12.3498],[109.0874,12.3535],[109.0873,12.3581],[109.088,12.3596],[109.0917,12.3614],[109.0931,12.3616],[109.0972,12.3582],[109.098,12.356],[109.1026,12.3541],[109.1059,12.3493],[109.1119,12.3467],[109.1115,12.343]]]},"properties":{"name":"Diên Điền","level":"ward"}},{"type":"Feature","geometry":{"type":"Polygon","coordinates":[[[109.065,12.3892],[109.0675,12.3882],[109.0692,12.3839],[109.0733,12.3808],[109.0767,12.3808],[109.0759,12.3774],[109.0783,12.3775],[109.0835,12.3747],[109.087,12.3707],[109.0885,12.3683],[109.0924,12.3675],[109.0917,12.3614],[109.088,12.3596],[109.0873,12.3581],[109.0874,12.3535],[109.0886,12.3498],[109.0859,12.3468],[109.0847,12.3408],[109.0833,12.3379],[109.0832,12.3346],[109.0814,12.3342],[109.077,12.3282],[109.0755,12.3278],[109.0705,12.3167],[109.0689,12.3169],[109.0631,12.3151],[109.0614,12.3138],[109.0579,12.3132],[109.0521,12.3076],[109.0509,12.3044],[109.0512,12.3006],[109.0533,12.2989],[109.0536,12.296],[109.0555,12.2926],[109.0551,12.2892],[109.052,12.2861],[109.053,12.2809],[109.0548,12.2771],[109.0586,12.277],[109.0606,12.2792],[109.0639,12.2798],[109.0676,12.2788],[109.0696,12.2797],[109.0721,12.2792],[109.0706,12.2745],[109.0663,12.2721],[109.0647,12.2686],[109.0659,12.266],[109.0683,12.2657],[109.0705,12.2632],[109.0671,12.2614],[109.0625,12.2618],[109.0604,12.2631],[109.0548,12.2694],[109.0529,12.2728],[109.0486,12.2764],[109.0454,12.2768],[109.0412,12.2756],[109.0388,12.2731],[109.0367,12.2673],[109.0361,12.264],[109.0331,12.2641],[109.029,12.2664],[109.0255,12.2707],[109.0211,12.2711],[109.0198,12.2701],[109.0144,12.2735],[109.0121,12.2766],[109.0114,12.2823],[109.0086,12.285],[109.003,12.285],[108.9989,12.2859],[108.9939,12.2812],[108.9933,12.2794],[108.9911,12.2784],[108.9893,12.2795],[108.9882,12.2821],[108.9853,12.2852],[108.982,12.2856],[108.9789,12.2842],[108.9761,12.2849],[108.9729,12.282],[108.9683,12.2848],[108.9619,12.2838],[108.9605,12.281],[108.9565,12.2812],[108.9551,12.2874],[108.955,12.2921],[108.9523,12.2935],[108.9497,12.2924],[108.9477,12.2894],[108.9427,12.2884],[108.9435,12.2994],[108.9433,12.303],[108.9447,12.3034],[108.946,12.3062],[108.9495,12.3116],[108.9516,12.3134],[108.9491,12.3157],[108.9436,12.3171],[108.9406,12.3169],[108.9367,12.3152],[108.9344,12.3163],[108.9364,12.3187],[108.9355,12.3239],[108.9335,12.3257],[108.9331,12.3285],[108.9341,12.3335],[108.937,12.3342],[108.9379,12.3366],[108.9401,12.338],[108.946,12.3366],[108.9512,12.3373],[108.9632,12.354],[108.9672,12.3562],[108.971,12.3525],[108.9751,12.3529],[108.9777,12.3469],[108.9749,12.3423],[108.9765,12.3386],[108.9794,12.3366],[108.9871,12.3353],[108.9899,12.3376],[108.9963,12.3372],[108.9994,12.3392],[109.0015,12.3392],[109.0031,12.341],[109.0058,12.3401],[109.0087,12.3415],[109.0106,12.3438],[109.0164,12.3454],[109.0195,12.3468],[109.0201,12.349],[109.0313,12.3567],[109.0337,12.3565],[109.0433,12.3587],[109.0475,12.3638],[109.0496,12.3734],[109.0523,12.376],[109.0542,12.3793],[109.0608,12.3827],[109.0626,12.3846],[109.0636,12.3878],[109.065,12.3892]]]},"properties":{"name":"Diên Lâm","level":"ward"}},{"type":"Feature","geometry":{"type":"Polygon","coordinates":[[[108.9757,12.1769],[108.9741,12.1809],[108.9718,12.1825],[108.9708,12.185],[108.9708,12.1889],[108.9673,12.1916],[108.9635,12.1985],[108.9593,12.2117],[108.9573,12.2125],[108.9581,12.2148],[108.9558,12.2174],[108.9535,12.2184],[108.9524,12.2217],[108.9556,12.2364],[108.9595,12.2398],[108.962,12.2412],[108.9614,12.2527],[108.96,12.2527],[108.9579,12.2578],[108.9591,12.2587],[108.9589,12.2622],[108.9617,12.2631],[108.9623,12.2654],[108.9604,12.2685],[108.9584,12.2701],[108.9568,12.2734],[108.9609,12.279],[108.9605,12.281],[108.9619,12.2838],[108.9683,12.2848],[108.9729,12.282],[108.9761,12.2849],[108.9789,12.2842],[108.982,12.2856],[108.9853,12.2852],[108.9882,12.2821],[108.9893,12.2795],[108.9911,12.2784],[108.9933,12.2794],[108.9939,12.2812],[108.9989,12.2859],[109.003,12.285],[109.0086,12.285],[109.0114,12.2823],[109.0121,12.2766],[109.0144,12.2735],[109.0198,12.2701],[109.0211,12.2711],[109.0255,12.2707],[109.029,12.2664],[109.0331,12.2641],[109.0361,12.264],[109.0367,12.2673],[109.0388,12.2731],[109.0412,12.2756],[109.0454,12.2768],[109.0486,12.2764],[109.0529,12.2728],[109.0548,12.2694],[109.0604,12.2631],[109.0577,12.2592],[109.0561,12.2582],[109.0562,12.256],[109.0508,12.2538],[109.0486,12.2547],[109.0444,12.2542],[109.0399,12.2517],[109.0362,12.2518],[109.0335,12.2491],[109.0311,12.2483],[109.0264,12.2453],[109.0205,12.2402],[109.0183,12.2395],[109.0148,12.236],[109.0114,12.2351],[109.0108,12.2269],[109.0122,12.2243],[109.0116,12.2194],[109.016,12.2186],[109.021,12.2211],[109.0126,12.2058],[109.0098,12.2049],[109.0067,12.1981],[109.0009,12.1966],[108.996,12.1933],[108.9909,12.1917],[108.9901,12.1875],[108.9867,12.1862],[108.9871,12.1843],[108.9862,12.1816],[108.9874,12.1779],[108.9867,12.1749],[108.9849,12.1715],[108.9807,12.1741],[108.979,12.1739],[108.9757,12.1769]]]},"properties":{"name":"Diên Thọ","level":"ward"}},{"type":"Feature","geometry":{"type":"Polygon","coordinates":[[[109.085,12.2613],[109.0888,12.2599],[109.0868,12.2571],[109.0922,12.252],[109.0976,12.2526],[109.0962,12.242],[109.0951,12.2405],[109.0943,12.2363],[109.0923,12.2388],[109.08,12.2355],[109.0812,12.2382],[109.08,12.2416],[109.0768,12.2433],[109.0724,12.241],[109.0723,12.2443],[109.0693,12.2439],[109.0669,12.2446],[109.0631,12.2424],[109.061,12.2421],[109.0595,12.2389],[109.0531,12.2394],[109.0474,12.2405],[109.044,12.2402],[109.043,12.2435],[109.0376,12.2414],[109.0344,12.2409],[109.035,12.2373],[109.0321,12.2357],[109.0305,12.2372],[109.0148,12.236],[109.0183,12.2395],[109.0205,12.2402],[109.0264,12.2453],[109.0311,12.2483],[109.0335,12.2491],[109.0362,12.2518],[109.0399,12.2517],[109.0444,12.2542],[109.0486,12.2547],[109.0508,12.2538],[109.0562,12.256],[109.0561,12.2582],[109.0577,12.2592],[109.0604,12.2631],[109.0625,12.2618],[109.0671,12.2614],[109.0705,12.2632],[109.0721,12.2645],[109.0764,12.2651],[109.085,12.2613]]]},"properties":{"name":"Diên Lạc","level":"ward"}},{"type":"Feature","geometry":{"type":"Polygon","coordinates":[[[109.0943,12.2363],[109.0938,12.2343],[109.0966,12.2338],[109.0983,12.2275],[109.0997,12.2267],[109.1005,12.2222],[109.1029,12.22],[109.1034,12.2174],[109.1057,12.2176],[109.1074,12.2161],[109.1114,12.2169],[109.1131,12.2132],[109.113,12.2117],[109.1107,12.2096],[109.1077,12.2088],[109.1063,12.2061],[109.1055,12.2013],[109.0992,12.2007],[109.0972,12.2032],[109.0929,12.203],[109.0882,12.1964],[109.087,12.1954],[109.0848,12.1975],[109.0802,12.1986],[109.0787,12.2005],[109.0768,12.2009],[109.0739,12.2068],[109.074,12.2092],[109.0715,12.2094],[109.0706,12.2075],[109.0667,12.2032],[109.0657,12.2012],[109.0632,12.2005],[109.0603,12.2056],[109.0566,12.2019],[109.0544,12.2018],[109.0549,12.1952],[109.0542,12.1898],[109.0518,12.19],[109.0506,12.1882],[109.0481,12.1877],[109.0465,12.1861],[109.0428,12.186],[109.0404,12.1843],[109.0389,12.1848],[109.0351,12.1833],[109.0311,12.1835],[109.026,12.1817],[109.023,12.1791],[109.0194,12.1818],[109.017,12.186],[109.0149,12.1865],[109.0116,12.1842],[109.0074,12.1843],[109.0056,12.182],[108.9995,12.1794],[108.9971,12.1717],[108.9972,12.1675],[108.9958,12.1664],[108.9902,12.1672],[108.9878,12.1702],[108.9849,12.1715],[108.9867,12.1749],[108.9874,12.1779],[108.9862,12.1816],[108.9871,12.1843],[108.9867,12.1862],[108.9901,12.1875],[108.9909,12.1917],[108.996,12.1933],[109.0009,12.1966],[109.0067,12.1981],[109.0098,12.2049],[109.0126,12.2058],[109.021,12.2211],[109.016,12.2186],[109.0116,12.2194],[109.0122,12.2243],[109.0108,12.2269],[109.0114,12.2351],[109.0148,12.236],[109.0305,12.2372],[109.0321,12.2357],[109.035,12.2373],[109.0344,12.2409],[109.0376,12.2414],[109.043,12.2435],[109.044,12.2402],[109.0474,12.2405],[109.0531,12.2394],[109.0595,12.2389],[109.061,12.2421],[109.0631,12.2424],[109.0669,12.2446],[109.0693,12.2439],[109.0723,12.2443],[109.0724,12.241],[109.0768,12.2433],[109.08,12.2416],[109.0812,12.2382],[109.08,12.2355],[109.0923,12.2388],[109.0943,12.2363]]]},"properties":{"name":"Suối Hiệp","level":"ward"}},{"type":"Feature","geometry":{"type":"Polygon","coordinates":[[[109.1172,12.2131],[109.1178,12.2094],[109.1148,12.2041],[109.1157,12.2007],[109.12,12.1959],[109.1198,12.194],[109.122,12.1876],[109.1254,12.1865],[109.1288,12.1839],[109.1337,12.1826],[109.1335,12.1777],[109.1371,12.1741],[109.1383,12.1738],[109.1394,12.1708],[109.1448,12.1616],[109.1489,12.1607],[109.1514,12.1554],[109.1563,12.1537],[109.1603,12.1534],[109.1607,12.1502],[109.1635,12.1495],[109.1651,12.1479],[109.1645,12.1416],[109.1655,12.1396],[109.1635,12.1379],[109.1622,12.1349],[109.1631,12.1322],[109.1673,12.1288],[109.1673,12.1271],[109.1643,12.123],[109.1652,12.119],[109.1578,12.1192],[109.1558,12.12],[109.1531,12.1232],[109.1423,12.1277],[109.1396,12.1274],[109.1395,12.1256],[109.1356,12.1252],[109.1359,12.1281],[109.1349,12.1296],[109.1362,12.1316],[109.1352,12.1362],[109.1293,12.1399],[109.1267,12.1371],[109.1236,12.1375],[109.1197,12.1354],[109.1155,12.1373],[109.1137,12.1459],[109.111,12.1445],[109.1077,12.1441],[109.1058,12.1451],[109.0991,12.1513],[109.0983,12.1557],[109.0978,12.1623],[109.0998,12.168],[109.0997,12.1732],[109.0981,12.1734],[109.0917,12.1707],[109.0848,12.1701],[109.0813,12.1704],[109.0756,12.1675],[109.0743,12.1657],[109.069,12.1645],[109.0587,12.1616],[109.0569,12.162],[109.0577,12.1575],[109.0601,12.1505],[109.0622,12.1464],[109.0673,12.1386],[109.0704,12.1351],[109.0792,12.1264],[109.0755,12.1264],[109.0701,12.1212],[109.0662,12.12],[109.0652,12.117],[109.0611,12.1159],[109.0534,12.1166],[109.0485,12.112],[109.0466,12.107],[109.0438,12.1073],[109.0383,12.1042],[109.0373,12.1017],[109.0329,12.1004],[109.0299,12.0968],[109.0273,12.0923],[109.0245,12.0927],[109.0218,12.0949],[109.0214,12.0964],[109.0167,12.0979],[109.0151,12.0937],[109.0162,12.0899],[109.0161,12.0869],[109.0091,12.0867],[109.006,12.0899],[109.0059,12.0926],[109.0039,12.0975],[109.0014,12.1006],[108.9996,12.105],[108.9994,12.109],[108.9978,12.1124],[108.992,12.1077],[108.9918,12.106],[108.9881,12.1023],[108.988,12.1009],[108.984,12.098],[108.9818,12.0952],[108.9805,12.095],[108.9768,12.0924],[108.9707,12.0871],[108.9693,12.0845],[108.9676,12.0845],[108.9661,12.0816],[108.9618,12.0801],[108.96,12.078],[108.9568,12.0775],[108.9531,12.0746],[108.9493,12.0749],[108.9462,12.0761],[108.9454,12.0784],[108.9431,12.0831],[108.9451,12.0848],[108.9438,12.0894],[108.9438,12.0941],[108.9417,12.098],[108.9404,12.1023],[108.9421,12.1106],[108.9441,12.1155],[108.9475,12.1195],[108.9566,12.1223],[108.9593,12.1252],[108.961,12.1286],[108.961,12.1335],[108.9604,12.136],[108.9625,12.1422],[108.9647,12.1447],[108.9654,12.1476],[108.9685,12.15],[108.9662,12.1535],[108.9648,12.1574],[108.966,12.1594],[108.9701,12.1595],[108.9743,12.1629],[108.9727,12.167],[108.9734,12.1732],[108.9757,12.1769],[108.979,12.1739],[108.9807,12.1741],[108.9849,12.1715],[108.9878,12.1702],[108.9902,12.1672],[108.9958,12.1664],[108.9972,12.1675],[108.9971,12.1717],[108.9995,12.1794],[109.0056,12.182],[109.0074,12.1843],[109.0116,12.1842],[109.0149,12.1865],[109.017,12.186],[109.0194,12.1818],[109.023,12.1791],[109.026,12.1817],[109.0311,12.1835],[109.0351,12.1833],[109.0389,12.1848],[109.0404,12.1843],[109.0428,12.186],[109.0465,12.1861],[109.0481,12.1877],[109.0506,12.1882],[109.0518,12.19],[109.0542,12.1898],[109.0549,12.1952],[109.0544,12.2018],[109.0566,12.2019],[109.0603,12.2056],[109.0632,12.2005],[109.0657,12.2012],[109.0667,12.2032],[109.0706,12.2075],[109.0715,12.2094],[109.074,12.2092],[109.0739,12.2068],[109.0768,12.2009],[109.0787,12.2005],[109.0802,12.1986],[109.0848,12.1975],[109.087,12.1954],[109.0882,12.1964],[109.0929,12.203],[109.0972,12.2032],[109.0992,12.2007],[109.1055,12.2013],[109.1063,12.2061],[109.1077,12.2088],[109.1107,12.2096],[109.113,12.2117],[109.1131,12.2132],[109.116,12.2141],[109.1172,12.2131]]]},"properties":{"name":"Suối Dầu","level":"ward"}},{"type":"Feature","geometry":{"type":"Polygon","coordinates":[[[108.9454,12.0784],[108.944,12.0758],[108.9405,12.0762],[108.9371,12.0756],[108.9404,12.0707],[108.9403,12.0688],[108.9378,12.0625],[108.9399,12.0608],[108.9417,12.0564],[108.9417,12.0544],[108.9442,12.0515],[108.9447,12.0461],[108.9464,12.0449],[108.9458,12.0413],[108.9435,12.0366],[108.9447,12.0331],[108.9412,12.0285],[108.9416,12.0266],[108.9404,12.0242],[108.9433,12.0213],[108.9447,12.0222],[108.9478,12.0216],[108.9495,12.0182],[108.9508,12.0133],[108.9502,12.0115],[108.9517,12.0094],[108.9514,12.0067],[108.9559,12.0044],[108.9564,12.0022],[108.9549,11.9997],[108.9529,11.999],[108.9511,11.9969],[108.9513,11.993],[108.9528,11.9908],[108.953,11.9872],[108.952,11.9852],[108.9523,11.9772],[108.9475,11.9745],[108.9416,11.9685],[108.9395,11.9672],[108.9363,11.9666],[108.9322,11.9706],[108.9247,11.9752],[108.92,11.9766],[108.9185,11.9764],[108.9147,11.9735],[108.9105,11.9756],[108.9071,11.9756],[108.9041,11.9788],[108.9014,11.9801],[108.9002,11.9775],[108.8993,11.9724],[108.901,11.9656],[108.902,11.9644],[108.9018,11.9613],[108.9027,11.9589],[108.9027,11.9548],[108.9009,11.9523],[108.9004,11.9496],[108.8933,11.9474],[108.89,11.9484],[108.8876,11.9533],[108.8806,11.9577],[108.8807,11.9602],[108.8753,11.9583],[108.8723,11.9591],[108.8697,11.9641],[108.8672,11.9655],[108.8651,11.9678],[108.8682,11.9743],[108.8707,11.9774],[108.8717,11.9877],[108.8696,11.9938],[108.8651,11.9981],[108.8653,12.0012],[108.8692,12.0054],[108.8725,12.0083],[108.8746,12.008],[108.8775,12.009],[108.8814,12.0137],[108.8817,12.0156],[108.8795,12.0199],[108.8777,12.0219],[108.8795,12.0259],[108.8821,12.0274],[108.8809,12.0297],[108.8834,12.0378],[108.8852,12.0392],[108.8793,12.0462],[108.8795,12.0479],[108.8772,12.0518],[108.8801,12.0523],[108.8826,12.0542],[108.8858,12.0542],[108.8904,12.06],[108.8944,12.0633],[108.8962,12.0672],[108.8987,12.0676],[108.9042,12.0711],[108.902,12.0751],[108.9015,12.08],[108.9019,12.0823],[108.9011,12.0855],[108.9007,12.092],[108.9021,12.0937],[108.907,12.095],[108.9106,12.0937],[108.911,12.0916],[108.919,12.0885],[108.9255,12.0875],[108.9307,12.0886],[108.9325,12.0931],[108.9312,12.0964],[108.931,12.0996],[108.9355,12.1011],[108.9377,12.1005],[108.9404,12.1023],[108.9417,12.098],[108.9438,12.0941],[108.9438,12.0894],[108.9451,12.0848],[108.9431,12.0831],[108.9454,12.0784]]]},"properties":{"name":"Khánh Sơn","level":"ward"}},{"type":"Feature","geometry":{"type":"Polygon","coordinates":[[[108.8358,12.1394],[108.8362,12.1351],[108.8392,12.1234],[108.8415,12.1172],[108.8452,12.1149],[108.8485,12.1143],[108.8543,12.1102],[108.8599,12.1124],[108.8623,12.1075],[108.8661,12.1063],[108.8678,12.1047],[108.8727,12.1046],[108.8743,12.1062],[108.8781,12.108],[108.8812,12.1068],[108.8844,12.0982],[108.8888,12.0961],[108.8929,12.0978],[108.8967,12.098],[108.9007,12.092],[108.9011,12.0855],[108.9019,12.0823],[108.9015,12.08],[108.902,12.0751],[108.9042,12.0711],[108.8987,12.0676],[108.8962,12.0672],[108.8944,12.0633],[108.8904,12.06],[108.8858,12.0542],[108.8826,12.0542],[108.8801,12.0523],[108.8772,12.0518],[108.8795,12.0479],[108.8793,12.0462],[108.8852,12.0392],[108.8834,12.0378],[108.8809,12.0297],[108.8821,12.0274],[108.8795,12.0259],[108.8777,12.0219],[108.8795,12.0199],[108.8817,12.0156],[108.8814,12.0137],[108.8775,12.009],[108.8746,12.008],[108.8725,12.0083],[108.8692,12.0054],[108.8653,12.0012],[108.8651,11.9981],[108.8696,11.9938],[108.8717,11.9877],[108.8707,11.9774],[108.8682,11.9743],[108.8651,11.9678],[108.8605,11.9669],[108.8565,11.9652],[108.8515,11.9639],[108.8494,11.9659],[108.8492,11.9732],[108.8483,11.9769],[108.8453,11.9799],[108.8479,11.9844],[108.8525,11.9884],[108.8557,11.9904],[108.8577,11.9949],[108.857,11.9969],[108.8583,12.0002],[108.858,12.003],[108.8565,12.0065],[108.8572,12.0081],[108.8558,12.0175],[108.8465,12.0193],[108.8434,12.0209],[108.8351,12.022],[108.8231,12.0312],[108.819,12.0379],[108.8194,12.0393],[108.8167,12.0405],[108.8124,12.0408],[108.8082,12.042],[108.807,12.0443],[108.8046,12.0455],[108.8008,12.0445],[108.8024,12.0513],[108.8041,12.0513],[108.8044,12.055],[108.8081,12.0585],[108.8068,12.0627],[108.8027,12.07],[108.8009,12.0715],[108.8022,12.0738],[108.8023,12.0768],[108.8009,12.0806],[108.7993,12.0824],[108.7992,12.0853],[108.7976,12.0868],[108.795,12.0874],[108.7937,12.0942],[108.7969,12.0955],[108.7965,12.1008],[108.7936,12.1023],[108.794,12.1055],[108.7928,12.1084],[108.7926,12.1122],[108.7898,12.1134],[108.7876,12.1197],[108.7844,12.121],[108.7836,12.126],[108.7854,12.1307],[108.7855,12.1343],[108.7866,12.1369],[108.7868,12.1403],[108.7883,12.1421],[108.7873,12.1457],[108.7883,12.1498],[108.7903,12.1553],[108.7902,12.1596],[108.795,12.1597],[108.798,12.1603],[108.8011,12.1582],[108.8049,12.1576],[108.809,12.1538],[108.8142,12.1527],[108.8154,12.151],[108.8154,12.1463],[108.8169,12.1445],[108.8173,12.1403],[108.8237,12.1359],[108.8257,12.1357],[108.8308,12.1368],[108.8358,12.1394]]]},"properties":{"name":"Tây Khánh Sơn","level":"ward"}},{"type":"Feature","geometry":{"type":"Polygon","coordinates":[[[109.0059,11.9605],[109.0035,11.9543],[109.0009,11.9512],[109.0006,11.9493],[109.002,11.9449],[109.0028,11.9402],[109.0022,11.9377],[109.0025,11.9343],[109.0003,11.9316],[109.0006,11.9289],[109.0047,11.9231],[108.9973,11.921],[108.9966,11.9193],[108.992,11.9187],[108.9891,11.9151],[108.9847,11.9158],[108.9821,11.9153],[108.9786,11.9173],[108.9707,11.9179],[108.9642,11.9227],[108.9637,11.9243],[108.9555,11.9259],[108.9543,11.9303],[108.9528,11.9332],[108.9507,11.9339],[108.9496,11.936],[108.9462,11.9381],[108.941,11.9361],[108.9382,11.9383],[108.933,11.937],[108.9304,11.9404],[108.9249,11.9413],[108.9208,11.9449],[108.9201,11.9498],[108.9148,11.9525],[108.9099,11.9503],[108.9079,11.9477],[108.9055,11.9501],[108.902,11.949],[108.9004,11.9496],[108.9009,11.9523],[108.9027,11.9548],[108.9027,11.9589],[108.9018,11.9613],[108.902,11.9644],[108.901,11.9656],[108.8993,11.9724],[108.9002,11.9775],[108.9014,11.9801],[108.9041,11.9788],[108.9071,11.9756],[108.9105,11.9756],[108.9147,11.9735],[108.9185,11.9764],[108.92,11.9766],[108.9247,11.9752],[108.9322,11.9706],[108.9363,11.9666],[108.9395,11.9672],[108.9416,11.9685],[108.9475,11.9745],[108.9523,11.9772],[108.952,11.9852],[108.953,11.9872],[108.9528,11.9908],[108.9513,11.993],[108.9511,11.9969],[108.9529,11.999],[108.9549,11.9997],[108.9564,12.0022],[108.9559,12.0044],[108.9514,12.0067],[108.9517,12.0094],[108.9502,12.0115],[108.9508,12.0133],[108.9495,12.0182],[108.9478,12.0216],[108.9447,12.0222],[108.9433,12.0213],[108.9404,12.0242],[108.9416,12.0266],[108.9412,12.0285],[108.9447,12.0331],[108.9435,12.0366],[108.9458,12.0413],[108.9464,12.0449],[108.9447,12.0461],[108.9442,12.0515],[108.9417,12.0544],[108.9417,12.0564],[108.9399,12.0608],[108.9378,12.0625],[108.9403,12.0688],[108.9404,12.0707],[108.9371,12.0756],[108.9405,12.0762],[108.944,12.0758],[108.947,12.0733],[108.9523,12.0711],[108.955,12.0719],[108.9613,12.07],[108.9642,12.0712],[108.9667,12.0709],[108.9717,12.0725],[108.9755,12.0708],[108.9769,12.069],[108.9795,12.0694],[108.9829,12.0677],[108.9844,12.0639],[108.9904,12.0608],[108.9944,12.0564],[108.9963,12.0563],[109.0001,12.0522],[109.0017,12.0497],[109.0037,12.0492],[109.0056,12.0466],[109.0056,12.0428],[109.003,12.039],[108.993,12.0338],[108.993,12.0313],[108.9956,12.027],[109.0019,12.027],[109.0031,12.0242],[109.0025,12.0174],[109.0008,12.0139],[109.0062,12.0099],[109.0078,12.0067],[109.0029,11.9982],[109.0034,11.9922],[109.0046,11.9905],[109.0041,11.9885],[109.0051,11.986],[109.0073,11.9833],[109.0071,11.9788],[109.0055,11.974],[109.0056,11.971],[109.0037,11.9652],[109.0059,11.9605]]]},"properties":{"name":"Đông Khánh Sơn","level":"ward"}},{"type":"Feature","geometry":{"type":"MultiPolygon","coordinates":[[[[114.8657,7.1963],[114.8478,7.1838],[114.8264,7.1927],[114.8246,7.2106],[114.8425,7.2391],[114.8603,7.2481],[114.8728,7.2409],[114.8728,7.2177],[114.8657,7.1963]]],[[[113.8433,7.3877],[113.8243,7.3809],[113.8167,7.3818],[113.8099,7.3787],[113.7978,7.3802],[113.7925,7.3893],[113.797,7.4044],[113.8114,7.4165],[113.822,7.424],[113.8348,7.4271],[113.8432,7.424],[113.8469,7.4187],[113.8514,7.3958],[113.8433,7.3877]]],[[[109.9424,7.539],[109.9615,7.5257],[109.9501,7.5085],[109.9272,7.5104],[109.8643,7.5257],[109.7918,7.5371],[109.7232,7.5314],[109.6641,7.5104],[109.6012,7.4666],[109.5001,7.316],[109.4734,7.3236],[109.4779,7.3431],[109.5542,7.4557],[109.6232,7.5284],[109.6959,7.5611],[109.794,7.5684],[109.8922,7.5575],[109.9424,7.539]]],[[[114.9995,7.48],[114.9835,7.4765],[114.962,7.4818],[114.9531,7.5015],[114.9549,7.5211],[114.9835,7.5318],[115.0067,7.5336],[115.0245,7.5229],[115.0245,7.5032],[115.0138,7.4872],[114.9995,7.48]]],[[[111.585,7.5258],[111.5508,7.5116],[111.5394,7.5287],[111.5451,7.5715],[111.5736,7.6114],[111.6079,7.62],[111.6221,7.5972],[111.6107,7.5686],[111.585,7.5258]]],[[[114.7104,7.58],[114.6836,7.5604],[114.6676,7.5657],[114.6658,7.5853],[114.6747,7.6103],[114.689,7.621],[114.7122,7.6228],[114.7247,7.6175],[114.7283,7.6014],[114.7104,7.58]]],[[[113.9266,7.6433],[113.9316,7.6397],[113.938,7.6397],[113.9445,7.6404],[113.9509,7.6361],[113.953,7.6269],[113.9473,7.6162],[113.938,7.6112],[113.9259,7.6076],[113.9188,7.6104],[113.9088,7.6161],[113.9059,7.6197],[113.903,7.6261],[113.907,7.6345],[113.9123,7.6404],[113.9188,7.6433],[113.9266,7.6433]]],[[[113.809,7.6045],[113.7924,7.6041],[113.7794,7.6066],[113.7698,7.6172],[113.7698,7.6288],[113.7762,7.6405],[113.791,7.6489],[113.8132,7.6521],[113.8281,7.6521],[113.8387,7.6426],[113.8408,7.6256],[113.8355,7.6161],[113.8228,7.6098],[113.809,7.6045]]],[[[111.6991,7.6428],[111.6706,7.6428],[111.6678,7.6799],[111.682,7.7112],[111.7134,7.7312],[111.7391,7.7255],[111.7448,7.6998],[111.7248,7.6628],[111.6991,7.6428]]],[[[110.508,7.7953],[110.4895,7.7792],[110.4664,7.7838],[110.4664,7.8045],[110.4872,7.8253],[110.501,7.8368],[110.5195,7.8322],[110.5264,7.8161],[110.508,7.7953]]],[[[112.9288,7.8987],[112.9354,7.8962],[112.9478,7.8995],[112.9569,7.8971],[112.9611,7.8855],[112.9553,7.8772],[112.9445,7.8764],[112.9379,7.8582],[112.9288,7.8507],[112.9205,7.8496],[112.9123,7.8524],[112.9056,7.8598],[112.9032,7.8747],[112.9032,7.8822],[112.9081,7.8896],[112.9139,7.8995],[112.923,7.902],[112.9288,7.8987]]],[[[110.0586,7.8494],[109.9886,7.8132],[109.9539,7.8173],[109.9291,7.8326],[109.9329,7.8593],[109.9359,7.8775],[109.9478,7.892],[109.9558,7.8955],[110.0141,7.937],[110.045,7.9568],[110.0644,7.9584],[110.0873,7.9451],[110.0911,7.9165],[110.079,7.8718],[110.0586,7.8494]]],[[[111.7448,7.9052],[111.7277,7.8795],[111.6877,7.8881],[111.6421,7.8596],[111.6278,7.8253],[111.5964,7.7597],[111.5679,7.7654],[111.548,7.794],[111.5508,7.8196],[111.5708,7.8453],[111.5993,7.871],[111.6193,7.9109],[111.6506,7.948],[111.6906,7.9451],[111.7334,7.9366],[111.7448,7.9052]]],[[[110.6478,7.987],[110.6154,7.9851],[110.6078,8.0156],[110.6192,8.0442],[110.6402,8.0442],[110.6478,7.987]]],[[[113.9615,7.9454],[113.9498,7.9443],[113.9371,7.9486],[113.9138,7.9613],[113.9011,7.9793],[113.8969,8.0036],[113.9001,8.0142],[113.9075,8.0216],[113.9234,8.0259],[113.9414,8.0237],[113.953,8.011],[113.9742,7.975],[113.9731,7.9623],[113.9689,7.9496],[113.9615,7.9454]]],[[[114.8957,7.9498],[114.8873,7.9488],[114.8841,7.9519],[114.8725,7.972],[114.8683,7.9888],[114.8725,8.0109],[114.8862,8.0193],[114.8968,8.0172],[114.9073,8.0109],[114.9157,7.9972],[114.9178,7.9741],[114.9136,7.9614],[114.9031,7.9593],[114.8957,7.9498]]],[[[112.0105,8.0524],[111.9931,8.0484],[111.9581,8.0524],[111.9299,8.0632],[111.9285,8.082],[111.9312,8.0968],[111.9487,8.1103],[111.981,8.1103],[112.0105,8.1022],[112.0213,8.0928],[112.024,8.0753],[112.0226,8.0659],[112.0105,8.0524]]],[[[113.3003,8.1364],[113.3031,8.1326],[113.3117,8.1326],[113.3188,8.1331],[113.325,8.1321],[113.3279,8.1283],[113.326,8.1207],[113.3222,8.1164],[113.3246,8.1112],[113.3241,8.1069],[113.3208,8.1021],[113.3141,8.1002],[113.3108,8.0936],[113.3103,8.0817],[113.3022,8.0784],[113.2941,8.0803],[113.2884,8.0831],[113.2861,8.088],[113.2879,8.095],[113.287,8.1012],[113.2832,8.105],[113.2841,8.1136],[113.2879,8.1179],[113.2893,8.1336],[113.2946,8.1355],[113.3003,8.1364]]],[[[110.5561,8.0931],[110.4955,8.0675],[110.4704,8.0743],[110.4535,8.14],[110.4762,8.1471],[110.5797,8.1851],[110.6021,8.1796],[110.5983,8.149],[110.5561,8.0931]]],[[[114.1272,8.0783],[114.1033,8.0783],[114.0937,8.0998],[114.1033,8.1142],[114.1177,8.1286],[114.1392,8.1262],[114.144,8.1022],[114.1272,8.0783]]],[[[114.8236,8.119],[114.8093,8.107],[114.7806,8.1142],[114.7734,8.1453],[114.7853,8.162],[114.8093,8.1668],[114.8212,8.1453],[114.8236,8.119]]],[[[114.6198,8.1731],[114.6206,8.1553],[114.6135,8.1382],[114.5864,8.1239],[114.5685,8.1201],[114.5393,8.1111],[114.5193,8.1125],[114.5107,8.1239],[114.5107,8.1339],[114.5236,8.1396],[114.5397,8.1426],[114.5408,8.1531],[114.5429,8.1636],[114.5587,8.1668],[114.5629,8.1636],[114.5713,8.1636],[114.5787,8.1742],[114.5913,8.1815],[114.6082,8.19],[114.6177,8.1847],[114.6198,8.1731]]],[[[114.747,8.1932],[114.7183,8.186],[114.6872,8.1884],[114.6681,8.2123],[114.68,8.2243],[114.704,8.2243],[114.7351,8.2123],[114.747,8.1932]]],[[[113.3836,8.2254],[113.3555,8.1773],[113.3331,8.1521],[113.3241,8.1426],[113.3203,8.145],[113.3193,8.1493],[113.3222,8.1583],[113.3265,8.1645],[113.3284,8.1716],[113.326,8.1797],[113.3227,8.183],[113.3146,8.1802],[113.3036,8.164],[113.287,8.1416],[113.2822,8.1326],[113.2793,8.1302],[113.276,8.1302],[113.2722,8.1312],[113.2713,8.1369],[113.2903,8.1712],[113.3017,8.1883],[113.315,8.203],[113.3208,8.2116],[113.3222,8.2202],[113.3284,8.2249],[113.3322,8.2316],[113.3322,8.2416],[113.3365,8.2463],[113.346,8.2468],[113.3531,8.2501],[113.356,8.2592],[113.3564,8.2687],[113.3545,8.2792],[113.3522,8.2844],[113.3541,8.2982],[113.3612,8.3125],[113.3683,8.3153],[113.3745,8.3153],[113.3826,8.3115],[113.3888,8.3006],[113.3907,8.2882],[113.3893,8.2406],[113.3836,8.2254]]],[[[115.2795,8.3226],[115.2538,8.3226],[115.2213,8.3345],[115.1934,8.3495],[115.1871,8.3705],[115.1871,8.3842],[115.199,8.3979],[115.2127,8.4047],[115.2316,8.4013],[115.2401,8.3842],[115.2675,8.3739],[115.2949,8.3551],[115.2932,8.3345],[115.2795,8.3226]]],[[[111.5044,8.5302],[111.4771,8.5219],[111.4664,8.5243],[111.4652,8.5314],[111.4688,8.5456],[111.4759,8.5528],[111.4902,8.5575],[111.5032,8.5599],[111.5127,8.5575],[111.5127,8.5468],[111.5044,8.5302]]],[[[115.2982,8.4961],[115.2746,8.4789],[115.2574,8.4982],[115.2574,8.524],[115.2724,8.5369],[115.2939,8.5326],[115.3025,8.5176],[115.2982,8.4961]]],[[[115.5605,8.4638],[115.5369,8.4617],[115.5218,8.466],[115.5089,8.4939],[115.5132,8.5176],[115.5261,8.5326],[115.5562,8.5326],[115.567,8.5133],[115.5691,8.4875],[115.5605,8.4638]]],[[[111.9256,8.6366],[111.9214,8.6371],[111.9171,8.6393],[111.9146,8.6422],[111.9135,8.6477],[111.9151,8.6517],[111.9174,8.6541],[111.9218,8.6561],[111.9253,8.6565],[111.9313,8.6548],[111.9343,8.6522],[111.9363,8.6476],[111.9361,8.6445],[111.9336,8.6401],[111.9297,8.6375],[111.9256,8.6366]]],[[[111.6811,8.6322],[111.6632,8.6308],[111.655,8.6346],[111.6467,8.6429],[111.6456,8.656],[111.6539,8.6678],[111.6657,8.6797],[111.6883,8.6832],[111.7084,8.6809],[111.7167,8.669],[111.7167,8.6548],[111.7001,8.6417],[111.6811,8.6322]]],[[[114.2482,8.7549],[114.2549,8.7311],[114.2549,8.7225],[114.2463,8.7206],[114.2406,8.734],[114.232,8.7425],[114.2244,8.7416],[114.2244,8.732],[114.2273,8.7216],[114.2263,8.714],[114.2149,8.714],[114.2025,8.7368],[114.193,8.7711],[114.193,8.7853],[114.1997,8.7939],[114.2063,8.7958],[114.2197,8.7977],[114.2349,8.7834],[114.2482,8.7549]]],[[[112.6333,8.8165],[112.599,8.8146],[112.5771,8.8156],[112.5645,8.8201],[112.5495,8.8317],[112.539,8.8422],[112.5428,8.8555],[112.5533,8.8574],[112.5723,8.8593],[112.5952,8.8641],[112.6066,8.8631],[112.6171,8.8546],[112.6342,8.8441],[112.6485,8.8365],[112.6532,8.826],[112.6333,8.8165]]],[[[112.2535,8.8403],[112.2421,8.8336],[112.2316,8.8374],[112.2193,8.8335],[112.2135,8.8422],[112.2107,8.8565],[112.2069,8.8641],[112.2059,8.8708],[112.2135,8.8736],[112.2278,8.8708],[112.2383,8.8631],[112.2602,8.8593],[112.2668,8.8536],[112.2659,8.8441],[112.2535,8.8403]]],[[[114.0046,8.7815],[113.9912,8.7815],[113.9741,8.7901],[113.957,8.8149],[113.9513,8.8301],[113.9532,8.8415],[113.9598,8.8453],[113.9693,8.8434],[113.976,8.831],[113.9817,8.8196],[113.9912,8.8111],[114.0008,8.8053],[114.0093,8.7977],[114.0093,8.7901],[114.0046,8.7815]]],[[[112.8705,8.8558],[112.8591,8.85],[112.841,8.8567],[112.8267,8.8662],[112.8229,8.8729],[112.8229,8.8824],[112.8286,8.8853],[112.8353,8.8872],[112.8515,8.8862],[112.8696,8.8776],[112.8753,8.8653],[112.8705,8.8558]]],[[[112.2889,8.8669],[112.2791,8.8626],[112.2616,8.8724],[112.2528,8.879],[112.2484,8.8899],[112.2638,8.9008],[112.2834,8.9063],[112.2933,8.9019],[112.2977,8.8877],[112.2966,8.8735],[112.2889,8.8669]]],[[[114.0483,8.7796],[114.0312,8.7777],[114.0217,8.7873],[114.0217,8.7987],[114.0198,8.8111],[114.01,8.8234],[114.0036,8.8367],[113.9912,8.8463],[113.9855,8.8501],[113.9789,8.8605],[113.9789,8.8672],[113.9846,8.8739],[113.9969,8.8748],[114.0131,8.8663],[114.0426,8.8425],[114.0493,8.8291],[114.0521,8.7996],[114.0483,8.7796]]],[[[113.9351,8.8406],[113.9227,8.8387],[113.9018,8.8567],[113.897,8.8701],[113.9018,8.8843],[113.9132,8.892],[113.9227,8.891],[113.9332,8.8834],[113.9351,8.872],[113.9341,8.8624],[113.9379,8.8558],[113.937,8.8491],[113.9351,8.8406]]],[[[112.3829,8.9174],[112.3668,8.9107],[112.3534,8.9136],[112.3442,8.9292],[112.342,8.9412],[112.3525,8.9469],[112.3668,8.9479],[112.3791,8.9479],[112.3886,8.9421],[112.3896,8.9317],[112.3829,8.9174]]],[[[114.6394,8.8643],[114.6299,8.8624],[114.6261,8.87],[114.6289,8.8843],[114.6365,8.8872],[114.6442,8.8929],[114.6442,8.9081],[114.6499,8.9205],[114.6613,8.931],[114.6803,8.9348],[114.6946,8.93],[114.6975,8.911],[114.687,8.891],[114.6727,8.872],[114.6556,8.8643],[114.6394,8.8643]]],[[[113.6752,8.9814],[113.6714,8.9719],[113.6591,8.9744],[113.6476,8.9757],[113.6448,8.9814],[113.6467,8.9881],[113.6591,8.99],[113.6695,8.989],[113.6752,8.9814]]],[[[113.719,8.9757],[113.7143,8.9691],[113.7028,8.97],[113.6976,8.9757],[113.7057,8.9814],[113.7133,8.989],[113.7257,8.9957],[113.7343,8.9938],[113.7362,8.9833],[113.7324,8.9767],[113.719,8.9757]]],[[[116.3081,8.8662],[116.2954,8.8586],[116.2776,8.8713],[116.2763,8.8853],[116.2852,8.9018],[116.3068,8.931],[116.3182,8.931],[116.3335,8.9208],[116.3347,8.9056],[116.3259,8.8942],[116.317,8.8904],[116.3106,8.8764],[116.3081,8.8662]]],[[[113.7305,9.0233],[113.7295,9.009],[113.7171,9.01],[113.6981,9.0166],[113.6943,9.0251],[113.6933,9.0338],[113.7,9.0404],[113.7105,9.0404],[113.7171,9.0319],[113.7257,9.03],[113.7305,9.0233]]],[[[113.6677,9.0048],[113.6565,9.0003],[113.6441,9.0008],[113.6352,9.0116],[113.6352,9.0216],[113.6475,9.0284],[113.6542,9.0384],[113.6609,9.0418],[113.6721,9.0396],[113.68,9.0317],[113.6789,9.0194],[113.6677,9.0048]]],[[[113.7069,9.1863],[113.699,9.1818],[113.6828,9.1849],[113.6688,9.1852],[113.6542,9.1941],[113.6531,9.2042],[113.6598,9.212],[113.6598,9.2244],[113.6654,9.2378],[113.6755,9.2389],[113.6912,9.2367],[113.708,9.221],[113.7035,9.2098],[113.7024,9.2008],[113.7069,9.1863]]],[[[116.4985,9.1646],[116.4909,9.1481],[116.4706,9.1494],[116.4516,9.1684],[116.4503,9.1811],[116.4592,9.1913],[116.4782,9.2001],[116.496,9.1989],[116.5011,9.1811],[116.4985,9.1646]]],[[[114.1892,9.3464],[114.1778,9.3464],[114.1678,9.3593],[114.165,9.3778],[114.1693,9.3893],[114.1821,9.395],[114.1978,9.3893],[114.2021,9.3736],[114.1992,9.3579],[114.1892,9.3464]]],[[[115.9672,9.2872],[115.9482,9.2813],[115.9292,9.293],[115.9218,9.3076],[115.9157,9.3264],[115.9175,9.3413],[115.9335,9.3471],[115.954,9.35],[115.9686,9.334],[115.9789,9.3091],[115.9672,9.2872]]],[[[115.4688,9.3247],[115.4478,9.3247],[115.4345,9.3419],[115.425,9.3609],[115.425,9.3971],[115.4326,9.4162],[115.4459,9.4162],[115.465,9.4086],[115.4783,9.38],[115.4821,9.3457],[115.4688,9.3247]]],[[[112.5611,9.5202],[112.5402,9.5202],[112.5245,9.5231],[112.517,9.5289],[112.5141,9.5376],[112.5141,9.5434],[112.5193,9.5533],[112.5327,9.5626],[112.5501,9.5661],[112.5635,9.5643],[112.5745,9.555],[112.5751,9.5393],[112.5728,9.5301],[112.5681,9.5237],[112.5611,9.5202]]],[[[112.8721,9.5356],[112.8653,9.5311],[112.8572,9.5315],[112.8555,9.5385],[112.8579,9.5434],[112.8648,9.5468],[112.8687,9.5478],[112.8726,9.5532],[112.8746,9.5591],[112.882,9.5616],[112.8883,9.5616],[112.8913,9.5562],[112.8888,9.5493],[112.8849,9.5434],[112.8771,9.5405],[112.8721,9.5356]]],[[[116.967,9.4122],[116.9302,9.4084],[116.9201,9.4147],[116.9168,9.436],[116.8997,9.4426],[116.8997,9.4579],[116.9137,9.4629],[116.9289,9.468],[116.9442,9.4718],[116.9632,9.4756],[116.9835,9.4718],[116.9937,9.4553],[116.9861,9.4376],[116.967,9.4122]]],[[[112.9075,9.5729],[112.9026,9.5709],[112.8977,9.5738],[112.8947,9.5802],[112.8937,9.5856],[112.8942,9.5905],[112.9001,9.5945],[112.906,9.5925],[112.9114,9.5866],[112.9104,9.5768],[112.9075,9.5729]]],[[[112.9657,9.6393],[112.955,9.635],[112.9465,9.6372],[112.9386,9.6329],[112.9372,9.6258],[112.9315,9.6143],[112.9179,9.6101],[112.9048,9.6086],[112.9015,9.6151],[112.9022,9.6222],[112.9072,9.6308],[112.9101,9.6343],[112.9265,9.6358],[112.9279,9.64],[112.9279,9.65],[112.9315,9.6543],[112.9365,9.655],[112.9443,9.655],[112.9479,9.6586],[112.9479,9.6607],[112.955,9.6672],[112.9607,9.6672],[112.965,9.66],[112.9664,9.6493],[112.9657,9.6393]]],[[[116.1952,9.5722],[116.1821,9.562],[116.1601,9.5649],[116.1514,9.5825],[116.1587,9.5956],[116.1718,9.6029],[116.1894,9.5986],[116.1982,9.5898],[116.1952,9.5722]]],[[[113.0186,9.6907],[113.0271,9.6843],[113.0314,9.685],[113.0357,9.6886],[113.0457,9.6772],[113.0557,9.6714],[113.0535,9.6593],[113.0492,9.6507],[113.0328,9.6486],[113.0207,9.655],[113.0093,9.6586],[113.0007,9.6579],[112.9857,9.66],[112.9814,9.6672],[112.9799,9.6718],[112.9779,9.68],[112.9864,9.6836],[112.99,9.6843],[112.9986,9.685],[113.0014,9.6893],[113.0121,9.6922],[113.0186,9.6907]]],[[[114.3028,9.702],[114.2873,9.6997],[114.2742,9.7056],[114.2635,9.7199],[114.2635,9.7282],[114.2659,9.7401],[114.2778,9.7413],[114.2873,9.7354],[114.3016,9.733],[114.3111,9.727],[114.3111,9.7139],[114.3028,9.702]]],[[[114.7144,9.7102],[114.7046,9.7053],[114.693,9.7084],[114.685,9.7139],[114.6807,9.7243],[114.6832,9.7335],[114.6911,9.7415],[114.7034,9.7433],[114.7151,9.7409],[114.7206,9.7341],[114.7206,9.7207],[114.7144,9.7102]]],[[[114.3621,9.7551],[114.3538,9.754],[114.349,9.7587],[114.349,9.7682],[114.3508,9.7742],[114.3562,9.7777],[114.3615,9.776],[114.3657,9.7706],[114.3621,9.7551]]],[[[114.4039,9.7826],[114.4,9.7826],[114.3964,9.7833],[114.3935,9.7855],[114.3903,9.7905],[114.3896,9.794],[114.3918,9.7969],[114.395,9.7987],[114.3989,9.7976],[114.4032,9.793],[114.4053,9.7898],[114.406,9.7851],[114.4039,9.7826]]],[[[114.2913,9.7524],[114.2829,9.75],[114.2753,9.7557],[114.2724,9.7614],[114.2638,9.7661],[114.2638,9.7776],[114.2648,9.7852],[114.261,9.7918],[114.2572,9.8023],[114.2572,9.8118],[114.2629,9.8185],[114.2743,9.8213],[114.2848,9.8166],[114.2905,9.8071],[114.2905,9.7966],[114.2981,9.789],[114.3019,9.7728],[114.301,9.7604],[114.2913,9.7524]]],[[[114.4678,9.8134],[114.4623,9.8123],[114.4557,9.8161],[114.454,9.8255],[114.4557,9.8304],[114.4634,9.8326],[114.47,9.8299],[114.4738,9.8255],[114.4722,9.8178],[114.4678,9.8134]]],[[[116.5929,9.7306],[116.5866,9.7252],[116.5776,9.7288],[116.5705,9.7368],[116.5565,9.745],[116.5579,9.7566],[116.5651,9.7628],[116.5803,9.7664],[116.5884,9.7566],[116.5956,9.7413],[116.5929,9.7306]]],[[[114.4918,9.8336],[114.487,9.8302],[114.4813,9.8321],[114.4794,9.8359],[114.4804,9.8407],[114.4842,9.8445],[114.4894,9.8436],[114.4918,9.8402],[114.4918,9.8336]]],[[[114.2711,9.8319],[114.267,9.8319],[114.2628,9.8355],[114.2604,9.842],[114.264,9.8497],[114.267,9.8545],[114.2759,9.8557],[114.2795,9.8503],[114.2789,9.8384],[114.2771,9.8337],[114.2711,9.8319]]],[[[115.8941,9.6526],[115.8795,9.6453],[115.8614,9.6497],[115.8531,9.6775],[115.8429,9.695],[115.8341,9.7126],[115.8385,9.7418],[115.8561,9.7652],[115.8561,9.7842],[115.8575,9.7974],[115.8751,9.8032],[115.9043,9.8076],[115.9145,9.793],[115.9262,9.7652],[115.9233,9.7199],[115.9028,9.6804],[115.9014,9.6673],[115.8941,9.6526]]],[[[114.5137,9.8428],[114.5088,9.8423],[114.503,9.8428],[114.4958,9.8515],[114.4946,9.8562],[114.4961,9.8605],[114.4995,9.864],[114.5048,9.8643],[114.516,9.8608],[114.5184,9.8559],[114.5192,9.8504],[114.5166,9.8454],[114.5137,9.8428]]],[[[114.2836,9.8612],[114.2793,9.8597],[114.275,9.8601],[114.2722,9.8669],[114.274,9.8704],[114.2783,9.8715],[114.2833,9.8704],[114.2843,9.8679],[114.2847,9.864],[114.2836,9.8612]]],[[[114.4138,9.8667],[114.4144,9.8616],[114.4102,9.8595],[114.3965,9.8586],[114.3897,9.8592],[114.3834,9.8625],[114.3849,9.8673],[114.3897,9.87],[114.3953,9.8694],[114.3995,9.8655],[114.4034,9.8673],[114.4075,9.8699],[114.412,9.8691],[114.4138,9.8667]]],[[[116.4369,9.7745],[116.419,9.7736],[116.402,9.7924],[116.4047,9.8041],[116.4118,9.8121],[116.4253,9.8166],[116.4396,9.813],[116.4513,9.8032],[116.4495,9.7826],[116.4369,9.7745]]],[[[114.3025,9.8676],[114.299,9.8661],[114.295,9.8676],[114.2922,9.8701],[114.2915,9.874],[114.2943,9.8808],[114.2958,9.8822],[114.2997,9.8829],[114.3032,9.8815],[114.3054,9.874],[114.3057,9.8697],[114.3025,9.8676]]],[[[116.4943,9.7853],[116.4862,9.7853],[116.4817,9.7888],[116.4817,9.796],[116.4782,9.8068],[116.471,9.8148],[116.4755,9.8229],[116.4844,9.8256],[116.4943,9.8229],[116.5122,9.8077],[116.5131,9.7987],[116.505,9.7897],[116.4943,9.7853]]],[[[114.5453,9.8732],[114.5418,9.8706],[114.5372,9.8709],[114.5331,9.8735],[114.5317,9.8773],[114.532,9.8854],[114.5331,9.8874],[114.5363,9.8874],[114.5395,9.8851],[114.5453,9.8773],[114.5453,9.8732]]],[[[114.3927,9.8765],[114.3888,9.8756],[114.3834,9.8777],[114.379,9.8813],[114.3778,9.8878],[114.3781,9.8934],[114.3831,9.8985],[114.3897,9.8985],[114.3933,9.8934],[114.3953,9.8857],[114.3938,9.8792],[114.3927,9.8765]]],[[[114.3421,9.8801],[114.3385,9.8798],[114.3341,9.8824],[114.3332,9.8845],[114.3344,9.8872],[114.3373,9.8887],[114.3385,9.8914],[114.3361,9.9027],[114.3382,9.9056],[114.3418,9.9053],[114.348,9.9027],[114.3507,9.8988],[114.3513,9.8934],[114.3492,9.8908],[114.3448,9.889],[114.3433,9.8866],[114.3433,9.883],[114.3421,9.8801]]],[[[114.6009,9.8857],[114.5956,9.8836],[114.591,9.8854],[114.589,9.888],[114.5878,9.8923],[114.5893,9.8972],[114.5928,9.9007],[114.5968,9.9007],[114.6026,9.899],[114.6052,9.8949],[114.6043,9.8903],[114.6009,9.8857]]],[[[114.4711,9.8866],[114.4628,9.8839],[114.4535,9.885],[114.4446,9.8888],[114.4419,9.8971],[114.443,9.9032],[114.4485,9.9065],[114.4595,9.9037],[114.4705,9.8993],[114.4744,9.8921],[114.4711,9.8866]]],[[[114.571,9.8845],[114.5655,9.8834],[114.5595,9.8836],[114.5528,9.8877],[114.5476,9.8961],[114.5476,9.9016],[114.5505,9.9065],[114.5557,9.9082],[114.56,9.9077],[114.5679,9.9016],[114.5719,9.8955],[114.5728,9.8886],[114.571,9.8845]]],[[[114.4964,9.8984],[114.4929,9.8944],[114.4888,9.8955],[114.4831,9.9004],[114.4825,9.9085],[114.4839,9.9158],[114.4871,9.9201],[114.4923,9.9219],[114.4967,9.9224],[114.499,9.9192],[114.5004,9.9126],[114.4996,9.9036],[114.4964,9.8984]]],[[[114.525,9.9164],[114.5224,9.9143],[114.5152,9.9152],[114.5129,9.9181],[114.5114,9.9253],[114.5137,9.9323],[114.5166,9.9352],[114.5207,9.9357],[114.5247,9.9346],[114.5273,9.9294],[114.5268,9.9213],[114.525,9.9164]]],[[[114.5768,9.9485],[114.5684,9.9453],[114.5609,9.9456],[114.5574,9.9476],[114.5548,9.9531],[114.5574,9.9586],[114.5644,9.9629],[114.5705,9.9638],[114.5789,9.9609],[114.5809,9.9569],[114.5809,9.9528],[114.5768,9.9485]]],[[[115.5371,9.8633],[115.5236,9.8599],[115.5089,9.8675],[115.5017,9.886],[115.5009,9.9012],[115.5017,9.9181],[115.5127,9.9299],[115.5363,9.9433],[115.5514,9.9374],[115.5514,9.9248],[115.5617,9.9114],[115.5743,9.9025],[115.5725,9.8828],[115.5617,9.8666],[115.5489,9.8633],[115.5371,9.8633]]],[[[114.5954,9.9641],[114.5916,9.9624],[114.5867,9.9644],[114.5844,9.969],[114.5858,9.9725],[114.5899,9.9737],[114.5936,9.9713],[114.5957,9.9673],[114.5954,9.9641]]],[[[114.6434,9.9281],[114.6303,9.9281],[114.6193,9.9364],[114.6196,9.9543],[114.6232,9.9673],[114.6149,9.9792],[114.6172,9.9959],[114.6386,9.9995],[114.6529,9.9983],[114.6636,9.9923],[114.672,9.9733],[114.6684,9.9459],[114.6565,9.9376],[114.6434,9.9281]]],[[[113.8689,9.9868],[113.8496,9.9784],[113.837,9.9809],[113.8319,9.991],[113.8344,10.0095],[113.8395,10.033],[113.8428,10.0532],[113.8424,10.0771],[113.8462,10.1079],[113.8538,10.118],[113.8613,10.1264],[113.8731,10.1281],[113.8841,10.1239],[113.8857,10.1096],[113.8891,10.0944],[113.8832,10.0801],[113.8807,10.0473],[113.874,10.0002],[113.8689,9.9868]]],[[[114.2712,10.1382],[114.2621,10.1354],[114.2417,10.1382],[114.2367,10.1516],[114.2367,10.1621],[114.2438,10.1727],[114.2522,10.1797],[114.2642,10.179],[114.2768,10.1741],[114.2803,10.1635],[114.2789,10.1523],[114.2712,10.1382]]],[[[116.0871,10.0693],[116.0666,10.0649],[116.0607,10.0824],[116.0476,10.0912],[116.0461,10.1058],[116.0637,10.1307],[116.0783,10.138],[116.0871,10.1292],[116.0973,10.1102],[116.0973,10.0868],[116.0871,10.0693]]],[[[114.3331,10.1586],[114.3218,10.1572],[114.3042,10.1642],[114.2979,10.1811],[114.3014,10.1903],[114.3085,10.198],[114.3148,10.2001],[114.3345,10.1952],[114.3429,10.1875],[114.3408,10.1706],[114.3331,10.1586]]],[[[117.3873,10.0663],[117.3766,10.0615],[117.3599,10.0639],[117.3504,10.0865],[117.3492,10.0996],[117.3564,10.1079],[117.3718,10.1115],[117.3849,10.1067],[117.392,10.0948],[117.3897,10.0758],[117.3873,10.0663]]],[[[114.4386,10.2142],[114.4294,10.2043],[114.4168,10.1952],[114.4041,10.1867],[114.39,10.1825],[114.3704,10.1811],[114.364,10.1868],[114.3605,10.1938],[114.3612,10.2036],[114.3626,10.2107],[114.3732,10.2149],[114.3858,10.2135],[114.3943,10.2177],[114.4104,10.2261],[114.4273,10.2303],[114.4365,10.2275],[114.44,10.2226],[114.4386,10.2142]]],[[[113.6291,10.2235],[113.6215,10.2227],[113.6154,10.2265],[113.5987,10.2424],[113.5995,10.2485],[113.6078,10.2591],[113.6162,10.2644],[113.6283,10.2614],[113.6374,10.2531],[113.6427,10.2462],[113.6419,10.2386],[113.6351,10.2311],[113.6291,10.2235]]],[[[115.3064,10.1631],[115.2946,10.1622],[115.2845,10.169],[115.2803,10.185],[115.2744,10.1934],[115.2769,10.2018],[115.2828,10.2145],[115.2989,10.2238],[115.3107,10.2246],[115.3258,10.2136],[115.3368,10.2044],[115.3402,10.1926],[115.3368,10.1808],[115.3292,10.1715],[115.3199,10.1656],[115.3064,10.1631]]],[[[115.3814,10.2271],[115.3705,10.2271],[115.357,10.2322],[115.3486,10.2457],[115.3486,10.2566],[115.3587,10.2617],[115.3747,10.2651],[115.3882,10.2583],[115.3907,10.2448],[115.389,10.2347],[115.3814,10.2271]]],[[[114.5666,10.2395],[114.5539,10.2374],[114.5448,10.2423],[114.5412,10.2514],[114.5426,10.2585],[114.5525,10.2669],[114.5764,10.2739],[114.5919,10.2803],[114.6017,10.288],[114.6116,10.2908],[114.6193,10.2894],[114.6263,10.2803],[114.6263,10.2718],[114.6165,10.2676],[114.6052,10.2641],[114.5989,10.2571],[114.5912,10.2507],[114.5799,10.2444],[114.5666,10.2395]]],[[[114.261,10.2241],[114.2476,10.2199],[114.2356,10.2239],[114.2341,10.241],[114.2417,10.2553],[114.2644,10.278],[114.2913,10.2973],[114.3064,10.3007],[114.3165,10.299],[114.3241,10.2931],[114.3233,10.2872],[114.3157,10.2729],[114.2921,10.2628],[114.282,10.2544],[114.277,10.2443],[114.2711,10.2342],[114.261,10.2241]]],[[[114.718,10.3073],[114.715,10.3037],[114.7094,10.3037],[114.7054,10.3047],[114.7024,10.3047],[114.6984,10.3],[114.6961,10.2964],[114.6935,10.2954],[114.6895,10.2974],[114.6895,10.302],[114.6862,10.3043],[114.6822,10.306],[114.6796,10.313],[114.6779,10.3256],[114.6779,10.3352],[114.6812,10.3425],[114.6865,10.3471],[114.6898,10.3527],[114.6918,10.359],[114.6948,10.363],[114.7034,10.3663],[114.7117,10.3663],[114.7299,10.3627],[114.7349,10.3597],[114.7362,10.3551],[114.7362,10.3484],[114.7356,10.3421],[114.7303,10.3372],[114.7283,10.3292],[114.7233,10.3169],[114.718,10.3073]]],[[[114.37,10.3746],[114.3653,10.3736],[114.3617,10.3756],[114.3574,10.377],[114.3564,10.3803],[114.3577,10.3839],[114.3647,10.3892],[114.3696,10.3905],[114.3739,10.3895],[114.3769,10.3872],[114.3756,10.3819],[114.37,10.3746]]],[[[114.4843,10.376],[114.4807,10.3756],[114.4777,10.3766],[114.476,10.3796],[114.4757,10.3849],[114.478,10.3895],[114.4816,10.3915],[114.4843,10.3915],[114.4883,10.3889],[114.4896,10.3856],[114.4893,10.3816],[114.487,10.3773],[114.4843,10.376]]],[[[114.4207,10.3885],[114.4174,10.3869],[114.4127,10.3879],[114.4104,10.3902],[114.4117,10.3948],[114.4164,10.3968],[114.4213,10.3948],[114.4227,10.3925],[114.4207,10.3885]]],[[[114.5834,10.4084],[114.5771,10.4084],[114.5718,10.4104],[114.5711,10.4151],[114.5754,10.4197],[114.5814,10.4217],[114.5884,10.421],[114.5917,10.42],[114.5923,10.4164],[114.5917,10.4127],[114.5884,10.4104],[114.5834,10.4084]]],[[[117.2874,10.3078],[117.2695,10.3078],[117.26,10.3197],[117.2576,10.3399],[117.2624,10.3566],[117.2719,10.3661],[117.2874,10.3637],[117.2981,10.3554],[117.304,10.3363],[117.3004,10.3185],[117.2874,10.3078]]],[[[116.523,10.3681],[116.5298,10.3545],[116.5616,10.3568],[116.6206,10.3636],[116.6433,10.3636],[116.6501,10.3477],[116.641,10.3341],[116.582,10.3114],[116.5116,10.3045],[116.4776,10.3091],[116.4617,10.3273],[116.4571,10.3522],[116.4685,10.3749],[116.4934,10.3999],[116.5116,10.4249],[116.5298,10.4317],[116.5434,10.4294],[116.5457,10.4158],[116.532,10.3931],[116.523,10.3681]]],[[[115.7225,10.4585],[115.7208,10.4484],[115.7106,10.4496],[115.7047,10.4538],[115.7011,10.4603],[115.7011,10.4704],[115.7047,10.4788],[115.7118,10.4806],[115.719,10.4776],[115.7214,10.471],[115.7225,10.4585]]],[[[115.766,10.4496],[115.7576,10.4466],[115.7493,10.449],[115.744,10.455],[115.7386,10.4704],[115.741,10.48],[115.7469,10.4812],[115.7612,10.48],[115.7755,10.477],[115.7791,10.4734],[115.7809,10.4639],[115.7761,10.455],[115.766,10.4496]]],[[[116.8637,10.474],[116.8558,10.4718],[116.8451,10.4725],[116.838,10.4782],[116.838,10.4847],[116.8451,10.4911],[116.8494,10.4975],[116.8565,10.4989],[116.8694,10.4989],[116.8751,10.4968],[116.8751,10.4904],[116.8729,10.4797],[116.8637,10.474]]],[[[115.7202,10.4954],[115.7059,10.4942],[115.6984,10.4949],[115.6904,10.4984],[115.6892,10.5055],[115.6916,10.5091],[115.697,10.5133],[115.697,10.5192],[115.6987,10.5258],[115.7053,10.5287],[115.7095,10.5323],[115.713,10.5395],[115.7214,10.543],[115.7291,10.5424],[115.7344,10.54],[115.738,10.5323],[115.738,10.5222],[115.7338,10.5174],[115.7273,10.5115],[115.7273,10.5014],[115.7202,10.4954]]],[[[115.7868,10.5139],[115.7791,10.5109],[115.7719,10.5139],[115.7559,10.5299],[115.7529,10.5406],[115.7559,10.546],[115.7624,10.5502],[115.7701,10.5484],[115.782,10.5389],[115.7868,10.5311],[115.7886,10.5216],[115.7868,10.5139]]],[[[116.7059,10.5175],[116.7102,10.5111],[116.7116,10.5047],[116.7095,10.4968],[116.7016,10.494],[116.6802,10.4932],[116.6681,10.4954],[116.6581,10.4947],[116.6488,10.4968],[116.6431,10.4997],[116.6417,10.5089],[116.646,10.5175],[116.6502,10.5218],[116.6595,10.5211],[116.6709,10.5182],[116.6852,10.5189],[116.6981,10.5204],[116.7059,10.5175]]],[[[117.2148,10.5909],[117.1958,10.5874],[117.1732,10.5933],[117.1732,10.6112],[117.1779,10.6219],[117.185,10.6254],[117.1934,10.6207],[117.2136,10.6017],[117.2148,10.5909]]],[[[115.8446,10.6415],[115.8361,10.6401],[115.8261,10.6437],[115.8225,10.6515],[115.8254,10.658],[115.8296,10.6637],[115.8325,10.6701],[115.8325,10.6751],[115.8368,10.6787],[115.8463,10.6788],[115.8539,10.6765],[115.8589,10.6687],[115.8539,10.6594],[115.8503,10.6551],[115.8503,10.6437],[115.8446,10.6415]]],[[[114.492,10.7034],[114.4799,10.6977],[114.4715,10.6994],[114.4636,10.697],[114.4565,10.7091],[114.4544,10.7133],[114.4558,10.7211],[114.4636,10.7226],[114.4686,10.7226],[114.4693,10.7296],[114.4742,10.7332],[114.4827,10.7311],[114.4834,10.7275],[114.4884,10.7233],[114.4969,10.719],[114.4948,10.7084],[114.492,10.7034]]],[[[117.6566,10.6296],[117.6447,10.6224],[117.6339,10.626],[117.6303,10.6344],[117.6363,10.6511],[117.653,10.6607],[117.6686,10.6583],[117.6686,10.6523],[117.6614,10.6403],[117.6566,10.6296]]],[[[115.8175,10.7151],[115.8111,10.7151],[115.7989,10.7251],[115.7961,10.7372],[115.7989,10.7465],[115.8047,10.7493],[115.8139,10.7479],[115.8246,10.74],[115.8289,10.7315],[115.8282,10.7222],[115.8225,10.7172],[115.8175,10.7151]]],[[[114.3651,10.6935],[114.343,10.6911],[114.3298,10.6917],[114.3233,10.6953],[114.3209,10.7162],[114.3209,10.7336],[114.3269,10.7419],[114.4326,10.7903],[114.45,10.7969],[114.4571,10.7945],[114.4619,10.7856],[114.4613,10.779],[114.4565,10.7736],[114.4147,10.7497],[114.3884,10.7348],[114.3759,10.7258],[114.3747,10.7139],[114.3747,10.7043],[114.3735,10.6983],[114.3651,10.6935]]],[[[114.5834,10.7608],[114.5792,10.7594],[114.5714,10.7623],[114.5629,10.7665],[114.5572,10.7731],[114.5551,10.7786],[114.5565,10.7864],[114.5622,10.7878],[114.5657,10.7942],[114.5693,10.7984],[114.5763,10.7991],[114.587,10.7956],[114.5969,10.7942],[114.6005,10.7913],[114.6026,10.785],[114.5969,10.7772],[114.5877,10.7772],[114.5834,10.7736],[114.5841,10.7694],[114.5834,10.7608]]],[[[117.2207,10.7206],[117.21,10.7123],[117.1958,10.7171],[117.1839,10.729],[117.1815,10.7397],[117.1874,10.748],[117.1981,10.748],[117.2148,10.7409],[117.2219,10.7313],[117.2207,10.7206]]],[[[117.3873,10.6742],[117.3433,10.6742],[117.279,10.6861],[117.2671,10.6945],[117.279,10.7242],[117.2981,10.7432],[117.3242,10.7504],[117.3683,10.7468],[117.404,10.7313],[117.4194,10.7123],[117.4218,10.6897],[117.417,10.6778],[117.3873,10.6742]]],[[[114.8725,10.8166],[114.8647,10.8154],[114.8575,10.8178],[114.8539,10.8238],[114.8533,10.831],[114.8533,10.8375],[114.8587,10.8411],[114.8665,10.8411],[114.8743,10.8346],[114.8761,10.8238],[114.8725,10.8166]]],[[[115.8304,10.8014],[115.8189,10.8012],[115.8118,10.8036],[115.8089,10.81],[115.8097,10.8164],[115.8154,10.8214],[115.8189,10.8264],[115.8189,10.8321],[115.8232,10.8357],[115.8318,10.8364],[115.8404,10.8321],[115.8432,10.8271],[115.8404,10.8214],[115.8411,10.8114],[115.8375,10.8029],[115.8304,10.8014]]],[[[115.8718,10.8343],[115.8632,10.8307],[115.8561,10.8336],[115.8453,10.845],[115.8439,10.8521],[115.8468,10.8585],[115.8546,10.86],[115.8646,10.8557],[115.8725,10.8464],[115.8739,10.84],[115.8718,10.8343]]],[[[114.5982,10.8591],[114.5928,10.8507],[114.5868,10.8435],[114.5784,10.8376],[114.5689,10.8376],[114.5551,10.8495],[114.5432,10.8549],[114.5294,10.8543],[114.5187,10.8489],[114.5121,10.8411],[114.5073,10.831],[114.4996,10.822],[114.4912,10.8154],[114.4822,10.8137],[114.478,10.8178],[114.4721,10.8358],[114.4721,10.8417],[114.5043,10.8668],[114.5181,10.8806],[114.5312,10.8866],[114.5438,10.8925],[114.5563,10.9039],[114.5677,10.9111],[114.5844,10.9134],[114.5952,10.9129],[114.6012,10.9039],[114.6024,10.8937],[114.5982,10.8591]]],[[[114.9442,10.8465],[114.9346,10.8423],[114.9215,10.8435],[114.9173,10.8519],[114.9161,10.8615],[114.9137,10.8674],[114.9161,10.8764],[114.9394,10.9105],[114.9478,10.9128],[114.9549,10.9122],[114.9633,10.9057],[114.9645,10.8967],[114.9591,10.88],[114.9543,10.8656],[114.9525,10.8573],[114.9442,10.8465]]],[[[114.0826,10.8874],[114.0735,10.8874],[114.0689,10.8935],[114.0684,10.9001],[114.0629,10.9072],[114.0543,10.9097],[114.0507,10.9173],[114.0598,10.9304],[114.071,10.9416],[114.0796,10.9451],[114.0902,10.9466],[114.1165,10.9406],[114.1206,10.937],[114.1246,10.9274],[114.1256,10.9147],[114.1211,10.9087],[114.1114,10.9067],[114.1104,10.8996],[114.1084,10.894],[114.1028,10.891],[114.0927,10.89],[114.0826,10.8874]]],[[[117.7933,10.7381],[117.7802,10.7357],[117.7635,10.7381],[117.7599,10.7716],[117.7646,10.7907],[117.7921,10.8218],[117.8029,10.8302],[117.8208,10.829],[117.8268,10.817],[117.828,10.7943],[117.8196,10.762],[117.8065,10.7489],[117.7933,10.7381]]],[[[114.2694,11.0278],[114.2629,11.0264],[114.2583,11.0311],[114.2601,11.0357],[114.262,11.038],[114.2675,11.0408],[114.274,11.0404],[114.2777,11.0376],[114.2764,11.032],[114.2694,11.0278]]],[[[114.1885,11.0343],[114.1771,11.0326],[114.1744,11.0378],[114.1759,11.0429],[114.1789,11.0449],[114.1835,11.0459],[114.1865,11.0489],[114.1885,11.0535],[114.1946,11.0545],[114.2002,11.0535],[114.2022,11.0413],[114.1946,11.0368],[114.1885,11.0343]]],[[[114.2417,11.0742],[114.2447,11.0672],[114.2427,11.0616],[114.226,11.0565],[114.215,11.0565],[114.2118,11.0621],[114.2128,11.0682],[114.2159,11.0732],[114.2214,11.0747],[114.2255,11.0717],[114.229,11.0753],[114.2356,11.0773],[114.2417,11.0742]]],[[[114.3307,11.0424],[114.313,11.0383],[114.3049,11.0409],[114.2994,11.0434],[114.2953,11.0525],[114.2983,11.0626],[114.314,11.0793],[114.3322,11.0935],[114.3398,11.094],[114.3469,11.0894],[114.3586,11.0743],[114.3601,11.0641],[114.3586,11.0586],[114.3307,11.0424]]],[[[115.044,11.0606],[115.034,11.0578],[115.0233,11.0606],[115.0169,11.0692],[115.0197,11.0856],[115.0276,11.0899],[115.0411,11.0885],[115.0476,11.0813],[115.0483,11.072],[115.044,11.0606]]],[[[114.7427,11.0249],[114.7163,11.0007],[114.7078,11.0014],[114.7035,11.0035],[114.7021,11.0156],[114.7128,11.0449],[114.7692,11.1156],[114.7777,11.1177],[114.792,11.1113],[114.7999,11.1099],[114.807,11.107],[114.807,11.1013],[114.8049,11.0935],[114.7999,11.0842],[114.7956,11.077],[114.7856,11.067],[114.7706,11.0471],[114.7599,11.0421],[114.7427,11.0249]]],[[[114.8291,11.1377],[114.8227,11.1363],[114.8091,11.1377],[114.7906,11.1413],[114.7849,11.1491],[114.7863,11.1541],[114.7934,11.1556],[114.8234,11.1556],[114.827,11.1527],[114.8306,11.1448],[114.8291,11.1377]]],[[[117.6925,11.0193],[117.6758,11.0193],[117.6626,11.0241],[117.6578,11.036],[117.6602,11.0492],[117.6698,11.0575],[117.6901,11.054],[117.7021,11.0408],[117.6985,11.0277],[117.6925,11.0193]]],[[[117.3004,11.0313],[117.2896,11.0301],[117.2741,11.036],[117.2693,11.0528],[117.2693,11.0647],[117.2789,11.0779],[117.2932,11.0803],[117.304,11.0755],[117.31,11.0552],[117.3076,11.036],[117.3004,11.0313]]],[[[117.0721,11.0516],[117.0673,11.0396],[117.0577,11.0432],[117.0422,11.0432],[117.035,11.0384],[117.0254,11.0552],[117.0207,11.0671],[117.0302,11.0815],[117.0386,11.0922],[117.0529,11.0922],[117.0661,11.0815],[117.0721,11.0695],[117.0721,11.0516]]],[[[117.4761,11.0707],[117.4642,11.0647],[117.451,11.0659],[117.4498,11.0779],[117.4606,11.091],[117.4785,11.097],[117.4893,11.0922],[117.4869,11.0803],[117.4761,11.0707]]],[[[114.5962,11.3136],[114.582,11.3085],[114.5763,11.3165],[114.5718,11.3199],[114.5706,11.3273],[114.5752,11.333],[114.5792,11.337],[114.5831,11.3421],[114.5871,11.3432],[114.5951,11.3381],[114.5991,11.3318],[114.6019,11.3239],[114.6013,11.3176],[114.5962,11.3136]]],[[[114.4066,11.4926],[114.4125,11.4922],[114.4154,11.4867],[114.4195,11.4749],[114.4226,11.465],[114.4222,11.4576],[114.4222,11.4503],[114.4191,11.4391],[114.4173,11.4297],[114.4123,11.4198],[114.4108,11.4141],[114.4103,11.41],[114.4079,11.4021],[114.4035,11.3962],[114.4013,11.3894],[114.3961,11.3826],[114.3862,11.3725],[114.3825,11.3753],[114.3755,11.3736],[114.3678,11.3707],[114.357,11.3679],[114.3452,11.3663],[114.3393,11.3637],[114.3355,11.363],[114.329,11.3628],[114.3171,11.3635],[114.3094,11.3619],[114.2994,11.3644],[114.2919,11.3668],[114.2847,11.3747],[114.2825,11.3817],[114.2818,11.3887],[114.2825,11.394],[114.2871,11.4036],[114.2897,11.4076],[114.2976,11.4137],[114.2989,11.4161],[114.3031,11.4198],[114.3083,11.4236],[114.3119,11.4271],[114.3127,11.4352],[114.3123,11.4398],[114.3176,11.4477],[114.3209,11.4521],[114.329,11.4578],[114.334,11.465],[114.3485,11.4762],[114.3559,11.4804],[114.3671,11.4819],[114.3726,11.4845],[114.3792,11.4858],[114.3844,11.4894],[114.3928,11.4909],[114.4011,11.4909],[114.4066,11.4926]]],[[[114.7402,11.436],[114.7356,11.4308],[114.722,11.4325],[114.7089,11.4382],[114.6981,11.453],[114.6924,11.4741],[114.6924,11.4883],[114.7015,11.4963],[114.7163,11.4991],[114.7288,11.4951],[114.7385,11.482],[114.743,11.4673],[114.7413,11.4473],[114.7402,11.436]]],[[[114.648,11.4252],[114.6338,11.4234],[114.6275,11.4263],[114.6224,11.4297],[114.6207,11.4394],[114.6213,11.449],[114.6235,11.4638],[114.6241,11.4752],[114.623,11.4963],[114.6201,11.515],[114.6201,11.5241],[114.6275,11.5276],[114.6497,11.5344],[114.6611,11.5321],[114.6673,11.527],[114.6668,11.5185],[114.6622,11.498],[114.6605,11.4701],[114.6554,11.4325],[114.648,11.4252]]]]},"properties":{"name":"Trường Sa","level":"ward"}},{"type":"Feature","geometry":{"type":"Polygon","coordinates":[[[108.9623,11.658],[108.9726,11.6473],[108.9676,11.6401],[108.9553,11.6236],[108.9619,11.62],[108.9639,11.6161],[108.9618,11.6132],[108.9667,11.6078],[108.9663,11.6038],[108.9669,11.5991],[108.9636,11.5972],[108.9579,11.5972],[108.954,11.5959],[108.9525,11.5932],[108.9492,11.5946],[108.9481,11.592],[108.9437,11.5933],[108.9402,11.5963],[108.9408,11.6006],[108.9395,11.6022],[108.9371,11.6027],[108.9344,11.601],[108.9307,11.6012],[108.9287,11.6024],[108.9267,11.6064],[108.9236,11.6106],[108.9204,11.6113],[108.9138,11.6107],[108.9109,11.6139],[108.9069,11.6168],[108.9037,11.6177],[108.8985,11.6169],[108.8953,11.6179],[108.8873,11.6249],[108.8817,11.628],[108.8799,11.6282],[108.8762,11.6271],[108.8741,11.6252],[108.871,11.6252],[108.8697,11.6278],[108.8706,11.6307],[108.872,11.6317],[108.8756,11.6373],[108.8808,11.6421],[108.8825,11.6452],[108.8884,11.6532],[108.8916,11.6551],[108.8931,11.6545],[108.8985,11.6608],[108.9017,11.6631],[108.9059,11.6684],[108.9132,11.672],[108.9162,11.6763],[108.9211,11.6823],[108.9477,11.6742],[108.9547,11.6661],[108.9623,11.658]]]},"properties":{"name":"Đô Vinh","level":"ward"}},{"type":"Feature","geometry":{"type":"Polygon","coordinates":[[[108.9402,11.5963],[108.9437,11.5933],[108.9481,11.592],[108.9492,11.5946],[108.9525,11.5932],[108.954,11.5959],[108.9579,11.5972],[108.9636,11.5972],[108.9669,11.5991],[108.9663,11.6038],[108.9667,11.6078],[108.9618,11.6132],[108.9639,11.6161],[108.9619,11.62],[108.967,11.6236],[108.9733,11.6168],[108.9762,11.6173],[108.9785,11.6203],[108.9829,11.6164],[108.987,11.6162],[108.9929,11.6133],[108.9941,11.6146],[108.9983,11.6096],[109.0036,11.6037],[108.9988,11.6047],[108.9955,11.6022],[108.9947,11.5972],[108.9963,11.5956],[108.9949,11.5919],[108.9961,11.5907],[108.9962,11.5862],[108.9877,11.5877],[108.9835,11.5768],[108.9811,11.5691],[108.9731,11.5712],[108.9704,11.5731],[108.9678,11.5774],[108.9648,11.5854],[108.9625,11.5879],[108.9563,11.5902],[108.9499,11.589],[108.9459,11.5833],[108.9428,11.5798],[108.9405,11.5815],[108.936,11.5831],[108.9366,11.5855],[108.9338,11.5894],[108.9309,11.59],[108.9298,11.5916],[108.933,11.5938],[108.9353,11.5917],[108.9375,11.5937],[108.9415,11.5932],[108.9402,11.5963]]]},"properties":{"name":"Bảo An","level":"ward"}},{"type":"Feature","geometry":{"type":"Polygon","coordinates":[[[108.9811,11.5691],[108.9835,11.5768],[108.9877,11.5877],[108.9962,11.5862],[109.0002,11.5845],[109.0009,11.5778],[109.0013,11.5747],[108.9981,11.5744],[108.9987,11.5693],[108.9982,11.5654],[109.001,11.5651],[109.0012,11.558],[109.0037,11.5575],[109.0066,11.5552],[109.0078,11.5528],[109.0065,11.5503],[109.0048,11.5505],[109.0032,11.5419],[108.9995,11.5434],[108.998,11.5451],[108.9964,11.549],[108.9939,11.5468],[108.9882,11.5502],[108.9837,11.5486],[108.9804,11.5487],[108.9807,11.5504],[108.9722,11.5503],[108.972,11.5525],[108.9742,11.5558],[108.9772,11.5584],[108.9773,11.5585],[108.9804,11.5539],[108.9841,11.5536],[108.9836,11.5582],[108.9851,11.5623],[108.9852,11.5656],[108.9831,11.5682],[108.9811,11.5691]]]},"properties":{"name":"Phan Rang","level":"ward"}},{"type":"Feature","geometry":{"type":"Polygon","coordinates":[[[109.0032,11.5419],[109.0048,11.5505],[109.0065,11.5503],[109.0078,11.5528],[109.0066,11.5552],[109.0037,11.5575],[109.0012,11.558],[109.001,11.5651],[108.9982,11.5654],[108.9987,11.5693],[108.9981,11.5744],[109.0013,11.5747],[109.0009,11.5778],[109.0073,11.5803],[109.0085,11.5786],[109.0146,11.5783],[109.0262,11.5752],[109.0251,11.5714],[109.0246,11.5671],[109.025,11.5629],[109.0273,11.5565],[109.0296,11.5531],[109.0324,11.5506],[109.0336,11.5485],[109.0304,11.5405],[109.028,11.5363],[109.025,11.5418],[109.0219,11.5442],[109.0177,11.5442],[109.0101,11.5428],[109.0057,11.5415],[109.0032,11.5419]]]},"properties":{"name":"Đông Hải","level":"ward"}},{"type":"Feature","geometry":{"type":"Polygon","coordinates":[[[108.7289,12.1626],[108.7304,12.1625],[108.7336,12.1586],[108.743,12.1566],[108.7491,12.1566],[108.7554,12.1551],[108.7575,12.1568],[108.7628,12.1579],[108.768,12.1531],[108.7714,12.1568],[108.7721,12.1614],[108.7748,12.1647],[108.7796,12.1647],[108.7826,12.1623],[108.7837,12.1596],[108.7855,12.1603],[108.7902,12.1596],[108.7903,12.1553],[108.7883,12.1498],[108.7873,12.1457],[108.7883,12.1421],[108.7868,12.1403],[108.7866,12.1369],[108.7855,12.1343],[108.7854,12.1307],[108.7836,12.126],[108.7844,12.121],[108.7876,12.1197],[108.7898,12.1134],[108.7926,12.1122],[108.7928,12.1084],[108.794,12.1055],[108.7936,12.1023],[108.7965,12.1008],[108.7969,12.0955],[108.7937,12.0942],[108.795,12.0874],[108.7976,12.0868],[108.7992,12.0853],[108.7993,12.0824],[108.8009,12.0806],[108.8023,12.0768],[108.8022,12.0738],[108.8009,12.0715],[108.8027,12.07],[108.8068,12.0627],[108.8081,12.0585],[108.8044,12.055],[108.8041,12.0513],[108.8024,12.0513],[108.8008,12.0445],[108.8046,12.0455],[108.807,12.0443],[108.8082,12.042],[108.8124,12.0408],[108.8167,12.0405],[108.8194,12.0393],[108.819,12.0379],[108.8231,12.0312],[108.8351,12.022],[108.8434,12.0209],[108.8465,12.0193],[108.8558,12.0175],[108.8572,12.0081],[108.8565,12.0065],[108.858,12.003],[108.8583,12.0002],[108.857,11.9969],[108.8577,11.9949],[108.8557,11.9904],[108.8525,11.9884],[108.8479,11.9844],[108.8453,11.9799],[108.8483,11.9769],[108.8492,11.9732],[108.8494,11.9659],[108.8515,11.9639],[108.8565,11.9652],[108.8605,11.9669],[108.8651,11.9678],[108.8639,11.9657],[108.8639,11.9524],[108.8629,11.9482],[108.8641,11.9443],[108.8639,11.941],[108.8625,11.9367],[108.8591,11.9319],[108.854,11.9294],[108.8525,11.9276],[108.8482,11.9277],[108.8469,11.927],[108.8439,11.9279],[108.8399,11.925],[108.8375,11.9247],[108.8363,11.9232],[108.8395,11.9105],[108.8383,11.9091],[108.8391,11.904],[108.8414,11.8997],[108.8379,11.899],[108.8358,11.8973],[108.8354,11.8955],[108.8303,11.8952],[108.83,11.8903],[108.8319,11.8885],[108.8304,11.886],[108.8261,11.8865],[108.8269,11.8832],[108.8256,11.8818],[108.8266,11.8798],[108.8296,11.8788],[108.8305,11.8764],[108.8209,11.8726],[108.8182,11.8709],[108.8209,11.862],[108.8214,11.8574],[108.8178,11.8551],[108.8151,11.8517],[108.8157,11.8477],[108.8126,11.8454],[108.8093,11.8462],[108.8067,11.8424],[108.8049,11.8414],[108.8022,11.838],[108.7996,11.8379],[108.8032,11.8343],[108.7995,11.8294],[108.8003,11.8266],[108.802,11.8255],[108.8006,11.8232],[108.7971,11.8273],[108.7927,11.8236],[108.7921,11.8217],[108.7912,11.8265],[108.789,11.8289],[108.784,11.8359],[108.7781,11.8411],[108.7742,11.8427],[108.7725,11.8445],[108.7731,11.8482],[108.7723,11.8508],[108.7696,11.8518],[108.768,11.8538],[108.7646,11.8555],[108.7614,11.8552],[108.759,11.859],[108.7576,11.8627],[108.7548,11.8638],[108.7536,11.8624],[108.7494,11.8618],[108.7488,11.8645],[108.7451,11.8638],[108.7427,11.8681],[108.7427,11.8725],[108.7418,11.8749],[108.7396,11.8761],[108.7357,11.882],[108.7314,11.8873],[108.7224,11.8997],[108.7098,11.919],[108.685,11.9215],[108.6802,11.9198],[108.6781,11.9182],[108.674,11.918],[108.6728,11.9155],[108.671,11.9154],[108.6659,11.9135],[108.664,11.9141],[108.6617,11.925],[108.6603,11.927],[108.6627,11.9278],[108.6622,11.9309],[108.6655,11.938],[108.6643,11.9406],[108.6639,11.9443],[108.6652,11.9462],[108.6636,11.9493],[108.6599,11.9507],[108.6603,11.9547],[108.6619,11.9575],[108.6618,11.9618],[108.6654,11.9672],[108.6806,11.9845],[108.6825,11.9903],[108.6853,11.9915],[108.683,12.003],[108.6799,12.0105],[108.6806,12.0133],[108.683,12.0182],[108.6859,12.0225],[108.6855,12.0253],[108.6912,12.0294],[108.6917,12.0326],[108.694,12.0409],[108.6969,12.0408],[108.6989,12.0421],[108.703,12.0412],[108.7096,12.0497],[108.7122,12.0583],[108.7115,12.0596],[108.7126,12.0626],[108.7102,12.0653],[108.7107,12.0682],[108.709,12.0691],[108.7076,12.0715],[108.7075,12.0758],[108.7092,12.0782],[108.7086,12.0799],[108.7062,12.0806],[108.7031,12.0863],[108.7052,12.0901],[108.7043,12.0931],[108.7013,12.0933],[108.6989,12.0966],[108.6994,12.0987],[108.6956,12.0998],[108.6939,12.105],[108.6916,12.1059],[108.6868,12.1104],[108.6854,12.1105],[108.6813,12.1165],[108.6783,12.1184],[108.6753,12.1186],[108.6732,12.1206],[108.6737,12.1229],[108.6775,12.122],[108.6807,12.1236],[108.6846,12.1271],[108.6857,12.1301],[108.6897,12.1286],[108.6932,12.1294],[108.6936,12.1324],[108.6948,12.1339],[108.6945,12.1367],[108.6968,12.1403],[108.6934,12.1461],[108.6988,12.1488],[108.7039,12.1502],[108.7053,12.1542],[108.7069,12.1553],[108.7132,12.1543],[108.7153,12.1552],[108.718,12.155],[108.7208,12.1534],[108.7217,12.1568],[108.7258,12.1563],[108.7278,12.1576],[108.7289,12.1626]]]},"properties":{"name":"Bác Ái Tây","level":"ward"}},{"type":"Feature","geometry":{"type":"Polygon","coordinates":[[[108.8651,11.9678],[108.8672,11.9655],[108.8697,11.9641],[108.8723,11.9591],[108.8753,11.9583],[108.8807,11.9602],[108.8806,11.9577],[108.8876,11.9533],[108.89,11.9484],[108.8891,11.9461],[108.8886,11.9399],[108.8861,11.9359],[108.8858,11.9322],[108.8842,11.9256],[108.8865,11.921],[108.8852,11.9182],[108.8837,11.9121],[108.8846,11.9098],[108.8881,11.909],[108.8918,11.9053],[108.891,11.9],[108.8912,11.895],[108.8891,11.8901],[108.8818,11.8798],[108.8758,11.8775],[108.876,11.8765],[108.8713,11.8735],[108.872,11.8698],[108.8707,11.8691],[108.8704,11.862],[108.868,11.8588],[108.8696,11.8532],[108.8734,11.8496],[108.8688,11.8391],[108.867,11.8373],[108.8693,11.8361],[108.8711,11.8337],[108.8711,11.8314],[108.873,11.8283],[108.8747,11.8241],[108.8733,11.8219],[108.8726,11.8184],[108.8738,11.8154],[108.8726,11.8118],[108.8758,11.8102],[108.877,11.8135],[108.8789,11.8141],[108.8804,11.8163],[108.8829,11.8171],[108.8839,11.8201],[108.888,11.8225],[108.8894,11.8188],[108.8938,11.8186],[108.8959,11.8158],[108.8979,11.8159],[108.907,11.8134],[108.9115,11.8146],[108.9134,11.8165],[108.9175,11.8179],[108.9244,11.8146],[108.9278,11.8158],[108.9304,11.8188],[108.9325,11.8177],[108.9333,11.8156],[108.9396,11.8115],[108.9415,11.8114],[108.9451,11.813],[108.9475,11.8051],[108.9455,11.8017],[108.9412,11.7997],[108.9389,11.7965],[108.9395,11.7957],[108.9375,11.7919],[108.9361,11.7913],[108.9349,11.7871],[108.9311,11.7824],[108.9294,11.7792],[108.919,11.7692],[108.9176,11.7669],[108.9143,11.7658],[108.9123,11.7667],[108.908,11.7635],[108.9042,11.7601],[108.9002,11.7597],[108.8989,11.7605],[108.894,11.7583],[108.8895,11.7584],[108.8846,11.757],[108.878,11.7512],[108.8773,11.749],[108.8752,11.7478],[108.8826,11.7358],[108.865,11.7403],[108.8622,11.7401],[108.8553,11.738],[108.8516,11.7384],[108.8479,11.7397],[108.8445,11.7417],[108.8383,11.7405],[108.8365,11.7396],[108.8197,11.7558],[108.8182,11.7575],[108.8152,11.7657],[108.8121,11.7686],[108.8059,11.7695],[108.8039,11.7746],[108.8052,11.7758],[108.8055,11.7791],[108.804,11.7822],[108.8022,11.7835],[108.7998,11.7868],[108.796,11.79],[108.7959,11.7923],[108.7972,11.7954],[108.7968,11.8003],[108.7984,11.805],[108.7956,11.8149],[108.7928,11.8178],[108.7921,11.8217],[108.7927,11.8236],[108.7971,11.8273],[108.8006,11.8232],[108.802,11.8255],[108.8003,11.8266],[108.7995,11.8294],[108.8032,11.8343],[108.7996,11.8379],[108.8022,11.838],[108.8049,11.8414],[108.8067,11.8424],[108.8093,11.8462],[108.8126,11.8454],[108.8157,11.8477],[108.8151,11.8517],[108.8178,11.8551],[108.8214,11.8574],[108.8209,11.862],[108.8182,11.8709],[108.8209,11.8726],[108.8305,11.8764],[108.8296,11.8788],[108.8266,11.8798],[108.8256,11.8818],[108.8269,11.8832],[108.8261,11.8865],[108.8304,11.886],[108.8319,11.8885],[108.83,11.8903],[108.8303,11.8952],[108.8354,11.8955],[108.8358,11.8973],[108.8379,11.899],[108.8414,11.8997],[108.8391,11.904],[108.8383,11.9091],[108.8395,11.9105],[108.8363,11.9232],[108.8375,11.9247],[108.8399,11.925],[108.8439,11.9279],[108.8469,11.927],[108.8482,11.9277],[108.8525,11.9276],[108.854,11.9294],[108.8591,11.9319],[108.8625,11.9367],[108.8639,11.941],[108.8641,11.9443],[108.8629,11.9482],[108.8639,11.9524],[108.8639,11.9657],[108.8651,11.9678]]]},"properties":{"name":"Bác Ái","level":"ward"}},{"type":"Feature","geometry":{"type":"Polygon","coordinates":[[[109.0047,11.9231],[109.0185,11.9109],[109.0347,11.91],[109.0471,11.8983],[109.0512,11.8833],[109.0582,11.8608],[109.0576,11.8559],[109.0561,11.853],[109.0544,11.8448],[109.0456,11.8458],[109.0401,11.84],[109.0373,11.8428],[109.0326,11.846],[109.0287,11.8443],[109.0136,11.8308],[109.0173,11.8242],[109.0162,11.8219],[109.0132,11.8189],[109.0052,11.8143],[109.0026,11.8113],[108.9991,11.809],[108.9963,11.8061],[108.9932,11.8039],[108.9898,11.7943],[108.9885,11.7919],[108.9888,11.789],[108.9903,11.786],[108.9898,11.785],[108.9766,11.7883],[108.9629,11.7919],[108.9475,11.8051],[108.9451,11.813],[108.9415,11.8114],[108.9396,11.8115],[108.9333,11.8156],[108.9325,11.8177],[108.9304,11.8188],[108.9278,11.8158],[108.9244,11.8146],[108.9175,11.8179],[108.9134,11.8165],[108.9115,11.8146],[108.907,11.8134],[108.8979,11.8159],[108.8959,11.8158],[108.8938,11.8186],[108.8894,11.8188],[108.888,11.8225],[108.8839,11.8201],[108.8829,11.8171],[108.8804,11.8163],[108.8789,11.8141],[108.877,11.8135],[108.8758,11.8102],[108.8726,11.8118],[108.8738,11.8154],[108.8726,11.8184],[108.8733,11.8219],[108.8747,11.8241],[108.873,11.8283],[108.8711,11.8314],[108.8711,11.8337],[108.8693,11.8361],[108.867,11.8373],[108.8688,11.8391],[108.8734,11.8496],[108.8696,11.8532],[108.868,11.8588],[108.8704,11.862],[108.8707,11.8691],[108.872,11.8698],[108.8713,11.8735],[108.876,11.8765],[108.8758,11.8775],[108.8818,11.8798],[108.8891,11.8901],[108.8912,11.895],[108.891,11.9],[108.8918,11.9053],[108.8881,11.909],[108.8846,11.9098],[108.8837,11.9121],[108.8852,11.9182],[108.8865,11.921],[108.8842,11.9256],[108.8858,11.9322],[108.8861,11.9359],[108.8886,11.9399],[108.8891,11.9461],[108.89,11.9484],[108.8933,11.9474],[108.9004,11.9496],[108.902,11.949],[108.9055,11.9501],[108.9079,11.9477],[108.9099,11.9503],[108.9148,11.9525],[108.9201,11.9498],[108.9208,11.9449],[108.9249,11.9413],[108.9304,11.9404],[108.933,11.937],[108.9382,11.9383],[108.941,11.9361],[108.9462,11.9381],[108.9496,11.936],[108.9507,11.9339],[108.9528,11.9332],[108.9543,11.9303],[108.9555,11.9259],[108.9637,11.9243],[108.9642,11.9227],[108.9707,11.9179],[108.9786,11.9173],[108.9821,11.9153],[108.9847,11.9158],[108.9891,11.9151],[108.992,11.9187],[108.9966,11.9193],[108.9973,11.921],[109.0047,11.9231]]]},"properties":{"name":"Bác Ái Đông","level":"ward"}},{"type":"Feature","geometry":{"type":"Polygon","coordinates":[[[108.7959,11.7923],[108.796,11.79],[108.7998,11.7868],[108.8022,11.7835],[108.804,11.7822],[108.8055,11.7791],[108.8052,11.7758],[108.8039,11.7746],[108.8059,11.7695],[108.8121,11.7686],[108.8152,11.7657],[108.8182,11.7575],[108.8197,11.7558],[108.815,11.7521],[108.8113,11.7527],[108.8094,11.7489],[108.8094,11.7446],[108.8086,11.7405],[108.8094,11.735],[108.811,11.7288],[108.8105,11.725],[108.8125,11.7162],[108.8124,11.7104],[108.8134,11.7083],[108.81,11.7073],[108.8072,11.7082],[108.8038,11.7118],[108.7995,11.7157],[108.794,11.7179],[108.7891,11.7178],[108.7872,11.7185],[108.7841,11.7176],[108.7793,11.721],[108.7765,11.7205],[108.7728,11.7185],[108.7712,11.7194],[108.7667,11.7196],[108.7622,11.7239],[108.7551,11.717],[108.7517,11.7174],[108.7494,11.7198],[108.7473,11.7247],[108.7439,11.724],[108.7387,11.7252],[108.7403,11.7276],[108.7353,11.73],[108.7371,11.7321],[108.7338,11.7339],[108.7297,11.7332],[108.7252,11.7346],[108.7219,11.7343],[108.7175,11.7329],[108.7171,11.7318],[108.72,11.7269],[108.7237,11.7231],[108.7205,11.7201],[108.7167,11.7192],[108.7146,11.7178],[108.7084,11.7177],[108.7044,11.7192],[108.7004,11.7197],[108.6992,11.7209],[108.6957,11.7215],[108.6939,11.7226],[108.6895,11.7328],[108.684,11.7371],[108.6669,11.7477],[108.6668,11.7504],[108.6652,11.7543],[108.6649,11.759],[108.6629,11.7615],[108.6633,11.7642],[108.6659,11.7672],[108.6713,11.7775],[108.6726,11.7832],[108.6745,11.783],[108.6767,11.7811],[108.6789,11.7811],[108.6829,11.7792],[108.6885,11.7798],[108.6916,11.7812],[108.6919,11.7825],[108.7162,11.7739],[108.7191,11.7756],[108.7256,11.7753],[108.7297,11.7781],[108.7384,11.7758],[108.7392,11.7742],[108.745,11.7733],[108.7476,11.7744],[108.7518,11.7734],[108.7538,11.7744],[108.7518,11.7784],[108.7554,11.7808],[108.762,11.7825],[108.7662,11.7828],[108.7686,11.7842],[108.7665,11.7868],[108.7679,11.7895],[108.7696,11.7893],[108.7735,11.7974],[108.779,11.7947],[108.7796,11.7904],[108.7814,11.7876],[108.7859,11.7897],[108.7859,11.7923],[108.7945,11.7927],[108.7959,11.7923]]]},"properties":{"name":"Ninh Sơn","level":"ward"}},{"type":"Feature","geometry":{"type":"Polygon","coordinates":[[[108.664,11.9141],[108.6659,11.9135],[108.671,11.9154],[108.6728,11.9155],[108.674,11.918],[108.6781,11.9182],[108.6802,11.9198],[108.685,11.9215],[108.7098,11.919],[108.7224,11.8997],[108.7314,11.8873],[108.7357,11.882],[108.7396,11.8761],[108.7418,11.8749],[108.7427,11.8725],[108.7427,11.8681],[108.7451,11.8638],[108.7488,11.8645],[108.7494,11.8618],[108.7536,11.8624],[108.7548,11.8638],[108.7576,11.8627],[108.759,11.859],[108.7614,11.8552],[108.7646,11.8555],[108.768,11.8538],[108.7696,11.8518],[108.7723,11.8508],[108.7731,11.8482],[108.7725,11.8445],[108.7742,11.8427],[108.7781,11.8411],[108.784,11.8359],[108.789,11.8289],[108.7912,11.8265],[108.7921,11.8217],[108.7928,11.8178],[108.7956,11.8149],[108.7984,11.805],[108.7968,11.8003],[108.7972,11.7954],[108.7959,11.7923],[108.7945,11.7927],[108.7859,11.7923],[108.7859,11.7897],[108.7814,11.7876],[108.7796,11.7904],[108.779,11.7947],[108.7735,11.7974],[108.7696,11.7893],[108.7679,11.7895],[108.7665,11.7868],[108.7686,11.7842],[108.7662,11.7828],[108.762,11.7825],[108.7554,11.7808],[108.7518,11.7784],[108.7538,11.7744],[108.7518,11.7734],[108.7476,11.7744],[108.745,11.7733],[108.7392,11.7742],[108.7384,11.7758],[108.7297,11.7781],[108.7256,11.7753],[108.7191,11.7756],[108.7162,11.7739],[108.6919,11.7825],[108.6916,11.7812],[108.6885,11.7798],[108.6829,11.7792],[108.6789,11.7811],[108.6767,11.7811],[108.6745,11.783],[108.6726,11.7832],[108.6696,11.7864],[108.6683,11.7889],[108.6644,11.7879],[108.6613,11.7894],[108.6571,11.7903],[108.6554,11.7925],[108.6464,11.7934],[108.6422,11.7932],[108.6366,11.7939],[108.6345,11.7958],[108.6314,11.7957],[108.6276,11.7995],[108.6233,11.801],[108.6194,11.8045],[108.6202,11.8096],[108.6255,11.8133],[108.6276,11.8191],[108.6255,11.822],[108.625,11.8259],[108.6258,11.8315],[108.6297,11.8315],[108.6303,11.8295],[108.633,11.829],[108.6342,11.8311],[108.6381,11.8304],[108.6431,11.8324],[108.6454,11.8346],[108.6486,11.8397],[108.6502,11.8407],[108.6532,11.8462],[108.6539,11.8532],[108.6515,11.8621],[108.6502,11.8639],[108.6525,11.8693],[108.6519,11.8727],[108.6555,11.8864],[108.6548,11.8913],[108.6532,11.8929],[108.6538,11.8961],[108.6558,11.8982],[108.6553,11.901],[108.6591,11.9037],[108.6609,11.9091],[108.664,11.9141]]]},"properties":{"name":"Lâm Sơn","level":"ward"}},{"type":"Feature","geometry":{"type":"Polygon","coordinates":[[[108.9623,11.658],[108.9547,11.6661],[108.9477,11.6742],[108.9211,11.6823],[108.9162,11.6763],[108.9132,11.672],[108.9059,11.6684],[108.9017,11.6631],[108.8985,11.6608],[108.8931,11.6545],[108.8916,11.6551],[108.8884,11.6532],[108.8825,11.6452],[108.8808,11.6421],[108.8756,11.6373],[108.872,11.6317],[108.8706,11.6307],[108.8714,11.6364],[108.8742,11.642],[108.8752,11.6456],[108.8746,11.6476],[108.8712,11.6523],[108.8679,11.6556],[108.8631,11.6547],[108.8609,11.6516],[108.8558,11.652],[108.8542,11.6506],[108.8497,11.651],[108.8484,11.6498],[108.8399,11.6504],[108.8374,11.6514],[108.8347,11.6493],[108.8334,11.6497],[108.8294,11.6473],[108.8248,11.6432],[108.824,11.64],[108.8209,11.6382],[108.817,11.6393],[108.8135,11.6385],[108.8064,11.639],[108.8047,11.6386],[108.8015,11.6412],[108.7806,11.6474],[108.7583,11.6493],[108.7584,11.6605],[108.763,11.6689],[108.7648,11.6707],[108.7871,11.6838],[108.8038,11.7118],[108.8072,11.7082],[108.81,11.7073],[108.8134,11.7083],[108.8124,11.7104],[108.8125,11.7162],[108.8105,11.725],[108.811,11.7288],[108.8094,11.735],[108.8086,11.7405],[108.8094,11.7446],[108.8094,11.7489],[108.8113,11.7527],[108.815,11.7521],[108.8197,11.7558],[108.8365,11.7396],[108.8383,11.7405],[108.8445,11.7417],[108.8479,11.7397],[108.8516,11.7384],[108.8553,11.738],[108.8622,11.7401],[108.865,11.7403],[108.8826,11.7358],[108.8752,11.7478],[108.8773,11.749],[108.878,11.7512],[108.8846,11.757],[108.8895,11.7584],[108.894,11.7583],[108.8989,11.7605],[108.9002,11.7597],[108.9042,11.7601],[108.908,11.7635],[108.9123,11.7667],[108.9143,11.7658],[108.9176,11.7669],[108.919,11.7692],[108.9294,11.7792],[108.9311,11.7824],[108.9349,11.7871],[108.9361,11.7913],[108.9375,11.7919],[108.9395,11.7957],[108.9389,11.7965],[108.9412,11.7997],[108.9455,11.8017],[108.9475,11.8051],[108.9629,11.7919],[108.9766,11.7883],[108.9898,11.785],[108.9908,11.7831],[108.9895,11.7791],[108.9831,11.7715],[108.9832,11.7685],[108.9807,11.7615],[108.9759,11.7573],[108.9709,11.7555],[108.9678,11.7535],[108.9887,11.7312],[108.9878,11.7292],[108.9827,11.7272],[108.981,11.7221],[108.9838,11.7201],[108.9917,11.7183],[108.9938,11.7191],[108.9943,11.7078],[108.9955,11.7039],[108.9993,11.6885],[108.9944,11.6845],[108.9923,11.6843],[108.9897,11.6816],[108.9875,11.6812],[108.9832,11.675],[108.9739,11.6696],[108.9706,11.6692],[108.963,11.6612],[108.9623,11.658]]]},"properties":{"name":"Mỹ Sơn","level":"ward"}},{"type":"Feature","geometry":{"type":"Polygon","coordinates":[[[108.6939,11.7226],[108.6957,11.7215],[108.6992,11.7209],[108.7004,11.7197],[108.7044,11.7192],[108.7084,11.7177],[108.7146,11.7178],[108.7167,11.7192],[108.7205,11.7201],[108.7237,11.7231],[108.72,11.7269],[108.7171,11.7318],[108.7175,11.7329],[108.7219,11.7343],[108.7252,11.7346],[108.7297,11.7332],[108.7338,11.7339],[108.7371,11.7321],[108.7353,11.73],[108.7403,11.7276],[108.7387,11.7252],[108.7439,11.724],[108.7473,11.7247],[108.7494,11.7198],[108.7517,11.7174],[108.7551,11.717],[108.7622,11.7239],[108.7667,11.7196],[108.7712,11.7194],[108.7728,11.7185],[108.7765,11.7205],[108.7793,11.721],[108.7841,11.7176],[108.7872,11.7185],[108.7891,11.7178],[108.794,11.7179],[108.7995,11.7157],[108.8038,11.7118],[108.7871,11.6838],[108.7648,11.6707],[108.763,11.6689],[108.7584,11.6605],[108.7583,11.6493],[108.7531,11.643],[108.7526,11.6395],[108.7484,11.6332],[108.7466,11.6325],[108.7433,11.6294],[108.7437,11.6234],[108.7404,11.6226],[108.7372,11.6199],[108.7359,11.6176],[108.7329,11.6148],[108.7339,11.5971],[108.7354,11.5934],[108.7344,11.5879],[108.7321,11.5857],[108.7307,11.5809],[108.7286,11.5784],[108.7296,11.5733],[108.7291,11.5706],[108.7264,11.5678],[108.7149,11.5457],[108.7138,11.5429],[108.7144,11.5408],[108.7131,11.5384],[108.7115,11.5386],[108.7081,11.5364],[108.7037,11.5348],[108.7015,11.5301],[108.6975,11.5288],[108.6936,11.525],[108.6928,11.5221],[108.6902,11.5162],[108.692,11.5124],[108.6916,11.5112],[108.6877,11.5073],[108.6866,11.5038],[108.6638,11.5007],[108.6589,11.5048],[108.6437,11.5507],[108.6268,11.553],[108.6217,11.5528],[108.6023,11.5544],[108.5824,11.5559],[108.5826,11.5592],[108.5781,11.5643],[108.5762,11.5701],[108.5742,11.573],[108.574,11.5749],[108.5718,11.5792],[108.5666,11.5814],[108.5552,11.5967],[108.5516,11.601],[108.5535,11.6064],[108.5522,11.6109],[108.5528,11.6164],[108.5539,11.6191],[108.5525,11.6201],[108.5533,11.624],[108.553,11.6315],[108.5541,11.6331],[108.5567,11.6334],[108.5593,11.6353],[108.5603,11.6372],[108.5604,11.6406],[108.5623,11.6425],[108.5676,11.6425],[108.5741,11.6394],[108.581,11.6418],[108.5849,11.6408],[108.5884,11.6448],[108.5946,11.6486],[108.599,11.6492],[108.6024,11.6479],[108.6066,11.6497],[108.6101,11.6495],[108.6198,11.6514],[108.6232,11.6501],[108.6246,11.6529],[108.6268,11.6549],[108.6311,11.6559],[108.6347,11.6581],[108.6454,11.6618],[108.6469,11.6632],[108.6502,11.6645],[108.6527,11.6642],[108.659,11.6688],[108.6633,11.6683],[108.6654,11.6659],[108.6687,11.6638],[108.6719,11.664],[108.6732,11.667],[108.6782,11.6694],[108.6796,11.6726],[108.6824,11.6753],[108.6842,11.6793],[108.6867,11.6828],[108.6866,11.6857],[108.6876,11.6886],[108.6915,11.6941],[108.6924,11.6976],[108.6974,11.6997],[108.7002,11.6988],[108.7007,11.7021],[108.6984,11.7045],[108.6958,11.7091],[108.695,11.7168],[108.6939,11.7226]]]},"properties":{"name":"Anh Dũng","level":"ward"}},{"type":"Feature","geometry":{"type":"Polygon","coordinates":[[[108.9962,11.5862],[108.9961,11.5907],[108.9949,11.5919],[108.9963,11.5956],[108.9947,11.5972],[108.9955,11.6022],[108.9988,11.6047],[109.0036,11.6037],[108.9983,11.6096],[109.0009,11.6111],[108.9979,11.6128],[108.9979,11.6149],[109.0027,11.6202],[109.0052,11.6247],[109.0083,11.6258],[109.0125,11.6254],[109.0149,11.6225],[109.0157,11.6195],[109.0176,11.6184],[109.0282,11.6226],[109.0324,11.6103],[109.0356,11.6043],[109.0395,11.6033],[109.042,11.6012],[109.0443,11.5975],[109.0457,11.5934],[109.0505,11.5886],[109.0416,11.5888],[109.0366,11.588],[109.0327,11.5852],[109.0301,11.5821],[109.0262,11.5752],[109.0146,11.5783],[109.0085,11.5786],[109.0073,11.5803],[109.0009,11.5778],[109.0002,11.5845],[108.9962,11.5862]]]},"properties":{"name":"Ninh Chử","level":"ward"}},{"type":"Feature","geometry":{"type":"Polygon","coordinates":[[[109.0582,11.8608],[109.0711,11.8406],[109.0755,11.8346],[109.0894,11.8258],[109.0924,11.8166],[109.1063,11.8098],[109.1078,11.8066],[109.1104,11.8075],[109.1157,11.803],[109.1278,11.8044],[109.1502,11.8065],[109.1687,11.8102],[109.1836,11.8121],[109.1855,11.8131],[109.195,11.8115],[109.1952,11.8098],[109.1911,11.8107],[109.1879,11.8106],[109.1855,11.8063],[109.1853,11.8015],[109.1857,11.7967],[109.1876,11.7888],[109.1889,11.7861],[109.1837,11.7824],[109.1801,11.7812],[109.1786,11.7794],[109.1708,11.7744],[109.1699,11.7732],[109.165,11.7703],[109.154,11.7648],[109.1515,11.765],[109.1487,11.7617],[109.1451,11.7597],[109.1439,11.7575],[109.1434,11.7509],[109.1424,11.7497],[109.1426,11.7463],[109.1396,11.7406],[109.1373,11.7412],[109.1349,11.7403],[109.1309,11.7332],[109.1284,11.7324],[109.1256,11.728],[109.1212,11.7355],[109.1134,11.7482],[109.1114,11.754],[109.1057,11.7673],[109.0857,11.7693],[109.0744,11.7629],[109.0542,11.7717],[109.0497,11.7759],[109.0459,11.7769],[109.0437,11.7798],[109.0408,11.7811],[109.0395,11.7835],[109.0364,11.7852],[109.0288,11.7846],[109.0252,11.7849],[109.0215,11.7877],[109.0191,11.7878],[109.0161,11.7899],[109.0134,11.7899],[109.0123,11.793],[109.0097,11.7942],[109.0052,11.7928],[109.0023,11.7934],[108.9986,11.793],[108.9942,11.7901],[108.9903,11.786],[108.9888,11.789],[108.9885,11.7919],[108.9898,11.7943],[108.9932,11.8039],[108.9963,11.8061],[108.9991,11.809],[109.0026,11.8113],[109.0052,11.8143],[109.0132,11.8189],[109.0162,11.8219],[109.0173,11.8242],[109.0136,11.8308],[109.0287,11.8443],[109.0326,11.846],[109.0373,11.8428],[109.0401,11.84],[109.0456,11.8458],[109.0544,11.8448],[109.0561,11.853],[109.0576,11.8559],[109.0582,11.8608]]]},"properties":{"name":"Công Hải","level":"ward"}},{"type":"Feature","geometry":{"type":"Polygon","coordinates":[[[109.1256,11.728],[109.1284,11.7324],[109.1309,11.7332],[109.1349,11.7403],[109.1373,11.7412],[109.1396,11.7406],[109.1426,11.7463],[109.1424,11.7497],[109.1434,11.7509],[109.1439,11.7575],[109.1451,11.7597],[109.1487,11.7617],[109.1515,11.765],[109.154,11.7648],[109.165,11.7703],[109.1699,11.7732],[109.1708,11.7744],[109.1786,11.7794],[109.1801,11.7812],[109.1837,11.7824],[109.1889,11.7861],[109.1919,11.7868],[109.1947,11.7853],[109.1996,11.7805],[109.2012,11.778],[109.2043,11.7751],[109.2103,11.773],[109.2121,11.7713],[109.2124,11.7678],[109.2145,11.7639],[109.2113,11.7606],[109.2121,11.7587],[109.2192,11.7544],[109.2223,11.7539],[109.2258,11.757],[109.2279,11.7557],[109.2278,11.7526],[109.2231,11.7508],[109.2213,11.7473],[109.2258,11.7454],[109.227,11.7472],[109.2304,11.7483],[109.2315,11.7395],[109.2312,11.736],[109.2326,11.7321],[109.2333,11.7274],[109.2317,11.7244],[109.2282,11.7209],[109.2247,11.7211],[109.2226,11.7201],[109.2215,11.7176],[109.2183,11.7172],[109.2169,11.7199],[109.2136,11.72],[109.2114,11.7192],[109.2106,11.7166],[109.2077,11.7168],[109.2064,11.7146],[109.2044,11.7166],[109.2046,11.7197],[109.2015,11.721],[109.1998,11.7235],[109.1995,11.7262],[109.1966,11.7246],[109.1984,11.7196],[109.2005,11.7189],[109.1989,11.716],[109.2002,11.7144],[109.1999,11.7115],[109.2011,11.7095],[109.2033,11.7083],[109.2024,11.7057],[109.1989,11.7058],[109.1967,11.7014],[109.1931,11.6989],[109.1937,11.6943],[109.1922,11.6924],[109.19,11.6926],[109.1877,11.6909],[109.1878,11.6883],[109.1898,11.685],[109.1892,11.6832],[109.1839,11.6798],[109.1831,11.678],[109.1783,11.6774],[109.1767,11.676],[109.1772,11.6712],[109.1732,11.6631],[109.1739,11.6599],[109.1726,11.6532],[109.174,11.6487],[109.1718,11.6458],[109.1702,11.639],[109.1684,11.6359],[109.1667,11.6277],[109.1671,11.6253],[109.1658,11.6217],[109.1621,11.6242],[109.1601,11.6246],[109.157,11.6237],[109.1522,11.6198],[109.1472,11.6106],[109.1466,11.6047],[109.1414,11.5938],[109.1393,11.5865],[109.1394,11.5837],[109.1376,11.5827],[109.1338,11.5823],[109.133,11.5793],[109.1299,11.5783],[109.1285,11.5754],[109.1294,11.5722],[109.1291,11.5695],[109.1306,11.5652],[109.1285,11.5629],[109.1264,11.5696],[109.1239,11.5729],[109.1182,11.5754],[109.113,11.5783],[109.1068,11.5795],[109.1024,11.582],[109.0978,11.5853],[109.0945,11.5868],[109.0903,11.5876],[109.0854,11.5874],[109.0775,11.5862],[109.0777,11.5884],[109.0768,11.5942],[109.0783,11.5965],[109.0757,11.5982],[109.0779,11.6012],[109.0792,11.6046],[109.0755,11.6059],[109.0776,11.6121],[109.0776,11.6165],[109.0802,11.624],[109.081,11.6285],[109.0794,11.631],[109.0785,11.6342],[109.0746,11.6351],[109.0752,11.6378],[109.0789,11.6393],[109.082,11.642],[109.0858,11.6404],[109.0907,11.6414],[109.1,11.6327],[109.101,11.6309],[109.1052,11.6307],[109.1105,11.6283],[109.1124,11.6289],[109.1146,11.6314],[109.1177,11.6323],[109.119,11.6339],[109.1219,11.6342],[109.1238,11.6371],[109.1278,11.641],[109.1306,11.6469],[109.1301,11.6496],[109.1281,11.6529],[109.1299,11.6632],[109.1289,11.6639],[109.1291,11.6683],[109.1265,11.6779],[109.127,11.6813],[109.1283,11.6831],[109.1281,11.6867],[109.1268,11.6884],[109.1265,11.694],[109.1255,11.6946],[109.1248,11.7],[109.1266,11.7064],[109.1281,11.7084],[109.1292,11.7119],[109.1292,11.7179],[109.1272,11.7197],[109.1271,11.7223],[109.1255,11.7236],[109.1256,11.728]]]},"properties":{"name":"Vĩnh Hải","level":"ward"}},{"type":"Feature","geometry":{"type":"Polygon","coordinates":[[[108.9898,11.785],[108.9903,11.786],[108.9942,11.7901],[108.9986,11.793],[109.0023,11.7934],[109.0052,11.7928],[109.0097,11.7942],[109.0123,11.793],[109.0134,11.7899],[109.0161,11.7899],[109.0191,11.7878],[109.0215,11.7877],[109.0252,11.7849],[109.0288,11.7846],[109.0364,11.7852],[109.0395,11.7835],[109.0408,11.7811],[109.0437,11.7798],[109.0459,11.7769],[109.0497,11.7759],[109.0542,11.7717],[109.0744,11.7629],[109.0857,11.7693],[109.1057,11.7673],[109.1114,11.754],[109.1134,11.7482],[109.1136,11.7442],[109.1136,11.7342],[109.1105,11.7296],[109.1083,11.7289],[109.1067,11.7266],[109.099,11.7229],[109.0979,11.7209],[109.0939,11.7171],[109.0845,11.7124],[109.0853,11.7063],[109.087,11.7036],[109.0916,11.6983],[109.0862,11.6928],[109.0727,11.6778],[109.0632,11.6895],[109.0594,11.69],[109.055,11.6925],[109.054,11.6943],[109.0515,11.6906],[109.0509,11.685],[109.0515,11.6838],[109.0501,11.6802],[109.0439,11.6741],[109.0425,11.6723],[109.0408,11.667],[109.0416,11.6639],[109.0405,11.6621],[109.0372,11.6627],[109.0335,11.6647],[109.0307,11.6671],[109.0278,11.6613],[109.0241,11.6638],[109.0218,11.6615],[109.0179,11.664],[109.0154,11.664],[109.0135,11.6656],[109.0107,11.6657],[109.0099,11.6683],[109.0055,11.6717],[109.0043,11.6746],[109.0047,11.6773],[109.0031,11.6803],[109.0029,11.6847],[108.9993,11.6885],[108.9955,11.7039],[108.9943,11.7078],[108.9938,11.7191],[108.9917,11.7183],[108.9838,11.7201],[108.981,11.7221],[108.9827,11.7272],[108.9878,11.7292],[108.9887,11.7312],[108.9678,11.7535],[108.9709,11.7555],[108.9759,11.7573],[108.9807,11.7615],[108.9832,11.7685],[108.9831,11.7715],[108.9895,11.7791],[108.9908,11.7831],[108.9898,11.785]]]},"properties":{"name":"Thuận Bắc","level":"ward"}},{"type":"Feature","geometry":{"type":"Polygon","coordinates":[[[109.0505,11.5886],[109.0457,11.5934],[109.0443,11.5975],[109.042,11.6012],[109.0395,11.6033],[109.0356,11.6043],[109.0324,11.6103],[109.0282,11.6226],[109.0326,11.6395],[109.0344,11.6437],[109.0339,11.6491],[109.035,11.651],[109.0344,11.655],[109.0369,11.6602],[109.0405,11.6621],[109.0416,11.6639],[109.0408,11.667],[109.0425,11.6723],[109.0439,11.6741],[109.0501,11.6802],[109.0515,11.6838],[109.0509,11.685],[109.0515,11.6906],[109.054,11.6943],[109.055,11.6925],[109.0594,11.69],[109.0632,11.6895],[109.0727,11.6778],[109.0862,11.6928],[109.0916,11.6983],[109.087,11.7036],[109.0853,11.7063],[109.0845,11.7124],[109.0939,11.7171],[109.0979,11.7209],[109.099,11.7229],[109.1067,11.7266],[109.1083,11.7289],[109.1105,11.7296],[109.1136,11.7342],[109.1136,11.7442],[109.1134,11.7482],[109.1212,11.7355],[109.1256,11.728],[109.1255,11.7236],[109.1271,11.7223],[109.1272,11.7197],[109.1292,11.7179],[109.1292,11.7119],[109.1281,11.7084],[109.1266,11.7064],[109.1248,11.7],[109.1255,11.6946],[109.1265,11.694],[109.1268,11.6884],[109.1281,11.6867],[109.1283,11.6831],[109.127,11.6813],[109.1265,11.6779],[109.1291,11.6683],[109.1289,11.6639],[109.1299,11.6632],[109.1281,11.6529],[109.1301,11.6496],[109.1306,11.6469],[109.1278,11.641],[109.1238,11.6371],[109.1219,11.6342],[109.119,11.6339],[109.1177,11.6323],[109.1146,11.6314],[109.1124,11.6289],[109.1105,11.6283],[109.1052,11.6307],[109.101,11.6309],[109.1,11.6327],[109.0907,11.6414],[109.0858,11.6404],[109.082,11.642],[109.0789,11.6393],[109.0752,11.6378],[109.0746,11.6351],[109.0785,11.6342],[109.0794,11.631],[109.081,11.6285],[109.0802,11.624],[109.0776,11.6165],[109.0776,11.6121],[109.0755,11.6059],[109.0792,11.6046],[109.0779,11.6012],[109.0757,11.5982],[109.0783,11.5965],[109.0768,11.5942],[109.0777,11.5884],[109.0775,11.5862],[109.0713,11.5828],[109.0668,11.5817],[109.0638,11.5818],[109.0592,11.584],[109.0562,11.5843],[109.0539,11.5833],[109.053,11.5867],[109.0505,11.5886]]]},"properties":{"name":"Ninh Hải","level":"ward"}},{"type":"Feature","geometry":{"type":"Polygon","coordinates":[[[108.9619,11.62],[108.9553,11.6236],[108.9676,11.6401],[108.9726,11.6473],[108.9623,11.658],[108.963,11.6612],[108.9706,11.6692],[108.9739,11.6696],[108.9832,11.675],[108.9875,11.6812],[108.9897,11.6816],[108.9923,11.6843],[108.9944,11.6845],[108.9993,11.6885],[109.0029,11.6847],[109.0031,11.6803],[109.0047,11.6773],[109.0043,11.6746],[109.0055,11.6717],[109.0099,11.6683],[109.0107,11.6657],[109.0135,11.6656],[109.0154,11.664],[109.0179,11.664],[109.0218,11.6615],[109.0241,11.6638],[109.0278,11.6613],[109.0307,11.6671],[109.0335,11.6647],[109.0372,11.6627],[109.0405,11.6621],[109.0369,11.6602],[109.0344,11.655],[109.035,11.651],[109.0339,11.6491],[109.0344,11.6437],[109.0326,11.6395],[109.0282,11.6226],[109.0176,11.6184],[109.0157,11.6195],[109.0149,11.6225],[109.0125,11.6254],[109.0083,11.6258],[109.0052,11.6247],[109.0027,11.6202],[108.9979,11.6149],[108.9979,11.6128],[109.0009,11.6111],[108.9983,11.6096],[108.9941,11.6146],[108.9929,11.6133],[108.987,11.6162],[108.9829,11.6164],[108.9785,11.6203],[108.9762,11.6173],[108.9733,11.6168],[108.967,11.6236],[108.9619,11.62]]]},"properties":{"name":"Xuân Hải","level":"ward"}},{"type":"Feature","geometry":{"type":"Polygon","coordinates":[[[108.9428,11.5798],[108.9459,11.5833],[108.9499,11.589],[108.9563,11.5902],[108.9625,11.5879],[108.9648,11.5854],[108.9678,11.5774],[108.9704,11.5731],[108.9731,11.5712],[108.9811,11.5691],[108.9831,11.5682],[108.9852,11.5656],[108.9851,11.5623],[108.9836,11.5582],[108.9841,11.5536],[108.9804,11.5539],[108.9773,11.5585],[108.9669,11.5605],[108.9644,11.5595],[108.9634,11.5567],[108.9619,11.5489],[108.9633,11.5442],[108.9599,11.5418],[108.9602,11.5391],[108.9677,11.5385],[108.9738,11.5349],[108.9773,11.535],[108.9789,11.5368],[108.9828,11.5365],[108.9854,11.5347],[108.9854,11.533],[108.9824,11.5306],[108.9831,11.5276],[108.982,11.526],[108.9826,11.521],[108.9841,11.52],[108.9837,11.5164],[108.9841,11.5132],[108.982,11.5088],[108.9821,11.5068],[108.9858,11.5081],[108.99,11.5077],[108.9876,11.5038],[108.9847,11.4952],[108.9844,11.4855],[108.9866,11.4828],[108.9859,11.4789],[108.9884,11.4759],[108.9889,11.4738],[108.9908,11.4727],[108.9898,11.4698],[108.9841,11.4698],[108.9812,11.4706],[108.9778,11.4702],[108.9712,11.468],[108.9715,11.4713],[108.9658,11.4762],[108.9636,11.4773],[108.9626,11.4755],[108.9618,11.4758],[108.9613,11.4757],[108.9573,11.4727],[108.9532,11.4763],[108.9519,11.4766],[108.9514,11.4766],[108.9477,11.4772],[108.9499,11.4819],[108.9532,11.4818],[108.9543,11.4831],[108.9529,11.4859],[108.9492,11.4867],[108.9473,11.488],[108.9481,11.4913],[108.9449,11.4929],[108.9443,11.4949],[108.9407,11.4946],[108.9379,11.4965],[108.9407,11.4976],[108.9403,11.4994],[108.936,11.4999],[108.9347,11.503],[108.9356,11.5055],[108.9323,11.5062],[108.9307,11.5081],[108.9274,11.5099],[108.9265,11.5089],[108.9208,11.5104],[108.9167,11.5123],[108.916,11.511],[108.9124,11.5123],[108.9111,11.5117],[108.9116,11.5153],[108.9133,11.5207],[108.9165,11.5239],[108.9151,11.5248],[108.9169,11.5282],[108.9165,11.5308],[108.9167,11.5379],[108.9156,11.5392],[108.9177,11.5413],[108.9172,11.5464],[108.9182,11.5566],[108.9284,11.5556],[108.9291,11.5536],[108.9312,11.5534],[108.9352,11.5512],[108.9369,11.559],[108.9363,11.5684],[108.9385,11.5753],[108.9428,11.5798]]]},"properties":{"name":"Ninh Phước","level":"ward"}},{"type":"Feature","geometry":{"type":"Polygon","coordinates":[[[108.8706,11.6307],[108.8697,11.6278],[108.871,11.6252],[108.8741,11.6252],[108.8762,11.6271],[108.8799,11.6282],[108.8817,11.628],[108.8873,11.6249],[108.8953,11.6179],[108.8985,11.6169],[108.9037,11.6177],[108.9069,11.6168],[108.9109,11.6139],[108.9138,11.6107],[108.9204,11.6113],[108.9236,11.6106],[108.9267,11.6064],[108.9287,11.6024],[108.9307,11.6012],[108.9344,11.601],[108.9371,11.6027],[108.9395,11.6022],[108.9408,11.6006],[108.9402,11.5963],[108.9415,11.5932],[108.9375,11.5937],[108.9353,11.5917],[108.933,11.5938],[108.9298,11.5916],[108.9309,11.59],[108.9338,11.5894],[108.9366,11.5855],[108.936,11.5831],[108.9405,11.5815],[108.9428,11.5798],[108.9385,11.5753],[108.9363,11.5684],[108.9369,11.559],[108.9352,11.5512],[108.9312,11.5534],[108.9291,11.5536],[108.9284,11.5556],[108.9182,11.5566],[108.9136,11.5563],[108.9109,11.5573],[108.9081,11.5601],[108.9092,11.5635],[108.9112,11.5648],[108.9104,11.5668],[108.9113,11.5691],[108.9094,11.5701],[108.9078,11.5741],[108.9051,11.5752],[108.9031,11.5771],[108.9025,11.5822],[108.9004,11.5866],[108.897,11.5878],[108.8982,11.5937],[108.8944,11.5963],[108.8958,11.6012],[108.8921,11.6039],[108.8897,11.6015],[108.8866,11.6016],[108.8856,11.599],[108.8848,11.5932],[108.8818,11.5917],[108.8817,11.5901],[108.8784,11.5906],[108.8759,11.5921],[108.8721,11.5877],[108.8682,11.5853],[108.8651,11.5825],[108.834,11.5903],[108.8253,11.5933],[108.8015,11.6412],[108.8047,11.6386],[108.8064,11.639],[108.8135,11.6385],[108.817,11.6393],[108.8209,11.6382],[108.824,11.64],[108.8248,11.6432],[108.8294,11.6473],[108.8334,11.6497],[108.8347,11.6493],[108.8374,11.6514],[108.8399,11.6504],[108.8484,11.6498],[108.8497,11.651],[108.8542,11.6506],[108.8558,11.652],[108.8609,11.6516],[108.8631,11.6547],[108.8679,11.6556],[108.8712,11.6523],[108.8746,11.6476],[108.8752,11.6456],[108.8742,11.642],[108.8714,11.6364],[108.8706,11.6307]]]},"properties":{"name":"Phước Hậu","level":"ward"}},{"type":"Feature","geometry":{"type":"Polygon","coordinates":[[[108.9773,11.5585],[108.9772,11.5584],[108.9742,11.5558],[108.972,11.5525],[108.9722,11.5503],[108.9807,11.5504],[108.9804,11.5487],[108.9837,11.5486],[108.9882,11.5502],[108.9939,11.5468],[108.9964,11.549],[108.998,11.5451],[108.9995,11.5434],[109.0032,11.5419],[109.0057,11.5415],[109.0101,11.5428],[109.0177,11.5442],[109.0219,11.5442],[109.025,11.5418],[109.028,11.5363],[109.0253,11.535],[109.0192,11.5304],[109.0162,11.5261],[109.014,11.5202],[109.0128,11.5158],[109.0119,11.5092],[109.0115,11.5003],[109.0121,11.4891],[109.0151,11.4742],[109.0153,11.4708],[109.0142,11.4662],[109.0144,11.4613],[109.0137,11.4596],[109.0134,11.4541],[109.011,11.4485],[109.0086,11.4452],[109.0087,11.4423],[109.0122,11.4385],[109.0134,11.4343],[109.0141,11.4279],[109.0139,11.4241],[109.0118,11.4167],[109.0086,11.415],[109.006,11.4105],[109.0059,11.4055],[109.0076,11.3997],[109.0059,11.3943],[109.0077,11.3838],[109.0113,11.374],[109.0134,11.3721],[109.0153,11.3722],[109.0155,11.3696],[109.0199,11.3693],[109.0205,11.3681],[109.0202,11.3631],[109.0188,11.3599],[109.0149,11.3562],[109.0089,11.3547],[109.0049,11.3554],[109.0031,11.3526],[109.0015,11.353],[109.0011,11.3486],[108.9998,11.348],[108.9968,11.3501],[108.9944,11.3497],[108.9924,11.3474],[108.9931,11.3449],[108.9901,11.3425],[108.9887,11.3383],[108.9889,11.3365],[108.9872,11.3345],[108.9833,11.3318],[108.982,11.3299],[108.9795,11.3301],[108.9756,11.3287],[108.9743,11.3263],[108.9706,11.3223],[108.9626,11.3165],[108.9593,11.3156],[108.9605,11.3194],[108.9612,11.3258],[108.9584,11.3277],[108.9553,11.3365],[108.9518,11.3441],[108.942,11.3685],[108.9335,11.3789],[108.9226,11.3974],[108.9217,11.3994],[108.9225,11.4014],[108.9207,11.4033],[108.9204,11.4107],[108.9187,11.4131],[108.9182,11.4163],[108.9189,11.4182],[108.9179,11.4207],[108.9196,11.4238],[108.9198,11.4276],[108.9213,11.4292],[108.9229,11.4338],[108.9308,11.4421],[108.9324,11.4465],[108.9358,11.4437],[108.9396,11.4426],[108.9429,11.4428],[108.9437,11.4443],[108.9478,11.4474],[108.9489,11.4509],[108.9506,11.4522],[108.9513,11.4585],[108.9539,11.4603],[108.9575,11.4672],[108.9597,11.4702],[108.9626,11.4755],[108.9636,11.4773],[108.9658,11.4762],[108.9715,11.4713],[108.9712,11.468],[108.9778,11.4702],[108.9812,11.4706],[108.9841,11.4698],[108.9898,11.4698],[108.9908,11.4727],[108.9889,11.4738],[108.9884,11.4759],[108.9859,11.4789],[108.9866,11.4828],[108.9844,11.4855],[108.9847,11.4952],[108.9876,11.5038],[108.99,11.5077],[108.9858,11.5081],[108.9821,11.5068],[108.982,11.5088],[108.9841,11.5132],[108.9837,11.5164],[108.9841,11.52],[108.9826,11.521],[108.982,11.526],[108.9831,11.5276],[108.9824,11.5306],[108.9854,11.533],[108.9854,11.5347],[108.9828,11.5365],[108.9789,11.5368],[108.9773,11.535],[108.9738,11.5349],[108.9677,11.5385],[108.9602,11.5391],[108.9599,11.5418],[108.9633,11.5442],[108.9619,11.5489],[108.9634,11.5567],[108.9644,11.5595],[108.9669,11.5605],[108.9773,11.5585]]]},"properties":{"name":"Phước Dinh","level":"ward"}},{"type":"Feature","geometry":{"type":"Polygon","coordinates":[[[108.7583,11.6493],[108.7806,11.6474],[108.8015,11.6412],[108.8253,11.5933],[108.834,11.5903],[108.8651,11.5825],[108.8682,11.5853],[108.8721,11.5877],[108.8759,11.5921],[108.8784,11.5906],[108.8817,11.5901],[108.8818,11.5917],[108.8848,11.5932],[108.8856,11.599],[108.8866,11.6016],[108.8897,11.6015],[108.8921,11.6039],[108.8958,11.6012],[108.8944,11.5963],[108.8982,11.5937],[108.897,11.5878],[108.9004,11.5866],[108.9025,11.5822],[108.9031,11.5771],[108.9051,11.5752],[108.9078,11.5741],[108.9094,11.5701],[108.9113,11.5691],[108.9104,11.5668],[108.9112,11.5648],[108.9092,11.5635],[108.9081,11.5601],[108.9109,11.5573],[108.9136,11.5563],[108.9182,11.5566],[108.9172,11.5464],[108.9177,11.5413],[108.9156,11.5392],[108.9167,11.5379],[108.9165,11.5308],[108.9169,11.5282],[108.9151,11.5248],[108.9165,11.5239],[108.9133,11.5207],[108.9116,11.5153],[108.9111,11.5117],[108.9101,11.507],[108.907,11.5048],[108.909,11.5021],[108.9087,11.4999],[108.9044,11.4965],[108.8972,11.4873],[108.8959,11.4844],[108.8887,11.4842],[108.8852,11.4862],[108.8826,11.4843],[108.8826,11.4825],[108.8803,11.4793],[108.8772,11.482],[108.8766,11.4837],[108.8728,11.487],[108.8664,11.4875],[108.8643,11.4869],[108.8658,11.4901],[108.865,11.4943],[108.8629,11.495],[108.8596,11.4984],[108.8564,11.4965],[108.855,11.4934],[108.8526,11.495],[108.8486,11.4937],[108.8434,11.491],[108.8413,11.4951],[108.8382,11.4946],[108.8376,11.4972],[108.8357,11.4989],[108.8378,11.5027],[108.8398,11.5124],[108.8416,11.5157],[108.8419,11.519],[108.8437,11.5259],[108.84,11.5272],[108.8375,11.5267],[108.834,11.5278],[108.8317,11.5268],[108.8293,11.5274],[108.8266,11.5301],[108.8235,11.5303],[108.8207,11.5342],[108.819,11.5342],[108.8162,11.5367],[108.8161,11.5382],[108.7849,11.5556],[108.7517,11.5775],[108.7339,11.5971],[108.7329,11.6148],[108.7359,11.6176],[108.7372,11.6199],[108.7404,11.6226],[108.7437,11.6234],[108.7433,11.6294],[108.7466,11.6325],[108.7484,11.6332],[108.7526,11.6395],[108.7531,11.643],[108.7583,11.6493]]]},"properties":{"name":"Phước Hữu","level":"ward"}},{"type":"Feature","geometry":{"type":"Polygon","coordinates":[[[108.9111,11.5117],[108.9124,11.5123],[108.916,11.511],[108.9167,11.5123],[108.9208,11.5104],[108.9265,11.5089],[108.9274,11.5099],[108.9307,11.5081],[108.9323,11.5062],[108.9356,11.5055],[108.9347,11.503],[108.936,11.4999],[108.9403,11.4994],[108.9407,11.4976],[108.9379,11.4965],[108.9407,11.4946],[108.9443,11.4949],[108.9449,11.4929],[108.9481,11.4913],[108.9473,11.488],[108.9492,11.4867],[108.9529,11.4859],[108.9543,11.4831],[108.9532,11.4818],[108.9499,11.4819],[108.9477,11.4772],[108.9514,11.4766],[108.9519,11.4766],[108.9532,11.4763],[108.9573,11.4727],[108.9613,11.4757],[108.9618,11.4758],[108.9626,11.4755],[108.9597,11.4702],[108.9575,11.4672],[108.9539,11.4603],[108.9513,11.4585],[108.9506,11.4522],[108.9489,11.4509],[108.9478,11.4474],[108.9437,11.4443],[108.9429,11.4428],[108.9396,11.4426],[108.9358,11.4437],[108.9324,11.4465],[108.9308,11.4421],[108.9229,11.4338],[108.9213,11.4292],[108.9198,11.4276],[108.9196,11.4238],[108.9179,11.4207],[108.9189,11.4182],[108.9182,11.4163],[108.9187,11.4131],[108.9204,11.4107],[108.9207,11.4033],[108.9225,11.4014],[108.9217,11.3994],[108.9226,11.3974],[108.9224,11.3955],[108.9206,11.3928],[108.9178,11.3915],[108.9144,11.3874],[108.91,11.3855],[108.91,11.3813],[108.9039,11.384],[108.9004,11.3824],[108.8941,11.3816],[108.8911,11.3819],[108.8866,11.3762],[108.8841,11.3758],[108.8811,11.3789],[108.88,11.381],[108.8755,11.3814],[108.8735,11.3806],[108.8719,11.3776],[108.8667,11.3776],[108.8631,11.3792],[108.8565,11.3811],[108.8557,11.3799],[108.8515,11.3791],[108.8488,11.3794],[108.844,11.3771],[108.8016,11.3833],[108.812,11.3991],[108.8176,11.4064],[108.821,11.4098],[108.8258,11.4211],[108.8328,11.4363],[108.835,11.4394],[108.8348,11.4422],[108.8366,11.4456],[108.8384,11.4514],[108.841,11.4566],[108.8445,11.46],[108.8458,11.4589],[108.8485,11.4647],[108.8485,11.4709],[108.8527,11.4795],[108.8538,11.4792],[108.858,11.4809],[108.8592,11.4823],[108.864,11.4855],[108.8643,11.4869],[108.8664,11.4875],[108.8728,11.487],[108.8766,11.4837],[108.8772,11.482],[108.8803,11.4793],[108.8826,11.4825],[108.8826,11.4843],[108.8852,11.4862],[108.8887,11.4842],[108.8959,11.4844],[108.8972,11.4873],[108.9044,11.4965],[108.9087,11.4999],[108.909,11.5021],[108.907,11.5048],[108.9101,11.507],[108.9111,11.5117]]]},"properties":{"name":"Thuận Nam","level":"ward"}},{"type":"Feature","geometry":{"type":"Polygon","coordinates":[[[108.6638,11.5007],[108.6866,11.5038],[108.6877,11.5073],[108.6916,11.5112],[108.692,11.5124],[108.6902,11.5162],[108.6928,11.5221],[108.6936,11.525],[108.6975,11.5288],[108.7015,11.5301],[108.7037,11.5348],[108.7081,11.5364],[108.7115,11.5386],[108.7131,11.5384],[108.7144,11.5408],[108.7138,11.5429],[108.7149,11.5457],[108.7264,11.5678],[108.7291,11.5706],[108.7296,11.5733],[108.7286,11.5784],[108.7307,11.5809],[108.7321,11.5857],[108.7344,11.5879],[108.7354,11.5934],[108.7339,11.5971],[108.7517,11.5775],[108.7849,11.5556],[108.8161,11.5382],[108.8162,11.5367],[108.819,11.5342],[108.8207,11.5342],[108.8235,11.5303],[108.8266,11.5301],[108.8293,11.5274],[108.8317,11.5268],[108.834,11.5278],[108.8375,11.5267],[108.84,11.5272],[108.8437,11.5259],[108.8419,11.519],[108.8416,11.5157],[108.8398,11.5124],[108.8378,11.5027],[108.8357,11.4989],[108.8376,11.4972],[108.8382,11.4946],[108.8413,11.4951],[108.8434,11.491],[108.8486,11.4937],[108.8526,11.495],[108.855,11.4934],[108.8564,11.4965],[108.8596,11.4984],[108.8629,11.495],[108.865,11.4943],[108.8658,11.4901],[108.8643,11.4869],[108.864,11.4855],[108.8592,11.4823],[108.858,11.4809],[108.8538,11.4792],[108.8527,11.4795],[108.8485,11.4709],[108.8485,11.4647],[108.8458,11.4589],[108.8445,11.46],[108.841,11.4566],[108.8384,11.4514],[108.8366,11.4456],[108.8348,11.4422],[108.835,11.4394],[108.8328,11.4363],[108.8258,11.4211],[108.821,11.4098],[108.8176,11.4064],[108.812,11.3991],[108.8016,11.3833],[108.785,11.3883],[108.7833,11.3939],[108.7572,11.4114],[108.7603,11.4491],[108.7618,11.4705],[108.7509,11.4713],[108.7249,11.4693],[108.7227,11.4667],[108.7185,11.4635],[108.7135,11.4618],[108.7116,11.4623],[108.7005,11.467],[108.6788,11.4734],[108.6638,11.5007]]]},"properties":{"name":"Phước Hà","level":"ward"}},{"type":"Feature","geometry":{"type":"Polygon","coordinates":[[[108.9226,11.3974],[108.9335,11.3789],[108.942,11.3685],[108.9518,11.3441],[108.9553,11.3365],[108.9584,11.3277],[108.9612,11.3258],[108.9605,11.3194],[108.9593,11.3156],[108.9529,11.3147],[108.95,11.3129],[108.9486,11.3144],[108.944,11.313],[108.941,11.3113],[108.9379,11.3115],[108.9348,11.3079],[108.9329,11.3074],[108.9292,11.3078],[108.9284,11.3095],[108.9243,11.3106],[108.9188,11.3078],[108.9178,11.31],[108.9189,11.3113],[108.9179,11.3146],[108.9142,11.317],[108.9095,11.3192],[108.8997,11.3253],[108.8942,11.3302],[108.8876,11.3342],[108.8863,11.3375],[108.8803,11.3377],[108.8753,11.3362],[108.8738,11.3326],[108.8696,11.3339],[108.8733,11.3354],[108.8761,11.3404],[108.8766,11.3544],[108.8745,11.3535],[108.8703,11.355],[108.8655,11.3518],[108.8569,11.3562],[108.8544,11.3592],[108.8505,11.3616],[108.8492,11.3641],[108.8455,11.366],[108.844,11.3771],[108.8488,11.3794],[108.8515,11.3791],[108.8557,11.3799],[108.8565,11.3811],[108.8631,11.3792],[108.8667,11.3776],[108.8719,11.3776],[108.8735,11.3806],[108.8755,11.3814],[108.88,11.381],[108.8811,11.3789],[108.8841,11.3758],[108.8866,11.3762],[108.8911,11.3819],[108.8941,11.3816],[108.9004,11.3824],[108.9039,11.384],[108.91,11.3813],[108.91,11.3855],[108.9144,11.3874],[108.9178,11.3915],[108.9206,11.3928],[108.9224,11.3955],[108.9226,11.3974]]]},"properties":{"name":"Cà Ná","level":"ward"}}]}