{"type":"FeatureCollection","features":[{"type":"Feature","geometry":{"type":"MultiPolygon","coordinates":[[[[108.3009,10.9094],[108.2996,10.9103],[108.3004,10.9112],[108.3016,10.9104],[108.3009,10.9094]]],[[[108.2471,11.0282],[108.2811,11.0158],[108.2931,11.0083],[108.2973,10.9959],[108.3031,10.9959],[108.3073,10.9968],[108.3141,10.9962],[108.3177,10.9979],[108.3231,11.0009],[108.333,11.0015],[108.3373,11.0025],[108.3403,11.0036],[108.3413,11.0045],[108.3431,11.005],[108.344,11.0048],[108.347,11.0059],[108.3499,11.0041],[108.349,11.002],[108.3478,10.9978],[108.3467,10.9953],[108.3454,10.9912],[108.3425,10.9782],[108.3416,10.9728],[108.3409,10.9704],[108.3396,10.9608],[108.3396,10.9589],[108.3402,10.9578],[108.3392,10.9562],[108.3379,10.9527],[108.3366,10.9513],[108.3345,10.9515],[108.3335,10.951],[108.3311,10.9514],[108.3297,10.9534],[108.3284,10.9544],[108.3281,10.9575],[108.3266,10.9584],[108.3243,10.9592],[108.3237,10.9601],[108.3183,10.9602],[108.316,10.96],[108.3125,10.9588],[108.3093,10.9565],[108.3081,10.9553],[108.3036,10.9496],[108.302,10.9467],[108.2996,10.9419],[108.2968,10.9329],[108.2963,10.9295],[108.2954,10.9254],[108.2947,10.92],[108.2946,10.9169],[108.2957,10.915],[108.2939,10.9147],[108.2931,10.9141],[108.2889,10.9138],[108.2884,10.9149],[108.2871,10.9147],[108.2844,10.9163],[108.2835,10.9158],[108.2818,10.9157],[108.2804,10.9184],[108.282,10.9196],[108.2831,10.9211],[108.2811,10.9285],[108.2809,10.9303],[108.2817,10.9337],[108.2817,10.9361],[108.2807,10.9391],[108.2799,10.9399],[108.2762,10.9422],[108.2701,10.9449],[108.2597,10.9482],[108.2561,10.949],[108.2542,10.9499],[108.2492,10.9512],[108.2408,10.9531],[108.236,10.954],[108.2298,10.9547],[108.2248,10.9545],[108.2221,10.9541],[108.2172,10.953],[108.2148,10.9522],[108.2096,10.9499],[108.2067,10.9484],[108.1967,10.9421],[108.194,10.9401],[108.1899,10.9364],[108.1887,10.9363],[108.1877,10.938],[108.1886,10.942],[108.1894,10.9432],[108.1896,10.9462],[108.1888,10.9491],[108.1871,10.9513],[108.1885,10.9552],[108.1884,10.9601],[108.1894,10.9632],[108.1907,10.9686],[108.1949,10.9871],[108.1961,10.9933],[108.19,10.9971],[108.1961,11.001],[108.215,11.0171],[108.2471,11.0282]]]]},"properties":{"name":"Mũi Né","level":"ward"}},{"type":"Feature","geometry":{"type":"Polygon","coordinates":[[[108.1885,10.9552],[108.1871,10.9513],[108.1888,10.9491],[108.1896,10.9462],[108.1894,10.9432],[108.1886,10.942],[108.1877,10.938],[108.1887,10.9363],[108.1863,10.9363],[108.1842,10.9354],[108.1827,10.9365],[108.181,10.9365],[108.1788,10.9349],[108.1781,10.9359],[108.1762,10.9361],[108.1728,10.9345],[108.1715,10.9344],[108.1696,10.9334],[108.1674,10.9311],[108.1639,10.9305],[108.1628,10.9296],[108.1621,10.9305],[108.1605,10.9301],[108.1563,10.93],[108.1552,10.9305],[108.1533,10.9305],[108.1515,10.9314],[108.1485,10.9313],[108.1473,10.9317],[108.1429,10.9321],[108.142,10.9325],[108.1379,10.9314],[108.1375,10.9323],[108.136,10.9332],[108.1341,10.9332],[108.1324,10.9323],[108.1271,10.931],[108.1236,10.9289],[108.1196,10.9268],[108.1178,10.9256],[108.1103,10.9279],[108.1106,10.9293],[108.1091,10.9296],[108.1096,10.9327],[108.1052,10.9323],[108.1023,10.9311],[108.1015,10.9317],[108.1036,10.9366],[108.1037,10.9411],[108.1041,10.9421],[108.1058,10.9419],[108.1083,10.9444],[108.1132,10.944],[108.1138,10.9436],[108.116,10.9479],[108.1202,10.9465],[108.1215,10.9465],[108.1237,10.9449],[108.126,10.9451],[108.1295,10.9447],[108.1299,10.9452],[108.1379,10.945],[108.1399,10.9437],[108.1407,10.9458],[108.1423,10.945],[108.1459,10.9439],[108.1826,10.9599],[108.1885,10.9552]]]},"properties":{"name":"Phú Thuỷ","level":"ward"}},{"type":"Feature","geometry":{"type":"Polygon","coordinates":[[[108.19,10.9971],[108.1961,10.9933],[108.1949,10.9871],[108.1907,10.9686],[108.1894,10.9632],[108.1884,10.9601],[108.1885,10.9552],[108.1826,10.9599],[108.1459,10.9439],[108.1423,10.945],[108.1407,10.9458],[108.1399,10.9437],[108.1379,10.945],[108.1299,10.9452],[108.1295,10.9447],[108.126,10.9451],[108.1237,10.9449],[108.1215,10.9465],[108.1202,10.9465],[108.116,10.9479],[108.1138,10.9436],[108.1132,10.944],[108.1083,10.9444],[108.1058,10.9419],[108.1041,10.9421],[108.1032,10.9429],[108.1003,10.9431],[108.0986,10.9425],[108.0992,10.9438],[108.0943,10.9452],[108.093,10.946],[108.096,10.9488],[108.098,10.95],[108.0995,10.9504],[108.1021,10.9504],[108.1032,10.953],[108.1062,10.9525],[108.1069,10.953],[108.109,10.9533],[108.1097,10.9542],[108.1115,10.9532],[108.1088,10.9569],[108.108,10.9591],[108.1067,10.9601],[108.1104,10.9696],[108.1119,10.9758],[108.1126,10.9797],[108.1141,10.9836],[108.1154,10.9843],[108.1175,10.9838],[108.1182,10.9847],[108.121,10.9846],[108.1222,10.986],[108.124,10.9912],[108.1251,10.9926],[108.1238,10.9957],[108.1247,10.997],[108.1276,10.9993],[108.1281,11.001],[108.1289,11.0019],[108.1295,11.005],[108.1322,11.0042],[108.1332,11.0056],[108.1344,11.0049],[108.1372,11.0058],[108.1395,11.006],[108.1401,11.0091],[108.1412,11.0077],[108.1444,11.0075],[108.1446,11.006],[108.144,11.0052],[108.1457,11.0036],[108.1459,11.0023],[108.1477,11.0016],[108.1489,11.002],[108.1505,11.0011],[108.1499,10.9988],[108.1501,10.9973],[108.1492,10.9968],[108.1479,10.9944],[108.1486,10.9926],[108.1513,10.9911],[108.1506,10.9898],[108.1527,10.9894],[108.1521,10.9871],[108.1554,10.9873],[108.1601,10.9871],[108.1617,10.9863],[108.1638,10.9868],[108.1671,10.9871],[108.1703,10.9888],[108.1789,10.9921],[108.1805,10.9924],[108.1854,10.9927],[108.1869,10.9926],[108.1893,10.9957],[108.19,10.9971]]]},"properties":{"name":"Hàm Thắng","level":"ward"}},{"type":"Feature","geometry":{"type":"MultiPolygon","coordinates":[[[[108.1041,10.9421],[108.1037,10.9411],[108.1036,10.9366],[108.1015,10.9317],[108.1023,10.9311],[108.1052,10.9323],[108.1096,10.9327],[108.1091,10.9296],[108.1106,10.9293],[108.1103,10.9279],[108.1178,10.9256],[108.1141,10.9228],[108.1113,10.9202],[108.1095,10.9174],[108.1069,10.9168],[108.1045,10.9142],[108.1036,10.9138],[108.1031,10.9156],[108.105,10.9174],[108.1065,10.9201],[108.1016,10.9202],[108.1012,10.9191],[108.0943,10.9181],[108.0934,10.9175],[108.0936,10.9192],[108.0915,10.9229],[108.0915,10.9276],[108.09,10.9279],[108.0914,10.9358],[108.0922,10.9374],[108.0935,10.9368],[108.0944,10.9384],[108.0976,10.937],[108.0981,10.9408],[108.0986,10.9425],[108.1003,10.9431],[108.1032,10.9429],[108.1041,10.9421]]],[[[108.0974,10.9102],[108.097,10.9112],[108.0979,10.912],[108.0989,10.9112],[108.0974,10.9102]]]]},"properties":{"name":"Phan Thiết","level":"ward"}},{"type":"Feature","geometry":{"type":"Polygon","coordinates":[[[108.0915,10.9229],[108.0936,10.9192],[108.0934,10.9175],[108.0881,10.9142],[108.0832,10.9101],[108.0825,10.9109],[108.0795,10.909],[108.0776,10.9068],[108.0753,10.9026],[108.0731,10.8993],[108.0683,10.8915],[108.0618,10.8805],[108.0614,10.8807],[108.0561,10.8706],[108.055,10.8682],[108.0531,10.8651],[108.05,10.8586],[108.0471,10.8521],[108.0456,10.8493],[108.0377,10.8315],[108.0336,10.8203],[108.0301,10.8081],[108.0279,10.8005],[108.0254,10.7904],[108.0252,10.7888],[108.0243,10.7845],[108.023,10.778],[107.9922,10.8005],[107.9933,10.8034],[107.9926,10.8051],[107.9931,10.8066],[107.9939,10.8115],[107.9944,10.8126],[107.9945,10.8128],[107.9954,10.8143],[107.9971,10.8142],[107.998,10.8151],[107.9985,10.8176],[107.9986,10.8176],[108.0007,10.8201],[107.9995,10.8223],[107.9997,10.8245],[108.0008,10.8259],[108.0008,10.8277],[108.0029,10.8319],[108.0052,10.8341],[108.0042,10.8371],[108.0062,10.8399],[108.007,10.8427],[108.0083,10.8439],[108.0098,10.844],[108.0114,10.8449],[108.0124,10.8463],[108.012,10.8487],[108.0128,10.8551],[108.0126,10.8558],[108.0079,10.8575],[108.0036,10.8605],[108.0019,10.8625],[108.0018,10.8669],[108.0036,10.8672],[108.0106,10.874],[108.0199,10.8837],[108.0237,10.8873],[108.0476,10.8976],[108.0525,10.9048],[108.0542,10.9088],[108.0569,10.9112],[108.0609,10.9136],[108.0657,10.9085],[108.0681,10.9087],[108.0714,10.9098],[108.0745,10.9122],[108.078,10.9159],[108.08,10.9186],[108.08,10.9207],[108.0817,10.9221],[108.0838,10.9231],[108.0852,10.9221],[108.088,10.9211],[108.0895,10.9211],[108.0915,10.9229]]]},"properties":{"name":"Tiến Thành","level":"ward"}},{"type":"Feature","geometry":{"type":"Polygon","coordinates":[[[108.1032,10.953],[108.1021,10.9504],[108.0995,10.9504],[108.098,10.95],[108.096,10.9488],[108.093,10.946],[108.0943,10.9452],[108.0992,10.9438],[108.0986,10.9425],[108.0981,10.9408],[108.0976,10.937],[108.0944,10.9384],[108.0935,10.9368],[108.0922,10.9374],[108.0914,10.9358],[108.09,10.9279],[108.0915,10.9276],[108.0915,10.9229],[108.0895,10.9211],[108.088,10.9211],[108.0852,10.9221],[108.0838,10.9231],[108.0829,10.9252],[108.0828,10.9265],[108.0808,10.9295],[108.0753,10.9324],[108.0745,10.9338],[108.0754,10.9354],[108.0752,10.9363],[108.0732,10.9372],[108.0735,10.9414],[108.0727,10.9422],[108.0714,10.9422],[108.0694,10.9402],[108.0683,10.9407],[108.0674,10.9422],[108.0649,10.9434],[108.065,10.9455],[108.0635,10.9449],[108.0627,10.9432],[108.0613,10.9428],[108.0604,10.9443],[108.0603,10.946],[108.0586,10.9465],[108.0576,10.9443],[108.0566,10.9432],[108.055,10.9428],[108.0546,10.9412],[108.0528,10.9412],[108.0517,10.9445],[108.0507,10.9457],[108.048,10.9464],[108.0448,10.9461],[108.0439,10.9471],[108.0436,10.9486],[108.039,10.9502],[108.036,10.9509],[108.035,10.9515],[108.0339,10.9537],[108.031,10.9556],[108.0301,10.9554],[108.0294,10.9538],[108.028,10.9525],[108.0265,10.9538],[108.0228,10.9564],[108.0205,10.9576],[108.0202,10.9587],[108.0214,10.9602],[108.0195,10.9621],[108.0214,10.965],[108.0206,10.9657],[108.0229,10.9667],[108.0218,10.9691],[108.022,10.9699],[108.0203,10.9725],[108.0175,10.9722],[108.0159,10.97],[108.0149,10.9713],[108.0113,10.9729],[108.0099,10.9743],[108.0075,10.9744],[108.0066,10.9748],[108.0076,10.9767],[108.0101,10.9784],[108.0135,10.9818],[108.0127,10.9842],[108.0131,10.9871],[108.0137,10.9879],[108.0123,10.9893],[108.0136,10.9924],[108.0119,10.9947],[108.0112,10.9951],[108.0112,11.0003],[108.0109,11.0024],[108.0108,11.0051],[108.0104,11.0072],[108.0121,11.0075],[108.0087,11.0126],[108.0085,11.0174],[108.0078,11.0175],[108.0069,11.02],[108.0067,11.0216],[108.0177,11.0229],[108.0184,11.033],[108.0201,11.0315],[108.0221,11.0271],[108.0225,11.0243],[108.0243,11.0224],[108.0243,11.0203],[108.0234,11.0189],[108.0247,11.0186],[108.0243,11.017],[108.0268,11.0153],[108.0271,11.0144],[108.0286,11.0136],[108.0284,11.0127],[108.0297,11.0112],[108.0313,11.0109],[108.0333,11.0098],[108.0337,11.0084],[108.0374,11.0061],[108.0382,11.0038],[108.0382,11.0009],[108.0409,10.9998],[108.043,10.9977],[108.045,10.995],[108.0485,10.9924],[108.0502,10.9916],[108.054,10.987],[108.0559,10.9855],[108.0572,10.9835],[108.0556,10.9821],[108.0568,10.9781],[108.0592,10.9771],[108.0614,10.9759],[108.0635,10.9755],[108.0654,10.9745],[108.0678,10.9746],[108.0691,10.9735],[108.0693,10.9706],[108.0717,10.9704],[108.0719,10.9691],[108.0709,10.9678],[108.0719,10.9653],[108.0729,10.9657],[108.078,10.9647],[108.0795,10.9649],[108.0816,10.9639],[108.0816,10.9628],[108.0829,10.9622],[108.0837,10.9611],[108.0858,10.9602],[108.0859,10.9575],[108.0876,10.9573],[108.0884,10.9545],[108.0904,10.9536],[108.0917,10.9536],[108.0928,10.9547],[108.0938,10.9567],[108.0962,10.957],[108.0977,10.9565],[108.1031,10.9539],[108.1032,10.953]]]},"properties":{"name":"Bình Thuận","level":"ward"}},{"type":"Feature","geometry":{"type":"Polygon","coordinates":[[[108.0838,10.9231],[108.0817,10.9221],[108.08,10.9207],[108.08,10.9186],[108.078,10.9159],[108.0745,10.9122],[108.0714,10.9098],[108.0681,10.9087],[108.0657,10.9085],[108.0609,10.9136],[108.0569,10.9112],[108.0542,10.9088],[108.0525,10.9048],[108.0476,10.8976],[108.0237,10.8873],[108.0199,10.8837],[108.0106,10.874],[108.0036,10.8672],[108.0255,10.8967],[108.0263,10.8981],[108.0259,10.9009],[108.0248,10.9041],[108.0239,10.9054],[108.0234,10.9084],[108.0217,10.9106],[108.0219,10.9116],[108.0201,10.9138],[108.0208,10.9156],[108.0209,10.9179],[108.0194,10.9176],[108.019,10.9211],[108.0201,10.9225],[108.0218,10.9227],[108.0227,10.9244],[108.0177,10.9236],[108.016,10.9355],[108.0153,10.941],[108.002,10.9391],[108.0012,10.9404],[107.998,10.9421],[107.9919,10.9432],[107.9896,10.9435],[107.9895,10.9449],[107.9886,10.9459],[107.9878,10.9491],[107.9894,10.95],[107.9944,10.9519],[107.9962,10.9513],[107.9986,10.9517],[108.0028,10.9511],[108.005,10.9527],[108.0081,10.9519],[108.0096,10.9537],[108.0118,10.9542],[108.0143,10.9554],[108.0138,10.9569],[108.0147,10.9584],[108.0143,10.9607],[108.0136,10.9618],[108.0136,10.9632],[108.015,10.9636],[108.0179,10.9635],[108.0195,10.9621],[108.0214,10.9602],[108.0202,10.9587],[108.0205,10.9576],[108.0228,10.9564],[108.0265,10.9538],[108.028,10.9525],[108.0294,10.9538],[108.0301,10.9554],[108.031,10.9556],[108.0339,10.9537],[108.035,10.9515],[108.036,10.9509],[108.039,10.9502],[108.0436,10.9486],[108.0439,10.9471],[108.0448,10.9461],[108.048,10.9464],[108.0507,10.9457],[108.0517,10.9445],[108.0528,10.9412],[108.0546,10.9412],[108.055,10.9428],[108.0566,10.9432],[108.0576,10.9443],[108.0586,10.9465],[108.0603,10.946],[108.0604,10.9443],[108.0613,10.9428],[108.0627,10.9432],[108.0635,10.9449],[108.065,10.9455],[108.0649,10.9434],[108.0674,10.9422],[108.0683,10.9407],[108.0694,10.9402],[108.0714,10.9422],[108.0727,10.9422],[108.0735,10.9414],[108.0732,10.9372],[108.0752,10.9363],[108.0754,10.9354],[108.0745,10.9338],[108.0753,10.9324],[108.0808,10.9295],[108.0828,10.9265],[108.0829,10.9252],[108.0838,10.9231]]]},"properties":{"name":"Tuyên Quang","level":"ward"}},{"type":"Feature","geometry":{"type":"MultiPolygon","coordinates":[[[[108.8299,11.2221],[108.8287,11.2219],[108.8207,11.2244],[108.8205,11.2253],[108.8212,11.2273],[108.8235,11.2285],[108.8277,11.2291],[108.831,11.2299],[108.8323,11.2314],[108.8338,11.2314],[108.8344,11.2305],[108.8343,11.2289],[108.8299,11.2221]]],[[[108.7525,11.2743],[108.7515,11.2701],[108.7511,11.2659],[108.7513,11.2606],[108.7517,11.2575],[108.751,11.2567],[108.7505,11.2542],[108.7484,11.2506],[108.7465,11.2457],[108.7455,11.2426],[108.7451,11.2386],[108.7454,11.2326],[108.7456,11.2315],[108.7441,11.23],[108.7439,11.2284],[108.7428,11.2275],[108.7416,11.2257],[108.7404,11.2223],[108.7401,11.2198],[108.7362,11.2169],[108.7355,11.2159],[108.7338,11.2118],[108.7326,11.2074],[108.732,11.2041],[108.7316,11.1995],[108.7312,11.1921],[108.7299,11.1884],[108.7299,11.1856],[108.7277,11.183],[108.7255,11.1811],[108.7215,11.1793],[108.7203,11.1783],[108.7166,11.1771],[108.715,11.1764],[108.7137,11.1767],[108.7121,11.1758],[108.7111,11.1742],[108.7096,11.1698],[108.71,11.1684],[108.7093,11.1667],[108.7083,11.1657],[108.7066,11.1651],[108.704,11.1658],[108.7054,11.167],[108.7055,11.1683],[108.7047,11.1698],[108.7032,11.1712],[108.7025,11.1735],[108.703,11.1771],[108.7024,11.1788],[108.7007,11.1805],[108.6984,11.1821],[108.6938,11.1842],[108.6901,11.1856],[108.6783,11.1895],[108.6711,11.1914],[108.6651,11.1926],[108.6596,11.1932],[108.6535,11.1935],[108.6491,11.1932],[108.647,11.1925],[108.6456,11.1907],[108.6446,11.1904],[108.6468,11.194],[108.6551,11.2083],[108.6616,11.2228],[108.6636,11.2265],[108.6832,11.2517],[108.6798,11.2552],[108.6809,11.2567],[108.6831,11.258],[108.6812,11.2613],[108.681,11.2632],[108.68,11.2653],[108.6801,11.268],[108.6793,11.2701],[108.6799,11.2708],[108.6799,11.2732],[108.6782,11.2735],[108.6771,11.2749],[108.6753,11.2755],[108.6751,11.2763],[108.6753,11.2803],[108.6751,11.2811],[108.6735,11.2828],[108.6726,11.2844],[108.6725,11.2864],[108.6717,11.2897],[108.6712,11.2934],[108.6692,11.2991],[108.6679,11.301],[108.6657,11.3017],[108.6642,11.3018],[108.6625,11.3026],[108.6624,11.3039],[108.6634,11.3053],[108.6638,11.3069],[108.6635,11.3089],[108.6623,11.3112],[108.6625,11.3132],[108.6639,11.3155],[108.6661,11.3177],[108.669,11.3219],[108.6723,11.3253],[108.6735,11.3278],[108.6739,11.3305],[108.6735,11.3323],[108.6754,11.3352],[108.6758,11.3364],[108.6776,11.337],[108.6776,11.3388],[108.6759,11.3398],[108.6716,11.3402],[108.6667,11.3392],[108.6637,11.3379],[108.6624,11.337],[108.6609,11.337],[108.6602,11.338],[108.6589,11.3414],[108.6552,11.3472],[108.6531,11.3503],[108.6527,11.3519],[108.6531,11.355],[108.6541,11.3584],[108.6539,11.3596],[108.6525,11.3606],[108.647,11.3624],[108.6469,11.3629],[108.6607,11.3621],[108.6778,11.3613],[108.692,11.361],[108.7123,11.3603],[108.7065,11.3299],[108.7058,11.2939],[108.721,11.281],[108.7277,11.2774],[108.7325,11.2746],[108.7343,11.2734],[108.7366,11.2768],[108.7399,11.2758],[108.7518,11.2745],[108.7525,11.2743]]]]},"properties":{"name":"Liên Hương","level":"ward"}},{"type":"Feature","geometry":{"type":"Polygon","coordinates":[[[108.6636,11.2265],[108.6616,11.2228],[108.6551,11.2083],[108.6468,11.194],[108.6446,11.1904],[108.643,11.1908],[108.6376,11.1903],[108.6351,11.1898],[108.6316,11.1888],[108.6281,11.1871],[108.6245,11.1848],[108.6216,11.1826],[108.6217,11.1808],[108.62,11.1796],[108.6187,11.1764],[108.6158,11.176],[108.6152,11.1769],[108.615,11.1794],[108.6156,11.1805],[108.6143,11.1819],[108.6115,11.1831],[108.6053,11.1842],[108.6016,11.1845],[108.5959,11.1845],[108.5928,11.1841],[108.5887,11.1832],[108.586,11.1823],[108.5815,11.1804],[108.5788,11.1787],[108.5737,11.1749],[108.5696,11.1705],[108.5664,11.1659],[108.5639,11.163],[108.5621,11.1628],[108.5592,11.1633],[108.5553,11.1622],[108.5472,11.1607],[108.5407,11.1585],[108.5378,11.1568],[108.5348,11.1546],[108.5336,11.1563],[108.5316,11.1564],[108.529,11.1556],[108.5262,11.1542],[108.5243,11.1522],[108.5222,11.1519],[108.5203,11.1508],[108.515,11.1455],[108.5126,11.1428],[108.5094,11.1383],[108.5059,11.1328],[108.5034,11.1283],[108.5023,11.1303],[108.5022,11.1312],[108.5004,11.1531],[108.5058,11.1643],[108.5254,11.1653],[108.5353,11.1703],[108.5562,11.1807],[108.5582,11.1803],[108.5594,11.1796],[108.5611,11.1827],[108.5609,11.1842],[108.5599,11.1853],[108.5641,11.1871],[108.5655,11.1896],[108.5659,11.1916],[108.5654,11.1925],[108.5657,11.1947],[108.5672,11.1954],[108.5679,11.1966],[108.5692,11.2008],[108.5705,11.2018],[108.5709,11.2045],[108.5727,11.2085],[108.5718,11.2094],[108.5721,11.2115],[108.5731,11.2134],[108.5762,11.2146],[108.5772,11.2153],[108.5799,11.2189],[108.5833,11.2209],[108.5867,11.2257],[108.5892,11.2278],[108.5875,11.2282],[108.5814,11.2282],[108.5811,11.2294],[108.5787,11.2302],[108.5783,11.2312],[108.5767,11.2319],[108.5764,11.2346],[108.5736,11.24],[108.5756,11.2435],[108.5768,11.2438],[108.5774,11.2461],[108.5781,11.2471],[108.6011,11.2436],[108.6075,11.2423],[108.612,11.2418],[108.6178,11.2406],[108.6203,11.2407],[108.6255,11.2431],[108.6363,11.2487],[108.6347,11.2441],[108.6335,11.2426],[108.6286,11.2374],[108.6274,11.2354],[108.627,11.2332],[108.6302,11.2334],[108.6313,11.2286],[108.628,11.2287],[108.628,11.2247],[108.655,11.2257],[108.6636,11.2265]]]},"properties":{"name":"Phan Rí Cửa","level":"ward"}},{"type":"Feature","geometry":{"type":"Polygon","coordinates":[[[108.7123,11.3603],[108.692,11.361],[108.6778,11.3613],[108.6607,11.3621],[108.6469,11.3629],[108.647,11.3624],[108.6525,11.3606],[108.6539,11.3596],[108.6541,11.3584],[108.6531,11.355],[108.6527,11.3519],[108.6531,11.3503],[108.6552,11.3472],[108.6589,11.3414],[108.6602,11.338],[108.6609,11.337],[108.6624,11.337],[108.6637,11.3379],[108.6667,11.3392],[108.6716,11.3402],[108.6759,11.3398],[108.6776,11.3388],[108.6776,11.337],[108.6758,11.3364],[108.6754,11.3352],[108.6735,11.3323],[108.6739,11.3305],[108.6735,11.3278],[108.6723,11.3253],[108.669,11.3219],[108.6661,11.3177],[108.6639,11.3155],[108.6625,11.3132],[108.6623,11.3112],[108.6635,11.3089],[108.6638,11.3069],[108.6634,11.3053],[108.6624,11.3039],[108.6625,11.3026],[108.6642,11.3018],[108.6657,11.3017],[108.6679,11.301],[108.6692,11.2991],[108.6712,11.2934],[108.6717,11.2897],[108.6725,11.2864],[108.6726,11.2844],[108.6735,11.2828],[108.6751,11.2811],[108.6753,11.2803],[108.6751,11.2763],[108.6753,11.2755],[108.6771,11.2749],[108.6782,11.2735],[108.6799,11.2732],[108.6799,11.2708],[108.6793,11.2701],[108.6801,11.268],[108.68,11.2653],[108.681,11.2632],[108.6812,11.2613],[108.6831,11.258],[108.6809,11.2567],[108.6798,11.2552],[108.6832,11.2517],[108.6636,11.2265],[108.655,11.2257],[108.628,11.2247],[108.628,11.2287],[108.6313,11.2286],[108.6302,11.2334],[108.627,11.2332],[108.6274,11.2354],[108.6286,11.2374],[108.6335,11.2426],[108.6347,11.2441],[108.6363,11.2487],[108.6255,11.2431],[108.6203,11.2407],[108.6178,11.2406],[108.612,11.2418],[108.6075,11.2423],[108.6011,11.2436],[108.6057,11.2546],[108.6051,11.2769],[108.6015,11.2846],[108.6166,11.3098],[108.6166,11.3384],[108.6074,11.3588],[108.5921,11.3722],[108.5888,11.374],[108.5836,11.3765],[108.5715,11.383],[108.5643,11.3872],[108.5604,11.3893],[108.5623,11.4161],[108.5615,11.4365],[108.5599,11.4917],[108.5594,11.499],[108.5606,11.5242],[108.5611,11.5246],[108.5615,11.5267],[108.5633,11.5268],[108.5636,11.5282],[108.5653,11.5296],[108.5657,11.5329],[108.5656,11.5364],[108.5664,11.5382],[108.5703,11.5389],[108.5711,11.5399],[108.5705,11.5419],[108.5697,11.5428],[108.5715,11.5441],[108.5717,11.5454],[108.5747,11.5465],[108.5728,11.5488],[108.5721,11.5511],[108.5725,11.5521],[108.5751,11.5531],[108.5774,11.5549],[108.5824,11.5559],[108.594,11.5549],[108.6023,11.5544],[108.6217,11.5528],[108.6268,11.553],[108.6437,11.5507],[108.6589,11.5048],[108.6638,11.5007],[108.6788,11.4734],[108.7005,11.467],[108.7116,11.4623],[108.7135,11.4618],[108.716,11.4625],[108.7185,11.4635],[108.7199,11.4646],[108.7209,11.4659],[108.7227,11.4667],[108.7249,11.4693],[108.7509,11.4713],[108.7618,11.4705],[108.7603,11.4491],[108.7572,11.4114],[108.7833,11.3939],[108.785,11.3883],[108.7752,11.381],[108.7463,11.3726],[108.7123,11.3603]]]},"properties":{"name":"Tuy Phong","level":"ward"}},{"type":"Feature","geometry":{"type":"Polygon","coordinates":[[[108.7525,11.2743],[108.7518,11.2745],[108.7399,11.2758],[108.7366,11.2768],[108.7343,11.2734],[108.7325,11.2746],[108.7277,11.2774],[108.721,11.281],[108.7058,11.2939],[108.7065,11.3299],[108.7123,11.3603],[108.7463,11.3726],[108.7752,11.381],[108.785,11.3883],[108.8016,11.3833],[108.844,11.3771],[108.8455,11.366],[108.8469,11.3648],[108.8492,11.3641],[108.8502,11.3631],[108.8505,11.3616],[108.8544,11.3592],[108.8551,11.3575],[108.8569,11.3562],[108.8603,11.3546],[108.8655,11.3518],[108.8681,11.3532],[108.8695,11.3548],[108.8703,11.355],[108.8721,11.3538],[108.8745,11.3535],[108.8766,11.3544],[108.8761,11.3404],[108.875,11.3377],[108.8733,11.3354],[108.8712,11.334],[108.8696,11.3339],[108.8664,11.3347],[108.8663,11.3335],[108.8619,11.3325],[108.8608,11.3337],[108.8592,11.3342],[108.8577,11.3339],[108.8547,11.3346],[108.8517,11.3344],[108.8497,11.3333],[108.8446,11.3319],[108.8426,11.3295],[108.84,11.3276],[108.84,11.3253],[108.838,11.3233],[108.8352,11.3233],[108.8339,11.3224],[108.8326,11.3225],[108.8314,11.3215],[108.8274,11.3195],[108.8254,11.32],[108.8232,11.3193],[108.822,11.3206],[108.8202,11.3207],[108.817,11.3215],[108.8151,11.3212],[108.8168,11.3131],[108.8166,11.3117],[108.8118,11.3108],[108.8107,11.3127],[108.8098,11.3168],[108.8089,11.3149],[108.8098,11.3105],[108.8026,11.3089],[108.8005,11.3079],[108.8023,11.2997],[108.799,11.3002],[108.7974,11.3078],[108.7955,11.3074],[108.7945,11.3118],[108.7934,11.3116],[108.7929,11.3141],[108.7897,11.3134],[108.7859,11.3119],[108.782,11.3072],[108.7811,11.3054],[108.7805,11.3],[108.7797,11.2986],[108.7791,11.296],[108.7783,11.2942],[108.777,11.2923],[108.7768,11.2885],[108.775,11.288],[108.7725,11.2889],[108.771,11.288],[108.769,11.2879],[108.7679,11.2869],[108.7657,11.2869],[108.7635,11.2864],[108.7601,11.2851],[108.7565,11.2825],[108.7546,11.2798],[108.7525,11.2743]]]},"properties":{"name":"Vĩnh Hảo","level":"ward"}},{"type":"Feature","geometry":{"type":"Polygon","coordinates":[[[108.6011,11.2436],[108.5781,11.2471],[108.5774,11.2461],[108.5768,11.2438],[108.5756,11.2435],[108.5736,11.24],[108.5764,11.2346],[108.5767,11.2319],[108.5783,11.2312],[108.5787,11.2302],[108.5811,11.2294],[108.5814,11.2282],[108.5875,11.2282],[108.5892,11.2278],[108.5867,11.2257],[108.5833,11.2209],[108.5799,11.2189],[108.5772,11.2153],[108.5762,11.2146],[108.5731,11.2134],[108.5721,11.2115],[108.5718,11.2094],[108.5727,11.2085],[108.5709,11.2045],[108.5705,11.2018],[108.5692,11.2008],[108.5679,11.1966],[108.5672,11.1954],[108.5657,11.1947],[108.5654,11.1925],[108.5659,11.1916],[108.5655,11.1896],[108.5641,11.1871],[108.5599,11.1853],[108.5609,11.1842],[108.5611,11.1827],[108.5594,11.1796],[108.5582,11.1803],[108.5562,11.1807],[108.5353,11.1703],[108.5254,11.1653],[108.5058,11.1643],[108.5004,11.1531],[108.5022,11.1312],[108.4668,11.1413],[108.4892,11.1988],[108.4899,11.2024],[108.4899,11.2084],[108.4905,11.2093],[108.4909,11.2121],[108.4905,11.2137],[108.4907,11.2191],[108.4934,11.2186],[108.4942,11.2175],[108.4951,11.2148],[108.4968,11.2147],[108.4968,11.2163],[108.498,11.22],[108.498,11.2212],[108.4971,11.2221],[108.497,11.2251],[108.4963,11.2261],[108.4948,11.2264],[108.4908,11.2302],[108.4898,11.2316],[108.4877,11.232],[108.4831,11.2335],[108.4814,11.2359],[108.4789,11.2378],[108.4756,11.2398],[108.4943,11.2454],[108.4944,11.2429],[108.4973,11.2429],[108.5002,11.2411],[108.5021,11.2414],[108.5022,11.2433],[108.5068,11.2434],[108.508,11.2472],[108.5087,11.2483],[108.5084,11.2495],[108.5147,11.2514],[108.5143,11.2529],[108.5154,11.2544],[108.5149,11.2558],[108.5135,11.256],[108.512,11.2574],[108.5115,11.261],[108.512,11.262],[108.5112,11.2631],[108.5092,11.2625],[108.5076,11.2627],[108.5068,11.2648],[108.5063,11.268],[108.5027,11.2685],[108.5013,11.2689],[108.4994,11.2684],[108.4976,11.2689],[108.4967,11.2704],[108.4952,11.2703],[108.4944,11.2713],[108.4954,11.2726],[108.5018,11.2725],[108.5301,11.272],[108.5478,11.2852],[108.5383,11.2876],[108.5397,11.2951],[108.5724,11.313],[108.5937,11.3119],[108.6166,11.3098],[108.6015,11.2846],[108.6051,11.2769],[108.6057,11.2546],[108.6011,11.2436]]]},"properties":{"name":"Bắc Bình","level":"ward"}},{"type":"Feature","geometry":{"type":"Polygon","coordinates":[[[108.5606,11.5242],[108.5594,11.499],[108.5599,11.4917],[108.5615,11.4365],[108.5623,11.4161],[108.5604,11.3893],[108.5283,11.3935],[108.5102,11.3766],[108.5168,11.3542],[108.5047,11.3347],[108.4978,11.3627],[108.4774,11.3754],[108.4576,11.3939],[108.4548,11.3928],[108.4526,11.3925],[108.4505,11.3916],[108.4474,11.391],[108.4454,11.3898],[108.419,11.3771],[108.4129,11.3765],[108.3696,11.3727],[108.3686,11.3585],[108.3768,11.3452],[108.3768,11.3447],[108.3678,11.3353],[108.3674,11.3335],[108.3676,11.33],[108.3688,11.3288],[108.3712,11.3292],[108.3618,11.321],[108.3448,11.3115],[108.3439,11.3109],[108.3295,11.3115],[108.3143,11.312],[108.3081,11.312],[108.3029,11.3123],[108.2864,11.3127],[108.2752,11.316],[108.2726,11.3107],[108.2716,11.3081],[108.2701,11.3021],[108.2631,11.2988],[108.2611,11.298],[108.2546,11.2947],[108.2518,11.2921],[108.2502,11.2922],[108.251,11.2941],[108.2509,11.2978],[108.25,11.2992],[108.2485,11.3004],[108.2462,11.3035],[108.2446,11.3048],[108.244,11.3078],[108.2423,11.3084],[108.2382,11.3083],[108.2383,11.3099],[108.2376,11.3112],[108.2352,11.3141],[108.235,11.3155],[108.2342,11.317],[108.2328,11.318],[108.2307,11.3176],[108.2297,11.3197],[108.2284,11.3212],[108.2273,11.3217],[108.226,11.3239],[108.2255,11.326],[108.2228,11.3264],[108.222,11.3271],[108.2221,11.3311],[108.2215,11.3317],[108.2217,11.3343],[108.2211,11.3383],[108.2225,11.3404],[108.2262,11.3444],[108.2326,11.3502],[108.2386,11.3534],[108.243,11.3559],[108.246,11.3574],[108.2477,11.359],[108.2504,11.3608],[108.2529,11.3603],[108.2541,11.3596],[108.2551,11.36],[108.2566,11.3618],[108.2642,11.3701],[108.2652,11.3714],[108.2657,11.3733],[108.2678,11.3755],[108.2703,11.3789],[108.2716,11.3803],[108.2734,11.3814],[108.2758,11.3849],[108.2776,11.3869],[108.2772,11.3882],[108.278,11.3904],[108.278,11.3918],[108.2786,11.3948],[108.2907,11.4004],[108.3014,11.4076],[108.3028,11.4094],[108.307,11.413],[108.3055,11.4154],[108.3063,11.416],[108.3068,11.4199],[108.3063,11.4215],[108.3049,11.423],[108.3035,11.4231],[108.3025,11.4251],[108.3029,11.4277],[108.2981,11.4281],[108.297,11.4306],[108.2963,11.4329],[108.2965,11.4349],[108.2945,11.4371],[108.2945,11.4405],[108.2924,11.442],[108.2915,11.4421],[108.289,11.4436],[108.2883,11.4446],[108.2863,11.446],[108.285,11.4475],[108.2818,11.4473],[108.2805,11.4452],[108.2804,11.4436],[108.278,11.4399],[108.2764,11.4398],[108.2748,11.4391],[108.2728,11.44],[108.2724,11.4418],[108.2701,11.4466],[108.2688,11.4473],[108.2676,11.4486],[108.2673,11.4501],[108.2669,11.4537],[108.2654,11.4556],[108.2642,11.4581],[108.2637,11.4618],[108.2577,11.4751],[108.2585,11.4766],[108.2614,11.4795],[108.2678,11.4846],[108.271,11.4877],[108.2708,11.4888],[108.2716,11.4902],[108.2654,11.4971],[108.2671,11.5014],[108.2696,11.5032],[108.2722,11.5056],[108.2724,11.5082],[108.272,11.5098],[108.2753,11.5094],[108.2759,11.5111],[108.2776,11.513],[108.2784,11.5147],[108.2793,11.5155],[108.2817,11.5146],[108.2836,11.5145],[108.2855,11.5152],[108.2877,11.5151],[108.2889,11.5144],[108.2921,11.5143],[108.2933,11.515],[108.2941,11.5144],[108.2959,11.5147],[108.2987,11.5158],[108.3031,11.5186],[108.3036,11.5193],[108.3048,11.522],[108.3058,11.5223],[108.3079,11.5243],[108.3109,11.5251],[108.3124,11.525],[108.3136,11.5262],[108.3178,11.5288],[108.3202,11.5305],[108.3219,11.5306],[108.324,11.5313],[108.3257,11.5307],[108.3255,11.5284],[108.3264,11.5269],[108.3276,11.5237],[108.3297,11.5225],[108.3321,11.5232],[108.3333,11.5223],[108.3351,11.5248],[108.3375,11.5247],[108.3386,11.526],[108.3402,11.5258],[108.3403,11.5272],[108.3415,11.5275],[108.3422,11.5289],[108.3436,11.528],[108.3437,11.5265],[108.3447,11.5249],[108.345,11.523],[108.3466,11.5209],[108.3496,11.521],[108.3503,11.5202],[108.3501,11.5149],[108.3492,11.5128],[108.3493,11.5085],[108.3512,11.5055],[108.3539,11.5051],[108.3554,11.5056],[108.3586,11.5081],[108.3594,11.5072],[108.3622,11.5065],[108.3628,11.5054],[108.364,11.5052],[108.3665,11.5063],[108.3672,11.5073],[108.3698,11.5086],[108.3714,11.5089],[108.3724,11.5084],[108.3739,11.509],[108.3738,11.5099],[108.375,11.5133],[108.3758,11.5169],[108.3805,11.5227],[108.3809,11.5241],[108.3825,11.5254],[108.3855,11.5258],[108.3887,11.5252],[108.3902,11.5238],[108.3903,11.5229],[108.3924,11.5211],[108.3943,11.5186],[108.3975,11.5186],[108.3988,11.5197],[108.4041,11.5215],[108.4075,11.5212],[108.4083,11.5217],[108.409,11.5233],[108.4108,11.525],[108.4114,11.5262],[108.4147,11.5272],[108.4215,11.524],[108.4232,11.5234],[108.4236,11.5223],[108.4239,11.5187],[108.4248,11.5167],[108.4271,11.5157],[108.4282,11.5147],[108.4305,11.5138],[108.4332,11.5138],[108.4345,11.5142],[108.4366,11.5159],[108.4384,11.5159],[108.4409,11.5171],[108.4457,11.518],[108.4507,11.5168],[108.452,11.5171],[108.4547,11.5185],[108.4571,11.5182],[108.4584,11.5163],[108.4602,11.518],[108.4655,11.5166],[108.4678,11.5172],[108.4693,11.5187],[108.4713,11.5231],[108.4741,11.5249],[108.4758,11.5244],[108.4779,11.5252],[108.4805,11.525],[108.4815,11.5255],[108.4837,11.5241],[108.4845,11.5246],[108.4869,11.5278],[108.4887,11.5289],[108.4918,11.5291],[108.4924,11.5301],[108.4951,11.5302],[108.4959,11.529],[108.4972,11.5283],[108.499,11.5257],[108.5041,11.5261],[108.5066,11.5247],[108.5102,11.5221],[108.5116,11.5208],[108.5133,11.5203],[108.5151,11.5186],[108.5168,11.5186],[108.5172,11.5148],[108.5198,11.5132],[108.5223,11.5142],[108.5254,11.5137],[108.5247,11.5126],[108.5244,11.5104],[108.5254,11.509],[108.5268,11.5088],[108.5281,11.5076],[108.5304,11.5071],[108.5361,11.5069],[108.5397,11.5062],[108.5417,11.5061],[108.544,11.5079],[108.5438,11.5107],[108.5451,11.5121],[108.547,11.5121],[108.5488,11.5106],[108.5507,11.5129],[108.552,11.5135],[108.5542,11.5137],[108.5571,11.5158],[108.5578,11.5184],[108.5592,11.5188],[108.5602,11.5239],[108.5606,11.5242]]]},"properties":{"name":"Phan Sơn","level":"ward"}},{"type":"Feature","geometry":{"type":"Polygon","coordinates":[[[108.5604,11.3893],[108.5643,11.3872],[108.5715,11.383],[108.5836,11.3765],[108.5888,11.374],[108.5921,11.3722],[108.6074,11.3588],[108.6166,11.3384],[108.6166,11.3098],[108.5937,11.3119],[108.5724,11.313],[108.5397,11.2951],[108.5383,11.2876],[108.5478,11.2852],[108.5301,11.272],[108.5018,11.2725],[108.4954,11.2726],[108.4944,11.2713],[108.4952,11.2703],[108.4967,11.2704],[108.4976,11.2689],[108.4994,11.2684],[108.5013,11.2689],[108.5027,11.2685],[108.5063,11.268],[108.5068,11.2648],[108.5076,11.2627],[108.5092,11.2625],[108.5112,11.2631],[108.512,11.262],[108.5115,11.261],[108.512,11.2574],[108.5135,11.256],[108.5149,11.2558],[108.5154,11.2544],[108.5143,11.2529],[108.5147,11.2514],[108.5084,11.2495],[108.5087,11.2483],[108.508,11.2472],[108.5068,11.2434],[108.5022,11.2433],[108.5021,11.2414],[108.5002,11.2411],[108.4973,11.2429],[108.4944,11.2429],[108.4943,11.2454],[108.4756,11.2398],[108.4725,11.2389],[108.472,11.2404],[108.4703,11.2432],[108.4701,11.2441],[108.4685,11.2448],[108.4677,11.2466],[108.4676,11.25],[108.4659,11.2505],[108.4617,11.2498],[108.4604,11.2504],[108.4581,11.2503],[108.4563,11.2509],[108.4546,11.2509],[108.4535,11.2477],[108.4533,11.2458],[108.4536,11.2429],[108.4532,11.2403],[108.4514,11.2404],[108.4504,11.2383],[108.4503,11.2352],[108.4458,11.2355],[108.4458,11.2372],[108.4448,11.24],[108.4447,11.2412],[108.4456,11.2438],[108.4443,11.2456],[108.4421,11.246],[108.4415,11.2479],[108.4424,11.2494],[108.4409,11.2505],[108.4407,11.2525],[108.4396,11.2544],[108.4392,11.2569],[108.4241,11.2524],[108.4115,11.2803],[108.411,11.2808],[108.3942,11.2912],[108.3916,11.2949],[108.3919,11.2975],[108.3931,11.299],[108.3939,11.3009],[108.3936,11.3022],[108.3941,11.3033],[108.3934,11.3046],[108.3914,11.3049],[108.3902,11.3078],[108.3905,11.3089],[108.3892,11.3094],[108.3897,11.3119],[108.3884,11.3146],[108.3868,11.3151],[108.3852,11.3144],[108.3826,11.3163],[108.3814,11.3163],[108.3794,11.318],[108.3782,11.3221],[108.3763,11.3226],[108.3753,11.325],[108.3732,11.3276],[108.3712,11.3292],[108.3688,11.3288],[108.3676,11.33],[108.3674,11.3335],[108.3678,11.3353],[108.3768,11.3447],[108.3768,11.3452],[108.3686,11.3585],[108.3696,11.3727],[108.4129,11.3765],[108.419,11.3771],[108.4454,11.3898],[108.4474,11.391],[108.4505,11.3916],[108.4526,11.3925],[108.4548,11.3928],[108.4576,11.3939],[108.4774,11.3754],[108.4978,11.3627],[108.5047,11.3347],[108.5168,11.3542],[108.5102,11.3766],[108.5283,11.3935],[108.5604,11.3893]]]},"properties":{"name":"Hải Ninh","level":"ward"}},{"type":"Feature","geometry":{"type":"Polygon","coordinates":[[[108.2211,11.3383],[108.2217,11.3343],[108.2215,11.3317],[108.2221,11.3311],[108.222,11.3271],[108.2228,11.3264],[108.2255,11.326],[108.226,11.3239],[108.2273,11.3217],[108.2284,11.3212],[108.2297,11.3197],[108.2307,11.3176],[108.2328,11.318],[108.2342,11.317],[108.235,11.3155],[108.2352,11.3141],[108.2376,11.3112],[108.2383,11.3099],[108.2382,11.3083],[108.2423,11.3084],[108.244,11.3078],[108.2446,11.3048],[108.2462,11.3035],[108.2485,11.3004],[108.25,11.2992],[108.2509,11.2978],[108.251,11.2941],[108.2502,11.2922],[108.2518,11.2921],[108.2546,11.2947],[108.2611,11.298],[108.2631,11.2988],[108.2637,11.297],[108.2658,11.2935],[108.2681,11.2913],[108.2683,11.2891],[108.2696,11.2883],[108.2718,11.2861],[108.2717,11.2848],[108.2728,11.2822],[108.2729,11.2802],[108.2713,11.2787],[108.2723,11.2779],[108.2723,11.2765],[108.2737,11.2749],[108.2754,11.2751],[108.278,11.2746],[108.2801,11.2711],[108.2826,11.2702],[108.2835,11.269],[108.2851,11.2697],[108.2874,11.2689],[108.2878,11.2675],[108.2892,11.2651],[108.289,11.2642],[108.2912,11.262],[108.2933,11.2622],[108.2927,11.2601],[108.2927,11.2587],[108.2946,11.2578],[108.2957,11.2565],[108.2975,11.2557],[108.2984,11.2546],[108.299,11.2498],[108.2995,11.2489],[108.3022,11.2492],[108.3026,11.2477],[108.3016,11.2447],[108.302,11.2424],[108.3016,11.2407],[108.3029,11.2396],[108.3048,11.2394],[108.3058,11.2386],[108.3054,11.2359],[108.309,11.2356],[108.3142,11.231],[108.3151,11.2297],[108.3149,11.2288],[108.3133,11.2265],[108.3134,11.2242],[108.315,11.221],[108.3173,11.2183],[108.3194,11.2173],[108.3229,11.217],[108.3241,11.2246],[108.3247,11.2261],[108.3264,11.2277],[108.3287,11.2282],[108.3469,11.2257],[108.3478,11.2164],[108.3487,11.2051],[108.3479,11.1965],[108.3474,11.1953],[108.3499,11.1943],[108.3496,11.1928],[108.3513,11.1917],[108.333,11.1706],[108.3445,11.1342],[108.332,11.1238],[108.2987,11.1365],[108.307,11.1436],[108.3006,11.1552],[108.2812,11.1672],[108.2708,11.1765],[108.2676,11.1789],[108.2674,11.1807],[108.2649,11.1823],[108.2637,11.1843],[108.2631,11.1845],[108.2597,11.1841],[108.2567,11.1848],[108.2557,11.1863],[108.2207,11.197],[108.1931,11.2022],[108.1931,11.2039],[108.1917,11.2046],[108.1911,11.2071],[108.1899,11.2093],[108.1868,11.2168],[108.185,11.2223],[108.1851,11.2235],[108.1819,11.226],[108.176,11.2315],[108.1752,11.2329],[108.1721,11.235],[108.1698,11.2374],[108.1694,11.2385],[108.1679,11.2396],[108.167,11.2412],[108.1631,11.2417],[108.1615,11.2429],[108.1577,11.2445],[108.1523,11.2471],[108.1369,11.254],[108.1268,11.2579],[108.1095,11.2659],[108.1078,11.2665],[108.1058,11.2664],[108.1052,11.2684],[108.1054,11.2702],[108.1071,11.2721],[108.1076,11.276],[108.11,11.2771],[108.1127,11.2776],[108.1114,11.2812],[108.1119,11.284],[108.1112,11.2852],[108.1114,11.2865],[108.1152,11.2939],[108.1169,11.2939],[108.1181,11.2933],[108.1186,11.2913],[108.1201,11.2902],[108.1202,11.2875],[108.1199,11.2849],[108.1229,11.281],[108.1299,11.2904],[108.132,11.2915],[108.1338,11.2913],[108.1406,11.2954],[108.1432,11.2961],[108.1469,11.2978],[108.1497,11.2987],[108.1523,11.3],[108.1546,11.3003],[108.157,11.3013],[108.1703,11.3017],[108.1737,11.3034],[108.1766,11.3036],[108.1826,11.3049],[108.1884,11.3085],[108.189,11.3107],[108.191,11.3118],[108.1929,11.3145],[108.1941,11.3146],[108.1947,11.3163],[108.1967,11.3184],[108.1972,11.3229],[108.2094,11.3283],[108.2202,11.3343],[108.2201,11.3367],[108.2211,11.3383]]]},"properties":{"name":"Sông Luỹ","level":"ward"}},{"type":"Feature","geometry":{"type":"Polygon","coordinates":[[[108.2631,11.2988],[108.2701,11.3021],[108.2716,11.3081],[108.2726,11.3107],[108.2752,11.316],[108.2864,11.3127],[108.3029,11.3123],[108.3081,11.312],[108.3143,11.312],[108.3295,11.3115],[108.3439,11.3109],[108.3448,11.3115],[108.3618,11.321],[108.3712,11.3292],[108.3732,11.3276],[108.3753,11.325],[108.3763,11.3226],[108.3782,11.3221],[108.3794,11.318],[108.3814,11.3163],[108.3826,11.3163],[108.3852,11.3144],[108.3868,11.3151],[108.3884,11.3146],[108.3897,11.3119],[108.3892,11.3094],[108.3905,11.3089],[108.3902,11.3078],[108.3914,11.3049],[108.3934,11.3046],[108.3941,11.3033],[108.3936,11.3022],[108.3939,11.3009],[108.3931,11.299],[108.3919,11.2975],[108.3916,11.2949],[108.3942,11.2912],[108.411,11.2808],[108.4115,11.2803],[108.41,11.2769],[108.4111,11.2753],[108.41,11.2737],[108.4092,11.2718],[108.4088,11.2693],[108.4087,11.2667],[108.4081,11.2657],[108.4074,11.2586],[108.4066,11.2566],[108.4056,11.2489],[108.4033,11.2472],[108.4045,11.243],[108.4065,11.2419],[108.4077,11.2419],[108.4081,11.2406],[108.4104,11.2376],[108.4094,11.2324],[108.4099,11.2302],[108.4113,11.2278],[108.4123,11.2272],[108.4124,11.2234],[108.4138,11.2233],[108.4148,11.2225],[108.414,11.2205],[108.4145,11.2189],[108.4137,11.2182],[108.4084,11.2208],[108.4064,11.2206],[108.4053,11.2199],[108.403,11.217],[108.4044,11.2126],[108.4048,11.2104],[108.4066,11.2054],[108.4072,11.1999],[108.3711,11.1754],[108.333,11.1706],[108.3513,11.1917],[108.3496,11.1928],[108.3499,11.1943],[108.3474,11.1953],[108.3479,11.1965],[108.3487,11.2051],[108.3478,11.2164],[108.3469,11.2257],[108.3287,11.2282],[108.3264,11.2277],[108.3247,11.2261],[108.3241,11.2246],[108.3229,11.217],[108.3194,11.2173],[108.3173,11.2183],[108.315,11.221],[108.3134,11.2242],[108.3133,11.2265],[108.3149,11.2288],[108.3151,11.2297],[108.3142,11.231],[108.309,11.2356],[108.3054,11.2359],[108.3058,11.2386],[108.3048,11.2394],[108.3029,11.2396],[108.3016,11.2407],[108.302,11.2424],[108.3016,11.2447],[108.3026,11.2477],[108.3022,11.2492],[108.2995,11.2489],[108.299,11.2498],[108.2984,11.2546],[108.2975,11.2557],[108.2957,11.2565],[108.2946,11.2578],[108.2927,11.2587],[108.2927,11.2601],[108.2933,11.2622],[108.2912,11.262],[108.289,11.2642],[108.2892,11.2651],[108.2878,11.2675],[108.2874,11.2689],[108.2851,11.2697],[108.2835,11.269],[108.2826,11.2702],[108.2801,11.2711],[108.278,11.2746],[108.2754,11.2751],[108.2737,11.2749],[108.2723,11.2765],[108.2723,11.2779],[108.2713,11.2787],[108.2729,11.2802],[108.2728,11.2822],[108.2717,11.2848],[108.2718,11.2861],[108.2696,11.2883],[108.2683,11.2891],[108.2681,11.2913],[108.2658,11.2935],[108.2637,11.297],[108.2631,11.2988]]]},"properties":{"name":"Lương Sơn","level":"ward"}},{"type":"Feature","geometry":{"type":"Polygon","coordinates":[[[108.4756,11.2398],[108.4789,11.2378],[108.4814,11.2359],[108.4831,11.2335],[108.4877,11.232],[108.4898,11.2316],[108.4908,11.2302],[108.4948,11.2264],[108.4963,11.2261],[108.497,11.2251],[108.4971,11.2221],[108.498,11.2212],[108.498,11.22],[108.4968,11.2163],[108.4968,11.2147],[108.4951,11.2148],[108.4942,11.2175],[108.4934,11.2186],[108.4907,11.2191],[108.4905,11.2137],[108.4909,11.2121],[108.4905,11.2093],[108.4899,11.2084],[108.4899,11.2024],[108.4892,11.1988],[108.4668,11.1413],[108.4643,11.1343],[108.4185,11.1348],[108.4181,11.1361],[108.4156,11.1359],[108.4147,11.1377],[108.4137,11.1374],[108.4136,11.1395],[108.4144,11.1396],[108.4145,11.1422],[108.4124,11.1425],[108.4134,11.1436],[108.4134,11.1455],[108.4143,11.1469],[108.4126,11.1488],[108.4134,11.1505],[108.4135,11.1532],[108.4112,11.1536],[108.4122,11.157],[108.412,11.1619],[108.4111,11.1619],[108.4113,11.1712],[108.4112,11.1743],[108.4103,11.1744],[108.4099,11.176],[108.4102,11.1792],[108.41,11.1801],[108.41,11.1858],[108.4083,11.1858],[108.4083,11.1894],[108.4073,11.1958],[108.4072,11.1999],[108.4066,11.2054],[108.4048,11.2104],[108.4044,11.2126],[108.403,11.217],[108.4053,11.2199],[108.4064,11.2206],[108.4084,11.2208],[108.4137,11.2182],[108.4145,11.2189],[108.414,11.2205],[108.4148,11.2225],[108.4138,11.2233],[108.4124,11.2234],[108.4123,11.2272],[108.4113,11.2278],[108.4099,11.2302],[108.4094,11.2324],[108.4104,11.2376],[108.4081,11.2406],[108.4077,11.2419],[108.4065,11.2419],[108.4045,11.243],[108.4033,11.2472],[108.4056,11.2489],[108.4066,11.2566],[108.4074,11.2586],[108.4081,11.2657],[108.4087,11.2667],[108.4088,11.2693],[108.4092,11.2718],[108.41,11.2737],[108.4111,11.2753],[108.41,11.2769],[108.4115,11.2803],[108.4241,11.2524],[108.4392,11.2569],[108.4396,11.2544],[108.4407,11.2525],[108.4409,11.2505],[108.4424,11.2494],[108.4415,11.2479],[108.4421,11.246],[108.4443,11.2456],[108.4456,11.2438],[108.4447,11.2412],[108.4448,11.24],[108.4458,11.2372],[108.4458,11.2355],[108.4503,11.2352],[108.4504,11.2383],[108.4514,11.2404],[108.4532,11.2403],[108.4536,11.2429],[108.4533,11.2458],[108.4535,11.2477],[108.4546,11.2509],[108.4563,11.2509],[108.4581,11.2503],[108.4604,11.2504],[108.4617,11.2498],[108.4659,11.2505],[108.4676,11.25],[108.4677,11.2466],[108.4685,11.2448],[108.4701,11.2441],[108.4703,11.2432],[108.472,11.2404],[108.4725,11.2389],[108.4756,11.2398]]]},"properties":{"name":"Hồng Thái","level":"ward"}},{"type":"Feature","geometry":{"type":"Polygon","coordinates":[[[108.3499,11.0041],[108.347,11.0059],[108.344,11.0048],[108.3431,11.005],[108.3413,11.0045],[108.3403,11.0036],[108.3373,11.0025],[108.333,11.0015],[108.3231,11.0009],[108.3177,10.9979],[108.3141,10.9962],[108.3073,10.9968],[108.3031,10.9959],[108.2973,10.9959],[108.2931,11.0083],[108.2811,11.0158],[108.2471,11.0282],[108.2527,11.0316],[108.2531,11.0327],[108.2576,11.0953],[108.3013,11.098],[108.2995,11.124],[108.299,11.133],[108.2987,11.1365],[108.332,11.1238],[108.3445,11.1342],[108.333,11.1706],[108.3711,11.1754],[108.4072,11.1999],[108.4073,11.1958],[108.4083,11.1894],[108.4083,11.1858],[108.41,11.1858],[108.41,11.1801],[108.4102,11.1792],[108.4099,11.176],[108.4103,11.1744],[108.4112,11.1743],[108.4113,11.1712],[108.4111,11.1619],[108.412,11.1619],[108.4122,11.157],[108.4112,11.1536],[108.4135,11.1532],[108.4134,11.1505],[108.4126,11.1488],[108.4143,11.1469],[108.4134,11.1455],[108.4134,11.1436],[108.4124,11.1425],[108.4145,11.1422],[108.4144,11.1396],[108.4136,11.1395],[108.4137,11.1374],[108.4147,11.1377],[108.4156,11.1359],[108.4181,11.1361],[108.4185,11.1348],[108.4643,11.1343],[108.4668,11.1413],[108.5022,11.1312],[108.5023,11.1303],[108.5034,11.1283],[108.5002,11.1219],[108.4943,11.1099],[108.4913,11.103],[108.4877,11.0944],[108.483,11.0823],[108.4796,11.072],[108.4773,11.0638],[108.4761,11.059],[108.4748,11.0526],[108.4745,11.0482],[108.4731,11.0491],[108.4705,11.0472],[108.4689,11.0469],[108.4684,11.0454],[108.467,11.0456],[108.4647,11.0433],[108.4614,11.0417],[108.4603,11.0407],[108.4584,11.0405],[108.4538,11.0433],[108.4507,11.044],[108.4493,11.0448],[108.4491,11.0462],[108.4479,11.0473],[108.4458,11.0481],[108.4431,11.0482],[108.437,11.0476],[108.4346,11.0471],[108.4315,11.0454],[108.4276,11.0428],[108.4238,11.0394],[108.4215,11.0363],[108.42,11.0338],[108.4171,11.0307],[108.4163,11.0286],[108.4146,11.0273],[108.4134,11.0269],[108.4119,11.0282],[108.4125,11.0292],[108.4121,11.0319],[108.4092,11.0332],[108.4064,11.0333],[108.4011,11.0327],[108.3984,11.0329],[108.3943,11.0324],[108.3939,11.0328],[108.3913,11.031],[108.39,11.0309],[108.3895,11.0321],[108.3879,11.0323],[108.3868,11.0343],[108.3831,11.0347],[108.3819,11.0343],[108.3777,11.0339],[108.3739,11.0322],[108.3709,11.0296],[108.3688,11.0267],[108.3669,11.0264],[108.365,11.0255],[108.3622,11.0235],[108.3576,11.0184],[108.3545,11.0139],[108.3512,11.0074],[108.3499,11.0041]]]},"properties":{"name":"Hoà Thắng","level":"ward"}},{"type":"Feature","geometry":{"type":"Polygon","coordinates":[[[108.2471,11.0282],[108.215,11.0171],[108.1961,11.001],[108.19,10.9971],[108.1893,10.9957],[108.1869,10.9926],[108.1854,10.9927],[108.1805,10.9924],[108.1789,10.9921],[108.1703,10.9888],[108.1671,10.9871],[108.1638,10.9868],[108.1617,10.9863],[108.1601,10.9871],[108.1554,10.9873],[108.1521,10.9871],[108.1527,10.9894],[108.1506,10.9898],[108.1513,10.9911],[108.1486,10.9926],[108.1479,10.9944],[108.1492,10.9968],[108.1501,10.9973],[108.1499,10.9988],[108.1505,11.0011],[108.1489,11.002],[108.1477,11.0016],[108.1459,11.0023],[108.1457,11.0036],[108.144,11.0052],[108.1446,11.006],[108.1444,11.0075],[108.1412,11.0077],[108.1401,11.0091],[108.1407,11.0113],[108.1413,11.0153],[108.1419,11.0159],[108.1428,11.0211],[108.1414,11.0249],[108.141,11.027],[108.1418,11.0281],[108.145,11.0291],[108.1459,11.0307],[108.1451,11.0321],[108.1407,11.0346],[108.139,11.0343],[108.1394,11.0322],[108.1367,11.0327],[108.1378,11.0349],[108.1365,11.0361],[108.1375,11.0369],[108.1368,11.0382],[108.1352,11.0385],[108.1353,11.0397],[108.1333,11.0391],[108.1325,11.0408],[108.1325,11.0422],[108.13,11.0417],[108.1286,11.0432],[108.1287,11.0443],[108.1274,11.0452],[108.1274,11.0464],[108.1255,11.0494],[108.1244,11.0503],[108.1202,11.0519],[108.1193,11.0537],[108.1186,11.0578],[108.1189,11.0599],[108.1196,11.0611],[108.1187,11.0624],[108.119,11.0637],[108.1109,11.0558],[108.1087,11.0567],[108.1055,11.0593],[108.1028,11.06],[108.103,11.0613],[108.1004,11.0622],[108.0996,11.0614],[108.0983,11.0627],[108.0946,11.0615],[108.0924,11.0616],[108.0909,11.0624],[108.089,11.0613],[108.0869,11.0607],[108.0841,11.0605],[108.0782,11.0619],[108.0772,11.0614],[108.0761,11.0625],[108.0741,11.0624],[108.0729,11.0639],[108.0714,11.0648],[108.0688,11.0653],[108.0667,11.0652],[108.0655,11.0659],[108.0637,11.065],[108.0538,11.0688],[108.0394,11.0694],[108.0306,11.0689],[108.0196,11.0724],[108.005,11.0723],[107.9897,11.08],[107.9862,11.0815],[107.9698,11.088],[107.9662,11.0893],[107.9331,11.1195],[107.9123,11.1398],[107.9137,11.1418],[107.9168,11.1443],[107.9187,11.1446],[107.9222,11.1445],[107.9245,11.144],[107.928,11.1437],[107.9295,11.1439],[107.9305,11.1449],[107.9334,11.146],[107.9344,11.1472],[107.9362,11.148],[107.9417,11.1493],[107.9479,11.1479],[107.9502,11.1485],[107.9519,11.1495],[107.9529,11.1507],[107.9537,11.153],[107.9546,11.1546],[107.9543,11.156],[107.9567,11.1573],[107.9576,11.1571],[107.9611,11.1598],[107.9631,11.1601],[107.9648,11.1593],[107.9656,11.1583],[107.9672,11.1575],[107.9673,11.1554],[107.969,11.1511],[107.9702,11.1501],[107.973,11.1491],[107.9739,11.147],[107.9751,11.1463],[107.978,11.1463],[107.9795,11.1458],[107.983,11.1436],[107.9856,11.1426],[107.9869,11.1428],[107.9878,11.1441],[107.9893,11.1451],[107.9897,11.1466],[107.9918,11.1471],[107.9922,11.1479],[107.9939,11.1492],[107.9954,11.1495],[108.0018,11.1495],[108.0076,11.1437],[108.0149,11.1474],[108.0243,11.1398],[108.026,11.1388],[108.0278,11.137],[108.0301,11.1359],[108.0315,11.1341],[108.0349,11.1341],[108.0361,11.1335],[108.0394,11.1332],[108.0405,11.1322],[108.0414,11.1294],[108.0432,11.1273],[108.0435,11.1259],[108.0466,11.1239],[108.0484,11.1234],[108.0495,11.1223],[108.0504,11.1229],[108.052,11.1209],[108.0539,11.1204],[108.0552,11.1187],[108.0578,11.1187],[108.0593,11.1177],[108.0606,11.118],[108.0611,11.114],[108.0605,11.1135],[108.0613,11.1115],[108.0627,11.1112],[108.0628,11.1103],[108.0657,11.1085],[108.0667,11.1072],[108.0693,11.106],[108.0699,11.1079],[108.0723,11.1074],[108.0732,11.1092],[108.0748,11.1102],[108.0759,11.1084],[108.0779,11.1075],[108.079,11.1057],[108.0811,11.1048],[108.0833,11.1049],[108.0839,11.104],[108.0858,11.1034],[108.0856,11.1026],[108.0869,11.0998],[108.0864,11.098],[108.0882,11.0987],[108.0918,11.0981],[108.0955,11.098],[108.0952,11.0956],[108.0976,11.0937],[108.1003,11.0928],[108.1009,11.0914],[108.1035,11.0912],[108.1058,11.0906],[108.1078,11.0895],[108.1099,11.0929],[108.1107,11.0936],[108.1117,11.0912],[108.1112,11.088],[108.1124,11.086],[108.1165,11.0854],[108.1158,11.0871],[108.1167,11.0899],[108.1187,11.0902],[108.1197,11.0876],[108.1239,11.0871],[108.1264,11.0887],[108.1277,11.0904],[108.1281,11.0927],[108.1276,11.0932],[108.1287,11.0965],[108.1319,11.0957],[108.1335,11.0962],[108.1361,11.0945],[108.1366,11.0933],[108.1402,11.0911],[108.1415,11.0912],[108.145,11.0869],[108.1459,11.0864],[108.1493,11.087],[108.1501,11.0843],[108.1538,11.0876],[108.1547,11.0863],[108.1555,11.0839],[108.1542,11.0815],[108.1541,11.0779],[108.1558,11.0763],[108.1555,11.0751],[108.1541,11.075],[108.1537,11.0727],[108.1594,11.0723],[108.1595,11.0701],[108.1607,11.0657],[108.1632,11.0615],[108.1683,11.0625],[108.1689,11.0612],[108.1726,11.0605],[108.1742,11.0609],[108.1755,11.0596],[108.1742,11.0584],[108.1731,11.0564],[108.1884,11.0481],[108.2018,11.0419],[108.2138,11.0431],[108.2299,11.0424],[108.2531,11.0327],[108.2527,11.0316],[108.2471,11.0282]]]},"properties":{"name":"Hàm Thuận","level":"ward"}},{"type":"Feature","geometry":{"type":"Polygon","coordinates":[[[107.8098,11.1704],[107.8109,11.1713],[107.8112,11.173],[107.8125,11.1741],[107.8142,11.177],[107.8159,11.1771],[107.8177,11.1787],[107.8182,11.1797],[107.8205,11.1797],[107.8211,11.1816],[107.8223,11.1831],[107.8238,11.1824],[107.8261,11.1851],[107.8281,11.1854],[107.829,11.186],[107.8289,11.1872],[107.8299,11.1879],[107.8303,11.1896],[107.8302,11.191],[107.8313,11.1928],[107.8328,11.1935],[107.8355,11.1937],[107.8358,11.2108],[107.8376,11.2193],[107.8387,11.2216],[107.8392,11.224],[107.8386,11.2259],[107.8401,11.2269],[107.8416,11.2286],[107.843,11.2288],[107.8448,11.2308],[107.8475,11.2306],[107.8496,11.2318],[107.8506,11.2343],[107.8523,11.234],[107.855,11.2362],[107.857,11.2361],[107.8576,11.2371],[107.8578,11.2391],[107.8523,11.2596],[107.8497,11.2656],[107.8486,11.27],[107.8487,11.2714],[107.8501,11.2768],[107.8491,11.2774],[107.8438,11.2782],[107.8417,11.279],[107.8409,11.2803],[107.8387,11.281],[107.8375,11.2819],[107.8346,11.2821],[107.8342,11.2828],[107.8321,11.2833],[107.8308,11.2841],[107.8282,11.2842],[107.8261,11.2839],[107.8233,11.2847],[107.8219,11.2857],[107.821,11.2872],[107.8164,11.2912],[107.815,11.2927],[107.8128,11.2934],[107.8098,11.2938],[107.8066,11.2958],[107.8037,11.2966],[107.803,11.2945],[107.8022,11.2949],[107.8033,11.3104],[107.8057,11.3142],[107.8067,11.3151],[107.8072,11.3171],[107.8085,11.3179],[107.8097,11.3204],[107.8099,11.3225],[107.8108,11.3242],[107.813,11.3256],[107.8161,11.326],[107.8184,11.3267],[107.8192,11.3274],[107.8185,11.3307],[107.8195,11.3347],[107.8211,11.3373],[107.8207,11.3392],[107.8211,11.3409],[107.823,11.3418],[107.8256,11.3451],[107.8268,11.3486],[107.8288,11.3509],[107.8293,11.353],[107.8293,11.3558],[107.8285,11.3596],[107.8273,11.3631],[107.8253,11.3656],[107.8248,11.3672],[107.824,11.3679],[107.8228,11.3708],[107.8302,11.3698],[107.8336,11.3698],[107.8636,11.3672],[107.8858,11.3656],[107.9095,11.3635],[107.9285,11.3601],[107.9288,11.3571],[107.93,11.354],[107.9295,11.3494],[107.9283,11.3322],[107.9272,11.3273],[107.9349,11.3268],[107.9368,11.3251],[107.9382,11.3251],[107.938,11.3225],[107.9392,11.3217],[107.9415,11.3222],[107.9429,11.3216],[107.9418,11.3193],[107.9427,11.3167],[107.9446,11.3139],[107.9433,11.3121],[107.944,11.3107],[107.9452,11.3096],[107.9475,11.3088],[107.9474,11.3069],[107.948,11.3055],[107.9497,11.3049],[107.9527,11.3047],[107.9533,11.304],[107.9542,11.3003],[107.9554,11.2984],[107.9556,11.297],[107.9519,11.2959],[107.9514,11.2937],[107.9524,11.293],[107.955,11.2924],[107.9568,11.2913],[107.9596,11.2917],[107.9616,11.2901],[107.9636,11.2905],[107.9643,11.2892],[107.9662,11.2872],[107.9676,11.2851],[107.9679,11.2839],[107.9696,11.2825],[107.9724,11.2825],[107.9728,11.282],[107.9737,11.2783],[107.9746,11.2777],[107.9775,11.2789],[107.9786,11.2786],[107.9791,11.2772],[107.9808,11.2748],[107.98,11.272],[107.98,11.2705],[107.981,11.2669],[107.9806,11.2644],[107.9809,11.262],[107.9793,11.2611],[107.9794,11.2598],[107.9804,11.2565],[107.9803,11.2552],[107.9779,11.2521],[107.9735,11.249],[107.9734,11.246],[107.9729,11.2429],[107.9723,11.2417],[107.9698,11.2398],[107.9683,11.2391],[107.9688,11.2373],[107.9689,11.2348],[107.9708,11.232],[107.9714,11.2291],[107.9701,11.2281],[107.9694,11.2268],[107.967,11.2259],[107.9651,11.2257],[107.9615,11.2239],[107.9592,11.2237],[107.9543,11.2209],[107.952,11.2191],[107.9506,11.219],[107.9473,11.2174],[107.9458,11.2169],[107.9449,11.2156],[107.9434,11.2149],[107.9425,11.2152],[107.9397,11.2147],[107.9343,11.2129],[107.9287,11.2115],[107.9272,11.2118],[107.9248,11.211],[107.9235,11.2115],[107.9209,11.2134],[107.9192,11.211],[107.9185,11.2096],[107.9159,11.2086],[107.9139,11.207],[107.9106,11.2054],[107.9063,11.2045],[107.905,11.2031],[107.9033,11.1993],[107.9032,11.1972],[107.9023,11.1947],[107.9023,11.1919],[107.9014,11.1886],[107.8992,11.1884],[107.898,11.1861],[107.8959,11.1845],[107.8928,11.1847],[107.8927,11.1835],[107.8892,11.1821],[107.8873,11.1797],[107.8864,11.1794],[107.8835,11.1798],[107.8831,11.1774],[107.8824,11.1761],[107.8814,11.1759],[107.8768,11.1752],[107.8757,11.1746],[107.8744,11.1718],[107.8741,11.1704],[107.8722,11.1701],[107.8685,11.1726],[107.8684,11.1741],[107.8671,11.1754],[107.8658,11.1754],[107.8646,11.1765],[107.8607,11.1757],[107.8592,11.1757],[107.8565,11.1748],[107.8559,11.1741],[107.8527,11.1728],[107.8515,11.1732],[107.8512,11.1744],[107.8493,11.1763],[107.8463,11.1747],[107.8451,11.1745],[107.8433,11.1733],[107.8433,11.1714],[107.8459,11.171],[107.8466,11.1699],[107.8467,11.1678],[107.8455,11.1667],[107.8437,11.166],[107.8414,11.166],[107.8401,11.1665],[107.8387,11.1655],[107.8353,11.1655],[107.8331,11.1664],[107.8311,11.1648],[107.8311,11.1633],[107.8292,11.1636],[107.8285,11.1666],[107.8278,11.1681],[107.8257,11.1686],[107.8242,11.168],[107.8243,11.1667],[107.8234,11.1656],[107.8217,11.1667],[107.8173,11.1675],[107.8142,11.1691],[107.8129,11.1692],[107.8105,11.1705],[107.8098,11.1704]]]},"properties":{"name":"La Dạ","level":"ward"}},{"type":"Feature","geometry":{"type":"Polygon","coordinates":[[[107.9672,11.1575],[107.9656,11.1583],[107.9648,11.1593],[107.9631,11.1601],[107.9611,11.1598],[107.9576,11.1571],[107.9567,11.1573],[107.9543,11.156],[107.9546,11.1546],[107.9537,11.153],[107.9529,11.1507],[107.9519,11.1495],[107.9502,11.1485],[107.9479,11.1479],[107.9417,11.1493],[107.9362,11.148],[107.9344,11.1472],[107.9334,11.146],[107.9305,11.1449],[107.9295,11.1439],[107.928,11.1437],[107.9245,11.144],[107.9222,11.1445],[107.9187,11.1446],[107.9168,11.1443],[107.9137,11.1418],[107.9123,11.1398],[107.9093,11.14],[107.9052,11.1436],[107.9035,11.1431],[107.9032,11.1442],[107.9032,11.1485],[107.9016,11.1519],[107.9,11.1537],[107.9,11.1549],[107.8982,11.1552],[107.8972,11.1561],[107.8976,11.1575],[107.8969,11.1586],[107.8941,11.1594],[107.893,11.1606],[107.8922,11.1622],[107.8908,11.1621],[107.8905,11.164],[107.8897,11.1656],[107.8893,11.1682],[107.8899,11.17],[107.89,11.1723],[107.8893,11.1733],[107.886,11.1727],[107.8833,11.1739],[107.8831,11.1749],[107.8814,11.1759],[107.8824,11.1761],[107.8831,11.1774],[107.8835,11.1798],[107.8864,11.1794],[107.8873,11.1797],[107.8892,11.1821],[107.8927,11.1835],[107.8928,11.1847],[107.8959,11.1845],[107.898,11.1861],[107.8992,11.1884],[107.9014,11.1886],[107.9023,11.1919],[107.9023,11.1947],[107.9032,11.1972],[107.9033,11.1993],[107.905,11.2031],[107.9063,11.2045],[107.9106,11.2054],[107.9139,11.207],[107.9159,11.2086],[107.9185,11.2096],[107.9192,11.211],[107.9209,11.2134],[107.9235,11.2115],[107.9248,11.211],[107.9272,11.2118],[107.9287,11.2115],[107.9343,11.2129],[107.9397,11.2147],[107.9425,11.2152],[107.9434,11.2149],[107.9449,11.2156],[107.9458,11.2169],[107.9473,11.2174],[107.9506,11.219],[107.952,11.2191],[107.9543,11.2209],[107.9592,11.2237],[107.9615,11.2239],[107.9651,11.2257],[107.967,11.2259],[107.9694,11.2268],[107.9701,11.2281],[107.9714,11.2291],[107.9708,11.232],[107.9689,11.2348],[107.9688,11.2373],[107.9683,11.2391],[107.9698,11.2398],[107.9723,11.2417],[107.9729,11.2429],[107.9734,11.246],[107.9735,11.249],[107.9779,11.2521],[107.9803,11.2552],[107.9804,11.2565],[107.9794,11.2598],[107.9793,11.2611],[107.9809,11.262],[107.9806,11.2644],[107.981,11.2669],[107.98,11.2705],[107.98,11.272],[107.9808,11.2748],[107.9791,11.2772],[107.9786,11.2786],[107.9775,11.2789],[107.9746,11.2777],[107.9737,11.2783],[107.9728,11.282],[107.9724,11.2825],[107.9696,11.2825],[107.9679,11.2839],[107.9676,11.2851],[107.9662,11.2872],[107.9643,11.2892],[107.9636,11.2905],[107.9616,11.2901],[107.9596,11.2917],[107.9568,11.2913],[107.955,11.2924],[107.9524,11.293],[107.9514,11.2937],[107.9519,11.2959],[107.9556,11.297],[107.9554,11.2984],[107.9542,11.3003],[107.9533,11.304],[107.9527,11.3047],[107.9497,11.3049],[107.948,11.3055],[107.9474,11.3069],[107.9475,11.3088],[107.9452,11.3096],[107.944,11.3107],[107.9433,11.3121],[107.9446,11.3139],[107.9427,11.3167],[107.9418,11.3193],[107.9429,11.3216],[107.9415,11.3222],[107.9392,11.3217],[107.938,11.3225],[107.9382,11.3251],[107.9368,11.3251],[107.9349,11.3268],[107.9272,11.3273],[107.9283,11.3322],[107.9295,11.3494],[107.93,11.354],[107.9288,11.3571],[107.9285,11.3601],[107.9342,11.3591],[107.9357,11.3568],[107.9359,11.3539],[107.9365,11.3522],[107.9382,11.3495],[107.9394,11.3487],[107.9422,11.3476],[107.9443,11.3471],[107.9485,11.3473],[107.9528,11.3493],[107.957,11.3516],[107.9591,11.3512],[107.9628,11.35],[107.9662,11.3486],[107.9699,11.3466],[107.9738,11.3444],[107.9771,11.3437],[107.9838,11.3415],[107.9846,11.3415],[107.9873,11.3401],[107.9904,11.3405],[107.9912,11.3402],[107.9926,11.3412],[107.9942,11.341],[107.9954,11.3389],[107.9966,11.3381],[107.9981,11.338],[107.999,11.3368],[108.0015,11.336],[108.0013,11.3345],[108.0022,11.333],[108.0297,11.3274],[108.0305,11.3259],[108.0302,11.3229],[108.0286,11.3211],[108.0287,11.3201],[108.0279,11.3186],[108.0279,11.315],[108.0283,11.3129],[108.0296,11.3097],[108.0316,11.3069],[108.0322,11.3046],[108.0309,11.3033],[108.0312,11.3021],[108.0303,11.2988],[108.0312,11.2967],[108.0327,11.296],[108.0329,11.2943],[108.0339,11.2927],[108.035,11.2893],[108.0365,11.2865],[108.0375,11.283],[108.0384,11.2815],[108.0408,11.2804],[108.0412,11.2798],[108.0437,11.2788],[108.0447,11.2758],[108.0435,11.2731],[108.0435,11.2691],[108.0425,11.2675],[108.042,11.2655],[108.0425,11.2633],[108.0419,11.2603],[108.0421,11.2593],[108.0444,11.2581],[108.0446,11.2573],[108.047,11.2557],[108.0476,11.2539],[108.0476,11.2524],[108.0497,11.2495],[108.0499,11.2477],[108.051,11.2478],[108.0516,11.2464],[108.053,11.2455],[108.0521,11.2435],[108.0533,11.2408],[108.051,11.2392],[108.049,11.2368],[108.0468,11.2356],[108.0466,11.2347],[108.0481,11.2327],[108.0478,11.2301],[108.0473,11.229],[108.0474,11.2276],[108.0466,11.2263],[108.0465,11.2244],[108.0484,11.2233],[108.0475,11.22],[108.0484,11.2194],[108.0473,11.2176],[108.0455,11.2168],[108.0462,11.2154],[108.0461,11.2144],[108.045,11.2138],[108.0463,11.2119],[108.0463,11.2083],[108.0472,11.2074],[108.0469,11.2061],[108.0483,11.2046],[108.0501,11.2041],[108.0505,11.2029],[108.0498,11.2015],[108.047,11.2016],[108.0462,11.2007],[108.043,11.2006],[108.0393,11.199],[108.0375,11.1954],[108.0339,11.1946],[108.0294,11.1942],[108.0247,11.1906],[108.0229,11.1901],[108.0191,11.1898],[108.0142,11.1911],[108.0117,11.1924],[108.0079,11.1903],[108.0065,11.1891],[108.0035,11.1894],[108.0021,11.1889],[108.0004,11.189],[107.9988,11.19],[107.9968,11.19],[107.9943,11.1869],[107.9883,11.1807],[107.9867,11.1796],[107.9729,11.1658],[107.9706,11.162],[107.9694,11.1611],[107.9672,11.1575]]]},"properties":{"name":"Đông Giang","level":"ward"}},{"type":"Feature","geometry":{"type":"Polygon","coordinates":[[[108.1931,11.2022],[108.2207,11.197],[108.2557,11.1863],[108.2567,11.1848],[108.2597,11.1841],[108.2631,11.1845],[108.2637,11.1843],[108.2649,11.1823],[108.2674,11.1807],[108.2676,11.1789],[108.2708,11.1765],[108.2812,11.1672],[108.3006,11.1552],[108.307,11.1436],[108.2987,11.1365],[108.299,11.133],[108.2995,11.124],[108.3013,11.098],[108.2576,11.0953],[108.2531,11.0327],[108.2299,11.0424],[108.2138,11.0431],[108.2018,11.0419],[108.1884,11.0481],[108.1731,11.0564],[108.1742,11.0584],[108.1755,11.0596],[108.1742,11.0609],[108.1726,11.0605],[108.1689,11.0612],[108.1683,11.0625],[108.1632,11.0615],[108.1607,11.0657],[108.1595,11.0701],[108.1594,11.0723],[108.1537,11.0727],[108.1541,11.075],[108.1555,11.0751],[108.1558,11.0763],[108.1541,11.0779],[108.1542,11.0815],[108.1555,11.0839],[108.1547,11.0863],[108.1538,11.0876],[108.1702,11.1021],[108.1692,11.1073],[108.1697,11.1095],[108.1696,11.1113],[108.1703,11.1134],[108.1713,11.1148],[108.172,11.1274],[108.1698,11.1278],[108.1687,11.1285],[108.1667,11.1321],[108.1673,11.1331],[108.1686,11.1325],[108.1699,11.1312],[108.1711,11.1321],[108.1723,11.1319],[108.1753,11.1323],[108.1781,11.1342],[108.1797,11.1373],[108.1793,11.1384],[108.1796,11.141],[108.181,11.142],[108.1803,11.143],[108.1791,11.1463],[108.1796,11.1474],[108.1782,11.1499],[108.1801,11.1499],[108.1828,11.1543],[108.1838,11.1585],[108.1858,11.1596],[108.1876,11.1598],[108.1877,11.1611],[108.1915,11.1664],[108.1952,11.1697],[108.1954,11.1718],[108.1937,11.1744],[108.1924,11.1753],[108.1925,11.1761],[108.1901,11.1775],[108.189,11.1788],[108.1894,11.1797],[108.191,11.1804],[108.1933,11.1828],[108.1949,11.1866],[108.1957,11.1876],[108.1949,11.1906],[108.1942,11.1925],[108.1947,11.1939],[108.1958,11.1942],[108.1965,11.196],[108.1951,11.1983],[108.1957,11.2002],[108.193,11.201],[108.1931,11.2022]]]},"properties":{"name":"Hồng Sơn","level":"ward"}},{"type":"Feature","geometry":{"type":"Polygon","coordinates":[[[108.1052,11.2684],[108.1058,11.2664],[108.1078,11.2665],[108.1095,11.2659],[108.1268,11.2579],[108.1369,11.254],[108.1523,11.2471],[108.1577,11.2445],[108.1615,11.2429],[108.1631,11.2417],[108.167,11.2412],[108.1679,11.2396],[108.1694,11.2385],[108.1698,11.2374],[108.1721,11.235],[108.1752,11.2329],[108.176,11.2315],[108.1819,11.226],[108.1851,11.2235],[108.185,11.2223],[108.1868,11.2168],[108.1899,11.2093],[108.1911,11.2071],[108.1917,11.2046],[108.1931,11.2039],[108.1931,11.2022],[108.193,11.201],[108.1957,11.2002],[108.1951,11.1983],[108.1965,11.196],[108.1958,11.1942],[108.1947,11.1939],[108.1942,11.1925],[108.1949,11.1906],[108.1957,11.1876],[108.1949,11.1866],[108.1933,11.1828],[108.191,11.1804],[108.1894,11.1797],[108.189,11.1788],[108.1901,11.1775],[108.1925,11.1761],[108.1924,11.1753],[108.1937,11.1744],[108.1954,11.1718],[108.1952,11.1697],[108.1915,11.1664],[108.1877,11.1611],[108.1876,11.1598],[108.1858,11.1596],[108.1838,11.1585],[108.1828,11.1543],[108.1801,11.1499],[108.1782,11.1499],[108.1796,11.1474],[108.1791,11.1463],[108.1803,11.143],[108.181,11.142],[108.1796,11.141],[108.1793,11.1384],[108.1797,11.1373],[108.1781,11.1342],[108.1753,11.1323],[108.1723,11.1319],[108.1711,11.1321],[108.1699,11.1312],[108.1686,11.1325],[108.1673,11.1331],[108.1667,11.1321],[108.1687,11.1285],[108.1698,11.1278],[108.172,11.1274],[108.1713,11.1148],[108.1703,11.1134],[108.1696,11.1113],[108.1697,11.1095],[108.1692,11.1073],[108.1702,11.1021],[108.1538,11.0876],[108.1501,11.0843],[108.1493,11.087],[108.1459,11.0864],[108.145,11.0869],[108.1415,11.0912],[108.1402,11.0911],[108.1366,11.0933],[108.1361,11.0945],[108.1335,11.0962],[108.1319,11.0957],[108.1287,11.0965],[108.1276,11.0932],[108.1281,11.0927],[108.1277,11.0904],[108.1264,11.0887],[108.1239,11.0871],[108.1197,11.0876],[108.1187,11.0902],[108.1167,11.0899],[108.1158,11.0871],[108.1165,11.0854],[108.1124,11.086],[108.1112,11.088],[108.1117,11.0912],[108.1107,11.0936],[108.1099,11.0929],[108.1078,11.0895],[108.1058,11.0906],[108.1035,11.0912],[108.1009,11.0914],[108.1003,11.0928],[108.0976,11.0937],[108.0952,11.0956],[108.0955,11.098],[108.0918,11.0981],[108.0882,11.0987],[108.0864,11.098],[108.0869,11.0998],[108.0856,11.1026],[108.0858,11.1034],[108.0839,11.104],[108.0833,11.1049],[108.0811,11.1048],[108.079,11.1057],[108.0779,11.1075],[108.0759,11.1084],[108.0748,11.1102],[108.0732,11.1092],[108.0723,11.1074],[108.0699,11.1079],[108.0693,11.106],[108.0667,11.1072],[108.0657,11.1085],[108.0628,11.1103],[108.0627,11.1112],[108.0613,11.1115],[108.0605,11.1135],[108.0611,11.114],[108.0606,11.118],[108.0593,11.1177],[108.0578,11.1187],[108.0552,11.1187],[108.0539,11.1204],[108.052,11.1209],[108.0504,11.1229],[108.0495,11.1223],[108.0484,11.1234],[108.0466,11.1239],[108.0435,11.1259],[108.0432,11.1273],[108.0414,11.1294],[108.0405,11.1322],[108.0394,11.1332],[108.0361,11.1335],[108.0349,11.1341],[108.0315,11.1341],[108.0301,11.1359],[108.0278,11.137],[108.026,11.1388],[108.0243,11.1398],[108.0149,11.1474],[108.0076,11.1437],[108.0018,11.1495],[107.9954,11.1495],[107.9939,11.1492],[107.9922,11.1479],[107.9918,11.1471],[107.9897,11.1466],[107.9893,11.1451],[107.9878,11.1441],[107.9869,11.1428],[107.9856,11.1426],[107.983,11.1436],[107.9795,11.1458],[107.978,11.1463],[107.9751,11.1463],[107.9739,11.147],[107.973,11.1491],[107.9702,11.1501],[107.969,11.1511],[107.9673,11.1554],[107.9672,11.1575],[107.9694,11.1611],[107.9706,11.162],[107.9729,11.1658],[107.9867,11.1796],[107.9883,11.1807],[107.9943,11.1869],[107.9968,11.19],[107.9988,11.19],[108.0004,11.189],[108.0021,11.1889],[108.0035,11.1894],[108.0065,11.1891],[108.0079,11.1903],[108.0117,11.1924],[108.0142,11.1911],[108.0191,11.1898],[108.0229,11.1901],[108.0247,11.1906],[108.0294,11.1942],[108.0339,11.1946],[108.0375,11.1954],[108.0393,11.199],[108.043,11.2006],[108.0462,11.2007],[108.047,11.2016],[108.0498,11.2015],[108.0505,11.2029],[108.0501,11.2041],[108.0483,11.2046],[108.0469,11.2061],[108.0472,11.2074],[108.0463,11.2083],[108.0463,11.2119],[108.045,11.2138],[108.0461,11.2144],[108.0462,11.2154],[108.0487,11.216],[108.0491,11.2169],[108.0516,11.2187],[108.0535,11.2181],[108.0577,11.2187],[108.0586,11.222],[108.0579,11.2252],[108.058,11.227],[108.0574,11.2285],[108.0557,11.2301],[108.0565,11.2325],[108.0561,11.2375],[108.0572,11.2402],[108.0578,11.2427],[108.06,11.2438],[108.062,11.2455],[108.0639,11.2463],[108.0646,11.2474],[108.0692,11.2505],[108.0735,11.2525],[108.0749,11.254],[108.0763,11.2545],[108.078,11.2567],[108.0783,11.2581],[108.0798,11.259],[108.081,11.2591],[108.082,11.26],[108.0817,11.2611],[108.0846,11.2653],[108.0872,11.2666],[108.0875,11.2681],[108.0899,11.2686],[108.0932,11.2684],[108.0941,11.2679],[108.0965,11.2681],[108.0992,11.2663],[108.1002,11.2663],[108.1029,11.2673],[108.1047,11.2675],[108.1052,11.2684]]]},"properties":{"name":"Hàm Thuận Bắc","level":"ward"}},{"type":"Feature","geometry":{"type":"Polygon","coordinates":[[[108.1401,11.0091],[108.1395,11.006],[108.1372,11.0058],[108.1344,11.0049],[108.1332,11.0056],[108.1322,11.0042],[108.1295,11.005],[108.1289,11.0019],[108.1281,11.001],[108.1276,10.9993],[108.1247,10.997],[108.1238,10.9957],[108.1251,10.9926],[108.124,10.9912],[108.1222,10.986],[108.121,10.9846],[108.1182,10.9847],[108.1175,10.9838],[108.1154,10.9843],[108.1141,10.9836],[108.1126,10.9797],[108.1119,10.9758],[108.1104,10.9696],[108.1067,10.9601],[108.108,10.9591],[108.1088,10.9569],[108.1115,10.9532],[108.1097,10.9542],[108.109,10.9533],[108.1069,10.953],[108.1062,10.9525],[108.1032,10.953],[108.1031,10.9539],[108.0977,10.9565],[108.0962,10.957],[108.0938,10.9567],[108.0928,10.9547],[108.0917,10.9536],[108.0904,10.9536],[108.0884,10.9545],[108.0876,10.9573],[108.0859,10.9575],[108.0858,10.9602],[108.0837,10.9611],[108.0829,10.9622],[108.0816,10.9628],[108.0816,10.9639],[108.0795,10.9649],[108.078,10.9647],[108.0729,10.9657],[108.0719,10.9653],[108.0709,10.9678],[108.0719,10.9691],[108.0717,10.9704],[108.0693,10.9706],[108.0691,10.9735],[108.0678,10.9746],[108.0654,10.9745],[108.0635,10.9755],[108.0614,10.9759],[108.0592,10.9771],[108.0568,10.9781],[108.0556,10.9821],[108.0572,10.9835],[108.0559,10.9855],[108.054,10.987],[108.0502,10.9916],[108.0485,10.9924],[108.045,10.995],[108.043,10.9977],[108.0409,10.9998],[108.0382,11.0009],[108.0382,11.0038],[108.0374,11.0061],[108.0337,11.0084],[108.0333,11.0098],[108.0313,11.0109],[108.0297,11.0112],[108.0284,11.0127],[108.0286,11.0136],[108.0271,11.0144],[108.0268,11.0153],[108.0243,11.017],[108.0247,11.0186],[108.0234,11.0189],[108.0243,11.0203],[108.0243,11.0224],[108.0225,11.0243],[108.0221,11.0271],[108.0201,11.0315],[108.0184,11.033],[108.0192,11.0488],[108.0196,11.0724],[108.0306,11.0689],[108.0394,11.0694],[108.0538,11.0688],[108.0637,11.065],[108.0655,11.0659],[108.0667,11.0652],[108.0688,11.0653],[108.0714,11.0648],[108.0729,11.0639],[108.0741,11.0624],[108.0761,11.0625],[108.0772,11.0614],[108.0782,11.0619],[108.0841,11.0605],[108.0869,11.0607],[108.089,11.0613],[108.0909,11.0624],[108.0924,11.0616],[108.0946,11.0615],[108.0983,11.0627],[108.0996,11.0614],[108.1004,11.0622],[108.103,11.0613],[108.1028,11.06],[108.1055,11.0593],[108.1087,11.0567],[108.1109,11.0558],[108.119,11.0637],[108.1187,11.0624],[108.1196,11.0611],[108.1189,11.0599],[108.1186,11.0578],[108.1193,11.0537],[108.1202,11.0519],[108.1244,11.0503],[108.1255,11.0494],[108.1274,11.0464],[108.1274,11.0452],[108.1287,11.0443],[108.1286,11.0432],[108.13,11.0417],[108.1325,11.0422],[108.1325,11.0408],[108.1333,11.0391],[108.1353,11.0397],[108.1352,11.0385],[108.1368,11.0382],[108.1375,11.0369],[108.1365,11.0361],[108.1378,11.0349],[108.1367,11.0327],[108.1394,11.0322],[108.139,11.0343],[108.1407,11.0346],[108.1451,11.0321],[108.1459,11.0307],[108.145,11.0291],[108.1418,11.0281],[108.141,11.027],[108.1414,11.0249],[108.1428,11.0211],[108.1419,11.0159],[108.1413,11.0153],[108.1407,11.0113],[108.1401,11.0091]]]},"properties":{"name":"Hàm Liêm","level":"ward"}},{"type":"Feature","geometry":{"type":"Polygon","coordinates":[[[107.9807,10.8178],[107.9808,10.8169],[107.9779,10.8158],[107.974,10.8138],[107.9723,10.8121],[107.9708,10.8128],[107.9654,10.8103],[107.9639,10.8099],[107.9602,10.8104],[107.9549,10.8088],[107.9498,10.8068],[107.9435,10.8039],[107.9412,10.8022],[107.9404,10.8009],[107.9383,10.7992],[107.9348,10.7974],[107.9325,10.7956],[107.93,10.7933],[107.9266,10.7915],[107.9219,10.7904],[107.9196,10.7891],[107.9165,10.7864],[107.9163,10.789],[107.9179,10.7904],[107.9177,10.7929],[107.918,10.796],[107.917,10.7971],[107.9185,10.8001],[107.9186,10.8018],[107.9194,10.8036],[107.9193,10.8049],[107.9052,10.8126],[107.9002,10.8151],[107.8945,10.8174],[107.8757,10.7959],[107.8739,10.7986],[107.871,10.8007],[107.8686,10.801],[107.8677,10.7998],[107.8673,10.7982],[107.8633,10.7995],[107.8625,10.8003],[107.8622,10.8019],[107.8614,10.8033],[107.8615,10.8053],[107.8597,10.8064],[107.8577,10.8048],[107.8564,10.8047],[107.8564,10.806],[107.858,10.8069],[107.8579,10.8079],[107.8566,10.8092],[107.8579,10.8101],[107.8568,10.8126],[107.8571,10.8141],[107.8588,10.8161],[107.8575,10.8165],[107.8566,10.8184],[107.8571,10.8209],[107.8555,10.8223],[107.853,10.8225],[107.8534,10.8249],[107.8522,10.8255],[107.851,10.8251],[107.8497,10.8256],[107.8482,10.827],[107.8472,10.8285],[107.8476,10.8296],[107.8433,10.8317],[107.8426,10.8337],[107.8439,10.8349],[107.8438,10.8369],[107.8467,10.8378],[107.8467,10.8398],[107.8494,10.84],[107.8496,10.8408],[107.8512,10.8413],[107.8513,10.8422],[107.8526,10.843],[107.8533,10.8463],[107.8545,10.8479],[107.8547,10.8502],[107.8554,10.8509],[107.8576,10.8509],[107.8582,10.852],[107.8612,10.851],[107.862,10.8521],[107.8632,10.8526],[107.8645,10.8557],[107.8669,10.8581],[107.8686,10.8605],[107.8719,10.8623],[107.8724,10.8636],[107.8715,10.8645],[107.8723,10.866],[107.8724,10.8682],[107.8741,10.8681],[107.8773,10.866],[107.8789,10.8668],[107.8804,10.8654],[107.8824,10.8649],[107.885,10.8648],[107.8858,10.8636],[107.8899,10.8632],[107.8897,10.8617],[107.891,10.8613],[107.8908,10.86],[107.8939,10.8595],[107.8939,10.8617],[107.8956,10.8678],[107.8954,10.8728],[107.8943,10.874],[107.8935,10.8764],[107.8911,10.8785],[107.891,10.8794],[107.893,10.8824],[107.8924,10.8859],[107.8896,10.8846],[107.8887,10.8848],[107.8868,10.8842],[107.8851,10.8843],[107.8838,10.883],[107.8837,10.8815],[107.8805,10.8809],[107.8788,10.8816],[107.8775,10.8816],[107.8769,10.8825],[107.8766,10.8849],[107.875,10.8851],[107.874,10.8861],[107.8742,10.8872],[107.8727,10.8885],[107.8723,10.8912],[107.8699,10.8929],[107.8682,10.8933],[107.867,10.8951],[107.8657,10.8956],[107.8641,10.8974],[107.8632,10.8976],[107.8625,10.8994],[107.8658,10.9205],[107.8942,10.9082],[107.902,10.9048],[107.9147,10.8993],[107.919,10.8973],[107.9331,10.8912],[107.9342,10.8893],[107.9359,10.8892],[107.9371,10.8879],[107.9387,10.8873],[107.9395,10.8876],[107.9415,10.8853],[107.9428,10.8857],[107.9454,10.8831],[107.9454,10.8815],[107.9463,10.8789],[107.9455,10.8784],[107.9447,10.8738],[107.9443,10.8726],[107.9445,10.871],[107.944,10.8704],[107.9445,10.8678],[107.9434,10.8642],[107.9442,10.862],[107.9434,10.8587],[107.9438,10.8576],[107.9428,10.8566],[107.9425,10.8549],[107.9444,10.8541],[107.9469,10.8515],[107.9496,10.8495],[107.9502,10.8504],[107.9549,10.8529],[107.955,10.8526],[107.9602,10.8522],[107.9617,10.8507],[107.9661,10.8492],[107.9678,10.8493],[107.9694,10.8461],[107.9684,10.8458],[107.9685,10.8443],[107.9692,10.8436],[107.9694,10.8372],[107.9732,10.8375],[107.9739,10.8365],[107.9752,10.8365],[107.9752,10.8349],[107.9769,10.8349],[107.9767,10.8327],[107.9757,10.8317],[107.9781,10.8272],[107.9786,10.8241],[107.9779,10.8226],[107.9799,10.822],[107.9797,10.8179],[107.9807,10.8178]]]},"properties":{"name":"Hàm Thuận Nam","level":"ward"}},{"type":"Feature","geometry":{"type":"Polygon","coordinates":[[[108.0184,11.033],[108.0177,11.0229],[108.0067,11.0216],[108.0069,11.02],[108.0078,11.0175],[108.0085,11.0174],[108.0087,11.0126],[108.0121,11.0075],[108.0104,11.0072],[108.0108,11.0051],[108.0109,11.0024],[108.0112,11.0003],[108.0112,10.9951],[108.0119,10.9947],[108.0136,10.9924],[108.0123,10.9893],[108.0137,10.9879],[108.0131,10.9871],[108.0127,10.9842],[108.0117,10.985],[108.0113,10.9868],[108.0093,10.9873],[108.0073,10.9886],[108.007,10.9896],[108.0055,10.9906],[108.0036,10.9906],[108.0003,10.9914],[107.9987,10.9906],[107.9979,10.9888],[107.9942,10.988],[107.9938,10.9871],[107.9946,10.9845],[107.9932,10.9836],[107.9914,10.9844],[107.9902,10.9836],[107.9877,10.9832],[107.9868,10.984],[107.9852,10.9833],[107.9818,10.9847],[107.9781,10.9848],[107.9771,10.9861],[107.9762,10.9862],[107.9746,10.9855],[107.9754,10.9843],[107.9778,10.9827],[107.9791,10.981],[107.9802,10.9803],[107.9799,10.9786],[107.9818,10.9785],[107.9809,10.9771],[107.9789,10.9761],[107.9766,10.9761],[107.9746,10.9754],[107.9728,10.9741],[107.9709,10.972],[107.9698,10.9712],[107.968,10.9713],[107.966,10.97],[107.9676,10.9678],[107.9662,10.9674],[107.9668,10.9657],[107.9658,10.9637],[107.9669,10.9629],[107.966,10.96],[107.9662,10.9591],[107.9655,10.9572],[107.9633,10.9566],[107.9609,10.9572],[107.9612,10.958],[107.9588,10.9586],[107.9586,10.9613],[107.9549,10.9636],[107.9537,10.9649],[107.9505,10.9649],[107.9485,10.9642],[107.9472,10.9645],[107.946,10.9659],[107.9439,10.9667],[107.9422,10.9668],[107.9402,10.9678],[107.9402,10.9657],[107.9382,10.9653],[107.9324,10.9623],[107.9268,10.9603],[107.9211,10.9612],[107.9176,10.9611],[107.9154,10.9604],[107.9131,10.9608],[107.9116,10.9604],[107.9094,10.961],[107.9079,10.9621],[107.9075,10.9608],[107.906,10.9612],[107.9038,10.9597],[107.9008,10.9584],[107.8991,10.9588],[107.8976,10.9564],[107.8961,10.9565],[107.8946,10.9574],[107.8926,10.9558],[107.8915,10.9561],[107.8918,10.9538],[107.8913,10.9516],[107.8921,10.9515],[107.8932,10.9495],[107.8948,10.9483],[107.8943,10.9475],[107.8916,10.9456],[107.8906,10.9438],[107.8887,10.9414],[107.8867,10.9398],[107.8864,10.9383],[107.8852,10.9376],[107.8842,10.9361],[107.8849,10.9348],[107.8834,10.9342],[107.8839,10.933],[107.8817,10.9329],[107.8802,10.9313],[107.8781,10.93],[107.8769,10.9287],[107.8766,10.9273],[107.8753,10.9268],[107.8736,10.9269],[107.8712,10.9258],[107.8574,10.9322],[107.8488,10.9385],[107.8484,10.9437],[107.8368,10.9434],[107.8327,10.9739],[107.8325,10.9763],[107.8315,10.9779],[107.8291,10.9838],[107.8288,10.9863],[107.8271,10.9877],[107.8277,10.9964],[107.827,10.9974],[107.8266,10.9998],[107.8246,11.0006],[107.8258,11.0028],[107.8258,11.0037],[107.8276,11.0055],[107.8277,11.0071],[107.8302,11.0073],[107.8303,11.0087],[107.8288,11.0088],[107.8266,11.0106],[107.8268,11.0117],[107.8231,11.015],[107.8232,11.0171],[107.8209,11.0192],[107.8203,11.021],[107.8215,11.0222],[107.8219,11.0242],[107.8235,11.0282],[107.8235,11.0303],[107.8241,11.0308],[107.8248,11.0339],[107.8261,11.0396],[107.8252,11.0412],[107.8255,11.042],[107.8238,11.0434],[107.8238,11.0468],[107.8229,11.0481],[107.823,11.051],[107.8226,11.0531],[107.8127,11.0537],[107.7873,11.0652],[107.7851,11.074],[107.7902,11.078],[107.7776,11.0874],[107.779,11.0917],[107.7812,11.0975],[107.7823,11.1034],[107.7828,11.1054],[107.7851,11.1082],[107.7853,11.1109],[107.7875,11.1141],[107.7884,11.116],[107.7913,11.1181],[107.7897,11.1208],[107.7883,11.1259],[107.7861,11.1252],[107.7844,11.1268],[107.7827,11.1267],[107.7821,11.1278],[107.7807,11.1279],[107.7795,11.1273],[107.7774,11.1274],[107.775,11.1291],[107.7734,11.1353],[107.7811,11.1394],[107.7938,11.1546],[107.7999,11.1645],[107.8086,11.1699],[107.8098,11.1704],[107.8105,11.1705],[107.8129,11.1692],[107.8142,11.1691],[107.8173,11.1675],[107.8217,11.1667],[107.8234,11.1656],[107.8243,11.1667],[107.8242,11.168],[107.8257,11.1686],[107.8278,11.1681],[107.8285,11.1666],[107.8292,11.1636],[107.8311,11.1633],[107.8311,11.1648],[107.8331,11.1664],[107.8353,11.1655],[107.8387,11.1655],[107.8401,11.1665],[107.8414,11.166],[107.8437,11.166],[107.8455,11.1667],[107.8467,11.1678],[107.8466,11.1699],[107.8459,11.171],[107.8433,11.1714],[107.8433,11.1733],[107.8451,11.1745],[107.8463,11.1747],[107.8493,11.1763],[107.8512,11.1744],[107.8515,11.1732],[107.8527,11.1728],[107.8559,11.1741],[107.8565,11.1748],[107.8592,11.1757],[107.8607,11.1757],[107.8646,11.1765],[107.8658,11.1754],[107.8671,11.1754],[107.8684,11.1741],[107.8685,11.1726],[107.8722,11.1701],[107.8741,11.1704],[107.8744,11.1718],[107.8757,11.1746],[107.8768,11.1752],[107.8814,11.1759],[107.8831,11.1749],[107.8833,11.1739],[107.886,11.1727],[107.8893,11.1733],[107.89,11.1723],[107.8899,11.17],[107.8893,11.1682],[107.8897,11.1656],[107.8905,11.164],[107.8908,11.1621],[107.8922,11.1622],[107.893,11.1606],[107.8941,11.1594],[107.8969,11.1586],[107.8976,11.1575],[107.8972,11.1561],[107.8982,11.1552],[107.9,11.1549],[107.9,11.1537],[107.9016,11.1519],[107.9032,11.1485],[107.9032,11.1442],[107.9035,11.1431],[107.9052,11.1436],[107.9093,11.14],[107.9123,11.1398],[107.9331,11.1195],[107.9662,11.0893],[107.9698,11.088],[107.9862,11.0815],[107.9897,11.08],[108.005,11.0723],[108.0196,11.0724],[108.0192,11.0488],[108.0184,11.033]]]},"properties":{"name":"Hàm Thạnh","level":"ward"}},{"type":"Feature","geometry":{"type":"Polygon","coordinates":[[[108.0036,10.8672],[108.0018,10.8669],[108.0019,10.8625],[108.0036,10.8605],[108.0079,10.8575],[108.0126,10.8558],[108.0128,10.8551],[108.012,10.8487],[108.0124,10.8463],[108.0114,10.8449],[108.0098,10.844],[108.0083,10.8439],[108.007,10.8427],[108.0062,10.8399],[108.0042,10.8371],[108.0052,10.8341],[108.0029,10.8319],[108.0008,10.8277],[108.0008,10.8259],[107.9997,10.8245],[107.9995,10.8223],[108.0007,10.8201],[107.9986,10.8176],[107.9985,10.8176],[107.998,10.8151],[107.9947,10.8161],[107.9926,10.8164],[107.9925,10.8164],[107.9912,10.8165],[107.9893,10.8175],[107.9874,10.8158],[107.9844,10.8169],[107.9831,10.8181],[107.9807,10.8178],[107.9797,10.8179],[107.9799,10.822],[107.9779,10.8226],[107.9786,10.8241],[107.9781,10.8272],[107.9757,10.8317],[107.9767,10.8327],[107.9769,10.8349],[107.9752,10.8349],[107.9752,10.8365],[107.9739,10.8365],[107.9732,10.8375],[107.9694,10.8372],[107.9692,10.8436],[107.9685,10.8443],[107.9684,10.8458],[107.9694,10.8461],[107.9678,10.8493],[107.9661,10.8492],[107.9617,10.8507],[107.9602,10.8522],[107.955,10.8526],[107.9549,10.8529],[107.9502,10.8504],[107.9496,10.8495],[107.9469,10.8515],[107.9444,10.8541],[107.9425,10.8549],[107.9428,10.8566],[107.9438,10.8576],[107.9434,10.8587],[107.9442,10.862],[107.9434,10.8642],[107.9445,10.8678],[107.944,10.8704],[107.9445,10.871],[107.9443,10.8726],[107.9447,10.8738],[107.9455,10.8784],[107.9463,10.8789],[107.9454,10.8815],[107.9454,10.8831],[107.9428,10.8857],[107.9415,10.8853],[107.9395,10.8876],[107.9387,10.8873],[107.9371,10.8879],[107.9359,10.8892],[107.9342,10.8893],[107.9331,10.8912],[107.919,10.8973],[107.9147,10.8993],[107.902,10.9048],[107.8942,10.9082],[107.8658,10.9205],[107.8655,10.9219],[107.8673,10.9234],[107.8691,10.9235],[107.8711,10.925],[107.8712,10.9258],[107.8736,10.9269],[107.8753,10.9268],[107.8766,10.9273],[107.8769,10.9287],[107.8781,10.93],[107.8802,10.9313],[107.8817,10.9329],[107.8839,10.933],[107.8834,10.9342],[107.8849,10.9348],[107.8842,10.9361],[107.8852,10.9376],[107.8864,10.9383],[107.8867,10.9398],[107.8887,10.9414],[107.8906,10.9438],[107.8916,10.9456],[107.8943,10.9475],[107.8948,10.9483],[107.8932,10.9495],[107.8921,10.9515],[107.8913,10.9516],[107.8918,10.9538],[107.8915,10.9561],[107.8926,10.9558],[107.8946,10.9574],[107.8961,10.9565],[107.8976,10.9564],[107.8991,10.9588],[107.9008,10.9584],[107.9038,10.9597],[107.906,10.9612],[107.9075,10.9608],[107.9079,10.9621],[107.9094,10.961],[107.9116,10.9604],[107.9131,10.9608],[107.9154,10.9604],[107.9176,10.9611],[107.9211,10.9612],[107.9268,10.9603],[107.9324,10.9623],[107.9382,10.9653],[107.9402,10.9657],[107.9402,10.9678],[107.9422,10.9668],[107.9439,10.9667],[107.946,10.9659],[107.9472,10.9645],[107.9485,10.9642],[107.9505,10.9649],[107.9537,10.9649],[107.9549,10.9636],[107.9586,10.9613],[107.9588,10.9586],[107.9612,10.958],[107.9609,10.9572],[107.9633,10.9566],[107.9655,10.9572],[107.9662,10.9591],[107.966,10.96],[107.9669,10.9629],[107.9658,10.9637],[107.9668,10.9657],[107.9662,10.9674],[107.9676,10.9678],[107.966,10.97],[107.968,10.9713],[107.9698,10.9712],[107.9709,10.972],[107.9728,10.9741],[107.9746,10.9754],[107.9766,10.9761],[107.9789,10.9761],[107.9809,10.9771],[107.9818,10.9785],[107.9799,10.9786],[107.9802,10.9803],[107.9791,10.981],[107.9778,10.9827],[107.9754,10.9843],[107.9746,10.9855],[107.9762,10.9862],[107.9771,10.9861],[107.9781,10.9848],[107.9818,10.9847],[107.9852,10.9833],[107.9868,10.984],[107.9877,10.9832],[107.9902,10.9836],[107.9914,10.9844],[107.9932,10.9836],[107.9946,10.9845],[107.9938,10.9871],[107.9942,10.988],[107.9979,10.9888],[107.9987,10.9906],[108.0003,10.9914],[108.0036,10.9906],[108.0055,10.9906],[108.007,10.9896],[108.0073,10.9886],[108.0093,10.9873],[108.0113,10.9868],[108.0117,10.985],[108.0127,10.9842],[108.0135,10.9818],[108.0101,10.9784],[108.0076,10.9767],[108.0066,10.9748],[108.0075,10.9744],[108.0099,10.9743],[108.0113,10.9729],[108.0149,10.9713],[108.0159,10.97],[108.0175,10.9722],[108.0203,10.9725],[108.022,10.9699],[108.0218,10.9691],[108.0229,10.9667],[108.0206,10.9657],[108.0214,10.965],[108.0195,10.9621],[108.0179,10.9635],[108.015,10.9636],[108.0136,10.9632],[108.0136,10.9618],[108.0143,10.9607],[108.0147,10.9584],[108.0138,10.9569],[108.0143,10.9554],[108.0118,10.9542],[108.0096,10.9537],[108.0081,10.9519],[108.005,10.9527],[108.0028,10.9511],[107.9986,10.9517],[107.9962,10.9513],[107.9944,10.9519],[107.9894,10.95],[107.9878,10.9491],[107.9886,10.9459],[107.9895,10.9449],[107.9896,10.9435],[107.9919,10.9432],[107.998,10.9421],[108.0012,10.9404],[108.002,10.9391],[108.0153,10.941],[108.016,10.9355],[108.0177,10.9236],[108.0227,10.9244],[108.0218,10.9227],[108.0201,10.9225],[108.019,10.9211],[108.0194,10.9176],[108.0209,10.9179],[108.0208,10.9156],[108.0201,10.9138],[108.0219,10.9116],[108.0217,10.9106],[108.0234,10.9084],[108.0239,10.9054],[108.0248,10.9041],[108.0259,10.9009],[108.0263,10.8981],[108.0255,10.8967],[108.0036,10.8672]]]},"properties":{"name":"Hàm Kiệm","level":"ward"}},{"type":"Feature","geometry":{"type":"Polygon","coordinates":[[[107.8658,10.9205],[107.8625,10.8994],[107.8632,10.8976],[107.8641,10.8974],[107.8657,10.8956],[107.867,10.8951],[107.8682,10.8933],[107.8699,10.8929],[107.8723,10.8912],[107.8727,10.8885],[107.8742,10.8872],[107.874,10.8861],[107.875,10.8851],[107.8766,10.8849],[107.8769,10.8825],[107.8775,10.8816],[107.8788,10.8816],[107.8805,10.8809],[107.8837,10.8815],[107.8838,10.883],[107.8851,10.8843],[107.8868,10.8842],[107.8887,10.8848],[107.8896,10.8846],[107.8924,10.8859],[107.893,10.8824],[107.891,10.8794],[107.8911,10.8785],[107.8935,10.8764],[107.8943,10.874],[107.8954,10.8728],[107.8956,10.8678],[107.8939,10.8617],[107.8939,10.8595],[107.8908,10.86],[107.891,10.8613],[107.8897,10.8617],[107.8899,10.8632],[107.8858,10.8636],[107.885,10.8648],[107.8824,10.8649],[107.8804,10.8654],[107.8789,10.8668],[107.8773,10.866],[107.8741,10.8681],[107.8724,10.8682],[107.8723,10.866],[107.8715,10.8645],[107.8724,10.8636],[107.8719,10.8623],[107.8686,10.8605],[107.8669,10.8581],[107.8645,10.8557],[107.8632,10.8526],[107.862,10.8521],[107.8612,10.851],[107.8582,10.852],[107.8576,10.8509],[107.8554,10.8509],[107.8547,10.8502],[107.8545,10.8479],[107.8533,10.8463],[107.8526,10.843],[107.8513,10.8422],[107.8512,10.8413],[107.8496,10.8408],[107.8494,10.84],[107.8467,10.8398],[107.8467,10.8378],[107.8438,10.8369],[107.8439,10.8349],[107.8426,10.8337],[107.8433,10.8317],[107.8476,10.8296],[107.8472,10.8285],[107.8482,10.827],[107.8497,10.8256],[107.851,10.8251],[107.8522,10.8255],[107.8534,10.8249],[107.853,10.8225],[107.8555,10.8223],[107.8571,10.8209],[107.8566,10.8184],[107.8575,10.8165],[107.8588,10.8161],[107.8571,10.8141],[107.8568,10.8126],[107.8579,10.8101],[107.8566,10.8092],[107.8579,10.8079],[107.8557,10.8074],[107.8547,10.8082],[107.8526,10.8077],[107.8513,10.808],[107.8489,10.8078],[107.8477,10.8066],[107.8464,10.8074],[107.8441,10.8073],[107.8428,10.8079],[107.8385,10.8088],[107.8381,10.8085],[107.8352,10.8095],[107.8338,10.8094],[107.833,10.8086],[107.8295,10.8038],[107.8283,10.8026],[107.8278,10.8011],[107.8262,10.8002],[107.8231,10.7964],[107.8005,10.794],[107.775,10.7912],[107.7738,10.8018],[107.7755,10.8188],[107.7578,10.8192],[107.7553,10.8192],[107.7536,10.8209],[107.752,10.8194],[107.7502,10.821],[107.7497,10.8262],[107.7491,10.8276],[107.75,10.8293],[107.7422,10.8291],[107.7379,10.8284],[107.7351,10.8274],[107.7363,10.8332],[107.7368,10.843],[107.737,10.8448],[107.7411,10.8518],[107.742,10.856],[107.7404,10.8562],[107.7381,10.8549],[107.7369,10.8527],[107.736,10.853],[107.7306,10.8513],[107.7127,10.857],[107.7127,10.8571],[107.7129,10.8596],[107.7132,10.8702],[107.7136,10.8815],[107.7032,10.9008],[107.699,10.9081],[107.6931,10.917],[107.7199,10.9181],[107.7629,10.915],[107.7922,10.9133],[107.8101,10.9211],[107.8435,10.9204],[107.8658,10.9205]]]},"properties":{"name":"Tân Lập","level":"ward"}},{"type":"Feature","geometry":{"type":"MultiPolygon","coordinates":[[[[107.998,10.8151],[107.9971,10.8142],[107.9954,10.8143],[107.9945,10.8128],[107.9944,10.8126],[107.9939,10.8115],[107.9931,10.8066],[107.9926,10.8051],[107.9933,10.8034],[107.9922,10.8005],[108.023,10.778],[108.0211,10.77],[108.0207,10.7677],[108.0192,10.7609],[108.0177,10.7557],[108.0145,10.7375],[108.0147,10.7363],[108.0135,10.7354],[108.0113,10.7354],[108.0084,10.7317],[108.0064,10.7249],[108.0061,10.7224],[108.0047,10.7196],[108.0018,10.7169],[108,10.7125],[107.9982,10.7105],[107.9969,10.7101],[107.9947,10.7062],[107.9939,10.7039],[107.9935,10.7013],[107.9939,10.7001],[107.9918,10.6995],[107.99,10.7003],[107.9878,10.7021],[107.9871,10.7031],[107.9847,10.7047],[107.9808,10.7057],[107.9772,10.7061],[107.9765,10.7064],[107.971,10.7058],[107.9667,10.704],[107.9633,10.7008],[107.9624,10.7031],[107.9596,10.7053],[107.9592,10.7062],[107.9568,10.7077],[107.9544,10.7087],[107.9477,10.711],[107.9466,10.7112],[107.9421,10.713],[107.939,10.7147],[107.9339,10.7161],[107.9304,10.7174],[107.9241,10.7187],[107.9138,10.7204],[107.9124,10.7214],[107.9108,10.7211],[107.9054,10.7217],[107.9014,10.7216],[107.9004,10.7218],[107.8973,10.7215],[107.8919,10.7216],[107.8856,10.7204],[107.8865,10.7249],[107.8861,10.7278],[107.887,10.7294],[107.8863,10.7309],[107.8835,10.7315],[107.8833,10.7327],[107.8817,10.7351],[107.8821,10.7384],[107.8814,10.7399],[107.8748,10.7401],[107.8733,10.7422],[107.8731,10.7447],[107.8722,10.7456],[107.8726,10.747],[107.8743,10.7469],[107.8751,10.7481],[107.8745,10.7498],[107.8682,10.7496],[107.8507,10.7496],[107.8503,10.7505],[107.8505,10.7524],[107.848,10.7539],[107.8478,10.7558],[107.8463,10.7579],[107.8449,10.7591],[107.8444,10.7602],[107.845,10.7618],[107.8448,10.7634],[107.8459,10.7658],[107.8459,10.7673],[107.8438,10.7673],[107.8406,10.7754],[107.8231,10.7964],[107.8262,10.8002],[107.8278,10.8011],[107.8283,10.8026],[107.8295,10.8038],[107.833,10.8086],[107.8338,10.8094],[107.8352,10.8095],[107.8381,10.8085],[107.8385,10.8088],[107.8428,10.8079],[107.8441,10.8073],[107.8464,10.8074],[107.8477,10.8066],[107.8489,10.8078],[107.8513,10.808],[107.8526,10.8077],[107.8547,10.8082],[107.8557,10.8074],[107.8579,10.8079],[107.858,10.8069],[107.8564,10.806],[107.8564,10.8047],[107.8577,10.8048],[107.8597,10.8064],[107.8615,10.8053],[107.8614,10.8033],[107.8622,10.8019],[107.8625,10.8003],[107.8633,10.7995],[107.8673,10.7982],[107.8677,10.7998],[107.8686,10.801],[107.871,10.8007],[107.8739,10.7986],[107.8757,10.7959],[107.8945,10.8174],[107.9002,10.8151],[107.9052,10.8126],[107.9193,10.8049],[107.9194,10.8036],[107.9186,10.8018],[107.9185,10.8001],[107.917,10.7971],[107.918,10.796],[107.9177,10.7929],[107.9179,10.7904],[107.9163,10.789],[107.9165,10.7864],[107.9196,10.7891],[107.9219,10.7904],[107.9266,10.7915],[107.93,10.7933],[107.9325,10.7956],[107.9348,10.7974],[107.9383,10.7992],[107.9404,10.8009],[107.9412,10.8022],[107.9435,10.8039],[107.9498,10.8068],[107.9549,10.8088],[107.9602,10.8104],[107.9639,10.8099],[107.9654,10.8103],[107.9708,10.8128],[107.9723,10.8121],[107.974,10.8138],[107.9779,10.8158],[107.9808,10.8169],[107.9807,10.8178],[107.9831,10.8181],[107.9844,10.8169],[107.9874,10.8158],[107.9893,10.8175],[107.9912,10.8165],[107.9925,10.8164],[107.9926,10.8164],[107.9947,10.8161],[107.998,10.8151]]],[[[107.9937,10.6972],[107.9943,10.6955],[107.9911,10.6949],[107.9904,10.6953],[107.9915,10.6972],[107.9937,10.6972]]]]},"properties":{"name":"Tân Thành","level":"ward"}},{"type":"Feature","geometry":{"type":"Polygon","coordinates":[[[107.8248,11.0339],[107.8241,11.0308],[107.8235,11.0303],[107.8235,11.0282],[107.8219,11.0242],[107.8215,11.0222],[107.8203,11.021],[107.8209,11.0192],[107.8232,11.0171],[107.8231,11.015],[107.8268,11.0117],[107.8266,11.0106],[107.8288,11.0088],[107.8303,11.0087],[107.8302,11.0073],[107.8277,11.0071],[107.8276,11.0055],[107.8258,11.0037],[107.8258,11.0028],[107.8246,11.0006],[107.8266,10.9998],[107.827,10.9974],[107.8277,10.9964],[107.8271,10.9877],[107.8288,10.9863],[107.8291,10.9838],[107.8315,10.9779],[107.8325,10.9763],[107.8327,10.9739],[107.8001,10.9792],[107.7518,10.9802],[107.7494,10.9804],[107.7372,10.9804],[107.7199,10.98],[107.695,10.9851],[107.6836,10.9967],[107.6719,11.0095],[107.6756,11.0089],[107.6794,11.009],[107.6795,11.0109],[107.6805,11.0124],[107.6801,11.0131],[107.6806,11.0156],[107.6815,11.0182],[107.6812,11.0199],[107.6827,11.0203],[107.6841,11.02],[107.6858,11.0188],[107.6868,11.0193],[107.6885,11.0189],[107.6891,11.0207],[107.6897,11.0239],[107.6892,11.0253],[107.6926,11.028],[107.6897,11.0303],[107.6889,11.033],[107.6867,11.0373],[107.6823,11.0396],[107.6801,11.0392],[107.6784,11.0399],[107.6741,11.0463],[107.6698,11.0572],[107.6597,11.0548],[107.6591,11.0578],[107.6561,11.0572],[107.6537,11.0553],[107.6473,11.045],[107.6454,11.0453],[107.6449,11.048],[107.6433,11.0489],[107.6423,11.0509],[107.6406,11.0522],[107.642,11.0557],[107.6402,11.0567],[107.639,11.058],[107.6392,11.0602],[107.6403,11.061],[107.64,11.064],[107.6404,11.0657],[107.6386,11.0657],[107.6371,11.0661],[107.6361,11.0673],[107.6335,11.0678],[107.6322,11.0684],[107.6318,11.0695],[107.6297,11.0703],[107.6284,11.0701],[107.6278,11.0717],[107.6302,11.0753],[107.629,11.0788],[107.6293,11.0798],[107.6277,11.0823],[107.6269,11.0822],[107.626,11.084],[107.6261,11.0854],[107.6254,11.0871],[107.6242,11.0878],[107.6242,11.0894],[107.6251,11.0906],[107.6243,11.0925],[107.6242,11.0967],[107.6236,11.0977],[107.6234,11.0997],[107.6245,11.1012],[107.6256,11.1034],[107.625,11.1043],[107.6249,11.1071],[107.6239,11.1089],[107.621,11.1094],[107.6209,11.112],[107.6214,11.1133],[107.6211,11.1151],[107.6199,11.1172],[107.6177,11.1169],[107.6162,11.1182],[107.6142,11.1187],[107.6131,11.1179],[107.6125,11.1157],[107.6132,11.1143],[107.6119,11.1125],[107.6119,11.1106],[107.611,11.1091],[107.6105,11.1063],[107.6083,11.1049],[107.6073,11.1021],[107.606,11.0998],[107.6062,11.0986],[107.6048,11.0972],[107.6037,11.094],[107.6008,11.0918],[107.5978,11.0917],[107.5971,11.0911],[107.5956,11.0914],[107.5923,11.0892],[107.5907,11.0889],[107.5889,11.0879],[107.5879,11.0862],[107.5868,11.0859],[107.5836,11.0844],[107.5834,11.0827],[107.5808,11.0812],[107.581,11.0789],[107.5817,11.0776],[107.5832,11.0769],[107.5838,11.0756],[107.5834,11.0746],[107.5837,11.0729],[107.5802,11.066],[107.5807,11.0646],[107.5643,11.0818],[107.5608,11.0857],[107.5561,11.0894],[107.5529,11.1075],[107.5555,11.1059],[107.5563,11.1049],[107.5601,11.1072],[107.5615,11.1062],[107.5635,11.1069],[107.5681,11.1095],[107.5712,11.1124],[107.5761,11.115],[107.5782,11.1184],[107.579,11.1205],[107.5801,11.1223],[107.579,11.1241],[107.5818,11.1238],[107.5831,11.1249],[107.5837,11.1266],[107.5851,11.1279],[107.5848,11.1302],[107.5838,11.1321],[107.5848,11.1344],[107.5833,11.1385],[107.5835,11.1393],[107.5859,11.14],[107.5868,11.1422],[107.5904,11.1433],[107.5904,11.1447],[107.5912,11.1458],[107.5928,11.1459],[107.5931,11.1506],[107.5943,11.1519],[107.5944,11.154],[107.5931,11.155],[107.594,11.1558],[107.5932,11.1573],[107.5945,11.1584],[107.5934,11.1622],[107.5948,11.1651],[107.5928,11.1678],[107.5949,11.1702],[107.5949,11.1724],[107.6003,11.1776],[107.5987,11.1803],[107.5977,11.1808],[107.5957,11.1808],[107.5944,11.1821],[107.5944,11.1834],[107.5961,11.1867],[107.5982,11.188],[107.598,11.1888],[107.5951,11.1876],[107.594,11.1862],[107.5922,11.1857],[107.5906,11.188],[107.5911,11.19],[107.593,11.1913],[107.593,11.1922],[107.592,11.1944],[107.5937,11.1967],[107.5981,11.198],[107.6008,11.1974],[107.6034,11.1954],[107.6056,11.1966],[107.6062,11.198],[107.608,11.1984],[107.6111,11.1973],[107.6133,11.1977],[107.6138,11.1966],[107.615,11.1963],[107.6151,11.1871],[107.6158,11.1854],[107.6153,11.182],[107.6161,11.1817],[107.6196,11.1818],[107.6275,11.1816],[107.6277,11.18],[107.629,11.1782],[107.6356,11.1747],[107.6371,11.174],[107.6403,11.1764],[107.6427,11.1748],[107.644,11.1757],[107.6469,11.1745],[107.6507,11.1718],[107.6538,11.1704],[107.6546,11.1715],[107.6558,11.1694],[107.657,11.1691],[107.6589,11.1676],[107.6579,11.164],[107.66,11.1631],[107.6638,11.1618],[107.6643,11.1597],[107.667,11.1616],[107.669,11.1595],[107.6656,11.1567],[107.6634,11.1536],[107.6604,11.1522],[107.6595,11.1512],[107.662,11.1485],[107.6664,11.1402],[107.6682,11.1386],[107.6697,11.14],[107.6695,11.1415],[107.6708,11.142],[107.6717,11.1389],[107.6728,11.138],[107.6749,11.1383],[107.6769,11.1373],[107.6784,11.1384],[107.6788,11.1412],[107.6802,11.141],[107.681,11.138],[107.6834,11.1345],[107.6857,11.1353],[107.6882,11.1351],[107.6896,11.1343],[107.6911,11.1344],[107.692,11.1358],[107.6916,11.1368],[107.69,11.1373],[107.6887,11.1384],[107.6875,11.1406],[107.6875,11.1436],[107.6897,11.1457],[107.6928,11.1443],[107.6935,11.1432],[107.6947,11.1436],[107.6939,11.1469],[107.695,11.1471],[107.6959,11.146],[107.6978,11.1449],[107.7004,11.1446],[107.7018,11.1463],[107.7046,11.1444],[107.706,11.1426],[107.7051,11.1386],[107.7043,11.1339],[107.7106,11.1165],[107.7081,11.0936],[107.7086,11.0753],[107.7262,11.0644],[107.7318,11.0641],[107.7338,11.0646],[107.7354,11.0644],[107.7367,11.0632],[107.737,11.0623],[107.7362,11.0596],[107.7387,11.0582],[107.7399,11.0559],[107.7401,11.0539],[107.7411,11.0525],[107.7446,11.0496],[107.7541,11.0493],[107.7866,11.0366],[107.8141,11.0369],[107.8248,11.0339]]]},"properties":{"name":"Tánh Linh","level":"ward"}},{"type":"Feature","geometry":{"type":"Polygon","coordinates":[[[107.8228,11.3708],[107.824,11.3679],[107.8248,11.3672],[107.8253,11.3656],[107.8273,11.3631],[107.8285,11.3596],[107.8293,11.3558],[107.8293,11.353],[107.8288,11.3509],[107.8268,11.3486],[107.8256,11.3451],[107.823,11.3418],[107.8211,11.3409],[107.8207,11.3392],[107.8211,11.3373],[107.8195,11.3347],[107.8185,11.3307],[107.8192,11.3274],[107.8184,11.3267],[107.8161,11.326],[107.813,11.3256],[107.8108,11.3242],[107.8099,11.3225],[107.8097,11.3204],[107.8085,11.3179],[107.8072,11.3171],[107.8067,11.3151],[107.8057,11.3142],[107.8033,11.3104],[107.8007,11.3091],[107.7963,11.304],[107.7958,11.3022],[107.7942,11.3005],[107.794,11.2993],[107.7951,11.2976],[107.7959,11.2945],[107.7961,11.2922],[107.797,11.2904],[107.7965,11.2867],[107.7968,11.2835],[107.7953,11.2805],[107.7938,11.28],[107.7917,11.2778],[107.7909,11.2752],[107.7914,11.2744],[107.7907,11.2723],[107.775,11.2664],[107.7666,11.263],[107.7566,11.2496],[107.7561,11.249],[107.7453,11.2345],[107.7404,11.2281],[107.7358,11.2129],[107.736,11.2115],[107.7353,11.2104],[107.7345,11.2071],[107.7326,11.2042],[107.732,11.2027],[107.731,11.2016],[107.7298,11.1981],[107.728,11.1961],[107.727,11.1943],[107.7267,11.192],[107.7252,11.1918],[107.7241,11.1893],[107.7255,11.1874],[107.7247,11.1859],[107.7195,11.1846],[107.7187,11.1863],[107.713,11.1855],[107.7129,11.1874],[107.7015,11.1816],[107.6985,11.1799],[107.6908,11.1676],[107.6892,11.1662],[107.6878,11.1658],[107.687,11.1648],[107.6848,11.1648],[107.6816,11.1643],[107.6813,11.1633],[107.6772,11.1617],[107.673,11.1633],[107.6721,11.1628],[107.669,11.1595],[107.667,11.1616],[107.6643,11.1597],[107.6638,11.1618],[107.66,11.1631],[107.6579,11.164],[107.6589,11.1676],[107.657,11.1691],[107.6558,11.1694],[107.6546,11.1715],[107.6538,11.1704],[107.6507,11.1718],[107.6469,11.1745],[107.644,11.1757],[107.6427,11.1748],[107.6403,11.1764],[107.6401,11.1766],[107.6408,11.1786],[107.6407,11.1797],[107.6395,11.181],[107.6411,11.1822],[107.643,11.1829],[107.6424,11.1871],[107.6424,11.1894],[107.6458,11.1908],[107.6464,11.1921],[107.6487,11.1904],[107.6491,11.1893],[107.6516,11.1885],[107.6541,11.1887],[107.6553,11.1893],[107.6571,11.1891],[107.6576,11.1911],[107.6605,11.1928],[107.6618,11.1972],[107.6689,11.2037],[107.6712,11.2067],[107.6703,11.2093],[107.6705,11.2103],[107.6738,11.2105],[107.6744,11.2125],[107.6759,11.2141],[107.6757,11.2153],[107.6768,11.216],[107.677,11.2185],[107.6797,11.2195],[107.6806,11.2203],[107.6805,11.2216],[107.6813,11.2233],[107.6811,11.2244],[107.6821,11.2255],[107.682,11.2264],[107.684,11.228],[107.6856,11.2285],[107.6859,11.2299],[107.6875,11.2321],[107.6903,11.2343],[107.6901,11.2357],[107.692,11.238],[107.691,11.2393],[107.6921,11.2415],[107.6925,11.2436],[107.6921,11.2445],[107.6927,11.2462],[107.6921,11.2472],[107.6922,11.2498],[107.6916,11.2524],[107.695,11.2535],[107.7009,11.2558],[107.7014,11.2565],[107.7142,11.2591],[107.7157,11.2615],[107.7158,11.2638],[107.717,11.2649],[107.7175,11.2681],[107.7188,11.2733],[107.7179,11.277],[107.7189,11.2798],[107.719,11.2817],[107.7202,11.2833],[107.7218,11.2844],[107.722,11.2872],[107.7228,11.2893],[107.7258,11.2918],[107.7301,11.295],[107.7311,11.2966],[107.7377,11.311],[107.7411,11.3377],[107.744,11.3514],[107.7507,11.3639],[107.7493,11.3659],[107.7494,11.3671],[107.7524,11.369],[107.7698,11.3704],[107.7778,11.3704],[107.7883,11.3711],[107.7955,11.3711],[107.7968,11.3724],[107.7989,11.3711],[107.8041,11.3712],[107.8175,11.3708],[107.8228,11.3708]]]},"properties":{"name":"Bắc Ruộng","level":"ward"}},{"type":"Feature","geometry":{"type":"Polygon","coordinates":[[[107.6403,11.1764],[107.6371,11.174],[107.6356,11.1747],[107.629,11.1782],[107.6277,11.18],[107.6275,11.1816],[107.6196,11.1818],[107.6161,11.1817],[107.6153,11.182],[107.6158,11.1854],[107.6151,11.1871],[107.615,11.1963],[107.6154,11.1973],[107.6168,11.1965],[107.6236,11.2038],[107.6247,11.2053],[107.6386,11.2236],[107.6414,11.2276],[107.6385,11.2312],[107.6428,11.2371],[107.6419,11.2382],[107.6446,11.242],[107.6401,11.2453],[107.6413,11.2464],[107.644,11.2524],[107.6446,11.2531],[107.645,11.2563],[107.644,11.2567],[107.6468,11.2607],[107.645,11.2664],[107.6442,11.2731],[107.6447,11.277],[107.6449,11.2805],[107.6447,11.283],[107.6455,11.2854],[107.6481,11.2885],[107.6509,11.2905],[107.6519,11.2905],[107.6544,11.2924],[107.6564,11.2949],[107.6575,11.297],[107.6581,11.2992],[107.6596,11.302],[107.6595,11.3036],[107.6575,11.3081],[107.6578,11.3107],[107.6595,11.3135],[107.6618,11.3193],[107.6627,11.32],[107.6626,11.3249],[107.661,11.3276],[107.6577,11.3306],[107.6575,11.3319],[107.6649,11.3278],[107.6701,11.3249],[107.6744,11.3243],[107.6758,11.3238],[107.6778,11.3242],[107.679,11.3233],[107.6831,11.3225],[107.6932,11.3259],[107.711,11.3349],[107.7134,11.3365],[107.7156,11.3389],[107.7174,11.3403],[107.7194,11.343],[107.721,11.3468],[107.7215,11.3494],[107.7229,11.3516],[107.7234,11.3539],[107.7217,11.3577],[107.7224,11.3596],[107.7241,11.3631],[107.7245,11.3656],[107.7252,11.3653],[107.7249,11.3626],[107.7261,11.36],[107.7282,11.361],[107.7293,11.3586],[107.7305,11.3581],[107.732,11.3603],[107.7346,11.3601],[107.7367,11.3613],[107.7372,11.3627],[107.7373,11.3665],[107.7391,11.3671],[107.7439,11.3668],[107.746,11.368],[107.7494,11.3671],[107.7493,11.3659],[107.7507,11.3639],[107.744,11.3514],[107.7411,11.3377],[107.7377,11.311],[107.7311,11.2966],[107.7301,11.295],[107.7258,11.2918],[107.7228,11.2893],[107.722,11.2872],[107.7218,11.2844],[107.7202,11.2833],[107.719,11.2817],[107.7189,11.2798],[107.7179,11.277],[107.7188,11.2733],[107.7175,11.2681],[107.717,11.2649],[107.7158,11.2638],[107.7157,11.2615],[107.7142,11.2591],[107.7014,11.2565],[107.7009,11.2558],[107.695,11.2535],[107.6916,11.2524],[107.6922,11.2498],[107.6921,11.2472],[107.6927,11.2462],[107.6921,11.2445],[107.6925,11.2436],[107.6921,11.2415],[107.691,11.2393],[107.692,11.238],[107.6901,11.2357],[107.6903,11.2343],[107.6875,11.2321],[107.6859,11.2299],[107.6856,11.2285],[107.684,11.228],[107.682,11.2264],[107.6821,11.2255],[107.6811,11.2244],[107.6813,11.2233],[107.6805,11.2216],[107.6806,11.2203],[107.6797,11.2195],[107.677,11.2185],[107.6768,11.216],[107.6757,11.2153],[107.6759,11.2141],[107.6744,11.2125],[107.6738,11.2105],[107.6705,11.2103],[107.6703,11.2093],[107.6712,11.2067],[107.6689,11.2037],[107.6618,11.1972],[107.6605,11.1928],[107.6576,11.1911],[107.6571,11.1891],[107.6553,11.1893],[107.6541,11.1887],[107.6516,11.1885],[107.6491,11.1893],[107.6487,11.1904],[107.6464,11.1921],[107.6458,11.1908],[107.6424,11.1894],[107.6424,11.1871],[107.643,11.1829],[107.6411,11.1822],[107.6395,11.181],[107.6407,11.1797],[107.6408,11.1786],[107.6401,11.1766],[107.6403,11.1764]]]},"properties":{"name":"Nghị Đức","level":"ward"}},{"type":"Feature","geometry":{"type":"Polygon","coordinates":[[[107.8033,11.3104],[107.8022,11.2949],[107.803,11.2945],[107.8037,11.2966],[107.8066,11.2958],[107.8098,11.2938],[107.8128,11.2934],[107.815,11.2927],[107.8164,11.2912],[107.821,11.2872],[107.8219,11.2857],[107.8233,11.2847],[107.8261,11.2839],[107.8282,11.2842],[107.8308,11.2841],[107.8321,11.2833],[107.8342,11.2828],[107.8346,11.2821],[107.8375,11.2819],[107.8387,11.281],[107.8409,11.2803],[107.8417,11.279],[107.8438,11.2782],[107.8491,11.2774],[107.8501,11.2768],[107.8487,11.2714],[107.8486,11.27],[107.8497,11.2656],[107.8523,11.2596],[107.8578,11.2391],[107.8576,11.2371],[107.857,11.2361],[107.855,11.2362],[107.8523,11.234],[107.8506,11.2343],[107.8496,11.2318],[107.8475,11.2306],[107.8448,11.2308],[107.843,11.2288],[107.8416,11.2286],[107.8401,11.2269],[107.8386,11.2259],[107.8392,11.224],[107.8387,11.2216],[107.8376,11.2193],[107.8358,11.2108],[107.8355,11.1937],[107.8328,11.1935],[107.8313,11.1928],[107.8302,11.191],[107.8303,11.1896],[107.8299,11.1879],[107.8289,11.1872],[107.829,11.186],[107.8281,11.1854],[107.8261,11.1851],[107.8238,11.1824],[107.8223,11.1831],[107.8211,11.1816],[107.8205,11.1797],[107.8182,11.1797],[107.8177,11.1787],[107.8159,11.1771],[107.8142,11.177],[107.8125,11.1741],[107.8112,11.173],[107.8109,11.1713],[107.8098,11.1704],[107.8086,11.1699],[107.7999,11.1645],[107.7938,11.1546],[107.7811,11.1394],[107.7734,11.1353],[107.775,11.1291],[107.7774,11.1274],[107.7795,11.1273],[107.7807,11.1279],[107.7821,11.1278],[107.7827,11.1267],[107.7844,11.1268],[107.7861,11.1252],[107.7883,11.1259],[107.7897,11.1208],[107.7913,11.1181],[107.7884,11.116],[107.7875,11.1141],[107.7853,11.1109],[107.7851,11.1082],[107.7828,11.1054],[107.7823,11.1034],[107.7812,11.0975],[107.779,11.0917],[107.7776,11.0874],[107.7902,11.078],[107.7851,11.074],[107.7873,11.0652],[107.8127,11.0537],[107.8226,11.0531],[107.823,11.051],[107.8229,11.0481],[107.8238,11.0468],[107.8238,11.0434],[107.8255,11.042],[107.8252,11.0412],[107.8261,11.0396],[107.8248,11.0339],[107.8141,11.0369],[107.7866,11.0366],[107.7541,11.0493],[107.7446,11.0496],[107.7411,11.0525],[107.7401,11.0539],[107.7399,11.0559],[107.7387,11.0582],[107.7362,11.0596],[107.737,11.0623],[107.7367,11.0632],[107.7354,11.0644],[107.7338,11.0646],[107.7318,11.0641],[107.7262,11.0644],[107.7086,11.0753],[107.7081,11.0936],[107.7106,11.1165],[107.7043,11.1339],[107.7051,11.1386],[107.706,11.1426],[107.7046,11.1444],[107.7018,11.1463],[107.7004,11.1446],[107.6978,11.1449],[107.6959,11.146],[107.695,11.1471],[107.6939,11.1469],[107.6947,11.1436],[107.6935,11.1432],[107.6928,11.1443],[107.6897,11.1457],[107.6875,11.1436],[107.6875,11.1406],[107.6887,11.1384],[107.69,11.1373],[107.6916,11.1368],[107.692,11.1358],[107.6911,11.1344],[107.6896,11.1343],[107.6882,11.1351],[107.6857,11.1353],[107.6834,11.1345],[107.681,11.138],[107.6802,11.141],[107.6788,11.1412],[107.6784,11.1384],[107.6769,11.1373],[107.6749,11.1383],[107.6728,11.138],[107.6717,11.1389],[107.6708,11.142],[107.6695,11.1415],[107.6697,11.14],[107.6682,11.1386],[107.6664,11.1402],[107.662,11.1485],[107.6595,11.1512],[107.6604,11.1522],[107.6634,11.1536],[107.6656,11.1567],[107.669,11.1595],[107.6721,11.1628],[107.673,11.1633],[107.6772,11.1617],[107.6813,11.1633],[107.6816,11.1643],[107.6848,11.1648],[107.687,11.1648],[107.6878,11.1658],[107.6892,11.1662],[107.6908,11.1676],[107.6985,11.1799],[107.7015,11.1816],[107.7129,11.1874],[107.713,11.1855],[107.7187,11.1863],[107.7195,11.1846],[107.7247,11.1859],[107.7255,11.1874],[107.7241,11.1893],[107.7252,11.1918],[107.7267,11.192],[107.727,11.1943],[107.728,11.1961],[107.7298,11.1981],[107.731,11.2016],[107.732,11.2027],[107.7326,11.2042],[107.7345,11.2071],[107.7353,11.2104],[107.736,11.2115],[107.7358,11.2129],[107.7404,11.2281],[107.7453,11.2345],[107.7561,11.249],[107.7566,11.2496],[107.7666,11.263],[107.775,11.2664],[107.7907,11.2723],[107.7914,11.2744],[107.7909,11.2752],[107.7917,11.2778],[107.7938,11.28],[107.7953,11.2805],[107.7968,11.2835],[107.7965,11.2867],[107.797,11.2904],[107.7961,11.2922],[107.7959,11.2945],[107.7951,11.2976],[107.794,11.2993],[107.7942,11.3005],[107.7958,11.3022],[107.7963,11.304],[107.8007,11.3091],[107.8033,11.3104]]]},"properties":{"name":"Đồng Kho","level":"ward"}},{"type":"Feature","geometry":{"type":"Polygon","coordinates":[[[107.8327,10.9739],[107.8368,10.9434],[107.8484,10.9437],[107.8488,10.9385],[107.8574,10.9322],[107.8712,10.9258],[107.8711,10.925],[107.8691,10.9235],[107.8673,10.9234],[107.8655,10.9219],[107.8658,10.9205],[107.8435,10.9204],[107.8101,10.9211],[107.7922,10.9133],[107.7629,10.915],[107.7199,10.9181],[107.6931,10.917],[107.6536,10.9158],[107.6342,10.9139],[107.5824,10.9078],[107.5609,10.9082],[107.5609,10.9184],[107.5605,10.9226],[107.5603,10.9266],[107.5604,10.9319],[107.5603,10.937],[107.5576,10.9429],[107.5526,10.9541],[107.5425,10.9782],[107.5417,10.9785],[107.5393,10.9774],[107.537,10.9776],[107.5362,10.9782],[107.536,10.9808],[107.5341,10.9837],[107.5351,10.9842],[107.535,10.9866],[107.5326,10.9886],[107.5324,10.9899],[107.5302,10.992],[107.5291,10.9946],[107.5264,10.9957],[107.5244,10.9954],[107.5228,10.9977],[107.5231,10.9986],[107.519,11.0015],[107.5182,11.0004],[107.5169,11.0018],[107.5158,11.0018],[107.5124,11.0044],[107.5078,11.0099],[107.5081,11.0111],[107.5107,11.0108],[107.5125,11.0117],[107.5128,11.0132],[107.5154,11.0145],[107.5201,11.0144],[107.5217,11.0151],[107.5229,11.0147],[107.5268,11.016],[107.5279,11.0173],[107.5295,11.0181],[107.5323,11.0162],[107.5359,11.0157],[107.5381,11.0167],[107.5409,11.017],[107.5424,11.0175],[107.546,11.0203],[107.5492,11.0207],[107.5494,11.0218],[107.5512,11.0246],[107.5661,11.0336],[107.5672,11.0346],[107.569,11.035],[107.5713,11.0365],[107.5705,11.0391],[107.5708,11.0407],[107.5726,11.0426],[107.5733,11.0456],[107.5726,11.0467],[107.5733,11.0481],[107.5729,11.0506],[107.5733,11.0542],[107.5751,11.0545],[107.5766,11.0574],[107.5768,11.0586],[107.5779,11.0602],[107.58,11.0602],[107.5809,11.061],[107.5813,11.0629],[107.5807,11.0646],[107.5802,11.066],[107.5837,11.0729],[107.5834,11.0746],[107.5838,11.0756],[107.5832,11.0769],[107.5817,11.0776],[107.581,11.0789],[107.5808,11.0812],[107.5834,11.0827],[107.5836,11.0844],[107.5868,11.0859],[107.5879,11.0862],[107.5889,11.0879],[107.5907,11.0889],[107.5923,11.0892],[107.5956,11.0914],[107.5971,11.0911],[107.5978,11.0917],[107.6008,11.0918],[107.6037,11.094],[107.6048,11.0972],[107.6062,11.0986],[107.606,11.0998],[107.6073,11.1021],[107.6083,11.1049],[107.6105,11.1063],[107.611,11.1091],[107.6119,11.1106],[107.6119,11.1125],[107.6132,11.1143],[107.6125,11.1157],[107.6131,11.1179],[107.6142,11.1187],[107.6162,11.1182],[107.6177,11.1169],[107.6199,11.1172],[107.6211,11.1151],[107.6214,11.1133],[107.6209,11.112],[107.621,11.1094],[107.6239,11.1089],[107.6249,11.1071],[107.625,11.1043],[107.6256,11.1034],[107.6245,11.1012],[107.6234,11.0997],[107.6236,11.0977],[107.6242,11.0967],[107.6243,11.0925],[107.6251,11.0906],[107.6242,11.0894],[107.6242,11.0878],[107.6254,11.0871],[107.6261,11.0854],[107.626,11.084],[107.6269,11.0822],[107.6277,11.0823],[107.6293,11.0798],[107.629,11.0788],[107.6302,11.0753],[107.6278,11.0717],[107.6284,11.0701],[107.6297,11.0703],[107.6318,11.0695],[107.6322,11.0684],[107.6335,11.0678],[107.6361,11.0673],[107.6371,11.0661],[107.6386,11.0657],[107.6404,11.0657],[107.64,11.064],[107.6403,11.061],[107.6392,11.0602],[107.639,11.058],[107.6402,11.0567],[107.642,11.0557],[107.6406,11.0522],[107.6423,11.0509],[107.6433,11.0489],[107.6449,11.048],[107.6454,11.0453],[107.6473,11.045],[107.6537,11.0553],[107.6561,11.0572],[107.6591,11.0578],[107.6597,11.0548],[107.6698,11.0572],[107.6741,11.0463],[107.6784,11.0399],[107.6801,11.0392],[107.6823,11.0396],[107.6867,11.0373],[107.6889,11.033],[107.6897,11.0303],[107.6926,11.028],[107.6892,11.0253],[107.6897,11.0239],[107.6891,11.0207],[107.6885,11.0189],[107.6868,11.0193],[107.6858,11.0188],[107.6841,11.02],[107.6827,11.0203],[107.6812,11.0199],[107.6815,11.0182],[107.6806,11.0156],[107.6801,11.0131],[107.6805,11.0124],[107.6795,11.0109],[107.6794,11.009],[107.6756,11.0089],[107.6719,11.0095],[107.6836,10.9967],[107.695,10.9851],[107.7199,10.98],[107.7372,10.9804],[107.7494,10.9804],[107.7518,10.9802],[107.8001,10.9792],[107.8327,10.9739]]]},"properties":{"name":"Suối Kiết","level":"ward"}},{"type":"Feature","geometry":{"type":"Polygon","coordinates":[[[107.6008,11.1974],[107.5981,11.198],[107.5937,11.1967],[107.592,11.1944],[107.593,11.1922],[107.593,11.1913],[107.5911,11.19],[107.5906,11.188],[107.5922,11.1857],[107.594,11.1862],[107.5951,11.1876],[107.598,11.1888],[107.5982,11.188],[107.5961,11.1867],[107.5944,11.1834],[107.5944,11.1821],[107.5957,11.1808],[107.5977,11.1808],[107.5987,11.1803],[107.6003,11.1776],[107.5949,11.1724],[107.5949,11.1702],[107.5928,11.1678],[107.5948,11.1651],[107.5934,11.1622],[107.5945,11.1584],[107.5932,11.1573],[107.594,11.1558],[107.5931,11.155],[107.5944,11.154],[107.5943,11.1519],[107.5931,11.1506],[107.5928,11.1459],[107.5912,11.1458],[107.5904,11.1447],[107.5904,11.1433],[107.5868,11.1422],[107.5859,11.14],[107.5835,11.1393],[107.5833,11.1385],[107.5848,11.1344],[107.5838,11.1321],[107.5848,11.1302],[107.5851,11.1279],[107.5837,11.1266],[107.5831,11.1249],[107.5818,11.1238],[107.579,11.1241],[107.5801,11.1223],[107.579,11.1205],[107.5782,11.1184],[107.5761,11.115],[107.5712,11.1124],[107.5681,11.1095],[107.5635,11.1069],[107.5615,11.1062],[107.5601,11.1072],[107.5563,11.1049],[107.5555,11.1059],[107.5529,11.1075],[107.5484,11.1239],[107.5466,11.1313],[107.5458,11.132],[107.5458,11.1338],[107.5446,11.1358],[107.5422,11.137],[107.5398,11.1386],[107.537,11.138],[107.5336,11.1391],[107.5312,11.1417],[107.5308,11.1433],[107.5287,11.1449],[107.5271,11.1475],[107.5257,11.1484],[107.5241,11.1487],[107.5242,11.1502],[107.5253,11.1522],[107.5245,11.1564],[107.5214,11.1585],[107.5186,11.1594],[107.5196,11.1612],[107.5172,11.1646],[107.5164,11.1666],[107.5167,11.1682],[107.518,11.1699],[107.5173,11.172],[107.5178,11.1741],[107.5209,11.1791],[107.5263,11.1815],[107.5268,11.1821],[107.5238,11.1886],[107.5186,11.199],[107.5178,11.1993],[107.5138,11.1984],[107.5096,11.198],[107.5068,11.198],[107.506,11.1973],[107.5045,11.1975],[107.5049,11.2001],[107.5034,11.2016],[107.5053,11.2027],[107.5059,11.2044],[107.5053,11.207],[107.5034,11.2106],[107.502,11.2118],[107.501,11.2117],[107.4992,11.2097],[107.4986,11.2098],[107.4977,11.2135],[107.5002,11.2162],[107.5021,11.2163],[107.5026,11.2172],[107.5021,11.2189],[107.5038,11.22],[107.5044,11.2182],[107.5067,11.2202],[107.5056,11.2219],[107.5062,11.2247],[107.5061,11.2268],[107.5045,11.2285],[107.5036,11.2287],[107.5036,11.2303],[107.5014,11.232],[107.5016,11.2332],[107.5029,11.2338],[107.5025,11.2354],[107.5045,11.2366],[107.5077,11.2371],[107.5084,11.2381],[107.5081,11.2396],[107.5087,11.2424],[107.5101,11.2441],[107.5126,11.2438],[107.5146,11.245],[107.5161,11.2474],[107.5162,11.2505],[107.517,11.2519],[107.5183,11.2512],[107.5185,11.249],[107.5201,11.249],[107.5206,11.2503],[107.5221,11.2516],[107.5245,11.2517],[107.5274,11.2502],[107.5274,11.2477],[107.528,11.2468],[107.5305,11.247],[107.5313,11.2465],[107.532,11.2443],[107.534,11.2438],[107.5367,11.2417],[107.5366,11.2398],[107.535,11.2369],[107.536,11.236],[107.538,11.2387],[107.5397,11.2402],[107.5415,11.2399],[107.5427,11.2377],[107.5441,11.2338],[107.5449,11.2334],[107.5459,11.2354],[107.5479,11.2368],[107.549,11.24],[107.5504,11.2425],[107.5515,11.2434],[107.5535,11.2438],[107.555,11.2431],[107.5562,11.2416],[107.5589,11.239],[107.5614,11.2375],[107.5629,11.2375],[107.5655,11.2393],[107.5666,11.2386],[107.5679,11.2359],[107.5692,11.2342],[107.5696,11.2327],[107.5693,11.2298],[107.5683,11.2288],[107.5648,11.2303],[107.5631,11.2295],[107.5621,11.2257],[107.5622,11.2235],[107.5638,11.2214],[107.565,11.2211],[107.567,11.2235],[107.572,11.2272],[107.5754,11.2266],[107.5752,11.2254],[107.5729,11.2242],[107.5722,11.2229],[107.5721,11.2214],[107.5725,11.2186],[107.5757,11.2154],[107.5767,11.2159],[107.5769,11.2177],[107.5788,11.2179],[107.5812,11.2161],[107.5845,11.2158],[107.5867,11.215],[107.5873,11.214],[107.5883,11.2107],[107.5907,11.2092],[107.5921,11.2102],[107.5929,11.2115],[107.5962,11.2142],[107.5968,11.2133],[107.5947,11.2121],[107.5933,11.2103],[107.5932,11.2079],[107.5945,11.2038],[107.595,11.2029],[107.5975,11.2011],[107.6,11.2023],[107.6009,11.2021],[107.6018,11.1989],[107.6008,11.1974]]]},"properties":{"name":"Đức Linh","level":"ward"}},{"type":"Feature","geometry":{"type":"Polygon","coordinates":[[[107.5529,11.1075],[107.5561,11.0894],[107.5543,11.0887],[107.5534,11.0878],[107.5513,11.0868],[107.5506,11.0857],[107.5481,11.0845],[107.5448,11.0843],[107.5433,11.0866],[107.542,11.0865],[107.5399,11.087],[107.5351,11.0864],[107.5322,11.0864],[107.5306,11.0872],[107.5295,11.0866],[107.5271,11.0866],[107.5257,11.0893],[107.51,11.0999],[107.5045,11.1028],[107.5018,11.1037],[107.4863,11.1083],[107.4793,11.0982],[107.4494,11.1014],[107.4494,11.1041],[107.4505,11.1057],[107.4516,11.1089],[107.4527,11.1093],[107.4541,11.1114],[107.4533,11.1134],[107.4508,11.1152],[107.4504,11.116],[107.4509,11.1178],[107.4501,11.1192],[107.4466,11.1223],[107.4456,11.124],[107.4436,11.1253],[107.4394,11.1253],[107.4358,11.13],[107.4352,11.1342],[107.4345,11.1363],[107.4353,11.1377],[107.4376,11.139],[107.4405,11.1384],[107.4429,11.1393],[107.4433,11.1409],[107.4435,11.1441],[107.445,11.1471],[107.4447,11.1484],[107.4452,11.1494],[107.4466,11.1489],[107.4472,11.148],[107.4491,11.1467],[107.4517,11.1475],[107.4535,11.1487],[107.4566,11.1498],[107.4582,11.1524],[107.4573,11.1543],[107.4556,11.1558],[107.4547,11.1591],[107.4551,11.1602],[107.4573,11.161],[107.4588,11.1638],[107.4611,11.166],[107.4622,11.1678],[107.46,11.1719],[107.4599,11.1742],[107.4605,11.1765],[107.4647,11.1783],[107.4654,11.1801],[107.4666,11.1802],[107.4692,11.1781],[107.4709,11.179],[107.4703,11.1816],[107.4679,11.1826],[107.4682,11.1837],[107.4698,11.1841],[107.4714,11.1854],[107.4719,11.1866],[107.4719,11.1885],[107.4706,11.1919],[107.471,11.1927],[107.4729,11.1938],[107.4748,11.1934],[107.4757,11.1926],[107.4768,11.1906],[107.478,11.1901],[107.4791,11.1904],[107.477,11.192],[107.4761,11.1953],[107.4748,11.1977],[107.4734,11.199],[107.4731,11.2006],[107.4739,11.2021],[107.4774,11.2029],[107.4789,11.2021],[107.4786,11.1987],[107.4804,11.1985],[107.4826,11.2008],[107.4842,11.2043],[107.4837,11.2058],[107.4784,11.2086],[107.4785,11.21],[107.4813,11.21],[107.4825,11.2104],[107.4841,11.2128],[107.488,11.2159],[107.4879,11.2175],[107.4864,11.2195],[107.485,11.2202],[107.483,11.2203],[107.4861,11.2219],[107.4877,11.224],[107.4897,11.2251],[107.4909,11.2251],[107.4929,11.2226],[107.4949,11.2207],[107.4974,11.2199],[107.4988,11.2207],[107.498,11.2218],[107.495,11.223],[107.4932,11.2247],[107.4935,11.2256],[107.4965,11.2262],[107.4984,11.2273],[107.4996,11.2294],[107.499,11.2311],[107.498,11.2321],[107.4961,11.2352],[107.4958,11.2369],[107.4959,11.2391],[107.4967,11.2422],[107.4982,11.2432],[107.5001,11.243],[107.501,11.2416],[107.5014,11.2366],[107.5025,11.2354],[107.5029,11.2338],[107.5016,11.2332],[107.5014,11.232],[107.5036,11.2303],[107.5036,11.2287],[107.5045,11.2285],[107.5061,11.2268],[107.5062,11.2247],[107.5056,11.2219],[107.5067,11.2202],[107.5044,11.2182],[107.5038,11.22],[107.5021,11.2189],[107.5026,11.2172],[107.5021,11.2163],[107.5002,11.2162],[107.4977,11.2135],[107.4986,11.2098],[107.4992,11.2097],[107.501,11.2117],[107.502,11.2118],[107.5034,11.2106],[107.5053,11.207],[107.5059,11.2044],[107.5053,11.2027],[107.5034,11.2016],[107.5049,11.2001],[107.5045,11.1975],[107.506,11.1973],[107.5068,11.198],[107.5096,11.198],[107.5138,11.1984],[107.5178,11.1993],[107.5186,11.199],[107.5238,11.1886],[107.5268,11.1821],[107.5263,11.1815],[107.5209,11.1791],[107.5178,11.1741],[107.5173,11.172],[107.518,11.1699],[107.5167,11.1682],[107.5164,11.1666],[107.5172,11.1646],[107.5196,11.1612],[107.5186,11.1594],[107.5214,11.1585],[107.5245,11.1564],[107.5253,11.1522],[107.5242,11.1502],[107.5241,11.1487],[107.5257,11.1484],[107.5271,11.1475],[107.5287,11.1449],[107.5308,11.1433],[107.5312,11.1417],[107.5336,11.1391],[107.537,11.138],[107.5398,11.1386],[107.5422,11.137],[107.5446,11.1358],[107.5458,11.1338],[107.5458,11.132],[107.5466,11.1313],[107.5484,11.1239],[107.5529,11.1075]]]},"properties":{"name":"Hoài Đức","level":"ward"}},{"type":"Feature","geometry":{"type":"Polygon","coordinates":[[[107.615,11.1963],[107.6138,11.1966],[107.6133,11.1977],[107.6111,11.1973],[107.608,11.1984],[107.6062,11.198],[107.6056,11.1966],[107.6034,11.1954],[107.6008,11.1974],[107.6018,11.1989],[107.6009,11.2021],[107.6,11.2023],[107.5975,11.2011],[107.595,11.2029],[107.5945,11.2038],[107.5932,11.2079],[107.5933,11.2103],[107.5947,11.2121],[107.5968,11.2133],[107.5962,11.2142],[107.5929,11.2115],[107.5921,11.2102],[107.5907,11.2092],[107.5883,11.2107],[107.5873,11.214],[107.5867,11.215],[107.5845,11.2158],[107.5812,11.2161],[107.5788,11.2179],[107.5769,11.2177],[107.5767,11.2159],[107.5757,11.2154],[107.5725,11.2186],[107.5721,11.2214],[107.5722,11.2229],[107.5729,11.2242],[107.5752,11.2254],[107.5754,11.2266],[107.572,11.2272],[107.567,11.2235],[107.565,11.2211],[107.5638,11.2214],[107.5622,11.2235],[107.5621,11.2257],[107.5631,11.2295],[107.5648,11.2303],[107.5683,11.2288],[107.5693,11.2298],[107.5696,11.2327],[107.5692,11.2342],[107.5679,11.2359],[107.5666,11.2386],[107.5655,11.2393],[107.5629,11.2375],[107.5614,11.2375],[107.5589,11.239],[107.5562,11.2416],[107.555,11.2431],[107.5535,11.2438],[107.5515,11.2434],[107.5504,11.2425],[107.549,11.24],[107.5479,11.2368],[107.5459,11.2354],[107.5449,11.2334],[107.5441,11.2338],[107.5427,11.2377],[107.5415,11.2399],[107.5397,11.2402],[107.538,11.2387],[107.536,11.236],[107.535,11.2369],[107.5366,11.2398],[107.5367,11.2417],[107.534,11.2438],[107.532,11.2443],[107.5313,11.2465],[107.5305,11.247],[107.528,11.2468],[107.5274,11.2477],[107.5274,11.2502],[107.5245,11.2517],[107.5238,11.2542],[107.5234,11.2565],[107.525,11.2599],[107.525,11.261],[107.5229,11.2664],[107.5238,11.2688],[107.5231,11.2706],[107.5237,11.2722],[107.5234,11.2731],[107.522,11.2736],[107.5206,11.2753],[107.5214,11.2771],[107.5206,11.2796],[107.521,11.2805],[107.5193,11.2821],[107.5185,11.2839],[107.5186,11.2857],[107.5205,11.288],[107.5199,11.2886],[107.5208,11.29],[107.5229,11.2902],[107.5225,11.2921],[107.5237,11.2943],[107.5234,11.2967],[107.5228,11.2978],[107.5239,11.2997],[107.5216,11.3038],[107.5188,11.3052],[107.519,11.3079],[107.5176,11.3094],[107.5186,11.3112],[107.5191,11.3138],[107.5223,11.3156],[107.5239,11.316],[107.5241,11.3176],[107.5255,11.3189],[107.5301,11.3194],[107.5307,11.3211],[107.5351,11.3248],[107.5347,11.3265],[107.5355,11.3272],[107.5357,11.3302],[107.5354,11.3325],[107.5366,11.3351],[107.5394,11.3373],[107.5416,11.3419],[107.5421,11.3447],[107.5418,11.3461],[107.5421,11.3487],[107.5437,11.3501],[107.5427,11.3537],[107.5437,11.3599],[107.5447,11.3607],[107.545,11.3623],[107.5444,11.3666],[107.5582,11.3721],[107.56,11.3737],[107.5618,11.3761],[107.564,11.3782],[107.5658,11.3814],[107.5683,11.3827],[107.5735,11.3829],[107.5763,11.3819],[107.5771,11.381],[107.5812,11.3751],[107.5832,11.3733],[107.584,11.3712],[107.5854,11.3702],[107.5859,11.3685],[107.5872,11.3683],[107.5883,11.3665],[107.5903,11.3654],[107.592,11.3638],[107.5925,11.3607],[107.5935,11.3589],[107.5957,11.3575],[107.5966,11.3564],[107.5984,11.3551],[107.5996,11.353],[107.6019,11.3524],[107.6056,11.3497],[107.6103,11.3449],[107.6122,11.3435],[107.6144,11.3423],[107.6153,11.3415],[107.6197,11.3405],[107.6213,11.3397],[107.6237,11.3398],[107.6264,11.3393],[107.6296,11.338],[107.6357,11.3376],[107.6459,11.3378],[107.6575,11.3319],[107.6577,11.3306],[107.661,11.3276],[107.6626,11.3249],[107.6627,11.32],[107.6618,11.3193],[107.6595,11.3135],[107.6578,11.3107],[107.6575,11.3081],[107.6595,11.3036],[107.6596,11.302],[107.6581,11.2992],[107.6575,11.297],[107.6564,11.2949],[107.6544,11.2924],[107.6519,11.2905],[107.6509,11.2905],[107.6481,11.2885],[107.6455,11.2854],[107.6447,11.283],[107.6449,11.2805],[107.6447,11.277],[107.6442,11.2731],[107.645,11.2664],[107.6468,11.2607],[107.644,11.2567],[107.645,11.2563],[107.6446,11.2531],[107.644,11.2524],[107.6413,11.2464],[107.6401,11.2453],[107.6446,11.242],[107.6419,11.2382],[107.6428,11.2371],[107.6385,11.2312],[107.6414,11.2276],[107.6386,11.2236],[107.6247,11.2053],[107.6236,11.2038],[107.6168,11.1965],[107.6154,11.1973],[107.615,11.1963]]]},"properties":{"name":"Nam Thành","level":"ward"}},{"type":"Feature","geometry":{"type":"Polygon","coordinates":[[[107.5561,11.0894],[107.5608,11.0857],[107.5643,11.0818],[107.5807,11.0646],[107.5813,11.0629],[107.5809,11.061],[107.58,11.0602],[107.5779,11.0602],[107.5768,11.0586],[107.5766,11.0574],[107.5751,11.0545],[107.5733,11.0542],[107.5729,11.0506],[107.5733,11.0481],[107.5726,11.0467],[107.5733,11.0456],[107.5726,11.0426],[107.5708,11.0407],[107.5705,11.0391],[107.5713,11.0365],[107.569,11.035],[107.5672,11.0346],[107.5661,11.0336],[107.5512,11.0246],[107.5494,11.0218],[107.5492,11.0207],[107.546,11.0203],[107.5424,11.0175],[107.5409,11.017],[107.5381,11.0167],[107.5359,11.0157],[107.5323,11.0162],[107.5295,11.0181],[107.5279,11.0173],[107.5268,11.016],[107.5229,11.0147],[107.5217,11.0151],[107.5201,11.0144],[107.5154,11.0145],[107.5128,11.0132],[107.5125,11.0117],[107.5107,11.0108],[107.5081,11.0111],[107.5074,11.0125],[107.5061,11.0137],[107.5051,11.0136],[107.5037,11.0149],[107.5008,11.0152],[107.4964,11.0145],[107.4934,11.0134],[107.492,11.0118],[107.4903,11.0108],[107.4887,11.0105],[107.4875,11.0091],[107.4862,11.0094],[107.4838,11.0086],[107.4816,11.0083],[107.4813,11.0071],[107.4782,11.0078],[107.4773,11.0074],[107.4749,11.0076],[107.4744,11.0068],[107.4722,11.0077],[107.4703,11.0091],[107.4686,11.0113],[107.4693,11.0122],[107.4681,11.0137],[107.4665,11.0137],[107.4652,11.0158],[107.4628,11.0162],[107.4608,11.016],[107.4581,11.0173],[107.4566,11.0167],[107.4544,11.0175],[107.4545,11.0191],[107.452,11.02],[107.4517,11.0209],[107.4494,11.0212],[107.4504,11.0228],[107.4489,11.0233],[107.4493,11.0249],[107.4489,11.026],[107.4473,11.027],[107.4477,11.0283],[107.4452,11.0289],[107.4435,11.031],[107.4422,11.0308],[107.439,11.0329],[107.4378,11.0324],[107.4368,11.0336],[107.4352,11.0325],[107.4324,11.0343],[107.4313,11.0336],[107.4282,11.0334],[107.4284,11.0343],[107.4271,11.035],[107.4269,11.0367],[107.4256,11.0359],[107.4236,11.0361],[107.4207,11.0374],[107.4217,11.039],[107.4212,11.0404],[107.4221,11.0414],[107.4196,11.0424],[107.4158,11.0416],[107.4141,11.0421],[107.4125,11.042],[107.4127,11.0453],[107.412,11.0456],[107.4106,11.0449],[107.4091,11.0451],[107.4074,11.0434],[107.406,11.0429],[107.4054,11.0436],[107.4051,11.0459],[107.4044,11.0467],[107.403,11.0466],[107.4029,11.0486],[107.4008,11.0485],[107.3999,11.0499],[107.3988,11.0501],[107.3969,11.0488],[107.3951,11.0501],[107.3994,11.0535],[107.4006,11.0536],[107.4071,11.052],[107.409,11.0506],[107.4119,11.0507],[107.415,11.0501],[107.4169,11.0512],[107.4169,11.0534],[107.4185,11.0566],[107.4213,11.058],[107.4243,11.0613],[107.4258,11.0639],[107.4262,11.0676],[107.4256,11.0694],[107.4226,11.074],[107.4229,11.0765],[107.4237,11.0775],[107.4252,11.078],[107.4274,11.0777],[107.4284,11.0784],[107.4294,11.0807],[107.4318,11.0822],[107.4321,11.0836],[107.4305,11.0851],[107.4303,11.0865],[107.4319,11.0877],[107.4358,11.0881],[107.4373,11.089],[107.4384,11.0889],[107.4394,11.087],[107.4403,11.084],[107.4421,11.0831],[107.4435,11.0848],[107.4435,11.0896],[107.444,11.0904],[107.4455,11.0909],[107.4465,11.092],[107.4469,11.0952],[107.4495,11.0988],[107.4494,11.1014],[107.4793,11.0982],[107.4863,11.1083],[107.5018,11.1037],[107.5045,11.1028],[107.51,11.0999],[107.5257,11.0893],[107.5271,11.0866],[107.5295,11.0866],[107.5306,11.0872],[107.5322,11.0864],[107.5351,11.0864],[107.5399,11.087],[107.542,11.0865],[107.5433,11.0866],[107.5448,11.0843],[107.5481,11.0845],[107.5506,11.0857],[107.5513,11.0868],[107.5534,11.0878],[107.5543,11.0887],[107.5561,11.0894]]]},"properties":{"name":"Trà Tân","level":"ward"}},{"type":"Feature","geometry":{"type":"Polygon","coordinates":[[[107.6931,10.917],[107.699,10.9081],[107.7032,10.9008],[107.7136,10.8815],[107.7132,10.8702],[107.7129,10.8596],[107.7127,10.8571],[107.7075,10.8447],[107.7022,10.8324],[107.6961,10.819],[107.6787,10.8113],[107.6669,10.806],[107.6741,10.7894],[107.6623,10.7814],[107.6576,10.778],[107.6534,10.7774],[107.6437,10.7758],[107.6397,10.7749],[107.624,10.7744],[107.6183,10.774],[107.5834,10.7705],[107.5691,10.7691],[107.5444,10.7664],[107.5442,10.7834],[107.5453,10.7854],[107.5453,10.7871],[107.5521,10.7919],[107.5562,10.7951],[107.5613,10.7987],[107.5626,10.7999],[107.5656,10.8041],[107.5661,10.8061],[107.567,10.8077],[107.5686,10.8095],[107.5686,10.8103],[107.5709,10.8124],[107.5712,10.8138],[107.5738,10.814],[107.5735,10.8163],[107.5728,10.8169],[107.5729,10.8189],[107.5745,10.8234],[107.5756,10.8274],[107.5769,10.8303],[107.5778,10.8331],[107.5777,10.8341],[107.5759,10.8405],[107.5736,10.8473],[107.57,10.854],[107.5598,10.8685],[107.5597,10.8728],[107.5601,10.8792],[107.5603,10.8883],[107.5605,10.8907],[107.5609,10.9082],[107.5824,10.9078],[107.6342,10.9139],[107.6536,10.9158],[107.6931,10.917]]]},"properties":{"name":"Tân Minh","level":"ward"}},{"type":"Feature","geometry":{"type":"Polygon","coordinates":[[[107.7766,10.6534],[107.7755,10.653],[107.7742,10.6516],[107.7755,10.6505],[107.7717,10.6489],[107.7711,10.6498],[107.7697,10.65],[107.767,10.6488],[107.7657,10.6477],[107.7634,10.6471],[107.7608,10.6447],[107.7578,10.6427],[107.7526,10.6401],[107.7508,10.64],[107.747,10.6387],[107.7403,10.6372],[107.7355,10.6353],[107.731,10.633],[107.728,10.6319],[107.7257,10.6317],[107.7197,10.6317],[107.713,10.6321],[107.7114,10.6325],[107.7113,10.6472],[107.716,10.6512],[107.7166,10.6559],[107.716,10.6642],[107.7148,10.6734],[107.6893,10.6901],[107.679,10.6969],[107.6798,10.6983],[107.6817,10.6991],[107.6849,10.699],[107.689,10.6985],[107.6898,10.6981],[107.6925,10.698],[107.6935,10.6988],[107.6957,10.6993],[107.7003,10.6989],[107.7031,10.697],[107.7048,10.6972],[107.7075,10.6989],[107.7095,10.6987],[107.7126,10.698],[107.7169,10.6999],[107.7182,10.7009],[107.7208,10.7051],[107.7219,10.7052],[107.7301,10.7019],[107.731,10.7031],[107.7361,10.7012],[107.7418,10.706],[107.7426,10.705],[107.7416,10.7035],[107.7421,10.703],[107.7419,10.701],[107.7407,10.6992],[107.7403,10.6975],[107.7391,10.6967],[107.7382,10.6952],[107.7362,10.6947],[107.737,10.6928],[107.7383,10.6907],[107.7383,10.6899],[107.7395,10.6879],[107.7392,10.6872],[107.7357,10.6868],[107.7359,10.686],[107.7374,10.6853],[107.7407,10.6848],[107.7416,10.6837],[107.7449,10.6833],[107.7465,10.6818],[107.7454,10.681],[107.7454,10.679],[107.7462,10.677],[107.7443,10.6759],[107.7484,10.6731],[107.7509,10.6744],[107.7516,10.6736],[107.7505,10.6724],[107.7514,10.6714],[107.7509,10.6693],[107.7494,10.6672],[107.7501,10.6652],[107.7521,10.6641],[107.7483,10.6609],[107.7493,10.66],[107.7511,10.6593],[107.7546,10.6597],[107.7581,10.661],[107.7599,10.6613],[107.7621,10.6607],[107.7621,10.6621],[107.765,10.6625],[107.7664,10.662],[107.7695,10.6619],[107.7685,10.663],[107.768,10.6657],[107.7671,10.6673],[107.7675,10.6698],[107.7701,10.6694],[107.7695,10.667],[107.7707,10.6656],[107.7727,10.6652],[107.7762,10.6658],[107.7778,10.6648],[107.778,10.6633],[107.7767,10.6598],[107.7769,10.6575],[107.7766,10.6534]]]},"properties":{"name":"Phước Hội","level":"ward"}},{"type":"Feature","geometry":{"type":"Polygon","coordinates":[[[107.7766,10.6534],[107.7769,10.6575],[107.7767,10.6598],[107.778,10.6633],[107.7778,10.6648],[107.7762,10.6658],[107.7727,10.6652],[107.7707,10.6656],[107.7695,10.667],[107.7701,10.6694],[107.7675,10.6698],[107.7671,10.6673],[107.768,10.6657],[107.7685,10.663],[107.7695,10.6619],[107.7664,10.662],[107.765,10.6625],[107.7621,10.6621],[107.7621,10.6607],[107.7599,10.6613],[107.7581,10.661],[107.7546,10.6597],[107.7511,10.6593],[107.7493,10.66],[107.7483,10.6609],[107.7521,10.6641],[107.7501,10.6652],[107.7494,10.6672],[107.7509,10.6693],[107.7514,10.6714],[107.7505,10.6724],[107.7516,10.6736],[107.7509,10.6744],[107.7484,10.6731],[107.7443,10.6759],[107.7462,10.677],[107.7454,10.679],[107.7454,10.681],[107.7465,10.6818],[107.7449,10.6833],[107.7416,10.6837],[107.7407,10.6848],[107.7374,10.6853],[107.7359,10.686],[107.7357,10.6868],[107.7392,10.6872],[107.7395,10.6879],[107.7383,10.6899],[107.7383,10.6907],[107.737,10.6928],[107.7362,10.6947],[107.7382,10.6952],[107.7391,10.6967],[107.7403,10.6975],[107.7407,10.6992],[107.7419,10.701],[107.7421,10.703],[107.7416,10.7035],[107.7426,10.705],[107.7418,10.706],[107.7408,10.7068],[107.7358,10.7121],[107.7369,10.7148],[107.7402,10.7179],[107.7426,10.7197],[107.7443,10.7216],[107.7457,10.7238],[107.7464,10.7254],[107.7473,10.726],[107.7496,10.7285],[107.7512,10.7327],[107.7524,10.7337],[107.7582,10.734],[107.757,10.749],[107.7569,10.7522],[107.7566,10.757],[107.7437,10.7851],[107.775,10.7912],[107.7902,10.7535],[107.7915,10.7513],[107.7882,10.7488],[107.788,10.7459],[107.7889,10.7438],[107.7897,10.7408],[107.7905,10.7395],[107.7904,10.7384],[107.7925,10.7356],[107.7938,10.7358],[107.7956,10.7353],[107.7966,10.7344],[107.7938,10.7311],[107.7926,10.7286],[107.7929,10.7236],[107.7931,10.7228],[107.7932,10.7189],[107.7911,10.7188],[107.792,10.717],[107.7908,10.7159],[107.7896,10.713],[107.7905,10.7109],[107.7915,10.7096],[107.7931,10.7094],[107.7954,10.7099],[107.7963,10.709],[107.7976,10.7088],[107.7987,10.7065],[107.7996,10.7031],[107.8013,10.7012],[107.8102,10.6965],[107.812,10.6939],[107.8149,10.6964],[107.8203,10.7004],[107.8236,10.7025],[107.8278,10.7043],[107.8327,10.706],[107.8382,10.7065],[107.8352,10.7059],[107.8332,10.7059],[107.8307,10.7052],[107.8244,10.7025],[107.8215,10.7008],[107.8152,10.6964],[107.8114,10.6928],[107.8049,10.686],[107.7996,10.6798],[107.7971,10.6771],[107.7944,10.6734],[107.7889,10.6664],[107.7862,10.6629],[107.7812,10.6571],[107.7781,10.6523],[107.7766,10.6534]]]},"properties":{"name":"La Gi","level":"ward"}},{"type":"Feature","geometry":{"type":"Polygon","coordinates":[[[107.7127,10.8571],[107.7127,10.857],[107.7306,10.8513],[107.736,10.853],[107.7369,10.8527],[107.7381,10.8549],[107.7404,10.8562],[107.742,10.856],[107.7411,10.8518],[107.737,10.8448],[107.7368,10.843],[107.7363,10.8332],[107.7351,10.8274],[107.7379,10.8284],[107.7422,10.8291],[107.75,10.8293],[107.7491,10.8276],[107.7497,10.8262],[107.7502,10.821],[107.752,10.8194],[107.7536,10.8209],[107.7553,10.8192],[107.7578,10.8192],[107.7755,10.8188],[107.7738,10.8018],[107.775,10.7912],[107.7437,10.7851],[107.7566,10.757],[107.7569,10.7522],[107.757,10.749],[107.7582,10.734],[107.7524,10.7337],[107.7512,10.7327],[107.7496,10.7285],[107.7473,10.726],[107.7464,10.7254],[107.7457,10.7238],[107.7443,10.7216],[107.7426,10.7197],[107.7402,10.7179],[107.7369,10.7148],[107.7358,10.7121],[107.7408,10.7068],[107.7418,10.706],[107.7361,10.7012],[107.731,10.7031],[107.7301,10.7019],[107.7219,10.7052],[107.7208,10.7051],[107.7182,10.7009],[107.7169,10.6999],[107.7126,10.698],[107.7095,10.6987],[107.7075,10.6989],[107.7048,10.6972],[107.7031,10.697],[107.7003,10.6989],[107.6957,10.6993],[107.6935,10.6988],[107.6925,10.698],[107.6898,10.6981],[107.689,10.6985],[107.6849,10.699],[107.6817,10.6991],[107.6798,10.6983],[107.679,10.6969],[107.6697,10.6951],[107.6632,10.6932],[107.6629,10.696],[107.6614,10.696],[107.6595,10.6941],[107.6568,10.6928],[107.6554,10.6914],[107.6531,10.6921],[107.6518,10.6916],[107.6512,10.6935],[107.6502,10.6942],[107.649,10.694],[107.6482,10.6948],[107.6485,10.6959],[107.6475,10.6975],[107.6458,10.6988],[107.6444,10.6986],[107.6442,10.7009],[107.6434,10.7018],[107.6434,10.7019],[107.6435,10.7028],[107.6422,10.7037],[107.6438,10.7079],[107.6448,10.7082],[107.6441,10.7116],[107.644,10.7142],[107.6446,10.7147],[107.6431,10.717],[107.6412,10.7208],[107.6399,10.7213],[107.6363,10.7211],[107.6314,10.7218],[107.6296,10.721],[107.6289,10.7213],[107.6273,10.7206],[107.6246,10.7204],[107.6214,10.7231],[107.6191,10.7232],[107.6175,10.7248],[107.6152,10.7267],[107.6134,10.7276],[107.6123,10.7277],[107.6108,10.7297],[107.6101,10.7327],[107.6071,10.737],[107.6076,10.7381],[107.6074,10.744],[107.6084,10.7449],[107.6087,10.7479],[107.6071,10.7509],[107.6047,10.7537],[107.6023,10.7571],[107.5805,10.7484],[107.5704,10.7486],[107.5692,10.7492],[107.5539,10.7597],[107.5448,10.766],[107.5444,10.7664],[107.5691,10.7691],[107.5834,10.7705],[107.6183,10.774],[107.624,10.7744],[107.6397,10.7749],[107.6437,10.7758],[107.6534,10.7774],[107.6576,10.778],[107.6623,10.7814],[107.6741,10.7894],[107.6669,10.806],[107.6787,10.8113],[107.6961,10.819],[107.7022,10.8324],[107.7075,10.8447],[107.7127,10.8571]]]},"properties":{"name":"Hàm Tân","level":"ward"}},{"type":"Feature","geometry":{"type":"Polygon","coordinates":[[[107.775,10.7912],[107.8005,10.794],[107.8231,10.7964],[107.8406,10.7754],[107.8438,10.7673],[107.8459,10.7673],[107.8459,10.7658],[107.8448,10.7634],[107.845,10.7618],[107.8444,10.7602],[107.8449,10.7591],[107.8463,10.7579],[107.8478,10.7558],[107.848,10.7539],[107.8505,10.7524],[107.8503,10.7505],[107.8507,10.7496],[107.8682,10.7496],[107.8745,10.7498],[107.8751,10.7481],[107.8743,10.7469],[107.8726,10.747],[107.8722,10.7456],[107.8731,10.7447],[107.8733,10.7422],[107.8748,10.7401],[107.8814,10.7399],[107.8821,10.7384],[107.8817,10.7351],[107.8833,10.7327],[107.8835,10.7315],[107.8863,10.7309],[107.887,10.7294],[107.8861,10.7278],[107.8865,10.7249],[107.8856,10.7204],[107.8823,10.7194],[107.873,10.7158],[107.8727,10.717],[107.8683,10.7155],[107.8659,10.7151],[107.8634,10.714],[107.8607,10.7132],[107.8553,10.7104],[107.8575,10.7108],[107.8582,10.7113],[107.8641,10.7134],[107.8663,10.7149],[107.8675,10.7144],[107.8602,10.7112],[107.8516,10.7076],[107.8485,10.7061],[107.8472,10.7049],[107.8453,10.7039],[107.8441,10.7039],[107.8423,10.7053],[107.8377,10.7056],[107.8382,10.7065],[107.8327,10.706],[107.8278,10.7043],[107.8236,10.7025],[107.8203,10.7004],[107.8149,10.6964],[107.812,10.6939],[107.8102,10.6965],[107.8013,10.7012],[107.7996,10.7031],[107.7987,10.7065],[107.7976,10.7088],[107.7963,10.709],[107.7954,10.7099],[107.7931,10.7094],[107.7915,10.7096],[107.7905,10.7109],[107.7896,10.713],[107.7908,10.7159],[107.792,10.717],[107.7911,10.7188],[107.7932,10.7189],[107.7931,10.7228],[107.7929,10.7236],[107.7926,10.7286],[107.7938,10.7311],[107.7966,10.7344],[107.7956,10.7353],[107.7938,10.7358],[107.7925,10.7356],[107.7904,10.7384],[107.7905,10.7395],[107.7897,10.7408],[107.7889,10.7438],[107.788,10.7459],[107.7882,10.7488],[107.7915,10.7513],[107.7902,10.7535],[107.775,10.7912]]]},"properties":{"name":"Tân Hải","level":"ward"}},{"type":"Feature","geometry":{"type":"Polygon","coordinates":[[[107.5453,10.7871],[107.5453,10.7854],[107.5442,10.7834],[107.5444,10.7664],[107.5448,10.766],[107.5539,10.7597],[107.5692,10.7492],[107.5704,10.7486],[107.5805,10.7484],[107.6023,10.7571],[107.6047,10.7537],[107.6071,10.7509],[107.6087,10.7479],[107.6084,10.7449],[107.6074,10.744],[107.6076,10.7381],[107.6071,10.737],[107.6101,10.7327],[107.6108,10.7297],[107.6123,10.7277],[107.6134,10.7276],[107.6152,10.7267],[107.6175,10.7248],[107.6191,10.7232],[107.6214,10.7231],[107.6246,10.7204],[107.6273,10.7206],[107.6289,10.7213],[107.6296,10.721],[107.6314,10.7218],[107.6363,10.7211],[107.6399,10.7213],[107.6412,10.7208],[107.6431,10.717],[107.6446,10.7147],[107.644,10.7142],[107.6441,10.7116],[107.6448,10.7082],[107.6438,10.7079],[107.6422,10.7037],[107.6435,10.7028],[107.6434,10.7019],[107.6434,10.7018],[107.6442,10.7009],[107.6444,10.6986],[107.6458,10.6988],[107.6475,10.6975],[107.6485,10.6959],[107.6482,10.6948],[107.649,10.694],[107.6502,10.6942],[107.6512,10.6935],[107.6518,10.6916],[107.6531,10.6921],[107.6554,10.6914],[107.6568,10.6928],[107.6595,10.6941],[107.6614,10.696],[107.6629,10.696],[107.6632,10.6932],[107.6697,10.6951],[107.679,10.6969],[107.6893,10.6901],[107.7148,10.6734],[107.716,10.6642],[107.7166,10.6559],[107.716,10.6512],[107.7113,10.6472],[107.7114,10.6325],[107.7065,10.6324],[107.7034,10.632],[107.6982,10.6306],[107.6935,10.6284],[107.6866,10.6264],[107.6839,10.6255],[107.6779,10.6223],[107.6754,10.6207],[107.6707,10.6169],[107.6668,10.6134],[107.6634,10.6095],[107.6619,10.6092],[107.6583,10.6079],[107.6491,10.6036],[107.6483,10.6035],[107.645,10.602],[107.6417,10.601],[107.64,10.6],[107.6379,10.5998],[107.6358,10.5982],[107.6321,10.5968],[107.631,10.5967],[107.6268,10.5954],[107.6257,10.5954],[107.6225,10.5946],[107.6202,10.5946],[107.6115,10.5903],[107.609,10.5888],[107.6058,10.5874],[107.6003,10.5855],[107.5962,10.5832],[107.5937,10.5815],[107.5864,10.5779],[107.5835,10.576],[107.5824,10.5749],[107.5805,10.5749],[107.5796,10.576],[107.5781,10.5741],[107.5736,10.5706],[107.5719,10.5689],[107.5703,10.5681],[107.5691,10.5787],[107.5696,10.5797],[107.5692,10.5814],[107.5683,10.5822],[107.5684,10.5835],[107.5677,10.5856],[107.5704,10.5928],[107.571,10.5965],[107.5719,10.6002],[107.5703,10.6022],[107.568,10.603],[107.5676,10.6043],[107.5659,10.6055],[107.5644,10.6083],[107.565,10.6139],[107.5634,10.6152],[107.5671,10.6161],[107.5681,10.6174],[107.5673,10.6207],[107.5654,10.6229],[107.5639,10.6264],[107.5623,10.6278],[107.5632,10.6301],[107.5611,10.6348],[107.5603,10.6352],[107.5596,10.6375],[107.557,10.6391],[107.5567,10.6415],[107.5555,10.6418],[107.5561,10.6452],[107.5543,10.6464],[107.5541,10.6478],[107.5533,10.6488],[107.5522,10.6489],[107.5507,10.6513],[107.5513,10.6533],[107.5502,10.6548],[107.5503,10.6555],[107.5491,10.6574],[107.5497,10.6579],[107.5479,10.6601],[107.5489,10.6617],[107.5487,10.6624],[107.5455,10.6634],[107.545,10.6664],[107.5442,10.6669],[107.544,10.6686],[107.5442,10.6704],[107.5435,10.6713],[107.5432,10.6734],[107.5417,10.6734],[107.5412,10.6747],[107.5389,10.6761],[107.5394,10.6773],[107.5383,10.6785],[107.5404,10.68],[107.5399,10.6807],[107.5406,10.6832],[107.5421,10.6839],[107.5419,10.6878],[107.5435,10.688],[107.5429,10.6904],[107.5451,10.6922],[107.545,10.6933],[107.5464,10.6945],[107.5462,10.6959],[107.5441,10.6978],[107.5434,10.6996],[107.5446,10.7014],[107.5437,10.7025],[107.5441,10.7032],[107.5435,10.7066],[107.542,10.7094],[107.5404,10.7094],[107.5406,10.7111],[107.5397,10.7116],[107.5397,10.7129],[107.5387,10.7139],[107.5381,10.7158],[107.5364,10.7162],[107.5355,10.7182],[107.5357,10.7201],[107.535,10.7214],[107.5326,10.7221],[107.5324,10.7214],[107.529,10.724],[107.5281,10.724],[107.5279,10.7266],[107.5264,10.7285],[107.5264,10.7305],[107.5259,10.7316],[107.524,10.7315],[107.522,10.7325],[107.5224,10.7335],[107.5207,10.7343],[107.5195,10.7355],[107.5169,10.7348],[107.5157,10.7351],[107.5157,10.7381],[107.5123,10.7403],[107.5122,10.743],[107.5091,10.7448],[107.506,10.7461],[107.5059,10.7494],[107.5067,10.7503],[107.5068,10.7544],[107.5079,10.7565],[107.5062,10.7578],[107.5049,10.7714],[107.5069,10.7719],[107.5151,10.7726],[107.5175,10.7726],[107.5206,10.7731],[107.5253,10.7745],[107.532,10.778],[107.5453,10.7871]]]},"properties":{"name":"Sơn Mỹ","level":"ward"}},{"type":"Feature","geometry":{"type":"MultiPolygon","coordinates":[[[[108.9682,10.4908],[108.9649,10.4882],[108.966,10.4865],[108.9629,10.4854],[108.9618,10.486],[108.9607,10.489],[108.9614,10.4898],[108.9632,10.4895],[108.964,10.4914],[108.9631,10.4952],[108.9638,10.4968],[108.9655,10.4972],[108.9693,10.4952],[108.9685,10.4937],[108.9688,10.4923],[108.9682,10.4908]]],[[[108.9391,10.5528],[108.9421,10.5528],[108.9435,10.5538],[108.9468,10.5527],[108.9501,10.5525],[108.9514,10.552],[108.9527,10.5486],[108.9563,10.5449],[108.9549,10.5448],[108.9545,10.5436],[108.9556,10.5421],[108.9543,10.5403],[108.9546,10.5388],[108.9561,10.5366],[108.9581,10.5345],[108.9575,10.5324],[108.9564,10.5318],[108.9564,10.5308],[108.9576,10.529],[108.9573,10.5275],[108.9581,10.5244],[108.9591,10.524],[108.9589,10.5221],[108.9606,10.5205],[108.9617,10.5186],[108.9638,10.5193],[108.9662,10.5182],[108.9672,10.5147],[108.9664,10.5141],[108.9671,10.5109],[108.9689,10.5101],[108.9674,10.5078],[108.9649,10.5076],[108.9635,10.5054],[108.9619,10.5056],[108.9592,10.5033],[108.9581,10.5042],[108.955,10.504],[108.9501,10.5027],[108.9501,10.5038],[108.9473,10.5052],[108.9456,10.5057],[108.9412,10.5085],[108.9362,10.5111],[108.9338,10.5141],[108.9325,10.5136],[108.9314,10.5141],[108.9315,10.5154],[108.9309,10.5177],[108.9306,10.5204],[108.929,10.5233],[108.9283,10.5251],[108.9277,10.5292],[108.9271,10.5363],[108.9264,10.5401],[108.9254,10.5415],[108.9236,10.5419],[108.9233,10.5441],[108.9225,10.5465],[108.9247,10.55],[108.9276,10.5526],[108.9296,10.5535],[108.9314,10.5539],[108.9341,10.5539],[108.9391,10.5528]]],[[[108.9596,10.555],[108.9593,10.5559],[108.9605,10.5604],[108.9602,10.5622],[108.9608,10.5637],[108.9623,10.5634],[108.9629,10.5619],[108.9608,10.5564],[108.9596,10.555]]],[[[108.9584,10.5641],[108.9576,10.5633],[108.9555,10.5643],[108.9566,10.5662],[108.9577,10.5665],[108.9586,10.5651],[108.9584,10.5641]]],[[[108.9527,10.5664],[108.9504,10.5662],[108.9501,10.5678],[108.9514,10.5687],[108.9528,10.5681],[108.9527,10.5664]]]]},"properties":{"name":"Phú Quý","level":"ward"}},{"type":"Feature","geometry":{"type":"Polygon","coordinates":[[[107.8705,12.0648],[107.8667,12.0642],[107.8645,12.0613],[107.8653,12.0594],[107.8665,12.0583],[107.8653,12.0568],[107.8637,12.0558],[107.8624,12.056],[107.8616,12.0551],[107.8598,12.0552],[107.8587,12.0544],[107.8569,12.0546],[107.8559,12.0556],[107.8547,12.0558],[107.8542,12.0544],[107.8526,12.0527],[107.8484,12.05],[107.8471,12.0501],[107.8465,12.0489],[107.8472,12.0476],[107.8468,12.0439],[107.8457,12.0422],[107.8469,12.0409],[107.8496,12.0398],[107.8502,12.0382],[107.8524,12.0377],[107.8545,12.0384],[107.8562,12.0372],[107.8565,12.0358],[107.8559,12.0344],[107.8531,12.0305],[107.856,12.0299],[107.8564,12.028],[107.8582,12.027],[107.8606,12.0248],[107.8616,12.0208],[107.8603,12.0197],[107.8595,12.0175],[107.8604,12.0142],[107.8583,12.0126],[107.857,12.0106],[107.8578,12.0088],[107.8589,12.0099],[107.8607,12.008],[107.8626,12.0076],[107.864,12.0063],[107.8656,12.0061],[107.8674,12.0024],[107.8685,12.0017],[107.868,11.9986],[107.8683,11.9978],[107.8683,11.9964],[107.8663,11.9959],[107.867,11.9948],[107.8674,11.9916],[107.8657,11.9905],[107.8643,11.992],[107.8621,11.9906],[107.8554,11.9902],[107.8542,11.9892],[107.8519,11.9889],[107.8509,11.9897],[107.8525,11.9911],[107.8525,11.992],[107.8512,11.9924],[107.8502,11.9935],[107.8487,11.9925],[107.8468,11.9924],[107.8448,11.994],[107.8438,11.9937],[107.8424,11.9947],[107.8416,11.9939],[107.8387,11.9962],[107.8376,11.9955],[107.836,11.9959],[107.8351,11.995],[107.8348,11.993],[107.8323,11.9936],[107.8315,11.9944],[107.8299,11.9944],[107.8272,11.9963],[107.8254,11.9967],[107.8233,11.9962],[107.8214,11.9963],[107.8206,11.9974],[107.8183,11.9967],[107.818,11.9977],[107.8152,11.9988],[107.8144,11.9999],[107.8105,11.9991],[107.8101,11.9968],[107.8089,11.9966],[107.8068,11.9934],[107.8043,11.9911],[107.8016,11.9879],[107.8008,11.9849],[107.8005,11.9824],[107.8004,11.9756],[107.7999,11.975],[107.7955,11.972],[107.7925,11.9707],[107.7855,11.967],[107.7821,11.9708],[107.7816,11.9729],[107.7768,11.9772],[107.7765,11.9789],[107.7756,11.9802],[107.7756,11.9814],[107.7723,11.9832],[107.7652,11.9873],[107.7637,11.9875],[107.7625,11.9884],[107.7623,11.9896],[107.757,11.996],[107.7562,11.9971],[107.756,11.999],[107.757,12.0007],[107.755,12.0058],[107.7533,12.0067],[107.7522,12.01],[107.7522,12.0121],[107.7511,12.0138],[107.7483,12.0147],[107.74,12.0165],[107.7392,12.0148],[107.7395,12.0128],[107.7385,12.0107],[107.7366,12.008],[107.7333,12.0063],[107.7334,12.005],[107.7326,12.0029],[107.7323,11.9996],[107.7313,11.9984],[107.7258,12.003],[107.7232,11.9998],[107.7207,11.9998],[107.7163,11.9981],[107.7148,11.9967],[107.7117,11.9948],[107.7104,11.9947],[107.7099,11.9919],[107.7075,11.9922],[107.7076,11.9939],[107.7061,11.9937],[107.7046,11.9948],[107.7051,11.9963],[107.7037,11.9972],[107.7017,11.9969],[107.7008,11.9988],[107.7011,12.0001],[107.6977,12.0011],[107.6945,12.0013],[107.6915,12.0037],[107.6899,12.0038],[107.6892,12.0037],[107.6882,12.0036],[107.688,12.0035],[107.6822,12.002],[107.6775,12.001],[107.6761,12.002],[107.6755,12.0037],[107.6745,12.0049],[107.6769,12.0085],[107.6778,12.0096],[107.6816,12.0121],[107.6826,12.013],[107.6847,12.0162],[107.6865,12.0243],[107.688,12.0286],[107.6874,12.0341],[107.6866,12.0361],[107.6853,12.0351],[107.6831,12.0366],[107.6816,12.0353],[107.683,12.0321],[107.6826,12.0306],[107.6804,12.0294],[107.6799,12.0274],[107.68,12.0249],[107.6703,12.0242],[107.6661,12.0237],[107.6668,12.0248],[107.6668,12.0266],[107.6659,12.0287],[107.6651,12.0335],[107.666,12.0346],[107.6637,12.0355],[107.6633,12.0371],[107.6616,12.0377],[107.6601,12.0393],[107.6588,12.0421],[107.6576,12.0429],[107.6573,12.0449],[107.6582,12.046],[107.6586,12.0479],[107.6604,12.0498],[107.6606,12.0509],[107.664,12.0547],[107.666,12.0553],[107.6692,12.0552],[107.6757,12.0553],[107.6741,12.058],[107.6742,12.0607],[107.6777,12.0604],[107.6816,12.0641],[107.6828,12.071],[107.6818,12.0724],[107.6802,12.0763],[107.6815,12.0772],[107.6854,12.078],[107.6872,12.0788],[107.6881,12.0801],[107.6874,12.0832],[107.688,12.0855],[107.6878,12.0873],[107.6865,12.0883],[107.6867,12.0899],[107.6877,12.0907],[107.6881,12.0923],[107.6882,12.0955],[107.689,12.0971],[107.6907,12.0974],[107.6938,12.0958],[107.6976,12.0929],[107.6996,12.0912],[107.7039,12.094],[107.705,12.0965],[107.7078,12.0989],[107.7085,12.0981],[107.7124,12.0975],[107.7141,12.0989],[107.7155,12.0989],[107.7178,12.0997],[107.7198,12.1011],[107.7211,12.1032],[107.7228,12.1038],[107.7247,12.1054],[107.7263,12.1085],[107.728,12.1091],[107.7305,12.1115],[107.7312,12.1126],[107.7309,12.1135],[107.7314,12.1163],[107.7335,12.1188],[107.7257,12.124],[107.7247,12.1255],[107.7253,12.1287],[107.7276,12.1294],[107.7293,12.1328],[107.7295,12.1354],[107.729,12.1367],[107.7293,12.1379],[107.7306,12.1394],[107.7333,12.1394],[107.7371,12.1344],[107.7414,12.1339],[107.744,12.1346],[107.7435,12.1356],[107.7448,12.1382],[107.7463,12.1394],[107.7496,12.1403],[107.7507,12.1398],[107.7572,12.1319],[107.7587,12.1321],[107.76,12.1289],[107.7605,12.13],[107.7634,12.1308],[107.7667,12.1294],[107.768,12.1285],[107.7694,12.1305],[107.771,12.1298],[107.773,12.1309],[107.7749,12.1294],[107.7759,12.1274],[107.7789,12.1264],[107.7826,12.1244],[107.7846,12.1246],[107.7933,12.1242],[107.7968,12.124],[107.8014,12.1234],[107.807,12.1223],[107.8147,12.1063],[107.8167,12.1041],[107.8215,12.096],[107.8218,12.0941],[107.8232,12.0922],[107.8245,12.0917],[107.8266,12.09],[107.827,12.0886],[107.8258,12.0875],[107.8281,12.0863],[107.8297,12.084],[107.8316,12.0822],[107.8338,12.082],[107.8338,12.0803],[107.8347,12.0791],[107.8356,12.0797],[107.8368,12.078],[107.838,12.0778],[107.8409,12.0766],[107.8418,12.0742],[107.8462,12.0727],[107.847,12.0718],[107.8473,12.0703],[107.8494,12.0679],[107.8507,12.0675],[107.851,12.069],[107.85,12.0692],[107.8504,12.0707],[107.8526,12.071],[107.8538,12.0718],[107.8552,12.071],[107.8563,12.0723],[107.858,12.0719],[107.8578,12.0704],[107.8585,12.0696],[107.8603,12.0699],[107.863,12.0692],[107.8654,12.0673],[107.8677,12.0673],[107.8692,12.0656],[107.8705,12.0648]]]},"properties":{"name":"Bắc Gia Nghĩa","level":"ward"}},{"type":"Feature","geometry":{"type":"Polygon","coordinates":[[[107.6604,12.0498],[107.6586,12.0479],[107.6582,12.046],[107.6573,12.0449],[107.6576,12.0429],[107.6588,12.0421],[107.6601,12.0393],[107.6616,12.0377],[107.6633,12.0371],[107.6637,12.0355],[107.666,12.0346],[107.6651,12.0335],[107.6659,12.0287],[107.6668,12.0266],[107.6668,12.0248],[107.6661,12.0237],[107.6703,12.0242],[107.68,12.0249],[107.6799,12.0274],[107.6804,12.0294],[107.6826,12.0306],[107.683,12.0321],[107.6816,12.0353],[107.6831,12.0366],[107.6853,12.0351],[107.6866,12.0361],[107.6874,12.0341],[107.688,12.0286],[107.6865,12.0243],[107.6847,12.0162],[107.6826,12.013],[107.6816,12.0121],[107.6778,12.0096],[107.6769,12.0085],[107.6745,12.0049],[107.6755,12.0037],[107.6761,12.002],[107.6775,12.001],[107.6822,12.002],[107.688,12.0035],[107.6882,12.0023],[107.6859,12.0007],[107.6838,12.0002],[107.6826,11.9984],[107.6848,11.9951],[107.6849,11.995],[107.685,11.9929],[107.6842,11.992],[107.6831,11.9892],[107.6814,11.988],[107.681,11.9862],[107.6797,11.9847],[107.6782,11.987],[107.6772,11.9832],[107.6782,11.9817],[107.6795,11.9838],[107.6812,11.9835],[107.681,11.9817],[107.679,11.981],[107.68,11.9788],[107.6814,11.9778],[107.6812,11.9768],[107.6794,11.974],[107.6797,11.9723],[107.679,11.9697],[107.6814,11.9652],[107.6844,11.9649],[107.6871,11.9637],[107.6868,11.9625],[107.6858,11.9618],[107.6827,11.9565],[107.6825,11.9551],[107.6839,11.9539],[107.6823,11.9524],[107.682,11.9506],[107.6831,11.9491],[107.6846,11.9493],[107.6855,11.947],[107.6843,11.9458],[107.6831,11.9454],[107.6829,11.9436],[107.6813,11.9445],[107.6813,11.9464],[107.6801,11.9472],[107.6786,11.9462],[107.6787,11.9453],[107.6769,11.9439],[107.6764,11.9427],[107.6735,11.9444],[107.6721,11.944],[107.671,11.9426],[107.6691,11.9418],[107.669,11.9409],[107.6668,11.9413],[107.6647,11.9389],[107.6622,11.9391],[107.6605,11.9375],[107.6591,11.9382],[107.6594,11.9388],[107.6581,11.9413],[107.6591,11.9427],[107.6595,11.9457],[107.6586,11.946],[107.6569,11.9453],[107.6551,11.9467],[107.6534,11.9461],[107.6517,11.9449],[107.6504,11.9469],[107.6501,11.9488],[107.6521,11.9525],[107.6513,11.9536],[107.6519,11.955],[107.6505,11.9563],[107.651,11.958],[107.6496,11.9615],[107.6499,11.9662],[107.6493,11.9679],[107.6503,11.9694],[107.6491,11.9718],[107.6488,11.9751],[107.647,11.9752],[107.6444,11.977],[107.6433,11.9784],[107.6424,11.9786],[107.6404,11.9777],[107.6398,11.9784],[107.6398,11.9808],[107.6392,11.9852],[107.6384,11.9861],[107.6401,11.9882],[107.6401,11.9901],[107.6389,11.991],[107.6394,11.9921],[107.6387,11.997],[107.6372,11.9971],[107.6342,11.9948],[107.632,11.9939],[107.6299,11.994],[107.6281,11.9949],[107.6269,11.9949],[107.6249,11.9938],[107.6229,11.9933],[107.622,11.992],[107.6193,11.9896],[107.6182,11.9898],[107.6169,11.9917],[107.6132,11.9924],[107.6107,11.9945],[107.6091,11.9948],[107.6082,11.9963],[107.6071,11.9963],[107.6074,11.9946],[107.6073,11.9921],[107.6057,11.9909],[107.604,11.9917],[107.6029,11.9933],[107.6015,11.9933],[107.6006,11.9943],[107.6004,11.9966],[107.6008,11.9977],[107.5994,11.9985],[107.5991,12.0016],[107.5976,12.0015],[107.597,12.0029],[107.5984,12.0043],[107.5981,12.0056],[107.5968,12.0066],[107.598,12.0075],[107.5973,12.0086],[107.5976,12.0103],[107.5965,12.0102],[107.5936,12.0074],[107.5929,12.0061],[107.5911,12.0067],[107.591,12.0075],[107.5894,12.0079],[107.5885,12.0091],[107.5872,12.0098],[107.5868,12.0109],[107.5852,12.0116],[107.5839,12.0134],[107.5836,12.0113],[107.5816,12.0114],[107.5809,12.0127],[107.582,12.0141],[107.5798,12.015],[107.5803,12.0166],[107.5794,12.0174],[107.5786,12.0199],[107.5794,12.0219],[107.5775,12.0224],[107.577,12.0238],[107.5783,12.0245],[107.579,12.0262],[107.5771,12.0273],[107.5766,12.0295],[107.5759,12.0307],[107.5775,12.0321],[107.5789,12.0353],[107.5776,12.0363],[107.5754,12.0391],[107.5767,12.0399],[107.5788,12.0396],[107.5801,12.0404],[107.5809,12.0426],[107.5825,12.0443],[107.5822,12.0458],[107.5872,12.0421],[107.5894,12.0457],[107.5928,12.0481],[107.5989,12.0475],[107.6019,12.0474],[107.6237,12.0456],[107.6307,12.0453],[107.6348,12.0466],[107.6362,12.0463],[107.639,12.0475],[107.6413,12.0493],[107.6429,12.0498],[107.6451,12.0515],[107.6478,12.0529],[107.6502,12.0534],[107.6522,12.0532],[107.6552,12.0523],[107.6604,12.0498]]]},"properties":{"name":"Nam Gia Nghĩa","level":"ward"}},{"type":"Feature","geometry":{"type":"Polygon","coordinates":[[[107.8705,12.0648],[107.8692,12.0656],[107.8677,12.0673],[107.8654,12.0673],[107.863,12.0692],[107.8603,12.0699],[107.8585,12.0696],[107.8578,12.0704],[107.858,12.0719],[107.8563,12.0723],[107.8552,12.071],[107.8538,12.0718],[107.8526,12.071],[107.8504,12.0707],[107.85,12.0692],[107.851,12.069],[107.8507,12.0675],[107.8494,12.0679],[107.8473,12.0703],[107.847,12.0718],[107.8462,12.0727],[107.8418,12.0742],[107.8409,12.0766],[107.838,12.0778],[107.8368,12.078],[107.8356,12.0797],[107.8347,12.0791],[107.8338,12.0803],[107.8338,12.082],[107.8316,12.0822],[107.8297,12.084],[107.8281,12.0863],[107.8258,12.0875],[107.827,12.0886],[107.8266,12.09],[107.8245,12.0917],[107.8232,12.0922],[107.8218,12.0941],[107.8215,12.096],[107.8167,12.1041],[107.8147,12.1063],[107.807,12.1223],[107.8014,12.1234],[107.7968,12.124],[107.7933,12.1242],[107.7846,12.1246],[107.7826,12.1244],[107.7789,12.1264],[107.7759,12.1274],[107.7749,12.1294],[107.773,12.1309],[107.771,12.1298],[107.7694,12.1305],[107.768,12.1285],[107.7667,12.1294],[107.7634,12.1308],[107.7605,12.13],[107.76,12.1289],[107.7587,12.1321],[107.7572,12.1319],[107.7507,12.1398],[107.7496,12.1403],[107.7463,12.1394],[107.7448,12.1382],[107.7435,12.1356],[107.744,12.1346],[107.7414,12.1339],[107.7371,12.1344],[107.7333,12.1394],[107.7365,12.142],[107.7384,12.1428],[107.7403,12.1444],[107.7407,12.1458],[107.7391,12.1483],[107.7399,12.1507],[107.7393,12.152],[107.736,12.1523],[107.7356,12.1543],[107.7359,12.1564],[107.7372,12.1584],[107.7376,12.16],[107.7414,12.1638],[107.7432,12.1668],[107.7449,12.1682],[107.7433,12.1698],[107.7419,12.1727],[107.7399,12.1733],[107.7387,12.1743],[107.7375,12.1767],[107.7363,12.1814],[107.7357,12.1824],[107.7389,12.1848],[107.7425,12.1868],[107.7433,12.1879],[107.7428,12.1899],[107.7438,12.1927],[107.7418,12.1959],[107.7418,12.1998],[107.7409,12.2015],[107.7394,12.2032],[107.7364,12.2058],[107.7336,12.2077],[107.7327,12.2088],[107.735,12.2118],[107.7352,12.2133],[107.7332,12.2145],[107.7313,12.2164],[107.7299,12.2174],[107.7262,12.2207],[107.7241,12.2224],[107.7237,12.224],[107.7192,12.2262],[107.7161,12.2272],[107.7226,12.2314],[107.7247,12.2333],[107.7265,12.2344],[107.7283,12.2345],[107.7315,12.2363],[107.734,12.2357],[107.7369,12.2358],[107.7418,12.235],[107.7487,12.238],[107.7518,12.2395],[107.7534,12.2397],[107.7549,12.2409],[107.7555,12.2438],[107.7578,12.2474],[107.7586,12.2503],[107.7583,12.2515],[107.7607,12.2537],[107.7621,12.2544],[107.7654,12.2588],[107.7665,12.2617],[107.7646,12.2662],[107.7659,12.2676],[107.7693,12.2677],[107.7722,12.2674],[107.7744,12.2682],[107.7751,12.2689],[107.7784,12.268],[107.7808,12.2677],[107.7828,12.267],[107.7853,12.2678],[107.7853,12.2647],[107.7867,12.2635],[107.7872,12.2625],[107.7852,12.2601],[107.7834,12.2593],[107.7833,12.2569],[107.7811,12.2536],[107.7804,12.2516],[107.7854,12.2464],[107.7863,12.2443],[107.7837,12.2403],[107.7847,12.2379],[107.7856,12.2371],[107.7852,12.236],[107.7868,12.2358],[107.7865,12.233],[107.7885,12.2323],[107.7889,12.2313],[107.7903,12.2309],[107.7914,12.2293],[107.7942,12.2284],[107.7955,12.2271],[107.7964,12.2254],[107.7983,12.2234],[107.7995,12.2229],[107.8031,12.2225],[107.8059,12.2227],[107.8067,12.2247],[107.8086,12.2224],[107.81,12.2224],[107.8113,12.2217],[107.8141,12.2227],[107.8148,12.2267],[107.8158,12.2263],[107.8177,12.227],[107.8191,12.2284],[107.8198,12.2306],[107.821,12.2303],[107.8224,12.2288],[107.8242,12.2288],[107.826,12.23],[107.8285,12.2295],[107.829,12.2274],[107.8307,12.2258],[107.833,12.2257],[107.8334,12.227],[107.8327,12.2278],[107.8329,12.2292],[107.835,12.2289],[107.846,12.2323],[107.8483,12.2327],[107.8493,12.2339],[107.8515,12.234],[107.8553,12.2351],[107.8582,12.2381],[107.8607,12.2389],[107.8624,12.2391],[107.8658,12.2408],[107.8667,12.2415],[107.8696,12.2468],[107.8704,12.2489],[107.8717,12.249],[107.872,12.2479],[107.8739,12.2477],[107.8744,12.2449],[107.876,12.244],[107.879,12.2439],[107.8807,12.2426],[107.8821,12.2422],[107.8834,12.2426],[107.8843,12.2436],[107.8867,12.2442],[107.888,12.2454],[107.89,12.2463],[107.8932,12.2469],[107.8955,12.2488],[107.8972,12.2498],[107.8978,12.2527],[107.8998,12.2522],[107.9015,12.2541],[107.9048,12.2561],[107.907,12.2567],[107.9091,12.26],[107.9129,12.2602],[107.913,12.2614],[107.9151,12.2613],[107.9159,12.2631],[107.9186,12.2636],[107.9196,12.2648],[107.9208,12.2651],[107.9211,12.2675],[107.9231,12.2677],[107.9283,12.2675],[107.9301,12.268],[107.9326,12.2681],[107.933,12.2692],[107.9355,12.2692],[107.9369,12.2666],[107.9354,12.265],[107.9353,12.2633],[107.9335,12.2633],[107.9333,12.2618],[107.9318,12.2594],[107.9318,12.2581],[107.9295,12.2573],[107.9292,12.2567],[107.9296,12.2546],[107.9287,12.2534],[107.9274,12.2533],[107.9262,12.2525],[107.9259,12.2511],[107.9239,12.2504],[107.9232,12.2466],[107.9225,12.2455],[107.9242,12.2431],[107.9263,12.2414],[107.9257,12.2381],[107.9239,12.2345],[107.924,12.2326],[107.9246,12.2322],[107.9276,12.2337],[107.9325,12.2371],[107.9335,12.2393],[107.9329,12.2407],[107.9332,12.2437],[107.9434,12.2478],[107.9439,12.2484],[107.9471,12.2539],[107.9508,12.2578],[107.9533,12.2593],[107.957,12.259],[107.9618,12.26],[107.9644,12.2623],[107.9662,12.2628],[107.9681,12.2628],[107.9699,12.2619],[107.9727,12.2628],[107.9729,12.2616],[107.9746,12.2613],[107.9758,12.2598],[107.9757,12.2572],[107.9739,12.2535],[107.9734,12.2483],[107.973,12.2471],[107.9735,12.2454],[107.9731,12.244],[107.9735,12.2429],[107.9718,12.2399],[107.9716,12.2382],[107.9706,12.2367],[107.9714,12.2338],[107.971,12.2328],[107.9715,12.2301],[107.9733,12.2295],[107.9725,12.2262],[107.9701,12.226],[107.9682,12.2254],[107.9678,12.2243],[107.9691,12.2233],[107.9681,12.2222],[107.9689,12.2198],[107.9719,12.2193],[107.9716,12.2173],[107.9724,12.2156],[107.973,12.2128],[107.9742,12.2105],[107.9753,12.2097],[107.9761,12.2119],[107.9777,12.2116],[107.9784,12.2123],[107.9793,12.2095],[107.9804,12.2105],[107.9794,12.2128],[107.9799,12.2145],[107.9812,12.2122],[107.9821,12.2095],[107.9831,12.2099],[107.9826,12.2128],[107.983,12.2135],[107.9849,12.2114],[107.9864,12.2115],[107.9864,12.2134],[107.9874,12.2135],[107.9883,12.2126],[107.9898,12.2136],[107.9891,12.2157],[107.9909,12.2168],[107.9913,12.2176],[107.9904,12.2187],[107.9917,12.2193],[107.9931,12.2167],[107.9942,12.2169],[107.9945,12.2222],[107.9949,12.2231],[107.9971,12.2219],[107.9968,12.2251],[107.9976,12.2252],[107.9983,12.2237],[108.0014,12.2194],[108.004,12.2176],[108.0058,12.2179],[108.0069,12.2189],[108.0086,12.218],[108.0095,12.2185],[108.0116,12.2171],[108.0128,12.2156],[108.0127,12.2139],[108.0135,12.2128],[108.0133,12.2109],[108.0144,12.2086],[108.0133,12.2079],[108.0132,12.2065],[108.0139,12.2055],[108.0134,12.2024],[108.0142,12.2001],[108.0129,12.1979],[108.0124,12.1961],[108.0092,12.1957],[108.0069,12.1963],[108.0057,12.1954],[108.0043,12.1953],[108.0036,12.1941],[108.0016,12.1941],[108.003,12.1912],[108.003,12.1904],[108.0047,12.1899],[108.0054,12.1886],[108.0076,12.1873],[108.0083,12.1853],[108.0074,12.1837],[108.0075,12.1824],[108.0065,12.1797],[108.0051,12.1787],[108.004,12.1752],[108.0043,12.1734],[108.005,12.1723],[108.0022,12.1702],[108.0028,12.1688],[108.0023,12.1678],[108.0025,12.1651],[108.0022,12.1637],[108.001,12.1638],[107.9998,12.162],[107.9973,12.1589],[107.9928,12.1576],[107.9922,12.1536],[107.9931,12.152],[107.9935,12.1469],[107.9943,12.1464],[107.995,12.1442],[107.9945,12.1426],[107.9918,12.1422],[107.99,12.139],[107.991,12.1378],[107.9904,12.1362],[107.9891,12.1359],[107.9897,12.1345],[107.9898,12.1319],[107.9891,12.1307],[107.9894,12.1273],[107.9869,12.1266],[107.9876,12.1241],[107.9875,12.1224],[107.9889,12.1216],[107.989,12.1209],[107.9912,12.1185],[107.9914,12.1161],[107.9903,12.1136],[107.9885,12.1121],[107.9899,12.1106],[107.9895,12.1093],[107.9881,12.1093],[107.9861,12.1105],[107.9849,12.1105],[107.9832,12.1091],[107.9834,12.108],[107.9854,12.1075],[107.9838,12.1055],[107.9821,12.1043],[107.984,12.1016],[107.9839,12.0998],[107.9818,12.0977],[107.9829,12.0962],[107.9843,12.0925],[107.9829,12.0912],[107.982,12.0892],[107.9812,12.0882],[107.98,12.0857],[107.9805,12.0845],[107.9822,12.0837],[107.9827,12.0798],[107.981,12.0795],[107.9812,12.081],[107.9799,12.0816],[107.9778,12.08],[107.9776,12.0813],[107.9763,12.0819],[107.9764,12.083],[107.9709,12.0846],[107.9692,12.0872],[107.9672,12.0872],[107.9642,12.0897],[107.9643,12.092],[107.9629,12.0939],[107.962,12.0942],[107.9599,12.0939],[107.9587,12.0948],[107.9575,12.0944],[107.9563,12.096],[107.9535,12.0958],[107.9532,12.0973],[107.9514,12.0978],[107.9496,12.0994],[107.9477,12.0982],[107.9467,12.0966],[107.945,12.0971],[107.9421,12.095],[107.9414,12.0933],[107.9404,12.0921],[107.9401,12.0896],[107.939,12.0878],[107.9375,12.0877],[107.9361,12.0869],[107.9352,12.0853],[107.9334,12.0842],[107.9321,12.0842],[107.9315,12.0851],[107.9288,12.0866],[107.9274,12.0878],[107.9274,12.0897],[107.9254,12.0923],[107.9184,12.0974],[107.9108,12.1],[107.9096,12.098],[107.9087,12.0983],[107.9066,12.0977],[107.9047,12.0978],[107.9044,12.1],[107.9033,12.1016],[107.9002,12.1022],[107.9,12.0992],[107.8979,12.0974],[107.8968,12.097],[107.8967,12.0959],[107.8984,12.0946],[107.8991,12.0929],[107.8977,12.0892],[107.8985,12.0851],[107.8974,12.0835],[107.8983,12.0814],[107.8986,12.0791],[107.8993,12.0782],[107.8986,12.0771],[107.8965,12.0761],[107.8957,12.0747],[107.8936,12.075],[107.8945,12.073],[107.8931,12.0729],[107.893,12.071],[107.8914,12.0711],[107.8916,12.0693],[107.8882,12.0685],[107.8866,12.0676],[107.8853,12.0688],[107.8836,12.068],[107.8824,12.0692],[107.8806,12.0689],[107.8805,12.0676],[107.8787,12.0675],[107.8768,12.0654],[107.8764,12.0668],[107.8751,12.0657],[107.874,12.0655],[107.8717,12.067],[107.8705,12.0648]]]},"properties":{"name":"Quảng Sơn","level":"ward"}},{"type":"Feature","geometry":{"type":"Polygon","coordinates":[[[107.688,12.0035],[107.6882,12.0036],[107.6892,12.0037],[107.6899,12.0038],[107.6915,12.0037],[107.6945,12.0013],[107.6977,12.0011],[107.7011,12.0001],[107.7008,11.9988],[107.7017,11.9969],[107.7037,11.9972],[107.7051,11.9963],[107.7046,11.9948],[107.7061,11.9937],[107.7076,11.9939],[107.7075,11.9922],[107.7099,11.9919],[107.7104,11.9947],[107.7117,11.9948],[107.7148,11.9967],[107.7163,11.9981],[107.7207,11.9998],[107.7232,11.9998],[107.7258,12.003],[107.7313,11.9984],[107.7323,11.9996],[107.7326,12.0029],[107.7334,12.005],[107.7333,12.0063],[107.7366,12.008],[107.7385,12.0107],[107.7395,12.0128],[107.7392,12.0148],[107.74,12.0165],[107.7483,12.0147],[107.7511,12.0138],[107.7522,12.0121],[107.7522,12.01],[107.7533,12.0067],[107.755,12.0058],[107.757,12.0007],[107.756,11.999],[107.7562,11.9971],[107.757,11.996],[107.7623,11.9896],[107.7625,11.9884],[107.7637,11.9875],[107.7652,11.9873],[107.7723,11.9832],[107.7756,11.9814],[107.7756,11.9802],[107.7765,11.9789],[107.7768,11.9772],[107.7816,11.9729],[107.7821,11.9708],[107.7855,11.967],[107.785,11.9646],[107.7877,11.9593],[107.788,11.9553],[107.7873,11.9542],[107.7855,11.9537],[107.784,11.9526],[107.7824,11.952],[107.7795,11.9501],[107.7783,11.9468],[107.7757,11.9458],[107.7748,11.945],[107.7739,11.943],[107.7695,11.9408],[107.7688,11.9392],[107.7656,11.9376],[107.764,11.9376],[107.7626,11.9368],[107.7618,11.9342],[107.7596,11.9325],[107.7579,11.932],[107.7554,11.9305],[107.7541,11.928],[107.7509,11.9254],[107.7491,11.9233],[107.7457,11.9211],[107.7442,11.9192],[107.7432,11.9185],[107.7407,11.9185],[107.7375,11.9193],[107.7365,11.919],[107.7354,11.9175],[107.7306,11.9171],[107.727,11.9154],[107.7229,11.916],[107.7218,11.9166],[107.7193,11.9186],[107.7127,11.9211],[107.7118,11.9218],[107.7091,11.9224],[107.7067,11.9218],[107.7046,11.9198],[107.7026,11.9169],[107.7017,11.9161],[107.7001,11.916],[107.6984,11.9171],[107.6929,11.9184],[107.6887,11.9201],[107.6852,11.9163],[107.6829,11.9154],[107.6792,11.9147],[107.6759,11.9144],[107.6733,11.9134],[107.6724,11.9113],[107.6743,11.9088],[107.6747,11.9064],[107.6754,11.9047],[107.6753,11.9023],[107.6746,11.9006],[107.6716,11.8968],[107.6714,11.8952],[107.6731,11.8937],[107.6752,11.8926],[107.6777,11.8902],[107.6753,11.8871],[107.6728,11.8856],[107.6689,11.8861],[107.6652,11.8881],[107.6619,11.8869],[107.662,11.8903],[107.6593,11.8927],[107.6577,11.8932],[107.6557,11.8933],[107.6545,11.894],[107.6529,11.8941],[107.6522,11.8953],[107.652,11.8974],[107.6542,11.9001],[107.6572,11.9009],[107.6581,11.9018],[107.6569,11.9041],[107.6566,11.9065],[107.6548,11.9082],[107.6553,11.9089],[107.6572,11.9089],[107.6574,11.91],[107.6558,11.9113],[107.6536,11.9114],[107.6525,11.9132],[107.6491,11.9136],[107.646,11.9147],[107.6456,11.9162],[107.6467,11.9189],[107.649,11.9206],[107.6494,11.9259],[107.6479,11.9264],[107.6481,11.9281],[107.6495,11.9288],[107.6495,11.9318],[107.6513,11.9333],[107.6528,11.9334],[107.6535,11.9349],[107.6566,11.936],[107.6591,11.9382],[107.6605,11.9375],[107.6622,11.9391],[107.6647,11.9389],[107.6668,11.9413],[107.669,11.9409],[107.6691,11.9418],[107.671,11.9426],[107.6721,11.944],[107.6735,11.9444],[107.6764,11.9427],[107.6769,11.9439],[107.6787,11.9453],[107.6786,11.9462],[107.6801,11.9472],[107.6813,11.9464],[107.6813,11.9445],[107.6829,11.9436],[107.6831,11.9454],[107.6843,11.9458],[107.6855,11.947],[107.6846,11.9493],[107.6831,11.9491],[107.682,11.9506],[107.6823,11.9524],[107.6839,11.9539],[107.6825,11.9551],[107.6827,11.9565],[107.6858,11.9618],[107.6868,11.9625],[107.6871,11.9637],[107.6844,11.9649],[107.6814,11.9652],[107.679,11.9697],[107.6797,11.9723],[107.6794,11.974],[107.6812,11.9768],[107.6814,11.9778],[107.68,11.9788],[107.679,11.981],[107.681,11.9817],[107.6812,11.9835],[107.6795,11.9838],[107.6782,11.9817],[107.6772,11.9832],[107.6782,11.987],[107.6797,11.9847],[107.681,11.9862],[107.6814,11.988],[107.6831,11.9892],[107.6842,11.992],[107.685,11.9929],[107.6849,11.995],[107.6848,11.9951],[107.6826,11.9984],[107.6838,12.0002],[107.6859,12.0007],[107.6882,12.0023],[107.688,12.0035]]]},"properties":{"name":"Đông Gia Nghĩa","level":"ward"}},{"type":"Feature","geometry":{"type":"Polygon","coordinates":[[[107.9889,12.1216],[107.9875,12.1224],[107.9876,12.1241],[107.9869,12.1266],[107.9894,12.1273],[107.9891,12.1307],[107.9898,12.1319],[107.9897,12.1345],[107.9891,12.1359],[107.9904,12.1362],[107.991,12.1378],[107.99,12.139],[107.9918,12.1422],[107.9945,12.1426],[107.995,12.1442],[107.9943,12.1464],[107.9935,12.1469],[107.9931,12.152],[107.9922,12.1536],[107.9928,12.1576],[107.9973,12.1589],[107.9998,12.162],[108.001,12.1638],[108.0022,12.1637],[108.0025,12.1651],[108.0023,12.1678],[108.0028,12.1688],[108.0022,12.1702],[108.005,12.1723],[108.0043,12.1734],[108.004,12.1752],[108.0051,12.1787],[108.0065,12.1797],[108.0075,12.1824],[108.0074,12.1837],[108.0083,12.1853],[108.0076,12.1873],[108.0054,12.1886],[108.0047,12.1899],[108.003,12.1904],[108.003,12.1912],[108.0016,12.1941],[108.0036,12.1941],[108.0043,12.1953],[108.0057,12.1954],[108.0069,12.1963],[108.0092,12.1957],[108.0124,12.1961],[108.0129,12.1979],[108.0142,12.2001],[108.0134,12.2024],[108.0139,12.2055],[108.0132,12.2065],[108.0133,12.2079],[108.0144,12.2086],[108.0156,12.2082],[108.0174,12.2068],[108.0202,12.2068],[108.0228,12.2022],[108.0235,12.2014],[108.0268,12.2009],[108.0272,12.2026],[108.0289,12.2016],[108.0288,12.1991],[108.0297,12.1985],[108.0294,12.1968],[108.0303,12.1959],[108.0305,12.1935],[108.0327,12.1942],[108.0361,12.1936],[108.0357,12.195],[108.0359,12.1971],[108.0369,12.1973],[108.0376,12.1961],[108.0391,12.1952],[108.0409,12.1984],[108.0431,12.1977],[108.0447,12.1976],[108.0477,12.196],[108.048,12.1954],[108.0474,12.1928],[108.048,12.1925],[108.0505,12.1937],[108.0512,12.1945],[108.0534,12.1942],[108.0546,12.193],[108.0546,12.19],[108.0578,12.1892],[108.0616,12.1889],[108.0643,12.1869],[108.0693,12.188],[108.0736,12.1872],[108.0748,12.1898],[108.0762,12.1914],[108.0785,12.1928],[108.0799,12.1948],[108.0815,12.1961],[108.0814,12.1972],[108.0825,12.198],[108.0843,12.1974],[108.0865,12.1974],[108.0878,12.1979],[108.0883,12.1989],[108.0884,12.2009],[108.0893,12.2012],[108.0905,12.2032],[108.0904,12.2072],[108.0923,12.2082],[108.0928,12.2095],[108.0942,12.2099],[108.0959,12.2098],[108.0975,12.2103],[108.1025,12.2079],[108.1065,12.2046],[108.1083,12.2023],[108.1106,12.1999],[108.1126,12.1965],[108.1135,12.1941],[108.1137,12.1929],[108.1128,12.1874],[108.1128,12.1854],[108.1119,12.1824],[108.1107,12.1806],[108.1108,12.179],[108.1128,12.1769],[108.1141,12.1749],[108.1138,12.1705],[108.1127,12.1687],[108.1129,12.1665],[108.1116,12.1659],[108.1093,12.1663],[108.1084,12.1651],[108.1107,12.1612],[108.1156,12.1614],[108.1156,12.1597],[108.1132,12.1567],[108.112,12.1523],[108.114,12.1493],[108.1145,12.148],[108.1137,12.1464],[108.1121,12.1462],[108.1113,12.147],[108.1112,12.1489],[108.1091,12.1501],[108.1071,12.1483],[108.1076,12.1472],[108.1089,12.1468],[108.1085,12.1457],[108.1066,12.1448],[108.1043,12.1458],[108.1031,12.1452],[108.1031,12.1429],[108.1018,12.1411],[108.0996,12.1402],[108.0991,12.1392],[108.0999,12.1383],[108.1014,12.1378],[108.1016,12.1365],[108.1,12.1365],[108.0957,12.1403],[108.097,12.1418],[108.0967,12.1428],[108.0948,12.1437],[108.0936,12.1412],[108.0921,12.1398],[108.0908,12.1368],[108.0908,12.1342],[108.0897,12.1337],[108.0871,12.1355],[108.0844,12.1363],[108.0825,12.1375],[108.0807,12.1375],[108.0774,12.1384],[108.0767,12.1377],[108.0772,12.1362],[108.077,12.1345],[108.0786,12.1333],[108.078,12.1327],[108.0753,12.1332],[108.0728,12.133],[108.0712,12.1323],[108.0701,12.1323],[108.0678,12.1334],[108.0664,12.1337],[108.0661,12.1354],[108.0664,12.1375],[108.0658,12.138],[108.064,12.1364],[108.0627,12.1362],[108.0607,12.138],[108.0574,12.1364],[108.0559,12.1369],[108.0574,12.1384],[108.0575,12.1402],[108.0565,12.1428],[108.0542,12.144],[108.0535,12.1432],[108.0545,12.1415],[108.0543,12.1407],[108.0505,12.1385],[108.0462,12.1396],[108.0433,12.1385],[108.0391,12.1393],[108.0386,12.1398],[108.0396,12.1415],[108.0365,12.1442],[108.0347,12.1447],[108.0339,12.1442],[108.034,12.1426],[108.0314,12.1407],[108.0312,12.139],[108.0294,12.1379],[108.0269,12.1373],[108.0238,12.136],[108.0216,12.1371],[108.0206,12.14],[108.0194,12.1409],[108.0184,12.141],[108.0182,12.1395],[108.0191,12.1365],[108.0181,12.1339],[108.0202,12.1302],[108.019,12.1272],[108.0173,12.1263],[108.0148,12.1261],[108.0138,12.1237],[108.0116,12.1241],[108.0084,12.1201],[108.0074,12.1184],[108.0074,12.1164],[108.0064,12.1159],[108.0048,12.1179],[108.0049,12.123],[108.0036,12.1233],[108.002,12.1228],[108.001,12.1245],[107.9993,12.125],[107.9981,12.1274],[107.9969,12.1272],[107.999,12.1236],[107.998,12.1222],[107.9941,12.1216],[107.9901,12.1219],[107.9889,12.1216]]]},"properties":{"name":"Quảng Hoà","level":"ward"}},{"type":"Feature","geometry":{"type":"Polygon","coordinates":[[[107.7855,11.967],[107.7925,11.9707],[107.7955,11.972],[107.7999,11.975],[107.8004,11.9756],[107.8005,11.9824],[107.8008,11.9849],[107.8016,11.9879],[107.8043,11.9911],[107.8068,11.9934],[107.8089,11.9966],[107.8101,11.9968],[107.8105,11.9991],[107.8144,11.9999],[107.8152,11.9988],[107.818,11.9977],[107.8183,11.9967],[107.8206,11.9974],[107.8214,11.9963],[107.8233,11.9962],[107.8254,11.9967],[107.8272,11.9963],[107.8299,11.9944],[107.8315,11.9944],[107.8323,11.9936],[107.8348,11.993],[107.8351,11.995],[107.836,11.9959],[107.8376,11.9955],[107.8387,11.9962],[107.8416,11.9939],[107.8424,11.9947],[107.8438,11.9937],[107.8448,11.994],[107.8468,11.9924],[107.8487,11.9925],[107.8502,11.9935],[107.8512,11.9924],[107.8525,11.992],[107.8525,11.9911],[107.8509,11.9897],[107.8519,11.9889],[107.8542,11.9892],[107.8554,11.9902],[107.8621,11.9906],[107.8643,11.992],[107.8657,11.9905],[107.8674,11.9916],[107.867,11.9948],[107.8663,11.9959],[107.8683,11.9964],[107.8683,11.9978],[107.8709,11.9966],[107.8725,11.9946],[107.8757,11.9943],[107.8786,11.9921],[107.8803,11.9913],[107.8805,11.9902],[107.8821,11.9877],[107.8841,11.9878],[107.8864,11.9865],[107.8889,11.9856],[107.8902,11.9841],[107.8917,11.9836],[107.8919,11.9827],[107.8941,11.9808],[107.8958,11.9798],[107.8967,11.9783],[107.896,11.9774],[107.8971,11.9755],[107.8966,11.9736],[107.8954,11.9729],[107.8954,11.9713],[107.8966,11.97],[107.8988,11.9702],[107.8997,11.9696],[107.9018,11.9694],[107.903,11.9713],[107.9041,11.9721],[107.9064,11.9711],[107.9074,11.9728],[107.9085,11.9724],[107.9112,11.9739],[107.9151,11.9744],[107.9182,11.9764],[107.9213,11.9756],[107.9212,11.9739],[107.9226,11.9741],[107.9238,11.9716],[107.9213,11.9719],[107.9218,11.9702],[107.9233,11.9699],[107.9235,11.9689],[107.9255,11.9672],[107.925,11.9658],[107.9263,11.9656],[107.9269,11.9639],[107.928,11.9654],[107.9291,11.9652],[107.9305,11.9625],[107.9317,11.9614],[107.9316,11.9597],[107.9306,11.9589],[107.9306,11.9575],[107.928,11.9573],[107.9279,11.9559],[107.927,11.9544],[107.9249,11.9543],[107.9249,11.9532],[107.9226,11.9496],[107.9216,11.9492],[107.9206,11.9473],[107.9197,11.9441],[107.9176,11.9416],[107.9165,11.9422],[107.9155,11.9397],[107.9135,11.9399],[107.9137,11.9388],[107.9129,11.9373],[107.91,11.9367],[107.9097,11.9344],[107.9071,11.9324],[107.9077,11.9314],[107.9061,11.9298],[107.9061,11.9288],[107.9039,11.9277],[107.9023,11.9264],[107.9022,11.9253],[107.9042,11.9232],[107.9047,11.9222],[107.9077,11.9197],[107.9059,11.9185],[107.9061,11.9158],[107.9066,11.9147],[107.9061,11.912],[107.9052,11.9104],[107.9071,11.9089],[107.9077,11.9078],[107.9092,11.9074],[107.9096,11.9056],[107.9081,11.9052],[107.9045,11.9013],[107.9035,11.8993],[107.9033,11.8977],[107.9011,11.8971],[107.8984,11.8952],[107.8968,11.8949],[107.8946,11.8956],[107.8947,11.8964],[107.8921,11.8961],[107.8938,11.8941],[107.8944,11.8891],[107.8916,11.8863],[107.8916,11.885],[107.8939,11.8817],[107.8939,11.8783],[107.8936,11.8772],[107.8937,11.8718],[107.8926,11.871],[107.8901,11.8708],[107.8881,11.873],[107.8855,11.8729],[107.8837,11.8738],[107.8804,11.8722],[107.8772,11.8723],[107.8748,11.8733],[107.8702,11.8744],[107.8687,11.8738],[107.8667,11.8723],[107.8647,11.8727],[107.8622,11.8737],[107.8608,11.8737],[107.8579,11.873],[107.8555,11.874],[107.8528,11.874],[107.8513,11.8731],[107.8487,11.8703],[107.8459,11.8692],[107.843,11.8686],[107.8405,11.8689],[107.8387,11.8703],[107.8386,11.8744],[107.8382,11.8755],[107.8367,11.877],[107.8341,11.8772],[107.8301,11.8767],[107.8276,11.8755],[107.8261,11.8732],[107.8247,11.8693],[107.8243,11.8642],[107.8236,11.8628],[107.8227,11.8627],[107.8201,11.8637],[107.8166,11.8666],[107.8143,11.8678],[107.8123,11.8673],[107.8116,11.8665],[107.8094,11.8623],[107.8083,11.8612],[107.8047,11.8604],[107.8013,11.8594],[107.8003,11.8594],[107.7949,11.8607],[107.7916,11.861],[107.7883,11.8601],[107.7851,11.8581],[107.784,11.8566],[107.7823,11.8536],[107.7794,11.8525],[107.7767,11.8518],[107.7736,11.8491],[107.7714,11.85],[107.7707,11.8514],[107.7693,11.8533],[107.7676,11.8545],[107.7647,11.8553],[107.7627,11.8562],[107.761,11.8577],[107.7603,11.86],[107.7553,11.863],[107.752,11.8669],[107.7511,11.8674],[107.7454,11.868],[107.7425,11.8697],[107.738,11.8734],[107.7335,11.8748],[107.7334,11.8735],[107.732,11.8711],[107.7293,11.8696],[107.7267,11.8714],[107.7261,11.8736],[107.7262,11.8763],[107.7276,11.8774],[107.7307,11.8783],[107.7321,11.8792],[107.7324,11.8814],[107.73,11.8839],[107.727,11.8864],[107.7263,11.8878],[107.7268,11.8905],[107.7265,11.8937],[107.726,11.8948],[107.7239,11.8966],[107.723,11.8984],[107.7242,11.9001],[107.7258,11.9004],[107.7295,11.8998],[107.7328,11.901],[107.7336,11.9024],[107.7325,11.9083],[107.731,11.9113],[107.7283,11.9151],[107.727,11.9154],[107.7306,11.9171],[107.7354,11.9175],[107.7365,11.919],[107.7375,11.9193],[107.7407,11.9185],[107.7432,11.9185],[107.7442,11.9192],[107.7457,11.9211],[107.7491,11.9233],[107.7509,11.9254],[107.7541,11.928],[107.7554,11.9305],[107.7579,11.932],[107.7596,11.9325],[107.7618,11.9342],[107.7626,11.9368],[107.764,11.9376],[107.7656,11.9376],[107.7688,11.9392],[107.7695,11.9408],[107.7739,11.943],[107.7748,11.945],[107.7757,11.9458],[107.7783,11.9468],[107.7795,11.9501],[107.7824,11.952],[107.784,11.9526],[107.7855,11.9537],[107.7873,11.9542],[107.788,11.9553],[107.7877,11.9593],[107.785,11.9646],[107.7855,11.967]]]},"properties":{"name":"Quảng Khê","level":"ward"}},{"type":"Feature","geometry":{"type":"Polygon","coordinates":[[[107.8683,11.9978],[107.868,11.9986],[107.8685,12.0017],[107.8674,12.0024],[107.8656,12.0061],[107.864,12.0063],[107.8626,12.0076],[107.8607,12.008],[107.8589,12.0099],[107.8578,12.0088],[107.857,12.0106],[107.8583,12.0126],[107.8604,12.0142],[107.8595,12.0175],[107.8603,12.0197],[107.8616,12.0208],[107.8606,12.0248],[107.8582,12.027],[107.8564,12.028],[107.856,12.0299],[107.8531,12.0305],[107.8559,12.0344],[107.8565,12.0358],[107.8562,12.0372],[107.8545,12.0384],[107.8524,12.0377],[107.8502,12.0382],[107.8496,12.0398],[107.8469,12.0409],[107.8457,12.0422],[107.8468,12.0439],[107.8472,12.0476],[107.8465,12.0489],[107.8471,12.0501],[107.8484,12.05],[107.8526,12.0527],[107.8542,12.0544],[107.8547,12.0558],[107.8559,12.0556],[107.8569,12.0546],[107.8587,12.0544],[107.8598,12.0552],[107.8616,12.0551],[107.8624,12.056],[107.8637,12.0558],[107.8653,12.0568],[107.8665,12.0583],[107.8653,12.0594],[107.8645,12.0613],[107.8667,12.0642],[107.8705,12.0648],[107.8717,12.067],[107.874,12.0655],[107.8751,12.0657],[107.8764,12.0668],[107.8768,12.0654],[107.8787,12.0675],[107.8805,12.0676],[107.8806,12.0689],[107.8824,12.0692],[107.8836,12.068],[107.8853,12.0688],[107.8866,12.0676],[107.8882,12.0685],[107.8916,12.0693],[107.8914,12.0711],[107.893,12.071],[107.8931,12.0729],[107.8945,12.073],[107.8936,12.075],[107.8957,12.0747],[107.8965,12.0761],[107.8986,12.0771],[107.8993,12.0782],[107.8986,12.0791],[107.8983,12.0814],[107.8974,12.0835],[107.8985,12.0851],[107.8977,12.0892],[107.8991,12.0929],[107.8984,12.0946],[107.8967,12.0959],[107.8968,12.097],[107.8979,12.0974],[107.9,12.0992],[107.9002,12.1022],[107.9033,12.1016],[107.9044,12.1],[107.9047,12.0978],[107.9066,12.0977],[107.9087,12.0983],[107.9096,12.098],[107.9108,12.1],[107.9184,12.0974],[107.9254,12.0923],[107.9274,12.0897],[107.9274,12.0878],[107.9288,12.0866],[107.9315,12.0851],[107.9321,12.0842],[107.9334,12.0842],[107.9352,12.0853],[107.9361,12.0869],[107.9375,12.0877],[107.939,12.0878],[107.9401,12.0896],[107.9404,12.0921],[107.9414,12.0933],[107.9421,12.095],[107.945,12.0971],[107.9467,12.0966],[107.9477,12.0982],[107.9496,12.0994],[107.9514,12.0978],[107.9532,12.0973],[107.9535,12.0958],[107.9563,12.096],[107.9575,12.0944],[107.9587,12.0948],[107.9599,12.0939],[107.962,12.0942],[107.9629,12.0939],[107.9643,12.092],[107.9642,12.0897],[107.9672,12.0872],[107.9692,12.0872],[107.9709,12.0846],[107.9764,12.083],[107.9763,12.0819],[107.9776,12.0813],[107.9778,12.08],[107.9762,12.0788],[107.9736,12.0791],[107.9721,12.0798],[107.9715,12.0793],[107.9725,12.0766],[107.9745,12.0754],[107.9742,12.0747],[107.9703,12.075],[107.969,12.0727],[107.9668,12.0716],[107.9638,12.0683],[107.9624,12.0673],[107.9634,12.0659],[107.9631,12.065],[107.9643,12.0617],[107.9657,12.0629],[107.9681,12.0633],[107.9687,12.062],[107.9716,12.0599],[107.9723,12.0588],[107.9737,12.0587],[107.9733,12.0557],[107.9749,12.056],[107.9789,12.0527],[107.9799,12.0541],[107.9811,12.0537],[107.9813,12.0554],[107.9844,12.0546],[107.9853,12.0558],[107.9884,12.0547],[107.9908,12.0544],[107.9901,12.0528],[107.9904,12.0516],[107.9915,12.0512],[107.9918,12.0526],[107.9943,12.0533],[107.9945,12.0514],[107.9957,12.0512],[107.9977,12.0495],[107.9985,12.0508],[107.9998,12.0491],[108.002,12.0493],[108.0024,12.05],[108.0046,12.0509],[108.0057,12.0524],[108.0078,12.0523],[108.0093,12.0508],[108.0108,12.0524],[108.0118,12.0506],[108.012,12.0491],[108.0098,12.0491],[108.0093,12.0464],[108.0123,12.0448],[108.0115,12.0432],[108.0126,12.0421],[108.0128,12.0402],[108.0122,12.0397],[108.0101,12.0416],[108.0086,12.0415],[108.0087,12.0396],[108.0098,12.0394],[108.0095,12.0381],[108.0099,12.0366],[108.0113,12.0359],[108.0111,12.0349],[108.0097,12.035],[108.009,12.0341],[108.0111,12.0328],[108.011,12.0313],[108.0093,12.032],[108.0072,12.0286],[108.007,12.0261],[108.0064,12.0248],[108.0072,12.0228],[108.009,12.0226],[108.0103,12.0234],[108.0125,12.023],[108.0159,12.0229],[108.0171,12.0223],[108.0181,12.0207],[108.018,12.019],[108.0212,12.0176],[108.0219,12.014],[108.0244,12.0142],[108.0239,12.0131],[108.0224,12.012],[108.0244,12.0064],[108.0232,12.0048],[108.0238,12.0032],[108.0229,12.0023],[108.0237,12.0007],[108.025,12.0004],[108.0269,11.9989],[108.0267,11.9972],[108.0271,11.9953],[108.0281,11.994],[108.0271,11.9913],[108.0282,11.9899],[108.0297,11.9909],[108.0313,11.9899],[108.032,11.9883],[108.0323,11.9866],[108.0352,11.986],[108.0362,11.9852],[108.0393,11.9848],[108.0402,11.984],[108.0403,11.9829],[108.0412,11.9809],[108.0413,11.9795],[108.044,11.9784],[108.0452,11.9776],[108.046,11.9756],[108.0456,11.9748],[108.0467,11.9711],[108.0474,11.9696],[108.0462,11.9667],[108.0472,11.965],[108.0472,11.9637],[108.0496,11.9623],[108.0482,11.9591],[108.0492,11.9583],[108.0494,11.9562],[108.0489,11.9543],[108.0476,11.9544],[108.0489,11.9516],[108.0464,11.9512],[108.0458,11.9502],[108.0483,11.9495],[108.0505,11.9498],[108.0515,11.9486],[108.0499,11.9475],[108.0508,11.9463],[108.0522,11.9469],[108.0526,11.9454],[108.0539,11.9461],[108.0568,11.9463],[108.0581,11.9471],[108.0585,11.9457],[108.06,11.9433],[108.0634,11.9452],[108.0639,11.9467],[108.0651,11.9471],[108.0653,11.9489],[108.0688,11.9484],[108.0687,11.9455],[108.0699,11.9455],[108.072,11.9425],[108.074,11.9414],[108.0731,11.9389],[108.0747,11.9391],[108.0749,11.9368],[108.0766,11.9359],[108.078,11.9346],[108.0767,11.9324],[108.0778,11.9316],[108.0802,11.9318],[108.0804,11.9306],[108.0818,11.9304],[108.0829,11.9296],[108.0823,11.9271],[108.0813,11.9266],[108.0811,11.9249],[108.0822,11.9248],[108.0836,11.9233],[108.083,11.9215],[108.0841,11.9203],[108.0847,11.9184],[108.0839,11.9173],[108.0846,11.9113],[108.0855,11.9112],[108.0878,11.913],[108.0898,11.9117],[108.0885,11.9098],[108.0905,11.9051],[108.0921,11.9051],[108.0964,11.9041],[108.0972,11.9035],[108.1024,11.903],[108.105,11.9022],[108.1069,11.9012],[108.1112,11.8994],[108.1105,11.8979],[108.1106,11.8965],[108.1082,11.8906],[108.1071,11.8891],[108.1049,11.8878],[108.105,11.8868],[108.1037,11.8861],[108.1025,11.8803],[108.0999,11.8757],[108.0974,11.8724],[108.0967,11.8709],[108.0938,11.8698],[108.0912,11.8678],[108.0893,11.8647],[108.0867,11.862],[108.0838,11.8577],[108.0835,11.8559],[108.0815,11.8548],[108.0799,11.852],[108.0778,11.8501],[108.0771,11.8474],[108.0757,11.8454],[108.0742,11.8448],[108.0726,11.8422],[108.0714,11.8392],[108.0702,11.838],[108.0692,11.8357],[108.067,11.8338],[108.0643,11.8364],[108.0623,11.8371],[108.045,11.8299],[108.0221,11.8164],[108.0218,11.8133],[108.0227,11.8108],[108.0202,11.8121],[108.0201,11.8098],[108.0174,11.8062],[108.0164,11.8057],[108.0143,11.8058],[108.0119,11.807],[108.006,11.8072],[108.0043,11.8069],[108.0007,11.8053],[107.9986,11.8029],[107.9969,11.8014],[107.9954,11.8014],[107.9927,11.8005],[107.99,11.8008],[107.9854,11.8001],[107.982,11.7962],[107.9819,11.7953],[107.9806,11.7928],[107.9786,11.7906],[107.9758,11.7899],[107.9739,11.7906],[107.9734,11.7922],[107.9734,11.7952],[107.9729,11.7959],[107.9706,11.7968],[107.9592,11.8152],[107.9459,11.8228],[107.9199,11.7973],[107.9021,11.8064],[107.8998,11.8075],[107.8985,11.8087],[107.8969,11.8112],[107.8932,11.8165],[107.8898,11.8312],[107.8914,11.8411],[107.9009,11.8496],[107.8978,11.8662],[107.8926,11.871],[107.8937,11.8718],[107.8936,11.8772],[107.8939,11.8783],[107.8939,11.8817],[107.8916,11.885],[107.8916,11.8863],[107.8944,11.8891],[107.8938,11.8941],[107.8921,11.8961],[107.8947,11.8964],[107.8946,11.8956],[107.8968,11.8949],[107.8984,11.8952],[107.9011,11.8971],[107.9033,11.8977],[107.9035,11.8993],[107.9045,11.9013],[107.9081,11.9052],[107.9096,11.9056],[107.9092,11.9074],[107.9077,11.9078],[107.9071,11.9089],[107.9052,11.9104],[107.9061,11.912],[107.9066,11.9147],[107.9061,11.9158],[107.9059,11.9185],[107.9077,11.9197],[107.9047,11.9222],[107.9042,11.9232],[107.9022,11.9253],[107.9023,11.9264],[107.9039,11.9277],[107.9061,11.9288],[107.9061,11.9298],[107.9077,11.9314],[107.9071,11.9324],[107.9097,11.9344],[107.91,11.9367],[107.9129,11.9373],[107.9137,11.9388],[107.9135,11.9399],[107.9155,11.9397],[107.9165,11.9422],[107.9176,11.9416],[107.9197,11.9441],[107.9206,11.9473],[107.9216,11.9492],[107.9226,11.9496],[107.9249,11.9532],[107.9249,11.9543],[107.927,11.9544],[107.9279,11.9559],[107.928,11.9573],[107.9306,11.9575],[107.9306,11.9589],[107.9316,11.9597],[107.9317,11.9614],[107.9305,11.9625],[107.9291,11.9652],[107.928,11.9654],[107.9269,11.9639],[107.9263,11.9656],[107.925,11.9658],[107.9255,11.9672],[107.9235,11.9689],[107.9233,11.9699],[107.9218,11.9702],[107.9213,11.9719],[107.9238,11.9716],[107.9226,11.9741],[107.9212,11.9739],[107.9213,11.9756],[107.9182,11.9764],[107.9151,11.9744],[107.9112,11.9739],[107.9085,11.9724],[107.9074,11.9728],[107.9064,11.9711],[107.9041,11.9721],[107.903,11.9713],[107.9018,11.9694],[107.8997,11.9696],[107.8988,11.9702],[107.8966,11.97],[107.8954,11.9713],[107.8954,11.9729],[107.8966,11.9736],[107.8971,11.9755],[107.896,11.9774],[107.8967,11.9783],[107.8958,11.9798],[107.8941,11.9808],[107.8919,11.9827],[107.8917,11.9836],[107.8902,11.9841],[107.8889,11.9856],[107.8864,11.9865],[107.8841,11.9878],[107.8821,11.9877],[107.8805,11.9902],[107.8803,11.9913],[107.8786,11.9921],[107.8757,11.9943],[107.8725,11.9946],[107.8709,11.9966],[107.8683,11.9978]]]},"properties":{"name":"Tà Đùng","level":"ward"}},{"type":"Feature","geometry":{"type":"Polygon","coordinates":[[[107.8925,12.5514],[107.8905,12.5515],[107.8877,12.5506],[107.8863,12.5522],[107.8855,12.5523],[107.8837,12.5508],[107.8818,12.5519],[107.8811,12.551],[107.8789,12.5511],[107.8778,12.5502],[107.8759,12.5498],[107.8748,12.55],[107.8737,12.5492],[107.8728,12.5504],[107.8715,12.551],[107.8688,12.5496],[107.8697,12.5486],[107.8686,12.547],[107.8674,12.5468],[107.8659,12.5479],[107.8628,12.5487],[107.862,12.5504],[107.8608,12.5504],[107.8584,12.5516],[107.857,12.5534],[107.8566,12.5556],[107.8559,12.5566],[107.8565,12.5577],[107.8559,12.5585],[107.854,12.5591],[107.8518,12.5581],[107.845,12.5582],[107.8439,12.56],[107.8406,12.5618],[107.8251,12.5695],[107.8167,12.5742],[107.8162,12.575],[107.8143,12.5758],[107.8149,12.5772],[107.814,12.5783],[107.8114,12.5766],[107.8101,12.5788],[107.8085,12.5774],[107.8077,12.5749],[107.8066,12.5756],[107.8054,12.5754],[107.8038,12.5742],[107.8017,12.5747],[107.8013,12.5758],[107.7994,12.5758],[107.7978,12.5749],[107.7959,12.5762],[107.7961,12.5772],[107.7945,12.5775],[107.7933,12.5762],[107.7928,12.5738],[107.7898,12.5779],[107.7888,12.5786],[107.7828,12.5804],[107.7828,12.582],[107.7806,12.5853],[107.7753,12.5931],[107.7757,12.5942],[107.7686,12.5992],[107.7678,12.5995],[107.7671,12.6013],[107.7651,12.6019],[107.7656,12.6044],[107.7642,12.6063],[107.7644,12.6075],[107.7654,12.6089],[107.7681,12.6092],[107.7692,12.6084],[107.7702,12.6095],[107.7735,12.6096],[107.7743,12.6111],[107.7765,12.6113],[107.7769,12.6096],[107.7792,12.6105],[107.7803,12.6102],[107.7816,12.6117],[107.7817,12.6127],[107.783,12.6127],[107.7834,12.614],[107.785,12.6147],[107.7866,12.6163],[107.7881,12.6148],[107.7895,12.6144],[107.7901,12.6174],[107.7922,12.617],[107.7937,12.6177],[107.7959,12.6163],[107.7961,12.6156],[107.7982,12.6137],[107.8001,12.6129],[107.8019,12.6131],[107.8055,12.6119],[107.8074,12.6137],[107.8088,12.6135],[107.8094,12.6151],[107.8112,12.6154],[107.8122,12.6167],[107.815,12.6167],[107.8156,12.6157],[107.817,12.6157],[107.8183,12.6141],[107.8206,12.6141],[107.822,12.6125],[107.8237,12.6139],[107.8273,12.6145],[107.8274,12.616],[107.8282,12.6177],[107.8303,12.6173],[107.8312,12.6184],[107.8325,12.6176],[107.834,12.6181],[107.8351,12.6175],[107.8367,12.6176],[107.8375,12.6157],[107.8395,12.6159],[107.8405,12.6169],[107.8429,12.6175],[107.8435,12.6161],[107.8447,12.6166],[107.846,12.616],[107.8482,12.6176],[107.8479,12.6201],[107.8499,12.6216],[107.8514,12.6198],[107.8525,12.6204],[107.8541,12.6226],[107.853,12.6229],[107.8527,12.6243],[107.8544,12.6254],[107.8566,12.6244],[107.8575,12.6259],[107.859,12.6266],[107.8611,12.6251],[107.8622,12.6261],[107.8634,12.6241],[107.8646,12.6237],[107.8659,12.6244],[107.8673,12.6239],[107.8682,12.6219],[107.8679,12.6193],[107.8665,12.618],[107.869,12.6161],[107.8695,12.6146],[107.8714,12.6122],[107.874,12.6106],[107.8749,12.6111],[107.8745,12.6122],[107.8755,12.6141],[107.8775,12.6148],[107.8792,12.6144],[107.879,12.6168],[107.8817,12.6169],[107.8835,12.6162],[107.8841,12.6182],[107.8834,12.6201],[107.8841,12.6216],[107.8853,12.6226],[107.8838,12.624],[107.8853,12.6254],[107.8876,12.6232],[107.888,12.6221],[107.8894,12.6225],[107.8889,12.6247],[107.89,12.626],[107.89,12.628],[107.8916,12.6269],[107.8926,12.6253],[107.894,12.6245],[107.8949,12.6267],[107.8967,12.6284],[107.8964,12.6313],[107.9005,12.633],[107.902,12.6357],[107.903,12.6359],[107.9035,12.6342],[107.905,12.6349],[107.9056,12.6369],[107.9069,12.6378],[107.908,12.6393],[107.9097,12.6381],[107.914,12.6434],[107.9134,12.645],[107.9105,12.6459],[107.9124,12.6464],[107.917,12.6482],[107.9183,12.6479],[107.9199,12.6466],[107.921,12.6444],[107.9212,12.6429],[107.9205,12.6389],[107.9189,12.6354],[107.9211,12.6338],[107.9219,12.6329],[107.9227,12.6301],[107.9228,12.6284],[107.9222,12.6252],[107.9205,12.6218],[107.9206,12.6195],[107.9216,12.6185],[107.9229,12.6182],[107.9266,12.6183],[107.9279,12.6177],[107.9291,12.616],[107.9293,12.614],[107.9287,12.6086],[107.9288,12.601],[107.9297,12.5991],[107.9343,12.598],[107.935,12.5972],[107.9349,12.5954],[107.934,12.5924],[107.9341,12.5872],[107.9326,12.5832],[107.9299,12.5816],[107.9282,12.5809],[107.9231,12.5807],[107.9194,12.58],[107.9138,12.578],[107.9124,12.5765],[107.9085,12.5756],[107.9065,12.5731],[107.9056,12.5725],[107.9042,12.5705],[107.9025,12.5691],[107.9003,12.5685],[107.8989,12.5675],[107.8959,12.5671],[107.8933,12.5649],[107.893,12.5636],[107.8932,12.5612],[107.8919,12.5597],[107.8953,12.5573],[107.8962,12.5554],[107.8954,12.5525],[107.8925,12.5514]]]},"properties":{"name":"Cư Jút","level":"ward"}},{"type":"Feature","geometry":{"type":"Polygon","coordinates":[[[107.5694,12.6964],[107.5689,12.6985],[107.5692,12.7],[107.5677,12.7019],[107.5665,12.7027],[107.5634,12.7037],[107.5625,12.7045],[107.5625,12.7067],[107.5599,12.7076],[107.5593,12.7125],[107.5592,12.7153],[107.5596,12.7165],[107.5615,12.7172],[107.562,12.7189],[107.5635,12.7219],[107.5651,12.7246],[107.5667,12.7263],[107.5679,12.7283],[107.5673,12.7326],[107.5655,12.7336],[107.5637,12.7363],[107.5632,12.7393],[107.5636,12.7417],[107.5646,12.7435],[107.5647,12.7463],[107.5622,12.7466],[107.5599,12.7463],[107.5596,12.7498],[107.5601,12.7532],[107.56,12.7555],[107.5591,12.7594],[107.5589,12.7622],[107.5596,12.7638],[107.5599,12.7663],[107.5597,12.7697],[107.5625,12.7743],[107.561,12.7774],[107.5595,12.7787],[107.5599,12.782],[107.5601,12.7866],[107.5607,12.787],[107.5628,12.7871],[107.5631,12.7882],[107.5622,12.792],[107.5604,12.7954],[107.5633,12.7966],[107.5705,12.7978],[107.5757,12.7979],[107.5774,12.7965],[107.579,12.796],[107.5824,12.7954],[107.5861,12.7959],[107.5887,12.7952],[107.591,12.7954],[107.5927,12.7961],[107.5934,12.7982],[107.5953,12.7992],[107.5959,12.8002],[107.5973,12.8007],[107.5988,12.8006],[107.5999,12.8016],[107.6018,12.8016],[107.6015,12.8001],[107.6025,12.798],[107.6048,12.7978],[107.6077,12.7959],[107.6114,12.7971],[107.6125,12.7983],[107.6146,12.7992],[107.6182,12.8],[107.6199,12.7998],[107.6227,12.8],[107.6242,12.8012],[107.6278,12.8022],[107.629,12.803],[107.6344,12.8039],[107.6353,12.8018],[107.6363,12.8014],[107.6377,12.8026],[107.6383,12.8019],[107.6377,12.8],[107.6383,12.7983],[107.6402,12.7967],[107.643,12.7958],[107.6501,12.7967],[107.6547,12.7979],[107.6573,12.7983],[107.6609,12.7984],[107.6615,12.7974],[107.6634,12.7972],[107.6645,12.7961],[107.667,12.796],[107.6693,12.7963],[107.6766,12.793],[107.6771,12.7935],[107.6793,12.7937],[107.6786,12.7919],[107.682,12.7924],[107.6819,12.7915],[107.6838,12.7901],[107.6866,12.7891],[107.6889,12.79],[107.693,12.7894],[107.7005,12.7887],[107.7038,12.7885],[107.7059,12.788],[107.7073,12.787],[107.7089,12.7868],[107.7117,12.787],[107.7141,12.7869],[107.7251,12.7851],[107.731,12.7816],[107.7317,12.781],[107.7433,12.7846],[107.7464,12.7843],[107.748,12.7833],[107.7472,12.7819],[107.7479,12.7806],[107.7496,12.7803],[107.7527,12.7805],[107.7547,12.7799],[107.758,12.7795],[107.7617,12.7785],[107.7637,12.7787],[107.765,12.7805],[107.7662,12.7805],[107.7685,12.7797],[107.7703,12.7786],[107.7716,12.7792],[107.7749,12.7787],[107.7766,12.7788],[107.7789,12.7782],[107.7808,12.7782],[107.7825,12.7788],[107.786,12.7786],[107.7879,12.7794],[107.7922,12.7799],[107.7941,12.7805],[107.7964,12.7796],[107.7975,12.7802],[107.7997,12.7796],[107.8011,12.7807],[107.8025,12.7799],[107.8037,12.7807],[107.8041,12.7818],[107.8059,12.7833],[107.808,12.7834],[107.8066,12.7851],[107.8075,12.7866],[107.8092,12.785],[107.8114,12.785],[107.8109,12.7866],[107.8115,12.7884],[107.8134,12.7895],[107.8167,12.7899],[107.8181,12.7896],[107.8184,12.7911],[107.8194,12.7927],[107.8193,12.7939],[107.8199,12.7957],[107.8208,12.7964],[107.8222,12.7965],[107.8218,12.7987],[107.8235,12.8],[107.824,12.802],[107.826,12.8013],[107.8289,12.8014],[107.8319,12.8022],[107.8353,12.8039],[107.8381,12.8063],[107.8403,12.8077],[107.8436,12.8108],[107.8464,12.8124],[107.8478,12.8125],[107.8496,12.8117],[107.8524,12.8093],[107.8537,12.8087],[107.856,12.8067],[107.8566,12.8042],[107.8601,12.8006],[107.8636,12.7981],[107.8641,12.7962],[107.8629,12.7932],[107.8545,12.7828],[107.8535,12.78],[107.854,12.7777],[107.8551,12.7751],[107.8569,12.7719],[107.8569,12.7687],[107.8557,12.7646],[107.8559,12.7626],[107.8583,12.7597],[107.8605,12.7563],[107.8649,12.7544],[107.8666,12.752],[107.868,12.7513],[107.8696,12.7527],[107.8894,12.7477],[107.905,12.7449],[107.9108,12.7343],[107.8994,12.7247],[107.8987,12.7236],[107.8964,12.7189],[107.8958,12.7153],[107.8957,12.7113],[107.8978,12.7099],[107.8989,12.7084],[107.9007,12.7073],[107.9021,12.7058],[107.9051,12.7015],[107.9119,12.6942],[107.9122,12.692],[107.9112,12.6901],[107.9105,12.6863],[107.9088,12.6858],[107.9077,12.6839],[107.9072,12.682],[107.9065,12.6811],[107.9065,12.6794],[107.9054,12.6769],[107.9053,12.6749],[107.9076,12.6726],[107.9072,12.6702],[107.906,12.6683],[107.902,12.669],[107.8901,12.6679],[107.8838,12.6696],[107.8799,12.6712],[107.8782,12.6723],[107.8707,12.6751],[107.8693,12.6758],[107.8659,12.6759],[107.8643,12.6763],[107.8629,12.6771],[107.859,12.6786],[107.8572,12.68],[107.8499,12.6814],[107.8481,12.682],[107.8472,12.6815],[107.833,12.6757],[107.8203,12.6705],[107.8143,12.6722],[107.8015,12.6756],[107.7954,12.6743],[107.7927,12.6723],[107.793,12.6715],[107.7913,12.6699],[107.791,12.6687],[107.7875,12.6694],[107.7803,12.6714],[107.7766,12.6728],[107.7756,12.6741],[107.7681,12.6725],[107.7641,12.6719],[107.7635,12.6711],[107.7614,12.6709],[107.7595,12.6688],[107.7578,12.6682],[107.7579,12.6656],[107.7573,12.6645],[107.759,12.6594],[107.7584,12.6563],[107.759,12.6543],[107.7604,12.6543],[107.7614,12.6536],[107.7613,12.6518],[107.7606,12.6487],[107.7599,12.6472],[107.7604,12.6465],[107.761,12.6432],[107.7606,12.6384],[107.7592,12.635],[107.7592,12.6328],[107.7583,12.6322],[107.7576,12.6306],[107.7565,12.6309],[107.755,12.6296],[107.7549,12.6263],[107.7538,12.626],[107.7538,12.6234],[107.7543,12.6221],[107.753,12.6215],[107.752,12.6203],[107.7518,12.6176],[107.7525,12.6167],[107.7526,12.6143],[107.7513,12.6113],[107.7501,12.6093],[107.7498,12.6056],[107.748,12.6038],[107.748,12.6039],[107.7359,12.612],[107.7278,12.6141],[107.7216,12.6136],[107.7123,12.6171],[107.7077,12.6199],[107.7068,12.6216],[107.7033,12.6256],[107.6995,12.6266],[107.6985,12.6284],[107.6957,12.6287],[107.6943,12.6289],[107.6939,12.6278],[107.6916,12.628],[107.6826,12.6292],[107.6779,12.6317],[107.6727,12.634],[107.6657,12.6351],[107.6612,12.6378],[107.66,12.6415],[107.6576,12.6448],[107.6537,12.6455],[107.652,12.6474],[107.6509,12.647],[107.6508,12.6488],[107.6488,12.6489],[107.648,12.65],[107.647,12.6499],[107.6462,12.6513],[107.6435,12.6517],[107.6426,12.6528],[107.6424,12.6553],[107.6428,12.6572],[107.642,12.6582],[107.64,12.6573],[107.6361,12.6578],[107.6357,12.6598],[107.6346,12.6593],[107.6345,12.6618],[107.6351,12.6626],[107.6332,12.6656],[107.6333,12.6667],[107.635,12.6687],[107.6363,12.6711],[107.6358,12.6721],[107.6353,12.6754],[107.6346,12.6758],[107.6347,12.6791],[107.6363,12.6793],[107.636,12.6821],[107.6316,12.6816],[107.6304,12.6854],[107.6312,12.6865],[107.6294,12.6885],[107.6281,12.6894],[107.6236,12.6885],[107.6211,12.692],[107.6205,12.694],[107.6212,12.6948],[107.6204,12.696],[107.6186,12.6951],[107.6083,12.6937],[107.6058,12.6942],[107.6047,12.6941],[107.6041,12.6927],[107.6027,12.6922],[107.5987,12.6934],[107.5979,12.6928],[107.595,12.6922],[107.5934,12.6907],[107.5886,12.6941],[107.5853,12.6951],[107.5837,12.6949],[107.5815,12.6965],[107.5789,12.7011],[107.5699,12.6965],[107.5694,12.6964]]]},"properties":{"name":"Đắk Wil","level":"ward"}},{"type":"Feature","geometry":{"type":"Polygon","coordinates":[[[107.9105,12.6459],[107.9134,12.645],[107.914,12.6434],[107.9097,12.6381],[107.908,12.6393],[107.9069,12.6378],[107.9056,12.6369],[107.905,12.6349],[107.9035,12.6342],[107.903,12.6359],[107.902,12.6357],[107.9005,12.633],[107.8964,12.6313],[107.8967,12.6284],[107.8949,12.6267],[107.894,12.6245],[107.8926,12.6253],[107.8916,12.6269],[107.89,12.628],[107.89,12.626],[107.8889,12.6247],[107.8894,12.6225],[107.888,12.6221],[107.8876,12.6232],[107.8853,12.6254],[107.8838,12.624],[107.8853,12.6226],[107.8841,12.6216],[107.8834,12.6201],[107.8841,12.6182],[107.8835,12.6162],[107.8817,12.6169],[107.879,12.6168],[107.8792,12.6144],[107.8775,12.6148],[107.8755,12.6141],[107.8745,12.6122],[107.8749,12.6111],[107.874,12.6106],[107.8714,12.6122],[107.8695,12.6146],[107.869,12.6161],[107.8665,12.618],[107.8679,12.6193],[107.8682,12.6219],[107.8673,12.6239],[107.8659,12.6244],[107.8646,12.6237],[107.8634,12.6241],[107.8622,12.6261],[107.8611,12.6251],[107.859,12.6266],[107.8575,12.6259],[107.8566,12.6244],[107.8544,12.6254],[107.8527,12.6243],[107.853,12.6229],[107.8541,12.6226],[107.8525,12.6204],[107.8514,12.6198],[107.8499,12.6216],[107.8479,12.6201],[107.8482,12.6176],[107.846,12.616],[107.8447,12.6166],[107.8435,12.6161],[107.8429,12.6175],[107.8405,12.6169],[107.8395,12.6159],[107.8375,12.6157],[107.8367,12.6176],[107.8351,12.6175],[107.834,12.6181],[107.8325,12.6176],[107.8312,12.6184],[107.8303,12.6173],[107.8282,12.6177],[107.8274,12.616],[107.8273,12.6145],[107.8237,12.6139],[107.822,12.6125],[107.8206,12.6141],[107.8183,12.6141],[107.817,12.6157],[107.8156,12.6157],[107.815,12.6167],[107.8122,12.6167],[107.8112,12.6154],[107.8094,12.6151],[107.8088,12.6135],[107.8074,12.6137],[107.8055,12.6119],[107.8019,12.6131],[107.8001,12.6129],[107.7982,12.6137],[107.7961,12.6156],[107.7959,12.6163],[107.7937,12.6177],[107.7922,12.617],[107.7901,12.6174],[107.7895,12.6144],[107.7881,12.6148],[107.7866,12.6163],[107.785,12.6147],[107.7834,12.614],[107.783,12.6127],[107.7817,12.6127],[107.7816,12.6117],[107.7803,12.6102],[107.7792,12.6105],[107.7769,12.6096],[107.7765,12.6113],[107.7743,12.6111],[107.7735,12.6096],[107.7702,12.6095],[107.7692,12.6084],[107.7681,12.6092],[107.7654,12.6089],[107.7644,12.6075],[107.7642,12.6063],[107.7656,12.6044],[107.7651,12.6019],[107.7671,12.6013],[107.7678,12.5995],[107.7661,12.5993],[107.7622,12.5974],[107.7619,12.5983],[107.7594,12.598],[107.7553,12.5988],[107.7518,12.6002],[107.75,12.6007],[107.748,12.6038],[107.7498,12.6056],[107.7501,12.6093],[107.7513,12.6113],[107.7526,12.6143],[107.7525,12.6167],[107.7518,12.6176],[107.752,12.6203],[107.753,12.6215],[107.7543,12.6221],[107.7538,12.6234],[107.7538,12.626],[107.7549,12.6263],[107.755,12.6296],[107.7565,12.6309],[107.7576,12.6306],[107.7583,12.6322],[107.7592,12.6328],[107.7592,12.635],[107.7606,12.6384],[107.761,12.6432],[107.7604,12.6465],[107.7599,12.6472],[107.7606,12.6487],[107.7613,12.6518],[107.7614,12.6536],[107.7604,12.6543],[107.759,12.6543],[107.7584,12.6563],[107.759,12.6594],[107.7573,12.6645],[107.7579,12.6656],[107.7578,12.6682],[107.7595,12.6688],[107.7614,12.6709],[107.7635,12.6711],[107.7641,12.6719],[107.7681,12.6725],[107.7756,12.6741],[107.7766,12.6728],[107.7803,12.6714],[107.7875,12.6694],[107.791,12.6687],[107.7913,12.6699],[107.793,12.6715],[107.7927,12.6723],[107.7954,12.6743],[107.8015,12.6756],[107.8143,12.6722],[107.8203,12.6705],[107.833,12.6757],[107.8472,12.6815],[107.8481,12.682],[107.8499,12.6814],[107.8572,12.68],[107.859,12.6786],[107.8629,12.6771],[107.8643,12.6763],[107.8659,12.6759],[107.8693,12.6758],[107.8707,12.6751],[107.8782,12.6723],[107.8799,12.6712],[107.8838,12.6696],[107.8901,12.6679],[107.902,12.669],[107.906,12.6683],[107.9072,12.6702],[107.9091,12.6681],[107.9112,12.667],[107.9134,12.6649],[107.9143,12.6624],[107.9147,12.6588],[107.9144,12.6576],[107.9126,12.656],[107.9088,12.6551],[107.9055,12.653],[107.9044,12.6517],[107.9045,12.6498],[107.9057,12.6479],[107.9078,12.6462],[107.9105,12.6459]]]},"properties":{"name":"Nam Dong","level":"ward"}},{"type":"Feature","geometry":{"type":"Polygon","coordinates":[[[107.7349,12.4813],[107.7342,12.4796],[107.7347,12.4784],[107.7345,12.4767],[107.7347,12.4723],[107.7322,12.4711],[107.7315,12.4686],[107.7317,12.4674],[107.7306,12.4666],[107.7272,12.4652],[107.7265,12.4664],[107.7246,12.4655],[107.7228,12.4653],[107.722,12.4641],[107.7206,12.4643],[107.7201,12.4632],[107.7175,12.4633],[107.7102,12.463],[107.706,12.4625],[107.7047,12.4619],[107.7043,12.461],[107.702,12.4606],[107.7006,12.4565],[107.6992,12.4553],[107.6967,12.4518],[107.6957,12.4496],[107.6943,12.4485],[107.6928,12.4465],[107.6901,12.4474],[107.6886,12.4459],[107.6856,12.4449],[107.6801,12.4441],[107.6787,12.4435],[107.6779,12.444],[107.6727,12.4441],[107.6718,12.4438],[107.6701,12.4386],[107.6683,12.4382],[107.6657,12.4393],[107.6627,12.4347],[107.6608,12.4343],[107.6599,12.4321],[107.6584,12.4328],[107.6564,12.4309],[107.6553,12.4285],[107.6521,12.4248],[107.6525,12.4215],[107.6505,12.4214],[107.6482,12.4168],[107.6473,12.4145],[107.6453,12.4143],[107.6445,12.4132],[107.6443,12.4105],[107.6421,12.4084],[107.6415,12.4063],[107.639,12.4043],[107.6395,12.4017],[107.6391,12.4006],[107.6393,12.3977],[107.6385,12.3967],[107.6352,12.3958],[107.6336,12.3948],[107.6322,12.3947],[107.6293,12.3926],[107.6292,12.392],[107.6307,12.3898],[107.6304,12.388],[107.6315,12.3854],[107.6269,12.3802],[107.6271,12.377],[107.6266,12.3764],[107.6266,12.3735],[107.6246,12.3712],[107.6241,12.3689],[107.6227,12.369],[107.6199,12.3676],[107.618,12.3663],[107.6154,12.3652],[107.6128,12.3632],[107.6117,12.3608],[107.6099,12.3591],[107.6082,12.3581],[107.607,12.3558],[107.606,12.355],[107.6023,12.3512],[107.6016,12.3497],[107.6037,12.3429],[107.5934,12.344],[107.5907,12.3519],[107.5927,12.3526],[107.5948,12.3555],[107.5969,12.3556],[107.5978,12.3568],[107.5981,12.3589],[107.6012,12.363],[107.6023,12.3638],[107.6032,12.3662],[107.6048,12.3683],[107.6052,12.3697],[107.6055,12.3752],[107.6055,12.3778],[107.6064,12.3789],[107.6069,12.3813],[107.6078,12.3827],[107.6071,12.3851],[107.6087,12.3884],[107.6045,12.3913],[107.6007,12.3974],[107.5962,12.4032],[107.5995,12.4053],[107.6013,12.4076],[107.6006,12.4091],[107.6022,12.4126],[107.6018,12.4139],[107.6046,12.4167],[107.6031,12.4197],[107.6046,12.421],[107.606,12.4228],[107.6038,12.4255],[107.6055,12.4265],[107.6075,12.4285],[107.6075,12.4302],[107.6089,12.4301],[107.6104,12.4311],[107.6131,12.4334],[107.6164,12.4358],[107.6157,12.4362],[107.6142,12.4387],[107.6069,12.4442],[107.605,12.4454],[107.6032,12.4478],[107.6036,12.4493],[107.6054,12.4523],[107.607,12.4531],[107.609,12.455],[107.6127,12.4578],[107.6136,12.4596],[107.6154,12.4587],[107.617,12.4567],[107.6181,12.4522],[107.6191,12.4505],[107.6213,12.451],[107.6243,12.4539],[107.6255,12.4536],[107.6269,12.4558],[107.6281,12.4548],[107.6282,12.4531],[107.63,12.4537],[107.6291,12.4488],[107.6298,12.4475],[107.6313,12.4468],[107.6348,12.4462],[107.6364,12.4497],[107.6374,12.4493],[107.6393,12.4524],[107.6369,12.4532],[107.635,12.4527],[107.6319,12.4512],[107.6319,12.4539],[107.6302,12.4574],[107.6313,12.4591],[107.6325,12.4597],[107.6346,12.4613],[107.6352,12.4651],[107.6349,12.4656],[107.6362,12.4684],[107.6361,12.4698],[107.6392,12.4749],[107.6395,12.4779],[107.6416,12.4802],[107.6413,12.4822],[107.6424,12.4825],[107.6456,12.4857],[107.6465,12.4875],[107.6462,12.4889],[107.647,12.4901],[107.6474,12.4921],[107.646,12.4934],[107.6459,12.4948],[107.6446,12.4968],[107.6447,12.4991],[107.6441,12.5004],[107.6441,12.5039],[107.646,12.5047],[107.6474,12.5039],[107.6488,12.5052],[107.6481,12.5066],[107.6493,12.5098],[107.6479,12.5121],[107.6482,12.514],[107.6492,12.515],[107.6484,12.5178],[107.6498,12.519],[107.6499,12.5227],[107.6526,12.5235],[107.6533,12.5247],[107.6529,12.526],[107.6534,12.5277],[107.6528,12.5293],[107.6538,12.5313],[107.6564,12.5331],[107.6589,12.5328],[107.6604,12.5344],[107.6614,12.5347],[107.6614,12.5334],[107.6621,12.532],[107.6645,12.5313],[107.6656,12.53],[107.666,12.5286],[107.665,12.5279],[107.6658,12.5268],[107.6658,12.5241],[107.6669,12.5224],[107.6669,12.5209],[107.6682,12.5196],[107.6669,12.5184],[107.6672,12.5148],[107.6659,12.5135],[107.6659,12.5119],[107.6671,12.5088],[107.6684,12.5079],[107.6683,12.5061],[107.6691,12.5046],[107.6701,12.504],[107.6723,12.5042],[107.6741,12.5021],[107.6747,12.5002],[107.6759,12.4983],[107.673,12.496],[107.674,12.4932],[107.6739,12.4919],[107.6748,12.4913],[107.6755,12.4899],[107.6769,12.4891],[107.6774,12.487],[107.6773,12.4836],[107.6802,12.4833],[107.6825,12.4824],[107.6831,12.4818],[107.6851,12.482],[107.6886,12.4811],[107.688,12.4793],[107.6898,12.4784],[107.6906,12.4771],[107.6901,12.4746],[107.6904,12.4713],[107.6933,12.4726],[107.6953,12.4746],[107.6979,12.476],[107.6995,12.4764],[107.7048,12.4768],[107.7065,12.4753],[107.7096,12.4736],[107.7112,12.4756],[107.7118,12.477],[107.7138,12.479],[107.7161,12.479],[107.7182,12.4784],[107.7216,12.4798],[107.7223,12.4813],[107.7236,12.4822],[107.7248,12.4818],[107.726,12.4827],[107.7287,12.4821],[107.7307,12.4824],[107.7324,12.4818],[107.7348,12.482],[107.7349,12.4813]]]},"properties":{"name":"Đức Lập","level":"ward"}},{"type":"Feature","geometry":{"type":"Polygon","coordinates":[[[107.7678,12.5995],[107.7686,12.5992],[107.7757,12.5942],[107.7753,12.5931],[107.7806,12.5853],[107.7828,12.582],[107.7828,12.5804],[107.7888,12.5786],[107.7898,12.5779],[107.7928,12.5738],[107.7933,12.5762],[107.7945,12.5775],[107.7961,12.5772],[107.7959,12.5762],[107.7978,12.5749],[107.7994,12.5758],[107.8013,12.5758],[107.8017,12.5747],[107.8038,12.5742],[107.8054,12.5754],[107.8066,12.5756],[107.8077,12.5749],[107.8085,12.5774],[107.8101,12.5788],[107.8114,12.5766],[107.814,12.5783],[107.8149,12.5772],[107.8143,12.5758],[107.8162,12.575],[107.8167,12.5742],[107.8251,12.5695],[107.8406,12.5618],[107.8439,12.56],[107.845,12.5582],[107.8518,12.5581],[107.854,12.5591],[107.8559,12.5585],[107.8565,12.5577],[107.8559,12.5566],[107.8566,12.5556],[107.857,12.5534],[107.8584,12.5516],[107.8608,12.5504],[107.862,12.5504],[107.8628,12.5487],[107.8659,12.5479],[107.8674,12.5468],[107.8686,12.547],[107.8679,12.5438],[107.8658,12.5416],[107.8641,12.5377],[107.8615,12.5348],[107.8613,12.5328],[107.8592,12.5317],[107.8571,12.5315],[107.8565,12.5293],[107.8548,12.5288],[107.8532,12.5267],[107.8512,12.5275],[107.8496,12.526],[107.8475,12.5259],[107.8472,12.525],[107.848,12.523],[107.8482,12.5206],[107.8494,12.5195],[107.8502,12.52],[107.8528,12.5186],[107.8536,12.5166],[107.8532,12.5147],[107.8511,12.5139],[107.8498,12.5142],[107.8488,12.5137],[107.8484,12.5124],[107.8474,12.512],[107.8463,12.51],[107.8443,12.5089],[107.8433,12.5077],[107.8432,12.5067],[107.8446,12.5056],[107.8436,12.5049],[107.8434,12.5035],[107.8412,12.5034],[107.8406,12.5006],[107.8392,12.5002],[107.837,12.5004],[107.8361,12.4991],[107.8308,12.5],[107.8293,12.5025],[107.8295,12.5035],[107.8272,12.5032],[107.8263,12.5022],[107.8221,12.5015],[107.8203,12.5022],[107.8189,12.5013],[107.8175,12.5023],[107.8164,12.5014],[107.8155,12.5018],[107.8166,12.5003],[107.8158,12.4979],[107.8147,12.4956],[107.8149,12.4916],[107.8134,12.4914],[107.8122,12.4921],[107.81,12.4926],[107.8081,12.4924],[107.8075,12.4934],[107.805,12.4937],[107.8042,12.4924],[107.8026,12.495],[107.8011,12.4959],[107.7995,12.4981],[107.7991,12.4995],[107.7994,12.5016],[107.7962,12.5027],[107.7944,12.5019],[107.7924,12.5002],[107.7912,12.5008],[107.789,12.5005],[107.7883,12.4998],[107.7858,12.5011],[107.7857,12.5023],[107.7843,12.5048],[107.7833,12.5054],[107.7818,12.5054],[107.7814,12.5039],[107.7787,12.5038],[107.775,12.5032],[107.7745,12.5025],[107.7743,12.4999],[107.7722,12.497],[107.7705,12.4954],[107.7685,12.4948],[107.7675,12.4932],[107.7656,12.4933],[107.7644,12.4925],[107.7613,12.4931],[107.7603,12.4924],[107.7587,12.4935],[107.7564,12.493],[107.7556,12.4935],[107.7529,12.4912],[107.7499,12.4893],[107.7491,12.4881],[107.7472,12.4886],[107.7452,12.4872],[107.7432,12.488],[107.7402,12.4881],[107.7378,12.4874],[107.738,12.4862],[107.7361,12.4854],[107.7355,12.4834],[107.7356,12.482],[107.7349,12.4813],[107.7348,12.482],[107.7324,12.4818],[107.7307,12.4824],[107.7287,12.4821],[107.726,12.4827],[107.7248,12.4818],[107.7236,12.4822],[107.7223,12.4813],[107.7216,12.4798],[107.7182,12.4784],[107.7161,12.479],[107.7138,12.479],[107.7118,12.477],[107.7112,12.4756],[107.7096,12.4736],[107.7065,12.4753],[107.7048,12.4768],[107.6995,12.4764],[107.6979,12.476],[107.6953,12.4746],[107.6933,12.4726],[107.6904,12.4713],[107.6901,12.4746],[107.6906,12.4771],[107.6898,12.4784],[107.688,12.4793],[107.6886,12.4811],[107.6851,12.482],[107.6831,12.4818],[107.6825,12.4824],[107.6802,12.4833],[107.6773,12.4836],[107.6774,12.487],[107.6769,12.4891],[107.6755,12.4899],[107.6748,12.4913],[107.6739,12.4919],[107.674,12.4932],[107.673,12.496],[107.6759,12.4983],[107.6747,12.5002],[107.6741,12.5021],[107.6723,12.5042],[107.6701,12.504],[107.6691,12.5046],[107.6683,12.5061],[107.6684,12.5079],[107.6671,12.5088],[107.6659,12.5119],[107.6659,12.5135],[107.6672,12.5148],[107.6669,12.5184],[107.6682,12.5196],[107.6669,12.5209],[107.6669,12.5224],[107.6658,12.5241],[107.6658,12.5268],[107.665,12.5279],[107.666,12.5286],[107.6656,12.53],[107.6645,12.5313],[107.6621,12.532],[107.6614,12.5334],[107.6614,12.5347],[107.6642,12.5356],[107.6639,12.5394],[107.6643,12.5409],[107.6656,12.5411],[107.6663,12.5425],[107.6656,12.5444],[107.6659,12.5456],[107.6652,12.547],[107.6668,12.5499],[107.6695,12.5519],[107.6724,12.552],[107.6728,12.5547],[107.6766,12.5555],[107.6793,12.559],[107.6809,12.5603],[107.6832,12.5599],[107.6856,12.5602],[107.6866,12.5611],[107.6866,12.5622],[107.6853,12.5635],[107.6849,12.5647],[107.6862,12.5665],[107.6858,12.5684],[107.6869,12.5691],[107.6893,12.5687],[107.6922,12.5735],[107.6932,12.5745],[107.6953,12.5782],[107.6928,12.5818],[107.6915,12.5825],[107.6907,12.5857],[107.691,12.5872],[107.6905,12.5903],[107.6887,12.5899],[107.6886,12.5909],[107.6907,12.5913],[107.6915,12.5931],[107.6896,12.5934],[107.6895,12.5944],[107.6913,12.5961],[107.6921,12.5975],[107.6917,12.5994],[107.6934,12.6002],[107.6947,12.6022],[107.6928,12.6057],[107.694,12.6065],[107.6936,12.6082],[107.6937,12.6126],[107.6947,12.6144],[107.6942,12.6161],[107.6961,12.6172],[107.6948,12.6199],[107.6965,12.6222],[107.6953,12.6268],[107.6957,12.6287],[107.6985,12.6284],[107.6995,12.6266],[107.7033,12.6256],[107.7068,12.6216],[107.7077,12.6199],[107.7123,12.6171],[107.7216,12.6136],[107.7278,12.6141],[107.7359,12.612],[107.748,12.6039],[107.748,12.6038],[107.75,12.6007],[107.7518,12.6002],[107.7553,12.5988],[107.7594,12.598],[107.7619,12.5983],[107.7622,12.5974],[107.7661,12.5993],[107.7678,12.5995]]]},"properties":{"name":"Đắk Mil","level":"ward"}},{"type":"Feature","geometry":{"type":"Polygon","coordinates":[[[107.6525,12.4215],[107.6521,12.4248],[107.6553,12.4285],[107.6564,12.4309],[107.6584,12.4328],[107.6599,12.4321],[107.6608,12.4343],[107.6627,12.4347],[107.6657,12.4393],[107.6683,12.4382],[107.6701,12.4386],[107.6718,12.4438],[107.6727,12.4441],[107.6779,12.444],[107.6787,12.4435],[107.6801,12.4441],[107.6856,12.4449],[107.6886,12.4459],[107.6901,12.4474],[107.6928,12.4465],[107.6943,12.4485],[107.6957,12.4496],[107.6967,12.4518],[107.6992,12.4553],[107.7006,12.4565],[107.702,12.4606],[107.7043,12.461],[107.7047,12.4619],[107.706,12.4625],[107.7102,12.463],[107.7175,12.4633],[107.7201,12.4632],[107.7206,12.4643],[107.722,12.4641],[107.7228,12.4653],[107.7246,12.4655],[107.7265,12.4664],[107.7272,12.4652],[107.7306,12.4666],[107.7317,12.4674],[107.7315,12.4686],[107.7322,12.4711],[107.7347,12.4723],[107.7345,12.4767],[107.7347,12.4784],[107.7342,12.4796],[107.7349,12.4813],[107.7356,12.482],[107.7355,12.4834],[107.7361,12.4854],[107.738,12.4862],[107.7378,12.4874],[107.7402,12.4881],[107.7432,12.488],[107.7452,12.4872],[107.7472,12.4886],[107.7491,12.4881],[107.7499,12.4893],[107.7529,12.4912],[107.7556,12.4935],[107.7564,12.493],[107.7587,12.4935],[107.7603,12.4924],[107.7613,12.4931],[107.7644,12.4925],[107.7656,12.4933],[107.7675,12.4932],[107.7685,12.4948],[107.7705,12.4954],[107.7722,12.497],[107.7743,12.4999],[107.7745,12.5025],[107.775,12.5032],[107.7787,12.5038],[107.7814,12.5039],[107.7818,12.5054],[107.7833,12.5054],[107.7843,12.5048],[107.7857,12.5023],[107.7858,12.5011],[107.7883,12.4998],[107.789,12.5005],[107.7912,12.5008],[107.7924,12.5002],[107.7944,12.5019],[107.7962,12.5027],[107.7994,12.5016],[107.7991,12.4995],[107.7995,12.4981],[107.8011,12.4959],[107.8026,12.495],[107.8042,12.4924],[107.805,12.4937],[107.8075,12.4934],[107.8081,12.4924],[107.81,12.4926],[107.8122,12.4921],[107.8134,12.4914],[107.8149,12.4916],[107.8147,12.4956],[107.8158,12.4979],[107.8166,12.5003],[107.8155,12.5018],[107.8168,12.5008],[107.8194,12.5],[107.8195,12.4988],[107.8187,12.4971],[107.8191,12.4955],[107.8206,12.4944],[107.8217,12.493],[107.8219,12.4919],[107.8293,12.4922],[107.8303,12.4914],[107.8314,12.4894],[107.8328,12.4892],[107.833,12.4882],[107.832,12.4862],[107.8326,12.4846],[107.8337,12.4842],[107.8344,12.4813],[107.8343,12.4791],[107.8349,12.4776],[107.8354,12.4746],[107.8324,12.472],[107.8303,12.4712],[107.8276,12.4714],[107.8253,12.472],[107.824,12.4707],[107.8223,12.4709],[107.8209,12.4705],[107.8196,12.4714],[107.8177,12.4701],[107.8143,12.4698],[107.8133,12.4711],[107.8112,12.4717],[107.8084,12.4711],[107.8061,12.4717],[107.8052,12.4708],[107.8038,12.4715],[107.801,12.4704],[107.7993,12.4743],[107.7986,12.4736],[107.7953,12.4736],[107.7948,12.4723],[107.7929,12.4732],[107.7902,12.4732],[107.7849,12.4701],[107.7836,12.4695],[107.7809,12.4693],[107.7785,12.4697],[107.7773,12.4671],[107.7749,12.4644],[107.7738,12.4626],[107.7724,12.4619],[107.7701,12.4621],[107.7682,12.4612],[107.7665,12.46],[107.7646,12.4577],[107.7615,12.4549],[107.7593,12.4546],[107.7562,12.4516],[107.7565,12.4487],[107.7547,12.4468],[107.753,12.4432],[107.7525,12.4411],[107.7518,12.4409],[107.7498,12.4388],[107.7493,12.4374],[107.7503,12.4357],[107.7512,12.4323],[107.7521,12.4304],[107.751,12.427],[107.7489,12.426],[107.7478,12.4248],[107.7461,12.4246],[107.7456,12.4225],[107.7443,12.42],[107.745,12.4173],[107.7439,12.4155],[107.7439,12.4141],[107.74,12.4161],[107.7352,12.4154],[107.7325,12.4156],[107.7307,12.4142],[107.728,12.4151],[107.727,12.4108],[107.725,12.4107],[107.7241,12.4096],[107.7213,12.4083],[107.7205,12.409],[107.7187,12.408],[107.7174,12.4085],[107.7159,12.4076],[107.7144,12.4074],[107.7134,12.4059],[107.7137,12.4037],[107.7134,12.4024],[107.7142,12.4017],[107.714,12.4003],[107.7148,12.399],[107.7146,12.3959],[107.7136,12.394],[107.7122,12.3936],[107.7115,12.391],[107.7103,12.3895],[107.7106,12.3885],[107.7087,12.3878],[107.7079,12.3854],[107.7041,12.3834],[107.7028,12.3822],[107.7027,12.3813],[107.7,12.3796],[107.6995,12.3785],[107.6953,12.3814],[107.6937,12.3845],[107.693,12.3909],[107.6896,12.3969],[107.6846,12.3968],[107.6837,12.3965],[107.6819,12.3972],[107.6796,12.3967],[107.678,12.3955],[107.6764,12.3951],[107.6745,12.3956],[107.6712,12.3948],[107.6703,12.3951],[107.6683,12.3944],[107.6648,12.3965],[107.6649,12.3981],[107.6663,12.3989],[107.6673,12.401],[107.6686,12.4017],[107.6697,12.4049],[107.6708,12.4064],[107.6721,12.4135],[107.6733,12.4159],[107.6691,12.4172],[107.667,12.4176],[107.6661,12.4182],[107.6644,12.4183],[107.6619,12.4193],[107.6604,12.4217],[107.6585,12.4221],[107.6576,12.4231],[107.6525,12.4215]]]},"properties":{"name":"Đắk Sắk","level":"ward"}},{"type":"Feature","geometry":{"type":"Polygon","coordinates":[[[107.5694,12.6964],[107.5699,12.6965],[107.5789,12.7011],[107.5815,12.6965],[107.5837,12.6949],[107.5853,12.6951],[107.5886,12.6941],[107.5934,12.6907],[107.595,12.6922],[107.5979,12.6928],[107.5987,12.6934],[107.6027,12.6922],[107.6041,12.6927],[107.6047,12.6941],[107.6058,12.6942],[107.6083,12.6937],[107.6186,12.6951],[107.6204,12.696],[107.6212,12.6948],[107.6205,12.694],[107.6211,12.692],[107.6236,12.6885],[107.6281,12.6894],[107.6294,12.6885],[107.6312,12.6865],[107.6304,12.6854],[107.6316,12.6816],[107.636,12.6821],[107.6363,12.6793],[107.6347,12.6791],[107.6346,12.6758],[107.6353,12.6754],[107.6358,12.6721],[107.6363,12.6711],[107.635,12.6687],[107.6333,12.6667],[107.6332,12.6656],[107.6351,12.6626],[107.6345,12.6618],[107.6346,12.6593],[107.6357,12.6598],[107.6361,12.6578],[107.64,12.6573],[107.642,12.6582],[107.6428,12.6572],[107.6424,12.6553],[107.6426,12.6528],[107.6435,12.6517],[107.6462,12.6513],[107.647,12.6499],[107.648,12.65],[107.6488,12.6489],[107.6508,12.6488],[107.6509,12.647],[107.652,12.6474],[107.6537,12.6455],[107.6576,12.6448],[107.66,12.6415],[107.6612,12.6378],[107.6657,12.6351],[107.6727,12.634],[107.6779,12.6317],[107.6826,12.6292],[107.6916,12.628],[107.6939,12.6278],[107.6943,12.6289],[107.6957,12.6287],[107.6953,12.6268],[107.6965,12.6222],[107.6948,12.6199],[107.6961,12.6172],[107.6942,12.6161],[107.6947,12.6144],[107.6937,12.6126],[107.6936,12.6082],[107.694,12.6065],[107.6928,12.6057],[107.6947,12.6022],[107.6934,12.6002],[107.6917,12.5994],[107.6921,12.5975],[107.6913,12.5961],[107.6895,12.5944],[107.6896,12.5934],[107.6915,12.5931],[107.6907,12.5913],[107.6886,12.5909],[107.6887,12.5899],[107.6905,12.5903],[107.691,12.5872],[107.6907,12.5857],[107.6915,12.5825],[107.6928,12.5818],[107.6953,12.5782],[107.6932,12.5745],[107.6922,12.5735],[107.6893,12.5687],[107.6869,12.5691],[107.6858,12.5684],[107.6862,12.5665],[107.6849,12.5647],[107.6853,12.5635],[107.6866,12.5622],[107.6866,12.5611],[107.6856,12.5602],[107.6832,12.5599],[107.6809,12.5603],[107.6793,12.559],[107.6766,12.5555],[107.6728,12.5547],[107.6724,12.552],[107.6695,12.5519],[107.6668,12.5499],[107.6652,12.547],[107.6659,12.5456],[107.6656,12.5444],[107.6663,12.5425],[107.6656,12.5411],[107.6643,12.5409],[107.6639,12.5394],[107.6642,12.5356],[107.6614,12.5347],[107.6604,12.5344],[107.6589,12.5328],[107.6564,12.5331],[107.6538,12.5313],[107.6528,12.5293],[107.6534,12.5277],[107.6529,12.526],[107.6533,12.5247],[107.6526,12.5235],[107.6499,12.5227],[107.6498,12.519],[107.6484,12.5178],[107.6492,12.515],[107.6482,12.514],[107.6479,12.5121],[107.6493,12.5098],[107.6481,12.5066],[107.6488,12.5052],[107.6474,12.5039],[107.646,12.5047],[107.6441,12.5039],[107.6441,12.5004],[107.6447,12.4991],[107.6446,12.4968],[107.6459,12.4948],[107.646,12.4934],[107.6474,12.4921],[107.647,12.4901],[107.6462,12.4889],[107.6465,12.4875],[107.6456,12.4857],[107.6424,12.4825],[107.6413,12.4822],[107.6416,12.4802],[107.6395,12.4779],[107.6392,12.4749],[107.6361,12.4698],[107.6362,12.4684],[107.6349,12.4656],[107.6352,12.4651],[107.6346,12.4613],[107.6325,12.4597],[107.6313,12.4591],[107.6302,12.4574],[107.6319,12.4539],[107.6319,12.4512],[107.635,12.4527],[107.6369,12.4532],[107.6393,12.4524],[107.6374,12.4493],[107.6364,12.4497],[107.6348,12.4462],[107.6313,12.4468],[107.6298,12.4475],[107.6291,12.4488],[107.63,12.4537],[107.6282,12.4531],[107.6281,12.4548],[107.6269,12.4558],[107.6255,12.4536],[107.6243,12.4539],[107.6213,12.451],[107.6191,12.4505],[107.6181,12.4522],[107.617,12.4567],[107.6154,12.4587],[107.6136,12.4596],[107.6127,12.4578],[107.609,12.455],[107.607,12.4531],[107.6054,12.4523],[107.6036,12.4493],[107.6032,12.4478],[107.605,12.4454],[107.6069,12.4442],[107.6142,12.4387],[107.6157,12.4362],[107.6164,12.4358],[107.6131,12.4334],[107.6104,12.4311],[107.6089,12.4301],[107.6075,12.4302],[107.6075,12.4285],[107.6055,12.4265],[107.6038,12.4255],[107.606,12.4228],[107.6046,12.421],[107.6031,12.4197],[107.6046,12.4167],[107.6018,12.4139],[107.6022,12.4126],[107.6006,12.4091],[107.6013,12.4076],[107.5995,12.4053],[107.5962,12.4032],[107.6007,12.3974],[107.6045,12.3913],[107.6087,12.3884],[107.6071,12.3851],[107.6078,12.3827],[107.6069,12.3813],[107.6064,12.3789],[107.6055,12.3778],[107.6055,12.3752],[107.6052,12.3697],[107.6048,12.3683],[107.6032,12.3662],[107.6023,12.3638],[107.6012,12.363],[107.5981,12.3589],[107.5978,12.3568],[107.5969,12.3556],[107.5948,12.3555],[107.5927,12.3526],[107.5907,12.3519],[107.5934,12.344],[107.5917,12.3438],[107.5905,12.3428],[107.589,12.3427],[107.588,12.342],[107.5863,12.3385],[107.5737,12.3417],[107.5673,12.3451],[107.5653,12.3464],[107.561,12.3456],[107.5609,12.3447],[107.5581,12.3442],[107.5579,12.3452],[107.5523,12.3479],[107.5518,12.3494],[107.5527,12.3511],[107.5515,12.3534],[107.5493,12.3571],[107.5487,12.359],[107.5469,12.3598],[107.5477,12.3603],[107.5468,12.3623],[107.5468,12.3657],[107.5473,12.3671],[107.5463,12.368],[107.5458,12.3702],[107.5446,12.3712],[107.5447,12.373],[107.5479,12.3739],[107.5487,12.3738],[107.5528,12.3761],[107.5544,12.3788],[107.5546,12.381],[107.5534,12.3808],[107.5532,12.3821],[107.5523,12.3826],[107.5509,12.3847],[107.5497,12.3873],[107.5474,12.3885],[107.5483,12.3902],[107.548,12.3919],[107.5472,12.3919],[107.5451,12.3941],[107.5455,12.3961],[107.5448,12.3965],[107.5443,12.3981],[107.5456,12.4033],[107.5462,12.404],[107.5445,12.406],[107.5456,12.4072],[107.5436,12.409],[107.5422,12.4111],[107.5437,12.4122],[107.5434,12.4131],[107.5447,12.4139],[107.5442,12.4162],[107.5448,12.4168],[107.5464,12.4156],[107.5469,12.4174],[107.5507,12.4195],[107.5519,12.4213],[107.5523,12.4231],[107.554,12.4245],[107.5539,12.4272],[107.5547,12.4277],[107.5551,12.4296],[107.5545,12.4314],[107.5551,12.432],[107.5548,12.4338],[107.5565,12.435],[107.5583,12.4387],[107.56,12.4395],[107.5595,12.4404],[107.5608,12.4413],[107.5612,12.4427],[107.5605,12.4437],[107.5613,12.4456],[107.5623,12.4464],[107.5621,12.4475],[107.5641,12.449],[107.5656,12.4489],[107.5658,12.4506],[107.5669,12.454],[107.5677,12.4547],[107.5646,12.4567],[107.5658,12.4571],[107.5659,12.4589],[107.565,12.4594],[107.5664,12.4614],[107.5655,12.4617],[107.567,12.4637],[107.5674,12.4659],[107.5672,12.4674],[107.5663,12.4677],[107.5664,12.4697],[107.5658,12.4718],[107.5672,12.4719],[107.5675,12.4736],[107.5686,12.4756],[107.571,12.4769],[107.5731,12.4769],[107.5737,12.4779],[107.5756,12.4778],[107.5763,12.4808],[107.5778,12.4822],[107.5767,12.4861],[107.5773,12.4881],[107.5793,12.4889],[107.5794,12.4899],[107.5783,12.4914],[107.5783,12.4923],[107.5803,12.4938],[107.5808,12.4954],[107.5801,12.4974],[107.5774,12.4979],[107.5752,12.4995],[107.5735,12.4988],[107.5733,12.5005],[107.5725,12.5015],[107.5711,12.5014],[107.5697,12.5039],[107.5693,12.5054],[107.5702,12.5064],[107.5691,12.5075],[107.5673,12.5066],[107.5672,12.5079],[107.5692,12.5103],[107.569,12.5122],[107.5672,12.5129],[107.5655,12.515],[107.5626,12.5163],[107.562,12.5176],[107.5622,12.5194],[107.5628,12.5204],[107.5628,12.5229],[107.5638,12.5234],[107.565,12.5269],[107.5676,12.5276],[107.5682,12.5299],[107.5711,12.5294],[107.574,12.5323],[107.5759,12.5329],[107.5759,12.5346],[107.5777,12.5354],[107.5775,12.5367],[107.5762,12.5385],[107.5754,12.5416],[107.5768,12.542],[107.5785,12.5432],[107.578,12.5456],[107.5786,12.5466],[107.5808,12.547],[107.5822,12.5486],[107.5833,12.5517],[107.5858,12.5532],[107.5871,12.5545],[107.5891,12.5557],[107.5899,12.5588],[107.5872,12.5624],[107.585,12.5636],[107.5851,12.5668],[107.5835,12.5663],[107.5827,12.568],[107.583,12.5697],[107.582,12.572],[107.5799,12.575],[107.5805,12.5792],[107.5796,12.5798],[107.5796,12.582],[107.5807,12.5853],[107.5827,12.5859],[107.5826,12.5871],[107.5814,12.588],[107.5821,12.5901],[107.5812,12.5915],[107.5824,12.5923],[107.5833,12.5952],[107.5846,12.5955],[107.586,12.5975],[107.5847,12.5986],[107.5847,12.602],[107.5855,12.6034],[107.5836,12.6051],[107.5824,12.6056],[107.5833,12.6073],[107.5827,12.6083],[107.5809,12.6092],[107.5809,12.6103],[107.5829,12.6121],[107.585,12.6131],[107.5825,12.6153],[107.5817,12.6168],[107.5814,12.6183],[107.5796,12.6201],[107.5784,12.6195],[107.5777,12.6206],[107.579,12.6225],[107.5771,12.6235],[107.5746,12.6253],[107.573,12.6257],[107.5719,12.6285],[107.573,12.6301],[107.5742,12.6307],[107.5726,12.6326],[107.5726,12.6338],[107.5715,12.6348],[107.5715,12.6376],[107.5723,12.6401],[107.5707,12.6411],[107.5692,12.6427],[107.5703,12.6459],[107.5694,12.6473],[107.5701,12.6483],[107.5729,12.6487],[107.5741,12.6498],[107.5734,12.6515],[107.5715,12.6524],[107.5706,12.6534],[107.5696,12.6557],[107.5698,12.6577],[107.5705,12.6599],[107.5716,12.6617],[107.571,12.6645],[107.5708,12.668],[107.5728,12.6674],[107.5737,12.669],[107.5758,12.6696],[107.5769,12.6733],[107.5764,12.6753],[107.5772,12.677],[107.5788,12.6774],[107.579,12.6785],[107.5816,12.6786],[107.5821,12.6797],[107.5805,12.6815],[107.5777,12.6812],[107.5787,12.6833],[107.5759,12.687],[107.5752,12.6891],[107.5751,12.6913],[107.5733,12.6923],[107.5721,12.6918],[107.5704,12.6922],[107.5694,12.6964]]]},"properties":{"name":"Thuận An","level":"ward"}},{"type":"Feature","geometry":{"type":"Polygon","coordinates":[[[107.6995,12.3785],[107.7,12.3796],[107.7027,12.3813],[107.7028,12.3822],[107.7041,12.3834],[107.7079,12.3854],[107.7087,12.3878],[107.7106,12.3885],[107.7103,12.3895],[107.7115,12.391],[107.7122,12.3936],[107.7136,12.394],[107.7146,12.3959],[107.7148,12.399],[107.714,12.4003],[107.7142,12.4017],[107.7134,12.4024],[107.7137,12.4037],[107.7134,12.4059],[107.7144,12.4074],[107.7159,12.4076],[107.7174,12.4085],[107.7187,12.408],[107.7205,12.409],[107.7213,12.4083],[107.7241,12.4096],[107.725,12.4107],[107.727,12.4108],[107.728,12.4151],[107.7307,12.4142],[107.7325,12.4156],[107.7352,12.4154],[107.74,12.4161],[107.7439,12.4141],[107.7439,12.4155],[107.745,12.4173],[107.7443,12.42],[107.7456,12.4225],[107.7461,12.4246],[107.7478,12.4248],[107.7489,12.426],[107.751,12.427],[107.7521,12.4304],[107.7512,12.4323],[107.7503,12.4357],[107.7493,12.4374],[107.7498,12.4388],[107.7518,12.4409],[107.7525,12.4411],[107.753,12.4432],[107.7547,12.4468],[107.7565,12.4487],[107.7562,12.4516],[107.7593,12.4546],[107.7615,12.4549],[107.7646,12.4577],[107.7665,12.46],[107.7682,12.4612],[107.7701,12.4621],[107.7724,12.4619],[107.7738,12.4626],[107.7749,12.4644],[107.7773,12.4671],[107.7785,12.4697],[107.7809,12.4693],[107.7836,12.4695],[107.7849,12.4701],[107.7902,12.4732],[107.7929,12.4732],[107.7948,12.4723],[107.7953,12.4736],[107.7986,12.4736],[107.7993,12.4743],[107.801,12.4704],[107.8038,12.4715],[107.8052,12.4708],[107.8061,12.4717],[107.8084,12.4711],[107.8112,12.4717],[107.8133,12.4711],[107.8143,12.4698],[107.8177,12.4701],[107.8196,12.4714],[107.8209,12.4705],[107.8223,12.4709],[107.824,12.4707],[107.8253,12.472],[107.8276,12.4714],[107.8303,12.4712],[107.8324,12.472],[107.8354,12.4746],[107.8371,12.4738],[107.8384,12.4737],[107.8394,12.4722],[107.842,12.4707],[107.8424,12.4686],[107.8434,12.4679],[107.8438,12.4665],[107.8461,12.4641],[107.8466,12.4627],[107.8479,12.4635],[107.8474,12.4661],[107.8484,12.4665],[107.8479,12.4686],[107.8487,12.4695],[107.8516,12.4704],[107.8536,12.47],[107.8545,12.4717],[107.8557,12.4716],[107.8564,12.4697],[107.8573,12.4685],[107.8585,12.4704],[107.8597,12.4698],[107.8606,12.4708],[107.862,12.4709],[107.8625,12.4699],[107.8636,12.47],[107.8638,12.4711],[107.8663,12.4701],[107.8727,12.4645],[107.8786,12.4636],[107.888,12.4579],[107.8945,12.458],[107.8997,12.4661],[107.9094,12.4679],[107.9129,12.4654],[107.9145,12.4636],[107.9139,12.4613],[107.9157,12.461],[107.9178,12.4581],[107.9173,12.4568],[107.9182,12.4558],[107.9198,12.4559],[107.9208,12.4547],[107.9187,12.4512],[107.9173,12.447],[107.9173,12.4455],[107.921,12.4456],[107.9273,12.4449],[107.9322,12.4445],[107.9326,12.4451],[107.935,12.4443],[107.9371,12.4448],[107.9424,12.4475],[107.9436,12.4485],[107.9491,12.449],[107.9519,12.4482],[107.9527,12.4488],[107.954,12.4457],[107.9542,12.4416],[107.9522,12.4413],[107.9485,12.44],[107.9455,12.4406],[107.9445,12.4398],[107.9441,12.4374],[107.9397,12.4338],[107.9369,12.432],[107.9365,12.4311],[107.9347,12.4308],[107.9313,12.432],[107.9298,12.4317],[107.9284,12.433],[107.9239,12.4311],[107.9234,12.4323],[107.9207,12.4322],[107.9172,12.4336],[107.9174,12.4344],[107.9159,12.4354],[107.9141,12.4348],[107.9133,12.4359],[107.9121,12.4342],[107.9097,12.4341],[107.9063,12.4329],[107.902,12.4334],[107.8997,12.435],[107.8982,12.4351],[107.8969,12.4334],[107.8949,12.4327],[107.8937,12.4328],[107.8913,12.4297],[107.8911,12.428],[107.8896,12.427],[107.8892,12.4246],[107.8875,12.4225],[107.8867,12.4197],[107.8866,12.4183],[107.8839,12.417],[107.8822,12.4166],[107.8824,12.4157],[107.8811,12.4145],[107.8825,12.4112],[107.8807,12.4087],[107.8794,12.4077],[107.8801,12.4063],[107.8798,12.4048],[107.8787,12.4032],[107.8786,12.4023],[107.8759,12.4],[107.874,12.3988],[107.8726,12.3987],[107.8715,12.3994],[107.8692,12.3973],[107.8676,12.3968],[107.8676,12.3958],[107.8658,12.395],[107.8642,12.3956],[107.8626,12.3947],[107.859,12.3951],[107.8568,12.3934],[107.8532,12.397],[107.8478,12.4027],[107.8454,12.4071],[107.8444,12.4078],[107.8434,12.4094],[107.8421,12.4091],[107.8404,12.4097],[107.8386,12.4098],[107.8352,12.4067],[107.8342,12.4071],[107.834,12.4085],[107.8296,12.4058],[107.8298,12.4046],[107.8263,12.4036],[107.8252,12.4049],[107.8257,12.4058],[107.8228,12.406],[107.8211,12.404],[107.8192,12.4042],[107.8187,12.4029],[107.8141,12.4028],[107.8131,12.4016],[107.8107,12.4014],[107.8098,12.4003],[107.8104,12.3993],[107.8094,12.3975],[107.8084,12.3968],[107.8079,12.3954],[107.8057,12.3952],[107.8056,12.3965],[107.8012,12.3956],[107.8015,12.3966],[107.8004,12.3973],[107.7993,12.395],[107.7976,12.3952],[107.7958,12.3959],[107.7937,12.3958],[107.7934,12.3944],[107.7919,12.3944],[107.7908,12.3915],[107.7886,12.3897],[107.7868,12.39],[107.7858,12.3876],[107.7848,12.3871],[107.7834,12.3874],[107.7819,12.3848],[107.782,12.3833],[107.78,12.3829],[107.7793,12.3823],[107.7781,12.3799],[107.7756,12.3788],[107.7718,12.3785],[107.7708,12.3774],[107.7697,12.3778],[107.7667,12.3756],[107.7662,12.3708],[107.7651,12.3675],[107.7632,12.3612],[107.76,12.3557],[107.757,12.3523],[107.7549,12.3504],[107.7518,12.35],[107.7501,12.3492],[107.7481,12.3493],[107.7468,12.3483],[107.738,12.3476],[107.7371,12.3487],[107.7341,12.3481],[107.7333,12.3472],[107.7287,12.3465],[107.7263,12.3452],[107.7254,12.3457],[107.7238,12.3581],[107.7254,12.3609],[107.7243,12.3668],[107.7235,12.3675],[107.7198,12.3688],[107.7139,12.3679],[107.7127,12.3668],[107.7104,12.3692],[107.7044,12.3729],[107.7022,12.3752],[107.6995,12.3785]]]},"properties":{"name":"Krông Nô","level":"ward"}},{"type":"Feature","geometry":{"type":"Polygon","coordinates":[[[107.8686,12.547],[107.8697,12.5486],[107.8688,12.5496],[107.8715,12.551],[107.8728,12.5504],[107.8737,12.5492],[107.8748,12.55],[107.8759,12.5498],[107.8778,12.5502],[107.8789,12.5511],[107.8811,12.551],[107.8818,12.5519],[107.8837,12.5508],[107.8855,12.5523],[107.8863,12.5522],[107.8877,12.5506],[107.8905,12.5515],[107.8925,12.5514],[107.89,12.5497],[107.8881,12.5476],[107.8876,12.545],[107.8882,12.5414],[107.8882,12.5397],[107.8908,12.5391],[107.8929,12.5392],[107.895,12.5382],[107.8968,12.5364],[107.8984,12.5353],[107.9014,12.5326],[107.9046,12.5283],[107.908,12.5275],[107.9101,12.5254],[107.9139,12.5259],[107.9132,12.5275],[107.915,12.529],[107.9171,12.5287],[107.9197,12.5291],[107.9228,12.528],[107.9248,12.5288],[107.9271,12.5285],[107.928,12.5269],[107.9294,12.5261],[107.9321,12.5261],[107.9364,12.5269],[107.9408,12.5266],[107.9425,12.5258],[107.9484,12.5208],[107.95,12.5204],[107.9531,12.5208],[107.9547,12.5204],[107.9578,12.5188],[107.9604,12.516],[107.9649,12.5135],[107.9692,12.5104],[107.9727,12.5091],[107.9742,12.5081],[107.9764,12.5056],[107.9784,12.5024],[107.9795,12.4986],[107.9795,12.4966],[107.9808,12.4955],[107.9827,12.495],[107.9866,12.4951],[107.9877,12.4934],[107.9907,12.4933],[107.9917,12.4921],[107.9903,12.4886],[107.9905,12.4868],[107.9916,12.4852],[107.9929,12.4848],[107.9961,12.4864],[107.9977,12.4857],[107.9973,12.4835],[107.9976,12.4819],[107.9986,12.4802],[108.0015,12.477],[108.0014,12.4753],[107.9995,12.473],[107.9967,12.472],[107.9952,12.4701],[107.9953,12.4673],[107.9957,12.4659],[107.9935,12.4654],[107.9919,12.4638],[107.9914,12.4619],[107.9918,12.4595],[107.9902,12.4567],[107.9871,12.4519],[107.9866,12.4492],[107.9854,12.4466],[107.9843,12.4459],[107.977,12.4437],[107.9743,12.4411],[107.9691,12.4378],[107.9666,12.4365],[107.9645,12.4364],[107.9614,12.4374],[107.9584,12.4394],[107.9559,12.4405],[107.9542,12.4416],[107.954,12.4457],[107.9527,12.4488],[107.9519,12.4482],[107.9491,12.449],[107.9436,12.4485],[107.9424,12.4475],[107.9371,12.4448],[107.935,12.4443],[107.9326,12.4451],[107.9322,12.4445],[107.9273,12.4449],[107.921,12.4456],[107.9173,12.4455],[107.9173,12.447],[107.9187,12.4512],[107.9208,12.4547],[107.9198,12.4559],[107.9182,12.4558],[107.9173,12.4568],[107.9178,12.4581],[107.9157,12.461],[107.9139,12.4613],[107.9145,12.4636],[107.9129,12.4654],[107.9094,12.4679],[107.8997,12.4661],[107.8945,12.458],[107.888,12.4579],[107.8786,12.4636],[107.8727,12.4645],[107.8663,12.4701],[107.8638,12.4711],[107.8636,12.47],[107.8625,12.4699],[107.862,12.4709],[107.8606,12.4708],[107.8597,12.4698],[107.8585,12.4704],[107.8573,12.4685],[107.8564,12.4697],[107.8557,12.4716],[107.8545,12.4717],[107.8536,12.47],[107.8516,12.4704],[107.8487,12.4695],[107.8479,12.4686],[107.8484,12.4665],[107.8474,12.4661],[107.8479,12.4635],[107.8466,12.4627],[107.8461,12.4641],[107.8438,12.4665],[107.8434,12.4679],[107.8424,12.4686],[107.842,12.4707],[107.8394,12.4722],[107.8384,12.4737],[107.8371,12.4738],[107.8354,12.4746],[107.8349,12.4776],[107.8343,12.4791],[107.8344,12.4813],[107.8337,12.4842],[107.8326,12.4846],[107.832,12.4862],[107.833,12.4882],[107.8328,12.4892],[107.8314,12.4894],[107.8303,12.4914],[107.8293,12.4922],[107.8219,12.4919],[107.8217,12.493],[107.8206,12.4944],[107.8191,12.4955],[107.8187,12.4971],[107.8195,12.4988],[107.8194,12.5],[107.8168,12.5008],[107.8155,12.5018],[107.8164,12.5014],[107.8175,12.5023],[107.8189,12.5013],[107.8203,12.5022],[107.8221,12.5015],[107.8263,12.5022],[107.8272,12.5032],[107.8295,12.5035],[107.8293,12.5025],[107.8308,12.5],[107.8361,12.4991],[107.837,12.5004],[107.8392,12.5002],[107.8406,12.5006],[107.8412,12.5034],[107.8434,12.5035],[107.8436,12.5049],[107.8446,12.5056],[107.8432,12.5067],[107.8433,12.5077],[107.8443,12.5089],[107.8463,12.51],[107.8474,12.512],[107.8484,12.5124],[107.8488,12.5137],[107.8498,12.5142],[107.8511,12.5139],[107.8532,12.5147],[107.8536,12.5166],[107.8528,12.5186],[107.8502,12.52],[107.8494,12.5195],[107.8482,12.5206],[107.848,12.523],[107.8472,12.525],[107.8475,12.5259],[107.8496,12.526],[107.8512,12.5275],[107.8532,12.5267],[107.8548,12.5288],[107.8565,12.5293],[107.8571,12.5315],[107.8592,12.5317],[107.8613,12.5328],[107.8615,12.5348],[107.8641,12.5377],[107.8658,12.5416],[107.8679,12.5438],[107.8686,12.547]]]},"properties":{"name":"Nam Đà","level":"ward"}},{"type":"Feature","geometry":{"type":"Polygon","coordinates":[[[107.8158,12.2263],[107.8148,12.2267],[107.8141,12.2227],[107.8113,12.2217],[107.81,12.2224],[107.8086,12.2224],[107.8067,12.2247],[107.8059,12.2227],[107.8031,12.2225],[107.7995,12.2229],[107.7983,12.2234],[107.7964,12.2254],[107.7955,12.2271],[107.7942,12.2284],[107.7914,12.2293],[107.7903,12.2309],[107.7889,12.2313],[107.7885,12.2323],[107.7865,12.233],[107.7868,12.2358],[107.7852,12.236],[107.7856,12.2371],[107.7847,12.2379],[107.7837,12.2403],[107.7863,12.2443],[107.7854,12.2464],[107.7804,12.2516],[107.7811,12.2536],[107.7833,12.2569],[107.7834,12.2593],[107.7852,12.2601],[107.7872,12.2625],[107.7867,12.2635],[107.7853,12.2647],[107.7853,12.2678],[107.786,12.2707],[107.7854,12.2724],[107.7783,12.2772],[107.777,12.2788],[107.7638,12.2829],[107.7546,12.2849],[107.7523,12.2862],[107.7542,12.2899],[107.7536,12.2943],[107.7551,12.2969],[107.755,12.2986],[107.7561,12.3009],[107.7552,12.3014],[107.7557,12.3029],[107.7556,12.3054],[107.755,12.3064],[107.7554,12.308],[107.7539,12.3082],[107.7531,12.3098],[107.751,12.3106],[107.7479,12.3141],[107.7466,12.3161],[107.7436,12.3185],[107.7406,12.32],[107.7382,12.3201],[107.7351,12.3224],[107.7335,12.3251],[107.7308,12.3252],[107.7268,12.329],[107.7266,12.3321],[107.7282,12.336],[107.7276,12.3378],[107.7284,12.3396],[107.7254,12.3457],[107.7263,12.3452],[107.7287,12.3465],[107.7333,12.3472],[107.7341,12.3481],[107.7371,12.3487],[107.738,12.3476],[107.7468,12.3483],[107.7481,12.3493],[107.7501,12.3492],[107.7518,12.35],[107.7549,12.3504],[107.757,12.3523],[107.76,12.3557],[107.7632,12.3612],[107.7651,12.3675],[107.7662,12.3708],[107.7667,12.3756],[107.7697,12.3778],[107.7708,12.3774],[107.7718,12.3785],[107.7756,12.3788],[107.7781,12.3799],[107.7793,12.3823],[107.78,12.3829],[107.782,12.3833],[107.7819,12.3848],[107.7834,12.3874],[107.7848,12.3871],[107.7858,12.3876],[107.7868,12.39],[107.7886,12.3897],[107.7908,12.3915],[107.7919,12.3944],[107.7934,12.3944],[107.7937,12.3958],[107.7958,12.3959],[107.7976,12.3952],[107.7993,12.395],[107.8004,12.3973],[107.8015,12.3966],[107.8012,12.3956],[107.8056,12.3965],[107.8057,12.3952],[107.8079,12.3954],[107.8084,12.3968],[107.8094,12.3975],[107.8104,12.3993],[107.8098,12.4003],[107.8107,12.4014],[107.8131,12.4016],[107.8141,12.4028],[107.8187,12.4029],[107.8192,12.4042],[107.8211,12.404],[107.8228,12.406],[107.8257,12.4058],[107.8252,12.4049],[107.8263,12.4036],[107.8298,12.4046],[107.8296,12.4058],[107.834,12.4085],[107.8342,12.4071],[107.8352,12.4067],[107.8386,12.4098],[107.8404,12.4097],[107.8421,12.4091],[107.8434,12.4094],[107.8444,12.4078],[107.8454,12.4071],[107.8478,12.4027],[107.8532,12.397],[107.8568,12.3934],[107.859,12.3951],[107.8626,12.3947],[107.8642,12.3956],[107.8658,12.395],[107.8676,12.3958],[107.8676,12.3968],[107.8692,12.3973],[107.8715,12.3994],[107.8726,12.3987],[107.874,12.3988],[107.8759,12.4],[107.8786,12.4023],[107.8787,12.4032],[107.8798,12.4048],[107.8801,12.4063],[107.8794,12.4077],[107.8807,12.4087],[107.8825,12.4112],[107.8811,12.4145],[107.8824,12.4157],[107.8822,12.4166],[107.8839,12.417],[107.8866,12.4183],[107.8867,12.4197],[107.8875,12.4225],[107.8892,12.4246],[107.8896,12.427],[107.8911,12.428],[107.8913,12.4297],[107.8937,12.4328],[107.8949,12.4327],[107.8969,12.4334],[107.8982,12.4351],[107.8997,12.435],[107.902,12.4334],[107.9063,12.4329],[107.9097,12.4341],[107.9121,12.4342],[107.9133,12.4359],[107.9141,12.4348],[107.9159,12.4354],[107.9174,12.4344],[107.9172,12.4336],[107.9207,12.4322],[107.9234,12.4323],[107.9239,12.4311],[107.9284,12.433],[107.9298,12.4317],[107.9298,12.4302],[107.9315,12.4297],[107.9328,12.4279],[107.9323,12.4256],[107.9309,12.4239],[107.9293,12.4239],[107.9274,12.4264],[107.9259,12.4275],[107.9244,12.4281],[107.9225,12.4279],[107.9214,12.4266],[107.9216,12.4255],[107.9235,12.423],[107.9244,12.421],[107.924,12.4175],[107.9234,12.4165],[107.9218,12.4162],[107.9188,12.4188],[107.9172,12.4184],[107.9165,12.4175],[107.9168,12.4153],[107.9215,12.4131],[107.9229,12.4133],[107.9254,12.4144],[107.9271,12.4142],[107.9277,12.413],[107.9273,12.4114],[107.9252,12.4095],[107.9238,12.4094],[107.9211,12.4083],[107.9168,12.4071],[107.9146,12.4054],[107.9128,12.403],[107.9124,12.4003],[107.9131,12.3979],[107.9144,12.3952],[107.9169,12.3915],[107.9181,12.3908],[107.9206,12.3902],[107.9252,12.3895],[107.926,12.3888],[107.9225,12.3874],[107.9211,12.3862],[107.9203,12.3845],[107.9201,12.3827],[107.9204,12.3814],[107.9225,12.3799],[107.9236,12.38],[107.924,12.3823],[107.9253,12.3828],[107.9267,12.3825],[107.9276,12.3816],[107.9279,12.3801],[107.9275,12.3781],[107.9281,12.3768],[107.9293,12.3757],[107.9298,12.3748],[107.9294,12.372],[107.9275,12.369],[107.927,12.3664],[107.9277,12.3657],[107.9289,12.3631],[107.9291,12.361],[107.9282,12.3598],[107.9258,12.3594],[107.9263,12.3583],[107.9252,12.3575],[107.9241,12.3586],[107.9215,12.3587],[107.9215,12.3572],[107.9233,12.3554],[107.9203,12.354],[107.9182,12.3535],[107.9179,12.3528],[107.9159,12.3514],[107.9139,12.3517],[107.9138,12.3527],[107.912,12.354],[107.9107,12.3532],[107.9089,12.3529],[107.9084,12.3504],[107.9072,12.3498],[107.9083,12.3474],[107.9094,12.3465],[107.909,12.3449],[107.9103,12.345],[107.9093,12.3431],[107.9076,12.3436],[107.906,12.3434],[107.9059,12.3424],[107.904,12.342],[107.904,12.3392],[107.9032,12.3355],[107.9013,12.3348],[107.9003,12.3361],[107.9008,12.3389],[107.8999,12.3396],[107.8977,12.3393],[107.8948,12.3406],[107.8935,12.3406],[107.8923,12.3419],[107.8897,12.3413],[107.8887,12.3402],[107.8861,12.3396],[107.8856,12.3403],[107.8839,12.3405],[107.883,12.3397],[107.8811,12.3396],[107.8813,12.3381],[107.8782,12.3368],[107.8769,12.3346],[107.875,12.3354],[107.8722,12.3374],[107.8697,12.337],[107.8692,12.3344],[107.8657,12.3296],[107.8642,12.3295],[107.8621,12.3304],[107.8585,12.3309],[107.8586,12.3289],[107.8575,12.3257],[107.8555,12.3256],[107.857,12.3215],[107.8561,12.3198],[107.8585,12.3196],[107.8577,12.318],[107.8577,12.3168],[107.8599,12.317],[107.8611,12.3151],[107.8601,12.3131],[107.8583,12.3122],[107.8578,12.3103],[107.8559,12.3071],[107.8546,12.3067],[107.8519,12.3049],[107.8515,12.306],[107.8497,12.3061],[107.8478,12.3048],[107.8463,12.3063],[107.8452,12.3058],[107.8443,12.3028],[107.842,12.3012],[107.8424,12.299],[107.8433,12.2979],[107.8438,12.296],[107.8423,12.296],[107.8408,12.2952],[107.8409,12.2936],[107.8384,12.291],[107.8341,12.2902],[107.8319,12.2915],[107.8294,12.2872],[107.8272,12.2854],[107.8261,12.283],[107.825,12.2817],[107.8232,12.2808],[107.8218,12.2808],[107.8204,12.2784],[107.8204,12.2768],[107.8196,12.2718],[107.8189,12.2716],[107.8168,12.2696],[107.8156,12.2691],[107.8133,12.2661],[107.8113,12.2649],[107.8114,12.2641],[107.8089,12.2627],[107.8051,12.2579],[107.8049,12.2564],[107.8025,12.2537],[107.8011,12.2528],[107.8008,12.2513],[107.8044,12.2464],[107.8034,12.2443],[107.805,12.2434],[107.8066,12.2433],[107.8065,12.2404],[107.8085,12.2391],[107.8073,12.2363],[107.8089,12.2352],[107.809,12.2337],[107.8106,12.2334],[107.8131,12.2313],[107.8137,12.2299],[107.8153,12.2299],[107.8161,12.2278],[107.8158,12.2263]]]},"properties":{"name":"Nâm Nung","level":"ward"}},{"type":"Feature","geometry":{"type":"Polygon","coordinates":[[[108.0144,12.2086],[108.0133,12.2109],[108.0135,12.2128],[108.0127,12.2139],[108.0128,12.2156],[108.0116,12.2171],[108.0095,12.2185],[108.0086,12.218],[108.0069,12.2189],[108.0058,12.2179],[108.004,12.2176],[108.0014,12.2194],[107.9983,12.2237],[107.9976,12.2252],[107.9968,12.2251],[107.9971,12.2219],[107.9949,12.2231],[107.9945,12.2222],[107.9942,12.2169],[107.9931,12.2167],[107.9917,12.2193],[107.9904,12.2187],[107.9913,12.2176],[107.9909,12.2168],[107.9891,12.2157],[107.9898,12.2136],[107.9883,12.2126],[107.9874,12.2135],[107.9864,12.2134],[107.9864,12.2115],[107.9849,12.2114],[107.983,12.2135],[107.9826,12.2128],[107.9831,12.2099],[107.9821,12.2095],[107.9812,12.2122],[107.9799,12.2145],[107.9794,12.2128],[107.9804,12.2105],[107.9793,12.2095],[107.9784,12.2123],[107.9777,12.2116],[107.9761,12.2119],[107.9753,12.2097],[107.9742,12.2105],[107.973,12.2128],[107.9724,12.2156],[107.9716,12.2173],[107.9719,12.2193],[107.9689,12.2198],[107.9681,12.2222],[107.9691,12.2233],[107.9678,12.2243],[107.9682,12.2254],[107.9701,12.226],[107.9725,12.2262],[107.9733,12.2295],[107.9715,12.2301],[107.971,12.2328],[107.9714,12.2338],[107.9706,12.2367],[107.9716,12.2382],[107.9718,12.2399],[107.9735,12.2429],[107.9731,12.244],[107.9735,12.2454],[107.973,12.2471],[107.9734,12.2483],[107.9739,12.2535],[107.9757,12.2572],[107.9758,12.2598],[107.9746,12.2613],[107.9729,12.2616],[107.9727,12.2628],[107.9699,12.2619],[107.9681,12.2628],[107.9662,12.2628],[107.9644,12.2623],[107.9618,12.26],[107.957,12.259],[107.9533,12.2593],[107.9508,12.2578],[107.9471,12.2539],[107.9439,12.2484],[107.9434,12.2478],[107.9332,12.2437],[107.9329,12.2407],[107.9335,12.2393],[107.9325,12.2371],[107.9276,12.2337],[107.9246,12.2322],[107.924,12.2326],[107.9239,12.2345],[107.9257,12.2381],[107.9263,12.2414],[107.9242,12.2431],[107.9225,12.2455],[107.9232,12.2466],[107.9239,12.2504],[107.9259,12.2511],[107.9262,12.2525],[107.9274,12.2533],[107.9287,12.2534],[107.9296,12.2546],[107.9292,12.2567],[107.9295,12.2573],[107.9318,12.2581],[107.9318,12.2594],[107.9333,12.2618],[107.9335,12.2633],[107.9353,12.2633],[107.9354,12.265],[107.9369,12.2666],[107.9355,12.2692],[107.933,12.2692],[107.9326,12.2681],[107.9301,12.268],[107.9283,12.2675],[107.9231,12.2677],[107.9211,12.2675],[107.9208,12.2651],[107.9196,12.2648],[107.9186,12.2636],[107.9159,12.2631],[107.9151,12.2613],[107.913,12.2614],[107.9129,12.2602],[107.9091,12.26],[107.907,12.2567],[107.9048,12.2561],[107.9015,12.2541],[107.8998,12.2522],[107.8978,12.2527],[107.8972,12.2498],[107.8955,12.2488],[107.8932,12.2469],[107.89,12.2463],[107.888,12.2454],[107.8867,12.2442],[107.8843,12.2436],[107.8834,12.2426],[107.8821,12.2422],[107.8807,12.2426],[107.879,12.2439],[107.876,12.244],[107.8744,12.2449],[107.8739,12.2477],[107.872,12.2479],[107.8717,12.249],[107.8704,12.2489],[107.8696,12.2468],[107.8667,12.2415],[107.8658,12.2408],[107.8624,12.2391],[107.8607,12.2389],[107.8582,12.2381],[107.8553,12.2351],[107.8515,12.234],[107.8493,12.2339],[107.8483,12.2327],[107.846,12.2323],[107.835,12.2289],[107.8329,12.2292],[107.8327,12.2278],[107.8334,12.227],[107.833,12.2257],[107.8307,12.2258],[107.829,12.2274],[107.8285,12.2295],[107.826,12.23],[107.8242,12.2288],[107.8224,12.2288],[107.821,12.2303],[107.8198,12.2306],[107.8191,12.2284],[107.8177,12.227],[107.8158,12.2263],[107.8161,12.2278],[107.8153,12.2299],[107.8137,12.2299],[107.8131,12.2313],[107.8106,12.2334],[107.809,12.2337],[107.8089,12.2352],[107.8073,12.2363],[107.8085,12.2391],[107.8065,12.2404],[107.8066,12.2433],[107.805,12.2434],[107.8034,12.2443],[107.8044,12.2464],[107.8008,12.2513],[107.8011,12.2528],[107.8025,12.2537],[107.8049,12.2564],[107.8051,12.2579],[107.8089,12.2627],[107.8114,12.2641],[107.8113,12.2649],[107.8133,12.2661],[107.8156,12.2691],[107.8168,12.2696],[107.8189,12.2716],[107.8196,12.2718],[107.8204,12.2768],[107.8204,12.2784],[107.8218,12.2808],[107.8232,12.2808],[107.825,12.2817],[107.8261,12.283],[107.8272,12.2854],[107.8294,12.2872],[107.8319,12.2915],[107.8341,12.2902],[107.8384,12.291],[107.8409,12.2936],[107.8408,12.2952],[107.8423,12.296],[107.8438,12.296],[107.8433,12.2979],[107.8424,12.299],[107.842,12.3012],[107.8443,12.3028],[107.8452,12.3058],[107.8463,12.3063],[107.8478,12.3048],[107.8497,12.3061],[107.8515,12.306],[107.8519,12.3049],[107.8546,12.3067],[107.8559,12.3071],[107.8578,12.3103],[107.8583,12.3122],[107.8601,12.3131],[107.8611,12.3151],[107.8599,12.317],[107.8577,12.3168],[107.8577,12.318],[107.8585,12.3196],[107.8561,12.3198],[107.857,12.3215],[107.8555,12.3256],[107.8575,12.3257],[107.8586,12.3289],[107.8585,12.3309],[107.8621,12.3304],[107.8642,12.3295],[107.8657,12.3296],[107.8692,12.3344],[107.8697,12.337],[107.8722,12.3374],[107.875,12.3354],[107.8769,12.3346],[107.8782,12.3368],[107.8813,12.3381],[107.8811,12.3396],[107.883,12.3397],[107.8839,12.3405],[107.8856,12.3403],[107.8861,12.3396],[107.8887,12.3402],[107.8897,12.3413],[107.8923,12.3419],[107.8935,12.3406],[107.8948,12.3406],[107.8977,12.3393],[107.8999,12.3396],[107.9008,12.3389],[107.9003,12.3361],[107.9013,12.3348],[107.9032,12.3355],[107.904,12.3392],[107.904,12.342],[107.9059,12.3424],[107.906,12.3434],[107.9076,12.3436],[107.9093,12.3431],[107.9103,12.345],[107.909,12.3449],[107.9094,12.3465],[107.9083,12.3474],[107.9072,12.3498],[107.9084,12.3504],[107.9089,12.3529],[107.9107,12.3532],[107.912,12.354],[107.9138,12.3527],[107.9139,12.3517],[107.9159,12.3514],[107.9179,12.3528],[107.9182,12.3535],[107.9203,12.354],[107.9233,12.3554],[107.9215,12.3572],[107.9215,12.3587],[107.9241,12.3586],[107.9252,12.3575],[107.9263,12.3583],[107.9258,12.3594],[107.9282,12.3598],[107.9291,12.361],[107.9289,12.3631],[107.9277,12.3657],[107.927,12.3664],[107.9275,12.369],[107.9294,12.372],[107.9298,12.3748],[107.9293,12.3757],[107.9314,12.3751],[107.9315,12.372],[107.9333,12.3699],[107.9347,12.3676],[107.9328,12.3658],[107.9322,12.3641],[107.9335,12.3615],[107.9339,12.3595],[107.9334,12.3581],[107.9312,12.3561],[107.9308,12.3543],[107.9315,12.3531],[107.9338,12.3514],[107.9344,12.3504],[107.9345,12.3483],[107.9335,12.3449],[107.9341,12.3428],[107.9366,12.3396],[107.9393,12.3386],[107.9407,12.3375],[107.9427,12.3366],[107.9445,12.3348],[107.9453,12.3334],[107.9453,12.3319],[107.9435,12.3289],[107.9443,12.3266],[107.9454,12.3256],[107.9484,12.325],[107.9507,12.3229],[107.9517,12.3198],[107.9539,12.3179],[107.9579,12.3169],[107.9647,12.3146],[107.9681,12.3132],[107.9718,12.3099],[107.974,12.3071],[107.9742,12.3045],[107.9731,12.2997],[107.974,12.2985],[107.9739,12.2966],[107.9756,12.297],[107.9802,12.2969],[107.9813,12.2973],[107.9813,12.2985],[107.9836,12.2989],[107.987,12.3012],[107.9892,12.3021],[107.9931,12.303],[107.9958,12.3041],[107.9984,12.3045],[108.0003,12.3035],[108.0038,12.2962],[108.0055,12.2964],[108.0094,12.2982],[108.0118,12.2998],[108.015,12.3031],[108.0167,12.3015],[108.018,12.2989],[108.019,12.2955],[108.0192,12.2916],[108.0197,12.2903],[108.0227,12.2902],[108.0261,12.2882],[108.0314,12.2883],[108.0364,12.2886],[108.038,12.2891],[108.0398,12.289],[108.041,12.288],[108.0411,12.2865],[108.0389,12.2844],[108.0385,12.2827],[108.0395,12.2758],[108.0408,12.271],[108.0421,12.2681],[108.0446,12.2656],[108.0505,12.2638],[108.055,12.2631],[108.0601,12.2636],[108.0625,12.2644],[108.0742,12.2547],[108.076,12.2524],[108.0762,12.249],[108.0781,12.2457],[108.0818,12.2416],[108.0839,12.2388],[108.0845,12.2369],[108.0839,12.2328],[108.0841,12.2308],[108.0854,12.2261],[108.0865,12.2242],[108.0891,12.2213],[108.0904,12.2203],[108.0916,12.2185],[108.094,12.2171],[108.0951,12.2141],[108.0966,12.2109],[108.0975,12.2103],[108.0959,12.2098],[108.0942,12.2099],[108.0928,12.2095],[108.0923,12.2082],[108.0904,12.2072],[108.0905,12.2032],[108.0893,12.2012],[108.0884,12.2009],[108.0883,12.1989],[108.0878,12.1979],[108.0865,12.1974],[108.0843,12.1974],[108.0825,12.198],[108.0814,12.1972],[108.0815,12.1961],[108.0799,12.1948],[108.0785,12.1928],[108.0762,12.1914],[108.0748,12.1898],[108.0736,12.1872],[108.0693,12.188],[108.0643,12.1869],[108.0616,12.1889],[108.0578,12.1892],[108.0546,12.19],[108.0546,12.193],[108.0534,12.1942],[108.0512,12.1945],[108.0505,12.1937],[108.048,12.1925],[108.0474,12.1928],[108.048,12.1954],[108.0477,12.196],[108.0447,12.1976],[108.0431,12.1977],[108.0409,12.1984],[108.0391,12.1952],[108.0376,12.1961],[108.0369,12.1973],[108.0359,12.1971],[108.0357,12.195],[108.0361,12.1936],[108.0327,12.1942],[108.0305,12.1935],[108.0303,12.1959],[108.0294,12.1968],[108.0297,12.1985],[108.0288,12.1991],[108.0289,12.2016],[108.0272,12.2026],[108.0268,12.2009],[108.0235,12.2014],[108.0228,12.2022],[108.0202,12.2068],[108.0174,12.2068],[108.0156,12.2082],[108.0144,12.2086]]]},"properties":{"name":"Quảng Phú","level":"ward"}},{"type":"Feature","geometry":{"type":"Polygon","coordinates":[[[107.6964,12.2519],[107.696,12.2516],[107.6843,12.2512],[107.6827,12.2529],[107.6802,12.2539],[107.6727,12.2503],[107.6697,12.2484],[107.6631,12.2424],[107.6599,12.2417],[107.6574,12.2416],[107.6515,12.2428],[107.648,12.2438],[107.6426,12.2458],[107.6409,12.2458],[107.6366,12.2484],[107.6352,12.2499],[107.6332,12.2481],[107.6303,12.247],[107.6333,12.2421],[107.6336,12.2403],[107.635,12.2393],[107.6346,12.2371],[107.635,12.2355],[107.6359,12.2342],[107.6362,12.2328],[107.635,12.2321],[107.6329,12.2331],[107.6313,12.2355],[107.628,12.2336],[107.6279,12.2326],[107.6264,12.2302],[107.6245,12.2286],[107.6199,12.2263],[107.6165,12.2256],[107.6161,12.2267],[107.6164,12.2291],[107.618,12.2306],[107.6175,12.2327],[107.618,12.234],[107.6142,12.2365],[107.6115,12.2369],[107.6086,12.2379],[107.6057,12.2397],[107.6046,12.2396],[107.6045,12.2282],[107.6046,12.225],[107.6041,12.2225],[107.6033,12.2203],[107.6019,12.2182],[107.5986,12.2147],[107.5982,12.2134],[107.5984,12.211],[107.5968,12.2091],[107.5972,12.2053],[107.597,12.2026],[107.5963,12.2014],[107.5939,12.2],[107.5918,12.1997],[107.5902,12.2005],[107.5881,12.2001],[107.586,12.1978],[107.5846,12.1971],[107.5828,12.1976],[107.5814,12.2005],[107.5775,12.2029],[107.5768,12.2036],[107.5746,12.2027],[107.5727,12.1973],[107.5727,12.1946],[107.5734,12.1922],[107.5731,12.1905],[107.5738,12.1888],[107.5728,12.1882],[107.5723,12.1862],[107.5701,12.1824],[107.5699,12.1814],[107.571,12.1787],[107.5718,12.1779],[107.5742,12.1739],[107.5759,12.1729],[107.5776,12.1704],[107.5803,12.1693],[107.582,12.1697],[107.5835,12.1706],[107.5848,12.1721],[107.5873,12.1724],[107.5889,12.1732],[107.5913,12.1725],[107.5959,12.1726],[107.5981,12.1701],[107.6002,12.1706],[107.6013,12.169],[107.6012,12.1679],[107.6021,12.1665],[107.6016,12.1637],[107.6005,12.1644],[107.5988,12.1637],[107.5969,12.1623],[107.5984,12.1589],[107.5987,12.1566],[107.5976,12.153],[107.5975,12.1464],[107.5949,12.1455],[107.5932,12.1453],[107.5904,12.1468],[107.5889,12.1471],[107.5835,12.1507],[107.5817,12.1516],[107.5789,12.1506],[107.5764,12.1511],[107.5751,12.1534],[107.5732,12.154],[107.5702,12.1527],[107.5692,12.1528],[107.5665,12.1544],[107.5643,12.1515],[107.5633,12.1507],[107.5604,12.1515],[107.5571,12.1519],[107.554,12.1515],[107.5494,12.1483],[107.5489,12.1485],[107.5494,12.1531],[107.548,12.1559],[107.547,12.1565],[107.5472,12.1576],[107.5452,12.1598],[107.5438,12.1603],[107.5438,12.1626],[107.5404,12.1648],[107.541,12.166],[107.5401,12.1669],[107.5397,12.1693],[107.5389,12.1689],[107.5386,12.1711],[107.5376,12.174],[107.5365,12.1748],[107.5365,12.1782],[107.5357,12.1789],[107.5354,12.1813],[107.537,12.1827],[107.5383,12.1845],[107.5376,12.1868],[107.5377,12.1901],[107.5373,12.1914],[107.5358,12.1928],[107.5347,12.1933],[107.5326,12.1963],[107.5314,12.1986],[107.5304,12.1992],[107.5285,12.2019],[107.5275,12.2022],[107.5276,12.2037],[107.5268,12.2053],[107.5251,12.2064],[107.5253,12.2073],[107.5242,12.209],[107.5229,12.2118],[107.5238,12.2161],[107.5229,12.2171],[107.5204,12.2179],[107.5201,12.2193],[107.5176,12.2234],[107.5171,12.2257],[107.5173,12.227],[107.517,12.2299],[107.5156,12.2331],[107.5169,12.2343],[107.5175,12.2359],[107.5193,12.2359],[107.5203,12.2337],[107.5214,12.2334],[107.5241,12.234],[107.5254,12.2323],[107.5281,12.23],[107.5286,12.2288],[107.5323,12.2275],[107.5329,12.2301],[107.5358,12.2317],[107.5395,12.2305],[107.5418,12.2294],[107.5409,12.2341],[107.5429,12.2364],[107.5447,12.2403],[107.5473,12.2433],[107.5466,12.2446],[107.5552,12.2447],[107.5577,12.2446],[107.5615,12.2469],[107.5584,12.2487],[107.5607,12.2497],[107.5625,12.2495],[107.5646,12.251],[107.5668,12.2518],[107.567,12.253],[107.5682,12.2537],[107.5677,12.2551],[107.5667,12.2559],[107.5655,12.2579],[107.5686,12.2591],[107.5689,12.2605],[107.5698,12.2616],[107.57,12.2636],[107.5693,12.2658],[107.5678,12.2668],[107.5667,12.2665],[107.5646,12.2708],[107.563,12.2712],[107.5633,12.2731],[107.5628,12.2738],[107.5629,12.2765],[107.5636,12.2774],[107.5629,12.2787],[107.5605,12.2784],[107.5591,12.2799],[107.5585,12.2813],[107.5569,12.2813],[107.555,12.2821],[107.5542,12.2841],[107.5523,12.2854],[107.5521,12.2865],[107.5496,12.2856],[107.546,12.2871],[107.5452,12.2882],[107.546,12.2909],[107.5482,12.2924],[107.5487,12.294],[107.55,12.2951],[107.5519,12.2952],[107.5534,12.2967],[107.5539,12.2988],[107.5551,12.3004],[107.5574,12.3022],[107.5587,12.3037],[107.56,12.3041],[107.5611,12.3058],[107.5628,12.3064],[107.5653,12.3052],[107.5682,12.3054],[107.5703,12.3042],[107.5751,12.3061],[107.5763,12.3072],[107.5776,12.3089],[107.5786,12.3096],[107.5817,12.3094],[107.5828,12.3106],[107.5852,12.3114],[107.5862,12.3123],[107.5856,12.3136],[107.5841,12.3149],[107.5851,12.3198],[107.586,12.3213],[107.5891,12.3245],[107.5931,12.3266],[107.5954,12.3264],[107.5967,12.3274],[107.6001,12.3286],[107.6014,12.3269],[107.6046,12.3256],[107.6056,12.3245],[107.6061,12.3229],[107.6088,12.3232],[107.6145,12.3204],[107.6195,12.3167],[107.6208,12.3154],[107.6216,12.3137],[107.6237,12.313],[107.6259,12.3143],[107.6268,12.3154],[107.6283,12.3162],[107.63,12.3156],[107.6302,12.3137],[107.6311,12.3126],[107.6327,12.312],[107.6334,12.3096],[107.6341,12.308],[107.6342,12.3066],[107.6361,12.3064],[107.6385,12.3053],[107.6404,12.3065],[107.6424,12.3046],[107.6421,12.3026],[107.6427,12.302],[107.644,12.3035],[107.646,12.303],[107.6482,12.3008],[107.6475,12.3001],[107.6479,12.2985],[107.6512,12.2949],[107.6515,12.2936],[107.6534,12.2931],[107.6561,12.2939],[107.6596,12.2932],[107.6617,12.2924],[107.6625,12.2911],[107.6636,12.2918],[107.6661,12.2915],[107.6667,12.2895],[107.6689,12.2886],[107.6693,12.2877],[107.6688,12.2853],[107.6702,12.2829],[107.6713,12.2823],[107.6716,12.2807],[107.676,12.275],[107.6776,12.271],[107.6789,12.2688],[107.6826,12.2656],[107.6831,12.2646],[107.6852,12.2632],[107.6866,12.2629],[107.6904,12.2586],[107.6925,12.2573],[107.694,12.2548],[107.696,12.2533],[107.6964,12.2519]]]},"properties":{"name":"Đức An","level":"ward"}},{"type":"Feature","geometry":{"type":"Polygon","coordinates":[[[107.7853,12.2678],[107.7828,12.267],[107.7808,12.2677],[107.7784,12.268],[107.7751,12.2689],[107.7744,12.2682],[107.7722,12.2674],[107.7693,12.2677],[107.7659,12.2676],[107.7646,12.2662],[107.7665,12.2617],[107.7654,12.2588],[107.7621,12.2544],[107.7607,12.2537],[107.7583,12.2515],[107.7586,12.2503],[107.7578,12.2474],[107.7555,12.2438],[107.7549,12.2409],[107.7534,12.2397],[107.7518,12.2395],[107.7487,12.238],[107.7418,12.235],[107.7369,12.2358],[107.734,12.2357],[107.7315,12.2363],[107.7283,12.2345],[107.7265,12.2344],[107.7247,12.2333],[107.7226,12.2314],[107.7161,12.2272],[107.7153,12.2295],[107.7153,12.231],[107.716,12.2334],[107.714,12.2356],[107.7117,12.2362],[107.7113,12.2376],[107.7098,12.2393],[107.7084,12.2415],[107.7065,12.2418],[107.7034,12.2443],[107.7014,12.2453],[107.7005,12.2479],[107.7004,12.2498],[107.699,12.252],[107.6973,12.2526],[107.6964,12.2519],[107.696,12.2533],[107.694,12.2548],[107.6925,12.2573],[107.6904,12.2586],[107.6866,12.2629],[107.6852,12.2632],[107.6831,12.2646],[107.6826,12.2656],[107.6789,12.2688],[107.6776,12.271],[107.676,12.275],[107.6716,12.2807],[107.6713,12.2823],[107.6702,12.2829],[107.6688,12.2853],[107.6693,12.2877],[107.6689,12.2886],[107.6667,12.2895],[107.6661,12.2915],[107.6636,12.2918],[107.6625,12.2911],[107.6617,12.2924],[107.6596,12.2932],[107.6561,12.2939],[107.6534,12.2931],[107.6515,12.2936],[107.6512,12.2949],[107.6479,12.2985],[107.6475,12.3001],[107.6482,12.3008],[107.646,12.303],[107.644,12.3035],[107.6427,12.302],[107.6421,12.3026],[107.6424,12.3046],[107.6404,12.3065],[107.6385,12.3053],[107.6361,12.3064],[107.6342,12.3066],[107.6341,12.308],[107.6334,12.3096],[107.6327,12.312],[107.6311,12.3126],[107.6302,12.3137],[107.63,12.3156],[107.6283,12.3162],[107.6268,12.3154],[107.6259,12.3143],[107.6237,12.313],[107.6216,12.3137],[107.6208,12.3154],[107.6195,12.3167],[107.6145,12.3204],[107.6088,12.3232],[107.6061,12.3229],[107.6056,12.3245],[107.6046,12.3256],[107.6014,12.3269],[107.6001,12.3286],[107.6003,12.3319],[107.6015,12.3349],[107.6021,12.3374],[107.6031,12.3393],[107.6032,12.3413],[107.6037,12.3429],[107.6016,12.3497],[107.6023,12.3512],[107.606,12.355],[107.607,12.3558],[107.6082,12.3581],[107.6099,12.3591],[107.6117,12.3608],[107.6128,12.3632],[107.6154,12.3652],[107.618,12.3663],[107.6199,12.3676],[107.6227,12.369],[107.6241,12.3689],[107.6246,12.3712],[107.6266,12.3735],[107.6266,12.3764],[107.6271,12.377],[107.6269,12.3802],[107.6315,12.3854],[107.6304,12.388],[107.6307,12.3898],[107.6292,12.392],[107.6293,12.3926],[107.6322,12.3947],[107.6336,12.3948],[107.6352,12.3958],[107.6385,12.3967],[107.6393,12.3977],[107.6391,12.4006],[107.6395,12.4017],[107.639,12.4043],[107.6415,12.4063],[107.6421,12.4084],[107.6443,12.4105],[107.6445,12.4132],[107.6453,12.4143],[107.6473,12.4145],[107.6482,12.4168],[107.6505,12.4214],[107.6525,12.4215],[107.6576,12.4231],[107.6585,12.4221],[107.6604,12.4217],[107.6619,12.4193],[107.6644,12.4183],[107.6661,12.4182],[107.667,12.4176],[107.6691,12.4172],[107.6733,12.4159],[107.6721,12.4135],[107.6708,12.4064],[107.6697,12.4049],[107.6686,12.4017],[107.6673,12.401],[107.6663,12.3989],[107.6649,12.3981],[107.6648,12.3965],[107.6683,12.3944],[107.6703,12.3951],[107.6712,12.3948],[107.6745,12.3956],[107.6764,12.3951],[107.678,12.3955],[107.6796,12.3967],[107.6819,12.3972],[107.6837,12.3965],[107.6846,12.3968],[107.6896,12.3969],[107.693,12.3909],[107.6937,12.3845],[107.6953,12.3814],[107.6995,12.3785],[107.7022,12.3752],[107.7044,12.3729],[107.7104,12.3692],[107.7127,12.3668],[107.7139,12.3679],[107.7198,12.3688],[107.7235,12.3675],[107.7243,12.3668],[107.7254,12.3609],[107.7238,12.3581],[107.7254,12.3457],[107.7284,12.3396],[107.7276,12.3378],[107.7282,12.336],[107.7266,12.3321],[107.7268,12.329],[107.7308,12.3252],[107.7335,12.3251],[107.7351,12.3224],[107.7382,12.3201],[107.7406,12.32],[107.7436,12.3185],[107.7466,12.3161],[107.7479,12.3141],[107.751,12.3106],[107.7531,12.3098],[107.7539,12.3082],[107.7554,12.308],[107.755,12.3064],[107.7556,12.3054],[107.7557,12.3029],[107.7552,12.3014],[107.7561,12.3009],[107.755,12.2986],[107.7551,12.2969],[107.7536,12.2943],[107.7542,12.2899],[107.7523,12.2862],[107.7546,12.2849],[107.7638,12.2829],[107.777,12.2788],[107.7783,12.2772],[107.7854,12.2724],[107.786,12.2707],[107.7853,12.2678]]]},"properties":{"name":"Đắk Song","level":"ward"}},{"type":"Feature","geometry":{"type":"Polygon","coordinates":[[[107.5934,12.344],[107.6037,12.3429],[107.6032,12.3413],[107.6031,12.3393],[107.6021,12.3374],[107.6015,12.3349],[107.6003,12.3319],[107.6001,12.3286],[107.5967,12.3274],[107.5954,12.3264],[107.5931,12.3266],[107.5891,12.3245],[107.586,12.3213],[107.5851,12.3198],[107.5841,12.3149],[107.5856,12.3136],[107.5862,12.3123],[107.5852,12.3114],[107.5828,12.3106],[107.5817,12.3094],[107.5786,12.3096],[107.5776,12.3089],[107.5763,12.3072],[107.5751,12.3061],[107.5703,12.3042],[107.5682,12.3054],[107.5653,12.3052],[107.5628,12.3064],[107.5611,12.3058],[107.56,12.3041],[107.5587,12.3037],[107.5574,12.3022],[107.5551,12.3004],[107.5539,12.2988],[107.5534,12.2967],[107.5519,12.2952],[107.55,12.2951],[107.5487,12.294],[107.5482,12.2924],[107.546,12.2909],[107.5452,12.2882],[107.546,12.2871],[107.5496,12.2856],[107.5521,12.2865],[107.5523,12.2854],[107.5542,12.2841],[107.555,12.2821],[107.5569,12.2813],[107.5585,12.2813],[107.5591,12.2799],[107.5605,12.2784],[107.5629,12.2787],[107.5636,12.2774],[107.5629,12.2765],[107.5628,12.2738],[107.5633,12.2731],[107.563,12.2712],[107.5646,12.2708],[107.5667,12.2665],[107.5678,12.2668],[107.5693,12.2658],[107.57,12.2636],[107.5698,12.2616],[107.5689,12.2605],[107.5686,12.2591],[107.5655,12.2579],[107.5667,12.2559],[107.5677,12.2551],[107.5682,12.2537],[107.567,12.253],[107.5668,12.2518],[107.5646,12.251],[107.5625,12.2495],[107.5607,12.2497],[107.5584,12.2487],[107.5615,12.2469],[107.5577,12.2446],[107.5552,12.2447],[107.5466,12.2446],[107.5473,12.2433],[107.5447,12.2403],[107.5429,12.2364],[107.5409,12.2341],[107.5418,12.2294],[107.5395,12.2305],[107.5358,12.2317],[107.5329,12.2301],[107.5323,12.2275],[107.5286,12.2288],[107.5281,12.23],[107.5254,12.2323],[107.5241,12.234],[107.5214,12.2334],[107.5203,12.2337],[107.5193,12.2359],[107.5175,12.2359],[107.5169,12.2343],[107.5156,12.2331],[107.5115,12.2349],[107.5106,12.2366],[107.5081,12.2387],[107.5062,12.2408],[107.5048,12.2456],[107.5008,12.2448],[107.4977,12.2452],[107.4967,12.2461],[107.495,12.2467],[107.493,12.2464],[107.4924,12.2457],[107.4896,12.2459],[107.4877,12.2477],[107.4833,12.2481],[107.4797,12.2494],[107.4762,12.2522],[107.4741,12.252],[107.4702,12.2507],[107.4668,12.2506],[107.464,12.2498],[107.4619,12.2507],[107.4609,12.2533],[107.4602,12.2539],[107.4569,12.255],[107.4558,12.2566],[107.4517,12.2586],[107.4495,12.2588],[107.448,12.2581],[107.4468,12.2565],[107.4466,12.2548],[107.4453,12.252],[107.4434,12.25],[107.4411,12.2488],[107.437,12.2505],[107.4343,12.2505],[107.4343,12.2523],[107.4365,12.2538],[107.4367,12.2567],[107.4387,12.2598],[107.4405,12.2606],[107.4419,12.2635],[107.4416,12.2667],[107.4405,12.2673],[107.4385,12.2701],[107.4382,12.2722],[107.4392,12.2753],[107.4423,12.2768],[107.4435,12.279],[107.4438,12.2809],[107.4433,12.2834],[107.4431,12.2856],[107.4441,12.2871],[107.4437,12.2906],[107.4445,12.2925],[107.4462,12.2916],[107.4498,12.2921],[107.4532,12.2931],[107.4555,12.2933],[107.4578,12.2939],[107.4631,12.2978],[107.4646,12.2994],[107.4648,12.3005],[107.4663,12.3013],[107.4672,12.3047],[107.4679,12.3062],[107.4672,12.3076],[107.4672,12.3105],[107.4716,12.3119],[107.4756,12.3123],[107.4767,12.3134],[107.4796,12.3146],[107.4828,12.3177],[107.4857,12.3185],[107.487,12.3194],[107.4916,12.3204],[107.4945,12.3224],[107.4961,12.3226],[107.498,12.3235],[107.5017,12.3244],[107.5038,12.326],[107.5046,12.3274],[107.5061,12.3281],[107.5072,12.3279],[107.5117,12.3294],[107.5131,12.331],[107.5136,12.3335],[107.5157,12.3364],[107.5197,12.3384],[107.5207,12.3399],[107.5228,12.3402],[107.5242,12.3396],[107.5268,12.34],[107.5281,12.3423],[107.5289,12.3459],[107.5304,12.345],[107.5332,12.3449],[107.5354,12.3468],[107.536,12.351],[107.5373,12.3519],[107.5389,12.3518],[107.5414,12.3503],[107.5436,12.3502],[107.5456,12.3535],[107.5457,12.3551],[107.5465,12.3566],[107.5469,12.3598],[107.5487,12.359],[107.5493,12.3571],[107.5515,12.3534],[107.5527,12.3511],[107.5518,12.3494],[107.5523,12.3479],[107.5579,12.3452],[107.5581,12.3442],[107.5609,12.3447],[107.561,12.3456],[107.5653,12.3464],[107.5673,12.3451],[107.5737,12.3417],[107.5863,12.3385],[107.588,12.342],[107.589,12.3427],[107.5905,12.3428],[107.5917,12.3438],[107.5934,12.344]]]},"properties":{"name":"Thuận Hạnh","level":"ward"}},{"type":"Feature","geometry":{"type":"Polygon","coordinates":[[[107.7333,12.1394],[107.7306,12.1394],[107.7293,12.1379],[107.729,12.1367],[107.7295,12.1354],[107.7293,12.1328],[107.7276,12.1294],[107.7253,12.1287],[107.7247,12.1255],[107.7257,12.124],[107.7335,12.1188],[107.7314,12.1163],[107.7309,12.1135],[107.7312,12.1126],[107.7305,12.1115],[107.728,12.1091],[107.7263,12.1085],[107.7247,12.1054],[107.7228,12.1038],[107.7211,12.1032],[107.7198,12.1011],[107.7178,12.0997],[107.7155,12.0989],[107.7141,12.0989],[107.7124,12.0975],[107.7085,12.0981],[107.7078,12.0989],[107.705,12.0965],[107.7039,12.094],[107.6996,12.0912],[107.6976,12.0929],[107.6938,12.0958],[107.6907,12.0974],[107.689,12.0971],[107.6882,12.0955],[107.6881,12.0923],[107.6877,12.0907],[107.6867,12.0899],[107.6865,12.0883],[107.6878,12.0873],[107.688,12.0855],[107.6874,12.0832],[107.6881,12.0801],[107.6872,12.0788],[107.6854,12.078],[107.6815,12.0772],[107.6802,12.0763],[107.6818,12.0724],[107.6828,12.071],[107.6816,12.0641],[107.6777,12.0604],[107.6742,12.0607],[107.6741,12.058],[107.6757,12.0553],[107.6692,12.0552],[107.666,12.0553],[107.664,12.0547],[107.6606,12.0509],[107.6604,12.0498],[107.6552,12.0523],[107.6522,12.0532],[107.6502,12.0534],[107.6478,12.0529],[107.6451,12.0515],[107.6429,12.0498],[107.6413,12.0493],[107.639,12.0475],[107.6362,12.0463],[107.6348,12.0466],[107.6307,12.0453],[107.6237,12.0456],[107.6019,12.0474],[107.5989,12.0475],[107.5928,12.0481],[107.5894,12.0457],[107.5872,12.0421],[107.5822,12.0458],[107.5822,12.046],[107.5835,12.0476],[107.5867,12.047],[107.5887,12.0489],[107.589,12.0508],[107.5881,12.0529],[107.5871,12.0534],[107.5875,12.0567],[107.5882,12.0584],[107.5892,12.0587],[107.591,12.0571],[107.5935,12.0568],[107.5948,12.0587],[107.594,12.0599],[107.5922,12.0608],[107.5926,12.0618],[107.5926,12.0641],[107.5907,12.0655],[107.5905,12.0663],[107.5886,12.0666],[107.5866,12.0655],[107.5854,12.0656],[107.5846,12.0648],[107.5809,12.0669],[107.5804,12.069],[107.5808,12.0709],[107.5797,12.0712],[107.5776,12.073],[107.5775,12.0756],[107.5784,12.0775],[107.5783,12.0789],[107.5796,12.0807],[107.58,12.0828],[107.5792,12.0848],[107.5792,12.0859],[107.5803,12.0872],[107.5793,12.0888],[107.5803,12.0917],[107.5801,12.0937],[107.5812,12.0945],[107.5818,12.0969],[107.5816,12.0987],[107.5825,12.0997],[107.5821,12.1022],[107.581,12.1034],[107.5796,12.1041],[107.5787,12.1021],[107.5756,12.1016],[107.574,12.1002],[107.5732,12.1015],[107.5712,12.1026],[107.5712,12.1043],[107.5705,12.1051],[107.5688,12.1056],[107.5705,12.1073],[107.5707,12.1086],[107.569,12.1086],[107.57,12.1103],[107.5688,12.1112],[107.5689,12.1132],[107.5649,12.1149],[107.5638,12.1147],[107.5632,12.1171],[107.5625,12.1195],[107.5612,12.1204],[107.5624,12.124],[107.5619,12.1263],[107.5616,12.1294],[107.5574,12.1333],[107.5561,12.1336],[107.5555,12.1351],[107.556,12.1382],[107.5545,12.1394],[107.5546,12.1406],[107.5535,12.1437],[107.5521,12.1452],[107.5513,12.1451],[107.5508,12.1468],[107.5497,12.147],[107.5494,12.1483],[107.554,12.1515],[107.5571,12.1519],[107.5604,12.1515],[107.5633,12.1507],[107.5643,12.1515],[107.5665,12.1544],[107.5692,12.1528],[107.5702,12.1527],[107.5732,12.154],[107.5751,12.1534],[107.5764,12.1511],[107.5789,12.1506],[107.5817,12.1516],[107.5835,12.1507],[107.5889,12.1471],[107.5904,12.1468],[107.5932,12.1453],[107.5949,12.1455],[107.5975,12.1464],[107.5976,12.153],[107.5987,12.1566],[107.5984,12.1589],[107.5969,12.1623],[107.5988,12.1637],[107.6005,12.1644],[107.6016,12.1637],[107.6021,12.1665],[107.6012,12.1679],[107.6013,12.169],[107.6002,12.1706],[107.5981,12.1701],[107.5959,12.1726],[107.5913,12.1725],[107.5889,12.1732],[107.5873,12.1724],[107.5848,12.1721],[107.5835,12.1706],[107.582,12.1697],[107.5803,12.1693],[107.5776,12.1704],[107.5759,12.1729],[107.5742,12.1739],[107.5718,12.1779],[107.571,12.1787],[107.5699,12.1814],[107.5701,12.1824],[107.5723,12.1862],[107.5728,12.1882],[107.5738,12.1888],[107.5731,12.1905],[107.5734,12.1922],[107.5727,12.1946],[107.5727,12.1973],[107.5746,12.2027],[107.5768,12.2036],[107.5775,12.2029],[107.5814,12.2005],[107.5828,12.1976],[107.5846,12.1971],[107.586,12.1978],[107.5881,12.2001],[107.5902,12.2005],[107.5918,12.1997],[107.5939,12.2],[107.5963,12.2014],[107.597,12.2026],[107.5972,12.2053],[107.5968,12.2091],[107.5984,12.211],[107.5982,12.2134],[107.5986,12.2147],[107.6019,12.2182],[107.6033,12.2203],[107.6041,12.2225],[107.6046,12.225],[107.6045,12.2282],[107.6046,12.2396],[107.6057,12.2397],[107.6086,12.2379],[107.6115,12.2369],[107.6142,12.2365],[107.618,12.234],[107.6175,12.2327],[107.618,12.2306],[107.6164,12.2291],[107.6161,12.2267],[107.6165,12.2256],[107.6199,12.2263],[107.6245,12.2286],[107.6264,12.2302],[107.6279,12.2326],[107.628,12.2336],[107.6313,12.2355],[107.6329,12.2331],[107.635,12.2321],[107.6362,12.2328],[107.6359,12.2342],[107.635,12.2355],[107.6346,12.2371],[107.635,12.2393],[107.6336,12.2403],[107.6333,12.2421],[107.6303,12.247],[107.6332,12.2481],[107.6352,12.2499],[107.6366,12.2484],[107.6409,12.2458],[107.6426,12.2458],[107.648,12.2438],[107.6515,12.2428],[107.6574,12.2416],[107.6599,12.2417],[107.6631,12.2424],[107.6697,12.2484],[107.6727,12.2503],[107.6802,12.2539],[107.6827,12.2529],[107.6843,12.2512],[107.696,12.2516],[107.6964,12.2519],[107.6973,12.2526],[107.699,12.252],[107.7004,12.2498],[107.7005,12.2479],[107.7014,12.2453],[107.7034,12.2443],[107.7065,12.2418],[107.7084,12.2415],[107.7098,12.2393],[107.7113,12.2376],[107.7117,12.2362],[107.714,12.2356],[107.716,12.2334],[107.7153,12.231],[107.7153,12.2295],[107.7161,12.2272],[107.7192,12.2262],[107.7237,12.224],[107.7241,12.2224],[107.7262,12.2207],[107.7299,12.2174],[107.7313,12.2164],[107.7332,12.2145],[107.7352,12.2133],[107.735,12.2118],[107.7327,12.2088],[107.7336,12.2077],[107.7364,12.2058],[107.7394,12.2032],[107.7409,12.2015],[107.7418,12.1998],[107.7418,12.1959],[107.7438,12.1927],[107.7428,12.1899],[107.7433,12.1879],[107.7425,12.1868],[107.7389,12.1848],[107.7357,12.1824],[107.7363,12.1814],[107.7375,12.1767],[107.7387,12.1743],[107.7399,12.1733],[107.7419,12.1727],[107.7433,12.1698],[107.7449,12.1682],[107.7432,12.1668],[107.7414,12.1638],[107.7376,12.16],[107.7372,12.1584],[107.7359,12.1564],[107.7356,12.1543],[107.736,12.1523],[107.7393,12.152],[107.7399,12.1507],[107.7391,12.1483],[107.7407,12.1458],[107.7403,12.1444],[107.7384,12.1428],[107.7365,12.142],[107.7333,12.1394]]]},"properties":{"name":"Trường Xuân","level":"ward"}},{"type":"Feature","geometry":{"type":"Polygon","coordinates":[[[107.532,12.0301],[107.5321,12.0301],[107.5326,12.0296],[107.5327,12.0297],[107.5347,12.03],[107.5369,12.0287],[107.5367,12.028],[107.5378,12.0262],[107.5369,12.0249],[107.5372,12.0214],[107.5384,12.022],[107.5416,12.0222],[107.5418,12.021],[107.5414,12.0194],[107.5417,12.0177],[107.5409,12.0166],[107.5437,12.015],[107.5439,12.013],[107.5428,12.0112],[107.5416,12.0113],[107.5424,12.0076],[107.5415,12.0068],[107.5433,12.0028],[107.5462,12.0034],[107.5482,12.0032],[107.5498,11.999],[107.5502,11.9962],[107.5511,11.9934],[107.5506,11.9924],[107.5509,11.9907],[107.55,11.989],[107.5478,11.9881],[107.5465,11.9861],[107.5451,11.9863],[107.5437,11.9847],[107.5423,11.9824],[107.5402,11.9833],[107.5385,11.9847],[107.5369,11.9832],[107.5357,11.984],[107.5337,11.982],[107.5346,11.9804],[107.5311,11.9816],[107.529,11.9796],[107.5293,11.9754],[107.5313,11.9721],[107.5321,11.9715],[107.5365,11.97],[107.537,11.967],[107.5367,11.9636],[107.54,11.9619],[107.5427,11.9625],[107.5448,11.9623],[107.5448,11.9608],[107.5475,11.9586],[107.5471,11.9576],[107.5487,11.9542],[107.548,11.9527],[107.5505,11.9524],[107.5508,11.9535],[107.5528,11.9538],[107.5571,11.9556],[107.558,11.9525],[107.5556,11.95],[107.5547,11.9469],[107.5524,11.944],[107.5518,11.9428],[107.5519,11.9408],[107.5542,11.9404],[107.5563,11.9412],[107.5578,11.9405],[107.5586,11.939],[107.558,11.937],[107.5582,11.9364],[107.5569,11.9334],[107.5562,11.9326],[107.556,11.9292],[107.5566,11.9286],[107.5564,11.9259],[107.557,11.9244],[107.5595,11.9236],[107.5605,11.9225],[107.562,11.9219],[107.5628,11.9206],[107.5653,11.918],[107.5656,11.9169],[107.568,11.914],[107.5682,11.9131],[107.5697,11.9124],[107.5732,11.9122],[107.5738,11.9111],[107.5773,11.9101],[107.578,11.9093],[107.5794,11.91],[107.5796,11.9074],[107.5812,11.9059],[107.581,11.9049],[107.5831,11.9043],[107.5877,11.8996],[107.5893,11.899],[107.5909,11.8974],[107.5925,11.8951],[107.5931,11.895],[107.5964,11.892],[107.5995,11.8901],[107.6012,11.8896],[107.6037,11.8877],[107.604,11.8862],[107.6033,11.885],[107.6037,11.8838],[107.6012,11.8802],[107.6008,11.8779],[107.6024,11.8784],[107.6053,11.8771],[107.605,11.8762],[107.6067,11.8753],[107.6081,11.8739],[107.6083,11.8729],[107.6099,11.8722],[107.6139,11.8678],[107.6162,11.8677],[107.6168,11.8694],[107.6164,11.87],[107.6164,11.8734],[107.6176,11.8726],[107.6208,11.8718],[107.6245,11.8689],[107.6257,11.8664],[107.627,11.866],[107.6284,11.8643],[107.6264,11.8616],[107.626,11.86],[107.627,11.8564],[107.6257,11.8533],[107.6247,11.8517],[107.6212,11.8488],[107.62,11.8465],[107.6206,11.8438],[107.6204,11.8423],[107.6193,11.8396],[107.6181,11.838],[107.6142,11.8379],[107.6131,11.8383],[107.6113,11.8397],[107.6101,11.8399],[107.6083,11.8387],[107.6063,11.8387],[107.6048,11.8382],[107.6031,11.8357],[107.5983,11.8316],[107.5955,11.8296],[107.5931,11.8273],[107.5916,11.8265],[107.5883,11.8262],[107.5819,11.8227],[107.5787,11.8218],[107.5773,11.8206],[107.5754,11.8173],[107.5743,11.8157],[107.5709,11.8129],[107.5706,11.8139],[107.5694,11.8144],[107.5685,11.8187],[107.5689,11.8204],[107.5678,11.8228],[107.5688,11.8236],[107.5682,11.8249],[107.5659,11.8252],[107.5636,11.825],[107.563,11.8233],[107.5617,11.8228],[107.5583,11.8228],[107.5576,11.822],[107.5569,11.8198],[107.5574,11.8191],[107.5562,11.8162],[107.5537,11.8155],[107.5531,11.8168],[107.5519,11.8184],[107.5504,11.8175],[107.5494,11.8195],[107.5493,11.8209],[107.55,11.8222],[107.5521,11.824],[107.5523,11.8254],[107.5516,11.8265],[107.552,11.8277],[107.5532,11.8283],[107.551,11.8321],[107.5515,11.8353],[107.5495,11.8385],[107.5481,11.8389],[107.547,11.8411],[107.5457,11.8409],[107.5444,11.8415],[107.5443,11.8443],[107.5414,11.8461],[107.5403,11.8473],[107.5374,11.8471],[107.5363,11.8463],[107.535,11.8477],[107.5307,11.851],[107.5293,11.8525],[107.528,11.8529],[107.5275,11.8539],[107.5274,11.8568],[107.526,11.8569],[107.5235,11.8579],[107.5221,11.8591],[107.5191,11.8585],[107.5172,11.8643],[107.5162,11.8678],[107.5166,11.8684],[107.5169,11.8721],[107.5162,11.873],[107.5127,11.8763],[107.5123,11.8787],[107.5143,11.8821],[107.516,11.8837],[107.5199,11.8882],[107.5202,11.8896],[107.5214,11.8922],[107.5226,11.8934],[107.5233,11.8953],[107.5223,11.8984],[107.5213,11.8995],[107.52,11.9022],[107.52,11.9045],[107.5205,11.9064],[107.5203,11.9087],[107.521,11.9128],[107.5195,11.9174],[107.519,11.9181],[107.5206,11.9213],[107.5231,11.9229],[107.5216,11.9233],[107.5205,11.9252],[107.521,11.9268],[107.5196,11.9299],[107.5186,11.9299],[107.517,11.9321],[107.5162,11.9322],[107.5163,11.9352],[107.5177,11.936],[107.5166,11.9399],[107.5174,11.9416],[107.5176,11.9441],[107.5173,11.9453],[107.5146,11.9462],[107.5115,11.9464],[107.5093,11.949],[107.5066,11.9518],[107.5051,11.9515],[107.5017,11.9515],[107.5004,11.9502],[107.495,11.9497],[107.4912,11.951],[107.4882,11.9549],[107.4872,11.9573],[107.4841,11.9588],[107.4785,11.9661],[107.4771,11.967],[107.4752,11.9676],[107.4736,11.9691],[107.4713,11.9701],[107.4702,11.9711],[107.4685,11.9713],[107.4683,11.9724],[107.466,11.9765],[107.4675,11.9777],[107.4682,11.9773],[107.4696,11.9782],[107.4702,11.9804],[107.4691,11.9825],[107.4695,11.9835],[107.4668,11.9856],[107.4663,11.9871],[107.4667,11.9894],[107.4629,11.9916],[107.4609,11.9933],[107.4588,11.9933],[107.4575,11.9925],[107.4566,11.9929],[107.455,11.9922],[107.4541,11.9935],[107.4548,11.9964],[107.4561,11.9999],[107.4553,12.0007],[107.4566,12.0039],[107.4567,12.0053],[107.4588,12.0057],[107.4584,12.0077],[107.4603,12.0085],[107.4615,12.0105],[107.46,12.0109],[107.4595,12.012],[107.4597,12.015],[107.4605,12.0144],[107.4614,12.0168],[107.4641,12.0165],[107.4645,12.0173],[107.4677,12.0187],[107.4681,12.0182],[107.4735,12.0181],[107.4744,12.0173],[107.4771,12.0178],[107.4786,12.0165],[107.4802,12.016],[107.4821,12.016],[107.4841,12.0169],[107.4881,12.0159],[107.4899,12.0168],[107.4922,12.017],[107.4956,12.0185],[107.4986,12.0179],[107.4988,12.0165],[107.5001,12.0155],[107.5034,12.0179],[107.5054,12.0208],[107.504,12.0221],[107.5042,12.0239],[107.5062,12.0247],[107.5125,12.0245],[107.5148,12.0241],[107.5176,12.0278],[107.5208,12.0304],[107.5236,12.0313],[107.5248,12.0313],[107.5274,12.0304],[107.5282,12.0325],[107.5294,12.0327],[107.5295,12.0326],[107.532,12.0301]]]},"properties":{"name":"Kiến Đức","level":"ward"}},{"type":"Feature","geometry":{"type":"Polygon","coordinates":[[[107.4165,12.239],[107.4144,12.2378],[107.4137,12.2368],[107.4119,12.2326],[107.4114,12.2298],[107.4148,12.2273],[107.4163,12.2281],[107.4172,12.2271],[107.4168,12.2252],[107.4153,12.2227],[107.4174,12.2217],[107.4171,12.2188],[107.4163,12.2175],[107.4153,12.2172],[107.415,12.2157],[107.4122,12.215],[107.4114,12.2131],[107.4076,12.2081],[107.4076,12.2061],[107.4069,12.204],[107.4078,12.1999],[107.4091,12.1969],[107.4095,12.1943],[107.4076,12.1913],[107.4078,12.1892],[107.4093,12.1839],[107.408,12.1828],[107.405,12.181],[107.4044,12.1791],[107.4054,12.1769],[107.405,12.1756],[107.4058,12.1746],[107.4058,12.1728],[107.409,12.1708],[107.4056,12.1668],[107.4045,12.1651],[107.4042,12.1629],[107.4035,12.161],[107.4022,12.1597],[107.4019,12.1586],[107.3992,12.1565],[107.3981,12.1545],[107.3949,12.1523],[107.3943,12.1507],[107.3924,12.1487],[107.3895,12.1475],[107.3869,12.1481],[107.3847,12.1471],[107.3843,12.1442],[107.3827,12.1423],[107.3826,12.141],[107.3815,12.1404],[107.3823,12.1349],[107.3813,12.1339],[107.3816,12.1319],[107.3805,12.1301],[107.3774,12.1295],[107.3765,12.1283],[107.3741,12.1278],[107.373,12.1257],[107.3729,12.1246],[107.3719,12.122],[107.3701,12.1203],[107.3695,12.1182],[107.3664,12.1171],[107.3636,12.1146],[107.3608,12.114],[107.3583,12.1119],[107.3564,12.1122],[107.354,12.1107],[107.3522,12.1071],[107.3524,12.1062],[107.3514,12.1051],[107.3514,12.1036],[107.3498,12.1018],[107.3484,12.1013],[107.3476,12.0991],[107.3463,12.0988],[107.3455,12.0973],[107.3443,12.0961],[107.3438,12.0944],[107.3456,12.0939],[107.3457,12.0921],[107.3471,12.091],[107.3468,12.0888],[107.3475,12.0875],[107.3448,12.0875],[107.343,12.086],[107.3439,12.0837],[107.3455,12.0816],[107.344,12.0796],[107.3436,12.0784],[107.3455,12.0765],[107.3448,12.0738],[107.3469,12.0713],[107.3468,12.0702],[107.3442,12.0687],[107.3449,12.067],[107.3437,12.0641],[107.3439,12.0623],[107.3427,12.058],[107.3442,12.057],[107.3441,12.0558],[107.3413,12.0541],[107.3384,12.0534],[107.3376,12.0498],[107.337,12.0491],[107.3333,12.049],[107.3334,12.0468],[107.3347,12.0465],[107.3336,12.0448],[107.3316,12.0454],[107.3302,12.0447],[107.3296,12.0432],[107.33,12.0406],[107.3311,12.0375],[107.33,12.0363],[107.3313,12.0354],[107.3311,12.0344],[107.3297,12.0331],[107.3288,12.0297],[107.3302,12.027],[107.3292,12.0251],[107.33,12.0234],[107.3291,12.0214],[107.3267,12.0212],[107.3257,12.02],[107.3257,12.0185],[107.3242,12.0184],[107.323,12.0193],[107.3213,12.0196],[107.32,12.018],[107.3196,12.0166],[107.3202,12.0151],[107.3177,12.0124],[107.3153,12.0111],[107.3163,12.0093],[107.3156,12.0076],[107.3135,12.0081],[107.3119,12.0075],[107.3099,12.0057],[107.3075,12.0057],[107.3055,12.0071],[107.3063,12.0087],[107.3042,12.0104],[107.3031,12.0104],[107.3019,12.0084],[107.3012,12.0082],[107.299,12.009],[107.2969,12.0102],[107.2947,12.0093],[107.2939,12.0098],[107.2953,12.0111],[107.2946,12.0124],[107.296,12.0155],[107.2927,12.0172],[107.291,12.0186],[107.2921,12.021],[107.2914,12.0214],[107.2898,12.0202],[107.2891,12.0179],[107.2908,12.0167],[107.2895,12.0155],[107.2854,12.0167],[107.2841,12.018],[107.2835,12.0178],[107.2808,12.0142],[107.2794,12.0135],[107.2794,12.0151],[107.2788,12.0172],[107.277,12.0177],[107.2766,12.0169],[107.2769,12.014],[107.275,12.0134],[107.2732,12.0146],[107.2706,12.0171],[107.2698,12.0154],[107.2694,12.0135],[107.2683,12.0136],[107.2671,12.0151],[107.2677,12.0164],[107.2658,12.0174],[107.2627,12.0173],[107.2612,12.0203],[107.2601,12.0185],[107.2571,12.0188],[107.2542,12.0204],[107.2522,12.0209],[107.2496,12.0244],[107.2494,12.026],[107.2459,12.0269],[107.243,12.0256],[107.2425,12.0264],[107.2437,12.0299],[107.2452,12.0312],[107.2455,12.0345],[107.2446,12.036],[107.2417,12.0387],[107.2406,12.0364],[107.2406,12.034],[107.239,12.0346],[107.2392,12.0364],[107.2373,12.0369],[107.236,12.0362],[107.2338,12.0301],[107.2338,12.028],[107.2328,12.0271],[107.2312,12.0278],[107.2309,12.0286],[107.2326,12.0303],[107.2317,12.0308],[107.2325,12.0322],[107.2319,12.0344],[107.2329,12.0355],[107.232,12.037],[107.2309,12.0375],[107.2328,12.0397],[107.232,12.0415],[107.2331,12.0433],[107.2336,12.0463],[107.2326,12.0477],[107.2331,12.0496],[107.2308,12.0522],[107.2311,12.0542],[107.2309,12.0558],[107.2318,12.0577],[107.2312,12.0593],[107.2322,12.0608],[107.2337,12.0611],[107.2335,12.0621],[107.2303,12.0802],[107.2292,12.0861],[107.231,12.0866],[107.2311,12.0882],[107.2318,12.089],[107.233,12.089],[107.2347,12.0902],[107.2345,12.0915],[107.2326,12.0928],[107.2333,12.0936],[107.2319,12.096],[107.2323,12.0988],[107.2335,12.0995],[107.2347,12.1013],[107.2344,12.1024],[107.236,12.1033],[107.2375,12.106],[107.2382,12.1085],[107.2393,12.1103],[107.2393,12.1113],[107.2405,12.1135],[107.2389,12.115],[107.2376,12.1147],[107.2352,12.1151],[107.2301,12.1149],[107.2283,12.1203],[107.2263,12.124],[107.2253,12.1251],[107.2233,12.1253],[107.2222,12.1259],[107.2221,12.128],[107.2242,12.1284],[107.2292,12.1339],[107.223,12.1935],[107.2139,12.249],[107.2127,12.2544],[107.2118,12.262],[107.2101,12.2712],[107.2065,12.294],[107.2062,12.2959],[107.2072,12.2995],[107.2089,12.2997],[107.2091,12.2975],[107.2097,12.2972],[107.2115,12.2991],[107.2143,12.299],[107.2152,12.2978],[107.2185,12.2997],[107.2204,12.2989],[107.2193,12.2969],[107.2196,12.296],[107.2218,12.2954],[107.2214,12.2975],[107.2227,12.2972],[107.2232,12.2957],[107.2243,12.2951],[107.2255,12.2969],[107.2266,12.2972],[107.2295,12.2954],[107.2309,12.2959],[107.2321,12.2972],[107.2347,12.298],[107.2357,12.299],[107.2366,12.301],[107.2386,12.3017],[107.2402,12.3015],[107.2404,12.3025],[107.2397,12.3041],[107.2411,12.304],[107.2424,12.3032],[107.2437,12.3073],[107.2446,12.3066],[107.2472,12.3067],[107.2478,12.3082],[107.2495,12.3083],[107.2503,12.3093],[107.2499,12.3111],[107.2505,12.3117],[107.2532,12.3114],[107.2533,12.3127],[107.2556,12.3128],[107.2564,12.315],[107.2574,12.315],[107.2586,12.3135],[107.2597,12.314],[107.2596,12.3156],[107.2605,12.3158],[107.2619,12.3144],[107.2632,12.3162],[107.2646,12.3165],[107.2647,12.319],[107.2656,12.321],[107.2671,12.3212],[107.267,12.3226],[107.2684,12.3238],[107.2683,12.325],[107.2713,12.3255],[107.2726,12.3244],[107.2741,12.3244],[107.2749,12.3253],[107.2772,12.3236],[107.2798,12.3239],[107.2799,12.3228],[107.2812,12.3221],[107.2824,12.3226],[107.284,12.3225],[107.2856,12.3232],[107.2871,12.3253],[107.2873,12.3264],[107.2904,12.3273],[107.291,12.3281],[107.2946,12.3291],[107.2965,12.3289],[107.2994,12.3295],[107.302,12.3282],[107.3033,12.3285],[107.3047,12.3299],[107.3059,12.3301],[107.3088,12.3325],[107.3091,12.3339],[107.3107,12.3343],[107.3116,12.3307],[107.3126,12.3301],[107.313,12.3288],[107.3125,12.3242],[107.313,12.3225],[107.316,12.3221],[107.3171,12.3214],[107.3191,12.3216],[107.3215,12.3228],[107.3224,12.3246],[107.3274,12.3263],[107.3299,12.3259],[107.3316,12.3263],[107.3333,12.3257],[107.3363,12.3271],[107.338,12.3264],[107.339,12.3274],[107.3419,12.329],[107.3428,12.332],[107.3438,12.3339],[107.3447,12.3345],[107.3469,12.3339],[107.3494,12.3269],[107.3546,12.3234],[107.3549,12.3222],[107.3616,12.3198],[107.3645,12.3177],[107.3654,12.3155],[107.3659,12.3131],[107.3687,12.3111],[107.3705,12.3103],[107.3729,12.3078],[107.3734,12.3066],[107.3746,12.3061],[107.375,12.3042],[107.3768,12.3026],[107.3766,12.3013],[107.3777,12.2993],[107.3772,12.2959],[107.3778,12.2947],[107.3835,12.2955],[107.3828,12.2938],[107.3815,12.2928],[107.383,12.2909],[107.383,12.2887],[107.3838,12.2875],[107.3888,12.2855],[107.3893,12.2841],[107.3861,12.2789],[107.388,12.2762],[107.388,12.2754],[107.3868,12.2715],[107.3871,12.2708],[107.3889,12.2697],[107.3905,12.2677],[107.3916,12.2673],[107.3949,12.2654],[107.3972,12.2634],[107.3991,12.2603],[107.397,12.256],[107.3989,12.2557],[107.4028,12.2527],[107.4045,12.252],[107.409,12.251],[107.4106,12.2502],[107.415,12.2453],[107.4158,12.2405],[107.4165,12.239]]]},"properties":{"name":"Quảng Trực","level":"ward"}},{"type":"Feature","geometry":{"type":"Polygon","coordinates":[[[107.5156,12.2331],[107.517,12.2299],[107.5173,12.227],[107.5171,12.2257],[107.5176,12.2234],[107.5201,12.2193],[107.5204,12.2179],[107.5229,12.2171],[107.5238,12.2161],[107.5229,12.2118],[107.5242,12.209],[107.5253,12.2073],[107.5251,12.2064],[107.5268,12.2053],[107.5276,12.2037],[107.5275,12.2022],[107.5285,12.2019],[107.5304,12.1992],[107.5314,12.1986],[107.5326,12.1963],[107.5347,12.1933],[107.5358,12.1928],[107.5373,12.1914],[107.5377,12.1901],[107.5376,12.1868],[107.5383,12.1845],[107.537,12.1827],[107.5354,12.1813],[107.5357,12.1789],[107.5365,12.1782],[107.5365,12.1748],[107.5376,12.174],[107.5386,12.1711],[107.5389,12.1689],[107.5397,12.1693],[107.5401,12.1669],[107.541,12.166],[107.5404,12.1648],[107.5438,12.1626],[107.5438,12.1603],[107.5452,12.1598],[107.5472,12.1576],[107.547,12.1565],[107.548,12.1559],[107.5494,12.1531],[107.5489,12.1485],[107.5494,12.1483],[107.5497,12.147],[107.5508,12.1468],[107.5513,12.1451],[107.5521,12.1452],[107.5535,12.1437],[107.5546,12.1406],[107.5545,12.1394],[107.556,12.1382],[107.5555,12.1351],[107.5561,12.1336],[107.5574,12.1333],[107.5616,12.1294],[107.5619,12.1263],[107.5624,12.124],[107.5612,12.1204],[107.5625,12.1195],[107.5632,12.1171],[107.5603,12.1166],[107.5571,12.1169],[107.5497,12.1164],[107.5458,12.1168],[107.5416,12.1168],[107.5382,12.1162],[107.536,12.1123],[107.5346,12.1112],[107.533,12.111],[107.5311,12.1089],[107.5307,12.1077],[107.531,12.1056],[107.5302,12.1027],[107.5286,12.1012],[107.5263,12.0974],[107.5268,12.0964],[107.527,12.0928],[107.5234,12.0919],[107.5185,12.0901],[107.5174,12.0906],[107.5152,12.0897],[107.5132,12.0854],[107.5128,12.0833],[107.5069,12.0793],[107.5077,12.0764],[107.5063,12.0754],[107.5032,12.0725],[107.5017,12.0706],[107.499,12.071],[107.4973,12.0692],[107.4958,12.0686],[107.4938,12.0688],[107.4914,12.0663],[107.4894,12.0677],[107.4868,12.0678],[107.4849,12.0686],[107.4825,12.0682],[107.4807,12.0675],[107.4803,12.0662],[107.4769,12.0658],[107.4748,12.0665],[107.4738,12.0685],[107.4724,12.0695],[107.4686,12.0687],[107.4658,12.0676],[107.4619,12.0666],[107.4578,12.0657],[107.4561,12.0655],[107.4549,12.0642],[107.4527,12.0638],[107.4464,12.0647],[107.4447,12.0658],[107.4429,12.0681],[107.4404,12.0688],[107.434,12.0651],[107.4286,12.0634],[107.4274,12.0633],[107.4237,12.066],[107.4232,12.0668],[107.4211,12.0682],[107.4212,12.0688],[107.4191,12.0698],[107.4185,12.0713],[107.4193,12.0722],[107.4199,12.0772],[107.4192,12.0798],[107.418,12.08],[107.4168,12.0815],[107.4168,12.083],[107.4176,12.0858],[107.4171,12.0866],[107.4144,12.0886],[107.4134,12.0888],[107.4133,12.0903],[107.4147,12.0921],[107.4149,12.0937],[107.4142,12.0943],[107.4152,12.096],[107.415,12.0985],[107.4153,12.1003],[107.4145,12.101],[107.4171,12.1023],[107.4182,12.1024],[107.4195,12.1036],[107.4208,12.1072],[107.4222,12.1084],[107.4253,12.1102],[107.4268,12.1118],[107.4283,12.1123],[107.4267,12.1137],[107.4255,12.1162],[107.4237,12.1179],[107.4212,12.118],[107.4178,12.1225],[107.4151,12.1229],[107.4138,12.124],[107.4122,12.124],[107.4113,12.1232],[107.4071,12.1266],[107.4051,12.1271],[107.403,12.1299],[107.4023,12.133],[107.4021,12.1354],[107.4032,12.1375],[107.4033,12.1395],[107.4038,12.1428],[107.4023,12.1442],[107.4013,12.1435],[107.3983,12.143],[107.3933,12.1429],[107.3914,12.1391],[107.3914,12.1366],[107.3909,12.1354],[107.3882,12.133],[107.3859,12.1326],[107.3835,12.1333],[107.3816,12.1319],[107.3813,12.1339],[107.3823,12.1349],[107.3815,12.1404],[107.3826,12.141],[107.3827,12.1423],[107.3843,12.1442],[107.3847,12.1471],[107.3869,12.1481],[107.3895,12.1475],[107.3924,12.1487],[107.3943,12.1507],[107.3949,12.1523],[107.3981,12.1545],[107.3992,12.1565],[107.4019,12.1586],[107.4022,12.1597],[107.4035,12.161],[107.4042,12.1629],[107.4045,12.1651],[107.4056,12.1668],[107.409,12.1708],[107.4058,12.1728],[107.4058,12.1746],[107.405,12.1756],[107.4054,12.1769],[107.4044,12.1791],[107.405,12.181],[107.408,12.1828],[107.4093,12.1839],[107.4078,12.1892],[107.4076,12.1913],[107.4095,12.1943],[107.4091,12.1969],[107.4078,12.1999],[107.4069,12.204],[107.4076,12.2061],[107.4076,12.2081],[107.4114,12.2131],[107.4122,12.215],[107.415,12.2157],[107.4153,12.2172],[107.4163,12.2175],[107.4171,12.2188],[107.4174,12.2217],[107.4153,12.2227],[107.4168,12.2252],[107.4172,12.2271],[107.4163,12.2281],[107.4148,12.2273],[107.4114,12.2298],[107.4119,12.2326],[107.4137,12.2368],[107.4144,12.2378],[107.4165,12.239],[107.4181,12.24],[107.4188,12.2424],[107.4213,12.2461],[107.4226,12.2463],[107.4288,12.2463],[107.4342,12.2444],[107.4348,12.2446],[107.4346,12.2476],[107.4339,12.2498],[107.4343,12.2505],[107.437,12.2505],[107.4411,12.2488],[107.4434,12.25],[107.4453,12.252],[107.4466,12.2548],[107.4468,12.2565],[107.448,12.2581],[107.4495,12.2588],[107.4517,12.2586],[107.4558,12.2566],[107.4569,12.255],[107.4602,12.2539],[107.4609,12.2533],[107.4619,12.2507],[107.464,12.2498],[107.4668,12.2506],[107.4702,12.2507],[107.4741,12.252],[107.4762,12.2522],[107.4797,12.2494],[107.4833,12.2481],[107.4877,12.2477],[107.4896,12.2459],[107.4924,12.2457],[107.493,12.2464],[107.495,12.2467],[107.4967,12.2461],[107.4977,12.2452],[107.5008,12.2448],[107.5048,12.2456],[107.5062,12.2408],[107.5081,12.2387],[107.5106,12.2366],[107.5115,12.2349],[107.5156,12.2331]]]},"properties":{"name":"Tuy Đức","level":"ward"}},{"type":"Feature","geometry":{"type":"Polygon","coordinates":[[[107.5632,12.1171],[107.5638,12.1147],[107.5649,12.1149],[107.5689,12.1132],[107.5688,12.1112],[107.57,12.1103],[107.569,12.1086],[107.5707,12.1086],[107.5705,12.1073],[107.5688,12.1056],[107.5705,12.1051],[107.5712,12.1043],[107.5712,12.1026],[107.5732,12.1015],[107.574,12.1002],[107.5756,12.1016],[107.5787,12.1021],[107.5796,12.1041],[107.581,12.1034],[107.5821,12.1022],[107.5825,12.0997],[107.5816,12.0987],[107.5818,12.0969],[107.5812,12.0945],[107.5801,12.0937],[107.5803,12.0917],[107.5793,12.0888],[107.5803,12.0872],[107.5792,12.0859],[107.5792,12.0848],[107.58,12.0828],[107.5796,12.0807],[107.5783,12.0789],[107.5784,12.0775],[107.5775,12.0756],[107.5776,12.073],[107.5797,12.0712],[107.5808,12.0709],[107.5804,12.069],[107.5809,12.0669],[107.5846,12.0648],[107.5854,12.0656],[107.5866,12.0655],[107.5886,12.0666],[107.5905,12.0663],[107.5907,12.0655],[107.5926,12.0641],[107.5926,12.0618],[107.5922,12.0608],[107.594,12.0599],[107.5948,12.0587],[107.5935,12.0568],[107.591,12.0571],[107.5892,12.0587],[107.5882,12.0584],[107.5875,12.0567],[107.5871,12.0534],[107.5881,12.0529],[107.589,12.0508],[107.5887,12.0489],[107.5867,12.047],[107.5835,12.0476],[107.5822,12.046],[107.5809,12.0468],[107.5713,12.0483],[107.5657,12.0483],[107.5627,12.048],[107.5583,12.0466],[107.557,12.0458],[107.5552,12.0478],[107.5525,12.0485],[107.5493,12.05],[107.5482,12.0482],[107.5461,12.0463],[107.5441,12.0483],[107.5417,12.0518],[107.5402,12.0507],[107.5395,12.049],[107.5392,12.0454],[107.5386,12.0444],[107.5367,12.0435],[107.5349,12.0407],[107.5348,12.0386],[107.5335,12.0361],[107.5324,12.035],[107.5323,12.0343],[107.5317,12.0331],[107.5297,12.0326],[107.5295,12.0326],[107.5294,12.0327],[107.5282,12.0325],[107.5274,12.0304],[107.5248,12.0313],[107.5236,12.0313],[107.5208,12.0304],[107.5176,12.0278],[107.5148,12.0241],[107.5125,12.0245],[107.5062,12.0247],[107.5042,12.0239],[107.504,12.0221],[107.5054,12.0208],[107.5034,12.0179],[107.5001,12.0155],[107.4988,12.0165],[107.4986,12.0179],[107.4956,12.0185],[107.4922,12.017],[107.4899,12.0168],[107.4881,12.0159],[107.4841,12.0169],[107.4821,12.016],[107.4802,12.016],[107.4786,12.0165],[107.4771,12.0178],[107.4744,12.0173],[107.4735,12.0181],[107.4681,12.0182],[107.4677,12.0187],[107.4645,12.0173],[107.4641,12.0165],[107.4614,12.0168],[107.4605,12.0144],[107.4597,12.015],[107.4595,12.012],[107.46,12.0109],[107.4615,12.0105],[107.4603,12.0085],[107.4584,12.0077],[107.4588,12.0057],[107.4567,12.0053],[107.4566,12.0039],[107.4553,12.0007],[107.4561,11.9999],[107.4548,11.9964],[107.4541,11.9935],[107.455,11.9922],[107.4533,11.9911],[107.4504,11.9917],[107.4479,11.9913],[107.4453,11.9921],[107.4427,11.9924],[107.4402,11.9952],[107.4371,11.9949],[107.4318,11.993],[107.4283,11.9915],[107.4264,11.9914],[107.4238,11.9902],[107.4225,11.9911],[107.4184,11.9906],[107.4183,11.9898],[107.4167,11.9896],[107.4159,11.9881],[107.4168,11.9878],[107.4163,11.9858],[107.4152,11.9857],[107.4156,11.9837],[107.4173,11.9819],[107.4185,11.9836],[107.4194,11.9823],[107.4183,11.9817],[107.418,11.9801],[107.4172,11.9791],[107.4154,11.9791],[107.4154,11.9777],[107.4139,11.9768],[107.4158,11.9755],[107.4149,11.9738],[107.416,11.9729],[107.4133,11.9711],[107.4128,11.9689],[107.4149,11.969],[107.4153,11.9672],[107.4133,11.9674],[107.4114,11.9647],[107.4096,11.965],[107.4083,11.9638],[107.4057,11.9647],[107.4063,11.9632],[107.4036,11.9619],[107.4036,11.9591],[107.4042,11.9582],[107.4053,11.9583],[107.4071,11.9575],[107.4081,11.9553],[107.4061,11.9531],[107.4046,11.9522],[107.4024,11.9522],[107.4019,11.9517],[107.4022,11.9491],[107.4012,11.9479],[107.3991,11.9482],[107.3982,11.9502],[107.3963,11.9501],[107.3959,11.9491],[107.3945,11.9489],[107.3936,11.9498],[107.391,11.9493],[107.3898,11.9478],[107.3889,11.9454],[107.387,11.9439],[107.3854,11.9421],[107.3857,11.9409],[107.3843,11.9408],[107.3837,11.9397],[107.3837,11.9383],[107.3829,11.9372],[107.3828,11.9353],[107.3762,11.9332],[107.3729,11.9341],[107.3694,11.9336],[107.3685,11.934],[107.3663,11.9333],[107.3642,11.9328],[107.3615,11.9342],[107.3593,11.9341],[107.3589,11.935],[107.3567,11.9363],[107.3554,11.9388],[107.3534,11.9387],[107.3536,11.9401],[107.3569,11.9401],[107.3542,11.9418],[107.3546,11.9449],[107.352,11.9464],[107.3523,11.9476],[107.3537,11.9468],[107.3552,11.9475],[107.354,11.9485],[107.3559,11.9494],[107.3568,11.9516],[107.3549,11.952],[107.3525,11.9536],[107.3534,11.9564],[107.3528,11.9575],[107.3533,11.9585],[107.3518,11.96],[107.352,11.9615],[107.3512,11.9624],[107.3518,11.964],[107.3486,11.9665],[107.3505,11.9671],[107.3511,11.9682],[107.3479,11.9697],[107.3468,11.9719],[107.3452,11.9736],[107.3442,11.9761],[107.3446,11.9784],[107.3444,11.9797],[107.3412,11.9834],[107.3378,11.9882],[107.3354,11.9909],[107.3303,11.9975],[107.3268,11.9983],[107.3247,12.0002],[107.3246,12.0028],[107.3241,12.005],[107.3215,12.0053],[107.3201,12.0048],[107.3194,12.0055],[107.3182,12.0051],[107.3172,12.0056],[107.3156,12.0076],[107.3163,12.0093],[107.3153,12.0111],[107.3177,12.0124],[107.3202,12.0151],[107.3196,12.0166],[107.32,12.018],[107.3213,12.0196],[107.323,12.0193],[107.3242,12.0184],[107.3257,12.0185],[107.3257,12.02],[107.3267,12.0212],[107.3291,12.0214],[107.33,12.0234],[107.3292,12.0251],[107.3302,12.027],[107.3288,12.0297],[107.3297,12.0331],[107.3311,12.0344],[107.3313,12.0354],[107.33,12.0363],[107.3311,12.0375],[107.33,12.0406],[107.3296,12.0432],[107.3302,12.0447],[107.3316,12.0454],[107.3336,12.0448],[107.3347,12.0465],[107.3334,12.0468],[107.3333,12.049],[107.337,12.0491],[107.3376,12.0498],[107.3384,12.0534],[107.3413,12.0541],[107.3441,12.0558],[107.3442,12.057],[107.3427,12.058],[107.3439,12.0623],[107.3437,12.0641],[107.3449,12.067],[107.3442,12.0687],[107.3468,12.0702],[107.3469,12.0713],[107.3448,12.0738],[107.3455,12.0765],[107.3436,12.0784],[107.344,12.0796],[107.3455,12.0816],[107.3439,12.0837],[107.343,12.086],[107.3448,12.0875],[107.3475,12.0875],[107.3468,12.0888],[107.3471,12.091],[107.3457,12.0921],[107.3456,12.0939],[107.3438,12.0944],[107.3443,12.0961],[107.3455,12.0973],[107.3463,12.0988],[107.3476,12.0991],[107.3484,12.1013],[107.3498,12.1018],[107.3514,12.1036],[107.3514,12.1051],[107.3524,12.1062],[107.3522,12.1071],[107.354,12.1107],[107.3564,12.1122],[107.3583,12.1119],[107.3608,12.114],[107.3636,12.1146],[107.3664,12.1171],[107.3695,12.1182],[107.3701,12.1203],[107.3719,12.122],[107.3729,12.1246],[107.373,12.1257],[107.3741,12.1278],[107.3765,12.1283],[107.3774,12.1295],[107.3805,12.1301],[107.3816,12.1319],[107.3835,12.1333],[107.3859,12.1326],[107.3882,12.133],[107.3909,12.1354],[107.3914,12.1366],[107.3914,12.1391],[107.3933,12.1429],[107.3983,12.143],[107.4013,12.1435],[107.4023,12.1442],[107.4038,12.1428],[107.4033,12.1395],[107.4032,12.1375],[107.4021,12.1354],[107.4023,12.133],[107.403,12.1299],[107.4051,12.1271],[107.4071,12.1266],[107.4113,12.1232],[107.4122,12.124],[107.4138,12.124],[107.4151,12.1229],[107.4178,12.1225],[107.4212,12.118],[107.4237,12.1179],[107.4255,12.1162],[107.4267,12.1137],[107.4283,12.1123],[107.4268,12.1118],[107.4253,12.1102],[107.4222,12.1084],[107.4208,12.1072],[107.4195,12.1036],[107.4182,12.1024],[107.4171,12.1023],[107.4145,12.101],[107.4153,12.1003],[107.415,12.0985],[107.4152,12.096],[107.4142,12.0943],[107.4149,12.0937],[107.4147,12.0921],[107.4133,12.0903],[107.4134,12.0888],[107.4144,12.0886],[107.4171,12.0866],[107.4176,12.0858],[107.4168,12.083],[107.4168,12.0815],[107.418,12.08],[107.4192,12.0798],[107.4199,12.0772],[107.4193,12.0722],[107.4185,12.0713],[107.4191,12.0698],[107.4212,12.0688],[107.4211,12.0682],[107.4232,12.0668],[107.4237,12.066],[107.4274,12.0633],[107.4286,12.0634],[107.434,12.0651],[107.4404,12.0688],[107.4429,12.0681],[107.4447,12.0658],[107.4464,12.0647],[107.4527,12.0638],[107.4549,12.0642],[107.4561,12.0655],[107.4578,12.0657],[107.4619,12.0666],[107.4658,12.0676],[107.4686,12.0687],[107.4724,12.0695],[107.4738,12.0685],[107.4748,12.0665],[107.4769,12.0658],[107.4803,12.0662],[107.4807,12.0675],[107.4825,12.0682],[107.4849,12.0686],[107.4868,12.0678],[107.4894,12.0677],[107.4914,12.0663],[107.4938,12.0688],[107.4958,12.0686],[107.4973,12.0692],[107.499,12.071],[107.5017,12.0706],[107.5032,12.0725],[107.5063,12.0754],[107.5077,12.0764],[107.5069,12.0793],[107.5128,12.0833],[107.5132,12.0854],[107.5152,12.0897],[107.5174,12.0906],[107.5185,12.0901],[107.5234,12.0919],[107.527,12.0928],[107.5268,12.0964],[107.5263,12.0974],[107.5286,12.1012],[107.5302,12.1027],[107.531,12.1056],[107.5307,12.1077],[107.5311,12.1089],[107.533,12.111],[107.5346,12.1112],[107.536,12.1123],[107.5382,12.1162],[107.5416,12.1168],[107.5458,12.1168],[107.5497,12.1164],[107.5571,12.1169],[107.5603,12.1166],[107.5632,12.1171]]]},"properties":{"name":"Quảng Tân","level":"ward"}},{"type":"Feature","geometry":{"type":"Polygon","coordinates":[[[107.5822,12.0458],[107.5825,12.0443],[107.5809,12.0426],[107.5801,12.0404],[107.5788,12.0396],[107.5767,12.0399],[107.5754,12.0391],[107.5776,12.0363],[107.5789,12.0353],[107.5775,12.0321],[107.5759,12.0307],[107.5766,12.0295],[107.5771,12.0273],[107.579,12.0262],[107.5783,12.0245],[107.577,12.0238],[107.5775,12.0224],[107.5794,12.0219],[107.5786,12.0199],[107.5794,12.0174],[107.5803,12.0166],[107.5798,12.015],[107.582,12.0141],[107.5809,12.0127],[107.5816,12.0114],[107.5836,12.0113],[107.5839,12.0134],[107.5852,12.0116],[107.5868,12.0109],[107.5872,12.0098],[107.5885,12.0091],[107.5894,12.0079],[107.591,12.0075],[107.5911,12.0067],[107.5929,12.0061],[107.5936,12.0074],[107.5965,12.0102],[107.5976,12.0103],[107.5973,12.0086],[107.598,12.0075],[107.5968,12.0066],[107.5981,12.0056],[107.5984,12.0043],[107.597,12.0029],[107.5976,12.0015],[107.5991,12.0016],[107.5994,11.9985],[107.6008,11.9977],[107.6004,11.9966],[107.6006,11.9943],[107.6015,11.9933],[107.6029,11.9933],[107.604,11.9917],[107.6057,11.9909],[107.6073,11.9921],[107.6074,11.9946],[107.6071,11.9963],[107.6082,11.9963],[107.6091,11.9948],[107.6107,11.9945],[107.6132,11.9924],[107.6169,11.9917],[107.6182,11.9898],[107.6193,11.9896],[107.622,11.992],[107.6229,11.9933],[107.6249,11.9938],[107.6269,11.9949],[107.6281,11.9949],[107.6299,11.994],[107.632,11.9939],[107.6342,11.9948],[107.6372,11.9971],[107.6387,11.997],[107.6394,11.9921],[107.6389,11.991],[107.6401,11.9901],[107.6401,11.9882],[107.6384,11.9861],[107.6392,11.9852],[107.6398,11.9808],[107.6398,11.9784],[107.6404,11.9777],[107.6424,11.9786],[107.6433,11.9784],[107.6444,11.977],[107.647,11.9752],[107.6488,11.9751],[107.6491,11.9718],[107.6503,11.9694],[107.6493,11.9679],[107.6499,11.9662],[107.6496,11.9615],[107.651,11.958],[107.6505,11.9563],[107.6519,11.955],[107.6513,11.9536],[107.6521,11.9525],[107.6501,11.9488],[107.6504,11.9469],[107.6517,11.9449],[107.6534,11.9461],[107.6551,11.9467],[107.6569,11.9453],[107.6586,11.946],[107.6595,11.9457],[107.6591,11.9427],[107.6581,11.9413],[107.6594,11.9388],[107.6591,11.9382],[107.6566,11.936],[107.6535,11.9349],[107.6528,11.9334],[107.6513,11.9333],[107.6495,11.9318],[107.6495,11.9288],[107.6481,11.9281],[107.6479,11.9264],[107.6494,11.9259],[107.649,11.9206],[107.6467,11.9189],[107.6456,11.9162],[107.646,11.9147],[107.6491,11.9136],[107.6525,11.9132],[107.6536,11.9114],[107.6558,11.9113],[107.6574,11.91],[107.6572,11.9089],[107.6553,11.9089],[107.6548,11.9082],[107.6566,11.9065],[107.6569,11.9041],[107.6581,11.9018],[107.6572,11.9009],[107.6542,11.9001],[107.652,11.8974],[107.6522,11.8953],[107.6529,11.8941],[107.6545,11.894],[107.6557,11.8933],[107.6577,11.8932],[107.6593,11.8927],[107.662,11.8903],[107.6619,11.8869],[107.6609,11.8856],[107.6591,11.8817],[107.6601,11.8776],[107.6596,11.8762],[107.6578,11.8756],[107.6551,11.8765],[107.6537,11.8766],[107.6492,11.8751],[107.646,11.8729],[107.6433,11.8699],[107.6407,11.8667],[107.6392,11.8657],[107.6365,11.866],[107.6337,11.8671],[107.6318,11.8666],[107.6295,11.8654],[107.6284,11.8643],[107.627,11.866],[107.6257,11.8664],[107.6245,11.8689],[107.6208,11.8718],[107.6176,11.8726],[107.6164,11.8734],[107.6164,11.87],[107.6168,11.8694],[107.6162,11.8677],[107.6139,11.8678],[107.6099,11.8722],[107.6083,11.8729],[107.6081,11.8739],[107.6067,11.8753],[107.605,11.8762],[107.6053,11.8771],[107.6024,11.8784],[107.6008,11.8779],[107.6012,11.8802],[107.6037,11.8838],[107.6033,11.885],[107.604,11.8862],[107.6037,11.8877],[107.6012,11.8896],[107.5995,11.8901],[107.5964,11.892],[107.5931,11.895],[107.5925,11.8951],[107.5909,11.8974],[107.5893,11.899],[107.5877,11.8996],[107.5831,11.9043],[107.581,11.9049],[107.5812,11.9059],[107.5796,11.9074],[107.5794,11.91],[107.578,11.9093],[107.5773,11.9101],[107.5738,11.9111],[107.5732,11.9122],[107.5697,11.9124],[107.5682,11.9131],[107.568,11.914],[107.5656,11.9169],[107.5653,11.918],[107.5628,11.9206],[107.562,11.9219],[107.5605,11.9225],[107.5595,11.9236],[107.557,11.9244],[107.5564,11.9259],[107.5566,11.9286],[107.556,11.9292],[107.5562,11.9326],[107.5569,11.9334],[107.5582,11.9364],[107.558,11.937],[107.5586,11.939],[107.5578,11.9405],[107.5563,11.9412],[107.5542,11.9404],[107.5519,11.9408],[107.5518,11.9428],[107.5524,11.944],[107.5547,11.9469],[107.5556,11.95],[107.558,11.9525],[107.5571,11.9556],[107.5528,11.9538],[107.5508,11.9535],[107.5505,11.9524],[107.548,11.9527],[107.5487,11.9542],[107.5471,11.9576],[107.5475,11.9586],[107.5448,11.9608],[107.5448,11.9623],[107.5427,11.9625],[107.54,11.9619],[107.5367,11.9636],[107.537,11.967],[107.5365,11.97],[107.5321,11.9715],[107.5313,11.9721],[107.5293,11.9754],[107.529,11.9796],[107.5311,11.9816],[107.5346,11.9804],[107.5337,11.982],[107.5357,11.984],[107.5369,11.9832],[107.5385,11.9847],[107.5402,11.9833],[107.5423,11.9824],[107.5437,11.9847],[107.5451,11.9863],[107.5465,11.9861],[107.5478,11.9881],[107.55,11.989],[107.5509,11.9907],[107.5506,11.9924],[107.5511,11.9934],[107.5502,11.9962],[107.5498,11.999],[107.5482,12.0032],[107.5462,12.0034],[107.5433,12.0028],[107.5415,12.0068],[107.5424,12.0076],[107.5416,12.0113],[107.5428,12.0112],[107.5439,12.013],[107.5437,12.015],[107.5409,12.0166],[107.5417,12.0177],[107.5414,12.0194],[107.5418,12.021],[107.5416,12.0222],[107.5384,12.022],[107.5372,12.0214],[107.5369,12.0249],[107.5378,12.0262],[107.5367,12.028],[107.5369,12.0287],[107.5347,12.03],[107.5327,12.0297],[107.5326,12.0296],[107.5321,12.0301],[107.532,12.0301],[107.5295,12.0326],[107.5297,12.0326],[107.5317,12.0331],[107.5323,12.0343],[107.5324,12.035],[107.5335,12.0361],[107.5348,12.0386],[107.5349,12.0407],[107.5367,12.0435],[107.5386,12.0444],[107.5392,12.0454],[107.5395,12.049],[107.5402,12.0507],[107.5417,12.0518],[107.5441,12.0483],[107.5461,12.0463],[107.5482,12.0482],[107.5493,12.05],[107.5525,12.0485],[107.5552,12.0478],[107.557,12.0458],[107.5583,12.0466],[107.5627,12.048],[107.5657,12.0483],[107.5713,12.0483],[107.5809,12.0468],[107.5822,12.046],[107.5822,12.0458]]]},"properties":{"name":"Nhân Cơ","level":"ward"}},{"type":"Feature","geometry":{"type":"Polygon","coordinates":[[[107.455,11.9922],[107.4566,11.9929],[107.4575,11.9925],[107.4588,11.9933],[107.4609,11.9933],[107.4629,11.9916],[107.4667,11.9894],[107.4663,11.9871],[107.4668,11.9856],[107.4695,11.9835],[107.4691,11.9825],[107.4702,11.9804],[107.4696,11.9782],[107.4682,11.9773],[107.4675,11.9777],[107.466,11.9765],[107.4683,11.9724],[107.4685,11.9713],[107.4702,11.9711],[107.4713,11.9701],[107.4736,11.9691],[107.4752,11.9676],[107.4771,11.967],[107.4785,11.9661],[107.4841,11.9588],[107.4872,11.9573],[107.4882,11.9549],[107.4912,11.951],[107.495,11.9497],[107.5004,11.9502],[107.5017,11.9515],[107.5051,11.9515],[107.5066,11.9518],[107.5093,11.949],[107.5115,11.9464],[107.5146,11.9462],[107.5173,11.9453],[107.5176,11.9441],[107.5174,11.9416],[107.5166,11.9399],[107.5177,11.936],[107.5163,11.9352],[107.5162,11.9322],[107.517,11.9321],[107.5186,11.9299],[107.5196,11.9299],[107.521,11.9268],[107.5205,11.9252],[107.5216,11.9233],[107.5231,11.9229],[107.5206,11.9213],[107.519,11.9181],[107.5195,11.9174],[107.521,11.9128],[107.5203,11.9087],[107.5205,11.9064],[107.52,11.9045],[107.52,11.9022],[107.5213,11.8995],[107.5223,11.8984],[107.5233,11.8953],[107.5226,11.8934],[107.5214,11.8922],[107.5202,11.8896],[107.5199,11.8882],[107.516,11.8837],[107.5143,11.8821],[107.5123,11.8787],[107.5127,11.8763],[107.5162,11.873],[107.5169,11.8721],[107.5166,11.8684],[107.5162,11.8678],[107.5172,11.8643],[107.5191,11.8585],[107.5221,11.8591],[107.5235,11.8579],[107.526,11.8569],[107.5274,11.8568],[107.5275,11.8539],[107.528,11.8529],[107.5293,11.8525],[107.5307,11.851],[107.535,11.8477],[107.5363,11.8463],[107.5374,11.8471],[107.5403,11.8473],[107.5414,11.8461],[107.5443,11.8443],[107.5444,11.8415],[107.5457,11.8409],[107.547,11.8411],[107.5481,11.8389],[107.5495,11.8385],[107.5515,11.8353],[107.551,11.8321],[107.5532,11.8283],[107.552,11.8277],[107.5516,11.8265],[107.5523,11.8254],[107.5521,11.824],[107.55,11.8222],[107.5493,11.8209],[107.5494,11.8195],[107.5504,11.8175],[107.5519,11.8184],[107.5531,11.8168],[107.5537,11.8155],[107.5562,11.8162],[107.5574,11.8191],[107.5569,11.8198],[107.5576,11.822],[107.5583,11.8228],[107.5617,11.8228],[107.563,11.8233],[107.5636,11.825],[107.5659,11.8252],[107.5682,11.8249],[107.5688,11.8236],[107.5678,11.8228],[107.5689,11.8204],[107.5685,11.8187],[107.5694,11.8144],[107.5706,11.8139],[107.5709,11.8129],[107.5697,11.812],[107.5669,11.8106],[107.5648,11.8091],[107.563,11.8072],[107.5611,11.8046],[107.5596,11.802],[107.5563,11.7973],[107.5551,11.7939],[107.5528,11.7923],[107.5517,11.7909],[107.5473,11.7898],[107.544,11.7893],[107.543,11.7899],[107.5429,11.792],[107.5397,11.7949],[107.5366,11.7972],[107.5337,11.7967],[107.5308,11.7976],[107.5285,11.7993],[107.5249,11.7973],[107.5192,11.7993],[107.5168,11.7996],[107.5144,11.7988],[107.5103,11.7978],[107.5086,11.7982],[107.5082,11.7993],[107.5096,11.8021],[107.5088,11.8034],[107.5065,11.8038],[107.5049,11.8024],[107.5032,11.7994],[107.5018,11.7982],[107.4953,11.7975],[107.4891,11.7956],[107.4847,11.7943],[107.4824,11.7929],[107.4807,11.7914],[107.4778,11.7871],[107.4771,11.7845],[107.4777,11.7821],[107.4778,11.7791],[107.4775,11.7777],[107.4762,11.7758],[107.4736,11.7709],[107.471,11.768],[107.4683,11.7655],[107.4653,11.7622],[107.4628,11.7604],[107.4585,11.7592],[107.4546,11.7573],[107.4528,11.7573],[107.4486,11.7579],[107.444,11.7602],[107.4412,11.7619],[107.4391,11.7618],[107.437,11.7635],[107.436,11.7648],[107.4342,11.7659],[107.4325,11.7656],[107.4327,11.7623],[107.4315,11.7614],[107.4278,11.7602],[107.4271,11.7596],[107.4246,11.7556],[107.4223,11.7555],[107.4216,11.7534],[107.4197,11.7508],[107.4181,11.7492],[107.4154,11.7489],[107.4133,11.75],[107.4134,11.7525],[107.4116,11.7528],[107.4085,11.7543],[107.405,11.7549],[107.4022,11.756],[107.4019,11.7581],[107.3999,11.7599],[107.3991,11.763],[107.3974,11.7652],[107.3931,11.7654],[107.3909,11.7667],[107.3936,11.7684],[107.3942,11.7703],[107.3954,11.7705],[107.3961,11.7733],[107.3969,11.7745],[107.3973,11.7766],[107.3993,11.7771],[107.3983,11.7788],[107.3955,11.7805],[107.3971,11.7817],[107.3967,11.783],[107.3972,11.7849],[107.3954,11.7879],[107.3933,11.7883],[107.3927,11.7898],[107.3935,11.7929],[107.3934,11.7952],[107.3953,11.7954],[107.3944,11.797],[107.3957,11.7976],[107.3956,11.7996],[107.3974,11.8011],[107.3986,11.8006],[107.4002,11.7981],[107.4013,11.7977],[107.4031,11.8005],[107.4045,11.801],[107.4074,11.8036],[107.4095,11.8067],[107.4073,11.8083],[107.4081,11.8093],[107.4073,11.8111],[107.4047,11.8128],[107.4045,11.815],[107.4053,11.8167],[107.4053,11.8187],[107.4068,11.8203],[107.4086,11.8206],[107.4083,11.8234],[107.4096,11.824],[107.4102,11.8254],[107.4121,11.8265],[107.4135,11.8268],[107.4134,11.8286],[107.4147,11.8307],[107.4141,11.8338],[107.4151,11.8342],[107.416,11.8323],[107.4172,11.8312],[107.4177,11.834],[107.4159,11.8348],[107.4164,11.8359],[107.4165,11.838],[107.4172,11.838],[107.419,11.8404],[107.419,11.8416],[107.4205,11.8421],[107.422,11.8445],[107.4252,11.8448],[107.427,11.8459],[107.4272,11.8477],[107.4264,11.8504],[107.4266,11.8516],[107.4263,11.854],[107.4261,11.8585],[107.4255,11.8599],[107.4242,11.8606],[107.4224,11.8633],[107.4206,11.8641],[107.4186,11.8654],[107.4175,11.8645],[107.4149,11.8648],[107.4124,11.864],[107.409,11.865],[107.4068,11.8676],[107.4061,11.87],[107.406,11.8757],[107.4044,11.8769],[107.4042,11.8787],[107.4027,11.88],[107.4031,11.8812],[107.4016,11.882],[107.4012,11.8838],[107.4004,11.885],[107.4013,11.8859],[107.4015,11.8874],[107.4007,11.8881],[107.4006,11.8907],[107.395,11.8963],[107.3941,11.8956],[107.386,11.9124],[107.3869,11.9156],[107.3855,11.9162],[107.3848,11.9177],[107.3853,11.9186],[107.3819,11.9214],[107.3806,11.923],[107.3789,11.9234],[107.3772,11.9227],[107.3748,11.9238],[107.3744,11.9262],[107.3718,11.927],[107.3708,11.9269],[107.3695,11.928],[107.3685,11.9319],[107.3663,11.9333],[107.3685,11.934],[107.3694,11.9336],[107.3729,11.9341],[107.3762,11.9332],[107.3828,11.9353],[107.3829,11.9372],[107.3837,11.9383],[107.3837,11.9397],[107.3843,11.9408],[107.3857,11.9409],[107.3854,11.9421],[107.387,11.9439],[107.3889,11.9454],[107.3898,11.9478],[107.391,11.9493],[107.3936,11.9498],[107.3945,11.9489],[107.3959,11.9491],[107.3963,11.9501],[107.3982,11.9502],[107.3991,11.9482],[107.4012,11.9479],[107.4022,11.9491],[107.4019,11.9517],[107.4024,11.9522],[107.4046,11.9522],[107.4061,11.9531],[107.4081,11.9553],[107.4071,11.9575],[107.4053,11.9583],[107.4042,11.9582],[107.4036,11.9591],[107.4036,11.9619],[107.4063,11.9632],[107.4057,11.9647],[107.4083,11.9638],[107.4096,11.965],[107.4114,11.9647],[107.4133,11.9674],[107.4153,11.9672],[107.4149,11.969],[107.4128,11.9689],[107.4133,11.9711],[107.416,11.9729],[107.4149,11.9738],[107.4158,11.9755],[107.4139,11.9768],[107.4154,11.9777],[107.4154,11.9791],[107.4172,11.9791],[107.418,11.9801],[107.4183,11.9817],[107.4194,11.9823],[107.4185,11.9836],[107.4173,11.9819],[107.4156,11.9837],[107.4152,11.9857],[107.4163,11.9858],[107.4168,11.9878],[107.4159,11.9881],[107.4167,11.9896],[107.4183,11.9898],[107.4184,11.9906],[107.4225,11.9911],[107.4238,11.9902],[107.4264,11.9914],[107.4283,11.9915],[107.4318,11.993],[107.4371,11.9949],[107.4402,11.9952],[107.4427,11.9924],[107.4453,11.9921],[107.4479,11.9913],[107.4504,11.9917],[107.4533,11.9911],[107.455,11.9922]]]},"properties":{"name":"Quảng Tín","level":"ward"}},{"type":"Feature","geometry":{"type":"Polygon","coordinates":[[[108.505,11.9868],[108.5049,11.9843],[108.5028,11.9831],[108.5019,11.9814],[108.5031,11.979],[108.5051,11.9787],[108.5061,11.9773],[108.5059,11.9762],[108.5075,11.9735],[108.5055,11.9716],[108.5034,11.9714],[108.5034,11.9699],[108.502,11.9686],[108.5013,11.9691],[108.4991,11.9666],[108.4997,11.9658],[108.497,11.9628],[108.497,11.96],[108.4954,11.9598],[108.4907,11.9612],[108.4898,11.9604],[108.4892,11.9584],[108.4872,11.9571],[108.4864,11.955],[108.4836,11.9541],[108.4822,11.9542],[108.4807,11.9551],[108.4788,11.9552],[108.4747,11.9523],[108.4739,11.9513],[108.4749,11.9496],[108.4755,11.9469],[108.4751,11.9468],[108.4736,11.9498],[108.471,11.9469],[108.4697,11.9474],[108.4681,11.9472],[108.4661,11.9455],[108.4647,11.9462],[108.4641,11.9475],[108.4612,11.9448],[108.4575,11.9435],[108.457,11.9441],[108.4541,11.9421],[108.4529,11.9443],[108.4542,11.9458],[108.4554,11.9487],[108.4544,11.9488],[108.4534,11.9507],[108.4518,11.9511],[108.4494,11.9492],[108.4462,11.9514],[108.4445,11.9537],[108.4434,11.9544],[108.442,11.9544],[108.4405,11.9536],[108.4394,11.9521],[108.4383,11.9525],[108.4403,11.9558],[108.4393,11.9565],[108.4379,11.9565],[108.4361,11.9571],[108.4341,11.9558],[108.4335,11.9564],[108.4349,11.9583],[108.4339,11.9636],[108.4344,11.9645],[108.4343,11.9669],[108.4362,11.9684],[108.4355,11.9695],[108.4353,11.973],[108.4363,11.9739],[108.4386,11.9747],[108.4361,11.9767],[108.4358,11.9779],[108.4365,11.9795],[108.4385,11.9815],[108.4402,11.9839],[108.4396,11.9856],[108.4376,11.9874],[108.4391,11.9913],[108.4385,11.9929],[108.4405,11.9964],[108.4414,11.9992],[108.4452,12.0015],[108.4473,12.0021],[108.4491,12.0016],[108.4493,12.0028],[108.4516,12.0053],[108.4517,12.0066],[108.4529,12.0079],[108.4539,12.0078],[108.4557,12.0086],[108.4561,12.0079],[108.4587,12.0072],[108.4608,12.0077],[108.4634,12.006],[108.464,12.0036],[108.4639,12.0016],[108.4634,11.9991],[108.4659,11.9976],[108.4661,11.9962],[108.468,11.9952],[108.4685,11.9939],[108.4722,11.994],[108.4738,11.9928],[108.4744,11.9889],[108.476,11.9887],[108.4773,11.9894],[108.479,11.9911],[108.4809,11.9906],[108.4814,11.9918],[108.4843,11.9928],[108.4866,11.9922],[108.4918,11.993],[108.4936,11.9919],[108.4959,11.9898],[108.4984,11.9903],[108.499,11.9889],[108.505,11.9868]]]},"properties":{"name":"Lâm Viên - Đà Lạt","level":"ward"}},{"type":"Feature","geometry":{"type":"Polygon","coordinates":[[[108.4335,11.9564],[108.4341,11.9558],[108.4361,11.9571],[108.4379,11.9565],[108.4393,11.9565],[108.4403,11.9558],[108.4383,11.9525],[108.4394,11.9521],[108.4405,11.9536],[108.442,11.9544],[108.4434,11.9544],[108.4445,11.9537],[108.4462,11.9514],[108.4494,11.9492],[108.4518,11.9511],[108.4534,11.9507],[108.4544,11.9488],[108.4554,11.9487],[108.4542,11.9458],[108.4529,11.9443],[108.4541,11.9421],[108.457,11.9441],[108.4575,11.9435],[108.4612,11.9448],[108.4641,11.9475],[108.4647,11.9462],[108.4661,11.9455],[108.4681,11.9472],[108.4697,11.9474],[108.471,11.9469],[108.4722,11.9459],[108.4732,11.9433],[108.4727,11.9411],[108.4729,11.9403],[108.4745,11.9395],[108.4735,11.937],[108.4735,11.9359],[108.4748,11.935],[108.4745,11.9332],[108.4757,11.9322],[108.476,11.9292],[108.4776,11.9253],[108.4762,11.9229],[108.4744,11.9227],[108.4739,11.9214],[108.4737,11.9183],[108.4719,11.9153],[108.4728,11.9134],[108.4721,11.9123],[108.4723,11.9108],[108.4734,11.9081],[108.4763,11.9077],[108.4799,11.9083],[108.4825,11.9083],[108.4838,11.9094],[108.485,11.9086],[108.487,11.9087],[108.4889,11.9076],[108.493,11.906],[108.4936,11.905],[108.4927,11.9037],[108.4912,11.9031],[108.4888,11.8978],[108.4879,11.897],[108.4896,11.8954],[108.4905,11.894],[108.4921,11.8899],[108.4929,11.8896],[108.4948,11.8902],[108.495,11.8872],[108.4966,11.8876],[108.4972,11.8852],[108.4959,11.8813],[108.4971,11.8807],[108.4968,11.8795],[108.4957,11.8789],[108.4956,11.8771],[108.4937,11.8764],[108.495,11.8754],[108.495,11.8733],[108.496,11.8724],[108.4948,11.8692],[108.493,11.867],[108.492,11.8644],[108.4908,11.8665],[108.4889,11.8669],[108.4879,11.8676],[108.4871,11.8694],[108.4852,11.8709],[108.4824,11.8721],[108.4807,11.87],[108.4794,11.8696],[108.4752,11.8717],[108.4691,11.8738],[108.4678,11.8751],[108.4678,11.8762],[108.4662,11.8775],[108.4659,11.8788],[108.4647,11.8794],[108.4629,11.8794],[108.4617,11.8807],[108.4621,11.8821],[108.4613,11.8849],[108.4604,11.8851],[108.4575,11.8825],[108.456,11.8817],[108.4544,11.8814],[108.4529,11.8798],[108.45,11.88],[108.4488,11.8786],[108.4459,11.8766],[108.445,11.8768],[108.4439,11.8756],[108.4435,11.873],[108.4415,11.871],[108.4406,11.8708],[108.4393,11.8692],[108.4376,11.8678],[108.4358,11.8656],[108.4331,11.8645],[108.4291,11.8619],[108.4285,11.86],[108.4289,11.8574],[108.4284,11.8553],[108.4265,11.8535],[108.4195,11.8566],[108.4174,11.8599],[108.4175,11.8617],[108.4165,11.863],[108.415,11.8638],[108.412,11.866],[108.4097,11.8657],[108.4049,11.8679],[108.4039,11.8697],[108.4022,11.8705],[108.4003,11.8727],[108.399,11.8733],[108.3976,11.8755],[108.3964,11.8756],[108.3959,11.8766],[108.3926,11.8788],[108.3918,11.8788],[108.3914,11.8794],[108.3915,11.8816],[108.3921,11.8828],[108.3949,11.885],[108.3958,11.8865],[108.3959,11.8888],[108.3977,11.8918],[108.3969,11.8946],[108.3961,11.8954],[108.3992,11.8995],[108.4007,11.9008],[108.4017,11.9033],[108.4035,11.9035],[108.4037,11.9057],[108.4054,11.907],[108.4031,11.9078],[108.4014,11.908],[108.3998,11.9101],[108.4018,11.9138],[108.4026,11.9142],[108.4021,11.9156],[108.4028,11.9161],[108.4044,11.916],[108.4051,11.9187],[108.4065,11.9187],[108.4082,11.92],[108.4078,11.9221],[108.4097,11.923],[108.4113,11.9233],[108.411,11.9248],[108.4121,11.9257],[108.4112,11.9267],[108.4098,11.9266],[108.4088,11.9272],[108.409,11.9288],[108.4112,11.9285],[108.4124,11.9275],[108.4141,11.9282],[108.4143,11.9301],[108.4136,11.9309],[108.4137,11.9327],[108.4153,11.9335],[108.4169,11.9327],[108.4192,11.9329],[108.4208,11.9339],[108.4223,11.937],[108.4238,11.9375],[108.4253,11.9396],[108.4257,11.9409],[108.4279,11.9416],[108.4312,11.9404],[108.432,11.9413],[108.4338,11.9447],[108.4343,11.9481],[108.4324,11.9511],[108.431,11.9547],[108.4335,11.9564]]]},"properties":{"name":"Xuân Hương - Đà Lạt","level":"ward"}},{"type":"Feature","geometry":{"type":"Polygon","coordinates":[[[108.431,11.9547],[108.4324,11.9511],[108.4343,11.9481],[108.4338,11.9447],[108.432,11.9413],[108.4312,11.9404],[108.4279,11.9416],[108.4257,11.9409],[108.4253,11.9396],[108.4238,11.9375],[108.4223,11.937],[108.4208,11.9339],[108.4192,11.9329],[108.4169,11.9327],[108.4153,11.9335],[108.4137,11.9327],[108.4136,11.9309],[108.4143,11.9301],[108.4141,11.9282],[108.4124,11.9275],[108.4112,11.9285],[108.409,11.9288],[108.4088,11.9272],[108.4098,11.9266],[108.4112,11.9267],[108.4121,11.9257],[108.411,11.9248],[108.4113,11.9233],[108.4097,11.923],[108.4078,11.9221],[108.4082,11.92],[108.4065,11.9187],[108.4051,11.9187],[108.4044,11.916],[108.4028,11.9161],[108.4021,11.9156],[108.4026,11.9142],[108.4018,11.9138],[108.3998,11.9101],[108.4014,11.908],[108.4031,11.9078],[108.4054,11.907],[108.4037,11.9057],[108.4035,11.9035],[108.4017,11.9033],[108.4007,11.9008],[108.3992,11.8995],[108.3961,11.8954],[108.3969,11.8946],[108.3977,11.8918],[108.3959,11.8888],[108.3958,11.8865],[108.3949,11.885],[108.3921,11.8828],[108.3915,11.8816],[108.3914,11.8794],[108.3918,11.8788],[108.3887,11.8788],[108.3881,11.8804],[108.3867,11.8824],[108.3864,11.8857],[108.3848,11.8893],[108.3829,11.8909],[108.3803,11.8917],[108.3787,11.891],[108.376,11.8929],[108.3743,11.8908],[108.3727,11.8904],[108.3708,11.8934],[108.3694,11.8946],[108.3691,11.8962],[108.366,11.8993],[108.3625,11.8988],[108.3619,11.8978],[108.3602,11.897],[108.3593,11.8955],[108.3578,11.8951],[108.3564,11.894],[108.3555,11.8946],[108.3527,11.8918],[108.3508,11.8903],[108.3492,11.8911],[108.3492,11.8932],[108.3465,11.8933],[108.3445,11.8975],[108.3427,11.8987],[108.3404,11.8985],[108.3381,11.8991],[108.3375,11.9004],[108.3378,11.9033],[108.3405,11.9027],[108.3406,11.9036],[108.3381,11.9058],[108.3378,11.9069],[108.3353,11.9087],[108.3323,11.9075],[108.3288,11.9075],[108.3278,11.9061],[108.3266,11.9057],[108.3255,11.9083],[108.324,11.9088],[108.3229,11.9106],[108.321,11.9121],[108.3186,11.9168],[108.3193,11.9173],[108.3184,11.9221],[108.319,11.9243],[108.3179,11.9255],[108.3164,11.9258],[108.3153,11.9254],[108.3161,11.9265],[108.3153,11.9275],[108.3155,11.9291],[108.3163,11.93],[108.3183,11.9358],[108.3177,11.9376],[108.3215,11.9393],[108.3223,11.9405],[108.322,11.9436],[108.3206,11.9447],[108.323,11.9472],[108.3234,11.9524],[108.3224,11.9538],[108.3236,11.9555],[108.3268,11.9591],[108.3242,11.9603],[108.3253,11.9617],[108.3269,11.9619],[108.3285,11.9629],[108.3292,11.9646],[108.3322,11.9656],[108.3331,11.9646],[108.3382,11.964],[108.338,11.9667],[108.3369,11.9686],[108.3354,11.9694],[108.3366,11.971],[108.339,11.9757],[108.3419,11.9763],[108.3437,11.9784],[108.3458,11.9787],[108.3467,11.9804],[108.3489,11.9803],[108.3524,11.9779],[108.3548,11.9767],[108.3547,11.976],[108.3567,11.9748],[108.3569,11.9733],[108.3583,11.9714],[108.3606,11.9718],[108.3631,11.9703],[108.3647,11.9688],[108.3662,11.9684],[108.3688,11.9708],[108.3699,11.971],[108.3711,11.9691],[108.371,11.9679],[108.3738,11.965],[108.3741,11.9636],[108.3738,11.9622],[108.3749,11.9617],[108.3768,11.9617],[108.3785,11.9603],[108.3812,11.9605],[108.383,11.9592],[108.3844,11.96],[108.3868,11.9594],[108.3887,11.9601],[108.39,11.9616],[108.3919,11.9617],[108.3938,11.9633],[108.3967,11.9632],[108.3981,11.9645],[108.399,11.9645],[108.4008,11.9664],[108.402,11.966],[108.4022,11.9675],[108.4049,11.9667],[108.407,11.9666],[108.4084,11.966],[108.409,11.9641],[108.4091,11.9625],[108.4101,11.9623],[108.4113,11.9607],[108.413,11.9598],[108.4148,11.9602],[108.4138,11.9566],[108.4142,11.9556],[108.4163,11.9559],[108.4177,11.9545],[108.42,11.9553],[108.4202,11.956],[108.4224,11.956],[108.4225,11.9572],[108.4237,11.9587],[108.4254,11.959],[108.4276,11.9601],[108.4291,11.9585],[108.431,11.9547]]]},"properties":{"name":"Cam Ly - Đà Lạt","level":"ward"}},{"type":"Feature","geometry":{"type":"Polygon","coordinates":[[[108.471,11.9469],[108.4736,11.9498],[108.4751,11.9468],[108.4755,11.9469],[108.4749,11.9496],[108.4739,11.9513],[108.4747,11.9523],[108.4788,11.9552],[108.4807,11.9551],[108.4822,11.9542],[108.4836,11.9541],[108.4864,11.955],[108.4872,11.9571],[108.4892,11.9584],[108.4898,11.9604],[108.4907,11.9612],[108.4954,11.9598],[108.497,11.96],[108.497,11.9628],[108.4997,11.9658],[108.4991,11.9666],[108.5013,11.9691],[108.502,11.9686],[108.5034,11.9699],[108.5034,11.9714],[108.5055,11.9716],[108.5075,11.9735],[108.5059,11.9762],[108.5061,11.9773],[108.5051,11.9787],[108.5031,11.979],[108.5019,11.9814],[108.5028,11.9831],[108.5049,11.9843],[108.505,11.9868],[108.5075,11.9873],[108.5073,11.9861],[108.5101,11.9854],[108.5115,11.9861],[108.5143,11.9866],[108.5153,11.9849],[108.5168,11.9838],[108.5205,11.9838],[108.5226,11.9845],[108.5249,11.9839],[108.528,11.9854],[108.53,11.9839],[108.5318,11.9844],[108.5329,11.9837],[108.5352,11.9838],[108.5366,11.9818],[108.5381,11.9803],[108.5401,11.9799],[108.5416,11.978],[108.5439,11.9778],[108.5456,11.9762],[108.5481,11.9757],[108.5493,11.975],[108.5499,11.9762],[108.5509,11.9762],[108.5546,11.9748],[108.5575,11.9743],[108.5587,11.9728],[108.5611,11.9724],[108.5615,11.9704],[108.5641,11.9682],[108.5652,11.9661],[108.5683,11.964],[108.5707,11.9629],[108.5709,11.9621],[108.5702,11.9596],[108.5684,11.9587],[108.5681,11.9562],[108.5657,11.951],[108.5658,11.9473],[108.5665,11.9435],[108.5646,11.9397],[108.5644,11.9388],[108.5654,11.9373],[108.567,11.9358],[108.5677,11.9342],[108.5696,11.9314],[108.5719,11.9284],[108.5737,11.927],[108.5743,11.9255],[108.5742,11.9217],[108.5732,11.9191],[108.5743,11.9173],[108.5758,11.9122],[108.5778,11.9099],[108.5788,11.9073],[108.5803,11.9059],[108.5817,11.9058],[108.5847,11.9067],[108.5859,11.9061],[108.5891,11.9056],[108.5904,11.9049],[108.5925,11.9048],[108.5926,11.9028],[108.5914,11.8987],[108.5892,11.8955],[108.588,11.8941],[108.584,11.8913],[108.5836,11.89],[108.5857,11.8888],[108.5869,11.8854],[108.5871,11.8827],[108.5863,11.8798],[108.5868,11.874],[108.5874,11.8707],[108.5864,11.8697],[108.5894,11.8677],[108.5907,11.8674],[108.5946,11.8645],[108.5946,11.8612],[108.5949,11.86],[108.5917,11.8565],[108.5901,11.8536],[108.5901,11.8507],[108.5885,11.8511],[108.586,11.8524],[108.5846,11.8536],[108.5834,11.8515],[108.5835,11.8498],[108.5815,11.8498],[108.5801,11.849],[108.5793,11.8478],[108.5793,11.8464],[108.5769,11.8471],[108.5759,11.8462],[108.5501,11.831],[108.5478,11.827],[108.5455,11.8258],[108.5453,11.8232],[108.5446,11.8227],[108.5438,11.8208],[108.5425,11.8205],[108.5423,11.8191],[108.5432,11.8162],[108.5425,11.8152],[108.5393,11.8143],[108.5374,11.8123],[108.536,11.8116],[108.5354,11.8087],[108.5346,11.8079],[108.5322,11.8088],[108.531,11.8098],[108.5275,11.8098],[108.5262,11.8092],[108.5223,11.8111],[108.5219,11.8137],[108.5211,11.8145],[108.5191,11.8147],[108.5053,11.8114],[108.5051,11.8126],[108.5013,11.8148],[108.4988,11.815],[108.4966,11.8163],[108.4972,11.8179],[108.4954,11.8214],[108.4938,11.8226],[108.4926,11.8221],[108.4905,11.8231],[108.4873,11.8251],[108.4897,11.8271],[108.4935,11.8287],[108.4958,11.8288],[108.4971,11.8299],[108.4982,11.8317],[108.5008,11.834],[108.5011,11.8349],[108.5035,11.8367],[108.5055,11.839],[108.5056,11.8404],[108.5051,11.842],[108.5052,11.8435],[108.5034,11.8444],[108.4991,11.8471],[108.4957,11.8477],[108.4954,11.8488],[108.4941,11.8503],[108.4925,11.8512],[108.4916,11.8536],[108.4907,11.8545],[108.4872,11.8557],[108.4863,11.8552],[108.4838,11.855],[108.482,11.8553],[108.4804,11.8568],[108.4809,11.8574],[108.4843,11.8596],[108.4853,11.8606],[108.4873,11.8615],[108.4884,11.8633],[108.492,11.8644],[108.493,11.867],[108.4948,11.8692],[108.496,11.8724],[108.495,11.8733],[108.495,11.8754],[108.4937,11.8764],[108.4956,11.8771],[108.4957,11.8789],[108.4968,11.8795],[108.4971,11.8807],[108.4959,11.8813],[108.4972,11.8852],[108.4966,11.8876],[108.495,11.8872],[108.4948,11.8902],[108.4929,11.8896],[108.4921,11.8899],[108.4905,11.894],[108.4896,11.8954],[108.4879,11.897],[108.4888,11.8978],[108.4912,11.9031],[108.4927,11.9037],[108.4936,11.905],[108.493,11.906],[108.4889,11.9076],[108.487,11.9087],[108.485,11.9086],[108.4838,11.9094],[108.4825,11.9083],[108.4799,11.9083],[108.4763,11.9077],[108.4734,11.9081],[108.4723,11.9108],[108.4721,11.9123],[108.4728,11.9134],[108.4719,11.9153],[108.4737,11.9183],[108.4739,11.9214],[108.4744,11.9227],[108.4762,11.9229],[108.4776,11.9253],[108.476,11.9292],[108.4757,11.9322],[108.4745,11.9332],[108.4748,11.935],[108.4735,11.9359],[108.4735,11.937],[108.4745,11.9395],[108.4729,11.9403],[108.4727,11.9411],[108.4732,11.9433],[108.4722,11.9459],[108.471,11.9469]]]},"properties":{"name":"Xuân Trường - Đà Lạt","level":"ward"}},{"type":"Feature","geometry":{"type":"Polygon","coordinates":[[[107.7279,11.6533],[107.728,11.6551],[107.7294,11.6561],[107.7308,11.6544],[107.7323,11.6533],[107.734,11.6527],[107.7356,11.6537],[107.7383,11.6545],[107.7393,11.6534],[107.7425,11.6526],[107.744,11.6515],[107.7462,11.6508],[107.7472,11.6484],[107.7469,11.6476],[107.7478,11.6465],[107.752,11.6463],[107.7542,11.6454],[107.7544,11.6448],[107.7591,11.6421],[107.7586,11.6377],[107.7596,11.636],[107.7618,11.6354],[107.7643,11.6359],[107.766,11.6359],[107.7676,11.633],[107.7694,11.6315],[107.7716,11.6285],[107.773,11.6244],[107.7748,11.6217],[107.7747,11.6189],[107.7753,11.6157],[107.7753,11.6129],[107.7769,11.6132],[107.7799,11.6127],[107.7836,11.6132],[107.7857,11.6131],[107.7886,11.6119],[107.7891,11.6109],[107.7877,11.6092],[107.7879,11.6084],[107.7898,11.6063],[107.7917,11.6059],[107.793,11.6048],[107.7934,11.6037],[107.7946,11.603],[107.7972,11.6022],[107.7993,11.6008],[107.8009,11.6006],[107.8042,11.5995],[107.8063,11.5981],[107.8077,11.5979],[107.8061,11.5961],[107.8048,11.5958],[107.8049,11.5946],[107.8029,11.5915],[107.8046,11.5891],[107.8068,11.5872],[107.8066,11.5848],[107.8067,11.5813],[107.8077,11.5803],[107.8082,11.576],[107.8101,11.5746],[107.8103,11.5731],[107.8125,11.5714],[107.8139,11.5697],[107.8099,11.5668],[107.8117,11.5656],[107.8097,11.5631],[107.8097,11.5615],[107.8088,11.5524],[107.8078,11.5515],[107.808,11.5496],[107.805,11.5437],[107.8025,11.5434],[107.7971,11.5393],[107.7943,11.5385],[107.7947,11.5396],[107.7918,11.5417],[107.79,11.5439],[107.7865,11.5474],[107.7854,11.5489],[107.7869,11.55],[107.7868,11.5522],[107.7863,11.5538],[107.7867,11.5563],[107.7862,11.5581],[107.7861,11.5612],[107.7856,11.563],[107.7836,11.5667],[107.7824,11.5703],[107.7841,11.5705],[107.7839,11.572],[107.783,11.5736],[107.7837,11.5754],[107.7836,11.5774],[107.7822,11.5803],[107.7809,11.5801],[107.7801,11.5755],[107.7788,11.5741],[107.7794,11.5728],[107.779,11.5719],[107.7795,11.5675],[107.7785,11.566],[107.7754,11.5641],[107.7722,11.5602],[107.7698,11.5585],[107.7679,11.5587],[107.7655,11.5605],[107.7634,11.5602],[107.7601,11.5575],[107.7581,11.5566],[107.7567,11.5552],[107.7549,11.5554],[107.754,11.5541],[107.7523,11.5482],[107.7454,11.5459],[107.7432,11.5455],[107.7421,11.5445],[107.7414,11.5423],[107.7416,11.5402],[107.7407,11.5397],[107.7391,11.54],[107.7381,11.5407],[107.7356,11.5413],[107.7323,11.5403],[107.7331,11.5368],[107.7323,11.535],[107.7309,11.5363],[107.7276,11.5375],[107.7265,11.5367],[107.7247,11.5337],[107.7234,11.5325],[107.7228,11.5304],[107.7242,11.5282],[107.7237,11.5258],[107.7231,11.5255],[107.7226,11.5228],[107.7217,11.5228],[107.7209,11.5241],[107.7196,11.5231],[107.7178,11.5241],[107.7154,11.5228],[107.7152,11.5219],[107.7129,11.5211],[107.711,11.5196],[107.7102,11.5198],[107.709,11.5187],[107.7093,11.5172],[107.7085,11.5152],[107.7097,11.5134],[107.7087,11.5102],[107.7067,11.5098],[107.7054,11.5091],[107.7028,11.5087],[107.7017,11.5071],[107.7018,11.5048],[107.6975,11.5024],[107.6961,11.5012],[107.6939,11.5316],[107.6808,11.5447],[107.6744,11.5614],[107.6721,11.5664],[107.6706,11.5717],[107.668,11.581],[107.665,11.5832],[107.6657,11.5856],[107.6681,11.5877],[107.6675,11.5904],[107.6681,11.5914],[107.67,11.592],[107.6716,11.5936],[107.6733,11.5944],[107.6731,11.5998],[107.672,11.5994],[107.6691,11.6005],[107.6682,11.6004],[107.6659,11.6026],[107.6644,11.6027],[107.6631,11.6043],[107.6614,11.6052],[107.6602,11.6065],[107.6594,11.6094],[107.6603,11.6112],[107.6589,11.6136],[107.659,11.6152],[107.66,11.6159],[107.6606,11.6183],[107.6598,11.6217],[107.6585,11.623],[107.6588,11.6255],[107.6584,11.6271],[107.6572,11.6297],[107.6572,11.6332],[107.6568,11.6383],[107.6555,11.6398],[107.6522,11.641],[107.6487,11.6439],[107.6448,11.6446],[107.642,11.6435],[107.6401,11.6448],[107.6417,11.6465],[107.641,11.6473],[107.6397,11.646],[107.6376,11.647],[107.6387,11.65],[107.6401,11.6496],[107.6404,11.6508],[107.6399,11.6525],[107.641,11.6547],[107.6411,11.6564],[107.6438,11.656],[107.644,11.6575],[107.6455,11.6581],[107.6474,11.6614],[107.6487,11.6631],[107.651,11.6613],[107.6508,11.6598],[107.6529,11.6595],[107.6531,11.6606],[107.6552,11.6611],[107.6561,11.6605],[107.6599,11.6606],[107.6625,11.6598],[107.6661,11.6578],[107.6693,11.6567],[107.6714,11.6576],[107.6758,11.6582],[107.6808,11.6579],[107.6871,11.6567],[107.6922,11.6574],[107.6949,11.6569],[107.6954,11.6591],[107.693,11.6622],[107.6914,11.6634],[107.6935,11.6663],[107.6942,11.666],[107.6968,11.6639],[107.6976,11.6638],[107.6991,11.6625],[107.7015,11.6614],[107.7031,11.6614],[107.7048,11.6604],[107.7074,11.6598],[107.7093,11.6604],[107.7113,11.6601],[107.7136,11.6593],[107.715,11.6584],[107.7165,11.6583],[107.7185,11.6559],[107.721,11.6565],[107.7219,11.6557],[107.724,11.6555],[107.726,11.6522],[107.7279,11.6523],[107.7279,11.6533]]]},"properties":{"name":"2 Bảo Lộc","level":"ward"}},{"type":"Feature","geometry":{"type":"Polygon","coordinates":[[[107.805,11.5437],[107.808,11.5496],[107.8078,11.5515],[107.8088,11.5524],[107.8097,11.5615],[107.8097,11.5631],[107.8117,11.5656],[107.8099,11.5668],[107.8139,11.5697],[107.8125,11.5714],[107.8103,11.5731],[107.8101,11.5746],[107.8082,11.576],[107.8077,11.5803],[107.8067,11.5813],[107.8066,11.5848],[107.8068,11.5872],[107.8046,11.5891],[107.8029,11.5915],[107.8049,11.5946],[107.8048,11.5958],[107.8061,11.5961],[107.8077,11.5979],[107.8102,11.5977],[107.8123,11.5993],[107.8138,11.6017],[107.8138,11.6025],[107.8156,11.6044],[107.8179,11.6034],[107.8211,11.6032],[107.8221,11.604],[107.8239,11.6024],[107.8256,11.6021],[107.8289,11.5999],[107.829,11.5988],[107.8301,11.5983],[107.8334,11.594],[107.8355,11.5923],[107.836,11.5939],[107.837,11.5948],[107.8397,11.5952],[107.8414,11.5964],[107.8435,11.5962],[107.8442,11.6001],[107.8442,11.6056],[107.8473,11.6056],[107.8496,11.6044],[107.8525,11.6039],[107.8553,11.6039],[107.8569,11.6032],[107.8594,11.6032],[107.8601,11.6041],[107.8634,11.6036],[107.864,11.6015],[107.867,11.602],[107.8697,11.5993],[107.872,11.5983],[107.8732,11.5992],[107.8747,11.5987],[107.8762,11.6003],[107.8771,11.5997],[107.8797,11.6011],[107.8801,11.6031],[107.882,11.6011],[107.8841,11.6008],[107.8852,11.6028],[107.8887,11.6025],[107.8894,11.6014],[107.8911,11.5998],[107.8895,11.5972],[107.8901,11.596],[107.8914,11.5957],[107.8937,11.5945],[107.8938,11.5935],[107.8918,11.5936],[107.8903,11.5918],[107.8897,11.5875],[107.8906,11.5861],[107.8888,11.5854],[107.8894,11.5836],[107.8886,11.5814],[107.8873,11.5813],[107.887,11.5793],[107.8856,11.5796],[107.8848,11.5783],[107.8828,11.5778],[107.8824,11.5765],[107.8811,11.5761],[107.8799,11.5748],[107.8808,11.5732],[107.882,11.5721],[107.8832,11.5701],[107.8802,11.5692],[107.88,11.5683],[107.8826,11.5671],[107.8825,11.5664],[107.8804,11.5662],[107.8775,11.5642],[107.8785,11.5631],[107.8806,11.562],[107.8787,11.5602],[107.8777,11.5611],[107.8765,11.5603],[107.8756,11.5618],[107.8729,11.5615],[107.8721,11.5606],[107.8696,11.5616],[107.8684,11.5627],[107.8673,11.5624],[107.8656,11.5609],[107.8665,11.559],[107.8657,11.5582],[107.866,11.5571],[107.8656,11.5552],[107.8643,11.5542],[107.8626,11.5537],[107.8612,11.5517],[107.8627,11.55],[107.8647,11.5485],[107.8638,11.5462],[107.8655,11.5459],[107.8655,11.545],[107.8639,11.5442],[107.8624,11.5451],[107.8592,11.5436],[107.8566,11.5444],[107.8543,11.5438],[107.8533,11.5423],[107.8539,11.541],[107.8521,11.5395],[107.85,11.537],[107.8492,11.5368],[107.8481,11.5349],[107.8463,11.5354],[107.8418,11.5336],[107.8402,11.5322],[107.8387,11.5327],[107.838,11.5314],[107.8366,11.5312],[107.8352,11.5325],[107.8354,11.5334],[107.8345,11.5354],[107.8346,11.5363],[107.8331,11.538],[107.8329,11.5404],[107.8305,11.542],[107.8295,11.5432],[107.8261,11.5453],[107.8259,11.5472],[107.8244,11.5492],[107.8218,11.5409],[107.8138,11.5434],[107.8132,11.5424],[107.8133,11.5408],[107.8126,11.5397],[107.8106,11.5428],[107.8098,11.5433],[107.805,11.5437]]]},"properties":{"name":"1 Bảo Lộc","level":"ward"}},{"type":"Feature","geometry":{"type":"Polygon","coordinates":[[[107.7943,11.5385],[107.7971,11.5393],[107.8025,11.5434],[107.805,11.5437],[107.8098,11.5433],[107.8106,11.5428],[107.8126,11.5397],[107.8133,11.5408],[107.8132,11.5424],[107.8138,11.5434],[107.8218,11.5409],[107.8244,11.5492],[107.8259,11.5472],[107.8261,11.5453],[107.8295,11.5432],[107.8305,11.542],[107.8329,11.5404],[107.8331,11.538],[107.8346,11.5363],[107.8345,11.5354],[107.8354,11.5334],[107.8352,11.5325],[107.8366,11.5312],[107.838,11.5314],[107.8387,11.5327],[107.8402,11.5322],[107.8418,11.5336],[107.8463,11.5354],[107.8481,11.5349],[107.8492,11.5368],[107.85,11.537],[107.8521,11.5395],[107.8539,11.541],[107.8533,11.5423],[107.8543,11.5438],[107.8566,11.5444],[107.8592,11.5436],[107.8624,11.5451],[107.8639,11.5442],[107.8655,11.545],[107.8655,11.5459],[107.8638,11.5462],[107.8647,11.5485],[107.8627,11.55],[107.8612,11.5517],[107.8626,11.5537],[107.8643,11.5542],[107.8656,11.5552],[107.866,11.5571],[107.8657,11.5582],[107.8665,11.559],[107.8656,11.5609],[107.8673,11.5624],[107.8684,11.5627],[107.8696,11.5616],[107.8721,11.5606],[107.8729,11.5615],[107.8756,11.5618],[107.8765,11.5603],[107.8777,11.5611],[107.8787,11.5602],[107.8798,11.5571],[107.8781,11.5544],[107.8775,11.553],[107.8735,11.5512],[107.8728,11.5496],[107.8731,11.5466],[107.8722,11.5458],[107.8712,11.5469],[107.8701,11.5461],[107.8711,11.545],[107.8693,11.5429],[107.8717,11.5422],[107.8711,11.5409],[107.8699,11.5421],[107.8675,11.542],[107.8669,11.5412],[107.8691,11.5393],[107.871,11.5384],[107.8737,11.539],[107.8747,11.5385],[107.8748,11.5373],[107.8767,11.5366],[107.8779,11.5346],[107.878,11.5334],[107.8768,11.5316],[107.8789,11.5315],[107.8805,11.53],[107.8792,11.5285],[107.8776,11.5293],[107.8767,11.5292],[107.8771,11.5271],[107.8777,11.5266],[107.8797,11.5269],[107.8807,11.5258],[107.8798,11.5238],[107.88,11.5228],[107.8811,11.5224],[107.8826,11.5229],[107.8837,11.5219],[107.8839,11.5204],[107.8834,11.5189],[107.882,11.5166],[107.8796,11.5152],[107.8775,11.5119],[107.8757,11.5107],[107.8741,11.509],[107.8715,11.5093],[107.8705,11.5102],[107.8704,11.5117],[107.8714,11.5136],[107.8713,11.5149],[107.8688,11.5152],[107.8668,11.5145],[107.8645,11.5119],[107.8648,11.5105],[107.8666,11.5093],[107.8662,11.5082],[107.8645,11.5085],[107.863,11.508],[107.8592,11.5056],[107.8581,11.5067],[107.8592,11.5091],[107.8586,11.51],[107.8568,11.5104],[107.8561,11.5099],[107.8562,11.5083],[107.857,11.5063],[107.8551,11.5053],[107.853,11.5034],[107.8514,11.5037],[107.8498,11.503],[107.8475,11.5043],[107.8462,11.5038],[107.846,11.5027],[107.8445,11.5035],[107.8426,11.5062],[107.8405,11.5057],[107.8367,11.5054],[107.8363,11.5033],[107.8348,11.5036],[107.8343,11.5044],[107.8328,11.5032],[107.8309,11.5028],[107.8302,11.5037],[107.8292,11.5031],[107.8284,11.5045],[107.8266,11.5054],[107.8272,11.5069],[107.8282,11.5077],[107.8287,11.5092],[107.8273,11.5106],[107.8257,11.5132],[107.8261,11.514],[107.8248,11.5149],[107.8247,11.5161],[107.8231,11.5166],[107.8223,11.5148],[107.8197,11.5171],[107.8175,11.5168],[107.8163,11.5173],[107.815,11.516],[107.8142,11.5167],[107.8131,11.5159],[107.8117,11.5163],[107.8118,11.5173],[107.8105,11.518],[107.8091,11.5179],[107.8077,11.5186],[107.8071,11.5203],[107.8061,11.5204],[107.805,11.5192],[107.8035,11.5185],[107.8028,11.5174],[107.8007,11.5175],[107.7998,11.5161],[107.7986,11.5162],[107.7963,11.5172],[107.795,11.5168],[107.7946,11.518],[107.7929,11.5197],[107.7937,11.5205],[107.7928,11.5216],[107.7919,11.5194],[107.789,11.5203],[107.787,11.52],[107.7856,11.5231],[107.7867,11.5241],[107.7879,11.5269],[107.7897,11.5276],[107.7904,11.5288],[107.7926,11.5296],[107.7954,11.5294],[107.7946,11.533],[107.7926,11.5354],[107.792,11.538],[107.7943,11.5385]]]},"properties":{"name":"B'Lao","level":"ward"}},{"type":"Feature","geometry":{"type":"Polygon","coordinates":[[[107.6961,11.5012],[107.6975,11.5024],[107.7018,11.5048],[107.7017,11.5071],[107.7028,11.5087],[107.7054,11.5091],[107.7067,11.5098],[107.7087,11.5102],[107.7097,11.5134],[107.7085,11.5152],[107.7093,11.5172],[107.709,11.5187],[107.7102,11.5198],[107.711,11.5196],[107.7129,11.5211],[107.7152,11.5219],[107.7154,11.5228],[107.7178,11.5241],[107.7196,11.5231],[107.7209,11.5241],[107.7217,11.5228],[107.7226,11.5228],[107.7231,11.5255],[107.7237,11.5258],[107.7242,11.5282],[107.7228,11.5304],[107.7234,11.5325],[107.7247,11.5337],[107.7265,11.5367],[107.7276,11.5375],[107.7309,11.5363],[107.7323,11.535],[107.7331,11.5368],[107.7323,11.5403],[107.7356,11.5413],[107.7381,11.5407],[107.7391,11.54],[107.7407,11.5397],[107.7416,11.5402],[107.7414,11.5423],[107.7421,11.5445],[107.7432,11.5455],[107.7454,11.5459],[107.7523,11.5482],[107.754,11.5541],[107.7549,11.5554],[107.7567,11.5552],[107.7581,11.5566],[107.7601,11.5575],[107.7634,11.5602],[107.7655,11.5605],[107.7679,11.5587],[107.7698,11.5585],[107.7722,11.5602],[107.7754,11.5641],[107.7785,11.566],[107.7795,11.5675],[107.779,11.5719],[107.7794,11.5728],[107.7788,11.5741],[107.7801,11.5755],[107.7809,11.5801],[107.7822,11.5803],[107.7836,11.5774],[107.7837,11.5754],[107.783,11.5736],[107.7839,11.572],[107.7841,11.5705],[107.7824,11.5703],[107.7836,11.5667],[107.7856,11.563],[107.7861,11.5612],[107.7862,11.5581],[107.7867,11.5563],[107.7863,11.5538],[107.7868,11.5522],[107.7869,11.55],[107.7854,11.5489],[107.7865,11.5474],[107.79,11.5439],[107.7918,11.5417],[107.7947,11.5396],[107.7943,11.5385],[107.792,11.538],[107.7926,11.5354],[107.7946,11.533],[107.7954,11.5294],[107.7926,11.5296],[107.7904,11.5288],[107.7897,11.5276],[107.7879,11.5269],[107.7867,11.5241],[107.7856,11.5231],[107.787,11.52],[107.789,11.5203],[107.7919,11.5194],[107.7928,11.5216],[107.7937,11.5205],[107.7929,11.5197],[107.7946,11.518],[107.795,11.5168],[107.7963,11.5172],[107.7986,11.5162],[107.7998,11.5161],[107.8007,11.5175],[107.8028,11.5174],[107.8035,11.5185],[107.805,11.5192],[107.8056,11.5182],[107.8054,11.5161],[107.8069,11.5139],[107.806,11.513],[107.8066,11.5115],[107.806,11.5078],[107.8044,11.5059],[107.8045,11.5046],[107.8033,11.5026],[107.8032,11.5012],[107.8011,11.499],[107.8014,11.4977],[107.8028,11.4965],[107.804,11.4966],[107.8062,11.4955],[107.806,11.4943],[107.8035,11.4931],[107.8027,11.4914],[107.8028,11.4902],[107.8038,11.4883],[107.8034,11.4864],[107.8016,11.4842],[107.8041,11.4829],[107.805,11.4809],[107.8049,11.4785],[107.8033,11.4732],[107.8037,11.471],[107.8038,11.467],[107.8035,11.4655],[107.8024,11.4645],[107.8004,11.4607],[107.8014,11.4582],[107.8022,11.4574],[107.8026,11.455],[107.8003,11.4526],[107.798,11.4507],[107.7965,11.4499],[107.7963,11.448],[107.7951,11.4466],[107.7938,11.446],[107.7928,11.4464],[107.7898,11.4434],[107.79,11.4421],[107.7875,11.4414],[107.7865,11.4402],[107.7845,11.4391],[107.7836,11.4407],[107.7828,11.4403],[107.7818,11.4412],[107.7803,11.4451],[107.7794,11.4462],[107.7761,11.4484],[107.7761,11.4506],[107.7745,11.4515],[107.7732,11.4503],[107.7734,11.449],[107.7726,11.4483],[107.7737,11.4466],[107.7711,11.4437],[107.7707,11.445],[107.7694,11.4463],[107.7646,11.4476],[107.7625,11.4467],[107.761,11.4471],[107.7583,11.4468],[107.7575,11.4475],[107.7558,11.4479],[107.7538,11.4461],[107.75,11.4464],[107.7486,11.4454],[107.7413,11.4444],[107.7401,11.445],[107.7363,11.4453],[107.7333,11.4464],[107.729,11.4467],[107.727,11.4473],[107.7244,11.4471],[107.7237,11.4481],[107.7229,11.4508],[107.7217,11.4533],[107.7181,11.4557],[107.7175,11.4588],[107.718,11.4596],[107.7166,11.4617],[107.7165,11.464],[107.7159,11.4654],[107.7157,11.4672],[107.7136,11.4697],[107.7126,11.4722],[107.7142,11.4759],[107.7124,11.4767],[107.7117,11.478],[107.7089,11.4805],[107.7089,11.4815],[107.7074,11.4847],[107.7055,11.4865],[107.706,11.4881],[107.7061,11.4904],[107.7052,11.4925],[107.7033,11.4953],[107.7035,11.4965],[107.7003,11.4982],[107.6987,11.5009],[107.6961,11.5012]]]},"properties":{"name":"3 Bảo Lộc","level":"ward"}},{"type":"Feature","geometry":{"type":"Polygon","coordinates":[[[108.4539,12.0078],[108.4529,12.0079],[108.4517,12.0066],[108.4516,12.0053],[108.4493,12.0028],[108.4491,12.0016],[108.4473,12.0021],[108.4452,12.0015],[108.4414,11.9992],[108.4405,11.9964],[108.4385,11.9929],[108.4391,11.9913],[108.4376,11.9874],[108.4396,11.9856],[108.4402,11.9839],[108.4385,11.9815],[108.4365,11.9795],[108.4358,11.9779],[108.4361,11.9767],[108.4386,11.9747],[108.4363,11.9739],[108.4353,11.973],[108.4355,11.9695],[108.4362,11.9684],[108.4343,11.9669],[108.4344,11.9645],[108.4339,11.9636],[108.4349,11.9583],[108.4335,11.9564],[108.431,11.9547],[108.4291,11.9585],[108.4276,11.9601],[108.4254,11.959],[108.4237,11.9587],[108.4225,11.9572],[108.4224,11.956],[108.4202,11.956],[108.42,11.9553],[108.4177,11.9545],[108.4163,11.9559],[108.4142,11.9556],[108.4138,11.9566],[108.4148,11.9602],[108.413,11.9598],[108.4113,11.9607],[108.4101,11.9623],[108.4091,11.9625],[108.409,11.9641],[108.4084,11.966],[108.407,11.9666],[108.4049,11.9667],[108.4022,11.9675],[108.402,11.966],[108.4008,11.9664],[108.399,11.9645],[108.3981,11.9645],[108.3967,11.9632],[108.3938,11.9633],[108.3919,11.9617],[108.39,11.9616],[108.3887,11.9601],[108.3868,11.9594],[108.3844,11.96],[108.383,11.9592],[108.3812,11.9605],[108.3785,11.9603],[108.3768,11.9617],[108.3749,11.9617],[108.3738,11.9622],[108.3741,11.9636],[108.3738,11.965],[108.371,11.9679],[108.3711,11.9691],[108.3699,11.971],[108.3688,11.9708],[108.3662,11.9684],[108.3647,11.9688],[108.3631,11.9703],[108.3606,11.9718],[108.3583,11.9714],[108.3569,11.9733],[108.3567,11.9748],[108.3547,11.976],[108.3548,11.9767],[108.3524,11.9779],[108.3489,11.9803],[108.3467,11.9804],[108.3458,11.9787],[108.3437,11.9784],[108.3419,11.9763],[108.339,11.9757],[108.3366,11.971],[108.3354,11.9694],[108.3369,11.9686],[108.338,11.9667],[108.3382,11.964],[108.3331,11.9646],[108.3322,11.9656],[108.3292,11.9646],[108.3285,11.9629],[108.3269,11.9619],[108.3253,11.9617],[108.3242,11.9603],[108.3268,11.9591],[108.3236,11.9555],[108.3224,11.9538],[108.3234,11.9524],[108.323,11.9472],[108.3206,11.9447],[108.322,11.9436],[108.3223,11.9405],[108.3215,11.9393],[108.3177,11.9376],[108.3183,11.9358],[108.3163,11.93],[108.3155,11.9291],[108.3153,11.9275],[108.3161,11.9265],[108.3153,11.9254],[108.314,11.9253],[108.3107,11.9265],[108.3086,11.9281],[108.3078,11.9297],[108.3044,11.9302],[108.3029,11.9309],[108.3014,11.9308],[108.3002,11.9331],[108.2985,11.9336],[108.2964,11.9369],[108.2911,11.9415],[108.2913,11.9431],[108.2921,11.9446],[108.2921,11.9472],[108.2926,11.9491],[108.2909,11.9518],[108.2898,11.9526],[108.2899,11.9544],[108.2871,11.9557],[108.2874,11.9566],[108.2854,11.9591],[108.2841,11.9599],[108.2829,11.9592],[108.28,11.9607],[108.2794,11.9644],[108.2778,11.9658],[108.2765,11.968],[108.2777,11.9681],[108.2793,11.97],[108.2815,11.9701],[108.2827,11.9696],[108.2835,11.9703],[108.2846,11.9734],[108.2854,11.9748],[108.2849,11.9773],[108.2862,11.9794],[108.2876,11.9798],[108.2881,11.9816],[108.2892,11.9828],[108.2896,11.9846],[108.2912,11.9855],[108.2918,11.9875],[108.2916,11.99],[108.2924,11.9923],[108.2926,11.9944],[108.2946,11.9966],[108.2956,12],[108.2934,12.0018],[108.2949,12.0037],[108.297,12.0075],[108.2949,12.0088],[108.2951,12.0098],[108.2943,12.0116],[108.2944,12.0129],[108.2937,12.0141],[108.2941,12.0162],[108.2953,12.0175],[108.2953,12.0184],[108.2975,12.0186],[108.2995,12.0182],[108.3006,12.02],[108.3007,12.0209],[108.3022,12.0226],[108.3044,12.0223],[108.3048,12.0237],[108.3067,12.0238],[108.3092,12.0251],[108.3083,12.0227],[108.3095,12.0218],[108.3103,12.0221],[108.3128,12.0206],[108.3136,12.0209],[108.315,12.0228],[108.316,12.0259],[108.3156,12.0271],[108.3176,12.0309],[108.3205,12.0325],[108.32,12.0344],[108.3215,12.034],[108.3229,12.0328],[108.3231,12.0306],[108.3221,12.0303],[108.3259,12.0282],[108.3284,12.0274],[108.3294,12.0264],[108.3293,12.0242],[108.3313,12.0236],[108.3322,12.0221],[108.3339,12.0218],[108.3356,12.0195],[108.3371,12.0226],[108.3372,12.0243],[108.3357,12.0244],[108.335,12.0257],[108.3344,12.0279],[108.3348,12.0289],[108.3351,12.0322],[108.3344,12.0334],[108.3344,12.0346],[108.3361,12.0366],[108.3369,12.037],[108.3352,12.0407],[108.3355,12.0417],[108.3339,12.0443],[108.3339,12.0464],[108.3351,12.0476],[108.3366,12.0479],[108.3369,12.0489],[108.3369,12.0514],[108.3358,12.0527],[108.3367,12.0564],[108.3389,12.0585],[108.3387,12.0605],[108.3406,12.0636],[108.3424,12.0648],[108.3427,12.0658],[108.3464,12.0654],[108.3502,12.0637],[108.3526,12.0635],[108.3546,12.0623],[108.3567,12.0634],[108.3566,12.0658],[108.3595,12.0658],[108.3616,12.0666],[108.3652,12.0686],[108.3655,12.07],[108.3669,12.0701],[108.367,12.0711],[108.3684,12.0717],[108.3694,12.073],[108.3731,12.074],[108.3744,12.0763],[108.3741,12.0774],[108.3755,12.0783],[108.3768,12.0823],[108.3786,12.0851],[108.3783,12.0866],[108.379,12.0888],[108.3787,12.0907],[108.3771,12.0923],[108.377,12.0944],[108.3761,12.0947],[108.3767,12.0964],[108.3764,12.0988],[108.3781,12.1011],[108.3777,12.1031],[108.3759,12.1035],[108.3742,12.1028],[108.372,12.101],[108.3701,12.1016],[108.3688,12.1025],[108.3675,12.102],[108.3673,12.1035],[108.3659,12.1044],[108.3645,12.103],[108.3623,12.1027],[108.3611,12.1039],[108.3621,12.1051],[108.3616,12.1065],[108.3622,12.1091],[108.3631,12.1098],[108.3638,12.1133],[108.3654,12.1149],[108.3674,12.1155],[108.3673,12.1166],[108.3657,12.117],[108.3665,12.1192],[108.3654,12.1205],[108.3671,12.1208],[108.368,12.1228],[108.3697,12.1234],[108.3709,12.1227],[108.3736,12.1233],[108.3748,12.1223],[108.3758,12.1237],[108.3777,12.1253],[108.3792,12.1244],[108.3817,12.1256],[108.3822,12.1266],[108.3838,12.1266],[108.3851,12.1278],[108.3888,12.1276],[108.3896,12.1283],[108.3902,12.1314],[108.3915,12.1316],[108.3923,12.1354],[108.391,12.1361],[108.3915,12.139],[108.3906,12.139],[108.3905,12.143],[108.3926,12.1424],[108.3932,12.1444],[108.3904,12.146],[108.391,12.148],[108.3895,12.15],[108.3896,12.1515],[108.3921,12.1529],[108.3927,12.1551],[108.3912,12.1583],[108.3911,12.1596],[108.3941,12.1597],[108.3963,12.1607],[108.3975,12.1607],[108.3986,12.1617],[108.3998,12.1616],[108.4018,12.16],[108.4018,12.1572],[108.4032,12.1568],[108.4055,12.1571],[108.4075,12.1563],[108.4091,12.1571],[108.4089,12.1584],[108.4103,12.1619],[108.4146,12.1626],[108.4168,12.1621],[108.4176,12.1607],[108.4193,12.1616],[108.4199,12.1638],[108.421,12.1639],[108.4222,12.1632],[108.4252,12.1636],[108.4265,12.165],[108.4271,12.1672],[108.4297,12.1673],[108.4309,12.1691],[108.4324,12.1692],[108.4346,12.1721],[108.4365,12.1724],[108.4378,12.1732],[108.4392,12.1729],[108.4408,12.1736],[108.4432,12.1712],[108.4465,12.1715],[108.4486,12.1713],[108.4495,12.1721],[108.4523,12.1716],[108.4549,12.1731],[108.4557,12.1741],[108.4579,12.1742],[108.46,12.1755],[108.462,12.1777],[108.4636,12.1769],[108.4649,12.1746],[108.4675,12.1742],[108.4704,12.1733],[108.474,12.1753],[108.4753,12.1757],[108.4762,12.1768],[108.4776,12.1745],[108.478,12.1719],[108.4775,12.1689],[108.4788,12.1686],[108.4799,12.1658],[108.4819,12.1649],[108.4892,12.1599],[108.4913,12.16],[108.4929,12.1619],[108.4933,12.1607],[108.4927,12.1587],[108.4915,12.1575],[108.4909,12.1556],[108.4929,12.1544],[108.4952,12.1557],[108.4978,12.1532],[108.4987,12.1528],[108.5009,12.149],[108.5009,12.1484],[108.5029,12.1469],[108.5045,12.1463],[108.5061,12.1448],[108.51,12.1426],[108.5105,12.1442],[108.5124,12.1433],[108.5139,12.1441],[108.5183,12.144],[108.5228,12.1421],[108.527,12.1415],[108.5306,12.14],[108.5309,12.1384],[108.5296,12.1373],[108.5277,12.1343],[108.5246,12.1331],[108.5238,12.1305],[108.5219,12.1289],[108.5215,12.1277],[108.5197,12.1256],[108.5174,12.1239],[108.5159,12.1211],[108.515,12.1202],[108.5148,12.1186],[108.513,12.1173],[108.511,12.1152],[108.5066,12.1128],[108.5063,12.1099],[108.5044,12.1102],[108.5018,12.1088],[108.5007,12.1086],[108.4984,12.1061],[108.496,12.1058],[108.4931,12.1067],[108.4911,12.1062],[108.4916,12.1041],[108.4889,12.1018],[108.4875,12.0986],[108.4853,12.0971],[108.4843,12.0968],[108.4826,12.0945],[108.482,12.0927],[108.4796,12.0917],[108.4786,12.0898],[108.4786,12.0884],[108.4795,12.0874],[108.4792,12.0862],[108.4767,12.0841],[108.476,12.0825],[108.4766,12.0818],[108.4744,12.0809],[108.473,12.0808],[108.4705,12.0773],[108.4706,12.0737],[108.4695,12.0724],[108.4681,12.0719],[108.4672,12.0708],[108.4647,12.0706],[108.4634,12.0712],[108.4588,12.0682],[108.4546,12.0681],[108.4532,12.0677],[108.4522,12.0662],[108.4519,12.0645],[108.4533,12.0634],[108.4556,12.0625],[108.4538,12.061],[108.4521,12.0602],[108.4472,12.0529],[108.447,12.0501],[108.4455,12.046],[108.4449,12.0448],[108.4457,12.0432],[108.4527,12.0335],[108.4561,12.0318],[108.4575,12.0296],[108.4575,12.028],[108.4591,12.0248],[108.4581,12.0245],[108.4578,12.02],[108.4583,12.0189],[108.4573,12.0174],[108.457,12.0156],[108.4555,12.0151],[108.4551,12.0131],[108.4535,12.0118],[108.454,12.0108],[108.4539,12.0078]]]},"properties":{"name":"Lang Biang - Đà Lạt","level":"ward"}},{"type":"Feature","geometry":{"type":"Polygon","coordinates":[[[108.505,11.9868],[108.499,11.9889],[108.4984,11.9903],[108.4959,11.9898],[108.4936,11.9919],[108.4918,11.993],[108.4866,11.9922],[108.4843,11.9928],[108.4814,11.9918],[108.4809,11.9906],[108.479,11.9911],[108.4773,11.9894],[108.476,11.9887],[108.4744,11.9889],[108.4738,11.9928],[108.4722,11.994],[108.4685,11.9939],[108.468,11.9952],[108.4661,11.9962],[108.4659,11.9976],[108.4634,11.9991],[108.4639,12.0016],[108.464,12.0036],[108.4634,12.006],[108.4608,12.0077],[108.4587,12.0072],[108.4561,12.0079],[108.4557,12.0086],[108.4539,12.0078],[108.454,12.0108],[108.4535,12.0118],[108.4551,12.0131],[108.4555,12.0151],[108.457,12.0156],[108.4573,12.0174],[108.4583,12.0189],[108.4578,12.02],[108.4581,12.0245],[108.4591,12.0248],[108.4575,12.028],[108.4575,12.0296],[108.4561,12.0318],[108.4527,12.0335],[108.4457,12.0432],[108.4449,12.0448],[108.4455,12.046],[108.447,12.0501],[108.4472,12.0529],[108.4521,12.0602],[108.4538,12.061],[108.4556,12.0625],[108.4533,12.0634],[108.4519,12.0645],[108.4522,12.0662],[108.4532,12.0677],[108.4546,12.0681],[108.4588,12.0682],[108.4634,12.0712],[108.4647,12.0706],[108.4672,12.0708],[108.4681,12.0719],[108.4695,12.0724],[108.4706,12.0737],[108.4705,12.0773],[108.473,12.0808],[108.4744,12.0809],[108.4766,12.0818],[108.476,12.0825],[108.4767,12.0841],[108.4792,12.0862],[108.4795,12.0874],[108.4786,12.0884],[108.4786,12.0898],[108.4796,12.0917],[108.482,12.0927],[108.4826,12.0945],[108.4843,12.0968],[108.4853,12.0971],[108.4875,12.0986],[108.4889,12.1018],[108.4916,12.1041],[108.4911,12.1062],[108.4931,12.1067],[108.496,12.1058],[108.4984,12.1061],[108.5007,12.1086],[108.5018,12.1088],[108.5044,12.1102],[108.5063,12.1099],[108.5066,12.1128],[108.511,12.1152],[108.513,12.1173],[108.5148,12.1186],[108.515,12.1202],[108.5159,12.1211],[108.5174,12.1239],[108.5197,12.1256],[108.5215,12.1277],[108.5219,12.1289],[108.5238,12.1305],[108.5246,12.1331],[108.5277,12.1343],[108.5296,12.1373],[108.5309,12.1384],[108.5306,12.14],[108.527,12.1415],[108.5228,12.1421],[108.5183,12.144],[108.5139,12.1441],[108.5124,12.1433],[108.5105,12.1442],[108.51,12.1426],[108.5061,12.1448],[108.5045,12.1463],[108.5029,12.1469],[108.5009,12.1484],[108.5009,12.149],[108.4987,12.1528],[108.4978,12.1532],[108.4952,12.1557],[108.4929,12.1544],[108.4909,12.1556],[108.4915,12.1575],[108.4927,12.1587],[108.4933,12.1607],[108.4929,12.1619],[108.4913,12.16],[108.4892,12.1599],[108.4819,12.1649],[108.4799,12.1658],[108.4788,12.1686],[108.4775,12.1689],[108.478,12.1719],[108.4776,12.1745],[108.4762,12.1768],[108.4753,12.1757],[108.474,12.1753],[108.4704,12.1733],[108.4675,12.1742],[108.4649,12.1746],[108.4636,12.1769],[108.462,12.1777],[108.4633,12.1784],[108.4647,12.1801],[108.4662,12.1796],[108.469,12.1808],[108.4733,12.1816],[108.4757,12.1831],[108.4772,12.1843],[108.4797,12.1858],[108.4828,12.1881],[108.4843,12.1883],[108.4859,12.1899],[108.4854,12.1908],[108.4856,12.1926],[108.4868,12.1935],[108.4859,12.1949],[108.4856,12.1981],[108.487,12.2029],[108.4875,12.204],[108.4869,12.2065],[108.4876,12.2081],[108.4888,12.2085],[108.4907,12.2079],[108.4932,12.2081],[108.4938,12.2092],[108.494,12.2111],[108.4935,12.2128],[108.4939,12.2171],[108.4961,12.2202],[108.4981,12.2219],[108.5001,12.2212],[108.5036,12.2214],[108.5058,12.2223],[108.508,12.2238],[108.51,12.2268],[108.5086,12.2277],[108.5065,12.2276],[108.5056,12.228],[108.5033,12.2304],[108.5016,12.2311],[108.5009,12.2324],[108.4995,12.2327],[108.5,12.2392],[108.5018,12.2406],[108.5027,12.2427],[108.5043,12.244],[108.5068,12.244],[108.5087,12.2467],[108.5103,12.2475],[108.5109,12.2495],[108.5119,12.25],[108.5126,12.2539],[108.5121,12.2547],[108.5139,12.2579],[108.5118,12.2584],[108.5125,12.2601],[108.5163,12.2616],[108.5181,12.2619],[108.5173,12.264],[108.5187,12.2667],[108.5185,12.2676],[108.5162,12.268],[108.5154,12.2705],[108.5164,12.2723],[108.5157,12.2737],[108.5146,12.2738],[108.5151,12.2756],[108.5144,12.2776],[108.5162,12.2799],[108.5195,12.2795],[108.5206,12.2808],[108.5244,12.2792],[108.5263,12.2794],[108.5288,12.2804],[108.5306,12.279],[108.5314,12.2792],[108.5339,12.2817],[108.5355,12.2817],[108.5393,12.2842],[108.5397,12.2859],[108.5392,12.2875],[108.5366,12.2891],[108.536,12.2905],[108.5377,12.293],[108.5388,12.2938],[108.5398,12.2964],[108.5421,12.2976],[108.5453,12.2972],[108.5457,12.2952],[108.5475,12.2953],[108.5484,12.2945],[108.5493,12.2922],[108.5505,12.2922],[108.5519,12.2956],[108.5557,12.2956],[108.5563,12.295],[108.5569,12.2927],[108.5579,12.2922],[108.5606,12.2931],[108.5652,12.2922],[108.5665,12.2934],[108.5677,12.2936],[108.5693,12.2955],[108.5705,12.2924],[108.5727,12.2899],[108.5738,12.2914],[108.5746,12.2913],[108.5754,12.2881],[108.5782,12.2889],[108.5798,12.2882],[108.5788,12.2863],[108.5807,12.286],[108.5819,12.2854],[108.5837,12.2856],[108.5848,12.2871],[108.5868,12.2881],[108.5885,12.2882],[108.5897,12.2877],[108.5884,12.2844],[108.5863,12.2835],[108.5853,12.2822],[108.5863,12.2818],[108.5884,12.2826],[108.5899,12.2808],[108.5904,12.2791],[108.5928,12.2789],[108.5942,12.2773],[108.5962,12.2768],[108.5978,12.2779],[108.5997,12.278],[108.6015,12.2794],[108.6038,12.2796],[108.6061,12.2812],[108.6077,12.2812],[108.6078,12.2833],[108.6098,12.2827],[108.611,12.2832],[108.6135,12.283],[108.6159,12.2839],[108.6162,12.283],[108.6179,12.2835],[108.6189,12.2848],[108.6191,12.286],[108.6211,12.2893],[108.6223,12.2906],[108.6234,12.2901],[108.6256,12.2902],[108.6278,12.2886],[108.629,12.29],[108.6312,12.291],[108.6332,12.2916],[108.637,12.2913],[108.6382,12.2936],[108.6401,12.2936],[108.6424,12.2941],[108.6444,12.2937],[108.6462,12.2941],[108.6492,12.293],[108.652,12.2952],[108.6555,12.2961],[108.6563,12.2967],[108.6586,12.2964],[108.6628,12.2979],[108.6641,12.2997],[108.6662,12.299],[108.668,12.3006],[108.6688,12.3051],[108.6708,12.3046],[108.6734,12.306],[108.6737,12.3082],[108.6745,12.3099],[108.6767,12.3121],[108.6771,12.3131],[108.68,12.3162],[108.6825,12.3172],[108.6856,12.3168],[108.6893,12.3157],[108.6889,12.3136],[108.6901,12.3111],[108.6914,12.3126],[108.6937,12.3122],[108.6944,12.3113],[108.695,12.3091],[108.6975,12.3096],[108.6993,12.3093],[108.7,12.3081],[108.702,12.3066],[108.702,12.3044],[108.7032,12.3044],[108.7042,12.3033],[108.7051,12.3011],[108.7074,12.2989],[108.7062,12.2975],[108.7033,12.2971],[108.7034,12.2953],[108.7041,12.2939],[108.7036,12.2923],[108.7013,12.2906],[108.7016,12.2897],[108.7011,12.2874],[108.7026,12.2839],[108.702,12.2817],[108.7026,12.2789],[108.7033,12.2774],[108.7021,12.2761],[108.7017,12.2741],[108.702,12.2731],[108.7038,12.2705],[108.7054,12.2688],[108.7036,12.2673],[108.7024,12.2651],[108.7029,12.2627],[108.7059,12.2543],[108.7055,12.2521],[108.7043,12.2514],[108.7024,12.2491],[108.7019,12.2472],[108.6996,12.2454],[108.7012,12.2428],[108.7017,12.2393],[108.7018,12.2375],[108.7032,12.2356],[108.7055,12.2342],[108.7068,12.2319],[108.7079,12.2319],[108.7095,12.2301],[108.7138,12.2292],[108.7158,12.2258],[108.7181,12.2255],[108.7193,12.224],[108.7193,12.2221],[108.7197,12.2211],[108.7222,12.2179],[108.7194,12.2154],[108.7182,12.2123],[108.7187,12.2084],[108.7176,12.2075],[108.7157,12.2049],[108.7144,12.2014],[108.7133,12.2005],[108.7122,12.1985],[108.7127,12.1964],[108.7124,12.1943],[108.7106,12.1912],[108.7106,12.1897],[108.7136,12.1879],[108.7152,12.186],[108.7174,12.1844],[108.7171,12.1826],[108.7196,12.1819],[108.7206,12.18],[108.72,12.1767],[108.7194,12.1754],[108.7206,12.1725],[108.7223,12.1713],[108.724,12.1708],[108.7253,12.1694],[108.7254,12.1668],[108.7279,12.1631],[108.7289,12.1626],[108.7289,12.1612],[108.7279,12.1591],[108.7278,12.1576],[108.7258,12.1563],[108.7249,12.1569],[108.7217,12.1568],[108.7219,12.1554],[108.7208,12.1534],[108.7192,12.1535],[108.718,12.155],[108.7153,12.1552],[108.7132,12.1543],[108.709,12.1546],[108.7069,12.1553],[108.7053,12.1542],[108.7048,12.1514],[108.7039,12.1502],[108.6988,12.1488],[108.6962,12.1473],[108.6934,12.1461],[108.6937,12.1451],[108.6959,12.1424],[108.6968,12.1403],[108.6962,12.1383],[108.6945,12.1367],[108.6948,12.1339],[108.6936,12.1324],[108.6932,12.1294],[108.6918,12.1285],[108.6897,12.1286],[108.6872,12.1302],[108.6857,12.1301],[108.6849,12.1291],[108.6846,12.1271],[108.6807,12.1236],[108.6775,12.122],[108.6759,12.1229],[108.6737,12.1229],[108.6732,12.1206],[108.6736,12.1195],[108.6753,12.1186],[108.6783,12.1184],[108.6797,12.117],[108.6813,12.1165],[108.6831,12.1139],[108.6836,12.1125],[108.6854,12.1105],[108.6868,12.1104],[108.6884,12.1091],[108.6896,12.1076],[108.6916,12.1059],[108.6939,12.105],[108.6942,12.1032],[108.6951,12.1021],[108.6956,12.0998],[108.6978,12.0994],[108.6994,12.0987],[108.6989,12.0966],[108.7001,12.0942],[108.7013,12.0933],[108.7043,12.0931],[108.7044,12.0911],[108.7052,12.0901],[108.7031,12.0863],[108.7033,12.0856],[108.7053,12.0829],[108.7062,12.0806],[108.7086,12.0799],[108.7092,12.0782],[108.7083,12.0764],[108.7075,12.0758],[108.7079,12.0741],[108.7076,12.0715],[108.7085,12.0713],[108.709,12.0691],[108.7107,12.0682],[108.7102,12.0653],[108.7126,12.0626],[108.7115,12.0596],[108.7122,12.0583],[108.7104,12.0525],[108.7104,12.0514],[108.7096,12.0497],[108.7074,12.0466],[108.7056,12.0446],[108.703,12.0412],[108.6989,12.0421],[108.6969,12.0408],[108.694,12.0409],[108.6934,12.0403],[108.693,12.0371],[108.6917,12.0326],[108.6912,12.0294],[108.6885,12.0279],[108.6855,12.0253],[108.6859,12.0225],[108.6847,12.021],[108.6841,12.0194],[108.683,12.0182],[108.682,12.0153],[108.6806,12.0133],[108.6799,12.0105],[108.6813,12.0091],[108.6809,12.0075],[108.6818,12.0056],[108.6838,12.004],[108.683,12.003],[108.6831,12.0014],[108.6837,12.0008],[108.6841,11.9976],[108.6833,11.9964],[108.6845,11.9949],[108.6853,11.9915],[108.6847,11.9908],[108.6825,11.9903],[108.6806,11.9845],[108.6655,11.9673],[108.6619,11.967],[108.66,11.9677],[108.6581,11.9689],[108.6574,11.9709],[108.6566,11.9711],[108.655,11.9692],[108.6519,11.9668],[108.6501,11.9646],[108.6453,11.9615],[108.6436,11.9616],[108.6423,11.96],[108.6398,11.9592],[108.6268,11.9615],[108.6209,11.9623],[108.6167,11.9633],[108.6147,11.9647],[108.6127,11.9653],[108.6106,11.9636],[108.6086,11.9632],[108.605,11.9637],[108.6039,11.9634],[108.6022,11.9638],[108.5976,11.9619],[108.5967,11.9602],[108.5942,11.9616],[108.593,11.9592],[108.5907,11.958],[108.5887,11.9576],[108.5868,11.9564],[108.5852,11.958],[108.5846,11.9594],[108.5824,11.9601],[108.5783,11.9644],[108.5756,11.9648],[108.5734,11.9659],[108.5725,11.9658],[108.5707,11.9629],[108.5683,11.964],[108.5652,11.9661],[108.5641,11.9682],[108.5615,11.9704],[108.5611,11.9724],[108.5587,11.9728],[108.5575,11.9743],[108.5546,11.9748],[108.5509,11.9762],[108.5499,11.9762],[108.5493,11.975],[108.5481,11.9757],[108.5456,11.9762],[108.5439,11.9778],[108.5416,11.978],[108.5401,11.9799],[108.5381,11.9803],[108.5366,11.9818],[108.5352,11.9838],[108.5329,11.9837],[108.5318,11.9844],[108.53,11.9839],[108.528,11.9854],[108.5249,11.9839],[108.5226,11.9845],[108.5205,11.9838],[108.5168,11.9838],[108.5153,11.9849],[108.5143,11.9866],[108.5115,11.9861],[108.5101,11.9854],[108.5073,11.9861],[108.5075,11.9873],[108.505,11.9868]]]},"properties":{"name":"Lạc Dương","level":"ward"}},{"type":"Feature","geometry":{"type":"Polygon","coordinates":[[[108.462,12.1777],[108.46,12.1755],[108.4579,12.1742],[108.4557,12.1741],[108.4549,12.1731],[108.4523,12.1716],[108.4495,12.1721],[108.4486,12.1713],[108.4465,12.1715],[108.4432,12.1712],[108.4408,12.1736],[108.4392,12.1729],[108.4378,12.1732],[108.4365,12.1724],[108.4346,12.1721],[108.4324,12.1692],[108.4309,12.1691],[108.4297,12.1673],[108.4271,12.1672],[108.4265,12.165],[108.4252,12.1636],[108.4222,12.1632],[108.421,12.1639],[108.4199,12.1638],[108.4193,12.1616],[108.4176,12.1607],[108.4168,12.1621],[108.4146,12.1626],[108.4103,12.1619],[108.4089,12.1584],[108.4091,12.1571],[108.4075,12.1563],[108.4055,12.1571],[108.4032,12.1568],[108.4018,12.1572],[108.4018,12.16],[108.3998,12.1616],[108.3986,12.1617],[108.3975,12.1607],[108.3963,12.1607],[108.3941,12.1597],[108.3911,12.1596],[108.3912,12.1583],[108.3927,12.1551],[108.3921,12.1529],[108.3896,12.1515],[108.3895,12.15],[108.391,12.148],[108.3904,12.146],[108.3932,12.1444],[108.3926,12.1424],[108.3905,12.143],[108.3906,12.139],[108.3915,12.139],[108.391,12.1361],[108.3923,12.1354],[108.3915,12.1316],[108.3902,12.1314],[108.3896,12.1283],[108.3888,12.1276],[108.3851,12.1278],[108.3838,12.1266],[108.3822,12.1266],[108.3817,12.1256],[108.3792,12.1244],[108.3777,12.1253],[108.3758,12.1237],[108.3748,12.1223],[108.3736,12.1233],[108.3709,12.1227],[108.3697,12.1234],[108.368,12.1228],[108.3671,12.1208],[108.3654,12.1205],[108.3665,12.1192],[108.3657,12.117],[108.3673,12.1166],[108.3674,12.1155],[108.3654,12.1149],[108.3638,12.1133],[108.3631,12.1098],[108.3622,12.1091],[108.3616,12.1065],[108.3621,12.1051],[108.3611,12.1039],[108.3623,12.1027],[108.3645,12.103],[108.3659,12.1044],[108.3673,12.1035],[108.3675,12.102],[108.3688,12.1025],[108.3701,12.1016],[108.372,12.101],[108.3742,12.1028],[108.3759,12.1035],[108.3777,12.1031],[108.3781,12.1011],[108.3764,12.0988],[108.3767,12.0964],[108.3761,12.0947],[108.377,12.0944],[108.3771,12.0923],[108.3787,12.0907],[108.379,12.0888],[108.3783,12.0866],[108.3786,12.0851],[108.3768,12.0823],[108.3755,12.0783],[108.3741,12.0774],[108.3744,12.0763],[108.3731,12.074],[108.3694,12.073],[108.3684,12.0717],[108.367,12.0711],[108.3669,12.0701],[108.3655,12.07],[108.3652,12.0686],[108.3616,12.0666],[108.3595,12.0658],[108.3566,12.0658],[108.3567,12.0634],[108.3546,12.0623],[108.3526,12.0635],[108.3502,12.0637],[108.3464,12.0654],[108.3427,12.0658],[108.3424,12.0648],[108.3406,12.0636],[108.3387,12.0605],[108.3389,12.0585],[108.3367,12.0564],[108.3358,12.0527],[108.3369,12.0514],[108.3369,12.0489],[108.3366,12.0479],[108.3351,12.0476],[108.3339,12.0464],[108.3339,12.0443],[108.3355,12.0417],[108.3352,12.0407],[108.3369,12.037],[108.3361,12.0366],[108.3344,12.0346],[108.3344,12.0334],[108.3351,12.0322],[108.3348,12.0289],[108.3344,12.0279],[108.335,12.0257],[108.3357,12.0244],[108.3372,12.0243],[108.3371,12.0226],[108.3356,12.0195],[108.3339,12.0218],[108.3322,12.0221],[108.3313,12.0236],[108.3293,12.0242],[108.3294,12.0264],[108.3284,12.0274],[108.3259,12.0282],[108.3221,12.0303],[108.3231,12.0306],[108.3229,12.0328],[108.3215,12.034],[108.32,12.0344],[108.3184,12.035],[108.3184,12.0359],[108.3172,12.0387],[108.3159,12.0387],[108.3157,12.0405],[108.3141,12.0413],[108.312,12.043],[108.3082,12.0474],[108.3081,12.0485],[108.3092,12.0513],[108.3087,12.0529],[108.3077,12.0535],[108.3059,12.053],[108.3038,12.0554],[108.3035,12.0573],[108.3028,12.0585],[108.3038,12.0625],[108.3015,12.0646],[108.2989,12.0649],[108.2964,12.0643],[108.2956,12.0654],[108.2924,12.0647],[108.2926,12.0666],[108.2916,12.068],[108.2883,12.0694],[108.2857,12.0712],[108.2844,12.0716],[108.2814,12.0705],[108.2791,12.0676],[108.2787,12.0658],[108.2777,12.0646],[108.2766,12.0644],[108.2754,12.0633],[108.2752,12.0613],[108.2746,12.0608],[108.2718,12.0609],[108.2692,12.0583],[108.2686,12.0568],[108.2666,12.0561],[108.2634,12.0531],[108.2614,12.0533],[108.2595,12.0524],[108.2577,12.0521],[108.2549,12.0499],[108.2554,12.0507],[108.2548,12.0526],[108.2564,12.0549],[108.2568,12.056],[108.2587,12.0568],[108.2595,12.0587],[108.2615,12.0603],[108.2602,12.0622],[108.2607,12.0637],[108.2605,12.0658],[108.2577,12.0701],[108.259,12.0711],[108.2623,12.0744],[108.2627,12.076],[108.264,12.0785],[108.2658,12.0802],[108.2655,12.0821],[108.2641,12.0858],[108.2658,12.0867],[108.2686,12.0871],[108.2708,12.0887],[108.271,12.0923],[108.2723,12.0935],[108.2751,12.0932],[108.2792,12.0958],[108.2794,12.097],[108.278,12.0988],[108.2779,12.1004],[108.2794,12.1022],[108.2792,12.1031],[108.2803,12.1065],[108.2792,12.107],[108.2775,12.1095],[108.2766,12.1098],[108.2756,12.1122],[108.2729,12.1148],[108.2694,12.1157],[108.2669,12.1141],[108.2664,12.1144],[108.2656,12.1167],[108.264,12.1193],[108.2611,12.1215],[108.2598,12.1219],[108.2577,12.1259],[108.2568,12.1268],[108.2557,12.126],[108.2546,12.1273],[108.2532,12.1272],[108.251,12.1296],[108.2484,12.1312],[108.2469,12.1346],[108.245,12.1335],[108.2432,12.1355],[108.2432,12.1367],[108.2418,12.1396],[108.2408,12.141],[108.2442,12.1445],[108.2446,12.1457],[108.2457,12.146],[108.2468,12.1474],[108.2468,12.1489],[108.2446,12.1493],[108.2431,12.15],[108.2429,12.1535],[108.2438,12.1543],[108.2426,12.1566],[108.2434,12.1576],[108.2418,12.1593],[108.2415,12.1607],[108.244,12.1621],[108.2451,12.1642],[108.2451,12.1666],[108.2473,12.1691],[108.25,12.1698],[108.251,12.1707],[108.2533,12.1715],[108.2541,12.1725],[108.2528,12.1738],[108.252,12.1754],[108.2504,12.1753],[108.2487,12.177],[108.2483,12.1783],[108.25,12.1812],[108.2502,12.1833],[108.2522,12.1878],[108.2549,12.1903],[108.2557,12.1908],[108.2578,12.1907],[108.2597,12.1912],[108.2604,12.1928],[108.2594,12.1969],[108.2598,12.1979],[108.2593,12.1995],[108.2639,12.2029],[108.2669,12.2038],[108.269,12.2029],[108.2723,12.2046],[108.2728,12.2052],[108.2729,12.208],[108.2735,12.2102],[108.2752,12.2124],[108.277,12.2141],[108.2779,12.2144],[108.28,12.2135],[108.283,12.2128],[108.2845,12.2111],[108.288,12.21],[108.2904,12.2112],[108.2928,12.2092],[108.2949,12.2083],[108.2955,12.206],[108.2952,12.2027],[108.2968,12.2025],[108.2981,12.2038],[108.2992,12.2067],[108.3005,12.2085],[108.3041,12.2101],[108.3067,12.2126],[108.3104,12.2145],[108.3114,12.2158],[108.3111,12.2173],[108.3121,12.2184],[108.3143,12.2181],[108.318,12.2183],[108.3212,12.2198],[108.3215,12.221],[108.3211,12.2234],[108.3229,12.2254],[108.3274,12.2281],[108.3287,12.2277],[108.3299,12.2289],[108.3302,12.2301],[108.3317,12.2308],[108.334,12.2298],[108.3373,12.2291],[108.3381,12.2279],[108.3403,12.2283],[108.3402,12.232],[108.3399,12.2338],[108.3381,12.2349],[108.3335,12.2352],[108.3332,12.2363],[108.3341,12.2382],[108.3355,12.2394],[108.3356,12.2408],[108.3342,12.2445],[108.3347,12.2469],[108.3359,12.2481],[108.3384,12.2483],[108.34,12.2478],[108.3409,12.2458],[108.3419,12.2453],[108.3426,12.2467],[108.3425,12.248],[108.3431,12.249],[108.3444,12.2487],[108.3453,12.2477],[108.3475,12.2478],[108.3493,12.2506],[108.3518,12.2528],[108.3556,12.2542],[108.3567,12.255],[108.359,12.2544],[108.3613,12.2531],[108.3659,12.2531],[108.3686,12.2539],[108.3709,12.2534],[108.3725,12.2507],[108.3752,12.2503],[108.3769,12.2498],[108.3793,12.2477],[108.3811,12.2456],[108.3826,12.2457],[108.3849,12.2441],[108.3859,12.2423],[108.3874,12.241],[108.3886,12.241],[108.3913,12.2419],[108.3926,12.2432],[108.3945,12.2437],[108.3975,12.2428],[108.3999,12.2426],[108.4049,12.2438],[108.4077,12.2449],[108.4127,12.2436],[108.4163,12.2478],[108.4191,12.2494],[108.4219,12.2503],[108.4242,12.2503],[108.4272,12.2516],[108.4272,12.2543],[108.4276,12.2577],[108.4291,12.2589],[108.4322,12.2585],[108.4333,12.2575],[108.4328,12.2563],[108.4338,12.2546],[108.4363,12.2537],[108.4371,12.2525],[108.4378,12.2498],[108.4401,12.2509],[108.4399,12.2524],[108.4366,12.2559],[108.4366,12.2579],[108.4397,12.2588],[108.4396,12.262],[108.4403,12.2632],[108.4434,12.2639],[108.4421,12.2651],[108.441,12.2683],[108.4413,12.2704],[108.4411,12.272],[108.4417,12.2729],[108.4413,12.2742],[108.4418,12.276],[108.4433,12.2781],[108.4449,12.2768],[108.4452,12.2739],[108.4459,12.2728],[108.4478,12.2733],[108.4507,12.2733],[108.451,12.2757],[108.4521,12.2772],[108.4549,12.2788],[108.4559,12.2812],[108.4581,12.2827],[108.4589,12.2821],[108.4588,12.2804],[108.4572,12.2769],[108.4577,12.2752],[108.4601,12.2757],[108.461,12.2777],[108.4621,12.2788],[108.464,12.2795],[108.466,12.2824],[108.4663,12.284],[108.4648,12.2863],[108.4649,12.287],[108.4665,12.2884],[108.4653,12.2966],[108.4659,12.2971],[108.4678,12.2966],[108.4697,12.2941],[108.4703,12.2918],[108.4704,12.2889],[108.4719,12.2879],[108.4732,12.2911],[108.4754,12.2937],[108.4758,12.295],[108.4745,12.2994],[108.4753,12.3004],[108.4779,12.2988],[108.4793,12.3],[108.4811,12.3004],[108.4831,12.2992],[108.4838,12.2998],[108.4833,12.3013],[108.4819,12.302],[108.4809,12.3032],[108.4806,12.3053],[108.4813,12.3081],[108.483,12.3094],[108.4847,12.3091],[108.485,12.3055],[108.4871,12.3045],[108.4895,12.3062],[108.4908,12.3065],[108.4927,12.3048],[108.4945,12.2988],[108.4984,12.2943],[108.4996,12.2923],[108.4998,12.2904],[108.4985,12.2864],[108.4989,12.2849],[108.5023,12.2814],[108.5041,12.2824],[108.5054,12.2814],[108.5062,12.2795],[108.5084,12.2776],[108.5116,12.2771],[108.5144,12.2776],[108.5151,12.2756],[108.5146,12.2738],[108.5157,12.2737],[108.5164,12.2723],[108.5154,12.2705],[108.5162,12.268],[108.5185,12.2676],[108.5187,12.2667],[108.5173,12.264],[108.5181,12.2619],[108.5163,12.2616],[108.5125,12.2601],[108.5118,12.2584],[108.5139,12.2579],[108.5121,12.2547],[108.5126,12.2539],[108.5119,12.25],[108.5109,12.2495],[108.5103,12.2475],[108.5087,12.2467],[108.5068,12.244],[108.5043,12.244],[108.5027,12.2427],[108.5018,12.2406],[108.5,12.2392],[108.4995,12.2327],[108.5009,12.2324],[108.5016,12.2311],[108.5033,12.2304],[108.5056,12.228],[108.5065,12.2276],[108.5086,12.2277],[108.51,12.2268],[108.508,12.2238],[108.5058,12.2223],[108.5036,12.2214],[108.5001,12.2212],[108.4981,12.2219],[108.4961,12.2202],[108.4939,12.2171],[108.4935,12.2128],[108.494,12.2111],[108.4938,12.2092],[108.4932,12.2081],[108.4907,12.2079],[108.4888,12.2085],[108.4876,12.2081],[108.4869,12.2065],[108.4875,12.204],[108.487,12.2029],[108.4856,12.1981],[108.4859,12.1949],[108.4868,12.1935],[108.4856,12.1926],[108.4854,12.1908],[108.4859,12.1899],[108.4843,12.1883],[108.4828,12.1881],[108.4797,12.1858],[108.4772,12.1843],[108.4757,12.1831],[108.4733,12.1816],[108.469,12.1808],[108.4662,12.1796],[108.4647,12.1801],[108.4633,12.1784],[108.462,12.1777]]]},"properties":{"name":"Đam Rông 4","level":"ward"}},{"type":"Feature","geometry":{"type":"Polygon","coordinates":[[[108.3918,11.8788],[108.3926,11.8788],[108.3959,11.8766],[108.3964,11.8756],[108.3976,11.8755],[108.399,11.8733],[108.4003,11.8727],[108.4022,11.8705],[108.4039,11.8697],[108.4049,11.8679],[108.4097,11.8657],[108.412,11.866],[108.415,11.8638],[108.4165,11.863],[108.4175,11.8617],[108.4174,11.8599],[108.4195,11.8566],[108.4265,11.8535],[108.4225,11.8516],[108.4213,11.85],[108.4187,11.8453],[108.4183,11.8426],[108.4176,11.8418],[108.4161,11.8412],[108.4156,11.8397],[108.4135,11.8358],[108.4133,11.8342],[108.4126,11.8333],[108.4123,11.8313],[108.4105,11.8286],[108.4075,11.827],[108.4052,11.8275],[108.4027,11.8266],[108.4,11.8272],[108.3981,11.8282],[108.39,11.8288],[108.3885,11.8275],[108.3881,11.8263],[108.3863,11.8252],[108.385,11.8233],[108.3841,11.8228],[108.3818,11.82],[108.3813,11.8185],[108.3782,11.8165],[108.3765,11.8141],[108.3748,11.8141],[108.373,11.8149],[108.3697,11.8144],[108.3699,11.8121],[108.3705,11.8111],[108.3692,11.809],[108.3687,11.8066],[108.3659,11.8054],[108.3652,11.8057],[108.3631,11.8037],[108.3615,11.8036],[108.3596,11.8028],[108.3596,11.8002],[108.3578,11.7965],[108.3555,11.7938],[108.3537,11.7936],[108.3528,11.7923],[108.3531,11.7914],[108.3527,11.7894],[108.3514,11.7891],[108.3506,11.787],[108.349,11.7852],[108.3478,11.7846],[108.3477,11.7815],[108.3468,11.7835],[108.3447,11.7842],[108.3421,11.7873],[108.3388,11.7892],[108.3374,11.7892],[108.3355,11.788],[108.3324,11.7878],[108.3303,11.7868],[108.3296,11.7855],[108.3295,11.7823],[108.329,11.7809],[108.328,11.7802],[108.3257,11.7745],[108.3239,11.7722],[108.3228,11.7717],[108.3222,11.7704],[108.3188,11.7714],[108.3176,11.7729],[108.3178,11.7743],[108.3174,11.7766],[108.3184,11.7773],[108.3203,11.7766],[108.3209,11.7776],[108.3176,11.7805],[108.3177,11.7823],[108.3191,11.7837],[108.3202,11.7855],[108.3202,11.788],[108.3207,11.7896],[108.3221,11.7922],[108.3201,11.794],[108.3197,11.7954],[108.3201,11.7979],[108.3216,11.7985],[108.3214,11.7998],[108.3205,11.8004],[108.319,11.8001],[108.317,11.8033],[108.3114,11.8078],[108.3103,11.8093],[108.3084,11.8097],[108.3052,11.8112],[108.3019,11.8114],[108.3008,11.8128],[108.3033,11.8144],[108.3045,11.8146],[108.3077,11.8143],[108.3091,11.8147],[108.3112,11.8159],[108.3114,11.8172],[108.3126,11.8182],[108.3146,11.8173],[108.3176,11.818],[108.3151,11.8199],[108.3157,11.8231],[108.3144,11.8253],[108.3146,11.8271],[108.3143,11.8312],[108.313,11.8336],[108.3137,11.836],[108.3115,11.8379],[108.3111,11.8391],[108.3133,11.8424],[108.3143,11.8453],[108.3167,11.8492],[108.3168,11.8521],[108.3139,11.8581],[108.3148,11.8607],[108.3159,11.8624],[108.3125,11.8643],[108.3102,11.8648],[108.3072,11.8674],[108.3046,11.8665],[108.303,11.8678],[108.3002,11.8679],[108.2994,11.8674],[108.2976,11.8676],[108.2946,11.8693],[108.2958,11.8711],[108.2953,11.875],[108.297,11.8776],[108.2972,11.8807],[108.2967,11.883],[108.2969,11.8843],[108.2958,11.8863],[108.2952,11.8887],[108.2956,11.8911],[108.2936,11.8906],[108.2919,11.8917],[108.2911,11.8929],[108.2909,11.8944],[108.2933,11.8958],[108.2938,11.897],[108.2931,11.9004],[108.2943,11.9014],[108.2957,11.9037],[108.2973,11.9043],[108.2993,11.9044],[108.3008,11.905],[108.3021,11.9062],[108.3038,11.9084],[108.305,11.9108],[108.3067,11.9152],[108.3083,11.9159],[108.309,11.9189],[108.3103,11.921],[108.3116,11.9223],[108.3153,11.9254],[108.3164,11.9258],[108.3179,11.9255],[108.319,11.9243],[108.3184,11.9221],[108.3193,11.9173],[108.3186,11.9168],[108.321,11.9121],[108.3229,11.9106],[108.324,11.9088],[108.3255,11.9083],[108.3266,11.9057],[108.3278,11.9061],[108.3288,11.9075],[108.3323,11.9075],[108.3353,11.9087],[108.3378,11.9069],[108.3381,11.9058],[108.3406,11.9036],[108.3405,11.9027],[108.3378,11.9033],[108.3375,11.9004],[108.3381,11.8991],[108.3404,11.8985],[108.3427,11.8987],[108.3445,11.8975],[108.3465,11.8933],[108.3492,11.8932],[108.3492,11.8911],[108.3508,11.8903],[108.3527,11.8918],[108.3555,11.8946],[108.3564,11.894],[108.3578,11.8951],[108.3593,11.8955],[108.3602,11.897],[108.3619,11.8978],[108.3625,11.8988],[108.366,11.8993],[108.3691,11.8962],[108.3694,11.8946],[108.3708,11.8934],[108.3727,11.8904],[108.3743,11.8908],[108.376,11.8929],[108.3787,11.891],[108.3803,11.8917],[108.3829,11.8909],[108.3848,11.8893],[108.3864,11.8857],[108.3867,11.8824],[108.3881,11.8804],[108.3887,11.8788],[108.3918,11.8788]]]},"properties":{"name":"Nam Ban Lâm Hà","level":"ward"}},{"type":"Feature","geometry":{"type":"Polygon","coordinates":[[[108.3008,11.8128],[108.3019,11.8114],[108.3052,11.8112],[108.3084,11.8097],[108.3103,11.8093],[108.3114,11.8078],[108.3096,11.8083],[108.3079,11.8072],[108.3068,11.8057],[108.306,11.8035],[108.3062,11.8015],[108.3022,11.7987],[108.3029,11.7966],[108.3026,11.7943],[108.3018,11.7936],[108.3017,11.791],[108.301,11.7894],[108.2988,11.7861],[108.2987,11.7847],[108.2973,11.7839],[108.2979,11.7829],[108.2981,11.7802],[108.2979,11.7788],[108.2986,11.7772],[108.3008,11.7754],[108.3034,11.7751],[108.3049,11.7737],[108.3046,11.7725],[108.3066,11.7718],[108.3072,11.7705],[108.3104,11.7683],[108.3097,11.7657],[108.3066,11.7642],[108.3038,11.7621],[108.3034,11.7605],[108.3015,11.761],[108.2998,11.7601],[108.2986,11.7589],[108.2988,11.7569],[108.2976,11.7557],[108.2976,11.7543],[108.2958,11.7549],[108.2954,11.7561],[108.2941,11.7563],[108.2928,11.7549],[108.2911,11.7543],[108.2909,11.753],[108.2922,11.7514],[108.2906,11.7488],[108.288,11.7467],[108.2824,11.7459],[108.2816,11.7455],[108.2799,11.7436],[108.2776,11.7454],[108.2752,11.7466],[108.2722,11.7465],[108.2704,11.7458],[108.2689,11.7466],[108.2674,11.7464],[108.266,11.7481],[108.2635,11.7486],[108.2624,11.7468],[108.2602,11.7478],[108.2593,11.7492],[108.2585,11.7481],[108.2582,11.7465],[108.2559,11.7444],[108.2545,11.74],[108.2537,11.7382],[108.2518,11.7355],[108.2509,11.7338],[108.2514,11.7322],[108.2508,11.7317],[108.2513,11.7299],[108.2504,11.7267],[108.2493,11.7251],[108.2469,11.7236],[108.2462,11.7216],[108.2449,11.7211],[108.2447,11.7201],[108.2461,11.7175],[108.2457,11.7154],[108.2411,11.7148],[108.2404,11.7143],[108.2355,11.7127],[108.233,11.716],[108.2332,11.7175],[108.2328,11.7186],[108.2336,11.7197],[108.2346,11.7242],[108.2337,11.7268],[108.2359,11.7276],[108.2355,11.729],[108.2363,11.7298],[108.2346,11.7308],[108.2327,11.7313],[108.2315,11.7328],[108.2316,11.734],[108.2309,11.7363],[108.2279,11.7391],[108.2267,11.7387],[108.2259,11.7398],[108.2229,11.7413],[108.2225,11.7422],[108.2229,11.7441],[108.221,11.7445],[108.2181,11.7447],[108.2163,11.7433],[108.2147,11.7444],[108.2143,11.7463],[108.215,11.7474],[108.215,11.7492],[108.2139,11.751],[108.2119,11.7513],[108.2103,11.7522],[108.2095,11.7538],[108.2096,11.7555],[108.209,11.7586],[108.2075,11.759],[108.2046,11.7586],[108.2041,11.7608],[108.2026,11.7629],[108.2028,11.7647],[108.2012,11.7655],[108.197,11.7691],[108.1954,11.7681],[108.1947,11.7677],[108.1923,11.7678],[108.1899,11.7702],[108.192,11.7709],[108.1931,11.7747],[108.1922,11.7749],[108.1909,11.7769],[108.1874,11.7775],[108.1878,11.779],[108.1872,11.7816],[108.1879,11.7821],[108.1872,11.7841],[108.1873,11.7861],[108.1853,11.786],[108.1841,11.787],[108.1841,11.7892],[108.1866,11.7933],[108.19,11.7948],[108.1911,11.7972],[108.1904,11.7997],[108.1905,11.8007],[108.1957,11.8034],[108.1981,11.8051],[108.1991,11.8053],[108.2014,11.8039],[108.2042,11.8035],[108.2056,11.8076],[108.2064,11.8084],[108.2094,11.8082],[108.2115,11.8097],[108.2136,11.8087],[108.2135,11.8066],[108.217,11.8053],[108.2178,11.8042],[108.2198,11.8059],[108.2218,11.8062],[108.2232,11.8076],[108.2237,11.8048],[108.225,11.8013],[108.2262,11.8006],[108.2277,11.8008],[108.229,11.8001],[108.229,11.796],[108.2321,11.7955],[108.2331,11.7972],[108.2346,11.7976],[108.2359,11.7972],[108.2394,11.7977],[108.2422,11.8001],[108.2417,11.8028],[108.2431,11.805],[108.2435,11.8087],[108.2448,11.8102],[108.2468,11.8091],[108.2478,11.81],[108.2476,11.8118],[108.249,11.813],[108.2506,11.8128],[108.2518,11.814],[108.2521,11.8152],[108.2538,11.8159],[108.2548,11.8175],[108.2561,11.817],[108.2598,11.82],[108.26,11.8209],[108.2619,11.8235],[108.264,11.8244],[108.2651,11.8253],[108.2685,11.8246],[108.2693,11.8225],[108.2704,11.8215],[108.2719,11.8222],[108.275,11.8209],[108.2781,11.8217],[108.2795,11.8207],[108.2806,11.818],[108.2803,11.8165],[108.2824,11.8159],[108.2842,11.8144],[108.2854,11.8141],[108.2866,11.8151],[108.2888,11.8149],[108.2916,11.8172],[108.2931,11.8173],[108.2942,11.8159],[108.2971,11.8142],[108.2991,11.8141],[108.3008,11.8128]]]},"properties":{"name":"Đinh Văn Lâm Hà","level":"ward"}},{"type":"Feature","geometry":{"type":"Polygon","coordinates":[[[108.0786,12.1333],[108.077,12.1345],[108.0772,12.1362],[108.0767,12.1377],[108.0774,12.1384],[108.0807,12.1375],[108.0825,12.1375],[108.0844,12.1363],[108.0871,12.1355],[108.0897,12.1337],[108.0908,12.1342],[108.0908,12.1368],[108.0921,12.1398],[108.0936,12.1412],[108.0948,12.1437],[108.0967,12.1428],[108.097,12.1418],[108.0957,12.1403],[108.1,12.1365],[108.1016,12.1365],[108.1014,12.1378],[108.0999,12.1383],[108.0991,12.1392],[108.0996,12.1402],[108.1018,12.1411],[108.1031,12.1429],[108.1031,12.1452],[108.1043,12.1458],[108.1066,12.1448],[108.1085,12.1457],[108.1089,12.1468],[108.1076,12.1472],[108.1071,12.1483],[108.1091,12.1501],[108.1112,12.1489],[108.1113,12.147],[108.1121,12.1462],[108.1137,12.1464],[108.1145,12.148],[108.114,12.1493],[108.112,12.1523],[108.1132,12.1567],[108.1156,12.1597],[108.1156,12.1614],[108.1107,12.1612],[108.1084,12.1651],[108.1093,12.1663],[108.1116,12.1659],[108.1129,12.1665],[108.1127,12.1687],[108.1138,12.1705],[108.1141,12.1749],[108.1128,12.1769],[108.1108,12.179],[108.1107,12.1806],[108.1119,12.1824],[108.1128,12.1854],[108.1134,12.1837],[108.1166,12.1805],[108.1192,12.1758],[108.1218,12.1751],[108.1237,12.1755],[108.1303,12.1792],[108.1317,12.1812],[108.1369,12.1817],[108.1399,12.1828],[108.1425,12.1846],[108.1474,12.1867],[108.15,12.1872],[108.1535,12.1884],[108.154,12.1892],[108.1567,12.1902],[108.1588,12.1932],[108.1603,12.1941],[108.1618,12.196],[108.1632,12.1966],[108.1661,12.1965],[108.1672,12.1953],[108.1673,12.1904],[108.1682,12.1885],[108.1721,12.1871],[108.173,12.1863],[108.1732,12.1845],[108.1724,12.1796],[108.1747,12.1797],[108.1751,12.1827],[108.1765,12.185],[108.1781,12.1855],[108.1816,12.1845],[108.1818,12.182],[108.184,12.1811],[108.1848,12.1795],[108.1839,12.1773],[108.185,12.1743],[108.1871,12.1744],[108.1899,12.1727],[108.1907,12.1736],[108.1887,12.1745],[108.1892,12.1758],[108.1919,12.1759],[108.1937,12.1772],[108.1956,12.1766],[108.1963,12.175],[108.1984,12.1728],[108.2001,12.1735],[108.2019,12.1731],[108.2032,12.1711],[108.2047,12.1707],[108.2066,12.172],[108.2095,12.173],[108.2087,12.1757],[108.2101,12.179],[108.2115,12.18],[108.2134,12.1808],[108.2141,12.1823],[108.2163,12.1839],[108.2176,12.1837],[108.2186,12.1817],[108.2201,12.1802],[108.221,12.1784],[108.2213,12.1768],[108.2205,12.1743],[108.2205,12.1732],[108.223,12.1721],[108.2241,12.1724],[108.2246,12.174],[108.2244,12.177],[108.226,12.1824],[108.2279,12.183],[108.2285,12.1826],[108.2295,12.1804],[108.2299,12.1774],[108.233,12.1757],[108.2381,12.1759],[108.238,12.1732],[108.2377,12.1723],[108.2383,12.1689],[108.238,12.1676],[108.2387,12.1663],[108.2395,12.1621],[108.2402,12.1608],[108.2415,12.1607],[108.2418,12.1593],[108.2434,12.1576],[108.2426,12.1566],[108.2438,12.1543],[108.2429,12.1535],[108.2431,12.15],[108.2446,12.1493],[108.2468,12.1489],[108.2468,12.1474],[108.2457,12.146],[108.2446,12.1457],[108.2442,12.1445],[108.2408,12.141],[108.2418,12.1396],[108.2432,12.1367],[108.2432,12.1355],[108.245,12.1335],[108.2469,12.1346],[108.2484,12.1312],[108.251,12.1296],[108.2532,12.1272],[108.2546,12.1273],[108.2557,12.126],[108.2568,12.1268],[108.2577,12.1259],[108.2598,12.1219],[108.2611,12.1215],[108.264,12.1193],[108.2656,12.1167],[108.2664,12.1144],[108.2669,12.1141],[108.2694,12.1157],[108.2729,12.1148],[108.2756,12.1122],[108.2766,12.1098],[108.2775,12.1095],[108.2792,12.107],[108.2803,12.1065],[108.2792,12.1031],[108.2794,12.1022],[108.2779,12.1004],[108.278,12.0988],[108.2794,12.097],[108.2792,12.0958],[108.2751,12.0932],[108.2723,12.0935],[108.271,12.0923],[108.2708,12.0887],[108.2686,12.0871],[108.2658,12.0867],[108.2641,12.0858],[108.2655,12.0821],[108.2658,12.0802],[108.264,12.0785],[108.2627,12.076],[108.2623,12.0744],[108.259,12.0711],[108.2577,12.0701],[108.2605,12.0658],[108.2607,12.0637],[108.2602,12.0622],[108.2615,12.0603],[108.2595,12.0587],[108.2587,12.0568],[108.2568,12.056],[108.2564,12.0549],[108.2548,12.0526],[108.2554,12.0507],[108.2549,12.0499],[108.2541,12.0509],[108.2536,12.0526],[108.2511,12.0539],[108.2526,12.056],[108.2521,12.0579],[108.2534,12.0614],[108.2539,12.0651],[108.2536,12.0664],[108.254,12.0682],[108.2535,12.0709],[108.2528,12.072],[108.2521,12.075],[108.2512,12.0764],[108.2506,12.079],[108.248,12.0822],[108.2426,12.083],[108.2409,12.0847],[108.2397,12.0864],[108.2372,12.0886],[108.2356,12.0889],[108.2318,12.0903],[108.2306,12.0914],[108.2297,12.0933],[108.2277,12.0947],[108.2273,12.097],[108.2248,12.0982],[108.2236,12.1006],[108.2208,12.1009],[108.2194,12.1032],[108.2161,12.1045],[108.2152,12.1056],[108.2185,12.1062],[108.2179,12.1076],[108.2181,12.1089],[108.217,12.1118],[108.2154,12.1136],[108.2142,12.1142],[108.2122,12.1165],[108.212,12.1177],[108.2125,12.1197],[108.2122,12.1208],[108.2104,12.1217],[108.2086,12.1214],[108.2076,12.1233],[108.2062,12.1241],[108.205,12.1236],[108.2036,12.1241],[108.2038,12.1252],[108.2029,12.1286],[108.2019,12.1314],[108.2009,12.1327],[108.2017,12.1348],[108.2012,12.1367],[108.2013,12.1384],[108.2006,12.1398],[108.2018,12.1437],[108.2011,12.1466],[108.202,12.1486],[108.2,12.1498],[108.1991,12.1509],[108.1974,12.1495],[108.1943,12.1491],[108.1935,12.1481],[108.1922,12.1478],[108.1913,12.1464],[108.1897,12.1453],[108.1885,12.144],[108.1872,12.1434],[108.1869,12.1423],[108.1853,12.1408],[108.1824,12.1398],[108.1814,12.1387],[108.1791,12.1384],[108.1784,12.1379],[108.1714,12.1371],[108.1691,12.1377],[108.1642,12.1344],[108.1646,12.1332],[108.1613,12.1321],[108.1604,12.1307],[108.1625,12.1286],[108.1636,12.1255],[108.1657,12.1249],[108.1662,12.1242],[108.1659,12.1225],[108.1667,12.112],[108.1663,12.1097],[108.1672,12.1062],[108.1667,12.1039],[108.1657,12.1016],[108.1662,12.0999],[108.1665,12.0974],[108.1673,12.0958],[108.1669,12.0946],[108.1654,12.0934],[108.1643,12.0918],[108.1626,12.0936],[108.1604,12.0928],[108.1585,12.0926],[108.1576,12.0956],[108.1559,12.0949],[108.1541,12.0957],[108.153,12.0942],[108.1515,12.0949],[108.149,12.0951],[108.1492,12.0966],[108.1468,12.0983],[108.1447,12.0981],[108.1434,12.0972],[108.1418,12.0935],[108.1404,12.0933],[108.1394,12.0922],[108.1389,12.0904],[108.1376,12.0892],[108.1359,12.0911],[108.1344,12.0904],[108.1318,12.0907],[108.1309,12.0919],[108.1288,12.0916],[108.1272,12.0938],[108.1252,12.0939],[108.1236,12.0949],[108.1213,12.0969],[108.1188,12.0975],[108.1176,12.0985],[108.1153,12.0976],[108.1133,12.1009],[108.112,12.1019],[108.1113,12.1035],[108.1096,12.1036],[108.107,12.1056],[108.1055,12.1064],[108.1047,12.1078],[108.1026,12.1087],[108.1013,12.1098],[108.0983,12.1113],[108.0958,12.1133],[108.0923,12.1137],[108.0897,12.1156],[108.0885,12.1157],[108.087,12.1172],[108.0854,12.1213],[108.0839,12.1221],[108.0839,12.1251],[108.0813,12.1274],[108.0802,12.1292],[108.0788,12.1301],[108.0796,12.1309],[108.0796,12.1329],[108.0786,12.1333]]]},"properties":{"name":"Đam Rông 3","level":"ward"}},{"type":"Feature","geometry":{"type":"Polygon","coordinates":[[[107.9778,12.08],[107.9799,12.0816],[107.9812,12.081],[107.981,12.0795],[107.9827,12.0798],[107.9822,12.0837],[107.9805,12.0845],[107.98,12.0857],[107.9812,12.0882],[107.982,12.0892],[107.9829,12.0912],[107.9843,12.0925],[107.9829,12.0962],[107.9818,12.0977],[107.9839,12.0998],[107.984,12.1016],[107.9821,12.1043],[107.9838,12.1055],[107.9854,12.1075],[107.9834,12.108],[107.9832,12.1091],[107.9849,12.1105],[107.9861,12.1105],[107.9881,12.1093],[107.9895,12.1093],[107.9899,12.1106],[107.9885,12.1121],[107.9903,12.1136],[107.9914,12.1161],[107.9912,12.1185],[107.989,12.1209],[107.9889,12.1216],[107.9901,12.1219],[107.9941,12.1216],[107.998,12.1222],[107.999,12.1236],[107.9969,12.1272],[107.9981,12.1274],[107.9993,12.125],[108.001,12.1245],[108.002,12.1228],[108.0036,12.1233],[108.0049,12.123],[108.0048,12.1179],[108.0064,12.1159],[108.0074,12.1164],[108.0074,12.1184],[108.0084,12.1201],[108.0116,12.1241],[108.0138,12.1237],[108.0148,12.1261],[108.0173,12.1263],[108.019,12.1272],[108.0202,12.1302],[108.0181,12.1339],[108.0191,12.1365],[108.0182,12.1395],[108.0184,12.141],[108.0194,12.1409],[108.0206,12.14],[108.0216,12.1371],[108.0238,12.136],[108.0269,12.1373],[108.0294,12.1379],[108.0312,12.139],[108.0314,12.1407],[108.034,12.1426],[108.0339,12.1442],[108.0347,12.1447],[108.0365,12.1442],[108.0396,12.1415],[108.0386,12.1398],[108.0391,12.1393],[108.0433,12.1385],[108.0462,12.1396],[108.0505,12.1385],[108.0543,12.1407],[108.0545,12.1415],[108.0535,12.1432],[108.0542,12.144],[108.0565,12.1428],[108.0575,12.1402],[108.0574,12.1384],[108.0559,12.1369],[108.0574,12.1364],[108.0607,12.138],[108.0627,12.1362],[108.064,12.1364],[108.0658,12.138],[108.0664,12.1375],[108.0661,12.1354],[108.0664,12.1337],[108.0678,12.1334],[108.0701,12.1323],[108.0712,12.1323],[108.0728,12.133],[108.0753,12.1332],[108.078,12.1327],[108.0786,12.1333],[108.0796,12.1329],[108.0796,12.1309],[108.0788,12.1301],[108.0802,12.1292],[108.0813,12.1274],[108.0839,12.1251],[108.0839,12.1221],[108.0854,12.1213],[108.087,12.1172],[108.0885,12.1157],[108.0897,12.1156],[108.0923,12.1137],[108.0958,12.1133],[108.0983,12.1113],[108.1013,12.1098],[108.1026,12.1087],[108.1047,12.1078],[108.1055,12.1064],[108.107,12.1056],[108.1096,12.1036],[108.1113,12.1035],[108.112,12.1019],[108.1133,12.1009],[108.1153,12.0976],[108.1176,12.0985],[108.1188,12.0975],[108.1213,12.0969],[108.1236,12.0949],[108.1252,12.0939],[108.1272,12.0938],[108.1288,12.0916],[108.1309,12.0919],[108.1318,12.0907],[108.1344,12.0904],[108.1359,12.0911],[108.1376,12.0892],[108.1389,12.0904],[108.1394,12.0922],[108.1404,12.0933],[108.1418,12.0935],[108.1434,12.0972],[108.1447,12.0981],[108.1468,12.0983],[108.1492,12.0966],[108.149,12.0951],[108.1515,12.0949],[108.153,12.0942],[108.1541,12.0957],[108.1559,12.0949],[108.1576,12.0956],[108.1585,12.0926],[108.1604,12.0928],[108.1626,12.0936],[108.1643,12.0918],[108.1654,12.0934],[108.1669,12.0946],[108.1673,12.0958],[108.1665,12.0974],[108.1662,12.0999],[108.1657,12.1016],[108.1667,12.1039],[108.1672,12.1062],[108.1663,12.1097],[108.1667,12.112],[108.1659,12.1225],[108.1662,12.1242],[108.1657,12.1249],[108.1636,12.1255],[108.1625,12.1286],[108.1604,12.1307],[108.1613,12.1321],[108.1646,12.1332],[108.1642,12.1344],[108.1691,12.1377],[108.1714,12.1371],[108.1784,12.1379],[108.1791,12.1384],[108.1814,12.1387],[108.1824,12.1398],[108.1853,12.1408],[108.1869,12.1423],[108.1872,12.1434],[108.1885,12.144],[108.1897,12.1453],[108.1913,12.1464],[108.1922,12.1478],[108.1935,12.1481],[108.1943,12.1491],[108.1974,12.1495],[108.1991,12.1509],[108.2,12.1498],[108.202,12.1486],[108.2011,12.1466],[108.2018,12.1437],[108.2006,12.1398],[108.2013,12.1384],[108.2012,12.1367],[108.2017,12.1348],[108.2009,12.1327],[108.2019,12.1314],[108.2029,12.1286],[108.2038,12.1252],[108.2036,12.1241],[108.205,12.1236],[108.2062,12.1241],[108.2076,12.1233],[108.2086,12.1214],[108.2104,12.1217],[108.2122,12.1208],[108.2125,12.1197],[108.212,12.1177],[108.2122,12.1165],[108.2142,12.1142],[108.2154,12.1136],[108.217,12.1118],[108.2181,12.1089],[108.2179,12.1076],[108.2185,12.1062],[108.2152,12.1056],[108.2161,12.1045],[108.2194,12.1032],[108.2208,12.1009],[108.2236,12.1006],[108.2248,12.0982],[108.2273,12.097],[108.2277,12.0947],[108.2297,12.0933],[108.2306,12.0914],[108.2318,12.0903],[108.2356,12.0889],[108.2372,12.0886],[108.2397,12.0864],[108.2409,12.0847],[108.2426,12.083],[108.248,12.0822],[108.2506,12.079],[108.2512,12.0764],[108.2521,12.075],[108.2528,12.072],[108.2535,12.0709],[108.254,12.0682],[108.2536,12.0664],[108.2539,12.0651],[108.2534,12.0614],[108.2521,12.0579],[108.2526,12.056],[108.2511,12.0539],[108.2536,12.0526],[108.2541,12.0509],[108.2549,12.0499],[108.2539,12.0485],[108.2532,12.0458],[108.2534,12.0432],[108.2524,12.042],[108.2505,12.0413],[108.2502,12.0393],[108.2491,12.0382],[108.2502,12.0369],[108.2504,12.0348],[108.2517,12.0334],[108.2511,12.0305],[108.2495,12.0306],[108.2466,12.0296],[108.2469,12.0291],[108.246,12.0272],[108.2441,12.026],[108.243,12.0231],[108.2413,12.0223],[108.2403,12.0211],[108.2388,12.0202],[108.2356,12.0193],[108.2346,12.0176],[108.2326,12.0167],[108.2301,12.0164],[108.2291,12.0168],[108.2274,12.0163],[108.2262,12.0172],[108.2249,12.0159],[108.2244,12.0142],[108.2216,12.0132],[108.2202,12.0118],[108.2176,12.0123],[108.2173,12.0114],[108.2175,12.0076],[108.217,12.0069],[108.2167,12.0035],[108.2171,12.0014],[108.216,12.0001],[108.2148,11.9997],[108.2134,12.0006],[108.2105,11.9996],[108.2089,11.9983],[108.2068,11.998],[108.2026,11.9947],[108.2014,11.9946],[108.2015,11.9926],[108.2011,11.9912],[108.201,11.9887],[108.2006,11.9869],[108.2011,11.986],[108.2013,11.982],[108.201,11.9812],[108.199,11.9798],[108.1966,11.9799],[108.1947,11.9785],[108.1924,11.9778],[108.1917,11.9771],[108.1913,11.9753],[108.1902,11.9734],[108.186,11.973],[108.1851,11.9753],[108.1814,11.9781],[108.1816,11.9798],[108.1788,11.9816],[108.1783,11.984],[108.1768,11.9849],[108.1739,11.985],[108.1729,11.9855],[108.1717,11.9845],[108.1684,11.9865],[108.1672,11.9881],[108.1658,11.9887],[108.1643,11.9906],[108.1606,11.9932],[108.1591,11.996],[108.1438,11.9965],[108.1408,11.9952],[108.139,11.9939],[108.1369,11.9935],[108.1357,11.9937],[108.1346,11.9947],[108.1326,11.9948],[108.13,11.9958],[108.1269,11.9965],[108.1255,11.9971],[108.1243,11.9969],[108.1219,11.9981],[108.1153,11.9974],[108.1137,11.9993],[108.1139,12.0004],[108.1127,12.0015],[108.1102,11.9994],[108.1084,12.0026],[108.1074,12.0052],[108.105,12.0062],[108.1044,12.007],[108.0995,12.0095],[108.0953,12.0097],[108.0929,12.0101],[108.0906,12.0093],[108.0887,12.0092],[108.0873,12.0078],[108.0842,12.0069],[108.0818,12.0083],[108.0807,12.0077],[108.0788,12.0076],[108.0774,12.0062],[108.0742,12.0066],[108.0727,12.0056],[108.0692,12.0059],[108.0678,12.007],[108.0663,12.0074],[108.0634,12.0062],[108.0597,12.0065],[108.0584,12.008],[108.0575,12.0076],[108.0553,12.0042],[108.0561,12.0026],[108.0558,12.0009],[108.0532,11.9994],[108.0512,11.9979],[108.0514,11.9969],[108.0497,11.9936],[108.0479,11.9922],[108.0445,11.9924],[108.0381,11.9904],[108.037,11.9903],[108.032,11.9883],[108.0313,11.9899],[108.0297,11.9909],[108.0282,11.9899],[108.0271,11.9913],[108.0281,11.994],[108.0271,11.9953],[108.0267,11.9972],[108.0269,11.9989],[108.025,12.0004],[108.0237,12.0007],[108.0229,12.0023],[108.0238,12.0032],[108.0232,12.0048],[108.0244,12.0064],[108.0224,12.012],[108.0239,12.0131],[108.0244,12.0142],[108.0219,12.014],[108.0212,12.0176],[108.018,12.019],[108.0181,12.0207],[108.0171,12.0223],[108.0159,12.0229],[108.0125,12.023],[108.0103,12.0234],[108.009,12.0226],[108.0072,12.0228],[108.0064,12.0248],[108.007,12.0261],[108.0072,12.0286],[108.0093,12.032],[108.011,12.0313],[108.0111,12.0328],[108.009,12.0341],[108.0097,12.035],[108.0111,12.0349],[108.0113,12.0359],[108.0099,12.0366],[108.0095,12.0381],[108.0098,12.0394],[108.0087,12.0396],[108.0086,12.0415],[108.0101,12.0416],[108.0122,12.0397],[108.0128,12.0402],[108.0126,12.0421],[108.0115,12.0432],[108.0123,12.0448],[108.0093,12.0464],[108.0098,12.0491],[108.012,12.0491],[108.0118,12.0506],[108.0108,12.0524],[108.0093,12.0508],[108.0078,12.0523],[108.0057,12.0524],[108.0046,12.0509],[108.0024,12.05],[108.002,12.0493],[107.9998,12.0491],[107.9985,12.0508],[107.9977,12.0495],[107.9957,12.0512],[107.9945,12.0514],[107.9943,12.0533],[107.9918,12.0526],[107.9915,12.0512],[107.9904,12.0516],[107.9901,12.0528],[107.9908,12.0544],[107.9884,12.0547],[107.9853,12.0558],[107.9844,12.0546],[107.9813,12.0554],[107.9811,12.0537],[107.9799,12.0541],[107.9789,12.0527],[107.9749,12.056],[107.9733,12.0557],[107.9737,12.0587],[107.9723,12.0588],[107.9716,12.0599],[107.9687,12.062],[107.9681,12.0633],[107.9657,12.0629],[107.9643,12.0617],[107.9631,12.065],[107.9634,12.0659],[107.9624,12.0673],[107.9638,12.0683],[107.9668,12.0716],[107.969,12.0727],[107.9703,12.075],[107.9742,12.0747],[107.9745,12.0754],[107.9725,12.0766],[107.9715,12.0793],[107.9721,12.0798],[107.9736,12.0791],[107.9762,12.0788],[107.9778,12.08]]]},"properties":{"name":"Đam Rông 2","level":"ward"}},{"type":"Feature","geometry":{"type":"Polygon","coordinates":[[[108.2765,11.968],[108.2778,11.9658],[108.2794,11.9644],[108.28,11.9607],[108.2829,11.9592],[108.2841,11.9599],[108.2854,11.9591],[108.2874,11.9566],[108.2871,11.9557],[108.2899,11.9544],[108.2898,11.9526],[108.2909,11.9518],[108.2926,11.9491],[108.2921,11.9472],[108.2921,11.9446],[108.2913,11.9431],[108.2911,11.9415],[108.2964,11.9369],[108.2985,11.9336],[108.3002,11.9331],[108.3014,11.9308],[108.3029,11.9309],[108.3044,11.9302],[108.3078,11.9297],[108.3086,11.9281],[108.3107,11.9265],[108.314,11.9253],[108.3153,11.9254],[108.3116,11.9223],[108.3103,11.921],[108.309,11.9189],[108.3083,11.9159],[108.3067,11.9152],[108.305,11.9108],[108.3038,11.9084],[108.3021,11.9062],[108.3008,11.905],[108.2993,11.9044],[108.2973,11.9043],[108.2957,11.9037],[108.2943,11.9014],[108.2931,11.9004],[108.2938,11.897],[108.2933,11.8958],[108.2909,11.8944],[108.2911,11.8929],[108.2919,11.8917],[108.2936,11.8906],[108.2956,11.8911],[108.2952,11.8887],[108.2958,11.8863],[108.2969,11.8843],[108.2967,11.883],[108.2972,11.8807],[108.297,11.8776],[108.2953,11.875],[108.2958,11.8711],[108.2946,11.8693],[108.2976,11.8676],[108.2994,11.8674],[108.3002,11.8679],[108.303,11.8678],[108.3046,11.8665],[108.3072,11.8674],[108.3102,11.8648],[108.3125,11.8643],[108.3159,11.8624],[108.3148,11.8607],[108.3139,11.8581],[108.3168,11.8521],[108.3167,11.8492],[108.3143,11.8453],[108.3133,11.8424],[108.3111,11.8391],[108.3115,11.8379],[108.3137,11.836],[108.313,11.8336],[108.3143,11.8312],[108.3146,11.8271],[108.3144,11.8253],[108.3157,11.8231],[108.3151,11.8199],[108.3176,11.818],[108.3146,11.8173],[108.3126,11.8182],[108.3114,11.8172],[108.3112,11.8159],[108.3091,11.8147],[108.3077,11.8143],[108.3045,11.8146],[108.3033,11.8144],[108.3008,11.8128],[108.2991,11.8141],[108.2971,11.8142],[108.2942,11.8159],[108.2931,11.8173],[108.2916,11.8172],[108.2888,11.8149],[108.2866,11.8151],[108.2854,11.8141],[108.2842,11.8144],[108.2824,11.8159],[108.2803,11.8165],[108.2806,11.818],[108.2795,11.8207],[108.2781,11.8217],[108.275,11.8209],[108.2719,11.8222],[108.2704,11.8215],[108.2693,11.8225],[108.2685,11.8246],[108.2651,11.8253],[108.2643,11.8268],[108.2617,11.8285],[108.261,11.83],[108.2595,11.8317],[108.2562,11.8327],[108.2555,11.8337],[108.2536,11.8333],[108.2521,11.8358],[108.2499,11.8381],[108.2498,11.8392],[108.2469,11.8392],[108.2452,11.8412],[108.2435,11.8424],[108.2415,11.8444],[108.2396,11.8438],[108.2372,11.8438],[108.236,11.8432],[108.2334,11.8429],[108.2329,11.8442],[108.2329,11.8465],[108.2338,11.8484],[108.2337,11.8507],[108.235,11.8516],[108.2361,11.855],[108.238,11.8549],[108.2391,11.8554],[108.2389,11.8567],[108.2398,11.8578],[108.2398,11.8589],[108.2386,11.8613],[108.2411,11.8628],[108.2428,11.8642],[108.2424,11.8657],[108.2395,11.8679],[108.2382,11.8707],[108.239,11.8721],[108.2435,11.8729],[108.2441,11.874],[108.2432,11.8765],[108.2431,11.8785],[108.2407,11.8795],[108.2425,11.8848],[108.2427,11.8864],[108.2447,11.8892],[108.2448,11.8914],[108.2419,11.8943],[108.2424,11.8954],[108.2409,11.8977],[108.241,11.9003],[108.2395,11.9065],[108.2431,11.9073],[108.2431,11.9088],[108.2442,11.9109],[108.2439,11.9121],[108.2411,11.9113],[108.2375,11.9109],[108.2361,11.9118],[108.2332,11.9104],[108.2332,11.9076],[108.2342,11.9062],[108.2335,11.9048],[108.2322,11.9065],[108.2325,11.9082],[108.2312,11.9094],[108.2317,11.9109],[108.2312,11.9122],[108.2326,11.9132],[108.232,11.9144],[108.2299,11.9148],[108.2281,11.9166],[108.2295,11.9177],[108.2301,11.919],[108.2295,11.92],[108.2316,11.9214],[108.2336,11.9214],[108.2362,11.9225],[108.2378,11.9237],[108.2403,11.9231],[108.2413,11.9234],[108.2432,11.926],[108.2442,11.9268],[108.2453,11.9284],[108.2464,11.929],[108.2474,11.9324],[108.2467,11.9337],[108.2468,11.9376],[108.2509,11.9412],[108.2525,11.9437],[108.2521,11.9448],[108.2525,11.9474],[108.2543,11.952],[108.2567,11.9529],[108.2577,11.9543],[108.262,11.9539],[108.2643,11.9523],[108.2658,11.9551],[108.2672,11.9568],[108.2695,11.9612],[108.2714,11.9631],[108.2728,11.9657],[108.2747,11.9682],[108.2765,11.968]]]},"properties":{"name":"Nam Hà Lâm Hà","level":"ward"}},{"type":"Feature","geometry":{"type":"Polygon","coordinates":[[[108.0714,11.8392],[108.0726,11.8422],[108.0742,11.8448],[108.0757,11.8454],[108.0771,11.8474],[108.0778,11.8501],[108.0799,11.852],[108.0815,11.8548],[108.0835,11.8559],[108.0838,11.8577],[108.0867,11.862],[108.0893,11.8647],[108.0912,11.8678],[108.0938,11.8698],[108.0967,11.8709],[108.0974,11.8724],[108.0999,11.8757],[108.1025,11.8803],[108.1037,11.8861],[108.105,11.8868],[108.1049,11.8878],[108.1071,11.8891],[108.1082,11.8906],[108.1106,11.8965],[108.1105,11.8979],[108.1112,11.8994],[108.1069,11.9012],[108.105,11.9022],[108.1024,11.903],[108.0972,11.9035],[108.0964,11.9041],[108.0921,11.9051],[108.0905,11.9051],[108.0885,11.9098],[108.0898,11.9117],[108.0878,11.913],[108.0855,11.9112],[108.0846,11.9113],[108.0839,11.9173],[108.0847,11.9184],[108.0841,11.9203],[108.083,11.9215],[108.0836,11.9233],[108.0822,11.9248],[108.0811,11.9249],[108.0813,11.9266],[108.0823,11.9271],[108.0829,11.9296],[108.0818,11.9304],[108.0804,11.9306],[108.0802,11.9318],[108.0778,11.9316],[108.0767,11.9324],[108.078,11.9346],[108.0766,11.9359],[108.0749,11.9368],[108.0747,11.9391],[108.0731,11.9389],[108.074,11.9414],[108.072,11.9425],[108.0699,11.9455],[108.0687,11.9455],[108.0688,11.9484],[108.0653,11.9489],[108.0651,11.9471],[108.0639,11.9467],[108.0634,11.9452],[108.06,11.9433],[108.0585,11.9457],[108.0581,11.9471],[108.0568,11.9463],[108.0539,11.9461],[108.0526,11.9454],[108.0522,11.9469],[108.0508,11.9463],[108.0499,11.9475],[108.0515,11.9486],[108.0505,11.9498],[108.0483,11.9495],[108.0458,11.9502],[108.0464,11.9512],[108.0489,11.9516],[108.0476,11.9544],[108.0489,11.9543],[108.0494,11.9562],[108.0492,11.9583],[108.0482,11.9591],[108.0496,11.9623],[108.0472,11.9637],[108.0472,11.965],[108.0462,11.9667],[108.0474,11.9696],[108.0467,11.9711],[108.0456,11.9748],[108.046,11.9756],[108.0452,11.9776],[108.044,11.9784],[108.0413,11.9795],[108.0412,11.9809],[108.0403,11.9829],[108.0402,11.984],[108.0393,11.9848],[108.0362,11.9852],[108.0352,11.986],[108.0323,11.9866],[108.032,11.9883],[108.037,11.9903],[108.0381,11.9904],[108.0445,11.9924],[108.0479,11.9922],[108.0497,11.9936],[108.0514,11.9969],[108.0512,11.9979],[108.0532,11.9994],[108.0558,12.0009],[108.0561,12.0026],[108.0553,12.0042],[108.0575,12.0076],[108.0584,12.008],[108.0597,12.0065],[108.0634,12.0062],[108.0663,12.0074],[108.0678,12.007],[108.0692,12.0059],[108.0727,12.0056],[108.0742,12.0066],[108.0774,12.0062],[108.0788,12.0076],[108.0807,12.0077],[108.0818,12.0083],[108.0842,12.0069],[108.0873,12.0078],[108.0887,12.0092],[108.0906,12.0093],[108.0929,12.0101],[108.0953,12.0097],[108.0995,12.0095],[108.1044,12.007],[108.105,12.0062],[108.1074,12.0052],[108.1084,12.0026],[108.1102,11.9994],[108.1127,12.0015],[108.1139,12.0004],[108.1137,11.9993],[108.1153,11.9974],[108.1219,11.9981],[108.1243,11.9969],[108.1255,11.9971],[108.1269,11.9965],[108.13,11.9958],[108.1326,11.9948],[108.1346,11.9947],[108.1357,11.9937],[108.1369,11.9935],[108.139,11.9939],[108.1408,11.9952],[108.1438,11.9965],[108.1591,11.996],[108.1606,11.9932],[108.1643,11.9906],[108.1658,11.9887],[108.1672,11.9881],[108.1684,11.9865],[108.1717,11.9845],[108.1729,11.9855],[108.1739,11.985],[108.1768,11.9849],[108.1783,11.984],[108.1788,11.9816],[108.1816,11.9798],[108.1814,11.9781],[108.1851,11.9753],[108.186,11.973],[108.1867,11.9715],[108.1866,11.9704],[108.1844,11.9691],[108.1831,11.9675],[108.1842,11.9643],[108.1833,11.9603],[108.1834,11.959],[108.1823,11.9579],[108.1816,11.9501],[108.1773,11.9459],[108.1773,11.9442],[108.1782,11.9429],[108.1785,11.9413],[108.1782,11.94],[108.1786,11.938],[108.1765,11.937],[108.1762,11.9351],[108.1767,11.9335],[108.1789,11.9289],[108.1795,11.9264],[108.1755,11.9246],[108.1746,11.9235],[108.1745,11.9219],[108.1731,11.9212],[108.1719,11.92],[108.1708,11.9201],[108.1677,11.9185],[108.1683,11.9175],[108.1689,11.9145],[108.1678,11.9118],[108.1684,11.9106],[108.1705,11.9087],[108.1711,11.9071],[108.1696,11.9054],[108.1666,11.9008],[108.167,11.8986],[108.1681,11.8975],[108.1685,11.8962],[108.1677,11.8945],[108.1653,11.8939],[108.1631,11.8916],[108.1614,11.8934],[108.1583,11.8933],[108.1559,11.8926],[108.1551,11.8893],[108.156,11.8863],[108.1565,11.883],[108.1555,11.8814],[108.1544,11.8806],[108.1572,11.8755],[108.1557,11.8742],[108.1549,11.8712],[108.157,11.8687],[108.1564,11.866],[108.1558,11.865],[108.1536,11.8634],[108.1524,11.8612],[108.1511,11.8606],[108.1495,11.8591],[108.1479,11.8587],[108.1463,11.8574],[108.1435,11.8566],[108.1404,11.8582],[108.1392,11.8572],[108.1379,11.8574],[108.1344,11.8557],[108.1341,11.8538],[108.1322,11.8541],[108.1277,11.857],[108.1259,11.8574],[108.1255,11.8585],[108.1229,11.8597],[108.1225,11.8612],[108.1207,11.8611],[108.1188,11.8599],[108.1151,11.8628],[108.1153,11.8642],[108.1139,11.8666],[108.1092,11.8672],[108.1081,11.8646],[108.1081,11.8626],[108.1065,11.8586],[108.1073,11.8532],[108.1045,11.849],[108.1028,11.8474],[108.1004,11.8463],[108.0993,11.8464],[108.0977,11.8408],[108.0975,11.838],[108.095,11.8385],[108.0907,11.837],[108.089,11.8348],[108.086,11.8336],[108.0848,11.8356],[108.0833,11.8353],[108.0821,11.834],[108.0781,11.838],[108.0765,11.8393],[108.0755,11.8393],[108.0739,11.8371],[108.0731,11.8372],[108.0714,11.8392]]]},"properties":{"name":"Đam Rông 1","level":"ward"}},{"type":"Feature","geometry":{"type":"Polygon","coordinates":[[[108.32,12.0344],[108.3205,12.0325],[108.3176,12.0309],[108.3156,12.0271],[108.316,12.0259],[108.315,12.0228],[108.3136,12.0209],[108.3128,12.0206],[108.3103,12.0221],[108.3095,12.0218],[108.3083,12.0227],[108.3092,12.0251],[108.3067,12.0238],[108.3048,12.0237],[108.3044,12.0223],[108.3022,12.0226],[108.3007,12.0209],[108.3006,12.02],[108.2995,12.0182],[108.2975,12.0186],[108.2953,12.0184],[108.2953,12.0175],[108.2941,12.0162],[108.2937,12.0141],[108.2944,12.0129],[108.2943,12.0116],[108.2951,12.0098],[108.2949,12.0088],[108.297,12.0075],[108.2949,12.0037],[108.2934,12.0018],[108.2956,12],[108.2946,11.9966],[108.2926,11.9944],[108.2924,11.9923],[108.2916,11.99],[108.2918,11.9875],[108.2912,11.9855],[108.2896,11.9846],[108.2892,11.9828],[108.2881,11.9816],[108.2876,11.9798],[108.2862,11.9794],[108.2849,11.9773],[108.2854,11.9748],[108.2846,11.9734],[108.2835,11.9703],[108.2827,11.9696],[108.2815,11.9701],[108.2793,11.97],[108.2777,11.9681],[108.2765,11.968],[108.2747,11.9682],[108.2728,11.9657],[108.2714,11.9631],[108.2695,11.9612],[108.2672,11.9568],[108.2658,11.9551],[108.2643,11.9523],[108.262,11.9539],[108.2577,11.9543],[108.2567,11.9529],[108.2543,11.952],[108.2525,11.9474],[108.2521,11.9448],[108.2525,11.9437],[108.2509,11.9412],[108.2468,11.9376],[108.2467,11.9337],[108.2474,11.9324],[108.2464,11.929],[108.2453,11.9284],[108.2442,11.9268],[108.2432,11.926],[108.2413,11.9234],[108.2403,11.9231],[108.2378,11.9237],[108.2362,11.9225],[108.2336,11.9214],[108.2316,11.9214],[108.2295,11.92],[108.2301,11.919],[108.2295,11.9177],[108.2281,11.9166],[108.2299,11.9148],[108.232,11.9144],[108.2326,11.9132],[108.2312,11.9122],[108.2317,11.9109],[108.2312,11.9094],[108.2325,11.9082],[108.2322,11.9065],[108.2335,11.9048],[108.2342,11.9062],[108.2332,11.9076],[108.2332,11.9104],[108.2361,11.9118],[108.2375,11.9109],[108.2411,11.9113],[108.2439,11.9121],[108.2442,11.9109],[108.2431,11.9088],[108.2431,11.9073],[108.2395,11.9065],[108.241,11.9003],[108.2409,11.8977],[108.2424,11.8954],[108.2419,11.8943],[108.2448,11.8914],[108.2447,11.8892],[108.2427,11.8864],[108.2425,11.8848],[108.2407,11.8795],[108.2431,11.8785],[108.2432,11.8765],[108.2441,11.874],[108.2435,11.8729],[108.239,11.8721],[108.2382,11.8707],[108.2395,11.8679],[108.2424,11.8657],[108.2428,11.8642],[108.2411,11.8628],[108.2386,11.8613],[108.2398,11.8589],[108.2398,11.8578],[108.2389,11.8567],[108.2391,11.8554],[108.238,11.8549],[108.2361,11.855],[108.235,11.8516],[108.2337,11.8507],[108.2338,11.8484],[108.2329,11.8465],[108.2329,11.8442],[108.2334,11.8429],[108.236,11.8432],[108.2372,11.8438],[108.2396,11.8438],[108.2415,11.8444],[108.2435,11.8424],[108.2452,11.8412],[108.2469,11.8392],[108.2498,11.8392],[108.2499,11.8381],[108.2521,11.8358],[108.2536,11.8333],[108.2555,11.8337],[108.2562,11.8327],[108.2595,11.8317],[108.261,11.83],[108.2617,11.8285],[108.2643,11.8268],[108.2651,11.8253],[108.264,11.8244],[108.2619,11.8235],[108.26,11.8209],[108.2598,11.82],[108.2561,11.817],[108.2548,11.8175],[108.2538,11.8159],[108.2521,11.8152],[108.2518,11.814],[108.2506,11.8128],[108.249,11.813],[108.2476,11.8118],[108.2478,11.81],[108.2468,11.8091],[108.2448,11.8102],[108.2435,11.8087],[108.2431,11.805],[108.2417,11.8028],[108.2422,11.8001],[108.2394,11.7977],[108.2359,11.7972],[108.2346,11.7976],[108.2331,11.7972],[108.2321,11.7955],[108.229,11.796],[108.229,11.8001],[108.2277,11.8008],[108.2262,11.8006],[108.225,11.8013],[108.2237,11.8048],[108.2232,11.8076],[108.2218,11.8062],[108.2198,11.8059],[108.2178,11.8042],[108.217,11.8053],[108.2135,11.8066],[108.2136,11.8087],[108.2115,11.8097],[108.2094,11.8082],[108.2064,11.8084],[108.2056,11.8076],[108.2042,11.8035],[108.2014,11.8039],[108.1991,11.8053],[108.1981,11.8051],[108.1957,11.8034],[108.1905,11.8007],[108.1889,11.8012],[108.1858,11.8013],[108.1837,11.8023],[108.1811,11.8057],[108.1818,11.8078],[108.1814,11.8088],[108.179,11.8095],[108.1784,11.8104],[108.1799,11.8114],[108.1792,11.8131],[108.1757,11.8132],[108.1762,11.8166],[108.1747,11.8203],[108.1738,11.8194],[108.1715,11.8192],[108.1706,11.8228],[108.1697,11.8228],[108.1688,11.8213],[108.1668,11.8229],[108.1665,11.8258],[108.1676,11.8271],[108.1679,11.8291],[108.1675,11.8299],[108.1661,11.8297],[108.1628,11.8308],[108.1611,11.8333],[108.159,11.8325],[108.1575,11.8333],[108.1589,11.8353],[108.1608,11.836],[108.161,11.839],[108.1605,11.8406],[108.1602,11.8437],[108.1608,11.8451],[108.1595,11.8475],[108.1581,11.8479],[108.1575,11.8499],[108.1579,11.8518],[108.1567,11.8538],[108.1533,11.8581],[108.1524,11.8612],[108.1536,11.8634],[108.1558,11.865],[108.1564,11.866],[108.157,11.8687],[108.1549,11.8712],[108.1557,11.8742],[108.1572,11.8755],[108.1544,11.8806],[108.1555,11.8814],[108.1565,11.883],[108.156,11.8863],[108.1551,11.8893],[108.1559,11.8926],[108.1583,11.8933],[108.1614,11.8934],[108.1631,11.8916],[108.1653,11.8939],[108.1677,11.8945],[108.1685,11.8962],[108.1681,11.8975],[108.167,11.8986],[108.1666,11.9008],[108.1696,11.9054],[108.1711,11.9071],[108.1705,11.9087],[108.1684,11.9106],[108.1678,11.9118],[108.1689,11.9145],[108.1683,11.9175],[108.1677,11.9185],[108.1708,11.9201],[108.1719,11.92],[108.1731,11.9212],[108.1745,11.9219],[108.1746,11.9235],[108.1755,11.9246],[108.1795,11.9264],[108.1789,11.9289],[108.1767,11.9335],[108.1762,11.9351],[108.1765,11.937],[108.1786,11.938],[108.1782,11.94],[108.1785,11.9413],[108.1782,11.9429],[108.1773,11.9442],[108.1773,11.9459],[108.1816,11.9501],[108.1823,11.9579],[108.1834,11.959],[108.1833,11.9603],[108.1842,11.9643],[108.1831,11.9675],[108.1844,11.9691],[108.1866,11.9704],[108.1867,11.9715],[108.186,11.973],[108.1902,11.9734],[108.1913,11.9753],[108.1917,11.9771],[108.1924,11.9778],[108.1947,11.9785],[108.1966,11.9799],[108.199,11.9798],[108.201,11.9812],[108.2013,11.982],[108.2011,11.986],[108.2006,11.9869],[108.201,11.9887],[108.2011,11.9912],[108.2015,11.9926],[108.2014,11.9946],[108.2026,11.9947],[108.2068,11.998],[108.2089,11.9983],[108.2105,11.9996],[108.2134,12.0006],[108.2148,11.9997],[108.216,12.0001],[108.2171,12.0014],[108.2167,12.0035],[108.217,12.0069],[108.2175,12.0076],[108.2173,12.0114],[108.2176,12.0123],[108.2202,12.0118],[108.2216,12.0132],[108.2244,12.0142],[108.2249,12.0159],[108.2262,12.0172],[108.2274,12.0163],[108.2291,12.0168],[108.2301,12.0164],[108.2326,12.0167],[108.2346,12.0176],[108.2356,12.0193],[108.2388,12.0202],[108.2403,12.0211],[108.2413,12.0223],[108.243,12.0231],[108.2441,12.026],[108.246,12.0272],[108.2469,12.0291],[108.2466,12.0296],[108.2495,12.0306],[108.2511,12.0305],[108.2517,12.0334],[108.2504,12.0348],[108.2502,12.0369],[108.2491,12.0382],[108.2502,12.0393],[108.2505,12.0413],[108.2524,12.042],[108.2534,12.0432],[108.2532,12.0458],[108.2539,12.0485],[108.2549,12.0499],[108.2577,12.0521],[108.2595,12.0524],[108.2614,12.0533],[108.2634,12.0531],[108.2666,12.0561],[108.2686,12.0568],[108.2692,12.0583],[108.2718,12.0609],[108.2746,12.0608],[108.2752,12.0613],[108.2754,12.0633],[108.2766,12.0644],[108.2777,12.0646],[108.2787,12.0658],[108.2791,12.0676],[108.2814,12.0705],[108.2844,12.0716],[108.2857,12.0712],[108.2883,12.0694],[108.2916,12.068],[108.2926,12.0666],[108.2924,12.0647],[108.2956,12.0654],[108.2964,12.0643],[108.2989,12.0649],[108.3015,12.0646],[108.3038,12.0625],[108.3028,12.0585],[108.3035,12.0573],[108.3038,12.0554],[108.3059,12.053],[108.3077,12.0535],[108.3087,12.0529],[108.3092,12.0513],[108.3081,12.0485],[108.3082,12.0474],[108.312,12.043],[108.3141,12.0413],[108.3157,12.0405],[108.3159,12.0387],[108.3172,12.0387],[108.3184,12.0359],[108.3184,12.035],[108.32,12.0344]]]},"properties":{"name":"Phú Sơn Lâm Hà","level":"ward"}},{"type":"Feature","geometry":{"type":"Polygon","coordinates":[[[107.9739,11.7906],[107.9758,11.7899],[107.9786,11.7906],[107.9806,11.7928],[107.9819,11.7953],[107.982,11.7962],[107.9854,11.8001],[107.99,11.8008],[107.9927,11.8005],[107.9954,11.8014],[107.9969,11.8014],[107.9986,11.8029],[108.0007,11.8053],[108.0043,11.8069],[108.006,11.8072],[108.0119,11.807],[108.0143,11.8058],[108.0164,11.8057],[108.0174,11.8062],[108.0201,11.8098],[108.0202,11.8121],[108.0227,11.8108],[108.0218,11.8133],[108.0221,11.8164],[108.045,11.8299],[108.0623,11.8371],[108.0643,11.8364],[108.067,11.8338],[108.0692,11.8357],[108.0702,11.838],[108.0714,11.8392],[108.0731,11.8372],[108.0739,11.8371],[108.0755,11.8393],[108.0765,11.8393],[108.0781,11.838],[108.0821,11.834],[108.0833,11.8353],[108.0848,11.8356],[108.086,11.8336],[108.089,11.8348],[108.0907,11.837],[108.095,11.8385],[108.0975,11.838],[108.0977,11.8408],[108.0993,11.8464],[108.1004,11.8463],[108.1028,11.8474],[108.1045,11.849],[108.1073,11.8532],[108.1065,11.8586],[108.1081,11.8626],[108.1081,11.8646],[108.1092,11.8672],[108.1139,11.8666],[108.1153,11.8642],[108.1151,11.8628],[108.1188,11.8599],[108.1207,11.8611],[108.1225,11.8612],[108.1229,11.8597],[108.1255,11.8585],[108.1259,11.8574],[108.1277,11.857],[108.1322,11.8541],[108.1341,11.8538],[108.1344,11.8557],[108.1379,11.8574],[108.1392,11.8572],[108.1404,11.8582],[108.1435,11.8566],[108.1463,11.8574],[108.1479,11.8587],[108.1495,11.8591],[108.1511,11.8606],[108.1524,11.8612],[108.1533,11.8581],[108.1567,11.8538],[108.1579,11.8518],[108.1575,11.8499],[108.1581,11.8479],[108.1595,11.8475],[108.1608,11.8451],[108.1602,11.8437],[108.1605,11.8406],[108.161,11.839],[108.1608,11.836],[108.1589,11.8353],[108.1575,11.8333],[108.159,11.8325],[108.1611,11.8333],[108.1628,11.8308],[108.1661,11.8297],[108.1675,11.8299],[108.1679,11.8291],[108.1676,11.8271],[108.1665,11.8258],[108.1668,11.8229],[108.1688,11.8213],[108.1697,11.8228],[108.1706,11.8228],[108.1715,11.8192],[108.1738,11.8194],[108.1747,11.8203],[108.1762,11.8166],[108.1757,11.8132],[108.1792,11.8131],[108.1799,11.8114],[108.1784,11.8104],[108.179,11.8095],[108.1814,11.8088],[108.1818,11.8078],[108.1811,11.8057],[108.1837,11.8023],[108.1858,11.8013],[108.1889,11.8012],[108.1905,11.8007],[108.1904,11.7997],[108.1911,11.7972],[108.19,11.7948],[108.1866,11.7933],[108.1841,11.7892],[108.1841,11.787],[108.1853,11.786],[108.1873,11.7861],[108.1872,11.7841],[108.1879,11.7821],[108.1872,11.7816],[108.1878,11.779],[108.1874,11.7775],[108.1909,11.7769],[108.1922,11.7749],[108.1931,11.7747],[108.192,11.7709],[108.1899,11.7702],[108.1923,11.7678],[108.1947,11.7677],[108.1954,11.7681],[108.1956,11.7657],[108.1932,11.7652],[108.1931,11.7638],[108.192,11.7639],[108.1909,11.7609],[108.1899,11.7604],[108.1904,11.759],[108.1894,11.7575],[108.1869,11.7603],[108.1851,11.7637],[108.1837,11.7644],[108.1815,11.7648],[108.1766,11.7673],[108.175,11.7678],[108.1734,11.7693],[108.1733,11.7707],[108.1696,11.7734],[108.168,11.7737],[108.1637,11.7718],[108.1597,11.7707],[108.159,11.7738],[108.1567,11.7736],[108.1556,11.7745],[108.1545,11.7774],[108.1523,11.7799],[108.1501,11.7819],[108.1482,11.7825],[108.1475,11.7834],[108.145,11.7874],[108.1427,11.7919],[108.1379,11.7944],[108.1349,11.7946],[108.1339,11.794],[108.1289,11.7943],[108.1258,11.7931],[108.1221,11.7905],[108.1219,11.787],[108.1207,11.7833],[108.1196,11.7837],[108.1183,11.7829],[108.1147,11.7822],[108.1141,11.781],[108.1173,11.7799],[108.1194,11.7775],[108.1218,11.7762],[108.1242,11.7755],[108.127,11.7755],[108.1289,11.7762],[108.1311,11.7762],[108.135,11.7734],[108.1383,11.7718],[108.1371,11.7689],[108.1349,11.7672],[108.1335,11.7654],[108.1337,11.7643],[108.1349,11.762],[108.136,11.7624],[108.1383,11.7618],[108.1388,11.761],[108.1384,11.7591],[108.1386,11.7579],[108.14,11.7573],[108.1406,11.7546],[108.1385,11.7525],[108.1367,11.7529],[108.1342,11.751],[108.1327,11.7507],[108.1308,11.7512],[108.1285,11.7506],[108.1288,11.7487],[108.1284,11.7474],[108.1272,11.7476],[108.1263,11.7467],[108.1246,11.746],[108.1236,11.744],[108.12,11.7422],[108.1182,11.7419],[108.1165,11.7401],[108.1141,11.7395],[108.1132,11.7378],[108.1105,11.7355],[108.1104,11.7344],[108.1092,11.7325],[108.1071,11.7311],[108.1043,11.7307],[108.1039,11.729],[108.1025,11.7291],[108.102,11.7276],[108.1006,11.7277],[108.0987,11.7258],[108.0977,11.7236],[108.0973,11.721],[108.0985,11.7193],[108.0978,11.7173],[108.0981,11.7166],[108.0979,11.7134],[108.0964,11.7122],[108.0926,11.712],[108.0918,11.7113],[108.0892,11.7108],[108.0839,11.7086],[108.08,11.7059],[108.0777,11.7039],[108.0736,11.708],[108.0708,11.7097],[108.0666,11.7113],[108.0573,11.7128],[108.0559,11.7123],[108.0538,11.7127],[108.049,11.713],[108.0437,11.7107],[108.0399,11.7109],[108.0382,11.7106],[108.0358,11.7084],[108.0324,11.7074],[108.0286,11.7086],[108.0279,11.71],[108.0277,11.7141],[108.0273,11.7151],[108.0251,11.7166],[108.0245,11.7184],[108.0223,11.7198],[108.0197,11.7223],[108.0183,11.7246],[108.0152,11.7254],[108.0145,11.7262],[108.0132,11.7259],[108.0102,11.7261],[108.0097,11.7266],[108.0077,11.7263],[108.0057,11.727],[108.0055,11.73],[108.0047,11.7316],[108.0036,11.7318],[108.0029,11.7341],[108.002,11.7347],[107.9997,11.7347],[108.0003,11.7362],[108.0034,11.7389],[108.0044,11.7403],[108.0081,11.7439],[108.009,11.7443],[108.0104,11.7463],[108.0097,11.749],[108.0083,11.7502],[108.0018,11.7531],[107.9979,11.7552],[107.9953,11.7556],[107.9913,11.7588],[107.9906,11.7601],[107.9911,11.7636],[107.9906,11.7648],[107.989,11.7652],[107.9855,11.7645],[107.9832,11.765],[107.9813,11.766],[107.9803,11.7672],[107.9795,11.7692],[107.9793,11.7716],[107.9778,11.774],[107.9761,11.776],[107.9734,11.7775],[107.9707,11.7823],[107.9708,11.7851],[107.9715,11.7873],[107.9739,11.7906]]]},"properties":{"name":"Phúc Thọ Lâm Hà","level":"ward"}},{"type":"Feature","geometry":{"type":"Polygon","coordinates":[[[108.1954,11.7681],[108.197,11.7691],[108.2012,11.7655],[108.2028,11.7647],[108.2026,11.7629],[108.2041,11.7608],[108.2046,11.7586],[108.2075,11.759],[108.209,11.7586],[108.2096,11.7555],[108.2095,11.7538],[108.2103,11.7522],[108.2119,11.7513],[108.2139,11.751],[108.215,11.7492],[108.215,11.7474],[108.2143,11.7463],[108.2147,11.7444],[108.2163,11.7433],[108.2181,11.7447],[108.221,11.7445],[108.2229,11.7441],[108.2225,11.7422],[108.2229,11.7413],[108.2259,11.7398],[108.2267,11.7387],[108.2279,11.7391],[108.2309,11.7363],[108.2316,11.734],[108.2315,11.7328],[108.2327,11.7313],[108.2346,11.7308],[108.2363,11.7298],[108.2355,11.729],[108.2359,11.7276],[108.2337,11.7268],[108.2346,11.7242],[108.2336,11.7197],[108.2328,11.7186],[108.2332,11.7175],[108.233,11.716],[108.2355,11.7127],[108.2325,11.7119],[108.2314,11.7111],[108.2324,11.7096],[108.2343,11.7097],[108.2354,11.7087],[108.236,11.7066],[108.239,11.704],[108.241,11.7043],[108.2422,11.7038],[108.242,11.7006],[108.2436,11.698],[108.2439,11.6957],[108.2431,11.6935],[108.2416,11.6912],[108.2382,11.6876],[108.2354,11.6868],[108.2344,11.6862],[108.2327,11.6834],[108.232,11.6798],[108.2324,11.676],[108.2344,11.6717],[108.2341,11.6684],[108.2335,11.6666],[108.2323,11.6653],[108.2333,11.6627],[108.2321,11.6598],[108.2312,11.6594],[108.2286,11.6606],[108.2261,11.6608],[108.2231,11.6581],[108.2206,11.6577],[108.2186,11.6586],[108.2178,11.66],[108.2157,11.6612],[108.2099,11.6622],[108.2052,11.664],[108.2034,11.6661],[108.2023,11.6684],[108.1998,11.6696],[108.1964,11.6697],[108.1937,11.6675],[108.1921,11.6641],[108.1908,11.6633],[108.1891,11.663],[108.1864,11.6635],[108.1816,11.6628],[108.1798,11.6582],[108.1787,11.657],[108.1776,11.6579],[108.1755,11.6573],[108.1725,11.6548],[108.1714,11.6531],[108.169,11.651],[108.1652,11.6498],[108.1636,11.6499],[108.1611,11.6513],[108.1585,11.6517],[108.1534,11.6514],[108.1521,11.6517],[108.1517,11.6526],[108.153,11.6554],[108.1524,11.6577],[108.1503,11.6595],[108.1491,11.6614],[108.1459,11.6638],[108.1427,11.6654],[108.1371,11.6673],[108.1359,11.6673],[108.1303,11.6654],[108.1273,11.6659],[108.1255,11.6654],[108.1223,11.6634],[108.1206,11.663],[108.1197,11.6638],[108.1166,11.6637],[108.1124,11.6608],[108.1097,11.6604],[108.1072,11.6618],[108.1044,11.6658],[108.0993,11.671],[108.0951,11.6747],[108.09,11.6779],[108.0865,11.6811],[108.0861,11.6819],[108.085,11.684],[108.0841,11.692],[108.0831,11.695],[108.08,11.7009],[108.0777,11.7039],[108.08,11.7059],[108.0839,11.7086],[108.0892,11.7108],[108.0918,11.7113],[108.0926,11.712],[108.0964,11.7122],[108.0979,11.7134],[108.0981,11.7166],[108.0978,11.7173],[108.0985,11.7193],[108.0973,11.721],[108.0977,11.7236],[108.0987,11.7258],[108.1006,11.7277],[108.102,11.7276],[108.1025,11.7291],[108.1039,11.729],[108.1043,11.7307],[108.1071,11.7311],[108.1092,11.7325],[108.1104,11.7344],[108.1105,11.7355],[108.1132,11.7378],[108.1141,11.7395],[108.1165,11.7401],[108.1182,11.7419],[108.12,11.7422],[108.1236,11.744],[108.1246,11.746],[108.1263,11.7467],[108.1272,11.7476],[108.1284,11.7474],[108.1288,11.7487],[108.1285,11.7506],[108.1308,11.7512],[108.1327,11.7507],[108.1342,11.751],[108.1367,11.7529],[108.1385,11.7525],[108.1406,11.7546],[108.14,11.7573],[108.1386,11.7579],[108.1384,11.7591],[108.1388,11.761],[108.1383,11.7618],[108.136,11.7624],[108.1349,11.762],[108.1337,11.7643],[108.1335,11.7654],[108.1349,11.7672],[108.1371,11.7689],[108.1383,11.7718],[108.135,11.7734],[108.1311,11.7762],[108.1289,11.7762],[108.127,11.7755],[108.1242,11.7755],[108.1218,11.7762],[108.1194,11.7775],[108.1173,11.7799],[108.1141,11.781],[108.1147,11.7822],[108.1183,11.7829],[108.1196,11.7837],[108.1207,11.7833],[108.1219,11.787],[108.1221,11.7905],[108.1258,11.7931],[108.1289,11.7943],[108.1339,11.794],[108.1349,11.7946],[108.1379,11.7944],[108.1427,11.7919],[108.145,11.7874],[108.1475,11.7834],[108.1482,11.7825],[108.1501,11.7819],[108.1523,11.7799],[108.1545,11.7774],[108.1556,11.7745],[108.1567,11.7736],[108.159,11.7738],[108.1597,11.7707],[108.1637,11.7718],[108.168,11.7737],[108.1696,11.7734],[108.1733,11.7707],[108.1734,11.7693],[108.175,11.7678],[108.1766,11.7673],[108.1815,11.7648],[108.1837,11.7644],[108.1851,11.7637],[108.1869,11.7603],[108.1894,11.7575],[108.1904,11.759],[108.1899,11.7604],[108.1909,11.7609],[108.192,11.7639],[108.1931,11.7638],[108.1932,11.7652],[108.1956,11.7657],[108.1954,11.7681]]]},"properties":{"name":"Tân Hà Lâm Hà","level":"ward"}},{"type":"Feature","geometry":{"type":"Polygon","coordinates":[[[108.4873,11.8251],[108.4905,11.8231],[108.4926,11.8221],[108.4938,11.8226],[108.4954,11.8214],[108.4972,11.8179],[108.4966,11.8163],[108.4959,11.8151],[108.4942,11.8141],[108.4935,11.8131],[108.4932,11.8113],[108.4905,11.8089],[108.4887,11.8084],[108.486,11.8067],[108.4851,11.805],[108.4864,11.8005],[108.4861,11.7997],[108.4876,11.7968],[108.4902,11.7936],[108.494,11.7929],[108.4955,11.7919],[108.4978,11.7873],[108.4978,11.7859],[108.4994,11.7853],[108.5004,11.7842],[108.5035,11.7818],[108.5047,11.7801],[108.506,11.7792],[108.5077,11.7772],[108.5078,11.7759],[108.5087,11.7729],[108.5082,11.7708],[108.5089,11.7694],[108.5089,11.7671],[108.5082,11.7668],[108.507,11.7633],[108.5051,11.7623],[108.5051,11.7599],[108.5034,11.7569],[108.5021,11.7559],[108.5012,11.7546],[108.5024,11.7514],[108.5021,11.75],[108.5013,11.7489],[108.4986,11.7476],[108.4992,11.7502],[108.4977,11.7509],[108.4967,11.7498],[108.4967,11.7479],[108.4952,11.7471],[108.4939,11.7452],[108.4955,11.7438],[108.497,11.7444],[108.4982,11.7442],[108.4975,11.7427],[108.4939,11.7436],[108.492,11.7457],[108.4906,11.745],[108.4892,11.743],[108.488,11.7427],[108.4872,11.7448],[108.4855,11.7447],[108.4825,11.7415],[108.4795,11.7414],[108.4784,11.7404],[108.4778,11.7381],[108.4768,11.7374],[108.4765,11.7339],[108.4771,11.7325],[108.4737,11.7319],[108.4721,11.7306],[108.4694,11.7311],[108.468,11.7305],[108.468,11.7284],[108.4692,11.725],[108.4664,11.7251],[108.4665,11.7228],[108.4672,11.7211],[108.4687,11.7207],[108.4675,11.7162],[108.4676,11.7149],[108.4666,11.7127],[108.4651,11.7109],[108.4654,11.7077],[108.4666,11.7068],[108.4658,11.7056],[108.4659,11.7023],[108.4656,11.7018],[108.467,11.6988],[108.4667,11.6967],[108.4699,11.6929],[108.4699,11.691],[108.4687,11.6896],[108.4693,11.6887],[108.4687,11.6871],[108.4708,11.6865],[108.4724,11.6871],[108.4753,11.6847],[108.4762,11.6836],[108.4785,11.6825],[108.4812,11.6833],[108.4829,11.683],[108.4844,11.6836],[108.4888,11.6815],[108.492,11.6818],[108.4932,11.6798],[108.4941,11.6791],[108.4952,11.6771],[108.4969,11.6759],[108.497,11.6745],[108.4979,11.6733],[108.5013,11.6708],[108.5032,11.6707],[108.5044,11.6702],[108.5047,11.669],[108.5044,11.6664],[108.5041,11.6655],[108.5013,11.6646],[108.4998,11.6628],[108.498,11.6623],[108.4947,11.6609],[108.4938,11.6579],[108.4912,11.6571],[108.4902,11.6573],[108.4879,11.6557],[108.4863,11.6532],[108.4846,11.6519],[108.4787,11.653],[108.4777,11.6529],[108.4765,11.6542],[108.4757,11.6541],[108.4722,11.6557],[108.4704,11.6559],[108.4684,11.657],[108.4661,11.657],[108.463,11.659],[108.4604,11.6598],[108.4589,11.6597],[108.4587,11.6586],[108.4575,11.6576],[108.4567,11.6597],[108.4546,11.6595],[108.4523,11.6613],[108.4479,11.6622],[108.4457,11.6616],[108.4427,11.6621],[108.4412,11.6608],[108.4386,11.6603],[108.4369,11.6605],[108.4341,11.6592],[108.4318,11.6588],[108.4292,11.6576],[108.4286,11.6583],[108.426,11.6589],[108.4251,11.6601],[108.4251,11.6623],[108.4244,11.6632],[108.4223,11.6637],[108.4219,11.666],[108.4225,11.668],[108.422,11.6695],[108.4202,11.6716],[108.4207,11.6729],[108.4211,11.6753],[108.4194,11.6773],[108.4189,11.6787],[108.4175,11.68],[108.4146,11.6802],[108.412,11.6819],[108.4089,11.6824],[108.407,11.6815],[108.4043,11.6827],[108.4036,11.6823],[108.4024,11.6841],[108.4004,11.6832],[108.3983,11.684],[108.3979,11.6849],[108.3961,11.6863],[108.3953,11.6878],[108.3943,11.6883],[108.3937,11.6913],[108.3919,11.6926],[108.3924,11.695],[108.3924,11.6967],[108.3955,11.7026],[108.3969,11.7045],[108.3973,11.706],[108.3982,11.7065],[108.399,11.7081],[108.4009,11.7089],[108.4012,11.71],[108.4006,11.7111],[108.4008,11.7134],[108.4024,11.7186],[108.4034,11.72],[108.4028,11.7206],[108.4031,11.7222],[108.4018,11.7232],[108.4018,11.7241],[108.4029,11.7258],[108.4028,11.7273],[108.4042,11.7296],[108.4035,11.7312],[108.4047,11.7324],[108.4046,11.7342],[108.4033,11.7367],[108.4049,11.7384],[108.4069,11.7392],[108.4078,11.7386],[108.4098,11.7385],[108.411,11.7392],[108.4124,11.7407],[108.4141,11.7411],[108.4143,11.7429],[108.413,11.7455],[108.4119,11.7468],[108.4134,11.748],[108.4145,11.748],[108.4177,11.7465],[108.4209,11.7434],[108.423,11.7426],[108.4245,11.7427],[108.4265,11.7449],[108.4249,11.7462],[108.4248,11.7507],[108.4281,11.7579],[108.4272,11.7583],[108.4273,11.7659],[108.4281,11.7681],[108.4287,11.7689],[108.428,11.7706],[108.4266,11.7708],[108.4261,11.7729],[108.4268,11.7745],[108.4263,11.7771],[108.4277,11.778],[108.4305,11.7783],[108.4318,11.779],[108.4332,11.7814],[108.4364,11.7852],[108.4382,11.7867],[108.4388,11.7884],[108.4423,11.7914],[108.4429,11.7937],[108.4442,11.7956],[108.4476,11.7994],[108.4497,11.7999],[108.4547,11.8046],[108.4565,11.8054],[108.4585,11.805],[108.4594,11.8061],[108.4601,11.8084],[108.4622,11.8092],[108.4639,11.8088],[108.4649,11.8092],[108.4664,11.8083],[108.4686,11.8098],[108.4696,11.8099],[108.4707,11.8113],[108.4726,11.8123],[108.4752,11.8119],[108.4761,11.8133],[108.4773,11.8136],[108.4788,11.8153],[108.4804,11.8154],[108.4823,11.8185],[108.4842,11.8186],[108.4852,11.822],[108.4864,11.8243],[108.4873,11.8251]]]},"properties":{"name":"Đơn Dương","level":"ward"}},{"type":"Feature","geometry":{"type":"Polygon","coordinates":[[[108.5346,11.8079],[108.5354,11.8087],[108.536,11.8116],[108.5374,11.8123],[108.5393,11.8143],[108.5425,11.8152],[108.5432,11.8162],[108.5423,11.8191],[108.5425,11.8205],[108.5438,11.8208],[108.5446,11.8227],[108.5453,11.8232],[108.5455,11.8258],[108.5478,11.827],[108.5501,11.831],[108.5759,11.8462],[108.5769,11.8471],[108.5793,11.8464],[108.5793,11.8478],[108.5801,11.849],[108.5815,11.8498],[108.5835,11.8498],[108.5834,11.8515],[108.5846,11.8536],[108.586,11.8524],[108.5885,11.8511],[108.5901,11.8507],[108.5901,11.8536],[108.5917,11.8565],[108.5949,11.86],[108.5946,11.8612],[108.5946,11.8645],[108.5907,11.8674],[108.5894,11.8677],[108.5864,11.8697],[108.5874,11.8707],[108.5868,11.874],[108.5863,11.8798],[108.5871,11.8827],[108.5869,11.8854],[108.5857,11.8888],[108.5836,11.89],[108.584,11.8913],[108.588,11.8941],[108.5892,11.8955],[108.5914,11.8987],[108.5926,11.9028],[108.5925,11.9048],[108.5904,11.9049],[108.5891,11.9056],[108.5859,11.9061],[108.5847,11.9067],[108.5817,11.9058],[108.5803,11.9059],[108.5788,11.9073],[108.5778,11.9099],[108.5758,11.9122],[108.5743,11.9173],[108.5732,11.9191],[108.5742,11.9217],[108.5743,11.9255],[108.5737,11.927],[108.5719,11.9284],[108.5696,11.9314],[108.5677,11.9342],[108.567,11.9358],[108.5654,11.9373],[108.5644,11.9388],[108.5646,11.9397],[108.5665,11.9435],[108.5658,11.9473],[108.5657,11.951],[108.5681,11.9562],[108.5684,11.9587],[108.5702,11.9596],[108.5709,11.9621],[108.5707,11.9629],[108.5725,11.9658],[108.5734,11.9659],[108.5756,11.9648],[108.5783,11.9644],[108.5824,11.9601],[108.5846,11.9594],[108.5852,11.958],[108.5868,11.9564],[108.5887,11.9576],[108.5907,11.958],[108.593,11.9592],[108.5942,11.9616],[108.5967,11.9602],[108.5976,11.9619],[108.6022,11.9638],[108.6039,11.9634],[108.605,11.9637],[108.6086,11.9632],[108.6106,11.9636],[108.6127,11.9653],[108.6147,11.9647],[108.6167,11.9633],[108.6209,11.9623],[108.6268,11.9615],[108.6398,11.9592],[108.6423,11.96],[108.6436,11.9616],[108.6453,11.9615],[108.6501,11.9646],[108.6519,11.9668],[108.655,11.9692],[108.6566,11.9711],[108.6574,11.9709],[108.6581,11.9689],[108.66,11.9677],[108.6619,11.967],[108.6655,11.9673],[108.6618,11.9618],[108.6619,11.9575],[108.6603,11.9547],[108.6599,11.9507],[108.6636,11.9493],[108.6652,11.9462],[108.6639,11.9443],[108.6643,11.9406],[108.6654,11.9394],[108.6655,11.938],[108.6646,11.9356],[108.6622,11.9309],[108.6627,11.9278],[108.6603,11.927],[108.6604,11.9261],[108.6617,11.925],[108.664,11.9141],[108.6609,11.9091],[108.6601,11.9061],[108.6601,11.9034],[108.6591,11.9037],[108.658,11.9024],[108.6558,11.9019],[108.6553,11.901],[108.656,11.8992],[108.6558,11.8982],[108.6538,11.8961],[108.6532,11.8929],[108.6548,11.8913],[108.6554,11.8899],[108.6551,11.8888],[108.6559,11.8872],[108.6555,11.8864],[108.6542,11.8809],[108.6524,11.874],[108.6519,11.8727],[108.6525,11.8693],[108.6523,11.868],[108.6512,11.8665],[108.6502,11.8639],[108.6515,11.8621],[108.6526,11.8573],[108.6533,11.8565],[108.6539,11.8532],[108.6536,11.8512],[108.6537,11.8495],[108.653,11.8478],[108.6532,11.8462],[108.6502,11.8407],[108.6486,11.8397],[108.6464,11.8366],[108.6454,11.8346],[108.6446,11.8343],[108.6431,11.8324],[108.6406,11.8316],[108.6401,11.8307],[108.6381,11.8304],[108.636,11.8309],[108.6348,11.8296],[108.6342,11.8311],[108.633,11.829],[108.6303,11.8295],[108.6297,11.8315],[108.6278,11.8318],[108.6258,11.8315],[108.6257,11.8294],[108.625,11.8259],[108.6254,11.8247],[108.6255,11.822],[108.6265,11.8199],[108.6276,11.8191],[108.6265,11.8175],[108.6264,11.8156],[108.6255,11.8133],[108.6233,11.8113],[108.622,11.8109],[108.6202,11.8096],[108.6203,11.8075],[108.6194,11.8045],[108.6198,11.8034],[108.6212,11.8028],[108.6233,11.801],[108.6262,11.7996],[108.6276,11.7995],[108.63,11.7976],[108.6314,11.7957],[108.6332,11.7954],[108.6345,11.7958],[108.6366,11.7939],[108.6406,11.7938],[108.6422,11.7932],[108.6464,11.7934],[108.6535,11.7929],[108.6554,11.7925],[108.6571,11.7903],[108.6583,11.7898],[108.6613,11.7894],[108.6644,11.7879],[108.6683,11.7889],[108.6696,11.7864],[108.6717,11.7848],[108.6726,11.7832],[108.6724,11.7815],[108.6713,11.7775],[108.6702,11.7758],[108.6687,11.7721],[108.6674,11.7703],[108.6659,11.7672],[108.6645,11.7664],[108.6633,11.7642],[108.6629,11.7615],[108.6637,11.7597],[108.6649,11.759],[108.6652,11.7543],[108.6668,11.7504],[108.6669,11.7477],[108.684,11.7371],[108.6895,11.7328],[108.6868,11.7291],[108.6857,11.7284],[108.6848,11.729],[108.6839,11.7281],[108.681,11.7287],[108.6802,11.7275],[108.6773,11.7261],[108.6759,11.7267],[108.6757,11.7255],[108.6743,11.7259],[108.672,11.7246],[108.6707,11.7248],[108.6676,11.7268],[108.6671,11.7262],[108.6664,11.7234],[108.6666,11.7219],[108.6678,11.7204],[108.6679,11.7194],[108.6646,11.7182],[108.6648,11.7165],[108.6636,11.7159],[108.6591,11.7162],[108.6581,11.7167],[108.6565,11.716],[108.6541,11.7167],[108.6525,11.7164],[108.6504,11.7167],[108.6482,11.7179],[108.6468,11.718],[108.646,11.7188],[108.6444,11.7192],[108.6422,11.7215],[108.64,11.722],[108.6383,11.7232],[108.6366,11.7232],[108.6338,11.7239],[108.6321,11.723],[108.6298,11.7244],[108.6301,11.7269],[108.6276,11.7331],[108.6255,11.7364],[108.6226,11.7394],[108.6203,11.741],[108.6168,11.7447],[108.6142,11.746],[108.6114,11.746],[108.6078,11.7474],[108.6032,11.7488],[108.5987,11.7471],[108.5958,11.7491],[108.5937,11.7492],[108.5914,11.7484],[108.5901,11.7499],[108.5891,11.7486],[108.5879,11.7491],[108.587,11.748],[108.5861,11.7483],[108.5852,11.7499],[108.5825,11.7499],[108.5822,11.7527],[108.5811,11.7539],[108.5794,11.7548],[108.5802,11.7567],[108.5789,11.7607],[108.5776,11.7613],[108.5756,11.7632],[108.5733,11.7666],[108.5703,11.7656],[108.567,11.7661],[108.5657,11.7674],[108.5638,11.7681],[108.5634,11.7705],[108.5621,11.7714],[108.5592,11.7722],[108.5588,11.7716],[108.5567,11.7723],[108.5551,11.7718],[108.5531,11.773],[108.5518,11.7753],[108.5498,11.7761],[108.5483,11.7757],[108.5463,11.7764],[108.5422,11.7809],[108.5451,11.7833],[108.54,11.7891],[108.5357,11.7935],[108.533,11.7981],[108.534,11.8001],[108.5342,11.8026],[108.5337,11.8033],[108.5339,11.8051],[108.5352,11.807],[108.5346,11.8079]]]},"properties":{"name":"D'Ran","level":"ward"}},{"type":"Feature","geometry":{"type":"Polygon","coordinates":[[[108.4966,11.8163],[108.4988,11.815],[108.5013,11.8148],[108.5051,11.8126],[108.5053,11.8114],[108.5191,11.8147],[108.5211,11.8145],[108.5219,11.8137],[108.5223,11.8111],[108.5262,11.8092],[108.5275,11.8098],[108.531,11.8098],[108.5322,11.8088],[108.5346,11.8079],[108.5352,11.807],[108.5339,11.8051],[108.5337,11.8033],[108.5342,11.8026],[108.534,11.8001],[108.533,11.7981],[108.5357,11.7935],[108.54,11.7891],[108.5451,11.7833],[108.5422,11.7809],[108.5463,11.7764],[108.5483,11.7757],[108.5498,11.7761],[108.5518,11.7753],[108.5531,11.773],[108.5551,11.7718],[108.5567,11.7723],[108.5588,11.7716],[108.5592,11.7722],[108.5621,11.7714],[108.5634,11.7705],[108.5638,11.7681],[108.5657,11.7674],[108.567,11.7661],[108.5703,11.7656],[108.5733,11.7666],[108.5756,11.7632],[108.5776,11.7613],[108.5789,11.7607],[108.5802,11.7567],[108.5794,11.7548],[108.5811,11.7539],[108.5822,11.7527],[108.5825,11.7499],[108.5852,11.7499],[108.5861,11.7483],[108.587,11.748],[108.5879,11.7491],[108.5891,11.7486],[108.5901,11.7499],[108.5914,11.7484],[108.5937,11.7492],[108.5958,11.7491],[108.5987,11.7471],[108.6032,11.7488],[108.6078,11.7474],[108.6114,11.746],[108.6142,11.746],[108.6168,11.7447],[108.6203,11.741],[108.6226,11.7394],[108.6255,11.7364],[108.6276,11.7331],[108.6301,11.7269],[108.6298,11.7244],[108.6321,11.723],[108.6338,11.7239],[108.6366,11.7232],[108.6383,11.7232],[108.64,11.722],[108.6422,11.7215],[108.6444,11.7192],[108.646,11.7188],[108.6468,11.718],[108.6482,11.7179],[108.6504,11.7167],[108.6525,11.7164],[108.6541,11.7167],[108.6565,11.716],[108.6581,11.7167],[108.6591,11.7162],[108.6636,11.7159],[108.6648,11.7165],[108.6646,11.7182],[108.6679,11.7194],[108.6678,11.7204],[108.6666,11.7219],[108.6664,11.7234],[108.6671,11.7262],[108.6676,11.7268],[108.6707,11.7248],[108.672,11.7246],[108.6743,11.7259],[108.6757,11.7255],[108.6759,11.7267],[108.6773,11.7261],[108.6802,11.7275],[108.681,11.7287],[108.6839,11.7281],[108.6848,11.729],[108.6857,11.7284],[108.6868,11.7291],[108.6895,11.7328],[108.6939,11.7226],[108.695,11.7168],[108.6958,11.7091],[108.6966,11.7072],[108.6978,11.706],[108.6984,11.7045],[108.7007,11.7021],[108.7009,11.6995],[108.7002,11.6988],[108.6974,11.6997],[108.6957,11.6987],[108.6933,11.6984],[108.6924,11.6976],[108.6915,11.6941],[108.6903,11.6921],[108.6892,11.691],[108.6876,11.6886],[108.6866,11.6857],[108.6863,11.684],[108.6867,11.6828],[108.6859,11.6808],[108.6842,11.6793],[108.6837,11.6772],[108.6824,11.6753],[108.6796,11.6726],[108.6786,11.6697],[108.6779,11.6706],[108.6779,11.6724],[108.6774,11.6738],[108.676,11.6749],[108.6768,11.6761],[108.6754,11.6792],[108.6765,11.6808],[108.6764,11.6818],[108.6747,11.6815],[108.6745,11.6832],[108.6727,11.685],[108.6711,11.6888],[108.6691,11.6889],[108.6678,11.6878],[108.6659,11.6881],[108.6643,11.6859],[108.6619,11.6874],[108.6598,11.6863],[108.658,11.687],[108.6574,11.6857],[108.656,11.6862],[108.654,11.686],[108.6526,11.6854],[108.6537,11.6843],[108.654,11.6829],[108.653,11.6826],[108.6517,11.6836],[108.6497,11.6824],[108.6482,11.6838],[108.6463,11.6827],[108.6449,11.6842],[108.6438,11.6835],[108.6445,11.6814],[108.6432,11.6814],[108.6424,11.6845],[108.6417,11.6856],[108.6394,11.6862],[108.6385,11.6875],[108.6365,11.6882],[108.6352,11.6893],[108.6346,11.6908],[108.6335,11.6911],[108.6319,11.694],[108.6294,11.6931],[108.6271,11.6929],[108.6261,11.6933],[108.6263,11.6947],[108.6248,11.6954],[108.6225,11.6974],[108.6214,11.6975],[108.6199,11.6993],[108.6168,11.7002],[108.6155,11.6997],[108.6132,11.6978],[108.6128,11.6967],[108.6132,11.6939],[108.6131,11.6922],[108.6122,11.6917],[108.6098,11.6928],[108.6091,11.6922],[108.6075,11.6925],[108.6054,11.6933],[108.6027,11.6955],[108.6024,11.6966],[108.6012,11.6975],[108.6016,11.6995],[108.6011,11.7011],[108.5987,11.702],[108.5977,11.7029],[108.5961,11.7031],[108.5922,11.7046],[108.5895,11.7051],[108.5872,11.706],[108.5865,11.7088],[108.5825,11.7126],[108.5803,11.7154],[108.5779,11.7162],[108.5786,11.7177],[108.5754,11.7192],[108.5744,11.7207],[108.5753,11.7217],[108.5732,11.7236],[108.5743,11.7249],[108.575,11.7268],[108.5744,11.7282],[108.5716,11.7276],[108.5716,11.7285],[108.5692,11.7304],[108.5692,11.732],[108.5659,11.7313],[108.5632,11.7303],[108.5624,11.7295],[108.5606,11.7291],[108.5585,11.7273],[108.557,11.7256],[108.5536,11.7278],[108.5507,11.7284],[108.5496,11.7293],[108.5485,11.7289],[108.5465,11.729],[108.5453,11.7341],[108.5449,11.7338],[108.5418,11.7343],[108.5397,11.7353],[108.5403,11.7368],[108.5371,11.7368],[108.5363,11.7363],[108.5329,11.7362],[108.5306,11.7377],[108.5295,11.7378],[108.5292,11.7389],[108.5273,11.741],[108.5269,11.7421],[108.5253,11.7434],[108.5256,11.7442],[108.5242,11.7455],[108.5248,11.7466],[108.5213,11.7485],[108.5211,11.7496],[108.5177,11.7496],[108.5154,11.7511],[108.5153,11.7547],[108.514,11.7551],[108.5119,11.7571],[108.5114,11.7582],[108.512,11.7597],[108.511,11.761],[108.5097,11.7619],[108.5099,11.7635],[108.5085,11.7653],[108.5082,11.7668],[108.5089,11.7671],[108.5089,11.7694],[108.5082,11.7708],[108.5087,11.7729],[108.5078,11.7759],[108.5077,11.7772],[108.506,11.7792],[108.5047,11.7801],[108.5035,11.7818],[108.5004,11.7842],[108.4994,11.7853],[108.4978,11.7859],[108.4978,11.7873],[108.4955,11.7919],[108.494,11.7929],[108.4902,11.7936],[108.4876,11.7968],[108.4861,11.7997],[108.4864,11.8005],[108.4851,11.805],[108.486,11.8067],[108.4887,11.8084],[108.4905,11.8089],[108.4932,11.8113],[108.4935,11.8131],[108.4942,11.8141],[108.4959,11.8151],[108.4966,11.8163]]]},"properties":{"name":"Ka Đô","level":"ward"}},{"type":"Feature","geometry":{"type":"Polygon","coordinates":[[[108.5044,11.6664],[108.5047,11.669],[108.5044,11.6702],[108.5032,11.6707],[108.5013,11.6708],[108.4979,11.6733],[108.497,11.6745],[108.4969,11.6759],[108.4952,11.6771],[108.4941,11.6791],[108.4932,11.6798],[108.492,11.6818],[108.4888,11.6815],[108.4844,11.6836],[108.4829,11.683],[108.4812,11.6833],[108.4785,11.6825],[108.4762,11.6836],[108.4753,11.6847],[108.4724,11.6871],[108.4708,11.6865],[108.4687,11.6871],[108.4693,11.6887],[108.4687,11.6896],[108.4699,11.691],[108.4699,11.6929],[108.4667,11.6967],[108.467,11.6988],[108.4656,11.7018],[108.4659,11.7023],[108.4658,11.7056],[108.4666,11.7068],[108.4654,11.7077],[108.4651,11.7109],[108.4666,11.7127],[108.4676,11.7149],[108.4675,11.7162],[108.4687,11.7207],[108.4672,11.7211],[108.4665,11.7228],[108.4664,11.7251],[108.4692,11.725],[108.468,11.7284],[108.468,11.7305],[108.4694,11.7311],[108.4721,11.7306],[108.4737,11.7319],[108.4771,11.7325],[108.4765,11.7339],[108.4768,11.7374],[108.4778,11.7381],[108.4784,11.7404],[108.4795,11.7414],[108.4825,11.7415],[108.4855,11.7447],[108.4872,11.7448],[108.488,11.7427],[108.4892,11.743],[108.4906,11.745],[108.492,11.7457],[108.4939,11.7436],[108.4975,11.7427],[108.4982,11.7442],[108.497,11.7444],[108.4955,11.7438],[108.4939,11.7452],[108.4952,11.7471],[108.4967,11.7479],[108.4967,11.7498],[108.4977,11.7509],[108.4992,11.7502],[108.4986,11.7476],[108.5013,11.7489],[108.5021,11.75],[108.5024,11.7514],[108.5012,11.7546],[108.5021,11.7559],[108.5034,11.7569],[108.5051,11.7599],[108.5051,11.7623],[108.507,11.7633],[108.5082,11.7668],[108.5085,11.7653],[108.5099,11.7635],[108.5097,11.7619],[108.511,11.761],[108.512,11.7597],[108.5114,11.7582],[108.5119,11.7571],[108.514,11.7551],[108.5153,11.7547],[108.5154,11.7511],[108.5177,11.7496],[108.5211,11.7496],[108.5213,11.7485],[108.5248,11.7466],[108.5242,11.7455],[108.5256,11.7442],[108.5253,11.7434],[108.5269,11.7421],[108.5273,11.741],[108.5292,11.7389],[108.5295,11.7378],[108.5306,11.7377],[108.5329,11.7362],[108.5363,11.7363],[108.5371,11.7368],[108.5403,11.7368],[108.5397,11.7353],[108.5418,11.7343],[108.5449,11.7338],[108.5453,11.7341],[108.5465,11.729],[108.5485,11.7289],[108.5496,11.7293],[108.5507,11.7284],[108.5536,11.7278],[108.557,11.7256],[108.5585,11.7273],[108.5606,11.7291],[108.5624,11.7295],[108.5632,11.7303],[108.5659,11.7313],[108.5692,11.732],[108.5692,11.7304],[108.5716,11.7285],[108.5716,11.7276],[108.5744,11.7282],[108.575,11.7268],[108.5743,11.7249],[108.5732,11.7236],[108.5753,11.7217],[108.5744,11.7207],[108.5754,11.7192],[108.5786,11.7177],[108.5779,11.7162],[108.5803,11.7154],[108.5825,11.7126],[108.5865,11.7088],[108.5872,11.706],[108.5895,11.7051],[108.5922,11.7046],[108.5961,11.7031],[108.5977,11.7029],[108.5987,11.702],[108.6011,11.7011],[108.6016,11.6995],[108.6012,11.6975],[108.6024,11.6966],[108.6027,11.6955],[108.6054,11.6933],[108.6075,11.6925],[108.6091,11.6922],[108.6098,11.6928],[108.6122,11.6917],[108.6131,11.6922],[108.6132,11.6939],[108.6128,11.6967],[108.6132,11.6978],[108.6155,11.6997],[108.6168,11.7002],[108.6199,11.6993],[108.6214,11.6975],[108.6225,11.6974],[108.6248,11.6954],[108.6263,11.6947],[108.6261,11.6933],[108.6271,11.6929],[108.6294,11.6931],[108.6319,11.694],[108.6335,11.6911],[108.6346,11.6908],[108.6352,11.6893],[108.6365,11.6882],[108.6385,11.6875],[108.6394,11.6862],[108.6417,11.6856],[108.6424,11.6845],[108.6432,11.6814],[108.6445,11.6814],[108.6438,11.6835],[108.6449,11.6842],[108.6463,11.6827],[108.6482,11.6838],[108.6497,11.6824],[108.6517,11.6836],[108.653,11.6826],[108.654,11.6829],[108.6537,11.6843],[108.6526,11.6854],[108.654,11.686],[108.656,11.6862],[108.6574,11.6857],[108.658,11.687],[108.6598,11.6863],[108.6619,11.6874],[108.6643,11.6859],[108.6659,11.6881],[108.6678,11.6878],[108.6691,11.6889],[108.6711,11.6888],[108.6727,11.685],[108.6745,11.6832],[108.6747,11.6815],[108.6764,11.6818],[108.6765,11.6808],[108.6754,11.6792],[108.6768,11.6761],[108.676,11.6749],[108.6774,11.6738],[108.6779,11.6724],[108.6779,11.6706],[108.6786,11.6697],[108.6732,11.667],[108.6719,11.664],[108.6687,11.6638],[108.6654,11.6659],[108.6633,11.6683],[108.6611,11.668],[108.659,11.6688],[108.6575,11.6674],[108.6527,11.6642],[108.6502,11.6645],[108.6469,11.6632],[108.6454,11.6618],[108.6426,11.6611],[108.6421,11.6606],[108.6389,11.6598],[108.638,11.6588],[108.6347,11.6581],[108.6311,11.6559],[108.6287,11.6557],[108.6268,11.6549],[108.6246,11.6529],[108.6241,11.6506],[108.6232,11.6501],[108.6198,11.6514],[108.6165,11.6504],[108.6149,11.6506],[108.6101,11.6495],[108.6066,11.6497],[108.6045,11.6481],[108.6024,11.6479],[108.599,11.6492],[108.5972,11.6485],[108.5946,11.6486],[108.5884,11.6448],[108.5856,11.6421],[108.5849,11.6408],[108.581,11.6418],[108.5779,11.641],[108.5762,11.6398],[108.5741,11.6394],[108.5676,11.6425],[108.5646,11.6423],[108.5623,11.6425],[108.5652,11.6449],[108.5656,11.6461],[108.5652,11.6479],[108.5675,11.6502],[108.567,11.6519],[108.5675,11.6532],[108.5669,11.6558],[108.5657,11.6583],[108.5647,11.6589],[108.565,11.66],[108.5624,11.662],[108.5623,11.6649],[108.5626,11.6677],[108.5602,11.6691],[108.5585,11.6714],[108.5584,11.6721],[108.5597,11.6749],[108.5592,11.6765],[108.5556,11.6764],[108.5545,11.6772],[108.553,11.6762],[108.5509,11.6768],[108.5488,11.676],[108.5462,11.6763],[108.5458,11.6795],[108.545,11.6816],[108.5434,11.6828],[108.5429,11.6804],[108.5379,11.6807],[108.5356,11.6794],[108.5348,11.6795],[108.5329,11.6786],[108.5329,11.6767],[108.5309,11.6749],[108.5282,11.6744],[108.5261,11.6751],[108.5223,11.6726],[108.5208,11.6721],[108.5186,11.6728],[108.5179,11.6723],[108.5141,11.6725],[108.5106,11.6734],[108.5091,11.673],[108.507,11.6679],[108.5057,11.6675],[108.5044,11.6664]]]},"properties":{"name":"Quảng Lập","level":"ward"}},{"type":"Feature","geometry":{"type":"Polygon","coordinates":[[[108.4033,11.7367],[108.4046,11.7342],[108.4047,11.7324],[108.4035,11.7312],[108.4042,11.7296],[108.4028,11.7273],[108.4029,11.7258],[108.4018,11.7241],[108.4018,11.7232],[108.4031,11.7222],[108.4028,11.7206],[108.4034,11.72],[108.4024,11.7186],[108.4008,11.7134],[108.4006,11.7111],[108.4012,11.71],[108.4009,11.7089],[108.399,11.7081],[108.3982,11.7065],[108.3973,11.706],[108.3969,11.7045],[108.3955,11.7026],[108.3924,11.6967],[108.3924,11.695],[108.3919,11.6926],[108.3937,11.6913],[108.3943,11.6883],[108.3953,11.6878],[108.3961,11.6863],[108.3979,11.6849],[108.3983,11.684],[108.4004,11.6832],[108.4024,11.6841],[108.4036,11.6823],[108.4043,11.6827],[108.407,11.6815],[108.4089,11.6824],[108.412,11.6819],[108.4146,11.6802],[108.4175,11.68],[108.4189,11.6787],[108.4194,11.6773],[108.4211,11.6753],[108.4207,11.6729],[108.4202,11.6716],[108.422,11.6695],[108.4225,11.668],[108.4219,11.666],[108.4223,11.6637],[108.4244,11.6632],[108.4251,11.6623],[108.4251,11.6601],[108.426,11.6589],[108.4246,11.6584],[108.4236,11.6572],[108.4238,11.6562],[108.4231,11.6528],[108.4236,11.6497],[108.4253,11.6493],[108.4266,11.6451],[108.4263,11.6436],[108.427,11.6414],[108.4267,11.6398],[108.4276,11.6387],[108.4273,11.6354],[108.4268,11.6343],[108.4251,11.6363],[108.423,11.6367],[108.4217,11.6358],[108.4194,11.635],[108.4156,11.6329],[108.4131,11.633],[108.412,11.6318],[108.4107,11.6311],[108.4083,11.6284],[108.4069,11.6288],[108.4044,11.6279],[108.4031,11.6279],[108.4014,11.6272],[108.4006,11.626],[108.3986,11.6244],[108.3964,11.6195],[108.3966,11.6185],[108.3954,11.6158],[108.3946,11.6149],[108.3915,11.6158],[108.3908,11.6148],[108.3885,11.6154],[108.3861,11.615],[108.3853,11.6136],[108.3837,11.6133],[108.3817,11.6114],[108.3801,11.6113],[108.3781,11.6124],[108.3759,11.6124],[108.3759,11.6135],[108.3748,11.6156],[108.3729,11.6186],[108.3727,11.6202],[108.3718,11.6209],[108.3721,11.623],[108.3703,11.6227],[108.369,11.6245],[108.3688,11.6261],[108.3667,11.6254],[108.3642,11.6259],[108.3634,11.6248],[108.3622,11.6245],[108.3602,11.6226],[108.3595,11.623],[108.3581,11.6219],[108.3579,11.62],[108.3572,11.6181],[108.3552,11.6159],[108.3512,11.6139],[108.3481,11.6142],[108.3457,11.6141],[108.342,11.6148],[108.3372,11.6151],[108.3349,11.6148],[108.3326,11.614],[108.3302,11.6135],[108.3274,11.6144],[108.3239,11.6189],[108.3274,11.6253],[108.3303,11.6275],[108.3345,11.63],[108.3332,11.6355],[108.3326,11.641],[108.3331,11.6444],[108.3309,11.6469],[108.33,11.6475],[108.3261,11.6451],[108.3243,11.6443],[108.3226,11.6448],[108.3217,11.646],[108.3181,11.6459],[108.3179,11.6484],[108.317,11.6501],[108.3151,11.6519],[108.3139,11.6521],[108.3101,11.6504],[108.3077,11.648],[108.3055,11.6473],[108.3041,11.6483],[108.3021,11.6527],[108.3011,11.6543],[108.2978,11.6538],[108.2932,11.6511],[108.2914,11.6506],[108.2904,11.6509],[108.2901,11.6524],[108.2916,11.6541],[108.292,11.6576],[108.2915,11.6597],[108.2893,11.6614],[108.2884,11.6628],[108.2886,11.6641],[108.2878,11.666],[108.2869,11.667],[108.2855,11.6671],[108.2829,11.6656],[108.2814,11.6641],[108.2792,11.663],[108.2779,11.6631],[108.2761,11.6647],[108.2762,11.6657],[108.2791,11.6683],[108.2798,11.6696],[108.278,11.6723],[108.2765,11.6732],[108.2752,11.6751],[108.2747,11.6774],[108.2765,11.6768],[108.2778,11.6758],[108.279,11.6763],[108.2815,11.6757],[108.2852,11.6796],[108.2857,11.6813],[108.2879,11.6819],[108.2887,11.6811],[108.2896,11.679],[108.2912,11.6779],[108.2948,11.6785],[108.299,11.6802],[108.2997,11.6809],[108.3015,11.681],[108.3073,11.6831],[108.3066,11.6838],[108.3057,11.6872],[108.3044,11.6902],[108.3092,11.697],[108.3131,11.6959],[108.3127,11.698],[108.3139,11.6991],[108.315,11.6976],[108.3168,11.6997],[108.3162,11.7032],[108.3152,11.7058],[108.3165,11.7067],[108.316,11.7092],[108.3191,11.711],[108.3204,11.7084],[108.3218,11.7097],[108.3233,11.7092],[108.3229,11.7152],[108.3213,11.715],[108.3226,11.7169],[108.3219,11.7205],[108.3239,11.7216],[108.3257,11.7215],[108.3248,11.7236],[108.3233,11.724],[108.3227,11.7253],[108.3242,11.7266],[108.3249,11.7295],[108.3259,11.7314],[108.3264,11.7343],[108.3254,11.7364],[108.3236,11.7372],[108.3251,11.738],[108.3287,11.7379],[108.3297,11.7374],[108.3316,11.7349],[108.3339,11.7355],[108.3345,11.7342],[108.3354,11.7342],[108.337,11.7356],[108.3373,11.7371],[108.3393,11.7376],[108.341,11.7374],[108.3422,11.7379],[108.3431,11.7372],[108.3444,11.7343],[108.3474,11.7337],[108.3481,11.7363],[108.3535,11.7358],[108.3539,11.7391],[108.362,11.7383],[108.3654,11.7382],[108.366,11.7408],[108.3656,11.7431],[108.3654,11.7501],[108.3632,11.7516],[108.3629,11.7545],[108.3637,11.7549],[108.3687,11.755],[108.376,11.7548],[108.3772,11.7542],[108.378,11.755],[108.3761,11.7574],[108.3776,11.7587],[108.3803,11.7592],[108.3843,11.7611],[108.3857,11.7597],[108.3879,11.7628],[108.3894,11.7621],[108.3897,11.7603],[108.3906,11.7589],[108.3923,11.7599],[108.3935,11.7577],[108.3947,11.7571],[108.3955,11.7558],[108.3969,11.7551],[108.3968,11.7518],[108.3955,11.7503],[108.3962,11.7498],[108.3969,11.7474],[108.3985,11.7457],[108.3975,11.7444],[108.3955,11.7431],[108.3951,11.7421],[108.3976,11.7408],[108.3999,11.7408],[108.4027,11.739],[108.4033,11.7367]]]},"properties":{"name":"Đức Trọng","level":"ward"}},{"type":"Feature","geometry":{"type":"Polygon","coordinates":[[[108.4265,11.8535],[108.4284,11.8553],[108.4289,11.8574],[108.4285,11.86],[108.4291,11.8619],[108.4331,11.8645],[108.4358,11.8656],[108.4376,11.8678],[108.4393,11.8692],[108.4406,11.8708],[108.4415,11.871],[108.4435,11.873],[108.4439,11.8756],[108.445,11.8768],[108.4459,11.8766],[108.4488,11.8786],[108.45,11.88],[108.4529,11.8798],[108.4544,11.8814],[108.456,11.8817],[108.4575,11.8825],[108.4604,11.8851],[108.4613,11.8849],[108.4621,11.8821],[108.4617,11.8807],[108.4629,11.8794],[108.4647,11.8794],[108.4659,11.8788],[108.4662,11.8775],[108.4678,11.8762],[108.4678,11.8751],[108.4691,11.8738],[108.4752,11.8717],[108.4794,11.8696],[108.4807,11.87],[108.4824,11.8721],[108.4852,11.8709],[108.4871,11.8694],[108.4879,11.8676],[108.4889,11.8669],[108.4908,11.8665],[108.492,11.8644],[108.4884,11.8633],[108.4873,11.8615],[108.4853,11.8606],[108.4843,11.8596],[108.4809,11.8574],[108.4804,11.8568],[108.482,11.8553],[108.4838,11.855],[108.4863,11.8552],[108.4872,11.8557],[108.4907,11.8545],[108.4916,11.8536],[108.4925,11.8512],[108.4941,11.8503],[108.4954,11.8488],[108.4957,11.8477],[108.4991,11.8471],[108.5034,11.8444],[108.5052,11.8435],[108.5051,11.842],[108.5056,11.8404],[108.5055,11.839],[108.5035,11.8367],[108.5011,11.8349],[108.5008,11.834],[108.4982,11.8317],[108.4971,11.8299],[108.4958,11.8288],[108.4935,11.8287],[108.4897,11.8271],[108.4873,11.8251],[108.4864,11.8243],[108.4852,11.822],[108.4842,11.8186],[108.4823,11.8185],[108.4804,11.8154],[108.4788,11.8153],[108.4773,11.8136],[108.4761,11.8133],[108.4752,11.8119],[108.4726,11.8123],[108.4707,11.8113],[108.4696,11.8099],[108.4686,11.8098],[108.4664,11.8083],[108.4649,11.8092],[108.4639,11.8088],[108.4622,11.8092],[108.4601,11.8084],[108.4594,11.8061],[108.4585,11.805],[108.4565,11.8054],[108.4547,11.8046],[108.4497,11.7999],[108.4476,11.7994],[108.4442,11.7956],[108.4429,11.7937],[108.4423,11.7914],[108.4388,11.7884],[108.4382,11.7867],[108.4364,11.7852],[108.4332,11.7814],[108.4318,11.779],[108.4305,11.7783],[108.4277,11.778],[108.4263,11.7771],[108.4268,11.7745],[108.4261,11.7729],[108.4266,11.7708],[108.428,11.7706],[108.4287,11.7689],[108.4281,11.7681],[108.4273,11.7659],[108.4272,11.7583],[108.4281,11.7579],[108.4248,11.7507],[108.4249,11.7462],[108.4265,11.7449],[108.4245,11.7427],[108.423,11.7426],[108.4209,11.7434],[108.4177,11.7465],[108.4145,11.748],[108.4134,11.748],[108.4119,11.7468],[108.413,11.7455],[108.4143,11.7429],[108.4141,11.7411],[108.4124,11.7407],[108.411,11.7392],[108.4098,11.7385],[108.4078,11.7386],[108.4069,11.7392],[108.4049,11.7384],[108.4033,11.7367],[108.4027,11.739],[108.3999,11.7408],[108.3976,11.7408],[108.3951,11.7421],[108.3955,11.7431],[108.3975,11.7444],[108.3985,11.7457],[108.3969,11.7474],[108.3962,11.7498],[108.3955,11.7503],[108.3968,11.7518],[108.3969,11.7551],[108.3955,11.7558],[108.3947,11.7571],[108.3935,11.7577],[108.3923,11.7599],[108.3906,11.7589],[108.3897,11.7603],[108.3894,11.7621],[108.3879,11.7628],[108.3857,11.7597],[108.3843,11.7611],[108.3803,11.7592],[108.3776,11.7587],[108.3761,11.7574],[108.378,11.755],[108.3772,11.7542],[108.376,11.7548],[108.3687,11.755],[108.3637,11.7549],[108.3629,11.7545],[108.3632,11.7516],[108.3654,11.7501],[108.3656,11.7431],[108.366,11.7408],[108.3654,11.7382],[108.362,11.7383],[108.3539,11.7391],[108.3535,11.7358],[108.3481,11.7363],[108.3474,11.7337],[108.3444,11.7343],[108.3431,11.7372],[108.3429,11.7396],[108.3433,11.7412],[108.3429,11.7444],[108.341,11.7455],[108.3435,11.7475],[108.3437,11.7495],[108.3412,11.7494],[108.3409,11.7538],[108.3423,11.7539],[108.3431,11.7549],[108.3446,11.7552],[108.3457,11.7544],[108.3468,11.7554],[108.3455,11.758],[108.3454,11.7608],[108.3437,11.7606],[108.3419,11.761],[108.3411,11.7624],[108.3386,11.7632],[108.3389,11.7642],[108.3411,11.766],[108.3432,11.7659],[108.3455,11.7676],[108.3467,11.7676],[108.3478,11.7699],[108.3477,11.773],[108.3458,11.7763],[108.3471,11.779],[108.3481,11.7799],[108.3477,11.7815],[108.3478,11.7846],[108.349,11.7852],[108.3506,11.787],[108.3514,11.7891],[108.3527,11.7894],[108.3531,11.7914],[108.3528,11.7923],[108.3537,11.7936],[108.3555,11.7938],[108.3578,11.7965],[108.3596,11.8002],[108.3596,11.8028],[108.3615,11.8036],[108.3631,11.8037],[108.3652,11.8057],[108.3659,11.8054],[108.3687,11.8066],[108.3692,11.809],[108.3705,11.8111],[108.3699,11.8121],[108.3697,11.8144],[108.373,11.8149],[108.3748,11.8141],[108.3765,11.8141],[108.3782,11.8165],[108.3813,11.8185],[108.3818,11.82],[108.3841,11.8228],[108.385,11.8233],[108.3863,11.8252],[108.3881,11.8263],[108.3885,11.8275],[108.39,11.8288],[108.3981,11.8282],[108.4,11.8272],[108.4027,11.8266],[108.4052,11.8275],[108.4075,11.827],[108.4105,11.8286],[108.4123,11.8313],[108.4126,11.8333],[108.4133,11.8342],[108.4135,11.8358],[108.4156,11.8397],[108.4161,11.8412],[108.4176,11.8418],[108.4183,11.8426],[108.4187,11.8453],[108.4213,11.85],[108.4225,11.8516],[108.4265,11.8535]]]},"properties":{"name":"Hiệp Thạnh","level":"ward"}},{"type":"Feature","geometry":{"type":"Polygon","coordinates":[[[108.3114,11.8078],[108.317,11.8033],[108.319,11.8001],[108.3205,11.8004],[108.3214,11.7998],[108.3216,11.7985],[108.3201,11.7979],[108.3197,11.7954],[108.3201,11.794],[108.3221,11.7922],[108.3207,11.7896],[108.3202,11.788],[108.3202,11.7855],[108.3191,11.7837],[108.3177,11.7823],[108.3176,11.7805],[108.3209,11.7776],[108.3203,11.7766],[108.3184,11.7773],[108.3174,11.7766],[108.3178,11.7743],[108.3176,11.7729],[108.3188,11.7714],[108.3222,11.7704],[108.3228,11.7717],[108.3239,11.7722],[108.3257,11.7745],[108.328,11.7802],[108.329,11.7809],[108.3295,11.7823],[108.3296,11.7855],[108.3303,11.7868],[108.3324,11.7878],[108.3355,11.788],[108.3374,11.7892],[108.3388,11.7892],[108.3421,11.7873],[108.3447,11.7842],[108.3468,11.7835],[108.3477,11.7815],[108.3481,11.7799],[108.3471,11.779],[108.3458,11.7763],[108.3477,11.773],[108.3478,11.7699],[108.3467,11.7676],[108.3455,11.7676],[108.3432,11.7659],[108.3411,11.766],[108.3389,11.7642],[108.3386,11.7632],[108.3411,11.7624],[108.3419,11.761],[108.3437,11.7606],[108.3454,11.7608],[108.3455,11.758],[108.3468,11.7554],[108.3457,11.7544],[108.3446,11.7552],[108.3431,11.7549],[108.3423,11.7539],[108.3409,11.7538],[108.3412,11.7494],[108.3437,11.7495],[108.3435,11.7475],[108.341,11.7455],[108.3429,11.7444],[108.3433,11.7412],[108.3429,11.7396],[108.3431,11.7372],[108.3422,11.7379],[108.341,11.7374],[108.3393,11.7376],[108.3373,11.7371],[108.337,11.7356],[108.3354,11.7342],[108.3345,11.7342],[108.3339,11.7355],[108.3316,11.7349],[108.3297,11.7374],[108.3287,11.7379],[108.3251,11.738],[108.3236,11.7372],[108.3254,11.7364],[108.3264,11.7343],[108.3259,11.7314],[108.3249,11.7295],[108.3242,11.7266],[108.3227,11.7253],[108.3233,11.724],[108.3248,11.7236],[108.3257,11.7215],[108.3239,11.7216],[108.3219,11.7205],[108.3226,11.7169],[108.3213,11.715],[108.3229,11.7152],[108.3233,11.7092],[108.3218,11.7097],[108.3204,11.7084],[108.3191,11.711],[108.316,11.7092],[108.3165,11.7067],[108.3152,11.7058],[108.3162,11.7032],[108.3168,11.6997],[108.315,11.6976],[108.3139,11.6991],[108.3127,11.698],[108.3131,11.6959],[108.3092,11.697],[108.3044,11.6902],[108.3057,11.6872],[108.3066,11.6838],[108.3073,11.6831],[108.3015,11.681],[108.2997,11.6809],[108.299,11.6802],[108.2948,11.6785],[108.2912,11.6779],[108.2896,11.679],[108.2887,11.6811],[108.2879,11.6819],[108.2857,11.6813],[108.2852,11.6796],[108.2815,11.6757],[108.279,11.6763],[108.2778,11.6758],[108.2765,11.6768],[108.2747,11.6774],[108.2733,11.6803],[108.2699,11.6823],[108.2695,11.6837],[108.2697,11.685],[108.2689,11.6871],[108.2675,11.6874],[108.2652,11.6867],[108.2648,11.6877],[108.2634,11.6887],[108.2625,11.6909],[108.2625,11.6935],[108.2598,11.6954],[108.2585,11.6974],[108.257,11.6984],[108.2554,11.6986],[108.2541,11.7003],[108.2533,11.7034],[108.2518,11.704],[108.2504,11.7032],[108.2506,11.7022],[108.2498,11.7012],[108.248,11.7],[108.2465,11.6957],[108.2451,11.6942],[108.2431,11.6935],[108.2439,11.6957],[108.2436,11.698],[108.242,11.7006],[108.2422,11.7038],[108.241,11.7043],[108.239,11.704],[108.236,11.7066],[108.2354,11.7087],[108.2343,11.7097],[108.2324,11.7096],[108.2314,11.7111],[108.2325,11.7119],[108.2355,11.7127],[108.2404,11.7143],[108.2411,11.7148],[108.2457,11.7154],[108.2461,11.7175],[108.2447,11.7201],[108.2449,11.7211],[108.2462,11.7216],[108.2469,11.7236],[108.2493,11.7251],[108.2504,11.7267],[108.2513,11.7299],[108.2508,11.7317],[108.2514,11.7322],[108.2509,11.7338],[108.2518,11.7355],[108.2537,11.7382],[108.2545,11.74],[108.2559,11.7444],[108.2582,11.7465],[108.2585,11.7481],[108.2593,11.7492],[108.2602,11.7478],[108.2624,11.7468],[108.2635,11.7486],[108.266,11.7481],[108.2674,11.7464],[108.2689,11.7466],[108.2704,11.7458],[108.2722,11.7465],[108.2752,11.7466],[108.2776,11.7454],[108.2799,11.7436],[108.2816,11.7455],[108.2824,11.7459],[108.288,11.7467],[108.2906,11.7488],[108.2922,11.7514],[108.2909,11.753],[108.2911,11.7543],[108.2928,11.7549],[108.2941,11.7563],[108.2954,11.7561],[108.2958,11.7549],[108.2976,11.7543],[108.2976,11.7557],[108.2988,11.7569],[108.2986,11.7589],[108.2998,11.7601],[108.3015,11.761],[108.3034,11.7605],[108.3038,11.7621],[108.3066,11.7642],[108.3097,11.7657],[108.3104,11.7683],[108.3072,11.7705],[108.3066,11.7718],[108.3046,11.7725],[108.3049,11.7737],[108.3034,11.7751],[108.3008,11.7754],[108.2986,11.7772],[108.2979,11.7788],[108.2981,11.7802],[108.2979,11.7829],[108.2973,11.7839],[108.2987,11.7847],[108.2988,11.7861],[108.301,11.7894],[108.3017,11.791],[108.3018,11.7936],[108.3026,11.7943],[108.3029,11.7966],[108.3022,11.7987],[108.3062,11.8015],[108.306,11.8035],[108.3068,11.8057],[108.3079,11.8072],[108.3096,11.8083],[108.3114,11.8078]]]},"properties":{"name":"Tân Hội","level":"ward"}},{"type":"Feature","geometry":{"type":"Polygon","coordinates":[[[108.2186,11.6586],[108.2206,11.6577],[108.2231,11.6581],[108.2261,11.6608],[108.2286,11.6606],[108.2312,11.6594],[108.2321,11.6598],[108.2333,11.6627],[108.2323,11.6653],[108.2335,11.6666],[108.2341,11.6684],[108.2344,11.6717],[108.2324,11.676],[108.232,11.6798],[108.2327,11.6834],[108.2344,11.6862],[108.2354,11.6868],[108.2382,11.6876],[108.2416,11.6912],[108.2431,11.6935],[108.2451,11.6942],[108.2465,11.6957],[108.248,11.7],[108.2498,11.7012],[108.2506,11.7022],[108.2504,11.7032],[108.2518,11.704],[108.2533,11.7034],[108.2541,11.7003],[108.2554,11.6986],[108.257,11.6984],[108.2585,11.6974],[108.2598,11.6954],[108.2625,11.6935],[108.2625,11.6909],[108.2634,11.6887],[108.2648,11.6877],[108.2652,11.6867],[108.2675,11.6874],[108.2689,11.6871],[108.2697,11.685],[108.2695,11.6837],[108.2699,11.6823],[108.2733,11.6803],[108.2747,11.6774],[108.2752,11.6751],[108.2765,11.6732],[108.278,11.6723],[108.2798,11.6696],[108.2791,11.6683],[108.2762,11.6657],[108.2761,11.6647],[108.2779,11.6631],[108.2792,11.663],[108.2814,11.6641],[108.2829,11.6656],[108.2855,11.6671],[108.2869,11.667],[108.2878,11.666],[108.2886,11.6641],[108.2884,11.6628],[108.2893,11.6614],[108.2915,11.6597],[108.292,11.6576],[108.2916,11.6541],[108.2901,11.6524],[108.2904,11.6509],[108.2914,11.6506],[108.2932,11.6511],[108.2978,11.6538],[108.3011,11.6543],[108.3021,11.6527],[108.3041,11.6483],[108.3055,11.6473],[108.3077,11.648],[108.3101,11.6504],[108.3139,11.6521],[108.3151,11.6519],[108.317,11.6501],[108.3179,11.6484],[108.3181,11.6459],[108.3217,11.646],[108.3226,11.6448],[108.3243,11.6443],[108.3261,11.6451],[108.33,11.6475],[108.3309,11.6469],[108.3331,11.6444],[108.3326,11.641],[108.3332,11.6355],[108.3345,11.63],[108.3303,11.6275],[108.3274,11.6253],[108.3239,11.6189],[108.3274,11.6144],[108.3223,11.6078],[108.3206,11.604],[108.319,11.6032],[108.3173,11.6034],[108.3137,11.6055],[108.3088,11.6073],[108.3071,11.6071],[108.3062,11.6059],[108.3057,11.6028],[108.3049,11.6016],[108.3048,11.6002],[108.306,11.5977],[108.3057,11.5962],[108.3058,11.5933],[108.3066,11.5914],[108.3078,11.5909],[108.3074,11.5889],[108.306,11.5878],[108.3085,11.5873],[108.3069,11.5838],[108.3071,11.5815],[108.3058,11.5805],[108.3063,11.5794],[108.3048,11.577],[108.306,11.5756],[108.3061,11.5732],[108.3049,11.5728],[108.3047,11.5714],[108.3063,11.5714],[108.3045,11.5681],[108.3038,11.5657],[108.3054,11.5623],[108.3059,11.5581],[108.3053,11.5567],[108.3054,11.555],[108.306,11.5541],[108.3051,11.5531],[108.3049,11.5517],[108.3068,11.5492],[108.3059,11.5477],[108.3058,11.5452],[108.3064,11.5445],[108.3048,11.5423],[108.3048,11.541],[108.3063,11.5406],[108.3071,11.5386],[108.3074,11.5355],[108.3062,11.5334],[108.305,11.5299],[108.3035,11.5298],[108.3011,11.529],[108.3011,11.5267],[108.3025,11.5247],[108.3035,11.522],[108.3036,11.5193],[108.2996,11.5191],[108.2982,11.5195],[108.2977,11.5207],[108.2986,11.5219],[108.2989,11.5256],[108.2944,11.5285],[108.2926,11.5284],[108.2912,11.5288],[108.2897,11.5279],[108.2884,11.528],[108.2856,11.5295],[108.283,11.5289],[108.2812,11.5291],[108.2799,11.5279],[108.2776,11.5269],[108.2756,11.528],[108.2742,11.5308],[108.2731,11.5315],[108.2707,11.5355],[108.2694,11.5356],[108.2689,11.5368],[108.2667,11.5402],[108.2646,11.5403],[108.2623,11.5393],[108.2575,11.5407],[108.2555,11.5399],[108.2537,11.5413],[108.2537,11.5421],[108.2514,11.5455],[108.2486,11.5459],[108.2461,11.5479],[108.2428,11.5491],[108.242,11.5504],[108.2404,11.5505],[108.2391,11.5497],[108.2362,11.551],[108.2356,11.5505],[108.2344,11.5524],[108.234,11.5538],[108.2323,11.554],[108.2315,11.5554],[108.2321,11.557],[108.2312,11.5575],[108.231,11.5597],[108.2299,11.5607],[108.2315,11.5617],[108.2295,11.5626],[108.2313,11.5634],[108.2313,11.5652],[108.2304,11.5661],[108.2301,11.5676],[108.2305,11.569],[108.2282,11.5721],[108.2294,11.5728],[108.2314,11.5726],[108.2313,11.5709],[108.234,11.5693],[108.2346,11.5713],[108.2361,11.572],[108.2363,11.573],[108.235,11.5734],[108.2352,11.5754],[108.2336,11.5768],[108.2323,11.5789],[108.2305,11.5808],[108.23,11.5832],[108.2311,11.5836],[108.2301,11.5855],[108.2301,11.5875],[108.2283,11.5902],[108.2308,11.594],[108.2295,11.5943],[108.2281,11.5954],[108.2286,11.5979],[108.2272,11.5986],[108.2252,11.5988],[108.2247,11.602],[108.2228,11.602],[108.2226,11.6029],[108.2237,11.6043],[108.2251,11.6036],[108.2245,11.6067],[108.2262,11.6086],[108.2263,11.6112],[108.2286,11.6132],[108.2291,11.6149],[108.2328,11.6152],[108.2339,11.6175],[108.2323,11.6184],[108.2342,11.6194],[108.234,11.6202],[108.2326,11.6206],[108.2318,11.6217],[108.2301,11.6212],[108.2278,11.6225],[108.2294,11.6259],[108.2292,11.629],[108.2314,11.6295],[108.2313,11.6315],[108.2302,11.6318],[108.2281,11.6342],[108.2277,11.6334],[108.2259,11.6334],[108.2253,11.6347],[108.2259,11.6367],[108.223,11.6379],[108.2213,11.6397],[108.2202,11.6394],[108.2178,11.6397],[108.2173,11.6404],[108.2169,11.6431],[108.2144,11.6437],[108.215,11.6462],[108.2147,11.6483],[108.2166,11.6489],[108.2187,11.6488],[108.2206,11.6515],[108.2202,11.6528],[108.2182,11.6529],[108.2188,11.6548],[108.2179,11.6565],[108.2186,11.6586]]]},"properties":{"name":"Ninh Gia","level":"ward"}},{"type":"Feature","geometry":{"type":"Polygon","coordinates":[[[108.5824,11.5559],[108.5774,11.5549],[108.5751,11.5531],[108.5725,11.5521],[108.5721,11.5511],[108.5728,11.5488],[108.5747,11.5465],[108.5717,11.5454],[108.5715,11.5441],[108.5697,11.5428],[108.5705,11.5419],[108.5711,11.5399],[108.5703,11.5389],[108.5664,11.5382],[108.5656,11.5364],[108.5657,11.5329],[108.5653,11.5296],[108.5636,11.5282],[108.5633,11.5268],[108.5615,11.5267],[108.5611,11.5246],[108.5606,11.5242],[108.5602,11.5239],[108.5592,11.5188],[108.5578,11.5184],[108.5571,11.5158],[108.5542,11.5137],[108.552,11.5135],[108.5507,11.5129],[108.5488,11.5106],[108.547,11.5121],[108.5451,11.5121],[108.5438,11.5107],[108.544,11.5079],[108.5417,11.5061],[108.5397,11.5062],[108.5361,11.5069],[108.5304,11.5071],[108.5281,11.5076],[108.5268,11.5088],[108.5254,11.509],[108.5244,11.5104],[108.5247,11.5126],[108.5254,11.5137],[108.5223,11.5142],[108.5198,11.5132],[108.5172,11.5148],[108.5168,11.5186],[108.5151,11.5186],[108.5133,11.5203],[108.5116,11.5208],[108.5102,11.5221],[108.5066,11.5247],[108.5041,11.5261],[108.499,11.5257],[108.4972,11.5283],[108.4959,11.529],[108.4951,11.5302],[108.4924,11.5301],[108.4918,11.5291],[108.4887,11.5289],[108.4869,11.5278],[108.4845,11.5246],[108.4837,11.5241],[108.4815,11.5255],[108.4805,11.525],[108.4779,11.5252],[108.4758,11.5244],[108.4741,11.5249],[108.4713,11.5231],[108.4693,11.5187],[108.4678,11.5172],[108.4655,11.5166],[108.4602,11.518],[108.4584,11.5163],[108.4571,11.5182],[108.4547,11.5185],[108.452,11.5171],[108.4507,11.5168],[108.4457,11.518],[108.4409,11.5171],[108.4384,11.5159],[108.4366,11.5159],[108.4345,11.5142],[108.4332,11.5138],[108.4305,11.5138],[108.4282,11.5147],[108.4271,11.5157],[108.4248,11.5167],[108.4239,11.5187],[108.4236,11.5223],[108.4232,11.5234],[108.4215,11.524],[108.4147,11.5272],[108.4141,11.5277],[108.414,11.5302],[108.4134,11.5323],[108.4137,11.5339],[108.4131,11.5347],[108.4133,11.5371],[108.4158,11.5379],[108.4159,11.539],[108.4133,11.5407],[108.4142,11.5423],[108.4143,11.5443],[108.4126,11.545],[108.4119,11.5473],[108.414,11.5506],[108.4129,11.5524],[108.4128,11.5551],[108.415,11.5565],[108.4158,11.5556],[108.4171,11.5559],[108.4186,11.5579],[108.4185,11.5602],[108.4197,11.562],[108.4221,11.563],[108.4226,11.5652],[108.4234,11.5666],[108.4244,11.5666],[108.4255,11.5695],[108.4276,11.569],[108.4288,11.5706],[108.4287,11.5719],[108.4278,11.5743],[108.4266,11.576],[108.4232,11.5775],[108.4216,11.5779],[108.4217,11.5797],[108.4207,11.5811],[108.4234,11.5828],[108.4239,11.5848],[108.4264,11.5877],[108.4268,11.5893],[108.4289,11.5899],[108.4288,11.5928],[108.4242,11.5942],[108.4237,11.5958],[108.4242,11.5973],[108.424,11.5997],[108.4251,11.6039],[108.425,11.6063],[108.4235,11.6083],[108.4227,11.6085],[108.4226,11.6099],[108.4216,11.6106],[108.4192,11.6103],[108.4176,11.6122],[108.4164,11.613],[108.4148,11.6132],[108.4127,11.6121],[108.4101,11.6122],[108.4092,11.6115],[108.402,11.61],[108.4008,11.6108],[108.4007,11.6118],[108.3992,11.6121],[108.3991,11.6136],[108.3977,11.6131],[108.3954,11.6158],[108.3966,11.6185],[108.3964,11.6195],[108.3986,11.6244],[108.4006,11.626],[108.4014,11.6272],[108.4031,11.6279],[108.4044,11.6279],[108.4069,11.6288],[108.4083,11.6284],[108.4107,11.6311],[108.412,11.6318],[108.4131,11.633],[108.4156,11.6329],[108.4194,11.635],[108.4217,11.6358],[108.423,11.6367],[108.4251,11.6363],[108.4268,11.6343],[108.4273,11.6354],[108.4276,11.6387],[108.4267,11.6398],[108.427,11.6414],[108.4263,11.6436],[108.4266,11.6451],[108.4253,11.6493],[108.4236,11.6497],[108.4231,11.6528],[108.4238,11.6562],[108.4236,11.6572],[108.4246,11.6584],[108.426,11.6589],[108.4286,11.6583],[108.4292,11.6576],[108.4318,11.6588],[108.4341,11.6592],[108.4369,11.6605],[108.4386,11.6603],[108.4412,11.6608],[108.4427,11.6621],[108.4457,11.6616],[108.4479,11.6622],[108.4523,11.6613],[108.4546,11.6595],[108.4567,11.6597],[108.4575,11.6576],[108.4587,11.6586],[108.4589,11.6597],[108.4604,11.6598],[108.463,11.659],[108.4661,11.657],[108.4684,11.657],[108.4704,11.6559],[108.4722,11.6557],[108.4757,11.6541],[108.4765,11.6542],[108.4777,11.6529],[108.4787,11.653],[108.4846,11.6519],[108.4863,11.6532],[108.4879,11.6557],[108.4902,11.6573],[108.4912,11.6571],[108.4938,11.6579],[108.4947,11.6609],[108.498,11.6623],[108.4998,11.6628],[108.5013,11.6646],[108.5041,11.6655],[108.5044,11.6664],[108.5057,11.6675],[108.507,11.6679],[108.5091,11.673],[108.5106,11.6734],[108.5141,11.6725],[108.5179,11.6723],[108.5186,11.6728],[108.5208,11.6721],[108.5223,11.6726],[108.5261,11.6751],[108.5282,11.6744],[108.5309,11.6749],[108.5329,11.6767],[108.5329,11.6786],[108.5348,11.6795],[108.5356,11.6794],[108.5379,11.6807],[108.5429,11.6804],[108.5434,11.6828],[108.545,11.6816],[108.5458,11.6795],[108.5462,11.6763],[108.5488,11.676],[108.5509,11.6768],[108.553,11.6762],[108.5545,11.6772],[108.5556,11.6764],[108.5592,11.6765],[108.5597,11.6749],[108.5584,11.6721],[108.5585,11.6714],[108.5602,11.6691],[108.5626,11.6677],[108.5623,11.6649],[108.5624,11.662],[108.565,11.66],[108.5647,11.6589],[108.5657,11.6583],[108.5669,11.6558],[108.5675,11.6532],[108.567,11.6519],[108.5675,11.6502],[108.5652,11.6479],[108.5656,11.6461],[108.5652,11.6449],[108.5623,11.6425],[108.5604,11.6406],[108.5603,11.6372],[108.5593,11.6353],[108.5567,11.6334],[108.5541,11.6331],[108.553,11.6315],[108.5533,11.624],[108.5525,11.6201],[108.5539,11.6191],[108.5528,11.6164],[108.5526,11.6127],[108.5522,11.6109],[108.5525,11.6083],[108.5535,11.6064],[108.5532,11.6049],[108.5516,11.601],[108.5552,11.5967],[108.5666,11.5814],[108.5693,11.5799],[108.5718,11.5792],[108.574,11.5749],[108.5742,11.573],[108.5762,11.5701],[108.5765,11.5678],[108.5781,11.5643],[108.5802,11.5622],[108.5826,11.5592],[108.5824,11.5559]]]},"properties":{"name":"Tà Năng","level":"ward"}},{"type":"Feature","geometry":{"type":"Polygon","coordinates":[[[108.4147,11.5272],[108.4114,11.5262],[108.4108,11.525],[108.409,11.5233],[108.4083,11.5217],[108.4075,11.5212],[108.4041,11.5215],[108.3988,11.5197],[108.3975,11.5186],[108.3943,11.5186],[108.3924,11.5211],[108.3903,11.5229],[108.3902,11.5238],[108.3887,11.5252],[108.3855,11.5258],[108.3825,11.5254],[108.3809,11.5241],[108.3805,11.5227],[108.3758,11.5169],[108.375,11.5133],[108.3738,11.5099],[108.3739,11.509],[108.3724,11.5084],[108.3714,11.5089],[108.3698,11.5086],[108.3672,11.5073],[108.3665,11.5063],[108.364,11.5052],[108.3628,11.5054],[108.3622,11.5065],[108.3594,11.5072],[108.3586,11.5081],[108.3554,11.5056],[108.3539,11.5051],[108.3512,11.5055],[108.3493,11.5085],[108.3492,11.5128],[108.3501,11.5149],[108.3503,11.5202],[108.3496,11.521],[108.3466,11.5209],[108.345,11.523],[108.3447,11.5249],[108.3437,11.5265],[108.3436,11.528],[108.3422,11.5289],[108.3415,11.5275],[108.3403,11.5272],[108.3402,11.5258],[108.3386,11.526],[108.3375,11.5247],[108.3351,11.5248],[108.3333,11.5223],[108.3321,11.5232],[108.3297,11.5225],[108.3276,11.5237],[108.3264,11.5269],[108.3255,11.5284],[108.3257,11.5307],[108.324,11.5313],[108.3219,11.5306],[108.3202,11.5305],[108.3178,11.5288],[108.3136,11.5262],[108.3124,11.525],[108.3109,11.5251],[108.3079,11.5243],[108.3058,11.5223],[108.3048,11.522],[108.3036,11.5193],[108.3035,11.522],[108.3025,11.5247],[108.3011,11.5267],[108.3011,11.529],[108.3035,11.5298],[108.305,11.5299],[108.3062,11.5334],[108.3074,11.5355],[108.3071,11.5386],[108.3063,11.5406],[108.3048,11.541],[108.3048,11.5423],[108.3064,11.5445],[108.3058,11.5452],[108.3059,11.5477],[108.3068,11.5492],[108.3049,11.5517],[108.3051,11.5531],[108.306,11.5541],[108.3054,11.555],[108.3053,11.5567],[108.3059,11.5581],[108.3054,11.5623],[108.3038,11.5657],[108.3045,11.5681],[108.3063,11.5714],[108.3047,11.5714],[108.3049,11.5728],[108.3061,11.5732],[108.306,11.5756],[108.3048,11.577],[108.3063,11.5794],[108.3058,11.5805],[108.3071,11.5815],[108.3069,11.5838],[108.3085,11.5873],[108.306,11.5878],[108.3074,11.5889],[108.3078,11.5909],[108.3066,11.5914],[108.3058,11.5933],[108.3057,11.5962],[108.306,11.5977],[108.3048,11.6002],[108.3049,11.6016],[108.3057,11.6028],[108.3062,11.6059],[108.3071,11.6071],[108.3088,11.6073],[108.3137,11.6055],[108.3173,11.6034],[108.319,11.6032],[108.3206,11.604],[108.3223,11.6078],[108.3274,11.6144],[108.3302,11.6135],[108.3326,11.614],[108.3349,11.6148],[108.3372,11.6151],[108.342,11.6148],[108.3457,11.6141],[108.3481,11.6142],[108.3512,11.6139],[108.3552,11.6159],[108.3572,11.6181],[108.3579,11.62],[108.3581,11.6219],[108.3595,11.623],[108.3602,11.6226],[108.3622,11.6245],[108.3634,11.6248],[108.3642,11.6259],[108.3667,11.6254],[108.3688,11.6261],[108.369,11.6245],[108.3703,11.6227],[108.3721,11.623],[108.3718,11.6209],[108.3727,11.6202],[108.3729,11.6186],[108.3748,11.6156],[108.3759,11.6135],[108.3759,11.6124],[108.3781,11.6124],[108.3801,11.6113],[108.3817,11.6114],[108.3837,11.6133],[108.3853,11.6136],[108.3861,11.615],[108.3885,11.6154],[108.3908,11.6148],[108.3915,11.6158],[108.3946,11.6149],[108.3954,11.6158],[108.3977,11.6131],[108.3991,11.6136],[108.3992,11.6121],[108.4007,11.6118],[108.4008,11.6108],[108.402,11.61],[108.4092,11.6115],[108.4101,11.6122],[108.4127,11.6121],[108.4148,11.6132],[108.4164,11.613],[108.4176,11.6122],[108.4192,11.6103],[108.4216,11.6106],[108.4226,11.6099],[108.4227,11.6085],[108.4235,11.6083],[108.425,11.6063],[108.4251,11.6039],[108.424,11.5997],[108.4242,11.5973],[108.4237,11.5958],[108.4242,11.5942],[108.4288,11.5928],[108.4289,11.5899],[108.4268,11.5893],[108.4264,11.5877],[108.4239,11.5848],[108.4234,11.5828],[108.4207,11.5811],[108.4217,11.5797],[108.4216,11.5779],[108.4232,11.5775],[108.4266,11.576],[108.4278,11.5743],[108.4287,11.5719],[108.4288,11.5706],[108.4276,11.569],[108.4255,11.5695],[108.4244,11.5666],[108.4234,11.5666],[108.4226,11.5652],[108.4221,11.563],[108.4197,11.562],[108.4185,11.5602],[108.4186,11.5579],[108.4171,11.5559],[108.4158,11.5556],[108.415,11.5565],[108.4128,11.5551],[108.4129,11.5524],[108.414,11.5506],[108.4119,11.5473],[108.4126,11.545],[108.4143,11.5443],[108.4142,11.5423],[108.4133,11.5407],[108.4159,11.539],[108.4158,11.5379],[108.4133,11.5371],[108.4131,11.5347],[108.4137,11.5339],[108.4134,11.5323],[108.414,11.5302],[108.4141,11.5277],[108.4147,11.5272]]]},"properties":{"name":"Tà Hine","level":"ward"}},{"type":"Feature","geometry":{"type":"Polygon","coordinates":[[[108.085,11.684],[108.0861,11.6819],[108.0848,11.6816],[108.0825,11.6779],[108.0801,11.6754],[108.0795,11.6742],[108.0768,11.6706],[108.0757,11.6703],[108.0749,11.6688],[108.0714,11.6679],[108.0684,11.6641],[108.0684,11.663],[108.0697,11.6597],[108.0667,11.658],[108.0644,11.6577],[108.0654,11.6555],[108.0673,11.6536],[108.0664,11.652],[108.0665,11.6485],[108.0671,11.6443],[108.0651,11.6419],[108.0651,11.641],[108.0666,11.6389],[108.0679,11.638],[108.0658,11.6355],[108.0635,11.634],[108.0631,11.6331],[108.0614,11.6317],[108.0633,11.6287],[108.0642,11.6281],[108.066,11.628],[108.0695,11.6292],[108.0712,11.628],[108.072,11.6268],[108.0717,11.6208],[108.072,11.618],[108.0734,11.6152],[108.0745,11.6139],[108.0771,11.6128],[108.0786,11.6129],[108.0803,11.6124],[108.086,11.612],[108.0895,11.6108],[108.0899,11.6094],[108.0918,11.6099],[108.0931,11.6091],[108.0931,11.6075],[108.0953,11.6056],[108.0964,11.6026],[108.0989,11.5993],[108.1016,11.6002],[108.1022,11.5974],[108.1033,11.5968],[108.1044,11.5923],[108.1051,11.5911],[108.1049,11.5892],[108.1064,11.5867],[108.1076,11.5855],[108.1089,11.5857],[108.1093,11.584],[108.1092,11.5817],[108.1085,11.5811],[108.1073,11.5775],[108.1045,11.5753],[108.1037,11.5732],[108.1023,11.5722],[108.1008,11.5719],[108.0982,11.5706],[108.097,11.5685],[108.0945,11.5657],[108.0929,11.5657],[108.0913,11.5645],[108.0925,11.5638],[108.0939,11.5616],[108.0939,11.558],[108.0946,11.5554],[108.0946,11.5536],[108.0932,11.5532],[108.0916,11.5513],[108.0909,11.5495],[108.0911,11.5463],[108.0927,11.545],[108.0944,11.5447],[108.0955,11.5421],[108.0954,11.5393],[108.0973,11.5372],[108.0969,11.5351],[108.0956,11.5333],[108.0945,11.5329],[108.0938,11.5304],[108.0928,11.5283],[108.0931,11.5273],[108.0927,11.5254],[108.0907,11.5223],[108.0898,11.5196],[108.0901,11.5176],[108.0909,11.5164],[108.0922,11.516],[108.0944,11.514],[108.0944,11.5123],[108.0954,11.5097],[108.0952,11.5078],[108.0957,11.5063],[108.0976,11.5038],[108.101,11.5017],[108.1021,11.5004],[108.1039,11.4967],[108.1047,11.4918],[108.1044,11.4895],[108.1059,11.4872],[108.106,11.4862],[108.1055,11.4834],[108.1031,11.4821],[108.1024,11.4806],[108.1028,11.4798],[108.1014,11.477],[108.1001,11.4733],[108.0997,11.4703],[108.0998,11.4682],[108.1008,11.467],[108.0985,11.4626],[108.0987,11.4609],[108.1018,11.4593],[108.1027,11.4582],[108.1024,11.4561],[108.103,11.4537],[108.1048,11.4521],[108.1056,11.4502],[108.1047,11.4484],[108.1053,11.4467],[108.1066,11.445],[108.1067,11.4426],[108.1062,11.441],[108.1079,11.4397],[108.1079,11.435],[108.1072,11.4316],[108.1073,11.4298],[108.1069,11.4254],[108.1064,11.4239],[108.1066,11.4212],[108.1059,11.4201],[108.1053,11.4175],[108.1052,11.4157],[108.106,11.4133],[108.1022,11.415],[108.0997,11.4146],[108.0982,11.4148],[108.0968,11.4157],[108.0943,11.4144],[108.0938,11.4131],[108.0925,11.4127],[108.0898,11.4126],[108.0867,11.4132],[108.085,11.4138],[108.0834,11.4136],[108.0811,11.4158],[108.0796,11.4162],[108.0779,11.4151],[108.0769,11.4155],[108.0745,11.4148],[108.0741,11.4136],[108.0718,11.4137],[108.0694,11.4153],[108.0679,11.4144],[108.0676,11.4125],[108.0662,11.4123],[108.0645,11.4094],[108.0611,11.412],[108.0598,11.4115],[108.0585,11.4128],[108.0565,11.4135],[108.0545,11.4171],[108.0532,11.4184],[108.0526,11.4198],[108.0503,11.4225],[108.0482,11.4234],[108.0501,11.4255],[108.0502,11.4264],[108.0517,11.4282],[108.0516,11.4294],[108.0527,11.431],[108.052,11.4333],[108.0502,11.434],[108.0463,11.4376],[108.0443,11.4398],[108.0434,11.4416],[108.0409,11.4434],[108.0394,11.444],[108.0373,11.4439],[108.0348,11.4456],[108.0333,11.4475],[108.0325,11.4472],[108.0294,11.4469],[108.0274,11.4475],[108.0259,11.447],[108.0223,11.4475],[108.0201,11.4481],[108.0167,11.4512],[108.0158,11.4517],[108.0152,11.4531],[108.0117,11.4561],[108.0113,11.4574],[108.0128,11.4598],[108.0124,11.4609],[108.0129,11.4628],[108.0116,11.4649],[108.0114,11.4677],[108.0097,11.4703],[108.007,11.4713],[108.0067,11.4719],[108.0046,11.472],[108.0032,11.4724],[108.0024,11.4749],[108.0007,11.4763],[107.9984,11.4764],[107.9976,11.4754],[107.9958,11.4752],[107.9947,11.4765],[107.9939,11.4762],[107.9931,11.4783],[107.9947,11.4795],[107.9938,11.4822],[107.995,11.4855],[107.9921,11.4881],[107.9919,11.4896],[107.9926,11.4922],[107.9944,11.496],[107.9967,11.4974],[107.9974,11.4972],[108.0003,11.4992],[107.9997,11.5009],[107.9997,11.503],[107.999,11.5057],[107.9984,11.5068],[107.9984,11.5089],[107.9995,11.5092],[107.9999,11.512],[107.9988,11.5137],[107.9967,11.5136],[107.9955,11.5159],[107.9956,11.5178],[107.995,11.5186],[107.9937,11.5187],[107.994,11.5206],[107.993,11.5216],[107.9937,11.5239],[107.9925,11.5261],[107.9936,11.528],[107.9929,11.5297],[107.9927,11.5321],[107.993,11.533],[107.9925,11.5345],[107.9926,11.537],[107.9906,11.537],[107.9879,11.5362],[107.9871,11.5368],[107.9876,11.5395],[107.9863,11.5431],[107.985,11.5449],[107.9836,11.5459],[107.9824,11.546],[107.9813,11.5471],[107.9797,11.5454],[107.9788,11.5455],[107.9768,11.5479],[107.9748,11.5485],[107.9746,11.5459],[107.9716,11.5465],[107.9704,11.5481],[107.968,11.5484],[107.9673,11.5513],[107.965,11.5528],[107.964,11.552],[107.9627,11.5553],[107.9611,11.5553],[107.9612,11.5566],[107.9606,11.5582],[107.9607,11.5613],[107.9638,11.5643],[107.9668,11.565],[107.9706,11.5646],[107.9723,11.5647],[107.9719,11.567],[107.9742,11.569],[107.9745,11.571],[107.9743,11.5737],[107.9759,11.5732],[107.9761,11.5745],[107.9773,11.5764],[107.9785,11.5771],[107.9804,11.5793],[107.9827,11.5838],[107.9826,11.5852],[107.9816,11.5871],[107.9803,11.5887],[107.9787,11.5878],[107.9775,11.588],[107.9762,11.5898],[107.9782,11.5927],[107.9787,11.5957],[107.9781,11.5988],[107.979,11.5999],[107.9792,11.6017],[107.9798,11.6024],[107.9805,11.605],[107.9812,11.6058],[107.9804,11.6087],[107.9802,11.6111],[107.9808,11.6136],[107.979,11.614],[107.98,11.6156],[107.9821,11.6181],[107.9822,11.6194],[107.9829,11.6203],[107.9829,11.622],[107.9845,11.6226],[107.9856,11.6219],[107.9888,11.6245],[107.9908,11.6243],[107.9935,11.6225],[107.9944,11.6232],[107.9967,11.6226],[107.9996,11.6225],[108.0027,11.6219],[108.0057,11.6224],[108.0061,11.6221],[108.0091,11.6218],[108.0114,11.6203],[108.0133,11.621],[108.0151,11.6211],[108.0172,11.6182],[108.0182,11.6199],[108.0203,11.6218],[108.0201,11.6234],[108.0212,11.6248],[108.0209,11.6271],[108.0217,11.6288],[108.0209,11.6298],[108.0212,11.631],[108.0227,11.6319],[108.0209,11.6338],[108.023,11.634],[108.023,11.6351],[108.0251,11.636],[108.0228,11.637],[108.0286,11.6391],[108.0302,11.6389],[108.0319,11.6367],[108.0349,11.6376],[108.0362,11.6391],[108.0378,11.6384],[108.0395,11.6384],[108.0407,11.6379],[108.0427,11.6355],[108.0442,11.6343],[108.0445,11.6327],[108.0467,11.6329],[108.0502,11.634],[108.0531,11.6359],[108.0548,11.6396],[108.0566,11.641],[108.0569,11.6443],[108.0555,11.6465],[108.0556,11.649],[108.0564,11.6505],[108.0568,11.6524],[108.0568,11.6553],[108.0563,11.6564],[108.0541,11.6575],[108.0523,11.6601],[108.0536,11.6642],[108.0543,11.6655],[108.0541,11.6672],[108.0578,11.6711],[108.0598,11.6721],[108.0601,11.6728],[108.0622,11.6741],[108.0631,11.6739],[108.0656,11.6766],[108.0653,11.6785],[108.066,11.6791],[108.0712,11.6803],[108.0715,11.6816],[108.0728,11.6814],[108.0751,11.6841],[108.0778,11.6853],[108.0809,11.6844],[108.085,11.684]]]},"properties":{"name":"Di Linh","level":"ward"}},{"type":"Feature","geometry":{"type":"Polygon","coordinates":[[[107.8969,11.8112],[107.8985,11.8087],[107.8998,11.8075],[107.9021,11.8064],[107.9199,11.7973],[107.9459,11.8228],[107.9592,11.8152],[107.9706,11.7968],[107.9729,11.7959],[107.9734,11.7952],[107.9734,11.7922],[107.9739,11.7906],[107.9715,11.7873],[107.9708,11.7851],[107.9707,11.7823],[107.9734,11.7775],[107.9761,11.776],[107.9778,11.774],[107.9793,11.7716],[107.9795,11.7692],[107.9803,11.7672],[107.9813,11.766],[107.9832,11.765],[107.9855,11.7645],[107.989,11.7652],[107.9906,11.7648],[107.9911,11.7636],[107.9906,11.7601],[107.9913,11.7588],[107.9953,11.7556],[107.9979,11.7552],[108.0018,11.7531],[108.0083,11.7502],[108.0097,11.749],[108.0104,11.7463],[108.009,11.7443],[108.0081,11.7439],[108.0044,11.7403],[108.0034,11.7389],[108.0003,11.7362],[107.9997,11.7347],[108.002,11.7347],[108.0029,11.7341],[108.0036,11.7318],[108.0047,11.7316],[108.0055,11.73],[108.0057,11.727],[108.0077,11.7263],[108.0097,11.7266],[108.0102,11.7261],[108.0132,11.7259],[108.0145,11.7262],[108.0152,11.7254],[108.0183,11.7246],[108.0197,11.7223],[108.0223,11.7198],[108.0245,11.7184],[108.0251,11.7166],[108.0273,11.7151],[108.0277,11.7141],[108.0279,11.71],[108.0286,11.7086],[108.0324,11.7074],[108.0358,11.7084],[108.0382,11.7106],[108.0399,11.7109],[108.0437,11.7107],[108.049,11.713],[108.0538,11.7127],[108.0559,11.7123],[108.0573,11.7128],[108.0666,11.7113],[108.0708,11.7097],[108.0736,11.708],[108.0777,11.7039],[108.08,11.7009],[108.0831,11.695],[108.0841,11.692],[108.085,11.684],[108.0809,11.6844],[108.0778,11.6853],[108.0751,11.6841],[108.0728,11.6814],[108.0715,11.6816],[108.0712,11.6803],[108.066,11.6791],[108.0653,11.6785],[108.0656,11.6766],[108.0631,11.6739],[108.0622,11.6741],[108.0601,11.6728],[108.0598,11.6721],[108.0578,11.6711],[108.0541,11.6672],[108.0543,11.6655],[108.0536,11.6642],[108.0523,11.6601],[108.0541,11.6575],[108.0563,11.6564],[108.0568,11.6553],[108.0568,11.6524],[108.0564,11.6505],[108.0556,11.649],[108.0555,11.6465],[108.0569,11.6443],[108.0566,11.641],[108.0548,11.6396],[108.0531,11.6359],[108.0502,11.634],[108.0467,11.6329],[108.0445,11.6327],[108.0442,11.6343],[108.0427,11.6355],[108.0407,11.6379],[108.0395,11.6384],[108.0378,11.6384],[108.0362,11.6391],[108.0349,11.6376],[108.0319,11.6367],[108.0302,11.6389],[108.0286,11.6391],[108.0228,11.637],[108.0251,11.636],[108.023,11.6351],[108.023,11.634],[108.0209,11.6338],[108.0227,11.6319],[108.0212,11.631],[108.0209,11.6298],[108.0217,11.6288],[108.0209,11.6271],[108.0212,11.6248],[108.0201,11.6234],[108.0203,11.6218],[108.0182,11.6199],[108.0172,11.6182],[108.0151,11.6211],[108.0133,11.621],[108.0114,11.6203],[108.0091,11.6218],[108.0061,11.6221],[108.0057,11.6224],[108.0027,11.6219],[107.9996,11.6225],[107.9967,11.6226],[107.9944,11.6232],[107.9935,11.6225],[107.9908,11.6243],[107.9888,11.6245],[107.9856,11.6219],[107.9845,11.6226],[107.9829,11.622],[107.9829,11.6203],[107.9822,11.6194],[107.9821,11.6181],[107.98,11.6156],[107.979,11.614],[107.9741,11.6117],[107.9711,11.6134],[107.9715,11.6146],[107.971,11.6165],[107.9693,11.6181],[107.9693,11.62],[107.9709,11.6219],[107.9727,11.6223],[107.9744,11.6245],[107.9734,11.6267],[107.97,11.6274],[107.9677,11.6262],[107.9643,11.6267],[107.9606,11.626],[107.9594,11.6276],[107.9565,11.627],[107.9559,11.628],[107.9544,11.6272],[107.9526,11.6286],[107.9506,11.6283],[107.9474,11.6288],[107.9441,11.6279],[107.9455,11.6309],[107.9445,11.6318],[107.9434,11.6342],[107.9403,11.6328],[107.9387,11.6343],[107.9374,11.6339],[107.9349,11.6305],[107.934,11.6336],[107.9342,11.635],[107.9387,11.6387],[107.9402,11.6393],[107.9409,11.6405],[107.9404,11.6433],[107.9416,11.6467],[107.9431,11.6469],[107.9457,11.6478],[107.9444,11.65],[107.9459,11.6519],[107.9454,11.653],[107.9462,11.6546],[107.9471,11.6574],[107.946,11.6586],[107.9454,11.6602],[107.9441,11.6615],[107.9452,11.6633],[107.9477,11.6646],[107.949,11.6666],[107.9512,11.6675],[107.9513,11.6684],[107.9536,11.6712],[107.955,11.6725],[107.9565,11.6728],[107.9588,11.6764],[107.9611,11.6775],[107.963,11.6792],[107.9658,11.6811],[107.9678,11.6847],[107.967,11.6867],[107.9644,11.6907],[107.9642,11.6942],[107.9638,11.6949],[107.9635,11.6982],[107.9642,11.6987],[107.9632,11.7037],[107.9617,11.7071],[107.9613,11.7095],[107.9595,11.7111],[107.9575,11.7139],[107.9545,11.7164],[107.9535,11.7176],[107.9534,11.7187],[107.9515,11.7205],[107.9501,11.721],[107.9495,11.7229],[107.949,11.7264],[107.9447,11.7291],[107.9423,11.7296],[107.9411,11.7291],[107.9395,11.73],[107.9383,11.7297],[107.9367,11.7302],[107.9358,11.7313],[107.9332,11.7315],[107.9321,11.7307],[107.9303,11.7311],[107.9295,11.7307],[107.9276,11.7319],[107.9261,11.7324],[107.9232,11.7313],[107.9223,11.7339],[107.9209,11.7335],[107.9194,11.7344],[107.9175,11.7368],[107.9175,11.7383],[107.9159,11.7415],[107.9162,11.7436],[107.915,11.7454],[107.9129,11.7462],[107.9134,11.7486],[107.9125,11.7508],[107.9112,11.751],[107.9102,11.752],[107.9102,11.7543],[107.908,11.7552],[107.9059,11.7544],[107.9039,11.7551],[107.9048,11.7578],[107.9048,11.7594],[107.906,11.7592],[107.9077,11.7612],[107.9093,11.7611],[107.9109,11.7619],[107.9115,11.764],[107.9107,11.766],[107.913,11.7658],[107.9125,11.7674],[107.9138,11.7686],[107.9132,11.7698],[107.9112,11.77],[107.9093,11.7697],[107.9065,11.7697],[107.9053,11.7704],[107.9044,11.7722],[107.905,11.7731],[107.9031,11.7755],[107.9028,11.777],[107.9039,11.7778],[107.9044,11.7797],[107.9061,11.7803],[107.9063,11.7815],[107.9054,11.7827],[107.9051,11.7841],[107.904,11.7856],[107.9037,11.7874],[107.9007,11.7896],[107.8985,11.7904],[107.8974,11.7913],[107.8967,11.7928],[107.8969,11.797],[107.8967,11.7992],[107.8966,11.8061],[107.8969,11.8112]]]},"properties":{"name":"Đinh Trang Thượng","level":"ward"}},{"type":"Feature","geometry":{"type":"Polygon","coordinates":[[[108.3036,11.5193],[108.3031,11.5186],[108.2987,11.5158],[108.2959,11.5147],[108.2941,11.5144],[108.2933,11.515],[108.2921,11.5143],[108.2889,11.5144],[108.2877,11.5151],[108.2855,11.5152],[108.2836,11.5145],[108.2817,11.5146],[108.2793,11.5155],[108.2784,11.5147],[108.2776,11.513],[108.2759,11.5111],[108.2753,11.5094],[108.272,11.5098],[108.2724,11.5082],[108.2722,11.5056],[108.2696,11.5032],[108.2671,11.5014],[108.2654,11.4971],[108.2716,11.4902],[108.2708,11.4888],[108.271,11.4877],[108.2678,11.4846],[108.2614,11.4795],[108.2585,11.4766],[108.2577,11.4751],[108.2637,11.4618],[108.2642,11.4581],[108.2654,11.4556],[108.2669,11.4537],[108.2673,11.4501],[108.2676,11.4486],[108.2688,11.4473],[108.2701,11.4466],[108.2724,11.4418],[108.2728,11.44],[108.2748,11.4391],[108.2764,11.4398],[108.278,11.4399],[108.2804,11.4436],[108.2805,11.4452],[108.2818,11.4473],[108.285,11.4475],[108.2863,11.446],[108.2883,11.4446],[108.289,11.4436],[108.2915,11.4421],[108.2924,11.442],[108.2945,11.4405],[108.2945,11.4371],[108.2965,11.4349],[108.2963,11.4329],[108.297,11.4306],[108.2981,11.4281],[108.3029,11.4277],[108.3025,11.4251],[108.3035,11.4231],[108.3049,11.423],[108.3063,11.4215],[108.3068,11.4199],[108.3063,11.416],[108.3055,11.4154],[108.307,11.413],[108.3028,11.4094],[108.3014,11.4076],[108.2907,11.4004],[108.2786,11.3948],[108.278,11.3918],[108.278,11.3904],[108.2772,11.3882],[108.2776,11.3869],[108.2758,11.3849],[108.2734,11.3814],[108.2716,11.3803],[108.2703,11.3789],[108.2678,11.3755],[108.2657,11.3733],[108.2652,11.3714],[108.2642,11.3701],[108.2566,11.3618],[108.2551,11.36],[108.2541,11.3596],[108.2529,11.3603],[108.2504,11.3608],[108.2477,11.359],[108.246,11.3574],[108.243,11.3559],[108.2386,11.3534],[108.2357,11.3535],[108.2347,11.3546],[108.2329,11.3601],[108.2319,11.364],[108.2308,11.3646],[108.2303,11.3664],[108.2311,11.3685],[108.2312,11.3711],[108.23,11.3723],[108.2287,11.3724],[108.2245,11.3735],[108.2239,11.3754],[108.2228,11.3756],[108.2222,11.374],[108.2207,11.3728],[108.2182,11.3735],[108.2162,11.373],[108.2139,11.3731],[108.2115,11.374],[108.2095,11.373],[108.2071,11.373],[108.2049,11.3746],[108.2022,11.3746],[108.1996,11.3755],[108.1971,11.3778],[108.1934,11.3799],[108.1934,11.3821],[108.1947,11.3835],[108.1949,11.3873],[108.1955,11.3878],[108.1951,11.3901],[108.1949,11.3929],[108.1911,11.394],[108.1888,11.3956],[108.1891,11.3975],[108.1885,11.3993],[108.1871,11.3996],[108.1861,11.4035],[108.1835,11.4031],[108.1805,11.4031],[108.1793,11.4059],[108.1772,11.4052],[108.1741,11.4059],[108.1726,11.4059],[108.1717,11.4077],[108.1669,11.4098],[108.1663,11.4108],[108.1671,11.4123],[108.1666,11.4132],[108.1669,11.4147],[108.1658,11.4182],[108.1649,11.4194],[108.1656,11.4211],[108.1671,11.4221],[108.1674,11.4232],[108.1696,11.4256],[108.1706,11.428],[108.1721,11.4288],[108.1725,11.4305],[108.1744,11.4331],[108.1745,11.4349],[108.1737,11.437],[108.1747,11.4421],[108.1745,11.4432],[108.1734,11.4447],[108.1728,11.4482],[108.1718,11.4487],[108.1715,11.4499],[108.1723,11.4508],[108.1721,11.4535],[108.1735,11.4555],[108.1753,11.4589],[108.1744,11.4616],[108.1713,11.4637],[108.1708,11.4668],[108.1714,11.4691],[108.1727,11.4703],[108.1739,11.4727],[108.1743,11.4747],[108.1735,11.4775],[108.1727,11.478],[108.1742,11.4807],[108.1744,11.4825],[108.1737,11.4839],[108.1744,11.4866],[108.1762,11.4883],[108.1786,11.4887],[108.179,11.4903],[108.1784,11.4927],[108.1778,11.4934],[108.1752,11.4939],[108.1755,11.4955],[108.1764,11.4966],[108.1766,11.4986],[108.1749,11.5029],[108.1752,11.5066],[108.175,11.5113],[108.1728,11.514],[108.1707,11.5196],[108.1704,11.5216],[108.1678,11.5225],[108.1668,11.5233],[108.1653,11.5259],[108.1624,11.5283],[108.1615,11.5298],[108.1612,11.5333],[108.1601,11.5348],[108.16,11.5375],[108.1594,11.5384],[108.1599,11.5403],[108.1626,11.544],[108.1626,11.5448],[108.1611,11.5469],[108.1603,11.5502],[108.1589,11.5522],[108.1588,11.5547],[108.1625,11.5552],[108.1645,11.5563],[108.1671,11.5596],[108.1678,11.5619],[108.169,11.5643],[108.1687,11.5654],[108.1645,11.5664],[108.1634,11.5696],[108.1638,11.5703],[108.1631,11.5717],[108.1617,11.5721],[108.1607,11.5749],[108.1574,11.5756],[108.1556,11.578],[108.1546,11.585],[108.1549,11.5872],[108.1558,11.5888],[108.1552,11.5903],[108.1528,11.5912],[108.1518,11.592],[108.1513,11.5935],[108.15,11.5951],[108.1466,11.5967],[108.1456,11.5989],[108.1461,11.6007],[108.1457,11.6027],[108.1434,11.6042],[108.1434,11.6059],[108.142,11.6075],[108.1422,11.6092],[108.1436,11.6111],[108.1444,11.6116],[108.1518,11.6105],[108.1523,11.6117],[108.1498,11.613],[108.1494,11.6142],[108.1482,11.6155],[108.1502,11.6167],[108.1486,11.6173],[108.1487,11.6186],[108.1499,11.6193],[108.1499,11.6205],[108.1485,11.6234],[108.1481,11.628],[108.1487,11.6346],[108.1477,11.6358],[108.1482,11.6368],[108.148,11.6392],[108.1464,11.6393],[108.1464,11.6416],[108.148,11.6443],[108.1491,11.6455],[108.1504,11.6479],[108.1518,11.6484],[108.1528,11.6494],[108.1534,11.6514],[108.1585,11.6517],[108.1611,11.6513],[108.1636,11.6499],[108.1652,11.6498],[108.169,11.651],[108.1714,11.6531],[108.1725,11.6548],[108.1755,11.6573],[108.1776,11.6579],[108.1787,11.657],[108.1798,11.6582],[108.1816,11.6628],[108.1864,11.6635],[108.1891,11.663],[108.1908,11.6633],[108.1921,11.6641],[108.1937,11.6675],[108.1964,11.6697],[108.1998,11.6696],[108.2023,11.6684],[108.2034,11.6661],[108.2052,11.664],[108.2099,11.6622],[108.2157,11.6612],[108.2178,11.66],[108.2186,11.6586],[108.2179,11.6565],[108.2188,11.6548],[108.2182,11.6529],[108.2202,11.6528],[108.2206,11.6515],[108.2187,11.6488],[108.2166,11.6489],[108.2147,11.6483],[108.215,11.6462],[108.2144,11.6437],[108.2169,11.6431],[108.2173,11.6404],[108.2178,11.6397],[108.2202,11.6394],[108.2213,11.6397],[108.223,11.6379],[108.2259,11.6367],[108.2253,11.6347],[108.2259,11.6334],[108.2277,11.6334],[108.2281,11.6342],[108.2302,11.6318],[108.2313,11.6315],[108.2314,11.6295],[108.2292,11.629],[108.2294,11.6259],[108.2278,11.6225],[108.2301,11.6212],[108.2318,11.6217],[108.2326,11.6206],[108.234,11.6202],[108.2342,11.6194],[108.2323,11.6184],[108.2339,11.6175],[108.2328,11.6152],[108.2291,11.6149],[108.2286,11.6132],[108.2263,11.6112],[108.2262,11.6086],[108.2245,11.6067],[108.2251,11.6036],[108.2237,11.6043],[108.2226,11.6029],[108.2228,11.602],[108.2247,11.602],[108.2252,11.5988],[108.2272,11.5986],[108.2286,11.5979],[108.2281,11.5954],[108.2295,11.5943],[108.2308,11.594],[108.2283,11.5902],[108.2301,11.5875],[108.2301,11.5855],[108.2311,11.5836],[108.23,11.5832],[108.2305,11.5808],[108.2323,11.5789],[108.2336,11.5768],[108.2352,11.5754],[108.235,11.5734],[108.2363,11.573],[108.2361,11.572],[108.2346,11.5713],[108.234,11.5693],[108.2313,11.5709],[108.2314,11.5726],[108.2294,11.5728],[108.2282,11.5721],[108.2305,11.569],[108.2301,11.5676],[108.2304,11.5661],[108.2313,11.5652],[108.2313,11.5634],[108.2295,11.5626],[108.2315,11.5617],[108.2299,11.5607],[108.231,11.5597],[108.2312,11.5575],[108.2321,11.557],[108.2315,11.5554],[108.2323,11.554],[108.234,11.5538],[108.2344,11.5524],[108.2356,11.5505],[108.2362,11.551],[108.2391,11.5497],[108.2404,11.5505],[108.242,11.5504],[108.2428,11.5491],[108.2461,11.5479],[108.2486,11.5459],[108.2514,11.5455],[108.2537,11.5421],[108.2537,11.5413],[108.2555,11.5399],[108.2575,11.5407],[108.2623,11.5393],[108.2646,11.5403],[108.2667,11.5402],[108.2689,11.5368],[108.2694,11.5356],[108.2707,11.5355],[108.2731,11.5315],[108.2742,11.5308],[108.2756,11.528],[108.2776,11.5269],[108.2799,11.5279],[108.2812,11.5291],[108.283,11.5289],[108.2856,11.5295],[108.2884,11.528],[108.2897,11.5279],[108.2912,11.5288],[108.2926,11.5284],[108.2944,11.5285],[108.2989,11.5256],[108.2986,11.5219],[108.2977,11.5207],[108.2982,11.5195],[108.2996,11.5191],[108.3036,11.5193]]]},"properties":{"name":"Gia Hiệp","level":"ward"}},{"type":"Feature","geometry":{"type":"Polygon","coordinates":[[[108.2386,11.3534],[108.2326,11.3502],[108.2262,11.3444],[108.2225,11.3404],[108.2211,11.3383],[108.2201,11.3367],[108.2202,11.3343],[108.2094,11.3283],[108.1972,11.3229],[108.1967,11.3184],[108.1947,11.3163],[108.1941,11.3146],[108.1929,11.3145],[108.191,11.3118],[108.189,11.3107],[108.1884,11.3085],[108.1826,11.3049],[108.1766,11.3036],[108.1737,11.3034],[108.1703,11.3017],[108.1683,11.3032],[108.1663,11.3042],[108.1651,11.3062],[108.1634,11.3073],[108.1619,11.3098],[108.1606,11.3112],[108.159,11.3115],[108.1584,11.3135],[108.1583,11.316],[108.1571,11.3173],[108.1573,11.3197],[108.1564,11.3208],[108.1562,11.3225],[108.1551,11.3243],[108.1549,11.3275],[108.156,11.3302],[108.1569,11.3343],[108.1595,11.3374],[108.1593,11.3393],[108.1585,11.3395],[108.1554,11.3416],[108.1526,11.3445],[108.1503,11.3458],[108.1487,11.3476],[108.1468,11.3466],[108.1432,11.3461],[108.1416,11.3472],[108.1385,11.3514],[108.1389,11.354],[108.1401,11.3567],[108.1415,11.3573],[108.1415,11.3589],[108.1428,11.36],[108.1422,11.3619],[108.1409,11.3637],[108.1382,11.3663],[108.1382,11.3679],[108.1355,11.3702],[108.1322,11.3707],[108.1306,11.3704],[108.1254,11.3713],[108.1235,11.374],[108.1224,11.3768],[108.1227,11.3796],[108.1242,11.3817],[108.1249,11.3845],[108.1249,11.3863],[108.1265,11.3886],[108.1261,11.3898],[108.1265,11.3924],[108.126,11.393],[108.1254,11.3968],[108.1248,11.3981],[108.1229,11.4005],[108.1207,11.402],[108.1162,11.4037],[108.1144,11.4035],[108.1154,11.4058],[108.1151,11.4063],[108.1125,11.4073],[108.1125,11.4091],[108.1116,11.4104],[108.107,11.4131],[108.106,11.4133],[108.1052,11.4157],[108.1053,11.4175],[108.1059,11.4201],[108.1066,11.4212],[108.1064,11.4239],[108.1069,11.4254],[108.1073,11.4298],[108.1072,11.4316],[108.1079,11.435],[108.1079,11.4397],[108.1062,11.441],[108.1067,11.4426],[108.1066,11.445],[108.1053,11.4467],[108.1047,11.4484],[108.1056,11.4502],[108.1048,11.4521],[108.103,11.4537],[108.1024,11.4561],[108.1027,11.4582],[108.1018,11.4593],[108.0987,11.4609],[108.0985,11.4626],[108.1008,11.467],[108.0998,11.4682],[108.0997,11.4703],[108.1001,11.4733],[108.1014,11.477],[108.1028,11.4798],[108.1024,11.4806],[108.1031,11.4821],[108.1055,11.4834],[108.106,11.4862],[108.1059,11.4872],[108.1044,11.4895],[108.1047,11.4918],[108.1039,11.4967],[108.1021,11.5004],[108.101,11.5017],[108.0976,11.5038],[108.0957,11.5063],[108.0952,11.5078],[108.0954,11.5097],[108.0944,11.5123],[108.0944,11.514],[108.0922,11.516],[108.0909,11.5164],[108.0901,11.5176],[108.0898,11.5196],[108.0907,11.5223],[108.0927,11.5254],[108.0931,11.5273],[108.0928,11.5283],[108.0938,11.5304],[108.0945,11.5329],[108.0956,11.5333],[108.0969,11.5351],[108.0973,11.5372],[108.0954,11.5393],[108.0955,11.5421],[108.0944,11.5447],[108.0927,11.545],[108.0911,11.5463],[108.0909,11.5495],[108.0916,11.5513],[108.0932,11.5532],[108.0946,11.5536],[108.0946,11.5554],[108.0939,11.558],[108.0939,11.5616],[108.0925,11.5638],[108.0913,11.5645],[108.0929,11.5657],[108.0945,11.5657],[108.097,11.5685],[108.0982,11.5706],[108.1008,11.5719],[108.1023,11.5722],[108.1037,11.5732],[108.1045,11.5753],[108.1073,11.5775],[108.1085,11.5811],[108.1092,11.5817],[108.1093,11.584],[108.1089,11.5857],[108.1076,11.5855],[108.1064,11.5867],[108.1049,11.5892],[108.1051,11.5911],[108.1044,11.5923],[108.1033,11.5968],[108.1022,11.5974],[108.1016,11.6002],[108.0989,11.5993],[108.0964,11.6026],[108.0953,11.6056],[108.0931,11.6075],[108.0931,11.6091],[108.0918,11.6099],[108.0899,11.6094],[108.0895,11.6108],[108.086,11.612],[108.0803,11.6124],[108.0786,11.6129],[108.0771,11.6128],[108.0745,11.6139],[108.0734,11.6152],[108.072,11.618],[108.0717,11.6208],[108.072,11.6268],[108.0712,11.628],[108.0695,11.6292],[108.066,11.628],[108.0642,11.6281],[108.0633,11.6287],[108.0614,11.6317],[108.0631,11.6331],[108.0635,11.634],[108.0658,11.6355],[108.0679,11.638],[108.0666,11.6389],[108.0651,11.641],[108.0651,11.6419],[108.0671,11.6443],[108.0665,11.6485],[108.0664,11.652],[108.0673,11.6536],[108.0654,11.6555],[108.0644,11.6577],[108.0667,11.658],[108.0697,11.6597],[108.0684,11.663],[108.0684,11.6641],[108.0714,11.6679],[108.0749,11.6688],[108.0757,11.6703],[108.0768,11.6706],[108.0795,11.6742],[108.0801,11.6754],[108.0825,11.6779],[108.0848,11.6816],[108.0861,11.6819],[108.0865,11.6811],[108.09,11.6779],[108.0951,11.6747],[108.0993,11.671],[108.1044,11.6658],[108.1072,11.6618],[108.1097,11.6604],[108.1124,11.6608],[108.1166,11.6637],[108.1197,11.6638],[108.1206,11.663],[108.1223,11.6634],[108.1255,11.6654],[108.1273,11.6659],[108.1303,11.6654],[108.1359,11.6673],[108.1371,11.6673],[108.1427,11.6654],[108.1459,11.6638],[108.1491,11.6614],[108.1503,11.6595],[108.1524,11.6577],[108.153,11.6554],[108.1517,11.6526],[108.1521,11.6517],[108.1534,11.6514],[108.1528,11.6494],[108.1518,11.6484],[108.1504,11.6479],[108.1491,11.6455],[108.148,11.6443],[108.1464,11.6416],[108.1464,11.6393],[108.148,11.6392],[108.1482,11.6368],[108.1477,11.6358],[108.1487,11.6346],[108.1481,11.628],[108.1485,11.6234],[108.1499,11.6205],[108.1499,11.6193],[108.1487,11.6186],[108.1486,11.6173],[108.1502,11.6167],[108.1482,11.6155],[108.1494,11.6142],[108.1498,11.613],[108.1523,11.6117],[108.1518,11.6105],[108.1444,11.6116],[108.1436,11.6111],[108.1422,11.6092],[108.142,11.6075],[108.1434,11.6059],[108.1434,11.6042],[108.1457,11.6027],[108.1461,11.6007],[108.1456,11.5989],[108.1466,11.5967],[108.15,11.5951],[108.1513,11.5935],[108.1518,11.592],[108.1528,11.5912],[108.1552,11.5903],[108.1558,11.5888],[108.1549,11.5872],[108.1546,11.585],[108.1556,11.578],[108.1574,11.5756],[108.1607,11.5749],[108.1617,11.5721],[108.1631,11.5717],[108.1638,11.5703],[108.1634,11.5696],[108.1645,11.5664],[108.1687,11.5654],[108.169,11.5643],[108.1678,11.5619],[108.1671,11.5596],[108.1645,11.5563],[108.1625,11.5552],[108.1588,11.5547],[108.1589,11.5522],[108.1603,11.5502],[108.1611,11.5469],[108.1626,11.5448],[108.1626,11.544],[108.1599,11.5403],[108.1594,11.5384],[108.16,11.5375],[108.1601,11.5348],[108.1612,11.5333],[108.1615,11.5298],[108.1624,11.5283],[108.1653,11.5259],[108.1668,11.5233],[108.1678,11.5225],[108.1704,11.5216],[108.1707,11.5196],[108.1728,11.514],[108.175,11.5113],[108.1752,11.5066],[108.1749,11.5029],[108.1766,11.4986],[108.1764,11.4966],[108.1755,11.4955],[108.1752,11.4939],[108.1778,11.4934],[108.1784,11.4927],[108.179,11.4903],[108.1786,11.4887],[108.1762,11.4883],[108.1744,11.4866],[108.1737,11.4839],[108.1744,11.4825],[108.1742,11.4807],[108.1727,11.478],[108.1735,11.4775],[108.1743,11.4747],[108.1739,11.4727],[108.1727,11.4703],[108.1714,11.4691],[108.1708,11.4668],[108.1713,11.4637],[108.1744,11.4616],[108.1753,11.4589],[108.1735,11.4555],[108.1721,11.4535],[108.1723,11.4508],[108.1715,11.4499],[108.1718,11.4487],[108.1728,11.4482],[108.1734,11.4447],[108.1745,11.4432],[108.1747,11.4421],[108.1737,11.437],[108.1745,11.4349],[108.1744,11.4331],[108.1725,11.4305],[108.1721,11.4288],[108.1706,11.428],[108.1696,11.4256],[108.1674,11.4232],[108.1671,11.4221],[108.1656,11.4211],[108.1649,11.4194],[108.1658,11.4182],[108.1669,11.4147],[108.1666,11.4132],[108.1671,11.4123],[108.1663,11.4108],[108.1669,11.4098],[108.1717,11.4077],[108.1726,11.4059],[108.1741,11.4059],[108.1772,11.4052],[108.1793,11.4059],[108.1805,11.4031],[108.1835,11.4031],[108.1861,11.4035],[108.1871,11.3996],[108.1885,11.3993],[108.1891,11.3975],[108.1888,11.3956],[108.1911,11.394],[108.1949,11.3929],[108.1951,11.3901],[108.1955,11.3878],[108.1949,11.3873],[108.1947,11.3835],[108.1934,11.3821],[108.1934,11.3799],[108.1971,11.3778],[108.1996,11.3755],[108.2022,11.3746],[108.2049,11.3746],[108.2071,11.373],[108.2095,11.373],[108.2115,11.374],[108.2139,11.3731],[108.2162,11.373],[108.2182,11.3735],[108.2207,11.3728],[108.2222,11.374],[108.2228,11.3756],[108.2239,11.3754],[108.2245,11.3735],[108.2287,11.3724],[108.23,11.3723],[108.2312,11.3711],[108.2311,11.3685],[108.2303,11.3664],[108.2308,11.3646],[108.2319,11.364],[108.2329,11.3601],[108.2347,11.3546],[108.2357,11.3535],[108.2386,11.3534]]]},"properties":{"name":"Bảo Thuận","level":"ward"}},{"type":"Feature","geometry":{"type":"Polygon","coordinates":[[[107.979,11.614],[107.9808,11.6136],[107.9802,11.6111],[107.9804,11.6087],[107.9812,11.6058],[107.9805,11.605],[107.9798,11.6024],[107.9792,11.6017],[107.979,11.5999],[107.9781,11.5988],[107.9787,11.5957],[107.9782,11.5927],[107.9762,11.5898],[107.9775,11.588],[107.9787,11.5878],[107.9803,11.5887],[107.9816,11.5871],[107.9826,11.5852],[107.9827,11.5838],[107.9804,11.5793],[107.9785,11.5771],[107.9773,11.5764],[107.9761,11.5745],[107.9759,11.5732],[107.9743,11.5737],[107.9745,11.571],[107.9742,11.569],[107.9719,11.567],[107.9723,11.5647],[107.9706,11.5646],[107.9668,11.565],[107.9638,11.5643],[107.9607,11.5613],[107.9606,11.5582],[107.9612,11.5566],[107.9611,11.5553],[107.9627,11.5553],[107.964,11.552],[107.965,11.5528],[107.9673,11.5513],[107.968,11.5484],[107.9704,11.5481],[107.9716,11.5465],[107.9746,11.5459],[107.9748,11.5485],[107.9768,11.5479],[107.9788,11.5455],[107.9797,11.5454],[107.9813,11.5471],[107.9824,11.546],[107.9836,11.5459],[107.985,11.5449],[107.9863,11.5431],[107.9876,11.5395],[107.9871,11.5368],[107.9879,11.5362],[107.9906,11.537],[107.9926,11.537],[107.9925,11.5345],[107.993,11.533],[107.9927,11.5321],[107.9929,11.5297],[107.9936,11.528],[107.9925,11.5261],[107.9937,11.5239],[107.993,11.5216],[107.994,11.5206],[107.9937,11.5187],[107.995,11.5186],[107.9956,11.5178],[107.9955,11.5159],[107.9967,11.5136],[107.9988,11.5137],[107.9999,11.512],[107.9995,11.5092],[107.9984,11.5089],[107.9984,11.5068],[107.999,11.5057],[107.9997,11.503],[107.9997,11.5009],[108.0003,11.4992],[107.9974,11.4972],[107.9967,11.4974],[107.9944,11.496],[107.9926,11.4922],[107.9919,11.4896],[107.9921,11.4881],[107.995,11.4855],[107.9942,11.4852],[107.989,11.4867],[107.9879,11.4852],[107.9858,11.4866],[107.9857,11.4882],[107.9844,11.4889],[107.9838,11.4882],[107.9807,11.4872],[107.9791,11.4893],[107.979,11.4905],[107.976,11.4902],[107.9747,11.4893],[107.9707,11.4877],[107.9691,11.4866],[107.9677,11.4848],[107.9662,11.4871],[107.9648,11.487],[107.963,11.4844],[107.962,11.4839],[107.9591,11.4846],[107.9573,11.486],[107.9553,11.4864],[107.952,11.4862],[107.9504,11.4867],[107.9491,11.4882],[107.9467,11.4892],[107.9446,11.4912],[107.9424,11.4918],[107.9411,11.4933],[107.9384,11.4936],[107.9371,11.4931],[107.9367,11.4909],[107.9344,11.4883],[107.9335,11.488],[107.9323,11.4893],[107.932,11.4912],[107.93,11.4905],[107.9288,11.4884],[107.9267,11.4877],[107.9283,11.486],[107.9285,11.4839],[107.9276,11.4809],[107.9275,11.4796],[107.9244,11.4799],[107.9229,11.479],[107.9215,11.4789],[107.9202,11.4808],[107.9166,11.4819],[107.9149,11.4832],[107.9124,11.4838],[107.9115,11.4829],[107.9081,11.4832],[107.9069,11.4848],[107.9042,11.4853],[107.9034,11.4844],[107.9008,11.4848],[107.8971,11.4874],[107.8955,11.4899],[107.8954,11.4921],[107.8989,11.4933],[107.8996,11.4951],[107.8986,11.499],[107.8976,11.5041],[107.8982,11.5044],[107.8983,11.5069],[107.9013,11.5063],[107.9008,11.5048],[107.9037,11.505],[107.9043,11.5068],[107.9054,11.5055],[107.9068,11.5057],[107.9074,11.503],[107.9083,11.5021],[107.9098,11.5055],[107.9117,11.5054],[107.9129,11.5037],[107.9129,11.5021],[107.9144,11.5007],[107.9155,11.503],[107.9168,11.5028],[107.9168,11.501],[107.9181,11.4999],[107.919,11.505],[107.9185,11.5062],[107.917,11.508],[107.9184,11.5091],[107.9165,11.5107],[107.9158,11.512],[107.9168,11.5136],[107.917,11.5179],[107.9163,11.5201],[107.9172,11.5218],[107.917,11.5242],[107.9195,11.5256],[107.9203,11.5267],[107.92,11.5288],[107.9211,11.5288],[107.9245,11.5303],[107.9282,11.5342],[107.9314,11.5359],[107.9308,11.5366],[107.9305,11.5385],[107.9286,11.5411],[107.9279,11.5437],[107.9268,11.5454],[107.9273,11.5474],[107.9283,11.5471],[107.9337,11.5477],[107.9376,11.5469],[107.9382,11.55],[107.9383,11.5527],[107.9373,11.5528],[107.9384,11.5569],[107.9383,11.5591],[107.9364,11.5597],[107.9361,11.562],[107.9339,11.5616],[107.9308,11.5625],[107.9307,11.5633],[107.9372,11.5663],[107.9412,11.5664],[107.9427,11.5677],[107.944,11.57],[107.9442,11.5714],[107.9419,11.5733],[107.9398,11.5742],[107.9398,11.5751],[107.9383,11.5753],[107.9364,11.5744],[107.9346,11.575],[107.9342,11.5738],[107.9317,11.5746],[107.9285,11.5736],[107.928,11.5722],[107.9264,11.5725],[107.9264,11.5739],[107.9277,11.576],[107.9269,11.577],[107.9282,11.5786],[107.9273,11.5797],[107.9278,11.5815],[107.9294,11.5815],[107.9294,11.583],[107.931,11.5836],[107.9322,11.5834],[107.9322,11.5848],[107.9335,11.5869],[107.9344,11.5869],[107.9346,11.5886],[107.9361,11.5889],[107.9364,11.5903],[107.9354,11.5913],[107.9352,11.5942],[107.9341,11.5952],[107.9354,11.5969],[107.9356,11.5987],[107.9334,11.6001],[107.9332,11.6011],[107.9343,11.6022],[107.9356,11.6017],[107.9387,11.6028],[107.94,11.6038],[107.9404,11.6062],[107.9402,11.6079],[107.9393,11.6091],[107.9396,11.6111],[107.9391,11.6147],[107.9365,11.6168],[107.9364,11.618],[107.9344,11.6196],[107.9349,11.6215],[107.9338,11.6267],[107.9362,11.6283],[107.9349,11.6305],[107.9374,11.6339],[107.9387,11.6343],[107.9403,11.6328],[107.9434,11.6342],[107.9445,11.6318],[107.9455,11.6309],[107.9441,11.6279],[107.9474,11.6288],[107.9506,11.6283],[107.9526,11.6286],[107.9544,11.6272],[107.9559,11.628],[107.9565,11.627],[107.9594,11.6276],[107.9606,11.626],[107.9643,11.6267],[107.9677,11.6262],[107.97,11.6274],[107.9734,11.6267],[107.9744,11.6245],[107.9727,11.6223],[107.9709,11.6219],[107.9693,11.62],[107.9693,11.6181],[107.971,11.6165],[107.9715,11.6146],[107.9711,11.6134],[107.9741,11.6117],[107.979,11.614]]]},"properties":{"name":"Hoà Ninh","level":"ward"}},{"type":"Feature","geometry":{"type":"Polygon","coordinates":[[[107.9771,11.3437],[107.9738,11.3444],[107.9699,11.3466],[107.9662,11.3486],[107.9628,11.35],[107.9591,11.3512],[107.957,11.3516],[107.9528,11.3493],[107.9485,11.3473],[107.9443,11.3471],[107.9422,11.3476],[107.9394,11.3487],[107.9382,11.3495],[107.9365,11.3522],[107.9359,11.3539],[107.9357,11.3568],[107.9342,11.3591],[107.9285,11.3601],[107.9258,11.3636],[107.9242,11.3668],[107.9231,11.371],[107.9225,11.3723],[107.9198,11.3757],[107.9185,11.3781],[107.9144,11.3815],[107.9118,11.3845],[107.9108,11.3861],[107.9094,11.3898],[107.9091,11.3925],[107.9075,11.3964],[107.9064,11.3999],[107.9062,11.4019],[107.9071,11.4074],[107.9078,11.4097],[107.9061,11.4112],[107.9044,11.4137],[107.9033,11.4145],[107.9015,11.4142],[107.901,11.4128],[107.8982,11.4115],[107.897,11.4114],[107.8932,11.4142],[107.8927,11.415],[107.8904,11.4157],[107.8896,11.4186],[107.8876,11.4198],[107.8862,11.4216],[107.8867,11.423],[107.8888,11.424],[107.8877,11.4286],[107.8862,11.4293],[107.8858,11.4306],[107.8848,11.431],[107.8851,11.4335],[107.8843,11.4335],[107.8824,11.4378],[107.8801,11.4377],[107.8791,11.4391],[107.8793,11.4404],[107.877,11.445],[107.877,11.4481],[107.8754,11.4502],[107.8771,11.4529],[107.8786,11.453],[107.8788,11.4546],[107.8778,11.4562],[107.8781,11.4572],[107.8776,11.4585],[107.8781,11.4622],[107.8776,11.4637],[107.878,11.4655],[107.8768,11.4665],[107.8764,11.4679],[107.8749,11.4698],[107.874,11.4724],[107.8751,11.4736],[107.8776,11.4723],[107.8792,11.473],[107.8796,11.4744],[107.8809,11.4763],[107.8823,11.4767],[107.882,11.4778],[107.8841,11.4817],[107.8845,11.4828],[107.8863,11.4839],[107.8862,11.4855],[107.8871,11.4872],[107.8864,11.4891],[107.8847,11.4908],[107.8844,11.4923],[107.8851,11.4966],[107.8874,11.502],[107.8861,11.5036],[107.8884,11.5045],[107.8914,11.5017],[107.8935,11.5005],[107.8942,11.5007],[107.8953,11.5042],[107.8976,11.5041],[107.8986,11.499],[107.8996,11.4951],[107.8989,11.4933],[107.8954,11.4921],[107.8955,11.4899],[107.8971,11.4874],[107.9008,11.4848],[107.9034,11.4844],[107.9042,11.4853],[107.9069,11.4848],[107.9081,11.4832],[107.9115,11.4829],[107.9124,11.4838],[107.9149,11.4832],[107.9166,11.4819],[107.9202,11.4808],[107.9215,11.4789],[107.9229,11.479],[107.9244,11.4799],[107.9275,11.4796],[107.9276,11.4809],[107.9285,11.4839],[107.9283,11.486],[107.9267,11.4877],[107.9288,11.4884],[107.93,11.4905],[107.932,11.4912],[107.9323,11.4893],[107.9335,11.488],[107.9344,11.4883],[107.9367,11.4909],[107.9371,11.4931],[107.9384,11.4936],[107.9411,11.4933],[107.9424,11.4918],[107.9446,11.4912],[107.9467,11.4892],[107.9491,11.4882],[107.9504,11.4867],[107.952,11.4862],[107.9553,11.4864],[107.9573,11.486],[107.9591,11.4846],[107.962,11.4839],[107.963,11.4844],[107.9648,11.487],[107.9662,11.4871],[107.9677,11.4848],[107.9691,11.4866],[107.9707,11.4877],[107.9747,11.4893],[107.976,11.4902],[107.979,11.4905],[107.9791,11.4893],[107.9807,11.4872],[107.9838,11.4882],[107.9844,11.4889],[107.9857,11.4882],[107.9858,11.4866],[107.9879,11.4852],[107.989,11.4867],[107.9942,11.4852],[107.995,11.4855],[107.9938,11.4822],[107.9947,11.4795],[107.9931,11.4783],[107.9939,11.4762],[107.9947,11.4765],[107.9958,11.4752],[107.9976,11.4754],[107.9984,11.4764],[108.0007,11.4763],[108.0024,11.4749],[108.0032,11.4724],[108.0046,11.472],[108.0032,11.4711],[108.0021,11.4683],[108.002,11.4673],[108.0005,11.4651],[108.0009,11.4623],[107.9995,11.4604],[107.9987,11.4582],[107.9974,11.4519],[107.9994,11.449],[108.0018,11.4495],[108.0037,11.4477],[108.0053,11.4468],[108.0053,11.4459],[108.0039,11.4445],[108.0016,11.443],[108.0028,11.4415],[108.0017,11.4396],[108.0027,11.4382],[108.0044,11.4382],[108.0067,11.4371],[108.0084,11.4347],[108.0073,11.4337],[108.0057,11.4334],[108.0045,11.4324],[108.0049,11.4306],[108.0045,11.4294],[108.0061,11.4274],[108.006,11.4247],[108.009,11.4206],[108.0078,11.4179],[108.0068,11.417],[108.0052,11.4136],[108.0048,11.4112],[108.0018,11.411],[108.0004,11.4105],[107.9991,11.4086],[107.9954,11.4061],[107.9941,11.4057],[107.9939,11.4042],[107.9932,11.4034],[107.9931,11.4002],[107.9905,11.3954],[107.99,11.393],[107.9854,11.3889],[107.9825,11.389],[107.9802,11.3884],[107.9784,11.3848],[107.979,11.3832],[107.9798,11.3799],[107.9789,11.3779],[107.9787,11.3762],[107.9794,11.3734],[107.9787,11.3714],[107.9778,11.3709],[107.9761,11.3684],[107.9741,11.3677],[107.9731,11.3666],[107.9729,11.3637],[107.972,11.3618],[107.97,11.36],[107.9709,11.3592],[107.9713,11.3566],[107.9726,11.3547],[107.972,11.3525],[107.9737,11.351],[107.9747,11.3476],[107.9771,11.3437]]]},"properties":{"name":"Hoà Bắc","level":"ward"}},{"type":"Feature","geometry":{"type":"Polygon","coordinates":[[[108.1703,11.3017],[108.157,11.3013],[108.1546,11.3003],[108.1523,11.3],[108.1497,11.2987],[108.1469,11.2978],[108.1432,11.2961],[108.1406,11.2954],[108.1338,11.2913],[108.132,11.2915],[108.1299,11.2904],[108.1229,11.281],[108.1199,11.2849],[108.1202,11.2875],[108.1201,11.2902],[108.1186,11.2913],[108.1181,11.2933],[108.1169,11.2939],[108.1152,11.2939],[108.1114,11.2865],[108.1112,11.2852],[108.1119,11.284],[108.1114,11.2812],[108.1127,11.2776],[108.11,11.2771],[108.1076,11.276],[108.1071,11.2721],[108.1054,11.2702],[108.1052,11.2684],[108.1047,11.2675],[108.1029,11.2673],[108.1002,11.2663],[108.0992,11.2663],[108.0965,11.2681],[108.0941,11.2679],[108.0932,11.2684],[108.0899,11.2686],[108.0875,11.2681],[108.0872,11.2666],[108.0846,11.2653],[108.0817,11.2611],[108.082,11.26],[108.081,11.2591],[108.0798,11.259],[108.0783,11.2581],[108.078,11.2567],[108.0763,11.2545],[108.0749,11.254],[108.0735,11.2525],[108.0692,11.2505],[108.0646,11.2474],[108.0639,11.2463],[108.062,11.2455],[108.06,11.2438],[108.0578,11.2427],[108.0572,11.2402],[108.0561,11.2375],[108.0565,11.2325],[108.0557,11.2301],[108.0574,11.2285],[108.058,11.227],[108.0579,11.2252],[108.0586,11.222],[108.0577,11.2187],[108.0535,11.2181],[108.0516,11.2187],[108.0491,11.2169],[108.0487,11.216],[108.0462,11.2154],[108.0455,11.2168],[108.0473,11.2176],[108.0484,11.2194],[108.0475,11.22],[108.0484,11.2233],[108.0465,11.2244],[108.0466,11.2263],[108.0474,11.2276],[108.0473,11.229],[108.0478,11.2301],[108.0481,11.2327],[108.0466,11.2347],[108.0468,11.2356],[108.049,11.2368],[108.051,11.2392],[108.0533,11.2408],[108.0521,11.2435],[108.053,11.2455],[108.0516,11.2464],[108.051,11.2478],[108.0499,11.2477],[108.0497,11.2495],[108.0476,11.2524],[108.0476,11.2539],[108.047,11.2557],[108.0446,11.2573],[108.0444,11.2581],[108.0421,11.2593],[108.0419,11.2603],[108.0425,11.2633],[108.042,11.2655],[108.0425,11.2675],[108.0435,11.2691],[108.0435,11.2731],[108.0447,11.2758],[108.0437,11.2788],[108.0412,11.2798],[108.0408,11.2804],[108.0384,11.2815],[108.0375,11.283],[108.0365,11.2865],[108.035,11.2893],[108.0339,11.2927],[108.0329,11.2943],[108.0327,11.296],[108.0312,11.2967],[108.0303,11.2988],[108.0312,11.3021],[108.0309,11.3033],[108.0322,11.3046],[108.0316,11.3069],[108.0296,11.3097],[108.0283,11.3129],[108.0279,11.315],[108.0279,11.3186],[108.0287,11.3201],[108.0286,11.3211],[108.0302,11.3229],[108.0305,11.3259],[108.0297,11.3274],[108.0022,11.333],[108.0013,11.3345],[108.0015,11.336],[107.999,11.3368],[107.9981,11.338],[107.9966,11.3381],[107.9954,11.3389],[107.9942,11.341],[107.9926,11.3412],[107.9912,11.3402],[107.9904,11.3405],[107.9873,11.3401],[107.9846,11.3415],[107.9838,11.3415],[107.9771,11.3437],[107.9747,11.3476],[107.9737,11.351],[107.972,11.3525],[107.9726,11.3547],[107.9713,11.3566],[107.9709,11.3592],[107.97,11.36],[107.972,11.3618],[107.9729,11.3637],[107.9731,11.3666],[107.9741,11.3677],[107.9761,11.3684],[107.9778,11.3709],[107.9787,11.3714],[107.9794,11.3734],[107.9787,11.3762],[107.9789,11.3779],[107.9798,11.3799],[107.979,11.3832],[107.9784,11.3848],[107.9802,11.3884],[107.9825,11.389],[107.9854,11.3889],[107.99,11.393],[107.9905,11.3954],[107.9931,11.4002],[107.9932,11.4034],[107.9939,11.4042],[107.9941,11.4057],[107.9954,11.4061],[107.9991,11.4086],[108.0004,11.4105],[108.0018,11.411],[108.0048,11.4112],[108.0052,11.4136],[108.0068,11.417],[108.0078,11.4179],[108.009,11.4206],[108.006,11.4247],[108.0061,11.4274],[108.0045,11.4294],[108.0049,11.4306],[108.0045,11.4324],[108.0057,11.4334],[108.0073,11.4337],[108.0084,11.4347],[108.0067,11.4371],[108.0044,11.4382],[108.0027,11.4382],[108.0017,11.4396],[108.0028,11.4415],[108.0016,11.443],[108.0039,11.4445],[108.0053,11.4459],[108.0053,11.4468],[108.0037,11.4477],[108.0018,11.4495],[107.9994,11.449],[107.9974,11.4519],[107.9987,11.4582],[107.9995,11.4604],[108.0009,11.4623],[108.0005,11.4651],[108.002,11.4673],[108.0021,11.4683],[108.0032,11.4711],[108.0046,11.472],[108.0067,11.4719],[108.007,11.4713],[108.0097,11.4703],[108.0114,11.4677],[108.0116,11.4649],[108.0129,11.4628],[108.0124,11.4609],[108.0128,11.4598],[108.0113,11.4574],[108.0117,11.4561],[108.0152,11.4531],[108.0158,11.4517],[108.0167,11.4512],[108.0201,11.4481],[108.0223,11.4475],[108.0259,11.447],[108.0274,11.4475],[108.0294,11.4469],[108.0325,11.4472],[108.0333,11.4475],[108.0348,11.4456],[108.0373,11.4439],[108.0394,11.444],[108.0409,11.4434],[108.0434,11.4416],[108.0443,11.4398],[108.0463,11.4376],[108.0502,11.434],[108.052,11.4333],[108.0527,11.431],[108.0516,11.4294],[108.0517,11.4282],[108.0502,11.4264],[108.0501,11.4255],[108.0482,11.4234],[108.0503,11.4225],[108.0526,11.4198],[108.0532,11.4184],[108.0545,11.4171],[108.0565,11.4135],[108.0585,11.4128],[108.0598,11.4115],[108.0611,11.412],[108.0645,11.4094],[108.0662,11.4123],[108.0676,11.4125],[108.0679,11.4144],[108.0694,11.4153],[108.0718,11.4137],[108.0741,11.4136],[108.0745,11.4148],[108.0769,11.4155],[108.0779,11.4151],[108.0796,11.4162],[108.0811,11.4158],[108.0834,11.4136],[108.085,11.4138],[108.0867,11.4132],[108.0898,11.4126],[108.0925,11.4127],[108.0938,11.4131],[108.0943,11.4144],[108.0968,11.4157],[108.0982,11.4148],[108.0997,11.4146],[108.1022,11.415],[108.106,11.4133],[108.107,11.4131],[108.1116,11.4104],[108.1125,11.4091],[108.1125,11.4073],[108.1151,11.4063],[108.1154,11.4058],[108.1144,11.4035],[108.1162,11.4037],[108.1207,11.402],[108.1229,11.4005],[108.1248,11.3981],[108.1254,11.3968],[108.126,11.393],[108.1265,11.3924],[108.1261,11.3898],[108.1265,11.3886],[108.1249,11.3863],[108.1249,11.3845],[108.1242,11.3817],[108.1227,11.3796],[108.1224,11.3768],[108.1235,11.374],[108.1254,11.3713],[108.1306,11.3704],[108.1322,11.3707],[108.1355,11.3702],[108.1382,11.3679],[108.1382,11.3663],[108.1409,11.3637],[108.1422,11.3619],[108.1428,11.36],[108.1415,11.3589],[108.1415,11.3573],[108.1401,11.3567],[108.1389,11.354],[108.1385,11.3514],[108.1416,11.3472],[108.1432,11.3461],[108.1468,11.3466],[108.1487,11.3476],[108.1503,11.3458],[108.1526,11.3445],[108.1554,11.3416],[108.1585,11.3395],[108.1593,11.3393],[108.1595,11.3374],[108.1569,11.3343],[108.156,11.3302],[108.1549,11.3275],[108.1551,11.3243],[108.1562,11.3225],[108.1564,11.3208],[108.1573,11.3197],[108.1571,11.3173],[108.1583,11.316],[108.1584,11.3135],[108.159,11.3115],[108.1606,11.3112],[108.1619,11.3098],[108.1634,11.3073],[108.1651,11.3062],[108.1663,11.3042],[108.1683,11.3032],[108.1703,11.3017]]]},"properties":{"name":"Sơn Điền","level":"ward"}},{"type":"Feature","geometry":{"type":"Polygon","coordinates":[[[107.8077,11.5979],[107.8063,11.5981],[107.8042,11.5995],[107.8009,11.6006],[107.7993,11.6008],[107.7972,11.6022],[107.7946,11.603],[107.7934,11.6037],[107.793,11.6048],[107.7917,11.6059],[107.7898,11.6063],[107.7879,11.6084],[107.7877,11.6092],[107.7891,11.6109],[107.7886,11.6119],[107.7857,11.6131],[107.7836,11.6132],[107.7799,11.6127],[107.7769,11.6132],[107.7753,11.6129],[107.7753,11.6157],[107.7747,11.6189],[107.7748,11.6217],[107.773,11.6244],[107.7716,11.6285],[107.7694,11.6315],[107.7676,11.633],[107.766,11.6359],[107.7643,11.6359],[107.7618,11.6354],[107.7596,11.636],[107.7586,11.6377],[107.7591,11.6421],[107.7544,11.6448],[107.7542,11.6454],[107.752,11.6463],[107.7478,11.6465],[107.7469,11.6476],[107.7472,11.6484],[107.7462,11.6508],[107.744,11.6515],[107.7425,11.6526],[107.7393,11.6534],[107.7383,11.6545],[107.7356,11.6537],[107.734,11.6527],[107.7323,11.6533],[107.7308,11.6544],[107.7294,11.6561],[107.728,11.6551],[107.7279,11.6533],[107.7275,11.6553],[107.7255,11.6564],[107.7264,11.658],[107.7257,11.6589],[107.7261,11.6607],[107.7242,11.661],[107.7232,11.6632],[107.7242,11.6641],[107.7237,11.6654],[107.7223,11.6665],[107.7237,11.6674],[107.7258,11.6678],[107.7288,11.6693],[107.7293,11.6682],[107.7333,11.6696],[107.735,11.6677],[107.7346,11.6672],[107.7355,11.6655],[107.7402,11.6643],[107.7419,11.6629],[107.7442,11.6626],[107.7457,11.6615],[107.7466,11.6622],[107.7469,11.6637],[107.7498,11.6641],[107.7506,11.6628],[107.754,11.6614],[107.7553,11.6597],[107.7562,11.6599],[107.7578,11.6613],[107.7594,11.664],[107.7631,11.6625],[107.7631,11.6609],[107.7641,11.6608],[107.7646,11.6628],[107.771,11.6629],[107.7735,11.6611],[107.7734,11.659],[107.7751,11.6589],[107.7767,11.658],[107.7787,11.6592],[107.7782,11.6613],[107.7766,11.6639],[107.7752,11.6685],[107.7742,11.6695],[107.7703,11.671],[107.77,11.6718],[107.7715,11.6743],[107.7723,11.6803],[107.7705,11.681],[107.77,11.6832],[107.7706,11.6847],[107.7721,11.6865],[107.7774,11.6895],[107.7798,11.6901],[107.7811,11.6887],[107.7835,11.6874],[107.7852,11.6853],[107.787,11.6837],[107.7897,11.6843],[107.7909,11.684],[107.7918,11.6827],[107.7956,11.6811],[107.7968,11.6812],[107.7972,11.68],[107.7996,11.679],[107.8032,11.6798],[107.804,11.6804],[107.8056,11.6803],[107.8077,11.6813],[107.8071,11.6836],[107.8071,11.6867],[107.8091,11.6868],[107.8106,11.6862],[107.8103,11.6886],[107.8059,11.6903],[107.8079,11.6922],[107.8094,11.6929],[107.8094,11.6939],[107.8115,11.6969],[107.8116,11.6981],[107.8126,11.6995],[107.814,11.7002],[107.8157,11.7024],[107.8138,11.7059],[107.8131,11.708],[107.8133,11.7091],[107.8159,11.7087],[107.8182,11.7078],[107.8203,11.7121],[107.8204,11.714],[107.8224,11.7146],[107.8243,11.7157],[107.8254,11.7152],[107.829,11.7183],[107.8281,11.7192],[107.8285,11.7209],[107.8315,11.7197],[107.8318,11.7206],[107.8336,11.7212],[107.8349,11.7199],[107.8366,11.7206],[107.8371,11.7199],[107.8398,11.7206],[107.8403,11.7216],[107.8419,11.7228],[107.8429,11.7241],[107.8439,11.7246],[107.8448,11.7262],[107.8464,11.7279],[107.8455,11.7284],[107.8465,11.7312],[107.8454,11.7323],[107.8453,11.7341],[107.8474,11.7344],[107.8473,11.7356],[107.8486,11.7364],[107.8485,11.7373],[107.8496,11.7396],[107.8487,11.7411],[107.8498,11.7418],[107.8506,11.7433],[107.852,11.7431],[107.8522,11.7443],[107.8534,11.7443],[107.8551,11.7456],[107.8562,11.7452],[107.8579,11.7457],[107.8583,11.7471],[107.8604,11.7457],[107.8604,11.7448],[107.8633,11.7439],[107.8641,11.7454],[107.8663,11.7456],[107.866,11.7442],[107.8672,11.7436],[107.8669,11.7403],[107.8646,11.7376],[107.8623,11.7365],[107.8624,11.7352],[107.8612,11.7343],[107.8628,11.7316],[107.8643,11.73],[107.8668,11.73],[107.8678,11.7283],[107.8681,11.7257],[107.8694,11.7264],[107.8707,11.7279],[107.8722,11.7283],[107.8726,11.7305],[107.8753,11.7329],[107.8788,11.734],[107.8794,11.7291],[107.8798,11.7285],[107.8786,11.7258],[107.8771,11.7242],[107.8756,11.724],[107.875,11.723],[107.875,11.7211],[107.8762,11.7196],[107.8774,11.7162],[107.8766,11.7144],[107.8773,11.7112],[107.8771,11.7079],[107.8803,11.7088],[107.8832,11.7075],[107.8868,11.7085],[107.8885,11.7096],[107.8889,11.7107],[107.8905,11.7111],[107.8922,11.7098],[107.8947,11.7098],[107.8958,11.7101],[107.8996,11.7084],[107.9032,11.708],[107.9056,11.7085],[107.9073,11.7085],[107.9092,11.7101],[107.9108,11.7101],[107.9117,11.7093],[107.9149,11.7083],[107.9165,11.7088],[107.9174,11.71],[107.9185,11.7127],[107.9215,11.7148],[107.9267,11.7156],[107.9284,11.7149],[107.9289,11.7122],[107.9299,11.711],[107.9335,11.7104],[107.9345,11.7091],[107.9352,11.7071],[107.9349,11.705],[107.9352,11.702],[107.9361,11.7003],[107.9393,11.6988],[107.9414,11.6989],[107.9456,11.6988],[107.949,11.7005],[107.9526,11.7013],[107.9543,11.7011],[107.9567,11.6994],[107.9583,11.6973],[107.9585,11.6941],[107.9592,11.6932],[107.9615,11.6916],[107.9632,11.6889],[107.9646,11.6884],[107.9659,11.687],[107.967,11.6867],[107.9678,11.6847],[107.9658,11.6811],[107.963,11.6792],[107.9611,11.6775],[107.9588,11.6764],[107.9565,11.6728],[107.955,11.6725],[107.9536,11.6712],[107.9513,11.6684],[107.9512,11.6675],[107.949,11.6666],[107.9477,11.6646],[107.9452,11.6633],[107.9441,11.6615],[107.941,11.6617],[107.9377,11.6598],[107.9352,11.6595],[107.9329,11.6606],[107.9308,11.6595],[107.9289,11.6592],[107.9241,11.661],[107.9235,11.6622],[107.9204,11.6634],[107.9165,11.6627],[107.9161,11.6615],[107.9141,11.6615],[107.9124,11.6611],[107.9092,11.6596],[107.9071,11.658],[107.9069,11.6566],[107.9059,11.6558],[107.9042,11.6556],[107.9031,11.6567],[107.9021,11.656],[107.9,11.6558],[107.8983,11.6568],[107.8908,11.6537],[107.8889,11.6517],[107.888,11.65],[107.8859,11.6481],[107.8862,11.6455],[107.8846,11.6444],[107.8854,11.643],[107.8848,11.6424],[107.885,11.6405],[107.8843,11.6392],[107.8844,11.6372],[107.8865,11.6353],[107.8873,11.6354],[107.8881,11.6336],[107.8872,11.6326],[107.8879,11.6306],[107.8894,11.6308],[107.89,11.6299],[107.892,11.6291],[107.8928,11.6273],[107.8923,11.6256],[107.894,11.6258],[107.895,11.6249],[107.8976,11.6252],[107.8996,11.624],[107.9018,11.6212],[107.9012,11.6176],[107.9011,11.6126],[107.9009,11.6112],[107.8994,11.6069],[107.8974,11.6028],[107.8968,11.5995],[107.8959,11.5985],[107.8962,11.5965],[107.8937,11.5945],[107.8914,11.5957],[107.8901,11.596],[107.8895,11.5972],[107.8911,11.5998],[107.8894,11.6014],[107.8887,11.6025],[107.8852,11.6028],[107.8841,11.6008],[107.882,11.6011],[107.8801,11.6031],[107.8797,11.6011],[107.8771,11.5997],[107.8762,11.6003],[107.8747,11.5987],[107.8732,11.5992],[107.872,11.5983],[107.8697,11.5993],[107.867,11.602],[107.864,11.6015],[107.8634,11.6036],[107.8601,11.6041],[107.8594,11.6032],[107.8569,11.6032],[107.8553,11.6039],[107.8525,11.6039],[107.8496,11.6044],[107.8473,11.6056],[107.8442,11.6056],[107.8442,11.6001],[107.8435,11.5962],[107.8414,11.5964],[107.8397,11.5952],[107.837,11.5948],[107.836,11.5939],[107.8355,11.5923],[107.8334,11.594],[107.8301,11.5983],[107.829,11.5988],[107.8289,11.5999],[107.8256,11.6021],[107.8239,11.6024],[107.8221,11.604],[107.8211,11.6032],[107.8179,11.6034],[107.8156,11.6044],[107.8138,11.6025],[107.8138,11.6017],[107.8123,11.5993],[107.8102,11.5977],[107.8077,11.5979]]]},"properties":{"name":"Bảo Lâm 1","level":"ward"}},{"type":"Feature","geometry":{"type":"Polygon","coordinates":[[[107.6619,11.8869],[107.6652,11.8881],[107.6689,11.8861],[107.6728,11.8856],[107.6753,11.8871],[107.6777,11.8902],[107.6752,11.8926],[107.6731,11.8937],[107.6714,11.8952],[107.6716,11.8968],[107.6746,11.9006],[107.6753,11.9023],[107.6754,11.9047],[107.6747,11.9064],[107.6743,11.9088],[107.6724,11.9113],[107.6733,11.9134],[107.6759,11.9144],[107.6792,11.9147],[107.6829,11.9154],[107.6852,11.9163],[107.6887,11.9201],[107.6929,11.9184],[107.6984,11.9171],[107.7001,11.916],[107.7017,11.9161],[107.7026,11.9169],[107.7046,11.9198],[107.7067,11.9218],[107.7091,11.9224],[107.7118,11.9218],[107.7127,11.9211],[107.7193,11.9186],[107.7218,11.9166],[107.7229,11.916],[107.727,11.9154],[107.7283,11.9151],[107.731,11.9113],[107.7325,11.9083],[107.7336,11.9024],[107.7328,11.901],[107.7295,11.8998],[107.7258,11.9004],[107.7242,11.9001],[107.723,11.8984],[107.7239,11.8966],[107.726,11.8948],[107.7265,11.8937],[107.7268,11.8905],[107.7263,11.8878],[107.727,11.8864],[107.73,11.8839],[107.7324,11.8814],[107.7321,11.8792],[107.7307,11.8783],[107.7276,11.8774],[107.7262,11.8763],[107.7261,11.8736],[107.7267,11.8714],[107.7293,11.8696],[107.732,11.8711],[107.7334,11.8735],[107.7335,11.8748],[107.738,11.8734],[107.7425,11.8697],[107.7454,11.868],[107.7511,11.8674],[107.752,11.8669],[107.7553,11.863],[107.7603,11.86],[107.761,11.8577],[107.7627,11.8562],[107.7647,11.8553],[107.7676,11.8545],[107.7693,11.8533],[107.7707,11.8514],[107.7693,11.8476],[107.7715,11.8463],[107.7725,11.8445],[107.7724,11.8426],[107.7731,11.8412],[107.7723,11.8395],[107.7731,11.8371],[107.7739,11.8325],[107.7749,11.8303],[107.7741,11.8295],[107.7742,11.8274],[107.7709,11.824],[107.7692,11.821],[107.7663,11.8182],[107.765,11.8151],[107.765,11.8143],[107.7637,11.8101],[107.7632,11.8074],[107.7622,11.8062],[107.7606,11.8054],[107.7591,11.8037],[107.7596,11.8013],[107.7593,11.7984],[107.7586,11.7957],[107.7563,11.7897],[107.752,11.7791],[107.7509,11.7786],[107.7509,11.7749],[107.7487,11.7726],[107.7486,11.771],[107.7474,11.7687],[107.7499,11.7655],[107.7494,11.7629],[107.7482,11.762],[107.7479,11.7606],[107.746,11.759],[107.7444,11.7583],[107.7428,11.7587],[107.7418,11.7574],[107.7402,11.7563],[107.7376,11.7554],[107.7376,11.7548],[107.7391,11.7531],[107.7393,11.7522],[107.7369,11.7515],[107.7361,11.7502],[107.7365,11.7478],[107.7353,11.7448],[107.7339,11.7445],[107.7326,11.7434],[107.7316,11.7401],[107.7297,11.7367],[107.7303,11.7352],[107.7301,11.7338],[107.7282,11.7318],[107.7266,11.733],[107.7255,11.733],[107.7234,11.7311],[107.7224,11.7318],[107.721,11.7299],[107.7211,11.7276],[107.7196,11.7257],[107.7193,11.7245],[107.7204,11.7241],[107.7207,11.7214],[107.7193,11.7202],[107.719,11.7189],[107.7199,11.716],[107.7199,11.7128],[107.7184,11.7098],[107.7162,11.7093],[107.7155,11.7076],[107.7157,11.7062],[107.7146,11.7053],[107.7122,11.7047],[107.7095,11.7023],[107.7074,11.7013],[107.7088,11.6992],[107.709,11.6974],[107.7076,11.6957],[107.7081,11.6939],[107.7076,11.6923],[107.7054,11.6913],[107.7044,11.6901],[107.7028,11.6904],[107.699,11.6901],[107.6963,11.6896],[107.6949,11.6883],[107.6923,11.6878],[107.6909,11.685],[107.6931,11.6834],[107.6937,11.6815],[107.6935,11.6804],[107.6943,11.6789],[107.6941,11.6774],[107.6928,11.6766],[107.6904,11.676],[107.6878,11.6724],[107.6883,11.6707],[107.6867,11.6698],[107.6849,11.6702],[107.6836,11.6687],[107.6814,11.6682],[107.6805,11.6656],[107.6791,11.6641],[107.6774,11.6642],[107.6762,11.6629],[107.6743,11.6621],[107.6727,11.6623],[107.6711,11.66],[107.6714,11.6576],[107.6693,11.6567],[107.6661,11.6578],[107.6625,11.6598],[107.6599,11.6606],[107.6561,11.6605],[107.6552,11.6611],[107.6531,11.6606],[107.6529,11.6595],[107.6508,11.6598],[107.651,11.6613],[107.6487,11.6631],[107.6474,11.6614],[107.6455,11.6581],[107.644,11.6575],[107.642,11.6583],[107.6396,11.66],[107.6375,11.6601],[107.6354,11.6596],[107.6268,11.6629],[107.6215,11.6647],[107.6195,11.6683],[107.6166,11.6688],[107.6142,11.6701],[107.6088,11.6712],[107.6069,11.6714],[107.6043,11.6739],[107.5976,11.6764],[107.5968,11.6784],[107.5957,11.6788],[107.5926,11.6786],[107.5835,11.6785],[107.5814,11.6798],[107.5809,11.6809],[107.5785,11.6829],[107.5758,11.6834],[107.5745,11.6854],[107.5724,11.6829],[107.5713,11.6831],[107.5702,11.6814],[107.5696,11.6823],[107.5713,11.6843],[107.5692,11.6842],[107.5678,11.6832],[107.5666,11.6834],[107.5655,11.6847],[107.564,11.6854],[107.5634,11.6863],[107.5616,11.6869],[107.5603,11.6883],[107.5594,11.6879],[107.5545,11.6895],[107.5542,11.6884],[107.5527,11.6886],[107.5529,11.6897],[107.5521,11.6923],[107.5524,11.6933],[107.5511,11.6943],[107.5484,11.694],[107.5455,11.6931],[107.5437,11.6912],[107.5423,11.6918],[107.5415,11.693],[107.5384,11.6935],[107.5358,11.6957],[107.5351,11.6958],[107.5252,11.692],[107.5244,11.6906],[107.5232,11.6908],[107.5187,11.6922],[107.5152,11.693],[107.514,11.6929],[107.5127,11.6935],[107.5101,11.6937],[107.5076,11.6919],[107.5066,11.6921],[107.5048,11.6942],[107.5032,11.6947],[107.5018,11.6935],[107.5005,11.6918],[107.4984,11.6912],[107.4968,11.6929],[107.4908,11.6978],[107.4884,11.6998],[107.4852,11.7045],[107.4838,11.7059],[107.4887,11.7034],[107.4903,11.7015],[107.4913,11.7029],[107.4895,11.7039],[107.4915,11.7067],[107.4906,11.7084],[107.4913,11.7099],[107.4895,11.7122],[107.4905,11.713],[107.4928,11.7125],[107.4946,11.7132],[107.4942,11.7154],[107.4933,11.7178],[107.4918,11.7191],[107.4901,11.7198],[107.4902,11.7219],[107.4908,11.7237],[107.4905,11.7259],[107.491,11.7267],[107.4894,11.73],[107.4895,11.7327],[107.4907,11.7337],[107.4899,11.7353],[107.4909,11.7363],[107.4906,11.7372],[107.4912,11.7392],[107.4919,11.7394],[107.4928,11.7427],[107.4942,11.7437],[107.4963,11.7459],[107.4977,11.7454],[107.4987,11.7467],[107.4988,11.7479],[107.4996,11.7494],[107.5011,11.7508],[107.5023,11.7543],[107.5031,11.7551],[107.5044,11.7578],[107.509,11.7604],[107.51,11.7655],[107.5104,11.7667],[107.5139,11.7691],[107.514,11.771],[107.5136,11.7721],[107.5139,11.7742],[107.5148,11.7745],[107.516,11.7761],[107.5157,11.7768],[107.518,11.7775],[107.5208,11.7807],[107.5191,11.7809],[107.5189,11.7837],[107.5174,11.7863],[107.5175,11.7876],[107.5166,11.7893],[107.5159,11.792],[107.5161,11.7937],[107.515,11.7935],[107.512,11.7946],[107.5118,11.7958],[107.5103,11.7978],[107.5144,11.7988],[107.5168,11.7996],[107.5192,11.7993],[107.5249,11.7973],[107.5285,11.7993],[107.5308,11.7976],[107.5337,11.7967],[107.5366,11.7972],[107.5397,11.7949],[107.5429,11.792],[107.543,11.7899],[107.544,11.7893],[107.5473,11.7898],[107.5517,11.7909],[107.5528,11.7923],[107.5551,11.7939],[107.5563,11.7973],[107.5596,11.802],[107.5611,11.8046],[107.563,11.8072],[107.5648,11.8091],[107.5669,11.8106],[107.5697,11.812],[107.5709,11.8129],[107.5743,11.8157],[107.5754,11.8173],[107.5773,11.8206],[107.5787,11.8218],[107.5819,11.8227],[107.5883,11.8262],[107.5916,11.8265],[107.5931,11.8273],[107.5955,11.8296],[107.5983,11.8316],[107.6031,11.8357],[107.6048,11.8382],[107.6063,11.8387],[107.6083,11.8387],[107.6101,11.8399],[107.6113,11.8397],[107.6131,11.8383],[107.6142,11.8379],[107.6181,11.838],[107.6193,11.8396],[107.6204,11.8423],[107.6206,11.8438],[107.62,11.8465],[107.6212,11.8488],[107.6247,11.8517],[107.6257,11.8533],[107.627,11.8564],[107.626,11.86],[107.6264,11.8616],[107.6284,11.8643],[107.6295,11.8654],[107.6318,11.8666],[107.6337,11.8671],[107.6365,11.866],[107.6392,11.8657],[107.6407,11.8667],[107.6433,11.8699],[107.646,11.8729],[107.6492,11.8751],[107.6537,11.8766],[107.6551,11.8765],[107.6578,11.8756],[107.6596,11.8762],[107.6601,11.8776],[107.6591,11.8817],[107.6609,11.8856],[107.6619,11.8869]]]},"properties":{"name":"Bảo Lâm 5","level":"ward"}},{"type":"Feature","geometry":{"type":"Polygon","coordinates":[[[107.7707,11.8514],[107.7714,11.85],[107.7736,11.8491],[107.7767,11.8518],[107.7794,11.8525],[107.7823,11.8536],[107.784,11.8566],[107.7851,11.8581],[107.7883,11.8601],[107.7916,11.861],[107.7949,11.8607],[107.8003,11.8594],[107.8013,11.8594],[107.8047,11.8604],[107.8083,11.8612],[107.8094,11.8623],[107.8116,11.8665],[107.8123,11.8673],[107.8143,11.8678],[107.8166,11.8666],[107.8201,11.8637],[107.8227,11.8627],[107.8236,11.8628],[107.8243,11.8642],[107.8247,11.8693],[107.8261,11.8732],[107.8276,11.8755],[107.8301,11.8767],[107.8341,11.8772],[107.8367,11.877],[107.8382,11.8755],[107.8386,11.8744],[107.8387,11.8703],[107.8405,11.8689],[107.843,11.8686],[107.8459,11.8692],[107.8487,11.8703],[107.8513,11.8731],[107.8528,11.874],[107.8555,11.874],[107.8579,11.873],[107.8608,11.8737],[107.8622,11.8737],[107.8647,11.8727],[107.8667,11.8723],[107.8687,11.8738],[107.8702,11.8744],[107.8748,11.8733],[107.8772,11.8723],[107.8804,11.8722],[107.8837,11.8738],[107.8855,11.8729],[107.8881,11.873],[107.8901,11.8708],[107.8926,11.871],[107.8978,11.8662],[107.9009,11.8496],[107.8914,11.8411],[107.8898,11.8312],[107.8932,11.8165],[107.8969,11.8112],[107.8966,11.8061],[107.8967,11.7992],[107.8969,11.797],[107.8967,11.7928],[107.8974,11.7913],[107.8985,11.7904],[107.9007,11.7896],[107.9037,11.7874],[107.904,11.7856],[107.9051,11.7841],[107.9054,11.7827],[107.9063,11.7815],[107.9061,11.7803],[107.9044,11.7797],[107.9039,11.7778],[107.9028,11.777],[107.9031,11.7755],[107.905,11.7731],[107.9044,11.7722],[107.9053,11.7704],[107.9065,11.7697],[107.9093,11.7697],[107.9112,11.77],[107.9132,11.7698],[107.9138,11.7686],[107.9125,11.7674],[107.913,11.7658],[107.9107,11.766],[107.9115,11.764],[107.9109,11.7619],[107.9093,11.7611],[107.9077,11.7612],[107.906,11.7592],[107.9048,11.7594],[107.9048,11.7578],[107.9039,11.7551],[107.9059,11.7544],[107.908,11.7552],[107.9102,11.7543],[107.9102,11.752],[107.9112,11.751],[107.9125,11.7508],[107.9134,11.7486],[107.9129,11.7462],[107.915,11.7454],[107.9162,11.7436],[107.9159,11.7415],[107.9175,11.7383],[107.9175,11.7368],[107.9194,11.7344],[107.9209,11.7335],[107.9223,11.7339],[107.9232,11.7313],[107.9261,11.7324],[107.9276,11.7319],[107.9295,11.7307],[107.9303,11.7311],[107.9321,11.7307],[107.9332,11.7315],[107.9358,11.7313],[107.9367,11.7302],[107.9383,11.7297],[107.9395,11.73],[107.9411,11.7291],[107.9423,11.7296],[107.9447,11.7291],[107.949,11.7264],[107.9495,11.7229],[107.9501,11.721],[107.9515,11.7205],[107.9534,11.7187],[107.9535,11.7176],[107.9545,11.7164],[107.9575,11.7139],[107.9595,11.7111],[107.9613,11.7095],[107.9617,11.7071],[107.9632,11.7037],[107.9642,11.6987],[107.9635,11.6982],[107.9638,11.6949],[107.9642,11.6942],[107.9644,11.6907],[107.967,11.6867],[107.9659,11.687],[107.9646,11.6884],[107.9632,11.6889],[107.9615,11.6916],[107.9592,11.6932],[107.9585,11.6941],[107.9583,11.6973],[107.9567,11.6994],[107.9543,11.7011],[107.9526,11.7013],[107.949,11.7005],[107.9456,11.6988],[107.9414,11.6989],[107.9393,11.6988],[107.9361,11.7003],[107.9352,11.702],[107.9349,11.705],[107.9352,11.7071],[107.9345,11.7091],[107.9335,11.7104],[107.9299,11.711],[107.9289,11.7122],[107.9284,11.7149],[107.9267,11.7156],[107.9215,11.7148],[107.9185,11.7127],[107.9174,11.71],[107.9165,11.7088],[107.9149,11.7083],[107.9117,11.7093],[107.9108,11.7101],[107.9092,11.7101],[107.9073,11.7085],[107.9056,11.7085],[107.9032,11.708],[107.8996,11.7084],[107.8958,11.7101],[107.8947,11.7098],[107.8922,11.7098],[107.8905,11.7111],[107.8889,11.7107],[107.8885,11.7096],[107.8868,11.7085],[107.8832,11.7075],[107.8803,11.7088],[107.8771,11.7079],[107.8773,11.7112],[107.8766,11.7144],[107.8774,11.7162],[107.8762,11.7196],[107.875,11.7211],[107.875,11.723],[107.8756,11.724],[107.8771,11.7242],[107.8786,11.7258],[107.8798,11.7285],[107.8794,11.7291],[107.8788,11.734],[107.8753,11.7329],[107.8726,11.7305],[107.8722,11.7283],[107.8707,11.7279],[107.8694,11.7264],[107.8681,11.7257],[107.8678,11.7283],[107.8668,11.73],[107.8643,11.73],[107.8628,11.7316],[107.8612,11.7343],[107.8624,11.7352],[107.8623,11.7365],[107.8646,11.7376],[107.8669,11.7403],[107.8672,11.7436],[107.866,11.7442],[107.8663,11.7456],[107.8641,11.7454],[107.8633,11.7439],[107.8604,11.7448],[107.8604,11.7457],[107.8583,11.7471],[107.8579,11.7457],[107.8562,11.7452],[107.8551,11.7456],[107.8534,11.7443],[107.8522,11.7443],[107.852,11.7431],[107.8506,11.7433],[107.8498,11.7418],[107.8487,11.7411],[107.8496,11.7396],[107.8485,11.7373],[107.8486,11.7364],[107.8473,11.7356],[107.8474,11.7344],[107.8453,11.7341],[107.8454,11.7323],[107.8465,11.7312],[107.8455,11.7284],[107.8464,11.7279],[107.8448,11.7262],[107.8439,11.7246],[107.8429,11.7241],[107.8419,11.7228],[107.8403,11.7216],[107.8398,11.7206],[107.8371,11.7199],[107.8366,11.7206],[107.8349,11.7199],[107.8336,11.7212],[107.8318,11.7206],[107.8315,11.7197],[107.8285,11.7209],[107.8281,11.7192],[107.829,11.7183],[107.8254,11.7152],[107.8243,11.7157],[107.8224,11.7146],[107.8204,11.714],[107.8203,11.7121],[107.8182,11.7078],[107.8159,11.7087],[107.8133,11.7091],[107.8131,11.708],[107.8138,11.7059],[107.8157,11.7024],[107.814,11.7002],[107.8126,11.6995],[107.8116,11.6981],[107.8115,11.6969],[107.8094,11.6939],[107.8094,11.6929],[107.8079,11.6922],[107.8059,11.6903],[107.8103,11.6886],[107.8106,11.6862],[107.8091,11.6868],[107.8071,11.6867],[107.8071,11.6836],[107.8077,11.6813],[107.8056,11.6803],[107.804,11.6804],[107.8032,11.6798],[107.7996,11.679],[107.7972,11.68],[107.7968,11.6812],[107.7956,11.6811],[107.7918,11.6827],[107.7909,11.684],[107.7897,11.6843],[107.787,11.6837],[107.7852,11.6853],[107.7835,11.6874],[107.7811,11.6887],[107.7798,11.6901],[107.7774,11.6895],[107.7721,11.6865],[107.7706,11.6847],[107.77,11.6832],[107.7705,11.681],[107.7723,11.6803],[107.7715,11.6743],[107.77,11.6718],[107.7703,11.671],[107.7742,11.6695],[107.7752,11.6685],[107.7766,11.6639],[107.7782,11.6613],[107.7787,11.6592],[107.7767,11.658],[107.7751,11.6589],[107.7734,11.659],[107.7735,11.6611],[107.771,11.6629],[107.7646,11.6628],[107.7641,11.6608],[107.7631,11.6609],[107.7631,11.6625],[107.7594,11.664],[107.7578,11.6613],[107.7562,11.6599],[107.7553,11.6597],[107.754,11.6614],[107.7506,11.6628],[107.7498,11.6641],[107.7469,11.6637],[107.7466,11.6622],[107.7457,11.6615],[107.7442,11.6626],[107.7419,11.6629],[107.7402,11.6643],[107.7355,11.6655],[107.7346,11.6672],[107.735,11.6677],[107.7333,11.6696],[107.7293,11.6682],[107.7288,11.6693],[107.7258,11.6678],[107.7237,11.6674],[107.7223,11.6665],[107.7237,11.6654],[107.7242,11.6641],[107.7232,11.6632],[107.7242,11.661],[107.7261,11.6607],[107.7257,11.6589],[107.7264,11.658],[107.7255,11.6564],[107.7275,11.6553],[107.7279,11.6533],[107.7279,11.6523],[107.726,11.6522],[107.724,11.6555],[107.7219,11.6557],[107.721,11.6565],[107.7185,11.6559],[107.7165,11.6583],[107.715,11.6584],[107.7136,11.6593],[107.7113,11.6601],[107.7093,11.6604],[107.7074,11.6598],[107.7048,11.6604],[107.7031,11.6614],[107.7015,11.6614],[107.6991,11.6625],[107.6976,11.6638],[107.6968,11.6639],[107.6942,11.666],[107.6935,11.6663],[107.6914,11.6634],[107.693,11.6622],[107.6954,11.6591],[107.6949,11.6569],[107.6922,11.6574],[107.6871,11.6567],[107.6808,11.6579],[107.6758,11.6582],[107.6714,11.6576],[107.6711,11.66],[107.6727,11.6623],[107.6743,11.6621],[107.6762,11.6629],[107.6774,11.6642],[107.6791,11.6641],[107.6805,11.6656],[107.6814,11.6682],[107.6836,11.6687],[107.6849,11.6702],[107.6867,11.6698],[107.6883,11.6707],[107.6878,11.6724],[107.6904,11.676],[107.6928,11.6766],[107.6941,11.6774],[107.6943,11.6789],[107.6935,11.6804],[107.6937,11.6815],[107.6931,11.6834],[107.6909,11.685],[107.6923,11.6878],[107.6949,11.6883],[107.6963,11.6896],[107.699,11.6901],[107.7028,11.6904],[107.7044,11.6901],[107.7054,11.6913],[107.7076,11.6923],[107.7081,11.6939],[107.7076,11.6957],[107.709,11.6974],[107.7088,11.6992],[107.7074,11.7013],[107.7095,11.7023],[107.7122,11.7047],[107.7146,11.7053],[107.7157,11.7062],[107.7155,11.7076],[107.7162,11.7093],[107.7184,11.7098],[107.7199,11.7128],[107.7199,11.716],[107.719,11.7189],[107.7193,11.7202],[107.7207,11.7214],[107.7204,11.7241],[107.7193,11.7245],[107.7196,11.7257],[107.7211,11.7276],[107.721,11.7299],[107.7224,11.7318],[107.7234,11.7311],[107.7255,11.733],[107.7266,11.733],[107.7282,11.7318],[107.7301,11.7338],[107.7303,11.7352],[107.7297,11.7367],[107.7316,11.7401],[107.7326,11.7434],[107.7339,11.7445],[107.7353,11.7448],[107.7365,11.7478],[107.7361,11.7502],[107.7369,11.7515],[107.7393,11.7522],[107.7391,11.7531],[107.7376,11.7548],[107.7376,11.7554],[107.7402,11.7563],[107.7418,11.7574],[107.7428,11.7587],[107.7444,11.7583],[107.746,11.759],[107.7479,11.7606],[107.7482,11.762],[107.7494,11.7629],[107.7499,11.7655],[107.7474,11.7687],[107.7486,11.771],[107.7487,11.7726],[107.7509,11.7749],[107.7509,11.7786],[107.752,11.7791],[107.7563,11.7897],[107.7586,11.7957],[107.7593,11.7984],[107.7596,11.8013],[107.7591,11.8037],[107.7606,11.8054],[107.7622,11.8062],[107.7632,11.8074],[107.7637,11.8101],[107.765,11.8143],[107.765,11.8151],[107.7663,11.8182],[107.7692,11.821],[107.7709,11.824],[107.7742,11.8274],[107.7741,11.8295],[107.7749,11.8303],[107.7739,11.8325],[107.7731,11.8371],[107.7723,11.8395],[107.7731,11.8412],[107.7724,11.8426],[107.7725,11.8445],[107.7715,11.8463],[107.7693,11.8476],[107.7707,11.8514]]]},"properties":{"name":"Bảo Lâm 4","level":"ward"}},{"type":"Feature","geometry":{"type":"Polygon","coordinates":[[[107.8787,11.5602],[107.8806,11.562],[107.8785,11.5631],[107.8775,11.5642],[107.8804,11.5662],[107.8825,11.5664],[107.8826,11.5671],[107.88,11.5683],[107.8802,11.5692],[107.8832,11.5701],[107.882,11.5721],[107.8808,11.5732],[107.8799,11.5748],[107.8811,11.5761],[107.8824,11.5765],[107.8828,11.5778],[107.8848,11.5783],[107.8856,11.5796],[107.887,11.5793],[107.8873,11.5813],[107.8886,11.5814],[107.8894,11.5836],[107.8888,11.5854],[107.8906,11.5861],[107.8897,11.5875],[107.8903,11.5918],[107.8918,11.5936],[107.8938,11.5935],[107.8937,11.5945],[107.8962,11.5965],[107.8959,11.5985],[107.8968,11.5995],[107.8974,11.6028],[107.8994,11.6069],[107.9009,11.6112],[107.9011,11.6126],[107.9012,11.6176],[107.9018,11.6212],[107.8996,11.624],[107.8976,11.6252],[107.895,11.6249],[107.894,11.6258],[107.8923,11.6256],[107.8928,11.6273],[107.892,11.6291],[107.89,11.6299],[107.8894,11.6308],[107.8879,11.6306],[107.8872,11.6326],[107.8881,11.6336],[107.8873,11.6354],[107.8865,11.6353],[107.8844,11.6372],[107.8843,11.6392],[107.885,11.6405],[107.8848,11.6424],[107.8854,11.643],[107.8846,11.6444],[107.8862,11.6455],[107.8859,11.6481],[107.888,11.65],[107.8889,11.6517],[107.8908,11.6537],[107.8983,11.6568],[107.9,11.6558],[107.9021,11.656],[107.9031,11.6567],[107.9042,11.6556],[107.9059,11.6558],[107.9069,11.6566],[107.9071,11.658],[107.9092,11.6596],[107.9124,11.6611],[107.9141,11.6615],[107.9161,11.6615],[107.9165,11.6627],[107.9204,11.6634],[107.9235,11.6622],[107.9241,11.661],[107.9289,11.6592],[107.9308,11.6595],[107.9329,11.6606],[107.9352,11.6595],[107.9377,11.6598],[107.941,11.6617],[107.9441,11.6615],[107.9454,11.6602],[107.946,11.6586],[107.9471,11.6574],[107.9462,11.6546],[107.9454,11.653],[107.9459,11.6519],[107.9444,11.65],[107.9457,11.6478],[107.9431,11.6469],[107.9416,11.6467],[107.9404,11.6433],[107.9409,11.6405],[107.9402,11.6393],[107.9387,11.6387],[107.9342,11.635],[107.934,11.6336],[107.9349,11.6305],[107.9362,11.6283],[107.9338,11.6267],[107.9349,11.6215],[107.9344,11.6196],[107.9364,11.618],[107.9365,11.6168],[107.9391,11.6147],[107.9396,11.6111],[107.9393,11.6091],[107.9402,11.6079],[107.9404,11.6062],[107.94,11.6038],[107.9387,11.6028],[107.9356,11.6017],[107.9343,11.6022],[107.9332,11.6011],[107.9334,11.6001],[107.9356,11.5987],[107.9354,11.5969],[107.9341,11.5952],[107.9352,11.5942],[107.9354,11.5913],[107.9364,11.5903],[107.9361,11.5889],[107.9346,11.5886],[107.9344,11.5869],[107.9335,11.5869],[107.9322,11.5848],[107.9322,11.5834],[107.931,11.5836],[107.9294,11.583],[107.9294,11.5815],[107.9278,11.5815],[107.9273,11.5797],[107.9282,11.5786],[107.9269,11.577],[107.9277,11.576],[107.9264,11.5739],[107.9264,11.5725],[107.928,11.5722],[107.9285,11.5736],[107.9317,11.5746],[107.9342,11.5738],[107.9346,11.575],[107.9364,11.5744],[107.9383,11.5753],[107.9398,11.5751],[107.9398,11.5742],[107.9419,11.5733],[107.9442,11.5714],[107.944,11.57],[107.9427,11.5677],[107.9412,11.5664],[107.9372,11.5663],[107.9307,11.5633],[107.9308,11.5625],[107.9339,11.5616],[107.9361,11.562],[107.9364,11.5597],[107.9383,11.5591],[107.9384,11.5569],[107.9373,11.5528],[107.9383,11.5527],[107.9382,11.55],[107.9376,11.5469],[107.9337,11.5477],[107.9283,11.5471],[107.9273,11.5474],[107.9268,11.5454],[107.9279,11.5437],[107.9286,11.5411],[107.9305,11.5385],[107.9308,11.5366],[107.9314,11.5359],[107.9282,11.5342],[107.9245,11.5303],[107.9211,11.5288],[107.92,11.5288],[107.9203,11.5267],[107.9195,11.5256],[107.917,11.5242],[107.9172,11.5218],[107.9163,11.5201],[107.917,11.5179],[107.9168,11.5136],[107.9158,11.512],[107.9165,11.5107],[107.9184,11.5091],[107.917,11.508],[107.9185,11.5062],[107.919,11.505],[107.9181,11.4999],[107.9168,11.501],[107.9168,11.5028],[107.9155,11.503],[107.9144,11.5007],[107.9129,11.5021],[107.9129,11.5037],[107.9117,11.5054],[107.9098,11.5055],[107.9083,11.5021],[107.9074,11.503],[107.9068,11.5057],[107.9054,11.5055],[107.9043,11.5068],[107.9037,11.505],[107.9008,11.5048],[107.9013,11.5063],[107.8983,11.5069],[107.8982,11.5044],[107.8976,11.5041],[107.8953,11.5042],[107.8942,11.5007],[107.8935,11.5005],[107.8914,11.5017],[107.8884,11.5045],[107.8861,11.5036],[107.8874,11.502],[107.8851,11.4966],[107.8844,11.4923],[107.8847,11.4908],[107.8864,11.4891],[107.8871,11.4872],[107.8862,11.4855],[107.8863,11.4839],[107.8845,11.4828],[107.8841,11.4817],[107.882,11.4778],[107.8823,11.4767],[107.8809,11.4763],[107.8796,11.4744],[107.8792,11.473],[107.8776,11.4723],[107.8751,11.4736],[107.874,11.4724],[107.8749,11.4698],[107.8764,11.4679],[107.8768,11.4665],[107.878,11.4655],[107.8776,11.4637],[107.8781,11.4622],[107.8776,11.4585],[107.8781,11.4572],[107.8778,11.4562],[107.8788,11.4546],[107.8786,11.453],[107.8771,11.4529],[107.8754,11.4502],[107.877,11.4481],[107.877,11.445],[107.8793,11.4404],[107.8791,11.4391],[107.8801,11.4377],[107.8798,11.4369],[107.8772,11.4351],[107.8763,11.434],[107.8749,11.4338],[107.8736,11.4346],[107.8718,11.4343],[107.8711,11.4351],[107.8698,11.4346],[107.8681,11.4348],[107.867,11.4339],[107.8646,11.4356],[107.8619,11.4392],[107.8611,11.4393],[107.8583,11.4386],[107.8557,11.4404],[107.8539,11.4408],[107.8545,11.442],[107.8572,11.4417],[107.8584,11.4431],[107.8588,11.4449],[107.8584,11.4467],[107.8576,11.4474],[107.8537,11.4492],[107.853,11.4504],[107.8526,11.4578],[107.8507,11.4605],[107.8507,11.461],[107.8525,11.463],[107.8553,11.4628],[107.8566,11.4622],[107.8575,11.4628],[107.858,11.4652],[107.8544,11.4652],[107.8533,11.4667],[107.8547,11.4683],[107.8577,11.4704],[107.8574,11.4724],[107.8552,11.4744],[107.8536,11.4768],[107.8514,11.4778],[107.8488,11.4804],[107.8471,11.4834],[107.845,11.4854],[107.8445,11.4867],[107.8444,11.489],[107.8457,11.4904],[107.8468,11.4899],[107.8473,11.4881],[107.8483,11.4888],[107.8494,11.4946],[107.85,11.4958],[107.8506,11.4984],[107.8491,11.5006],[107.8467,11.5005],[107.846,11.5027],[107.8462,11.5038],[107.8475,11.5043],[107.8498,11.503],[107.8514,11.5037],[107.853,11.5034],[107.8551,11.5053],[107.857,11.5063],[107.8562,11.5083],[107.8561,11.5099],[107.8568,11.5104],[107.8586,11.51],[107.8592,11.5091],[107.8581,11.5067],[107.8592,11.5056],[107.863,11.508],[107.8645,11.5085],[107.8662,11.5082],[107.8666,11.5093],[107.8648,11.5105],[107.8645,11.5119],[107.8668,11.5145],[107.8688,11.5152],[107.8713,11.5149],[107.8714,11.5136],[107.8704,11.5117],[107.8705,11.5102],[107.8715,11.5093],[107.8741,11.509],[107.8757,11.5107],[107.8775,11.5119],[107.8796,11.5152],[107.882,11.5166],[107.8834,11.5189],[107.8839,11.5204],[107.8837,11.5219],[107.8826,11.5229],[107.8811,11.5224],[107.88,11.5228],[107.8798,11.5238],[107.8807,11.5258],[107.8797,11.5269],[107.8777,11.5266],[107.8771,11.5271],[107.8767,11.5292],[107.8776,11.5293],[107.8792,11.5285],[107.8805,11.53],[107.8789,11.5315],[107.8768,11.5316],[107.878,11.5334],[107.8779,11.5346],[107.8767,11.5366],[107.8748,11.5373],[107.8747,11.5385],[107.8737,11.539],[107.871,11.5384],[107.8691,11.5393],[107.8669,11.5412],[107.8675,11.542],[107.8699,11.5421],[107.8711,11.5409],[107.8717,11.5422],[107.8693,11.5429],[107.8711,11.545],[107.8701,11.5461],[107.8712,11.5469],[107.8722,11.5458],[107.8731,11.5466],[107.8728,11.5496],[107.8735,11.5512],[107.8775,11.553],[107.8781,11.5544],[107.8798,11.5571],[107.8787,11.5602]]]},"properties":{"name":"Bảo Lâm 2","level":"ward"}},{"type":"Feature","geometry":{"type":"Polygon","coordinates":[[[107.9285,11.3601],[107.9095,11.3635],[107.8858,11.3656],[107.8636,11.3672],[107.8336,11.3698],[107.8302,11.3698],[107.8228,11.3708],[107.8175,11.3708],[107.8041,11.3712],[107.7989,11.3711],[107.7968,11.3724],[107.7972,11.3747],[107.797,11.3763],[107.796,11.377],[107.7966,11.3781],[107.7961,11.3795],[107.7969,11.3804],[107.7961,11.3824],[107.7952,11.3831],[107.7955,11.3862],[107.7986,11.3881],[107.7979,11.3897],[107.7982,11.3911],[107.7992,11.3924],[107.7985,11.3939],[107.7981,11.3968],[107.7975,11.3979],[107.7957,11.3977],[107.7949,11.3997],[107.7922,11.3993],[107.7905,11.4005],[107.789,11.3996],[107.7889,11.3987],[107.7859,11.399],[107.7845,11.3995],[107.7827,11.3989],[107.7808,11.4004],[107.7805,11.4021],[107.7794,11.4024],[107.7781,11.4039],[107.778,11.4052],[107.7761,11.406],[107.7726,11.4093],[107.7714,11.4111],[107.7709,11.4133],[107.7687,11.4149],[107.7669,11.4156],[107.7687,11.4176],[107.769,11.4188],[107.7685,11.4219],[107.7674,11.4231],[107.7673,11.4247],[107.7413,11.4444],[107.7486,11.4454],[107.75,11.4464],[107.7538,11.4461],[107.7558,11.4479],[107.7575,11.4475],[107.7583,11.4468],[107.761,11.4471],[107.7625,11.4467],[107.7646,11.4476],[107.7694,11.4463],[107.7707,11.445],[107.7711,11.4437],[107.7737,11.4466],[107.7726,11.4483],[107.7734,11.449],[107.7732,11.4503],[107.7745,11.4515],[107.7761,11.4506],[107.7761,11.4484],[107.7794,11.4462],[107.7803,11.4451],[107.7818,11.4412],[107.7828,11.4403],[107.7836,11.4407],[107.7845,11.4391],[107.7865,11.4402],[107.7875,11.4414],[107.79,11.4421],[107.7898,11.4434],[107.7928,11.4464],[107.7938,11.446],[107.7951,11.4466],[107.7963,11.448],[107.7965,11.4499],[107.798,11.4507],[107.8003,11.4526],[107.8026,11.455],[107.8022,11.4574],[107.8014,11.4582],[107.8004,11.4607],[107.8024,11.4645],[107.8035,11.4655],[107.8038,11.467],[107.8037,11.471],[107.8033,11.4732],[107.8049,11.4785],[107.805,11.4809],[107.8041,11.4829],[107.8016,11.4842],[107.8034,11.4864],[107.8038,11.4883],[107.8028,11.4902],[107.8027,11.4914],[107.8035,11.4931],[107.806,11.4943],[107.8062,11.4955],[107.804,11.4966],[107.8028,11.4965],[107.8014,11.4977],[107.8011,11.499],[107.8032,11.5012],[107.8033,11.5026],[107.8045,11.5046],[107.8044,11.5059],[107.806,11.5078],[107.8066,11.5115],[107.806,11.513],[107.8069,11.5139],[107.8054,11.5161],[107.8056,11.5182],[107.805,11.5192],[107.8061,11.5204],[107.8071,11.5203],[107.8077,11.5186],[107.8091,11.5179],[107.8105,11.518],[107.8118,11.5173],[107.8117,11.5163],[107.8131,11.5159],[107.8142,11.5167],[107.815,11.516],[107.8163,11.5173],[107.8175,11.5168],[107.8197,11.5171],[107.8223,11.5148],[107.8231,11.5166],[107.8247,11.5161],[107.8248,11.5149],[107.8261,11.514],[107.8257,11.5132],[107.8273,11.5106],[107.8287,11.5092],[107.8282,11.5077],[107.8272,11.5069],[107.8266,11.5054],[107.8284,11.5045],[107.8292,11.5031],[107.8302,11.5037],[107.8309,11.5028],[107.8328,11.5032],[107.8343,11.5044],[107.8348,11.5036],[107.8363,11.5033],[107.8367,11.5054],[107.8405,11.5057],[107.8426,11.5062],[107.8445,11.5035],[107.846,11.5027],[107.8467,11.5005],[107.8491,11.5006],[107.8506,11.4984],[107.85,11.4958],[107.8494,11.4946],[107.8483,11.4888],[107.8473,11.4881],[107.8468,11.4899],[107.8457,11.4904],[107.8444,11.489],[107.8445,11.4867],[107.845,11.4854],[107.8471,11.4834],[107.8488,11.4804],[107.8514,11.4778],[107.8536,11.4768],[107.8552,11.4744],[107.8574,11.4724],[107.8577,11.4704],[107.8547,11.4683],[107.8533,11.4667],[107.8544,11.4652],[107.858,11.4652],[107.8575,11.4628],[107.8566,11.4622],[107.8553,11.4628],[107.8525,11.463],[107.8507,11.461],[107.8507,11.4605],[107.8526,11.4578],[107.853,11.4504],[107.8537,11.4492],[107.8576,11.4474],[107.8584,11.4467],[107.8588,11.4449],[107.8584,11.4431],[107.8572,11.4417],[107.8545,11.442],[107.8539,11.4408],[107.8557,11.4404],[107.8583,11.4386],[107.8611,11.4393],[107.8619,11.4392],[107.8646,11.4356],[107.867,11.4339],[107.8681,11.4348],[107.8698,11.4346],[107.8711,11.4351],[107.8718,11.4343],[107.8736,11.4346],[107.8749,11.4338],[107.8763,11.434],[107.8772,11.4351],[107.8798,11.4369],[107.8801,11.4377],[107.8824,11.4378],[107.8843,11.4335],[107.8851,11.4335],[107.8848,11.431],[107.8858,11.4306],[107.8862,11.4293],[107.8877,11.4286],[107.8888,11.424],[107.8867,11.423],[107.8862,11.4216],[107.8876,11.4198],[107.8896,11.4186],[107.8904,11.4157],[107.8927,11.415],[107.8932,11.4142],[107.897,11.4114],[107.8982,11.4115],[107.901,11.4128],[107.9015,11.4142],[107.9033,11.4145],[107.9044,11.4137],[107.9061,11.4112],[107.9078,11.4097],[107.9071,11.4074],[107.9062,11.4019],[107.9064,11.3999],[107.9075,11.3964],[107.9091,11.3925],[107.9094,11.3898],[107.9108,11.3861],[107.9118,11.3845],[107.9144,11.3815],[107.9185,11.3781],[107.9198,11.3757],[107.9225,11.3723],[107.9231,11.371],[107.9242,11.3668],[107.9258,11.3636],[107.9285,11.3601]]]},"properties":{"name":"Bảo Lâm 3","level":"ward"}},{"type":"Feature","geometry":{"type":"Polygon","coordinates":[[[107.5763,11.3819],[107.5735,11.3829],[107.5683,11.3827],[107.5658,11.3814],[107.564,11.3782],[107.5618,11.3761],[107.56,11.3737],[107.5582,11.3721],[107.5444,11.3666],[107.5409,11.3591],[107.5373,11.3564],[107.5351,11.3551],[107.5337,11.3565],[107.5325,11.3587],[107.5313,11.3596],[107.5309,11.3622],[107.5296,11.3627],[107.5284,11.3646],[107.5259,11.3654],[107.5248,11.3671],[107.5252,11.3691],[107.5189,11.3731],[107.5177,11.3744],[107.5166,11.3746],[107.5153,11.3783],[107.5157,11.3807],[107.5143,11.3832],[107.5131,11.3845],[107.5111,11.384],[107.509,11.3841],[107.5071,11.3833],[107.5035,11.3828],[107.5011,11.3829],[107.5015,11.384],[107.5014,11.3869],[107.5021,11.3887],[107.5012,11.3897],[107.4992,11.3908],[107.498,11.391],[107.4969,11.3929],[107.4976,11.3949],[107.4957,11.3965],[107.4939,11.3961],[107.492,11.3966],[107.4892,11.3967],[107.4876,11.3963],[107.4871,11.3994],[107.4859,11.4007],[107.4873,11.4017],[107.487,11.4031],[107.4859,11.4039],[107.4854,11.4055],[107.4865,11.4059],[107.4867,11.4076],[107.4856,11.4084],[107.4866,11.4104],[107.4872,11.4143],[107.4872,11.4176],[107.4882,11.4216],[107.4878,11.4225],[107.4888,11.4235],[107.4881,11.4271],[107.4866,11.4272],[107.4868,11.4287],[107.4859,11.4298],[107.4825,11.4309],[107.4816,11.4303],[107.4806,11.4311],[107.4792,11.4307],[107.4774,11.4333],[107.4758,11.4335],[107.4747,11.436],[107.4762,11.4381],[107.478,11.4378],[107.4793,11.4383],[107.4797,11.4395],[107.4799,11.4423],[107.4819,11.4436],[107.4822,11.445],[107.4811,11.4463],[107.4819,11.4481],[107.4817,11.4524],[107.4822,11.4536],[107.4801,11.4569],[107.4809,11.4582],[107.4825,11.4585],[107.4837,11.4619],[107.4855,11.4628],[107.488,11.4631],[107.4894,11.464],[107.4898,11.4653],[107.4939,11.4681],[107.495,11.4699],[107.4951,11.4718],[107.4964,11.4719],[107.4975,11.4728],[107.4999,11.4732],[107.5024,11.4719],[107.5042,11.4722],[107.5058,11.4736],[107.507,11.474],[107.5109,11.4725],[107.5123,11.4726],[107.5137,11.4737],[107.5152,11.4735],[107.5283,11.4683],[107.5448,11.4732],[107.547,11.4758],[107.5475,11.477],[107.5501,11.4785],[107.5534,11.48],[107.5551,11.4795],[107.5572,11.4812],[107.5583,11.4812],[107.5603,11.4821],[107.5613,11.485],[107.562,11.486],[107.5656,11.4881],[107.5677,11.4882],[107.5689,11.4888],[107.5698,11.4905],[107.5729,11.4924],[107.5737,11.4938],[107.5758,11.4954],[107.577,11.4951],[107.5802,11.4955],[107.5833,11.4972],[107.5837,11.4979],[107.582,11.4996],[107.5839,11.5033],[107.5841,11.5067],[107.5863,11.5079],[107.5882,11.5098],[107.5902,11.51],[107.5934,11.5118],[107.5913,11.4968],[107.5909,11.4958],[107.592,11.4937],[107.5923,11.4918],[107.5937,11.4898],[107.5949,11.4842],[107.5956,11.483],[107.5921,11.4738],[107.5925,11.4729],[107.5913,11.4714],[107.5885,11.4705],[107.5874,11.4713],[107.5771,11.4662],[107.5767,11.4621],[107.5758,11.4601],[107.576,11.4588],[107.575,11.4581],[107.5692,11.4559],[107.5677,11.4542],[107.5681,11.4524],[107.5672,11.451],[107.5678,11.4488],[107.5677,11.4465],[107.5692,11.4446],[107.5688,11.4432],[107.5691,11.4415],[107.5678,11.4416],[107.5676,11.4404],[107.5686,11.4391],[107.5686,11.4376],[107.5708,11.4362],[107.5709,11.4351],[107.5724,11.4338],[107.5724,11.4303],[107.5711,11.4284],[107.5714,11.426],[107.572,11.4249],[107.5721,11.4215],[107.5745,11.4224],[107.5769,11.421],[107.5797,11.4221],[107.5849,11.4229],[107.5862,11.4223],[107.5847,11.4178],[107.5829,11.4156],[107.5792,11.4136],[107.5779,11.4117],[107.5772,11.4071],[107.5774,11.4058],[107.5793,11.4037],[107.5789,11.402],[107.5769,11.4001],[107.5737,11.3975],[107.5718,11.3948],[107.5712,11.3926],[107.5692,11.3908],[107.5678,11.3904],[107.5763,11.3819]]]},"properties":{"name":"Đạ Huoai","level":"ward"}},{"type":"Feature","geometry":{"type":"Polygon","coordinates":[[[107.6144,11.3423],[107.6122,11.3435],[107.6103,11.3449],[107.6056,11.3497],[107.6019,11.3524],[107.5996,11.353],[107.5984,11.3551],[107.5966,11.3564],[107.5957,11.3575],[107.5935,11.3589],[107.5925,11.3607],[107.592,11.3638],[107.5903,11.3654],[107.5883,11.3665],[107.5872,11.3683],[107.5859,11.3685],[107.5854,11.3702],[107.584,11.3712],[107.5832,11.3733],[107.5812,11.3751],[107.5771,11.381],[107.5763,11.3819],[107.5678,11.3904],[107.5692,11.3908],[107.5712,11.3926],[107.5718,11.3948],[107.5737,11.3975],[107.5769,11.4001],[107.5789,11.402],[107.5793,11.4037],[107.5774,11.4058],[107.5772,11.4071],[107.5779,11.4117],[107.5792,11.4136],[107.5829,11.4156],[107.5847,11.4178],[107.5862,11.4223],[107.5849,11.4229],[107.5797,11.4221],[107.5769,11.421],[107.5745,11.4224],[107.5721,11.4215],[107.572,11.4249],[107.5714,11.426],[107.5711,11.4284],[107.5724,11.4303],[107.5724,11.4338],[107.5709,11.4351],[107.5708,11.4362],[107.5686,11.4376],[107.5686,11.4391],[107.5676,11.4404],[107.5678,11.4416],[107.5691,11.4415],[107.5688,11.4432],[107.5692,11.4446],[107.5677,11.4465],[107.5678,11.4488],[107.5672,11.451],[107.5681,11.4524],[107.5677,11.4542],[107.5692,11.4559],[107.575,11.4581],[107.576,11.4588],[107.5758,11.4601],[107.5767,11.4621],[107.5771,11.4662],[107.5874,11.4713],[107.5885,11.4705],[107.5913,11.4714],[107.5925,11.4729],[107.5921,11.4738],[107.5956,11.483],[107.5949,11.4842],[107.5937,11.4898],[107.5923,11.4918],[107.592,11.4937],[107.5909,11.4958],[107.5913,11.4968],[107.5934,11.5118],[107.5953,11.5133],[107.5961,11.5144],[107.5991,11.516],[107.5996,11.5172],[107.6015,11.5192],[107.604,11.5197],[107.6056,11.5213],[107.6083,11.5221],[107.6103,11.5234],[107.6134,11.5246],[107.6152,11.525],[107.617,11.5259],[107.6186,11.5278],[107.6187,11.5298],[107.6206,11.5318],[107.621,11.5346],[107.622,11.5364],[107.6244,11.5391],[107.6253,11.5419],[107.6268,11.5433],[107.629,11.5436],[107.6317,11.5435],[107.6328,11.5447],[107.6348,11.546],[107.6358,11.5471],[107.6382,11.5482],[107.6404,11.5499],[107.6424,11.5536],[107.6439,11.5548],[107.6451,11.5565],[107.6443,11.5589],[107.6475,11.5624],[107.649,11.5635],[107.653,11.5629],[107.6579,11.5629],[107.6562,11.5645],[107.6556,11.567],[107.6533,11.5673],[107.6533,11.5678],[107.6554,11.5703],[107.6554,11.5712],[107.6536,11.5724],[107.6518,11.5723],[107.6506,11.5751],[107.6507,11.5773],[107.6525,11.5775],[107.6581,11.5774],[107.659,11.5795],[107.6609,11.5805],[107.6631,11.581],[107.6654,11.5806],[107.668,11.581],[107.6706,11.5717],[107.6721,11.5664],[107.6744,11.5614],[107.6808,11.5447],[107.6939,11.5316],[107.6961,11.5012],[107.6987,11.5009],[107.7003,11.4982],[107.7035,11.4965],[107.7033,11.4953],[107.7052,11.4925],[107.7061,11.4904],[107.706,11.4881],[107.7055,11.4865],[107.7074,11.4847],[107.7089,11.4815],[107.7089,11.4805],[107.7117,11.478],[107.7124,11.4767],[107.7142,11.4759],[107.7126,11.4722],[107.7136,11.4697],[107.7157,11.4672],[107.7159,11.4654],[107.7165,11.464],[107.7166,11.4617],[107.718,11.4596],[107.7175,11.4588],[107.7181,11.4557],[107.7217,11.4533],[107.7229,11.4508],[107.7237,11.4481],[107.7244,11.4471],[107.727,11.4473],[107.729,11.4467],[107.7333,11.4464],[107.7363,11.4453],[107.7401,11.445],[107.7413,11.4444],[107.7424,11.4424],[107.7424,11.4408],[107.7435,11.4395],[107.744,11.4361],[107.745,11.4347],[107.7437,11.4338],[107.7389,11.4344],[107.7332,11.4329],[107.7319,11.4319],[107.7293,11.4312],[107.7282,11.4316],[107.7263,11.4347],[107.725,11.4357],[107.7233,11.4355],[107.7225,11.4346],[107.7204,11.4333],[107.7211,11.4326],[107.7208,11.4296],[107.7211,11.4278],[107.7209,11.4246],[107.7218,11.4212],[107.7228,11.4182],[107.7227,11.4167],[107.7232,11.4124],[107.7231,11.4103],[107.7201,11.4099],[107.7171,11.4102],[107.7155,11.4111],[107.7141,11.4103],[107.7123,11.4081],[107.7107,11.4073],[107.7086,11.4085],[107.7047,11.408],[107.7037,11.4072],[107.7013,11.4062],[107.699,11.4062],[107.6972,11.4043],[107.6964,11.4041],[107.6945,11.4052],[107.6916,11.4053],[107.6903,11.4057],[107.6875,11.4053],[107.6855,11.4039],[107.6834,11.4032],[107.6796,11.403],[107.6778,11.4035],[107.674,11.4029],[107.6711,11.4011],[107.6686,11.4008],[107.6649,11.4012],[107.6629,11.4006],[107.6615,11.4011],[107.66,11.3999],[107.66,11.3988],[107.6578,11.3973],[107.6558,11.3966],[107.6543,11.3966],[107.6516,11.3948],[107.652,11.394],[107.6488,11.3933],[107.647,11.394],[107.6439,11.3913],[107.6417,11.3917],[107.6395,11.3918],[107.638,11.3953],[107.6357,11.3948],[107.6327,11.3952],[107.635,11.3902],[107.6345,11.3879],[107.6327,11.3877],[107.6291,11.3887],[107.6274,11.3887],[107.6254,11.3894],[107.6236,11.3916],[107.6222,11.3897],[107.6219,11.3872],[107.6224,11.3858],[107.6228,11.3823],[107.6246,11.3791],[107.6261,11.3788],[107.6265,11.376],[107.6264,11.3747],[107.6273,11.3715],[107.6265,11.3678],[107.6256,11.367],[107.625,11.3645],[107.623,11.3623],[107.622,11.3607],[107.6217,11.3591],[107.6209,11.3588],[107.62,11.355],[107.6208,11.3536],[107.6186,11.3509],[107.6176,11.3477],[107.6161,11.3465],[107.6151,11.3446],[107.6144,11.3423]]]},"properties":{"name":"Đạ Huoai 2","level":"ward"}},{"type":"Feature","geometry":{"type":"Polygon","coordinates":[[[107.7968,11.3724],[107.7955,11.3711],[107.7883,11.3711],[107.7778,11.3704],[107.7698,11.3704],[107.7524,11.369],[107.7494,11.3671],[107.746,11.368],[107.7439,11.3668],[107.7391,11.3671],[107.7373,11.3665],[107.7372,11.3627],[107.7367,11.3613],[107.7346,11.3601],[107.732,11.3603],[107.7305,11.3581],[107.7293,11.3586],[107.7282,11.361],[107.7261,11.36],[107.7249,11.3626],[107.7252,11.3653],[107.7245,11.3656],[107.7241,11.3631],[107.7224,11.3596],[107.7217,11.3577],[107.7234,11.3539],[107.7229,11.3516],[107.7215,11.3494],[107.721,11.3468],[107.7194,11.343],[107.7174,11.3403],[107.7156,11.3389],[107.7134,11.3365],[107.711,11.3349],[107.6932,11.3259],[107.6831,11.3225],[107.679,11.3233],[107.6778,11.3242],[107.6758,11.3238],[107.6744,11.3243],[107.6701,11.3249],[107.6649,11.3278],[107.6575,11.3319],[107.6459,11.3378],[107.6357,11.3376],[107.6296,11.338],[107.6264,11.3393],[107.6237,11.3398],[107.6213,11.3397],[107.6197,11.3405],[107.6153,11.3415],[107.6144,11.3423],[107.6151,11.3446],[107.6161,11.3465],[107.6176,11.3477],[107.6186,11.3509],[107.6208,11.3536],[107.62,11.355],[107.6209,11.3588],[107.6217,11.3591],[107.622,11.3607],[107.623,11.3623],[107.625,11.3645],[107.6256,11.367],[107.6265,11.3678],[107.6273,11.3715],[107.6264,11.3747],[107.6265,11.376],[107.6261,11.3788],[107.6246,11.3791],[107.6228,11.3823],[107.6224,11.3858],[107.6219,11.3872],[107.6222,11.3897],[107.6236,11.3916],[107.6254,11.3894],[107.6274,11.3887],[107.6291,11.3887],[107.6327,11.3877],[107.6345,11.3879],[107.635,11.3902],[107.6327,11.3952],[107.6357,11.3948],[107.638,11.3953],[107.6395,11.3918],[107.6417,11.3917],[107.6439,11.3913],[107.647,11.394],[107.6488,11.3933],[107.652,11.394],[107.6516,11.3948],[107.6543,11.3966],[107.6558,11.3966],[107.6578,11.3973],[107.66,11.3988],[107.66,11.3999],[107.6615,11.4011],[107.6629,11.4006],[107.6649,11.4012],[107.6686,11.4008],[107.6711,11.4011],[107.674,11.4029],[107.6778,11.4035],[107.6796,11.403],[107.6834,11.4032],[107.6855,11.4039],[107.6875,11.4053],[107.6903,11.4057],[107.6916,11.4053],[107.6945,11.4052],[107.6964,11.4041],[107.6972,11.4043],[107.699,11.4062],[107.7013,11.4062],[107.7037,11.4072],[107.7047,11.408],[107.7086,11.4085],[107.7107,11.4073],[107.7123,11.4081],[107.7141,11.4103],[107.7155,11.4111],[107.7171,11.4102],[107.7201,11.4099],[107.7231,11.4103],[107.7232,11.4124],[107.7227,11.4167],[107.7228,11.4182],[107.7218,11.4212],[107.7209,11.4246],[107.7211,11.4278],[107.7208,11.4296],[107.7211,11.4326],[107.7204,11.4333],[107.7225,11.4346],[107.7233,11.4355],[107.725,11.4357],[107.7263,11.4347],[107.7282,11.4316],[107.7293,11.4312],[107.7319,11.4319],[107.7332,11.4329],[107.7389,11.4344],[107.7437,11.4338],[107.745,11.4347],[107.744,11.4361],[107.7435,11.4395],[107.7424,11.4408],[107.7424,11.4424],[107.7413,11.4444],[107.7673,11.4247],[107.7674,11.4231],[107.7685,11.4219],[107.769,11.4188],[107.7687,11.4176],[107.7669,11.4156],[107.7687,11.4149],[107.7709,11.4133],[107.7714,11.4111],[107.7726,11.4093],[107.7761,11.406],[107.778,11.4052],[107.7781,11.4039],[107.7794,11.4024],[107.7805,11.4021],[107.7808,11.4004],[107.7827,11.3989],[107.7845,11.3995],[107.7859,11.399],[107.7889,11.3987],[107.789,11.3996],[107.7905,11.4005],[107.7922,11.3993],[107.7949,11.3997],[107.7957,11.3977],[107.7975,11.3979],[107.7981,11.3968],[107.7985,11.3939],[107.7992,11.3924],[107.7982,11.3911],[107.7979,11.3897],[107.7986,11.3881],[107.7955,11.3862],[107.7952,11.3831],[107.7961,11.3824],[107.7969,11.3804],[107.7961,11.3795],[107.7966,11.3781],[107.796,11.377],[107.797,11.3763],[107.7972,11.3747],[107.7968,11.3724]]]},"properties":{"name":"Đạ Huoai 3","level":"ward"}},{"type":"Feature","geometry":{"type":"Polygon","coordinates":[[[107.4838,11.7059],[107.4852,11.7045],[107.4884,11.6998],[107.4908,11.6978],[107.4968,11.6929],[107.4984,11.6912],[107.5005,11.6918],[107.5018,11.6935],[107.5032,11.6947],[107.5048,11.6942],[107.5066,11.6921],[107.5076,11.6919],[107.5101,11.6937],[107.5127,11.6935],[107.514,11.6929],[107.513,11.6909],[107.5134,11.6894],[107.5138,11.6845],[107.5143,11.6837],[107.5139,11.6803],[107.5155,11.6789],[107.5151,11.6774],[107.5133,11.677],[107.5138,11.6756],[107.5133,11.6747],[107.5108,11.6743],[107.5107,11.6723],[107.5084,11.6712],[107.5077,11.6677],[107.5065,11.6681],[107.5052,11.6675],[107.5046,11.6658],[107.5056,11.6652],[107.505,11.6632],[107.5039,11.6631],[107.5034,11.6615],[107.5038,11.6608],[107.5031,11.6592],[107.5008,11.6598],[107.5001,11.6612],[107.4988,11.6617],[107.4971,11.6632],[107.4959,11.662],[107.4944,11.6633],[107.4921,11.6642],[107.4922,11.6618],[107.4891,11.6579],[107.4872,11.6571],[107.4884,11.6559],[107.4852,11.654],[107.4856,11.653],[107.4875,11.6523],[107.4874,11.651],[107.4845,11.6501],[107.4852,11.6489],[107.4829,11.6474],[107.4834,11.6449],[107.4844,11.6437],[107.4852,11.6401],[107.4871,11.6396],[107.4861,11.6384],[107.4859,11.6368],[107.484,11.6353],[107.4859,11.6346],[107.487,11.6329],[107.4868,11.6313],[107.4858,11.6302],[107.4865,11.6295],[107.4851,11.6285],[107.4866,11.6263],[107.4856,11.626],[107.4846,11.6242],[107.4835,11.6242],[107.4833,11.6226],[107.4817,11.6208],[107.4822,11.6195],[107.4804,11.6185],[107.4801,11.616],[107.4818,11.6152],[107.4806,11.6126],[107.48,11.6139],[107.4778,11.6118],[107.4771,11.6131],[107.476,11.6121],[107.4774,11.6104],[107.4769,11.6088],[107.4752,11.6093],[107.4729,11.6082],[107.472,11.6072],[107.4683,11.6034],[107.4685,11.6024],[107.4673,11.5984],[107.4653,11.5974],[107.4654,11.5965],[107.4636,11.5965],[107.4607,11.5953],[107.461,11.5921],[107.4622,11.5919],[107.4616,11.5893],[107.4623,11.5881],[107.4634,11.588],[107.4643,11.5867],[107.4627,11.5852],[107.464,11.5838],[107.465,11.5846],[107.4656,11.5821],[107.4676,11.5807],[107.4656,11.5791],[107.4672,11.5783],[107.4656,11.5775],[107.4675,11.5752],[107.4667,11.5737],[107.4655,11.5728],[107.4665,11.5719],[107.465,11.571],[107.4658,11.57],[107.4646,11.569],[107.4649,11.5682],[107.4672,11.5678],[107.4685,11.5683],[107.4694,11.5649],[107.4714,11.5638],[107.4722,11.5625],[107.4739,11.5646],[107.4758,11.5645],[107.4767,11.566],[107.4785,11.566],[107.4796,11.5674],[107.4809,11.5666],[107.4829,11.5679],[107.4843,11.568],[107.4864,11.5667],[107.4912,11.5657],[107.4934,11.5624],[107.4934,11.5611],[107.4956,11.5611],[107.4968,11.5573],[107.4982,11.5559],[107.4991,11.5533],[107.5008,11.5521],[107.5037,11.5524],[107.5052,11.5521],[107.5056,11.5505],[107.5035,11.5487],[107.5037,11.5472],[107.5045,11.5468],[107.5064,11.5481],[107.5107,11.5494],[107.5122,11.5483],[107.5111,11.5462],[107.5113,11.5444],[107.5105,11.5432],[107.5111,11.5417],[107.5085,11.5399],[107.5068,11.5401],[107.507,11.5385],[107.5081,11.539],[107.5091,11.5371],[107.5063,11.536],[107.5079,11.5351],[107.5062,11.5341],[107.5067,11.5329],[107.506,11.5307],[107.5039,11.5285],[107.5023,11.5274],[107.5009,11.5253],[107.5017,11.5235],[107.4994,11.5224],[107.4993,11.5201],[107.502,11.5193],[107.5006,11.5183],[107.4999,11.5165],[107.4986,11.5155],[107.4986,11.5144],[107.4974,11.5125],[107.4962,11.5119],[107.4956,11.5105],[107.494,11.5101],[107.4932,11.5087],[107.4945,11.5079],[107.4927,11.5055],[107.492,11.5035],[107.4903,11.5038],[107.4912,11.5018],[107.4873,11.5006],[107.486,11.5007],[107.4857,11.4995],[107.487,11.4983],[107.4871,11.4974],[107.4861,11.4962],[107.4869,11.4952],[107.4862,11.4938],[107.4834,11.4906],[107.4822,11.4868],[107.4795,11.4857],[107.4791,11.4844],[107.4779,11.4846],[107.476,11.4843],[107.4742,11.4826],[107.4705,11.4798],[107.4671,11.4821],[107.4614,11.4895],[107.4589,11.4906],[107.4562,11.4909],[107.4549,11.4924],[107.4546,11.4949],[107.4533,11.5001],[107.4532,11.5014],[107.4523,11.5024],[107.4495,11.5036],[107.4472,11.5052],[107.4425,11.5097],[107.4411,11.5101],[107.4417,11.5148],[107.4411,11.5165],[107.4392,11.5149],[107.4375,11.5124],[107.4363,11.5121],[107.4326,11.5123],[107.4322,11.5134],[107.433,11.5148],[107.4325,11.5161],[107.4303,11.519],[107.428,11.5184],[107.4256,11.5167],[107.4227,11.5137],[107.4214,11.5115],[107.4199,11.5111],[107.4151,11.515],[107.4135,11.5165],[107.4122,11.5184],[107.4113,11.5205],[107.4099,11.5264],[107.4099,11.5282],[107.4065,11.529],[107.4018,11.5297],[107.4014,11.5311],[107.3991,11.5329],[107.3966,11.5331],[107.3975,11.5364],[107.3991,11.5373],[107.3989,11.5394],[107.3998,11.5413],[107.402,11.5423],[107.4032,11.5422],[107.4061,11.5448],[107.4066,11.5465],[107.41,11.5488],[107.4083,11.5512],[107.4093,11.554],[107.4057,11.5566],[107.4058,11.5574],[107.4075,11.5605],[107.4075,11.5616],[107.4063,11.5628],[107.4064,11.5644],[107.41,11.5667],[107.4104,11.5679],[107.4096,11.5693],[107.4103,11.5713],[107.4119,11.5736],[107.4126,11.5754],[107.4136,11.5756],[107.4148,11.5768],[107.4153,11.579],[107.4163,11.5803],[107.4165,11.5822],[107.416,11.584],[107.4173,11.5858],[107.4176,11.587],[107.419,11.5885],[107.4215,11.5889],[107.4225,11.5896],[107.4214,11.5909],[107.4234,11.5923],[107.4237,11.5934],[107.4227,11.5941],[107.423,11.5956],[107.4214,11.5963],[107.4228,11.5982],[107.4262,11.6006],[107.4294,11.6012],[107.4287,11.6041],[107.4288,11.6051],[107.4333,11.6046],[107.4348,11.6049],[107.4344,11.6062],[107.4314,11.6065],[107.4302,11.6081],[107.4319,11.6095],[107.4319,11.6108],[107.4305,11.6108],[107.4299,11.6128],[107.4311,11.6153],[107.4297,11.617],[107.4283,11.6168],[107.4279,11.6178],[107.4264,11.619],[107.4283,11.6227],[107.4297,11.6229],[107.4312,11.6225],[107.4324,11.624],[107.4335,11.6239],[107.4344,11.6262],[107.4355,11.6263],[107.4362,11.6277],[107.435,11.6284],[107.4344,11.6296],[107.4363,11.6305],[107.4358,11.6321],[107.4367,11.6336],[107.4402,11.6355],[107.4427,11.6382],[107.4434,11.6383],[107.4455,11.6405],[107.4469,11.6415],[107.4479,11.6434],[107.4522,11.6451],[107.456,11.6486],[107.4568,11.6509],[107.4556,11.6605],[107.4571,11.66],[107.4581,11.6612],[107.4568,11.6628],[107.4566,11.6649],[107.4579,11.6662],[107.4574,11.6681],[107.4599,11.6693],[107.4594,11.6722],[107.4608,11.6736],[107.4613,11.6754],[107.4624,11.6743],[107.4634,11.6752],[107.463,11.6769],[107.4604,11.6781],[107.4609,11.6803],[107.459,11.682],[107.4591,11.6829],[107.4607,11.683],[107.4609,11.6838],[107.4596,11.6848],[107.4609,11.6864],[107.4609,11.6888],[107.4623,11.6895],[107.4624,11.6909],[107.4637,11.6915],[107.4645,11.6955],[107.4665,11.6966],[107.4655,11.6984],[107.4661,11.6996],[107.4679,11.6992],[107.4696,11.6994],[107.4707,11.6984],[107.4715,11.6964],[107.4725,11.6957],[107.4742,11.6961],[107.4743,11.6975],[107.4762,11.6963],[107.4769,11.6966],[107.4771,11.6992],[107.4791,11.6984],[107.4783,11.7014],[107.4802,11.7005],[107.4826,11.7014],[107.4828,11.7031],[107.4847,11.7039],[107.4838,11.7059]]]},"properties":{"name":"Đạ Tẻh","level":"ward"}},{"type":"Feature","geometry":{"type":"Polygon","coordinates":[[[107.644,11.6575],[107.6438,11.656],[107.6411,11.6564],[107.641,11.6547],[107.6399,11.6525],[107.6404,11.6508],[107.6401,11.6496],[107.6387,11.65],[107.6376,11.647],[107.6397,11.646],[107.641,11.6473],[107.6417,11.6465],[107.6401,11.6448],[107.639,11.6449],[107.6377,11.6441],[107.6371,11.6417],[107.6349,11.6411],[107.635,11.6395],[107.6337,11.6385],[107.6337,11.6372],[107.6345,11.6361],[107.633,11.6357],[107.6304,11.637],[107.6293,11.6364],[107.6284,11.6331],[107.6265,11.6355],[107.6244,11.6361],[107.6242,11.6376],[107.6232,11.6376],[107.6222,11.6363],[107.6223,11.6348],[107.6203,11.6354],[107.6184,11.6353],[107.6175,11.6348],[107.6156,11.6354],[107.6154,11.6346],[107.6168,11.6329],[107.6154,11.6312],[107.6151,11.6283],[107.6138,11.6289],[107.6128,11.6281],[107.6142,11.6266],[107.6143,11.6236],[107.6151,11.622],[107.6143,11.6201],[107.6134,11.6195],[107.6116,11.6158],[107.6142,11.6162],[107.615,11.6159],[107.6155,11.6143],[107.6119,11.6138],[107.6131,11.6109],[107.6108,11.6111],[107.6092,11.6119],[107.6055,11.6083],[107.6067,11.6073],[107.6036,11.6055],[107.6004,11.6055],[107.5968,11.6046],[107.5978,11.6025],[107.5998,11.6013],[107.6002,11.5997],[107.5996,11.5992],[107.5974,11.5997],[107.5965,11.5992],[107.5928,11.5989],[107.5927,11.5983],[107.5946,11.5961],[107.5945,11.5949],[107.5925,11.5945],[107.5906,11.5935],[107.5887,11.593],[107.5881,11.5917],[107.5866,11.5899],[107.5844,11.5857],[107.5825,11.5846],[107.582,11.5827],[107.5808,11.5818],[107.5786,11.5794],[107.5775,11.5788],[107.573,11.5781],[107.5717,11.5773],[107.5707,11.5759],[107.5707,11.5741],[107.5698,11.5722],[107.5686,11.571],[107.5658,11.5704],[107.566,11.569],[107.5672,11.5692],[107.5677,11.5673],[107.5664,11.5664],[107.5633,11.5686],[107.5612,11.5655],[107.562,11.5647],[107.5588,11.5624],[107.5577,11.5598],[107.5575,11.5581],[107.5551,11.5589],[107.5559,11.5614],[107.5583,11.5643],[107.5544,11.5639],[107.5548,11.5624],[107.5518,11.562],[107.5507,11.5612],[107.5501,11.5594],[107.549,11.5609],[107.5476,11.5617],[107.5456,11.5641],[107.543,11.564],[107.5404,11.5648],[107.5396,11.5638],[107.5373,11.5659],[107.5368,11.565],[107.5352,11.565],[107.5331,11.5672],[107.5312,11.5674],[107.5319,11.5655],[107.5308,11.5635],[107.5293,11.5642],[107.5284,11.5631],[107.5295,11.562],[107.5314,11.562],[107.532,11.561],[107.5293,11.56],[107.529,11.5561],[107.5279,11.555],[107.5277,11.554],[107.5293,11.5535],[107.5299,11.5519],[107.5293,11.5509],[107.5303,11.5499],[107.5285,11.5492],[107.5279,11.5482],[107.527,11.5451],[107.5275,11.5444],[107.5293,11.5442],[107.5302,11.5423],[107.5303,11.5402],[107.5295,11.5381],[107.5276,11.5372],[107.5271,11.5358],[107.5258,11.5349],[107.5247,11.5357],[107.5238,11.5338],[107.5226,11.5325],[107.522,11.5334],[107.5205,11.5339],[107.5184,11.5327],[107.5183,11.5314],[107.5169,11.5302],[107.5151,11.5306],[107.5147,11.5287],[107.5125,11.5281],[107.5105,11.5259],[107.5112,11.5247],[107.5131,11.5228],[107.5118,11.5217],[107.5108,11.5191],[107.5122,11.5175],[107.509,11.5171],[107.5088,11.518],[107.5072,11.5174],[107.5058,11.5184],[107.5047,11.52],[107.5039,11.5192],[107.502,11.5193],[107.4993,11.5201],[107.4994,11.5224],[107.5017,11.5235],[107.5009,11.5253],[107.5023,11.5274],[107.5039,11.5285],[107.506,11.5307],[107.5067,11.5329],[107.5062,11.5341],[107.5079,11.5351],[107.5063,11.536],[107.5091,11.5371],[107.5081,11.539],[107.507,11.5385],[107.5068,11.5401],[107.5085,11.5399],[107.5111,11.5417],[107.5105,11.5432],[107.5113,11.5444],[107.5111,11.5462],[107.5122,11.5483],[107.5107,11.5494],[107.5064,11.5481],[107.5045,11.5468],[107.5037,11.5472],[107.5035,11.5487],[107.5056,11.5505],[107.5052,11.5521],[107.5037,11.5524],[107.5008,11.5521],[107.4991,11.5533],[107.4982,11.5559],[107.4968,11.5573],[107.4956,11.5611],[107.4934,11.5611],[107.4934,11.5624],[107.4912,11.5657],[107.4864,11.5667],[107.4843,11.568],[107.4829,11.5679],[107.4809,11.5666],[107.4796,11.5674],[107.4785,11.566],[107.4767,11.566],[107.4758,11.5645],[107.4739,11.5646],[107.4722,11.5625],[107.4714,11.5638],[107.4694,11.5649],[107.4685,11.5683],[107.4672,11.5678],[107.4649,11.5682],[107.4646,11.569],[107.4658,11.57],[107.465,11.571],[107.4665,11.5719],[107.4655,11.5728],[107.4667,11.5737],[107.4675,11.5752],[107.4656,11.5775],[107.4672,11.5783],[107.4656,11.5791],[107.4676,11.5807],[107.4656,11.5821],[107.465,11.5846],[107.464,11.5838],[107.4627,11.5852],[107.4643,11.5867],[107.4634,11.588],[107.4623,11.5881],[107.4616,11.5893],[107.4622,11.5919],[107.461,11.5921],[107.4607,11.5953],[107.4636,11.5965],[107.4654,11.5965],[107.4653,11.5974],[107.4673,11.5984],[107.4685,11.6024],[107.4683,11.6034],[107.472,11.6072],[107.4729,11.6082],[107.4752,11.6093],[107.4769,11.6088],[107.4774,11.6104],[107.476,11.6121],[107.4771,11.6131],[107.4778,11.6118],[107.48,11.6139],[107.4806,11.6126],[107.4818,11.6152],[107.4801,11.616],[107.4804,11.6185],[107.4822,11.6195],[107.4817,11.6208],[107.4833,11.6226],[107.4835,11.6242],[107.4846,11.6242],[107.4856,11.626],[107.4866,11.6263],[107.4851,11.6285],[107.4865,11.6295],[107.4858,11.6302],[107.4868,11.6313],[107.487,11.6329],[107.4859,11.6346],[107.484,11.6353],[107.4859,11.6368],[107.4861,11.6384],[107.4871,11.6396],[107.4852,11.6401],[107.4844,11.6437],[107.4834,11.6449],[107.4829,11.6474],[107.4852,11.6489],[107.4845,11.6501],[107.4874,11.651],[107.4875,11.6523],[107.4856,11.653],[107.4852,11.654],[107.4884,11.6559],[107.4872,11.6571],[107.4891,11.6579],[107.4922,11.6618],[107.4921,11.6642],[107.4944,11.6633],[107.4959,11.662],[107.4971,11.6632],[107.4988,11.6617],[107.5001,11.6612],[107.5008,11.6598],[107.5031,11.6592],[107.5038,11.6608],[107.5034,11.6615],[107.5039,11.6631],[107.505,11.6632],[107.5056,11.6652],[107.5046,11.6658],[107.5052,11.6675],[107.5065,11.6681],[107.5077,11.6677],[107.5084,11.6712],[107.5107,11.6723],[107.5108,11.6743],[107.5133,11.6747],[107.5138,11.6756],[107.5133,11.677],[107.5151,11.6774],[107.5155,11.6789],[107.5139,11.6803],[107.5143,11.6837],[107.5138,11.6845],[107.5134,11.6894],[107.513,11.6909],[107.514,11.6929],[107.5152,11.693],[107.5187,11.6922],[107.5232,11.6908],[107.5244,11.6906],[107.5252,11.692],[107.5351,11.6958],[107.5358,11.6957],[107.5384,11.6935],[107.5415,11.693],[107.5423,11.6918],[107.5437,11.6912],[107.5455,11.6931],[107.5484,11.694],[107.5511,11.6943],[107.5524,11.6933],[107.5521,11.6923],[107.5529,11.6897],[107.5527,11.6886],[107.5542,11.6884],[107.5545,11.6895],[107.5594,11.6879],[107.5603,11.6883],[107.5616,11.6869],[107.5634,11.6863],[107.564,11.6854],[107.5655,11.6847],[107.5666,11.6834],[107.5678,11.6832],[107.5692,11.6842],[107.5713,11.6843],[107.5696,11.6823],[107.5702,11.6814],[107.5713,11.6831],[107.5724,11.6829],[107.5745,11.6854],[107.5758,11.6834],[107.5785,11.6829],[107.5809,11.6809],[107.5814,11.6798],[107.5835,11.6785],[107.5926,11.6786],[107.5957,11.6788],[107.5968,11.6784],[107.5976,11.6764],[107.6043,11.6739],[107.6069,11.6714],[107.6088,11.6712],[107.6142,11.6701],[107.6166,11.6688],[107.6195,11.6683],[107.6215,11.6647],[107.6268,11.6629],[107.6354,11.6596],[107.6375,11.6601],[107.6396,11.66],[107.642,11.6583],[107.644,11.6575]]]},"properties":{"name":"Đạ Tẻh 3","level":"ward"}},{"type":"Feature","geometry":{"type":"Polygon","coordinates":[[[107.6401,11.6448],[107.642,11.6435],[107.6448,11.6446],[107.6487,11.6439],[107.6522,11.641],[107.6555,11.6398],[107.6568,11.6383],[107.6572,11.6332],[107.6572,11.6297],[107.6584,11.6271],[107.6588,11.6255],[107.6585,11.623],[107.6598,11.6217],[107.6606,11.6183],[107.66,11.6159],[107.659,11.6152],[107.6589,11.6136],[107.6603,11.6112],[107.6594,11.6094],[107.6602,11.6065],[107.6614,11.6052],[107.6631,11.6043],[107.6644,11.6027],[107.6659,11.6026],[107.6682,11.6004],[107.6691,11.6005],[107.672,11.5994],[107.6731,11.5998],[107.6733,11.5944],[107.6716,11.5936],[107.67,11.592],[107.6681,11.5914],[107.6675,11.5904],[107.6681,11.5877],[107.6657,11.5856],[107.665,11.5832],[107.668,11.581],[107.6654,11.5806],[107.6631,11.581],[107.6609,11.5805],[107.659,11.5795],[107.6581,11.5774],[107.6525,11.5775],[107.6507,11.5773],[107.6506,11.5751],[107.6518,11.5723],[107.6536,11.5724],[107.6554,11.5712],[107.6554,11.5703],[107.6533,11.5678],[107.6533,11.5673],[107.6556,11.567],[107.6562,11.5645],[107.6579,11.5629],[107.653,11.5629],[107.649,11.5635],[107.6475,11.5624],[107.6443,11.5589],[107.6451,11.5565],[107.6439,11.5548],[107.6424,11.5536],[107.6404,11.5499],[107.6382,11.5482],[107.6358,11.5471],[107.6348,11.546],[107.6328,11.5447],[107.6317,11.5435],[107.629,11.5436],[107.6268,11.5433],[107.6253,11.5419],[107.6244,11.5391],[107.622,11.5364],[107.621,11.5346],[107.6206,11.5318],[107.6187,11.5298],[107.6186,11.5278],[107.617,11.5259],[107.6152,11.525],[107.6134,11.5246],[107.6103,11.5234],[107.6083,11.5221],[107.6056,11.5213],[107.604,11.5197],[107.6015,11.5192],[107.5996,11.5172],[107.5991,11.516],[107.5961,11.5144],[107.5953,11.5133],[107.5934,11.5118],[107.5902,11.51],[107.5882,11.5098],[107.5863,11.5079],[107.5841,11.5067],[107.5839,11.5033],[107.582,11.4996],[107.5837,11.4979],[107.5833,11.4972],[107.5802,11.4955],[107.577,11.4951],[107.5758,11.4954],[107.5737,11.4938],[107.5729,11.4924],[107.5698,11.4905],[107.5689,11.4888],[107.5677,11.4882],[107.5656,11.4881],[107.562,11.486],[107.5613,11.485],[107.5603,11.4821],[107.5583,11.4812],[107.5572,11.4812],[107.5551,11.4795],[107.5534,11.48],[107.5501,11.4785],[107.5475,11.477],[107.547,11.4758],[107.5448,11.4732],[107.5283,11.4683],[107.5152,11.4735],[107.5137,11.4737],[107.5123,11.4726],[107.5109,11.4725],[107.507,11.474],[107.5058,11.4736],[107.5042,11.4722],[107.5024,11.4719],[107.4999,11.4732],[107.4975,11.4728],[107.4964,11.4719],[107.4951,11.4718],[107.495,11.4699],[107.4939,11.4681],[107.4898,11.4653],[107.4894,11.464],[107.488,11.4631],[107.4855,11.4628],[107.4837,11.4619],[107.4825,11.4585],[107.4809,11.4582],[107.4801,11.4569],[107.4822,11.4536],[107.4817,11.4524],[107.4819,11.4481],[107.4811,11.4463],[107.4822,11.445],[107.4819,11.4436],[107.4799,11.4423],[107.4797,11.4395],[107.4793,11.4383],[107.478,11.4378],[107.4762,11.4381],[107.4747,11.436],[107.4736,11.4365],[107.4718,11.4365],[107.47,11.4346],[107.4687,11.4341],[107.4655,11.4343],[107.4637,11.4331],[107.4624,11.4317],[107.4584,11.4309],[107.4566,11.4301],[107.4541,11.4315],[107.4528,11.4308],[107.4522,11.4294],[107.453,11.4285],[107.453,11.4272],[107.4523,11.4248],[107.4533,11.4233],[107.4557,11.4232],[107.4555,11.4216],[107.4534,11.4199],[107.4518,11.4203],[107.4482,11.4196],[107.4438,11.4195],[107.4434,11.4223],[107.4439,11.424],[107.4463,11.4259],[107.4471,11.4281],[107.4463,11.4294],[107.442,11.432],[107.4381,11.431],[107.4366,11.4301],[107.4348,11.4276],[107.4325,11.4259],[107.4305,11.4251],[107.4298,11.4279],[107.4298,11.4303],[107.4313,11.433],[107.4293,11.4354],[107.4289,11.4364],[107.4298,11.438],[107.4303,11.4401],[107.4321,11.4404],[107.4338,11.4422],[107.437,11.4425],[107.4389,11.4449],[107.4405,11.4461],[107.4431,11.4464],[107.4453,11.447],[107.4465,11.4481],[107.4483,11.4514],[107.4488,11.4564],[107.4502,11.4571],[107.4513,11.4588],[107.4618,11.4627],[107.4627,11.4645],[107.461,11.4684],[107.4609,11.4712],[107.4614,11.4724],[107.4633,11.4743],[107.4655,11.4769],[107.4667,11.4775],[107.4695,11.4769],[107.4702,11.4758],[107.4718,11.476],[107.4722,11.4778],[107.4705,11.4798],[107.4742,11.4826],[107.476,11.4843],[107.4779,11.4846],[107.4791,11.4844],[107.4795,11.4857],[107.4822,11.4868],[107.4834,11.4906],[107.4862,11.4938],[107.4869,11.4952],[107.4861,11.4962],[107.4871,11.4974],[107.487,11.4983],[107.4857,11.4995],[107.486,11.5007],[107.4873,11.5006],[107.4912,11.5018],[107.4903,11.5038],[107.492,11.5035],[107.4927,11.5055],[107.4945,11.5079],[107.4932,11.5087],[107.494,11.5101],[107.4956,11.5105],[107.4962,11.5119],[107.4974,11.5125],[107.4986,11.5144],[107.4986,11.5155],[107.4999,11.5165],[107.5006,11.5183],[107.502,11.5193],[107.5039,11.5192],[107.5047,11.52],[107.5058,11.5184],[107.5072,11.5174],[107.5088,11.518],[107.509,11.5171],[107.5122,11.5175],[107.5108,11.5191],[107.5118,11.5217],[107.5131,11.5228],[107.5112,11.5247],[107.5105,11.5259],[107.5125,11.5281],[107.5147,11.5287],[107.5151,11.5306],[107.5169,11.5302],[107.5183,11.5314],[107.5184,11.5327],[107.5205,11.5339],[107.522,11.5334],[107.5226,11.5325],[107.5238,11.5338],[107.5247,11.5357],[107.5258,11.5349],[107.5271,11.5358],[107.5276,11.5372],[107.5295,11.5381],[107.5303,11.5402],[107.5302,11.5423],[107.5293,11.5442],[107.5275,11.5444],[107.527,11.5451],[107.5279,11.5482],[107.5285,11.5492],[107.5303,11.5499],[107.5293,11.5509],[107.5299,11.5519],[107.5293,11.5535],[107.5277,11.554],[107.5279,11.555],[107.529,11.5561],[107.5293,11.56],[107.532,11.561],[107.5314,11.562],[107.5295,11.562],[107.5284,11.5631],[107.5293,11.5642],[107.5308,11.5635],[107.5319,11.5655],[107.5312,11.5674],[107.5331,11.5672],[107.5352,11.565],[107.5368,11.565],[107.5373,11.5659],[107.5396,11.5638],[107.5404,11.5648],[107.543,11.564],[107.5456,11.5641],[107.5476,11.5617],[107.549,11.5609],[107.5501,11.5594],[107.5507,11.5612],[107.5518,11.562],[107.5548,11.5624],[107.5544,11.5639],[107.5583,11.5643],[107.5559,11.5614],[107.5551,11.5589],[107.5575,11.5581],[107.5577,11.5598],[107.5588,11.5624],[107.562,11.5647],[107.5612,11.5655],[107.5633,11.5686],[107.5664,11.5664],[107.5677,11.5673],[107.5672,11.5692],[107.566,11.569],[107.5658,11.5704],[107.5686,11.571],[107.5698,11.5722],[107.5707,11.5741],[107.5707,11.5759],[107.5717,11.5773],[107.573,11.5781],[107.5775,11.5788],[107.5786,11.5794],[107.5808,11.5818],[107.582,11.5827],[107.5825,11.5846],[107.5844,11.5857],[107.5866,11.5899],[107.5881,11.5917],[107.5887,11.593],[107.5906,11.5935],[107.5925,11.5945],[107.5945,11.5949],[107.5946,11.5961],[107.5927,11.5983],[107.5928,11.5989],[107.5965,11.5992],[107.5974,11.5997],[107.5996,11.5992],[107.6002,11.5997],[107.5998,11.6013],[107.5978,11.6025],[107.5968,11.6046],[107.6004,11.6055],[107.6036,11.6055],[107.6067,11.6073],[107.6055,11.6083],[107.6092,11.6119],[107.6108,11.6111],[107.6131,11.6109],[107.6119,11.6138],[107.6155,11.6143],[107.615,11.6159],[107.6142,11.6162],[107.6116,11.6158],[107.6134,11.6195],[107.6143,11.6201],[107.6151,11.622],[107.6143,11.6236],[107.6142,11.6266],[107.6128,11.6281],[107.6138,11.6289],[107.6151,11.6283],[107.6154,11.6312],[107.6168,11.6329],[107.6154,11.6346],[107.6156,11.6354],[107.6175,11.6348],[107.6184,11.6353],[107.6203,11.6354],[107.6223,11.6348],[107.6222,11.6363],[107.6232,11.6376],[107.6242,11.6376],[107.6244,11.6361],[107.6265,11.6355],[107.6284,11.6331],[107.6293,11.6364],[107.6304,11.637],[107.633,11.6357],[107.6345,11.6361],[107.6337,11.6372],[107.6337,11.6385],[107.635,11.6395],[107.6349,11.6411],[107.6371,11.6417],[107.6377,11.6441],[107.639,11.6449],[107.6401,11.6448]]]},"properties":{"name":"Đạ Tẻh 2","level":"ward"}},{"type":"Feature","geometry":{"type":"Polygon","coordinates":[[[107.4556,11.6605],[107.4568,11.6509],[107.456,11.6486],[107.4522,11.6451],[107.4479,11.6434],[107.4469,11.6415],[107.4455,11.6405],[107.4434,11.6383],[107.4427,11.6382],[107.4402,11.6355],[107.4367,11.6336],[107.4358,11.6321],[107.4363,11.6305],[107.4344,11.6296],[107.435,11.6284],[107.4362,11.6277],[107.4355,11.6263],[107.4344,11.6262],[107.4335,11.6239],[107.4324,11.624],[107.4312,11.6225],[107.4297,11.6229],[107.4283,11.6227],[107.4264,11.619],[107.4279,11.6178],[107.4283,11.6168],[107.4297,11.617],[107.4311,11.6153],[107.4299,11.6128],[107.4305,11.6108],[107.4319,11.6108],[107.4319,11.6095],[107.4302,11.6081],[107.4314,11.6065],[107.4344,11.6062],[107.4348,11.6049],[107.4333,11.6046],[107.4288,11.6051],[107.4287,11.6041],[107.4294,11.6012],[107.4262,11.6006],[107.4228,11.5982],[107.4214,11.5963],[107.423,11.5956],[107.4227,11.5941],[107.4237,11.5934],[107.4234,11.5923],[107.4214,11.5909],[107.4225,11.5896],[107.4215,11.5889],[107.419,11.5885],[107.4176,11.587],[107.4173,11.5858],[107.416,11.584],[107.4165,11.5822],[107.4163,11.5803],[107.4153,11.579],[107.4148,11.5768],[107.4136,11.5756],[107.4126,11.5754],[107.4119,11.5736],[107.4103,11.5713],[107.4096,11.5693],[107.4104,11.5679],[107.41,11.5667],[107.4064,11.5644],[107.4063,11.5628],[107.4075,11.5616],[107.4075,11.5605],[107.4058,11.5574],[107.4057,11.5566],[107.4093,11.554],[107.4083,11.5512],[107.41,11.5488],[107.4066,11.5465],[107.4061,11.5448],[107.4032,11.5422],[107.402,11.5423],[107.3998,11.5413],[107.3989,11.5394],[107.3991,11.5373],[107.3975,11.5364],[107.3966,11.5331],[107.3991,11.5329],[107.4014,11.5311],[107.4018,11.5297],[107.3995,11.5278],[107.399,11.5269],[107.3977,11.5265],[107.3932,11.5269],[107.3885,11.526],[107.3868,11.526],[107.3861,11.5248],[107.3866,11.5225],[107.3863,11.5213],[107.3847,11.52],[107.3833,11.5197],[107.3795,11.5193],[107.3771,11.5179],[107.3742,11.5149],[107.3715,11.515],[107.3675,11.5174],[107.3674,11.5184],[107.3717,11.5204],[107.376,11.5237],[107.3763,11.5247],[107.3751,11.529],[107.3754,11.5327],[107.3768,11.5354],[107.3782,11.5391],[107.3791,11.5424],[107.3787,11.5437],[107.3753,11.5489],[107.374,11.5523],[107.3737,11.5555],[107.3728,11.5571],[107.3718,11.5578],[107.3692,11.5587],[107.3685,11.5586],[107.3685,11.5559],[107.3724,11.5516],[107.3725,11.5494],[107.371,11.5485],[107.3689,11.5491],[107.366,11.5525],[107.3637,11.5538],[107.3605,11.5548],[107.3604,11.5565],[107.3615,11.5578],[107.3665,11.56],[107.3664,11.5614],[107.3633,11.5641],[107.3613,11.5671],[107.3611,11.5689],[107.3617,11.5704],[107.3632,11.5716],[107.3661,11.5721],[107.3663,11.5732],[107.3638,11.5753],[107.3632,11.5763],[107.363,11.5796],[107.3621,11.5811],[107.3601,11.5819],[107.3588,11.5816],[107.3576,11.5793],[107.358,11.5756],[107.3576,11.5733],[107.3557,11.5738],[107.3558,11.5746],[107.3539,11.5753],[107.3544,11.5777],[107.3508,11.5799],[107.3519,11.5813],[107.3543,11.5893],[107.3543,11.5904],[107.3552,11.5925],[107.3552,11.5938],[107.3542,11.5944],[107.3537,11.5958],[107.3538,11.5974],[107.3528,11.5991],[107.3508,11.6003],[107.3501,11.5993],[107.3488,11.6002],[107.3475,11.6027],[107.3474,11.6047],[107.349,11.6062],[107.3491,11.6071],[107.3503,11.6081],[107.3507,11.6097],[107.3518,11.6118],[107.3542,11.6128],[107.3544,11.6119],[107.3564,11.6125],[107.3586,11.6117],[107.3595,11.611],[107.3593,11.6092],[107.3599,11.6079],[107.3585,11.6059],[107.3588,11.604],[107.361,11.6038],[107.363,11.6044],[107.3677,11.6073],[107.3698,11.6072],[107.3701,11.6081],[107.3718,11.6071],[107.3726,11.6084],[107.3738,11.6086],[107.3745,11.6068],[107.3759,11.6071],[107.3782,11.6067],[107.3781,11.6084],[107.377,11.6099],[107.3777,11.6111],[107.3805,11.6121],[107.3825,11.6155],[107.3819,11.619],[107.3836,11.6206],[107.3862,11.6247],[107.386,11.6274],[107.3864,11.6357],[107.3864,11.6396],[107.3873,11.6435],[107.3882,11.6436],[107.3885,11.6454],[107.3895,11.6464],[107.3911,11.6493],[107.3922,11.6494],[107.3945,11.6479],[107.3953,11.6464],[107.3983,11.6469],[107.3984,11.6476],[107.4003,11.6479],[107.4017,11.6488],[107.4027,11.6505],[107.4049,11.6507],[107.406,11.6503],[107.4062,11.6489],[107.4071,11.6483],[107.408,11.6495],[107.4091,11.6497],[107.4092,11.6511],[107.4103,11.6521],[107.4111,11.6545],[107.412,11.6546],[107.4135,11.6536],[107.4144,11.6545],[107.419,11.6544],[107.4209,11.6547],[107.4229,11.6536],[107.4241,11.6539],[107.4266,11.6533],[107.4309,11.6511],[107.4318,11.6521],[107.4319,11.6538],[107.4341,11.6545],[107.4347,11.6552],[107.4341,11.6569],[107.439,11.6553],[107.4406,11.6552],[107.443,11.6538],[107.4436,11.6515],[107.4459,11.6515],[107.4465,11.6529],[107.4489,11.6532],[107.4496,11.6538],[107.4493,11.6568],[107.4507,11.6572],[107.451,11.6551],[107.4532,11.6567],[107.4546,11.6581],[107.4556,11.6605]]]},"properties":{"name":"Cát Tiên","level":"ward"}},{"type":"Feature","geometry":{"type":"Polygon","coordinates":[[[107.405,11.7549],[107.4085,11.7543],[107.4116,11.7528],[107.4134,11.7525],[107.4133,11.75],[107.4154,11.7489],[107.4181,11.7492],[107.4197,11.7508],[107.4216,11.7534],[107.4223,11.7555],[107.4246,11.7556],[107.4271,11.7596],[107.4278,11.7602],[107.4315,11.7614],[107.4327,11.7623],[107.4325,11.7656],[107.4342,11.7659],[107.436,11.7648],[107.437,11.7635],[107.4391,11.7618],[107.4412,11.7619],[107.444,11.7602],[107.4486,11.7579],[107.4528,11.7573],[107.4546,11.7573],[107.4585,11.7592],[107.4628,11.7604],[107.4653,11.7622],[107.4683,11.7655],[107.471,11.768],[107.4736,11.7709],[107.4762,11.7758],[107.4775,11.7777],[107.4778,11.7791],[107.4777,11.7821],[107.4771,11.7845],[107.4778,11.7871],[107.4807,11.7914],[107.4824,11.7929],[107.4847,11.7943],[107.4891,11.7956],[107.4953,11.7975],[107.5018,11.7982],[107.5032,11.7994],[107.5049,11.8024],[107.5065,11.8038],[107.5088,11.8034],[107.5096,11.8021],[107.5082,11.7993],[107.5086,11.7982],[107.5103,11.7978],[107.5118,11.7958],[107.512,11.7946],[107.515,11.7935],[107.5161,11.7937],[107.5159,11.792],[107.5166,11.7893],[107.5175,11.7876],[107.5174,11.7863],[107.5189,11.7837],[107.5191,11.7809],[107.5208,11.7807],[107.518,11.7775],[107.5157,11.7768],[107.516,11.7761],[107.5148,11.7745],[107.5139,11.7742],[107.5136,11.7721],[107.514,11.771],[107.5139,11.7691],[107.5104,11.7667],[107.51,11.7655],[107.509,11.7604],[107.5044,11.7578],[107.5031,11.7551],[107.5023,11.7543],[107.5011,11.7508],[107.4996,11.7494],[107.4988,11.7479],[107.4987,11.7467],[107.4977,11.7454],[107.4963,11.7459],[107.4942,11.7437],[107.4928,11.7427],[107.4919,11.7394],[107.4912,11.7392],[107.4906,11.7372],[107.4909,11.7363],[107.4899,11.7353],[107.4907,11.7337],[107.4895,11.7327],[107.4894,11.73],[107.491,11.7267],[107.4905,11.7259],[107.4908,11.7237],[107.4902,11.7219],[107.4901,11.7198],[107.4918,11.7191],[107.4933,11.7178],[107.4942,11.7154],[107.4946,11.7132],[107.4928,11.7125],[107.4905,11.713],[107.4895,11.7122],[107.4913,11.7099],[107.4906,11.7084],[107.4915,11.7067],[107.4895,11.7039],[107.4913,11.7029],[107.4903,11.7015],[107.4887,11.7034],[107.4838,11.7059],[107.4847,11.7039],[107.4828,11.7031],[107.4826,11.7014],[107.4802,11.7005],[107.4783,11.7014],[107.4791,11.6984],[107.4771,11.6992],[107.4769,11.6966],[107.4762,11.6963],[107.4743,11.6975],[107.4742,11.6961],[107.4725,11.6957],[107.4715,11.6964],[107.4707,11.6984],[107.4696,11.6994],[107.4679,11.6992],[107.4661,11.6996],[107.4655,11.6984],[107.4665,11.6966],[107.4645,11.6955],[107.4637,11.6915],[107.4624,11.6909],[107.4623,11.6895],[107.4609,11.6888],[107.4609,11.6864],[107.4596,11.6848],[107.4609,11.6838],[107.4607,11.683],[107.4591,11.6829],[107.459,11.682],[107.4609,11.6803],[107.4604,11.6781],[107.463,11.6769],[107.4634,11.6752],[107.4624,11.6743],[107.4613,11.6754],[107.4608,11.6736],[107.4594,11.6722],[107.4599,11.6693],[107.4574,11.6681],[107.4579,11.6662],[107.4566,11.6649],[107.4568,11.6628],[107.4581,11.6612],[107.4571,11.66],[107.4556,11.6605],[107.4546,11.6581],[107.4532,11.6567],[107.451,11.6551],[107.4507,11.6572],[107.4493,11.6568],[107.4496,11.6538],[107.4489,11.6532],[107.4465,11.6529],[107.4459,11.6515],[107.4436,11.6515],[107.443,11.6538],[107.4406,11.6552],[107.439,11.6553],[107.4341,11.6569],[107.4347,11.6552],[107.4341,11.6545],[107.4319,11.6538],[107.4318,11.6521],[107.4309,11.6511],[107.4266,11.6533],[107.4241,11.6539],[107.4229,11.6536],[107.4209,11.6547],[107.419,11.6544],[107.4144,11.6545],[107.4135,11.6536],[107.412,11.6546],[107.4111,11.6545],[107.4103,11.6521],[107.4092,11.6511],[107.4091,11.6497],[107.408,11.6495],[107.4071,11.6483],[107.4062,11.6489],[107.406,11.6503],[107.4049,11.6507],[107.4027,11.6505],[107.4017,11.6488],[107.4003,11.6479],[107.3984,11.6476],[107.3983,11.6469],[107.3953,11.6464],[107.3945,11.6479],[107.3922,11.6494],[107.3911,11.6493],[107.3895,11.6464],[107.3885,11.6454],[107.3882,11.6436],[107.3873,11.6435],[107.3864,11.6396],[107.3864,11.6357],[107.386,11.6274],[107.3862,11.6247],[107.3836,11.6206],[107.3819,11.619],[107.3825,11.6155],[107.3805,11.6121],[107.3777,11.6111],[107.377,11.6099],[107.3781,11.6084],[107.3782,11.6067],[107.3759,11.6071],[107.3745,11.6068],[107.3738,11.6086],[107.3726,11.6084],[107.3718,11.6071],[107.3701,11.6081],[107.3698,11.6072],[107.3677,11.6073],[107.363,11.6044],[107.361,11.6038],[107.3588,11.604],[107.3585,11.6059],[107.3599,11.6079],[107.3593,11.6092],[107.3595,11.611],[107.3586,11.6117],[107.3564,11.6125],[107.3544,11.6119],[107.3542,11.6128],[107.3518,11.6118],[107.3507,11.6097],[107.3503,11.6081],[107.3491,11.6071],[107.349,11.6062],[107.3474,11.6047],[107.3461,11.6059],[107.3434,11.6074],[107.3408,11.6075],[107.3396,11.6072],[107.3381,11.6089],[107.3362,11.6078],[107.3341,11.6082],[107.3343,11.6091],[107.3365,11.6123],[107.3362,11.6138],[107.3365,11.6157],[107.3344,11.6178],[107.3328,11.6198],[107.3334,11.6223],[107.3361,11.6239],[107.3386,11.623],[107.3397,11.623],[107.3399,11.6243],[107.3392,11.6256],[107.3397,11.6273],[107.3412,11.628],[107.3406,11.6293],[107.3414,11.6313],[107.3406,11.6329],[107.3402,11.635],[107.3407,11.6401],[107.3422,11.6431],[107.3439,11.6451],[107.3447,11.6476],[107.3461,11.6494],[107.3471,11.6498],[107.349,11.6522],[107.3534,11.6528],[107.3539,11.655],[107.3552,11.6558],[107.3556,11.658],[107.3554,11.6617],[107.356,11.663],[107.3575,11.6636],[107.361,11.6635],[107.3638,11.6638],[107.3646,11.6642],[107.3646,11.6671],[107.3669,11.6694],[107.3696,11.671],[107.3705,11.6723],[107.3697,11.6735],[107.3675,11.6739],[107.3674,11.675],[107.3685,11.6774],[107.3686,11.6803],[107.3669,11.682],[107.3664,11.6856],[107.3643,11.6864],[107.3641,11.6877],[107.3683,11.6888],[107.3693,11.6904],[107.369,11.6938],[107.3703,11.6931],[107.3725,11.6929],[107.3743,11.6936],[107.3756,11.6949],[107.3778,11.696],[107.3789,11.6976],[107.3813,11.6976],[107.3822,11.6991],[107.3838,11.7006],[107.3842,11.7027],[107.3828,11.703],[107.3814,11.7043],[107.3792,11.7056],[107.3752,11.7058],[107.3733,11.7074],[107.3741,11.7092],[107.3768,11.7114],[107.3777,11.7114],[107.38,11.7137],[107.3818,11.7175],[107.3833,11.7192],[107.3851,11.7228],[107.3858,11.7236],[107.3858,11.7258],[107.3863,11.7286],[107.3836,11.7309],[107.3841,11.7329],[107.3834,11.7344],[107.3843,11.7361],[107.3835,11.7377],[107.3861,11.7394],[107.3863,11.7413],[107.3893,11.7433],[107.39,11.7442],[107.3918,11.7449],[107.3933,11.7461],[107.3974,11.7473],[107.3993,11.7473],[107.4023,11.749],[107.4033,11.7503],[107.405,11.7549]]]},"properties":{"name":"Cát Tiên 3","level":"ward"}},{"type":"Feature","geometry":{"type":"Polygon","coordinates":[[[107.3909,11.7667],[107.3931,11.7654],[107.3974,11.7652],[107.3991,11.763],[107.3999,11.7599],[107.4019,11.7581],[107.4022,11.756],[107.405,11.7549],[107.4033,11.7503],[107.4023,11.749],[107.3993,11.7473],[107.3974,11.7473],[107.3933,11.7461],[107.3918,11.7449],[107.39,11.7442],[107.3893,11.7433],[107.3863,11.7413],[107.3861,11.7394],[107.3835,11.7377],[107.3843,11.7361],[107.3834,11.7344],[107.3841,11.7329],[107.3836,11.7309],[107.3863,11.7286],[107.3858,11.7258],[107.3858,11.7236],[107.3851,11.7228],[107.3833,11.7192],[107.3818,11.7175],[107.38,11.7137],[107.3777,11.7114],[107.3768,11.7114],[107.3741,11.7092],[107.3733,11.7074],[107.3752,11.7058],[107.3792,11.7056],[107.3814,11.7043],[107.3828,11.703],[107.3842,11.7027],[107.3838,11.7006],[107.3822,11.6991],[107.3813,11.6976],[107.3789,11.6976],[107.3778,11.696],[107.3756,11.6949],[107.3743,11.6936],[107.3725,11.6929],[107.3703,11.6931],[107.369,11.6938],[107.3693,11.6904],[107.3683,11.6888],[107.3641,11.6877],[107.3643,11.6864],[107.3664,11.6856],[107.3669,11.682],[107.3686,11.6803],[107.3685,11.6774],[107.3674,11.675],[107.3675,11.6739],[107.3697,11.6735],[107.3705,11.6723],[107.3696,11.671],[107.3669,11.6694],[107.3646,11.6671],[107.3646,11.6642],[107.3638,11.6638],[107.361,11.6635],[107.3575,11.6636],[107.356,11.663],[107.3554,11.6617],[107.3556,11.658],[107.3552,11.6558],[107.3539,11.655],[107.3534,11.6528],[107.349,11.6522],[107.3471,11.6498],[107.3461,11.6494],[107.3447,11.6476],[107.3439,11.6451],[107.3422,11.6431],[107.3407,11.6401],[107.3402,11.635],[107.3406,11.6329],[107.3414,11.6313],[107.3406,11.6293],[107.3412,11.628],[107.3397,11.6273],[107.3392,11.6256],[107.3399,11.6243],[107.3397,11.623],[107.3386,11.623],[107.3361,11.6239],[107.3334,11.6223],[107.3328,11.6198],[107.3344,11.6178],[107.3365,11.6157],[107.3362,11.6138],[107.3365,11.6123],[107.3343,11.6091],[107.3341,11.6082],[107.3362,11.6078],[107.3381,11.6089],[107.3396,11.6072],[107.3408,11.6075],[107.3434,11.6074],[107.3461,11.6059],[107.3474,11.6047],[107.3475,11.6027],[107.3488,11.6002],[107.3501,11.5993],[107.3508,11.6003],[107.3528,11.5991],[107.3538,11.5974],[107.3537,11.5958],[107.3542,11.5944],[107.3552,11.5938],[107.3552,11.5925],[107.3543,11.5904],[107.3543,11.5893],[107.3519,11.5813],[107.3508,11.5799],[107.3544,11.5777],[107.3539,11.5753],[107.3558,11.5746],[107.3557,11.5738],[107.3576,11.5733],[107.3562,11.5697],[107.3557,11.5657],[107.3569,11.5622],[107.3571,11.5607],[107.3563,11.5581],[107.3549,11.5557],[107.3535,11.5552],[107.3497,11.5549],[107.3482,11.5538],[107.3471,11.5523],[107.3464,11.55],[107.3467,11.5445],[107.346,11.5434],[107.3434,11.543],[107.3406,11.5434],[107.3383,11.5443],[107.3374,11.5452],[107.335,11.549],[107.3339,11.5533],[107.3332,11.5538],[107.3305,11.5544],[107.3276,11.5545],[107.3235,11.5541],[107.3148,11.5542],[107.3127,11.5532],[107.3116,11.5536],[107.3103,11.5549],[107.3069,11.5609],[107.3055,11.5632],[107.303,11.5686],[107.3018,11.5703],[107.302,11.5712],[107.3036,11.5717],[107.3057,11.5715],[107.3075,11.5705],[107.3097,11.5679],[107.3106,11.5681],[107.3117,11.5698],[107.3121,11.5714],[107.3098,11.5732],[107.3056,11.5753],[107.3012,11.577],[107.3001,11.5778],[107.2989,11.5796],[107.2981,11.5816],[107.2974,11.585],[107.298,11.5865],[107.2998,11.589],[107.3012,11.5914],[107.3044,11.5961],[107.3065,11.5982],[107.3067,11.5994],[107.3059,11.6007],[107.3025,11.6039],[107.3008,11.6061],[107.3008,11.6081],[107.3015,11.6101],[107.3043,11.6156],[107.3045,11.617],[107.3034,11.6187],[107.2991,11.6221],[107.2925,11.6266],[107.2889,11.6298],[107.2869,11.6314],[107.2849,11.6322],[107.2789,11.6343],[107.276,11.6351],[107.2728,11.6356],[107.2701,11.6381],[107.2687,11.6413],[107.2687,11.6429],[107.2702,11.6458],[107.2729,11.6488],[107.2731,11.65],[107.2724,11.6517],[107.2711,11.6534],[107.269,11.6554],[107.2662,11.6571],[107.2657,11.6597],[107.2667,11.6623],[107.2702,11.6671],[107.2726,11.6707],[107.2765,11.678],[107.2777,11.6809],[107.2795,11.6825],[107.2823,11.6839],[107.2846,11.6854],[107.2851,11.6867],[107.2844,11.688],[107.283,11.689],[107.2796,11.6907],[107.2785,11.6924],[107.2791,11.6934],[107.2828,11.6966],[107.2841,11.6987],[107.284,11.7025],[107.2852,11.7079],[107.2858,11.7137],[107.2856,11.717],[107.2855,11.7238],[107.2862,11.7261],[107.2889,11.7289],[107.29,11.7296],[107.2937,11.7291],[107.2961,11.7291],[107.2972,11.7302],[107.298,11.7338],[107.2988,11.7357],[107.3006,11.7388],[107.3027,11.7399],[107.3045,11.74],[107.3091,11.7396],[107.3123,11.7399],[107.3157,11.7406],[107.3176,11.7424],[107.3198,11.7432],[107.3208,11.7447],[107.3232,11.7462],[107.3242,11.7482],[107.3272,11.7494],[107.3313,11.7479],[107.3355,11.7478],[107.3383,11.7484],[107.3397,11.7498],[107.3437,11.751],[107.3446,11.7502],[107.3478,11.7503],[107.3512,11.7523],[107.353,11.7525],[107.3552,11.7546],[107.3565,11.7568],[107.356,11.7584],[107.3565,11.7618],[107.3578,11.7622],[107.3589,11.7615],[107.3629,11.7608],[107.3645,11.7627],[107.3646,11.7651],[107.3664,11.7668],[107.3683,11.7675],[107.3709,11.7694],[107.3738,11.7708],[107.3751,11.7705],[107.3784,11.7708],[107.3798,11.7714],[107.3833,11.7718],[107.3859,11.7728],[107.3873,11.7725],[107.3886,11.7713],[107.3883,11.7694],[107.3898,11.7674],[107.3909,11.7667]]]},"properties":{"name":"Cát Tiên 2","level":"ward"}}]}