{"type":"FeatureCollection","features":[{"type":"Feature","geometry":{"type":"Polygon","coordinates":[[[106.3713,10.4028],[106.379,10.405],[106.3795,10.401],[106.3789,10.4003],[106.3778,10.3997],[106.3765,10.3992],[106.3765,10.395],[106.3766,10.3915],[106.376,10.3888],[106.376,10.3877],[106.3742,10.3873],[106.3722,10.3875],[106.3725,10.3818],[106.3722,10.3813],[106.3725,10.379],[106.3726,10.3765],[106.3718,10.3756],[106.3701,10.3752],[106.3657,10.3752],[106.3648,10.3738],[106.3653,10.3729],[106.3662,10.3727],[106.3652,10.3705],[106.3656,10.3694],[106.3652,10.3686],[106.3655,10.366],[106.3642,10.3657],[106.3627,10.3645],[106.3623,10.3637],[106.3611,10.3515],[106.3611,10.3505],[106.359,10.3492],[106.3572,10.3476],[106.3568,10.3476],[106.3566,10.3528],[106.3572,10.3571],[106.3536,10.36],[106.3526,10.3615],[106.3508,10.3599],[106.3488,10.3585],[106.3405,10.3585],[106.3405,10.3593],[106.3405,10.3641],[106.3413,10.3686],[106.3422,10.3686],[106.3446,10.3706],[106.344,10.3713],[106.3461,10.3726],[106.3458,10.3732],[106.3469,10.374],[106.3505,10.3708],[106.3511,10.3715],[106.3503,10.3747],[106.3489,10.3768],[106.3482,10.3784],[106.3468,10.38],[106.3456,10.3807],[106.3427,10.3807],[106.3422,10.3814],[106.3419,10.3853],[106.3419,10.3874],[106.3411,10.3898],[106.3384,10.3918],[106.338,10.3929],[106.3386,10.3934],[106.3415,10.3948],[106.3421,10.3954],[106.3426,10.3971],[106.3444,10.398],[106.3446,10.3989],[106.3442,10.4007],[106.3449,10.4027],[106.346,10.4029],[106.3464,10.4015],[106.349,10.4019],[106.3492,10.4014],[106.351,10.3993],[106.3511,10.3983],[106.3538,10.3967],[106.3561,10.3959],[106.3585,10.3967],[106.3624,10.3971],[106.3657,10.3972],[106.3645,10.4009],[106.3656,10.4012],[106.3679,10.4018],[106.3713,10.4028]]]},"properties":{"name":"Đạo Thạnh","level":"ward"}},{"type":"Feature","geometry":{"type":"Polygon","coordinates":[[[106.3572,10.3476],[106.359,10.3492],[106.3611,10.3505],[106.3611,10.3515],[106.3623,10.3637],[106.3627,10.3645],[106.3642,10.3657],[106.3655,10.366],[106.3669,10.3645],[106.3675,10.3647],[106.3694,10.3636],[106.3701,10.364],[106.3707,10.3653],[106.3752,10.3582],[106.3774,10.3587],[106.3825,10.3632],[106.3814,10.3564],[106.3815,10.3519],[106.3812,10.348],[106.3873,10.3459],[106.3887,10.3449],[106.3965,10.34],[106.4,10.3384],[106.3986,10.3357],[106.391,10.3381],[106.3873,10.339],[106.3827,10.3396],[106.3768,10.3398],[106.3727,10.3401],[106.3712,10.3418],[106.3697,10.3429],[106.3675,10.344],[106.3577,10.3476],[106.3572,10.3476]]]},"properties":{"name":"Mỹ Tho","level":"ward"}},{"type":"Feature","geometry":{"type":"Polygon","coordinates":[[[106.3405,10.3593],[106.3405,10.3585],[106.3488,10.3585],[106.3508,10.3599],[106.3526,10.3615],[106.3536,10.36],[106.3572,10.3571],[106.3566,10.3528],[106.3568,10.3476],[106.3572,10.3476],[106.3577,10.3476],[106.3675,10.344],[106.3697,10.3429],[106.3712,10.3418],[106.3727,10.3401],[106.3695,10.3398],[106.3647,10.339],[106.3528,10.3355],[106.3473,10.3337],[106.3434,10.3321],[106.3424,10.3313],[106.3414,10.3298],[106.3371,10.3286],[106.3272,10.3262],[106.3225,10.3254],[106.3178,10.3239],[106.3112,10.3211],[106.3072,10.3196],[106.3056,10.3192],[106.303,10.319],[106.3013,10.319],[106.2991,10.3196],[106.2968,10.3209],[106.2912,10.3255],[106.2893,10.3262],[106.286,10.3271],[106.2862,10.3309],[106.2897,10.3306],[106.2934,10.332],[106.295,10.3329],[106.2968,10.3334],[106.2987,10.3342],[106.3016,10.3351],[106.3056,10.3359],[106.3114,10.3368],[106.3136,10.3373],[106.3173,10.3381],[106.3182,10.3385],[106.3321,10.3414],[106.3342,10.3416],[106.3383,10.3424],[106.3404,10.343],[106.3391,10.3486],[106.3388,10.3492],[106.3374,10.3542],[106.3361,10.3545],[106.3361,10.3594],[106.3379,10.3598],[106.3405,10.3593]]]},"properties":{"name":"Thới Sơn","level":"ward"}},{"type":"Feature","geometry":{"type":"Polygon","coordinates":[[[106.3655,10.366],[106.3652,10.3686],[106.3656,10.3694],[106.3652,10.3705],[106.3662,10.3727],[106.3653,10.3729],[106.3648,10.3738],[106.3657,10.3752],[106.3701,10.3752],[106.3718,10.3756],[106.3726,10.3765],[106.3725,10.379],[106.3722,10.3813],[106.3725,10.3818],[106.3722,10.3875],[106.3742,10.3873],[106.376,10.3877],[106.376,10.3888],[106.3766,10.3915],[106.3765,10.395],[106.3765,10.3992],[106.3778,10.3997],[106.3789,10.4003],[106.3795,10.401],[106.379,10.405],[106.3792,10.405],[106.3847,10.4066],[106.3845,10.4034],[106.3849,10.4029],[106.3856,10.4015],[106.3872,10.3985],[106.3914,10.3962],[106.3942,10.3962],[106.3963,10.3961],[106.3969,10.3944],[106.3985,10.3958],[106.4004,10.3984],[106.401,10.4005],[106.402,10.4026],[106.4024,10.4024],[106.4019,10.4004],[106.4023,10.4002],[106.402,10.3982],[106.403,10.3976],[106.4029,10.3965],[106.4035,10.3961],[106.4031,10.3947],[106.4038,10.393],[106.4019,10.3914],[106.4059,10.3889],[106.4099,10.3866],[106.4089,10.3854],[106.4067,10.3808],[106.405,10.3781],[106.4078,10.3711],[106.4098,10.3682],[106.411,10.3658],[106.4126,10.3589],[106.4132,10.3559],[106.4135,10.3498],[106.4102,10.35],[106.4109,10.3433],[106.4085,10.3426],[106.4033,10.3404],[106.4016,10.3396],[106.4,10.3384],[106.3965,10.34],[106.3887,10.3449],[106.3873,10.3459],[106.3812,10.348],[106.3815,10.3519],[106.3814,10.3564],[106.3825,10.3632],[106.3774,10.3587],[106.3752,10.3582],[106.3707,10.3653],[106.3701,10.364],[106.3694,10.3636],[106.3675,10.3647],[106.3669,10.3645],[106.3655,10.366]]]},"properties":{"name":"Mỹ Phong","level":"ward"}},{"type":"Feature","geometry":{"type":"Polygon","coordinates":[[[106.338,10.3929],[106.3384,10.3918],[106.3411,10.3898],[106.3419,10.3874],[106.3419,10.3853],[106.3422,10.3814],[106.3427,10.3807],[106.3456,10.3807],[106.3468,10.38],[106.3482,10.3784],[106.3489,10.3768],[106.3503,10.3747],[106.3511,10.3715],[106.3505,10.3708],[106.3469,10.374],[106.3458,10.3732],[106.3461,10.3726],[106.344,10.3713],[106.3446,10.3706],[106.3422,10.3686],[106.3413,10.3686],[106.3405,10.3641],[106.3405,10.3593],[106.3379,10.3598],[106.3361,10.3594],[106.3361,10.3545],[106.3374,10.3542],[106.3388,10.3492],[106.3391,10.3486],[106.3404,10.343],[106.3383,10.3424],[106.3342,10.3416],[106.3321,10.3414],[106.3182,10.3385],[106.3173,10.3381],[106.3136,10.3373],[106.3127,10.3408],[106.308,10.3498],[106.3067,10.3536],[106.3052,10.3919],[106.3101,10.3908],[106.3099,10.3919],[106.3113,10.397],[106.3159,10.3955],[106.3164,10.3951],[106.3179,10.3995],[106.3189,10.4019],[106.3192,10.4031],[106.321,10.4023],[106.321,10.4007],[106.3243,10.3989],[106.3249,10.3982],[106.3276,10.397],[106.3294,10.3976],[106.3309,10.3964],[106.3335,10.3963],[106.3349,10.3941],[106.3367,10.3929],[106.338,10.3929]]]},"properties":{"name":"Trung An","level":"ward"}},{"type":"Feature","geometry":{"type":"Polygon","coordinates":[[[106.7148,10.3606],[106.7147,10.3593],[106.7138,10.3589],[106.692,10.3457],[106.6901,10.3482],[106.686,10.3543],[106.6848,10.3566],[106.6838,10.3564],[106.6816,10.3568],[106.6808,10.3562],[106.6742,10.3563],[106.6746,10.3593],[106.6762,10.3593],[106.6743,10.3654],[106.6735,10.3654],[106.6728,10.3673],[106.6706,10.3697],[106.6705,10.3704],[106.6727,10.3728],[106.6736,10.3729],[106.6739,10.3719],[106.677,10.3721],[106.6802,10.3703],[106.6864,10.3658],[106.6901,10.3695],[106.6964,10.3753],[106.6996,10.3791],[106.7025,10.3719],[106.7031,10.3707],[106.7148,10.3606]]]},"properties":{"name":"Long Thuận","level":"ward"}},{"type":"Feature","geometry":{"type":"Polygon","coordinates":[[[106.6705,10.3704],[106.6706,10.3697],[106.6728,10.3673],[106.6735,10.3654],[106.6743,10.3654],[106.6762,10.3593],[106.6746,10.3593],[106.6742,10.3563],[106.6808,10.3562],[106.6816,10.3568],[106.6838,10.3564],[106.6848,10.3566],[106.686,10.3543],[106.6901,10.3482],[106.692,10.3457],[106.6929,10.3442],[106.6869,10.3406],[106.6782,10.3355],[106.6742,10.3411],[106.6692,10.3397],[106.6603,10.338],[106.6514,10.3348],[106.6511,10.3355],[106.6523,10.341],[106.6515,10.3443],[106.6511,10.3472],[106.6513,10.3491],[106.6507,10.3534],[106.6517,10.3544],[106.6533,10.3547],[106.6547,10.3566],[106.6574,10.3562],[106.6599,10.3564],[106.6614,10.3568],[106.6609,10.3604],[106.6628,10.3607],[106.663,10.3616],[106.6657,10.3621],[106.6651,10.3657],[106.663,10.3678],[106.6622,10.3689],[106.6663,10.3713],[106.6685,10.3729],[106.6701,10.3726],[106.6706,10.3719],[106.6705,10.3704]]]},"properties":{"name":"Gò Công","level":"ward"}},{"type":"Feature","geometry":{"type":"Polygon","coordinates":[[[106.6685,10.3729],[106.6663,10.3713],[106.6622,10.3689],[106.663,10.3678],[106.6651,10.3657],[106.6657,10.3621],[106.663,10.3616],[106.6628,10.3607],[106.6609,10.3604],[106.6614,10.3568],[106.6599,10.3564],[106.6574,10.3562],[106.6547,10.3566],[106.6533,10.3547],[106.6517,10.3544],[106.6514,10.3556],[106.6513,10.3589],[106.6484,10.3587],[106.6465,10.3584],[106.6403,10.3692],[106.6355,10.3775],[106.6333,10.3801],[106.6345,10.381],[106.6334,10.3843],[106.6343,10.3843],[106.6343,10.3863],[106.6339,10.3872],[106.6341,10.3884],[106.6329,10.3893],[106.6319,10.3905],[106.6296,10.3911],[106.6277,10.3924],[106.6264,10.3927],[106.6257,10.3947],[106.625,10.398],[106.6264,10.3985],[106.6253,10.4015],[106.62,10.407],[106.6186,10.4075],[106.6181,10.4086],[106.6167,10.4098],[106.6171,10.4108],[106.6163,10.4113],[106.6154,10.4128],[106.6155,10.4136],[106.6137,10.414],[106.6133,10.415],[106.6124,10.4145],[106.6115,10.4149],[106.6116,10.4164],[106.6084,10.4177],[106.6085,10.4182],[106.6062,10.4194],[106.6055,10.4212],[106.6039,10.4226],[106.6018,10.422],[106.6011,10.4226],[106.6008,10.426],[106.6004,10.4264],[106.5958,10.4249],[106.5932,10.4243],[106.5913,10.4243],[106.5878,10.4254],[106.5858,10.428],[106.5849,10.4298],[106.5842,10.4325],[106.5843,10.4342],[106.5861,10.4365],[106.5883,10.4383],[106.5908,10.4368],[106.5929,10.4361],[106.5962,10.4358],[106.5998,10.4369],[106.602,10.4382],[106.6052,10.4409],[106.6081,10.443],[106.6127,10.4459],[106.6184,10.4489],[106.6253,10.4508],[106.6278,10.4521],[106.6299,10.4475],[106.6314,10.4464],[106.631,10.4447],[106.632,10.4429],[106.6317,10.4413],[106.6321,10.4403],[106.6346,10.4407],[106.6359,10.4405],[106.6362,10.4387],[106.6352,10.438],[106.6365,10.4367],[106.6363,10.4355],[106.635,10.4343],[106.6337,10.4343],[106.6333,10.4331],[106.6343,10.4327],[106.6355,10.4329],[106.6373,10.4315],[106.6372,10.4308],[106.6361,10.4298],[106.6365,10.4287],[106.6367,10.4271],[106.6371,10.4259],[106.636,10.4251],[106.6358,10.4234],[106.6373,10.4211],[106.6378,10.4194],[106.6398,10.4183],[106.6401,10.4169],[106.6403,10.4142],[106.6412,10.413],[106.6448,10.4115],[106.6486,10.4091],[106.6502,10.4086],[106.6527,10.4088],[106.6535,10.4082],[106.6548,10.4066],[106.6569,10.4044],[106.6578,10.4025],[106.6597,10.3997],[106.66,10.3982],[106.6618,10.3948],[106.6614,10.3933],[106.66,10.392],[106.6573,10.3911],[106.6566,10.3903],[106.6568,10.3889],[106.66,10.3873],[106.6604,10.3859],[106.6596,10.384],[106.6595,10.3827],[106.6601,10.3815],[106.6641,10.3787],[106.6649,10.3776],[106.6662,10.377],[106.6679,10.3779],[106.6691,10.3778],[106.6694,10.3759],[106.6676,10.3735],[106.6685,10.3729]]]},"properties":{"name":"Bình Xuân","level":"ward"}},{"type":"Feature","geometry":{"type":"Polygon","coordinates":[[[106.3104,10.5654],[106.3088,10.5648],[106.2935,10.5595],[106.2878,10.5575],[106.2708,10.5516],[106.26,10.548],[106.2485,10.5439],[106.2297,10.5375],[106.2402,10.5253],[106.241,10.5259],[106.243,10.522],[106.25,10.5141],[106.2541,10.511],[106.2533,10.5105],[106.2578,10.5052],[106.254,10.5023],[106.2486,10.4989],[106.2342,10.4912],[106.2266,10.4875],[106.2238,10.4869],[106.2206,10.4871],[106.2148,10.4867],[106.2136,10.4863],[106.2089,10.4839],[106.2015,10.4791],[106.2024,10.4769],[106.2046,10.4765],[106.1998,10.4673],[106.1979,10.4638],[106.1855,10.471],[106.1852,10.4738],[106.179,10.4738],[106.1784,10.4738],[106.177,10.478],[106.1757,10.4821],[106.1744,10.4875],[106.1742,10.4887],[106.1746,10.5193],[106.1871,10.5234],[106.1864,10.5421],[106.1861,10.5525],[106.1857,10.5798],[106.1971,10.5804],[106.1978,10.5805],[106.2039,10.5793],[106.2058,10.5793],[106.2154,10.5802],[106.2187,10.5805],[106.2415,10.5827],[106.2709,10.5856],[106.2754,10.586],[106.2862,10.587],[106.2868,10.5863],[106.2949,10.5782],[106.3049,10.5698],[106.3057,10.5694],[106.3097,10.5664],[106.3104,10.5654]]]},"properties":{"name":"Tân Phước 1","level":"ward"}},{"type":"Feature","geometry":{"type":"Polygon","coordinates":[[[106.1857,10.5798],[106.1861,10.5525],[106.1864,10.5421],[106.1871,10.5234],[106.1746,10.5193],[106.1742,10.4887],[106.1744,10.4875],[106.1757,10.4821],[106.177,10.478],[106.1784,10.4738],[106.1624,10.478],[106.153,10.4804],[106.1439,10.4828],[106.144,10.488],[106.14,10.4893],[106.1363,10.4896],[106.1321,10.4908],[106.1263,10.492],[106.1163,10.4948],[106.1127,10.4957],[106.1062,10.4971],[106.0984,10.4991],[106.0948,10.5115],[106.0932,10.5151],[106.092,10.5189],[106.0896,10.5234],[106.0926,10.5231],[106.1025,10.5228],[106.1022,10.535],[106.1021,10.54],[106.1012,10.5759],[106.122,10.5769],[106.1275,10.5771],[106.1385,10.5775],[106.1769,10.5794],[106.1857,10.5798]]]},"properties":{"name":"Tân Phước 2","level":"ward"}},{"type":"Feature","geometry":{"type":"Polygon","coordinates":[[[106.2578,10.5052],[106.2533,10.5105],[106.2541,10.511],[106.25,10.5141],[106.243,10.522],[106.241,10.5259],[106.2402,10.5253],[106.2297,10.5375],[106.2485,10.5439],[106.26,10.548],[106.2708,10.5516],[106.2878,10.5575],[106.2935,10.5595],[106.3088,10.5648],[106.3104,10.5654],[106.3176,10.5702],[106.3184,10.5708],[106.321,10.5693],[106.3221,10.568],[106.3232,10.566],[106.3246,10.5646],[106.3262,10.5624],[106.3278,10.5606],[106.3294,10.5595],[106.3312,10.5573],[106.3337,10.5548],[106.3356,10.5518],[106.3357,10.5509],[106.3383,10.5486],[106.3399,10.5484],[106.341,10.5467],[106.3429,10.5454],[106.344,10.5442],[106.3461,10.5433],[106.3481,10.5447],[106.3486,10.5437],[106.3471,10.5423],[106.3476,10.5413],[106.3489,10.5408],[106.3489,10.54],[106.3482,10.5385],[106.3479,10.5364],[106.3478,10.5299],[106.3477,10.5289],[106.3469,10.5277],[106.3456,10.5239],[106.345,10.5215],[106.3469,10.5211],[106.3473,10.52],[106.3475,10.5178],[106.3471,10.5165],[106.3446,10.5165],[106.3423,10.5158],[106.3436,10.5106],[106.3416,10.5106],[106.3365,10.511],[106.3333,10.5119],[106.331,10.5129],[106.3295,10.5133],[106.3261,10.5084],[106.3256,10.5073],[106.3311,10.5056],[106.3292,10.5007],[106.3261,10.5015],[106.322,10.499],[106.3206,10.5024],[106.3193,10.5012],[106.3191,10.5001],[106.3181,10.4998],[106.314,10.497],[106.3087,10.4963],[106.3052,10.494],[106.3021,10.4917],[106.2957,10.4874],[106.2924,10.4853],[106.2916,10.4899],[106.2899,10.499],[106.2895,10.5015],[106.2869,10.5158],[106.2798,10.5117],[106.272,10.5067],[106.2661,10.5029],[106.2618,10.5006],[106.2587,10.5055],[106.2578,10.5052]]]},"properties":{"name":"Hưng Thạnh","level":"ward"}},{"type":"Feature","geometry":{"type":"Polygon","coordinates":[[[106.179,10.4738],[106.1852,10.4738],[106.1855,10.471],[106.1979,10.4638],[106.1998,10.4673],[106.2046,10.4765],[106.2024,10.4769],[106.2015,10.4791],[106.2089,10.4839],[106.2136,10.4863],[106.2148,10.4867],[106.2206,10.4871],[106.2238,10.4869],[106.2266,10.4875],[106.2342,10.4912],[106.2486,10.4989],[106.254,10.5023],[106.2578,10.5052],[106.2587,10.5055],[106.2618,10.5006],[106.2661,10.5029],[106.272,10.5067],[106.2798,10.5117],[106.2869,10.5158],[106.2895,10.5015],[106.2899,10.499],[106.2916,10.4899],[106.2924,10.4853],[106.2957,10.4874],[106.3021,10.4917],[106.3052,10.494],[106.3087,10.4963],[106.314,10.497],[106.3159,10.4929],[106.319,10.4872],[106.3194,10.4869],[106.3231,10.4798],[106.3245,10.4679],[106.3252,10.4627],[106.3265,10.46],[106.3189,10.4598],[106.319,10.457],[106.3197,10.4546],[106.3206,10.4546],[106.3217,10.4514],[106.3208,10.4508],[106.3193,10.4503],[106.318,10.4504],[106.3177,10.4518],[106.3127,10.4513],[106.3034,10.45],[106.2986,10.4493],[106.3,10.442],[106.2872,10.4398],[106.2858,10.4396],[106.2722,10.4371],[106.2715,10.4409],[106.2619,10.4351],[106.2608,10.435],[106.2538,10.4338],[106.2486,10.4328],[106.2485,10.4326],[106.2389,10.4309],[106.2385,10.4335],[106.2372,10.4362],[106.2349,10.4406],[106.2362,10.4417],[106.2306,10.4449],[106.2238,10.4488],[106.2138,10.4546],[106.2123,10.4511],[106.2114,10.448],[106.2097,10.4471],[106.2087,10.4477],[106.2073,10.4457],[106.2059,10.4486],[106.203,10.4549],[106.2022,10.4551],[106.1919,10.4545],[106.1907,10.4535],[106.1882,10.4553],[106.1877,10.4562],[106.1849,10.4575],[106.1871,10.4602],[106.187,10.4662],[106.1842,10.4686],[106.1819,10.4703],[106.1818,10.471],[106.1799,10.4728],[106.179,10.4738]]]},"properties":{"name":"Tân Phước 3","level":"ward"}},{"type":"Feature","geometry":{"type":"Polygon","coordinates":[[[106.0338,10.3582],[106.0343,10.3553],[106.0351,10.3542],[106.0352,10.3532],[106.0369,10.3535],[106.0363,10.3508],[106.0414,10.3503],[106.0414,10.3488],[106.0426,10.3482],[106.0446,10.3464],[106.0478,10.3448],[106.0474,10.3438],[106.0478,10.3423],[106.0471,10.342],[106.0468,10.3359],[106.0484,10.3353],[106.0503,10.3351],[106.0527,10.3346],[106.0528,10.3338],[106.054,10.3317],[106.0546,10.3314],[106.0537,10.325],[106.0533,10.3231],[106.0519,10.3229],[106.0514,10.3207],[106.042,10.3235],[106.0335,10.3257],[106.0318,10.3258],[106.0294,10.3252],[106.0235,10.3227],[106.0177,10.3205],[106.0118,10.3181],[106.008,10.3204],[106.0031,10.3229],[105.9973,10.3268],[105.9933,10.3298],[105.991,10.3308],[105.9882,10.3315],[105.9858,10.3314],[105.9831,10.331],[105.9791,10.3293],[105.9758,10.3272],[105.974,10.33],[105.9726,10.3324],[105.9709,10.3345],[105.969,10.3354],[105.9685,10.3361],[105.9674,10.3365],[105.9703,10.3402],[105.9701,10.3405],[105.9768,10.3496],[105.9767,10.3508],[105.9747,10.3544],[105.9744,10.3565],[105.976,10.3608],[105.9771,10.3633],[105.9765,10.3636],[105.9787,10.3679],[105.976,10.3716],[105.9747,10.3757],[105.973,10.3799],[105.9742,10.381],[105.9738,10.3821],[105.9733,10.3857],[105.9714,10.3897],[105.971,10.391],[105.9692,10.3947],[105.9702,10.3965],[105.9696,10.397],[105.9724,10.4059],[105.9731,10.407],[105.9746,10.4063],[105.9769,10.4044],[105.9779,10.4027],[105.9807,10.399],[105.983,10.3982],[105.9866,10.3984],[105.9894,10.3976],[105.9896,10.3972],[105.9932,10.3926],[105.9905,10.3882],[105.9854,10.3873],[105.9858,10.3849],[105.9853,10.3844],[105.9871,10.383],[105.9862,10.3812],[105.9912,10.3772],[105.9907,10.3745],[105.9902,10.373],[105.9913,10.3714],[105.9925,10.3707],[105.9946,10.3707],[105.9951,10.3688],[105.9974,10.3695],[105.9978,10.368],[105.9989,10.3673],[105.9987,10.364],[105.9991,10.3631],[106.0193,10.3659],[106.0187,10.3637],[106.0176,10.3626],[106.0189,10.361],[106.0194,10.3616],[106.0223,10.3615],[106.0227,10.3622],[106.0236,10.3602],[106.0246,10.3606],[106.025,10.3589],[106.0259,10.3574],[106.0267,10.3574],[106.0274,10.3565],[106.0286,10.3583],[106.0307,10.3582],[106.032,10.3593],[106.0333,10.3582],[106.0338,10.3582]]]},"properties":{"name":"Cái Bè","level":"ward"}},{"type":"Feature","geometry":{"type":"Polygon","coordinates":[[[105.9731,10.407],[105.9724,10.4059],[105.9712,10.406],[105.967,10.4105],[105.9662,10.4124],[105.9637,10.4191],[105.9578,10.428],[105.9569,10.4291],[105.9582,10.4309],[105.952,10.4366],[105.95,10.4406],[105.9493,10.4415],[105.9484,10.4475],[105.9491,10.4603],[105.9397,10.4602],[105.9404,10.473],[105.9406,10.4766],[105.9416,10.4944],[105.9419,10.511],[105.9419,10.517],[105.9418,10.5255],[105.9418,10.5342],[105.9416,10.5364],[105.9458,10.5361],[105.9613,10.535],[105.968,10.5346],[105.9781,10.5339],[105.9868,10.5333],[105.9995,10.5325],[106.0014,10.5323],[106.001,10.5002],[106.0009,10.499],[106.0008,10.4894],[106.0006,10.4708],[106.0028,10.4678],[106.0094,10.4618],[106.0081,10.46],[106.0085,10.4592],[106.0071,10.4572],[106.0014,10.4487],[106.0011,10.4471],[106.0002,10.446],[106.0001,10.4431],[106.0002,10.4386],[105.9992,10.4392],[105.997,10.4356],[105.994,10.4313],[105.9928,10.4289],[105.9924,10.4252],[105.9895,10.4208],[105.9875,10.4194],[105.985,10.4174],[105.9797,10.4137],[105.9775,10.4118],[105.9755,10.4099],[105.9731,10.407]]]},"properties":{"name":"Hậu Mỹ","level":"ward"}},{"type":"Feature","geometry":{"type":"Polygon","coordinates":[[[105.9724,10.4059],[105.9696,10.397],[105.9673,10.3987],[105.9584,10.3836],[105.9557,10.3812],[105.9541,10.3801],[105.9507,10.3812],[105.9499,10.3805],[105.9481,10.3817],[105.9463,10.3813],[105.946,10.3798],[105.9445,10.3801],[105.9432,10.3808],[105.9417,10.3826],[105.9388,10.383],[105.9384,10.3865],[105.9366,10.3991],[105.9364,10.3999],[105.9293,10.4005],[105.9257,10.4011],[105.9195,10.4012],[105.9157,10.4001],[105.917,10.3985],[105.9183,10.3975],[105.9226,10.3923],[105.9211,10.392],[105.9195,10.3895],[105.9213,10.388],[105.921,10.3876],[105.9178,10.386],[105.9167,10.3853],[105.9177,10.3832],[105.9109,10.3854],[105.9088,10.3856],[105.8986,10.3864],[105.8921,10.3873],[105.8937,10.3998],[105.8946,10.4064],[105.8975,10.4283],[105.8977,10.4302],[105.8941,10.4308],[105.8907,10.4271],[105.8895,10.4273],[105.8868,10.4243],[105.8801,10.4295],[105.8935,10.4437],[105.9,10.4505],[105.9053,10.4563],[105.9082,10.4592],[105.9249,10.4769],[105.9416,10.4944],[105.9406,10.4766],[105.9404,10.473],[105.9397,10.4602],[105.9491,10.4603],[105.9484,10.4475],[105.9493,10.4415],[105.95,10.4406],[105.952,10.4366],[105.9582,10.4309],[105.9569,10.4291],[105.9578,10.428],[105.9637,10.4191],[105.9662,10.4124],[105.967,10.4105],[105.9712,10.406],[105.9724,10.4059]]]},"properties":{"name":"Mỹ Thiện","level":"ward"}},{"type":"Feature","geometry":{"type":"Polygon","coordinates":[[[106.0338,10.3582],[106.0333,10.3582],[106.032,10.3593],[106.0307,10.3582],[106.0286,10.3583],[106.0274,10.3565],[106.0267,10.3574],[106.0259,10.3574],[106.025,10.3589],[106.0246,10.3606],[106.0236,10.3602],[106.0227,10.3622],[106.0223,10.3615],[106.0194,10.3616],[106.0189,10.361],[106.0176,10.3626],[106.0187,10.3637],[106.0193,10.3659],[105.9991,10.3631],[105.9987,10.364],[105.9989,10.3673],[105.9978,10.368],[105.9974,10.3695],[105.9951,10.3688],[105.9946,10.3707],[105.9925,10.3707],[105.9913,10.3714],[105.9902,10.373],[105.9907,10.3745],[105.9912,10.3772],[105.9862,10.3812],[105.9871,10.383],[105.9853,10.3844],[105.9858,10.3849],[105.9854,10.3873],[105.9905,10.3882],[105.9932,10.3926],[105.9896,10.3972],[105.9894,10.3976],[105.9866,10.3984],[105.983,10.3982],[105.9807,10.399],[105.9779,10.4027],[105.9769,10.4044],[105.9746,10.4063],[105.9731,10.407],[105.9755,10.4099],[105.9775,10.4118],[105.9797,10.4137],[105.985,10.4174],[105.9875,10.4194],[105.9895,10.4208],[105.9924,10.4252],[105.9928,10.4289],[105.994,10.4313],[105.997,10.4356],[105.9992,10.4392],[106.0002,10.4386],[106.0001,10.4431],[106.0002,10.446],[106.0011,10.4471],[106.0014,10.4487],[106.0071,10.4572],[106.0085,10.4592],[106.0134,10.4524],[106.0193,10.4439],[106.0249,10.4359],[106.0269,10.433],[106.0291,10.43],[106.0326,10.4249],[106.0357,10.4203],[106.0339,10.4191],[106.0339,10.4166],[106.0328,10.413],[106.0327,10.4119],[106.0319,10.411],[106.0365,10.4059],[106.0408,10.4016],[106.0404,10.4004],[106.0437,10.398],[106.0467,10.3954],[106.0465,10.3942],[106.0419,10.375],[106.0418,10.374],[106.0409,10.3703],[106.0403,10.3694],[106.0381,10.3685],[106.0384,10.3667],[106.0369,10.3662],[106.0359,10.3651],[106.0343,10.3613],[106.0338,10.3582]]]},"properties":{"name":"Hội Cư","level":"ward"}},{"type":"Feature","geometry":{"type":"Polygon","coordinates":[[[105.9696,10.397],[105.9702,10.3965],[105.9692,10.3947],[105.971,10.391],[105.9714,10.3897],[105.9733,10.3857],[105.9738,10.3821],[105.9742,10.381],[105.973,10.3799],[105.9747,10.3757],[105.976,10.3716],[105.9787,10.3679],[105.9765,10.3636],[105.9771,10.3633],[105.976,10.3608],[105.9744,10.3565],[105.9747,10.3544],[105.9767,10.3508],[105.9768,10.3496],[105.9701,10.3405],[105.9703,10.3402],[105.9674,10.3365],[105.9685,10.3361],[105.969,10.3354],[105.9709,10.3345],[105.9726,10.3324],[105.974,10.33],[105.97,10.3301],[105.9654,10.3296],[105.9624,10.3285],[105.9608,10.3301],[105.9589,10.3282],[105.9566,10.3296],[105.9553,10.3311],[105.9528,10.3329],[105.9518,10.332],[105.9513,10.3332],[105.95,10.3329],[105.945,10.3334],[105.9441,10.3329],[105.942,10.3341],[105.9418,10.3353],[105.9402,10.3362],[105.9397,10.3355],[105.9375,10.3354],[105.9352,10.3362],[105.9335,10.3361],[105.9307,10.3364],[105.9293,10.3369],[105.9275,10.3371],[105.9265,10.3383],[105.9261,10.3379],[105.9257,10.3387],[105.9264,10.3395],[105.925,10.3413],[105.9233,10.3443],[105.9209,10.347],[105.9201,10.3464],[105.9181,10.3491],[105.916,10.3507],[105.9153,10.3507],[105.9126,10.3531],[105.9121,10.3526],[105.9092,10.3547],[105.9085,10.3546],[105.9063,10.3556],[105.904,10.3564],[105.9031,10.3574],[105.901,10.3578],[105.9005,10.3575],[105.8987,10.3587],[105.8972,10.3607],[105.895,10.3614],[105.8931,10.3627],[105.8972,10.3686],[105.8964,10.3711],[105.8996,10.3713],[105.8995,10.3724],[105.9002,10.3736],[105.901,10.3736],[105.9007,10.3759],[105.8994,10.3773],[105.8992,10.3787],[105.8999,10.3798],[105.8995,10.381],[105.8987,10.3813],[105.8977,10.3835],[105.8982,10.3846],[105.8994,10.3857],[105.8986,10.3864],[105.9088,10.3856],[105.9109,10.3854],[105.9177,10.3832],[105.9167,10.3853],[105.9178,10.386],[105.921,10.3876],[105.9213,10.388],[105.9195,10.3895],[105.9211,10.392],[105.9226,10.3923],[105.9183,10.3975],[105.917,10.3985],[105.9157,10.4001],[105.9195,10.4012],[105.9257,10.4011],[105.9293,10.4005],[105.9364,10.3999],[105.9366,10.3991],[105.9384,10.3865],[105.9388,10.383],[105.9417,10.3826],[105.9432,10.3808],[105.9445,10.3801],[105.946,10.3798],[105.9463,10.3813],[105.9481,10.3817],[105.9499,10.3805],[105.9507,10.3812],[105.9541,10.3801],[105.9557,10.3812],[105.9584,10.3836],[105.9673,10.3987],[105.9696,10.397]]]},"properties":{"name":"Mỹ Đức Tây","level":"ward"}},{"type":"Feature","geometry":{"type":"Polygon","coordinates":[[[105.8801,10.4295],[105.8868,10.4243],[105.8895,10.4273],[105.8907,10.4271],[105.8941,10.4308],[105.8977,10.4302],[105.8975,10.4283],[105.8946,10.4064],[105.8937,10.3998],[105.8921,10.3873],[105.8986,10.3864],[105.8994,10.3857],[105.8982,10.3846],[105.8977,10.3835],[105.8987,10.3813],[105.8995,10.381],[105.8999,10.3798],[105.8992,10.3787],[105.8994,10.3773],[105.9007,10.3759],[105.901,10.3736],[105.9002,10.3736],[105.8995,10.3724],[105.8996,10.3713],[105.8964,10.3711],[105.8972,10.3686],[105.8931,10.3627],[105.895,10.3614],[105.8972,10.3607],[105.8987,10.3587],[105.9005,10.3575],[105.901,10.3578],[105.9031,10.3574],[105.904,10.3564],[105.9063,10.3556],[105.9085,10.3546],[105.9092,10.3547],[105.9121,10.3526],[105.9126,10.3531],[105.9153,10.3507],[105.916,10.3507],[105.9181,10.3491],[105.9201,10.3464],[105.9209,10.347],[105.9233,10.3443],[105.925,10.3413],[105.9264,10.3395],[105.9257,10.3387],[105.9261,10.3379],[105.9247,10.3372],[105.9238,10.3357],[105.9237,10.3345],[105.9216,10.3337],[105.9209,10.3329],[105.9236,10.3314],[105.9236,10.3294],[105.9223,10.3281],[105.922,10.3228],[105.9216,10.3202],[105.9211,10.3175],[105.9193,10.3189],[105.9171,10.3188],[105.9161,10.318],[105.9152,10.3182],[105.9145,10.3164],[105.912,10.3159],[105.9088,10.316],[105.9076,10.3164],[105.9073,10.3173],[105.9092,10.3177],[105.9094,10.3196],[105.908,10.3212],[105.9085,10.3262],[105.9043,10.3279],[105.9024,10.329],[105.9008,10.3294],[105.901,10.3331],[105.9006,10.333],[105.9004,10.3394],[105.8964,10.3412],[105.8939,10.3422],[105.8935,10.3411],[105.8913,10.3417],[105.8902,10.3427],[105.8848,10.3437],[105.8848,10.346],[105.8842,10.3465],[105.8842,10.3481],[105.8815,10.348],[105.8821,10.35],[105.8788,10.349],[105.8784,10.3508],[105.8784,10.3518],[105.8729,10.353],[105.8734,10.3574],[105.8724,10.3578],[105.8691,10.3581],[105.8691,10.3588],[105.8642,10.3593],[105.8649,10.3614],[105.8657,10.3654],[105.8639,10.3654],[105.8643,10.3667],[105.864,10.3689],[105.862,10.374],[105.8591,10.3736],[105.8584,10.3713],[105.8579,10.3712],[105.8566,10.372],[105.8543,10.3659],[105.852,10.3668],[105.8515,10.3675],[105.8478,10.3688],[105.8456,10.3694],[105.8539,10.3925],[105.8582,10.404],[105.8597,10.4077],[105.8662,10.4147],[105.8696,10.4183],[105.8801,10.4295]]]},"properties":{"name":"Mỹ Lợi","level":"ward"}},{"type":"Feature","geometry":{"type":"Polygon","coordinates":[[[105.8456,10.3694],[105.8478,10.3688],[105.8515,10.3675],[105.852,10.3668],[105.8543,10.3659],[105.8566,10.372],[105.8579,10.3712],[105.8584,10.3713],[105.8591,10.3736],[105.862,10.374],[105.864,10.3689],[105.8643,10.3667],[105.8639,10.3654],[105.8657,10.3654],[105.8649,10.3614],[105.8642,10.3593],[105.8691,10.3588],[105.8691,10.3581],[105.8724,10.3578],[105.8734,10.3574],[105.8729,10.353],[105.8784,10.3518],[105.8784,10.3508],[105.8788,10.349],[105.8821,10.35],[105.8815,10.348],[105.8842,10.3481],[105.8842,10.3465],[105.8848,10.346],[105.8848,10.3437],[105.8902,10.3427],[105.8913,10.3417],[105.8935,10.3411],[105.8939,10.3422],[105.8964,10.3412],[105.9004,10.3394],[105.9006,10.333],[105.901,10.3331],[105.9008,10.3294],[105.9024,10.329],[105.9043,10.3279],[105.9085,10.3262],[105.908,10.3212],[105.9094,10.3196],[105.9092,10.3177],[105.9073,10.3173],[105.9065,10.3183],[105.9054,10.3182],[105.905,10.3165],[105.9039,10.3154],[105.902,10.3144],[105.9011,10.3168],[105.9005,10.317],[105.8986,10.3162],[105.8969,10.3161],[105.8928,10.3147],[105.8927,10.3157],[105.8897,10.3155],[105.8889,10.3158],[105.8873,10.3152],[105.8865,10.316],[105.8853,10.3163],[105.8834,10.3162],[105.8813,10.3155],[105.8805,10.3161],[105.8779,10.3169],[105.8747,10.3169],[105.8731,10.3184],[105.8725,10.3196],[105.8699,10.3224],[105.869,10.322],[105.8689,10.3189],[105.8687,10.3163],[105.868,10.3154],[105.8682,10.3132],[105.8689,10.3118],[105.8708,10.3133],[105.8721,10.3135],[105.8737,10.3126],[105.8744,10.3111],[105.8737,10.3091],[105.8725,10.3071],[105.868,10.3062],[105.8677,10.3058],[105.8656,10.3054],[105.8651,10.3068],[105.8657,10.3076],[105.8648,10.3088],[105.8633,10.3079],[105.8617,10.3058],[105.8578,10.3093],[105.8566,10.3086],[105.8529,10.3084],[105.8537,10.3065],[105.8539,10.3036],[105.8532,10.3015],[105.8532,10.2978],[105.8365,10.2987],[105.8358,10.3052],[105.8324,10.3069],[105.8304,10.3073],[105.8279,10.3067],[105.8251,10.3079],[105.823,10.3084],[105.8216,10.309],[105.8211,10.3106],[105.8216,10.3126],[105.8229,10.3141],[105.8266,10.3159],[105.8286,10.3173],[105.8303,10.318],[105.8267,10.3201],[105.8251,10.3203],[105.819,10.3219],[105.8167,10.3223],[105.8177,10.3255],[105.8177,10.3268],[105.8187,10.3305],[105.819,10.3353],[105.819,10.3377],[105.8194,10.3417],[105.8191,10.346],[105.8187,10.3472],[105.8178,10.3524],[105.818,10.3534],[105.8173,10.3544],[105.8158,10.3704],[105.819,10.3704],[105.83,10.3697],[105.8358,10.3694],[105.8403,10.3677],[105.8445,10.3662],[105.8456,10.3694]]]},"properties":{"name":"Thanh Hưng","level":"ward"}},{"type":"Feature","geometry":{"type":"Polygon","coordinates":[[[105.974,10.33],[105.9758,10.3272],[105.9745,10.3264],[105.9654,10.3179],[105.9574,10.3115],[105.9524,10.3071],[105.9507,10.3052],[105.9473,10.3023],[105.9454,10.3012],[105.9425,10.2991],[105.9366,10.2937],[105.9351,10.2919],[105.9342,10.2905],[105.9324,10.2889],[105.9313,10.2876],[105.927,10.284],[105.9261,10.2834],[105.9232,10.2823],[105.9202,10.2807],[105.9126,10.2785],[105.9056,10.2754],[105.9014,10.2742],[105.9003,10.2742],[105.8976,10.2747],[105.8942,10.2758],[105.8934,10.2764],[105.8919,10.2781],[105.8855,10.2836],[105.8833,10.2856],[105.8813,10.287],[105.8782,10.2898],[105.8768,10.2908],[105.8707,10.2933],[105.8605,10.2968],[105.8565,10.2975],[105.8532,10.2978],[105.8532,10.3015],[105.8539,10.3036],[105.8537,10.3065],[105.8529,10.3084],[105.8566,10.3086],[105.8578,10.3093],[105.8617,10.3058],[105.8633,10.3079],[105.8648,10.3088],[105.8657,10.3076],[105.8651,10.3068],[105.8656,10.3054],[105.8677,10.3058],[105.868,10.3062],[105.8725,10.3071],[105.8737,10.3091],[105.8744,10.3111],[105.8737,10.3126],[105.8721,10.3135],[105.8708,10.3133],[105.8689,10.3118],[105.8682,10.3132],[105.868,10.3154],[105.8687,10.3163],[105.8689,10.3189],[105.869,10.322],[105.8699,10.3224],[105.8725,10.3196],[105.8731,10.3184],[105.8747,10.3169],[105.8779,10.3169],[105.8805,10.3161],[105.8813,10.3155],[105.8834,10.3162],[105.8853,10.3163],[105.8865,10.316],[105.8873,10.3152],[105.8889,10.3158],[105.8897,10.3155],[105.8927,10.3157],[105.8928,10.3147],[105.8969,10.3161],[105.8986,10.3162],[105.9005,10.317],[105.9011,10.3168],[105.902,10.3144],[105.9039,10.3154],[105.905,10.3165],[105.9054,10.3182],[105.9065,10.3183],[105.9073,10.3173],[105.9076,10.3164],[105.9088,10.316],[105.912,10.3159],[105.9145,10.3164],[105.9152,10.3182],[105.9161,10.318],[105.9171,10.3188],[105.9193,10.3189],[105.9211,10.3175],[105.9216,10.3202],[105.922,10.3228],[105.9223,10.3281],[105.9236,10.3294],[105.9236,10.3314],[105.9209,10.3329],[105.9216,10.3337],[105.9237,10.3345],[105.9238,10.3357],[105.9247,10.3372],[105.9261,10.3379],[105.9265,10.3383],[105.9275,10.3371],[105.9293,10.3369],[105.9307,10.3364],[105.9335,10.3361],[105.9352,10.3362],[105.9375,10.3354],[105.9397,10.3355],[105.9402,10.3362],[105.9418,10.3353],[105.942,10.3341],[105.9441,10.3329],[105.945,10.3334],[105.95,10.3329],[105.9513,10.3332],[105.9518,10.332],[105.9528,10.3329],[105.9553,10.3311],[105.9566,10.3296],[105.9589,10.3282],[105.9608,10.3301],[105.9624,10.3285],[105.9654,10.3296],[105.97,10.3301],[105.974,10.33]]]},"properties":{"name":"An Hữu","level":"ward"}},{"type":"Feature","geometry":{"type":"Polygon","coordinates":[[[106.0984,10.4991],[106.1062,10.4971],[106.1127,10.4957],[106.1163,10.4948],[106.1263,10.492],[106.1321,10.4908],[106.1363,10.4896],[106.14,10.4893],[106.144,10.488],[106.1439,10.4828],[106.1436,10.4734],[106.1446,10.4679],[106.146,10.4614],[106.1446,10.4605],[106.1414,10.4598],[106.1402,10.4591],[106.1383,10.4588],[106.1382,10.4574],[106.1402,10.4558],[106.141,10.4555],[106.142,10.4543],[106.142,10.4525],[106.1411,10.451],[106.1413,10.4484],[106.142,10.4461],[106.1422,10.4442],[106.1429,10.443],[106.143,10.442],[106.1438,10.4404],[106.1463,10.4375],[106.1488,10.4351],[106.1388,10.4304],[106.1384,10.4282],[106.1375,10.4193],[106.1374,10.4152],[106.1337,10.4155],[106.1327,10.4149],[106.1325,10.4114],[106.1304,10.4122],[106.1286,10.4124],[106.1258,10.4124],[106.1228,10.4127],[106.1226,10.4083],[106.122,10.4081],[106.1216,10.4045],[106.1177,10.4052],[106.1162,10.4058],[106.1167,10.4083],[106.1177,10.4115],[106.1177,10.4131],[106.117,10.4153],[106.1167,10.4171],[106.117,10.4199],[106.118,10.4209],[106.1147,10.424],[106.1148,10.4321],[106.1194,10.4334],[106.1172,10.4348],[106.1178,10.438],[106.1173,10.4392],[106.1197,10.4418],[106.12,10.4429],[106.119,10.4451],[106.1196,10.4478],[106.119,10.4483],[106.1145,10.4468],[106.1137,10.448],[106.114,10.4492],[106.1118,10.4505],[106.1115,10.4528],[106.1095,10.4531],[106.108,10.4536],[106.1081,10.4562],[106.1079,10.4594],[106.1027,10.4623],[106.0929,10.4679],[106.0929,10.4769],[106.0928,10.4824],[106.0939,10.4829],[106.0902,10.4917],[106.0915,10.4964],[106.0955,10.4954],[106.0955,10.4958],[106.0939,10.4997],[106.0939,10.5001],[106.0984,10.4991]]]},"properties":{"name":"Mỹ Phước Tây","level":"ward"}},{"type":"Feature","geometry":{"type":"Polygon","coordinates":[[[106.0929,10.4679],[106.1027,10.4623],[106.1079,10.4594],[106.1081,10.4562],[106.108,10.4536],[106.1095,10.4531],[106.1115,10.4528],[106.1118,10.4505],[106.114,10.4492],[106.1137,10.448],[106.1145,10.4468],[106.119,10.4483],[106.1196,10.4478],[106.119,10.4451],[106.12,10.4429],[106.1197,10.4418],[106.1173,10.4392],[106.1178,10.438],[106.1172,10.4348],[106.1194,10.4334],[106.1148,10.4321],[106.1147,10.424],[106.118,10.4209],[106.117,10.4199],[106.1167,10.4171],[106.117,10.4153],[106.1177,10.4131],[106.1177,10.4115],[106.1167,10.4083],[106.1162,10.4058],[106.1156,10.4045],[106.1137,10.402],[106.1128,10.3995],[106.1122,10.3966],[106.1115,10.3952],[106.1105,10.3943],[106.1113,10.3936],[106.112,10.3943],[106.1133,10.3938],[106.1161,10.3916],[106.1163,10.3903],[106.1156,10.3892],[106.1137,10.3877],[106.1131,10.3885],[106.1134,10.3898],[106.1119,10.3906],[106.1116,10.3922],[106.1103,10.3926],[106.1089,10.3921],[106.1092,10.3904],[106.1072,10.3901],[106.1061,10.3895],[106.1048,10.3862],[106.1039,10.3863],[106.1031,10.3855],[106.1023,10.3863],[106.1009,10.3851],[106.1024,10.3842],[106.1019,10.3831],[106.1001,10.383],[106.0995,10.3815],[106.0984,10.3817],[106.0974,10.3792],[106.0963,10.3783],[106.096,10.3763],[106.0937,10.376],[106.0925,10.3755],[106.09,10.3751],[106.0891,10.3747],[106.0862,10.3767],[106.0852,10.3782],[106.0872,10.3788],[106.0923,10.3795],[106.0893,10.3844],[106.0881,10.386],[106.0871,10.3854],[106.0842,10.3891],[106.0841,10.3924],[106.0877,10.3926],[106.0865,10.3945],[106.0867,10.3955],[106.0892,10.3966],[106.089,10.3973],[106.0903,10.3977],[106.0901,10.3985],[106.0915,10.3984],[106.0941,10.3992],[106.0963,10.4012],[106.0933,10.4063],[106.0933,10.4069],[106.092,10.4101],[106.0948,10.4117],[106.0948,10.4135],[106.0958,10.4144],[106.0981,10.4147],[106.1006,10.414],[106.1019,10.414],[106.1035,10.4164],[106.1021,10.4192],[106.0986,10.4239],[106.0985,10.4249],[106.1011,10.425],[106.1046,10.4273],[106.1028,10.4339],[106.1005,10.4368],[106.101,10.4391],[106.1018,10.4404],[106.0914,10.44],[106.0919,10.4468],[106.0922,10.4498],[106.0926,10.4591],[106.0931,10.4605],[106.0929,10.4679]]]},"properties":{"name":"Thanh Hoà","level":"ward"}},{"type":"Feature","geometry":{"type":"Polygon","coordinates":[[[106.1162,10.4058],[106.1177,10.4052],[106.1216,10.4045],[106.122,10.4081],[106.1226,10.4083],[106.1228,10.4127],[106.1258,10.4124],[106.1286,10.4124],[106.1304,10.4122],[106.1325,10.4114],[106.132,10.4092],[106.1344,10.4098],[106.1396,10.4098],[106.1399,10.4062],[106.1406,10.4018],[106.1402,10.4018],[106.1403,10.3981],[106.143,10.3981],[106.1487,10.3986],[106.1494,10.396],[106.1506,10.3928],[106.1484,10.3923],[106.1486,10.3889],[106.1473,10.3887],[106.1471,10.3872],[106.1463,10.3846],[106.1475,10.3846],[106.1489,10.3838],[106.1484,10.3815],[106.1491,10.3814],[106.1488,10.3799],[106.1469,10.3803],[106.1472,10.3752],[106.147,10.3733],[106.1463,10.3733],[106.1464,10.3738],[106.1427,10.3735],[106.143,10.3715],[106.1417,10.3701],[106.141,10.3685],[106.1404,10.3664],[106.1406,10.3628],[106.1401,10.3616],[106.1384,10.3598],[106.1373,10.36],[106.1364,10.359],[106.1337,10.3572],[106.132,10.3568],[106.1315,10.3561],[106.1277,10.3557],[106.128,10.3541],[106.1245,10.3533],[106.1239,10.3558],[106.1221,10.3567],[106.1199,10.3594],[106.1189,10.3586],[106.1182,10.3601],[106.1164,10.3592],[106.1164,10.3585],[106.1146,10.3568],[106.1142,10.3574],[106.113,10.3564],[106.1107,10.3552],[106.1108,10.3513],[106.1098,10.3506],[106.1081,10.3503],[106.1071,10.3512],[106.1045,10.3507],[106.1009,10.3534],[106.0999,10.3554],[106.1012,10.3588],[106.1016,10.3603],[106.0991,10.364],[106.0989,10.3647],[106.0967,10.3661],[106.0972,10.367],[106.0981,10.3666],[106.0997,10.3677],[106.1003,10.3687],[106.0991,10.372],[106.0988,10.3736],[106.098,10.3739],[106.0969,10.3733],[106.0956,10.374],[106.096,10.3763],[106.0963,10.3783],[106.0974,10.3792],[106.0984,10.3817],[106.0995,10.3815],[106.1001,10.383],[106.1019,10.3831],[106.1024,10.3842],[106.1009,10.3851],[106.1023,10.3863],[106.1031,10.3855],[106.1039,10.3863],[106.1048,10.3862],[106.1061,10.3895],[106.1072,10.3901],[106.1092,10.3904],[106.1089,10.3921],[106.1103,10.3926],[106.1116,10.3922],[106.1119,10.3906],[106.1134,10.3898],[106.1131,10.3885],[106.1137,10.3877],[106.1156,10.3892],[106.1163,10.3903],[106.1161,10.3916],[106.1133,10.3938],[106.112,10.3943],[106.1113,10.3936],[106.1105,10.3943],[106.1115,10.3952],[106.1122,10.3966],[106.1128,10.3995],[106.1137,10.402],[106.1156,10.4045],[106.1162,10.4058]]]},"properties":{"name":"Cai Lậy","level":"ward"}},{"type":"Feature","geometry":{"type":"Polygon","coordinates":[[[106.0896,10.5234],[106.092,10.5189],[106.0932,10.5151],[106.0948,10.5115],[106.0984,10.4991],[106.0939,10.5001],[106.0939,10.4997],[106.0955,10.4958],[106.0955,10.4954],[106.0915,10.4964],[106.0902,10.4917],[106.0939,10.4829],[106.0928,10.4824],[106.0929,10.4769],[106.0929,10.4679],[106.0931,10.4605],[106.0926,10.4591],[106.0866,10.4599],[106.0772,10.4609],[106.0737,10.4608],[106.0672,10.4601],[106.0669,10.4583],[106.0633,10.4567],[106.0605,10.455],[106.0572,10.4528],[106.0554,10.4518],[106.0548,10.4532],[106.0536,10.4548],[106.0534,10.4556],[106.052,10.4567],[106.0515,10.4577],[106.0472,10.4621],[106.0451,10.4639],[106.0438,10.4638],[106.0425,10.4663],[106.0388,10.4721],[106.0347,10.4789],[106.0245,10.4949],[106.0167,10.5079],[106.0163,10.5085],[106.0133,10.5134],[106.0055,10.5256],[106.0018,10.5315],[106.0015,10.5323],[106.0058,10.5318],[106.0142,10.5311],[106.0276,10.5297],[106.0372,10.5287],[106.0431,10.5281],[106.0483,10.5276],[106.0616,10.5263],[106.0831,10.524],[106.0896,10.5234]]]},"properties":{"name":"Thạnh Phú","level":"ward"}},{"type":"Feature","geometry":{"type":"Polygon","coordinates":[[[106.0085,10.4592],[106.0081,10.46],[106.0094,10.4618],[106.0028,10.4678],[106.0006,10.4708],[106.0008,10.4894],[106.0009,10.499],[106.001,10.5002],[106.0014,10.5323],[106.0015,10.5323],[106.0018,10.5315],[106.0055,10.5256],[106.0133,10.5134],[106.0163,10.5085],[106.0167,10.5079],[106.0245,10.4949],[106.0347,10.4789],[106.0388,10.4721],[106.0425,10.4663],[106.0438,10.4638],[106.0451,10.4639],[106.0472,10.4621],[106.0515,10.4577],[106.052,10.4567],[106.0534,10.4556],[106.0536,10.4548],[106.0548,10.4532],[106.0554,10.4518],[106.0572,10.4528],[106.0605,10.455],[106.0633,10.4567],[106.0669,10.4583],[106.0672,10.4601],[106.0737,10.4608],[106.0772,10.4609],[106.0866,10.4599],[106.0926,10.4591],[106.0922,10.4498],[106.0879,10.4511],[106.0839,10.4517],[106.08,10.4517],[106.0787,10.452],[106.0767,10.4516],[106.0755,10.4489],[106.0753,10.4469],[106.0741,10.4441],[106.0748,10.4422],[106.0747,10.4405],[106.0752,10.4384],[106.0745,10.4374],[106.0742,10.4358],[106.0745,10.4342],[106.0744,10.4331],[106.0749,10.432],[106.0742,10.4316],[106.075,10.4296],[106.0764,10.4281],[106.0785,10.4254],[106.0798,10.4227],[106.0791,10.422],[106.0778,10.4198],[106.0733,10.417],[106.0729,10.4164],[106.071,10.4158],[106.0612,10.4105],[106.0499,10.4043],[106.0484,10.4025],[106.0467,10.3954],[106.0437,10.398],[106.0404,10.4004],[106.0408,10.4016],[106.0365,10.4059],[106.0319,10.411],[106.0327,10.4119],[106.0328,10.413],[106.0339,10.4166],[106.0339,10.4191],[106.0357,10.4203],[106.0326,10.4249],[106.0291,10.43],[106.0269,10.433],[106.0249,10.4359],[106.0193,10.4439],[106.0134,10.4524],[106.0085,10.4592]]]},"properties":{"name":"Mỹ Thành","level":"ward"}},{"type":"Feature","geometry":{"type":"Polygon","coordinates":[[[106.1784,10.4738],[106.179,10.4738],[106.1799,10.4728],[106.1818,10.471],[106.1819,10.4703],[106.1842,10.4686],[106.187,10.4662],[106.1871,10.4602],[106.1849,10.4575],[106.1877,10.4562],[106.1882,10.4553],[106.1907,10.4535],[106.1908,10.4525],[106.1901,10.4495],[106.1922,10.447],[106.194,10.4461],[106.1957,10.4442],[106.1966,10.4416],[106.1975,10.4399],[106.198,10.4372],[106.198,10.4363],[106.1985,10.4331],[106.1927,10.4311],[106.1934,10.4268],[106.1941,10.4218],[106.1925,10.4218],[106.1913,10.4214],[106.19,10.4203],[106.1849,10.4203],[106.1827,10.4205],[106.1808,10.4199],[106.179,10.4184],[106.179,10.4168],[106.1811,10.4147],[106.1857,10.4056],[106.1863,10.4039],[106.1733,10.403],[106.1602,10.4035],[106.1565,10.4092],[106.1557,10.4124],[106.1498,10.414],[106.1477,10.4141],[106.1482,10.418],[106.1473,10.4205],[106.1467,10.4238],[106.1464,10.4276],[106.1464,10.4279],[106.1461,10.4316],[106.1496,10.4335],[106.1488,10.4351],[106.1463,10.4375],[106.1438,10.4404],[106.143,10.442],[106.1429,10.443],[106.1422,10.4442],[106.142,10.4461],[106.1413,10.4484],[106.1411,10.451],[106.142,10.4525],[106.142,10.4543],[106.141,10.4555],[106.1402,10.4558],[106.1382,10.4574],[106.1383,10.4588],[106.1402,10.4591],[106.1414,10.4598],[106.1446,10.4605],[106.146,10.4614],[106.1446,10.4679],[106.1436,10.4734],[106.1439,10.4828],[106.153,10.4804],[106.1624,10.478],[106.1784,10.4738]]]},"properties":{"name":"Tân Phú","level":"ward"}},{"type":"Feature","geometry":{"type":"Polygon","coordinates":[[[106.0478,10.3448],[106.0446,10.3464],[106.0426,10.3482],[106.0414,10.3488],[106.0414,10.3503],[106.0363,10.3508],[106.0369,10.3535],[106.0352,10.3532],[106.0351,10.3542],[106.0343,10.3553],[106.0338,10.3582],[106.0343,10.3613],[106.0359,10.3651],[106.0369,10.3662],[106.0384,10.3667],[106.0381,10.3685],[106.0403,10.3694],[106.0409,10.3703],[106.0418,10.374],[106.0419,10.375],[106.0465,10.3942],[106.0467,10.3954],[106.0484,10.4025],[106.0499,10.4043],[106.0612,10.4105],[106.071,10.4158],[106.0729,10.4164],[106.0733,10.417],[106.0778,10.4198],[106.0791,10.422],[106.0798,10.4227],[106.0785,10.4254],[106.0764,10.4281],[106.075,10.4296],[106.0742,10.4316],[106.0749,10.432],[106.0744,10.4331],[106.0745,10.4342],[106.0742,10.4358],[106.0745,10.4374],[106.0752,10.4384],[106.0747,10.4405],[106.0748,10.4422],[106.0741,10.4441],[106.0753,10.4469],[106.0755,10.4489],[106.0767,10.4516],[106.0787,10.452],[106.08,10.4517],[106.0839,10.4517],[106.0879,10.4511],[106.0922,10.4498],[106.0919,10.4468],[106.0914,10.44],[106.1018,10.4404],[106.101,10.4391],[106.1005,10.4368],[106.1028,10.4339],[106.1046,10.4273],[106.1011,10.425],[106.0985,10.4249],[106.0986,10.4239],[106.1021,10.4192],[106.1035,10.4164],[106.1019,10.414],[106.1006,10.414],[106.0981,10.4147],[106.0958,10.4144],[106.0948,10.4135],[106.0948,10.4117],[106.092,10.4101],[106.0933,10.4069],[106.0933,10.4063],[106.0963,10.4012],[106.0941,10.3992],[106.0915,10.3984],[106.0901,10.3985],[106.0903,10.3977],[106.089,10.3973],[106.0892,10.3966],[106.0867,10.3955],[106.0865,10.3945],[106.0877,10.3926],[106.0841,10.3924],[106.0842,10.3891],[106.0871,10.3854],[106.0881,10.386],[106.0893,10.3844],[106.0923,10.3795],[106.0872,10.3788],[106.0852,10.3782],[106.0862,10.3767],[106.0891,10.3747],[106.09,10.3751],[106.0925,10.3755],[106.0937,10.376],[106.096,10.3763],[106.0956,10.374],[106.0969,10.3733],[106.098,10.3739],[106.0988,10.3736],[106.0991,10.372],[106.1003,10.3687],[106.0997,10.3677],[106.0981,10.3666],[106.0972,10.367],[106.0967,10.3661],[106.0989,10.3647],[106.0991,10.364],[106.1016,10.3603],[106.1012,10.3588],[106.0999,10.3554],[106.1009,10.3534],[106.1045,10.3507],[106.1055,10.3474],[106.1064,10.3459],[106.1061,10.3455],[106.1004,10.3416],[106.0989,10.342],[106.0974,10.3444],[106.0966,10.3423],[106.093,10.3429],[106.0905,10.3444],[106.0887,10.3466],[106.0884,10.3486],[106.0866,10.3503],[106.0867,10.3507],[106.0845,10.3516],[106.0842,10.351],[106.0827,10.3519],[106.0837,10.3536],[106.0733,10.3597],[106.0732,10.3618],[106.0728,10.3631],[106.0752,10.3634],[106.0748,10.3647],[106.074,10.3648],[106.0729,10.368],[106.0716,10.3712],[106.0721,10.372],[106.0719,10.3737],[106.0697,10.3754],[106.069,10.3764],[106.0659,10.3731],[106.0632,10.3695],[106.0657,10.3673],[106.0649,10.3653],[106.0635,10.3637],[106.0617,10.3613],[106.0609,10.3596],[106.0595,10.3587],[106.0598,10.3582],[106.0584,10.3566],[106.0583,10.3548],[106.0571,10.3522],[106.0564,10.3515],[106.0558,10.3496],[106.0565,10.3488],[106.0546,10.3475],[106.0518,10.3463],[106.0504,10.3445],[106.05,10.3453],[106.0478,10.3448]]]},"properties":{"name":"Bình Phú","level":"ward"}},{"type":"Feature","geometry":{"type":"Polygon","coordinates":[[[106.1325,10.4114],[106.1327,10.4149],[106.1337,10.4155],[106.1374,10.4152],[106.1375,10.4193],[106.1384,10.4282],[106.1388,10.4304],[106.1488,10.4351],[106.1496,10.4335],[106.1461,10.4316],[106.1464,10.4279],[106.1464,10.4276],[106.1467,10.4238],[106.1473,10.4205],[106.1482,10.418],[106.1477,10.4141],[106.1498,10.414],[106.1557,10.4124],[106.1565,10.4092],[106.1602,10.4035],[106.1733,10.403],[106.1863,10.4039],[106.1893,10.4041],[106.1903,10.4015],[106.1908,10.3997],[106.1927,10.3999],[106.193,10.3993],[106.1948,10.3991],[106.1946,10.3964],[106.194,10.3958],[106.1938,10.3941],[106.1952,10.3902],[106.1952,10.389],[106.1963,10.3861],[106.1904,10.3838],[106.1902,10.3801],[106.1871,10.3793],[106.187,10.3782],[106.1859,10.378],[106.1858,10.3793],[106.1816,10.3782],[106.1824,10.3751],[106.1794,10.3745],[106.1796,10.3732],[106.1762,10.3736],[106.1717,10.3749],[106.1695,10.371],[106.1667,10.3682],[106.165,10.3682],[106.1626,10.3664],[106.1603,10.3674],[106.1594,10.3683],[106.1587,10.3734],[106.1561,10.373],[106.1561,10.3721],[106.1477,10.3722],[106.1465,10.3724],[106.1463,10.3733],[106.147,10.3733],[106.1472,10.3752],[106.1469,10.3803],[106.1488,10.3799],[106.1491,10.3814],[106.1484,10.3815],[106.1489,10.3838],[106.1475,10.3846],[106.1463,10.3846],[106.1471,10.3872],[106.1473,10.3887],[106.1486,10.3889],[106.1484,10.3923],[106.1506,10.3928],[106.1494,10.396],[106.1487,10.3986],[106.143,10.3981],[106.1403,10.3981],[106.1402,10.4018],[106.1406,10.4018],[106.1399,10.4062],[106.1396,10.4098],[106.1344,10.4098],[106.132,10.4092],[106.1325,10.4114]]]},"properties":{"name":"Nhị Quý","level":"ward"}},{"type":"Feature","geometry":{"type":"Polygon","coordinates":[[[106.0118,10.3181],[106.0177,10.3205],[106.0235,10.3227],[106.0294,10.3252],[106.0318,10.3258],[106.0335,10.3257],[106.042,10.3235],[106.0514,10.3207],[106.0519,10.3229],[106.0533,10.3231],[106.0537,10.325],[106.0546,10.3314],[106.054,10.3317],[106.0528,10.3338],[106.0527,10.3346],[106.0503,10.3351],[106.0484,10.3353],[106.0468,10.3359],[106.0471,10.342],[106.0478,10.3423],[106.0474,10.3438],[106.0478,10.3448],[106.05,10.3453],[106.0504,10.3445],[106.0518,10.3463],[106.0546,10.3475],[106.0565,10.3488],[106.0558,10.3496],[106.0564,10.3515],[106.0571,10.3522],[106.0583,10.3548],[106.0584,10.3566],[106.0598,10.3582],[106.0595,10.3587],[106.0609,10.3596],[106.0617,10.3613],[106.0635,10.3637],[106.0649,10.3653],[106.0657,10.3673],[106.0632,10.3695],[106.0659,10.3731],[106.069,10.3764],[106.0697,10.3754],[106.0719,10.3737],[106.0721,10.372],[106.0716,10.3712],[106.0729,10.368],[106.074,10.3648],[106.0748,10.3647],[106.0752,10.3634],[106.0728,10.3631],[106.0732,10.3618],[106.0733,10.3597],[106.0837,10.3536],[106.0827,10.3519],[106.0842,10.351],[106.0845,10.3516],[106.0867,10.3507],[106.0866,10.3503],[106.0884,10.3486],[106.0887,10.3466],[106.0905,10.3444],[106.093,10.3429],[106.0966,10.3423],[106.0974,10.3444],[106.0989,10.342],[106.1004,10.3416],[106.0959,10.3374],[106.0948,10.3353],[106.0941,10.3334],[106.0979,10.3213],[106.0964,10.3217],[106.0941,10.3189],[106.0934,10.3167],[106.0917,10.3168],[106.0893,10.3161],[106.0885,10.3173],[106.0869,10.3166],[106.0854,10.3163],[106.0845,10.3154],[106.0844,10.312],[106.0838,10.3111],[106.0809,10.3125],[106.0767,10.3135],[106.0729,10.3148],[106.0694,10.3164],[106.0666,10.3181],[106.0638,10.3188],[106.0598,10.3185],[106.0657,10.3145],[106.0697,10.3117],[106.0787,10.3036],[106.0842,10.2981],[106.0868,10.2951],[106.0904,10.2923],[106.0933,10.2905],[106.1004,10.287],[106.1015,10.2862],[106.1042,10.2836],[106.0956,10.2779],[106.0928,10.277],[106.0898,10.2765],[106.0883,10.2763],[106.0835,10.2764],[106.0788,10.2774],[106.0752,10.2789],[106.0691,10.282],[106.0654,10.2839],[106.0604,10.2858],[106.0576,10.2874],[106.039,10.2967],[106.0293,10.3022],[106.0241,10.3062],[106.018,10.3128],[106.0157,10.315],[106.0118,10.3181]]]},"properties":{"name":"Hiệp Đức","level":"ward"}},{"type":"Feature","geometry":{"type":"Polygon","coordinates":[[[106.1045,10.3507],[106.1071,10.3512],[106.1081,10.3503],[106.1098,10.3506],[106.1108,10.3513],[106.1107,10.3552],[106.113,10.3564],[106.1142,10.3574],[106.1146,10.3568],[106.1164,10.3585],[106.1164,10.3592],[106.1182,10.3601],[106.1189,10.3586],[106.1199,10.3594],[106.1221,10.3567],[106.1239,10.3558],[106.1245,10.3533],[106.128,10.3541],[106.1277,10.3557],[106.1315,10.3561],[106.132,10.3568],[106.1337,10.3572],[106.1364,10.359],[106.1373,10.36],[106.1384,10.3598],[106.1401,10.3616],[106.1406,10.3628],[106.1404,10.3664],[106.141,10.3685],[106.1417,10.3701],[106.143,10.3715],[106.1427,10.3735],[106.1464,10.3738],[106.1463,10.3733],[106.1465,10.3724],[106.1477,10.3722],[106.1561,10.3721],[106.1561,10.373],[106.1587,10.3734],[106.1594,10.3683],[106.1603,10.3674],[106.1626,10.3664],[106.165,10.3682],[106.1667,10.3682],[106.1695,10.371],[106.1717,10.3749],[106.1762,10.3736],[106.1796,10.3732],[106.1794,10.3745],[106.1824,10.3751],[106.1816,10.3782],[106.1858,10.3793],[106.1859,10.378],[106.187,10.3782],[106.1871,10.3793],[106.1902,10.3801],[106.1904,10.3757],[106.1919,10.3752],[106.1934,10.3754],[106.1946,10.3705],[106.1954,10.3677],[106.1939,10.3669],[106.1966,10.3612],[106.1958,10.3608],[106.1949,10.3591],[106.193,10.3576],[106.1927,10.3554],[106.1905,10.3549],[106.1907,10.3531],[106.1904,10.3519],[106.1895,10.3519],[106.1897,10.3501],[106.1905,10.35],[106.1915,10.3489],[106.1913,10.3477],[106.1902,10.3473],[106.1866,10.3465],[106.1835,10.3432],[106.1834,10.342],[106.1832,10.3417],[106.1824,10.3405],[106.1822,10.3403],[106.182,10.3401],[106.1805,10.3392],[106.1801,10.3382],[106.1788,10.3377],[106.1767,10.3373],[106.1746,10.3375],[106.1732,10.3386],[106.1718,10.3382],[106.1729,10.3357],[106.1701,10.3349],[106.169,10.3342],[106.1667,10.3336],[106.1656,10.3322],[106.1634,10.3316],[106.1616,10.3314],[106.1614,10.3331],[106.16,10.333],[106.1596,10.3311],[106.1581,10.3301],[106.1569,10.3286],[106.1554,10.3304],[106.1543,10.3304],[106.1541,10.3312],[106.1525,10.3318],[106.1514,10.3295],[106.1501,10.3282],[106.1455,10.3279],[106.1406,10.3274],[106.1394,10.3278],[106.1377,10.3275],[106.1358,10.3278],[106.1333,10.3286],[106.1303,10.3277],[106.1293,10.3302],[106.1279,10.3295],[106.1274,10.3305],[106.126,10.3309],[106.1222,10.3198],[106.1181,10.3081],[106.1171,10.3052],[106.1144,10.3061],[106.1119,10.3074],[106.1092,10.3093],[106.1079,10.3105],[106.1051,10.312],[106.101,10.3135],[106.0984,10.3139],[106.0968,10.3136],[106.0922,10.3119],[106.09,10.3113],[106.0873,10.3108],[106.0845,10.3108],[106.0838,10.3111],[106.0844,10.312],[106.0845,10.3154],[106.0854,10.3163],[106.0869,10.3166],[106.0885,10.3173],[106.0893,10.3161],[106.0917,10.3168],[106.0934,10.3167],[106.0941,10.3189],[106.0964,10.3217],[106.0979,10.3213],[106.0941,10.3334],[106.0948,10.3353],[106.0959,10.3374],[106.1004,10.3416],[106.1061,10.3455],[106.1064,10.3459],[106.1055,10.3474],[106.1045,10.3507]]]},"properties":{"name":"Long Tiên","level":"ward"}},{"type":"Feature","geometry":{"type":"Polygon","coordinates":[[[106.1042,10.2836],[106.1015,10.2862],[106.1004,10.287],[106.0933,10.2905],[106.0904,10.2923],[106.0868,10.2951],[106.0842,10.2981],[106.0787,10.3036],[106.0697,10.3117],[106.0657,10.3145],[106.0598,10.3185],[106.0638,10.3188],[106.0666,10.3181],[106.0694,10.3164],[106.0729,10.3148],[106.0767,10.3135],[106.0809,10.3125],[106.0838,10.3111],[106.0845,10.3108],[106.0873,10.3108],[106.09,10.3113],[106.0922,10.3119],[106.0968,10.3136],[106.0984,10.3139],[106.101,10.3135],[106.1051,10.312],[106.1079,10.3105],[106.1092,10.3093],[106.1119,10.3074],[106.1144,10.3061],[106.1171,10.3052],[106.1181,10.3081],[106.1222,10.3198],[106.126,10.3309],[106.1274,10.3305],[106.1279,10.3295],[106.1293,10.3302],[106.1303,10.3277],[106.1333,10.3286],[106.1358,10.3278],[106.1377,10.3275],[106.1394,10.3278],[106.1406,10.3274],[106.1455,10.3279],[106.1501,10.3282],[106.1514,10.3295],[106.1525,10.3318],[106.1541,10.3312],[106.1543,10.3304],[106.1554,10.3304],[106.1569,10.3286],[106.1581,10.3301],[106.1596,10.3311],[106.16,10.333],[106.1614,10.3331],[106.1616,10.3314],[106.1634,10.3316],[106.1656,10.3322],[106.1667,10.3336],[106.169,10.3342],[106.1701,10.3349],[106.1729,10.3357],[106.1718,10.3382],[106.1732,10.3386],[106.1746,10.3375],[106.1767,10.3373],[106.1788,10.3377],[106.1801,10.3382],[106.1805,10.3392],[106.182,10.3401],[106.1822,10.3403],[106.1827,10.3402],[106.1867,10.3383],[106.186,10.3373],[106.186,10.3372],[106.1855,10.3367],[106.1859,10.3355],[106.1884,10.3354],[106.1888,10.3258],[106.1886,10.3249],[106.1984,10.3243],[106.2002,10.3246],[106.2009,10.3217],[106.2047,10.3225],[106.2048,10.3201],[106.2056,10.3141],[106.2039,10.3135],[106.2018,10.3125],[106.1914,10.3065],[106.1851,10.3033],[106.1762,10.2981],[106.1714,10.2956],[106.1672,10.2938],[106.1606,10.2914],[106.1498,10.2872],[106.1458,10.2857],[106.1437,10.2841],[106.1422,10.2836],[106.14,10.2825],[106.1312,10.2834],[106.1268,10.2845],[106.1231,10.2844],[106.114,10.2843],[106.112,10.2843],[106.1081,10.2837],[106.1042,10.2836]]]},"properties":{"name":"Ngũ Hiệp","level":"ward"}},{"type":"Feature","geometry":{"type":"Polygon","coordinates":[[[106.3449,10.4027],[106.3442,10.4007],[106.3446,10.3989],[106.3444,10.398],[106.3426,10.3971],[106.3421,10.3954],[106.3415,10.3948],[106.3386,10.3934],[106.338,10.3929],[106.3367,10.3929],[106.3349,10.3941],[106.3335,10.3963],[106.3309,10.3964],[106.3294,10.3976],[106.3276,10.397],[106.3249,10.3982],[106.3243,10.3989],[106.321,10.4007],[106.321,10.4023],[106.3192,10.4031],[106.3153,10.4041],[106.3155,10.4054],[106.3163,10.4064],[106.3177,10.4096],[106.3192,10.4114],[106.3224,10.4125],[106.3239,10.4127],[106.3244,10.4139],[106.3239,10.4161],[106.3229,10.4191],[106.3217,10.4185],[106.3204,10.4232],[106.3197,10.4247],[106.3181,10.4261],[106.3175,10.4271],[106.3185,10.428],[106.3174,10.4292],[106.3174,10.4304],[106.3118,10.436],[106.3138,10.4388],[106.3082,10.4425],[106.3075,10.4434],[106.3161,10.4449],[106.3202,10.4457],[106.3254,10.4469],[106.3269,10.447],[106.3277,10.4513],[106.3285,10.4513],[106.3297,10.454],[106.3312,10.4535],[106.3325,10.4536],[106.3347,10.4517],[106.335,10.451],[106.337,10.4498],[106.3386,10.4504],[106.3399,10.4503],[106.3416,10.451],[106.3432,10.4527],[106.344,10.454],[106.3424,10.4559],[106.34,10.4583],[106.3365,10.4584],[106.3363,10.4601],[106.3368,10.4619],[106.3369,10.4635],[106.3375,10.4644],[106.3376,10.4666],[106.3382,10.4676],[106.3389,10.4707],[106.3395,10.4718],[106.34,10.474],[106.3407,10.4754],[106.342,10.475],[106.3432,10.4714],[106.3443,10.4719],[106.3455,10.4714],[106.3467,10.4714],[106.3509,10.4705],[106.3508,10.4689],[106.3551,10.4676],[106.3553,10.4679],[106.368,10.4646],[106.3673,10.4607],[106.3668,10.459],[106.3658,10.4592],[106.3652,10.4561],[106.3613,10.4566],[106.3609,10.4552],[106.3587,10.4553],[106.3578,10.4535],[106.3529,10.4532],[106.3528,10.4529],[106.3502,10.4527],[106.3466,10.4535],[106.3457,10.4516],[106.3462,10.4506],[106.3476,10.4495],[106.3477,10.4485],[106.3468,10.4452],[106.3468,10.4441],[106.3458,10.4432],[106.3463,10.4422],[106.3474,10.4422],[106.3472,10.4413],[106.3478,10.4397],[106.3469,10.439],[106.3454,10.4368],[106.346,10.435],[106.3473,10.4354],[106.3477,10.4338],[106.3469,10.4325],[106.3484,10.4301],[106.3501,10.4302],[106.35,10.429],[106.3505,10.4271],[106.3513,10.4264],[106.3521,10.4271],[106.3527,10.4257],[106.3527,10.4244],[106.352,10.4235],[106.351,10.4235],[106.3506,10.4223],[106.3524,10.4224],[106.3528,10.4215],[106.3519,10.4206],[106.3505,10.42],[106.351,10.4193],[106.3523,10.4199],[106.3515,10.4166],[106.3511,10.416],[106.3496,10.4151],[106.3486,10.4132],[106.3466,10.4107],[106.3457,10.4086],[106.3458,10.4074],[106.3453,10.404],[106.3449,10.4027]]]},"properties":{"name":"Châu Thành","level":"ward"}},{"type":"Feature","geometry":{"type":"Polygon","coordinates":[[[106.314,10.497],[106.3181,10.4998],[106.3191,10.5001],[106.3193,10.5012],[106.3206,10.5024],[106.322,10.499],[106.3261,10.5015],[106.3292,10.5007],[106.3311,10.5056],[106.3256,10.5073],[106.3261,10.5084],[106.3295,10.5133],[106.331,10.5129],[106.3333,10.5119],[106.3365,10.511],[106.3416,10.5106],[106.3436,10.5106],[106.3423,10.5158],[106.3446,10.5165],[106.3471,10.5165],[106.3475,10.5178],[106.3473,10.52],[106.3469,10.5211],[106.345,10.5215],[106.3456,10.5239],[106.3469,10.5277],[106.3477,10.5289],[106.3487,10.5284],[106.3506,10.5287],[106.3515,10.5279],[106.3514,10.5266],[106.3534,10.5257],[106.3545,10.5234],[106.3557,10.5225],[106.3578,10.522],[106.3591,10.5214],[106.3597,10.5227],[106.3609,10.5236],[106.3636,10.5218],[106.3667,10.5193],[106.3693,10.5177],[106.3665,10.5112],[106.3717,10.5063],[106.3714,10.5055],[106.3709,10.5014],[106.3686,10.498],[106.3699,10.497],[106.3745,10.4942],[106.3727,10.491],[106.3706,10.4878],[106.3728,10.4865],[106.3742,10.4862],[106.3762,10.4852],[106.3768,10.4843],[106.3788,10.4831],[106.3801,10.482],[106.3792,10.4808],[106.38,10.4801],[106.3812,10.4803],[106.3846,10.479],[106.3854,10.4774],[106.3881,10.4764],[106.3891,10.4758],[106.3896,10.4766],[106.3896,10.4751],[106.3886,10.4735],[106.3874,10.4728],[106.3853,10.4729],[106.3836,10.4734],[106.3808,10.4738],[106.3782,10.4737],[106.3719,10.4743],[106.3713,10.4716],[106.3706,10.4718],[106.3696,10.4696],[106.3691,10.4662],[106.3686,10.4644],[106.368,10.4646],[106.3553,10.4679],[106.3551,10.4676],[106.3508,10.4689],[106.3509,10.4705],[106.3467,10.4714],[106.3455,10.4714],[106.3443,10.4719],[106.3432,10.4714],[106.342,10.475],[106.3407,10.4754],[106.34,10.474],[106.3395,10.4718],[106.3389,10.4707],[106.3382,10.4676],[106.3376,10.4666],[106.3375,10.4644],[106.3369,10.4635],[106.3368,10.4619],[106.3363,10.4601],[106.3365,10.4584],[106.34,10.4583],[106.3424,10.4559],[106.344,10.454],[106.3432,10.4527],[106.3416,10.451],[106.3399,10.4503],[106.3386,10.4504],[106.337,10.4498],[106.335,10.451],[106.3347,10.4517],[106.3325,10.4536],[106.3312,10.4535],[106.3297,10.454],[106.3285,10.4513],[106.3277,10.4513],[106.3269,10.447],[106.3254,10.4469],[106.3202,10.4457],[106.3161,10.4449],[106.3075,10.4434],[106.3,10.442],[106.2986,10.4493],[106.3034,10.45],[106.3127,10.4513],[106.3177,10.4518],[106.318,10.4504],[106.3193,10.4503],[106.3208,10.4508],[106.3217,10.4514],[106.3206,10.4546],[106.3197,10.4546],[106.319,10.457],[106.3189,10.4598],[106.3265,10.46],[106.3252,10.4627],[106.3245,10.4679],[106.3231,10.4798],[106.3194,10.4869],[106.319,10.4872],[106.3159,10.4929],[106.314,10.497]]]},"properties":{"name":"Tân Hương","level":"ward"}},{"type":"Feature","geometry":{"type":"Polygon","coordinates":[[[106.3192,10.4031],[106.3189,10.4019],[106.3179,10.3995],[106.3164,10.3951],[106.3159,10.3955],[106.3113,10.397],[106.3099,10.3919],[106.3101,10.3908],[106.3052,10.3919],[106.3067,10.3536],[106.3043,10.3526],[106.303,10.3524],[106.2993,10.3531],[106.2968,10.3532],[106.2972,10.3567],[106.2975,10.3585],[106.2982,10.3601],[106.2972,10.3607],[106.2972,10.3623],[106.2895,10.3634],[106.2837,10.3644],[106.2835,10.3642],[106.2827,10.3596],[106.2819,10.3534],[106.2827,10.3521],[106.2824,10.3516],[106.28,10.3504],[106.2809,10.3479],[106.2774,10.348],[106.2745,10.3492],[106.269,10.352],[106.2681,10.3506],[106.2656,10.3519],[106.2648,10.3534],[106.2644,10.3551],[106.2657,10.3565],[106.2648,10.3594],[106.2629,10.3622],[106.2619,10.3624],[106.2608,10.3617],[106.2609,10.363],[106.2564,10.3627],[106.2567,10.3658],[106.2572,10.3668],[106.2581,10.3669],[106.2587,10.3696],[106.2585,10.3722],[106.2598,10.3724],[106.2597,10.374],[106.2591,10.3744],[106.2588,10.3765],[106.2588,10.3792],[106.2585,10.3792],[106.2581,10.3824],[106.2599,10.3831],[106.2636,10.3835],[106.2643,10.384],[106.2567,10.3999],[106.258,10.4001],[106.2594,10.3994],[106.2611,10.3992],[106.2719,10.3981],[106.2848,10.3966],[106.2945,10.3944],[106.2909,10.4001],[106.2898,10.4017],[106.2887,10.4039],[106.287,10.4079],[106.2814,10.4063],[106.2807,10.4095],[106.2767,10.4097],[106.2756,10.413],[106.2745,10.4159],[106.2731,10.42],[106.2752,10.4204],[106.2764,10.4213],[106.2754,10.4262],[106.2803,10.4252],[106.2853,10.4248],[106.2842,10.4274],[106.2834,10.4315],[106.2847,10.4318],[106.2865,10.4313],[106.2886,10.4301],[106.2903,10.4302],[106.2872,10.4398],[106.3,10.442],[106.3075,10.4434],[106.3082,10.4425],[106.3138,10.4388],[106.3118,10.436],[106.3174,10.4304],[106.3174,10.4292],[106.3185,10.428],[106.3175,10.4271],[106.3181,10.4261],[106.3197,10.4247],[106.3204,10.4232],[106.3217,10.4185],[106.3229,10.4191],[106.3239,10.4161],[106.3244,10.4139],[106.3239,10.4127],[106.3224,10.4125],[106.3192,10.4114],[106.3177,10.4096],[106.3163,10.4064],[106.3155,10.4054],[106.3153,10.4041],[106.3192,10.4031]]]},"properties":{"name":"Long Hưng","level":"ward"}},{"type":"Feature","geometry":{"type":"Polygon","coordinates":[[[106.2073,10.4457],[106.2087,10.4477],[106.2097,10.4471],[106.2114,10.448],[106.2123,10.4511],[106.2138,10.4546],[106.2238,10.4488],[106.2306,10.4449],[106.2362,10.4417],[106.2349,10.4406],[106.2372,10.4362],[106.2385,10.4335],[106.2389,10.4309],[106.2485,10.4326],[106.2486,10.4328],[106.2538,10.4338],[106.2608,10.435],[106.2619,10.4351],[106.2715,10.4409],[106.2722,10.4371],[106.2858,10.4396],[106.2872,10.4398],[106.2903,10.4302],[106.2886,10.4301],[106.2865,10.4313],[106.2847,10.4318],[106.2834,10.4315],[106.2842,10.4274],[106.2853,10.4248],[106.2803,10.4252],[106.2754,10.4262],[106.2764,10.4213],[106.2752,10.4204],[106.2731,10.42],[106.2745,10.4159],[106.2756,10.413],[106.2767,10.4097],[106.2807,10.4095],[106.2814,10.4063],[106.287,10.4079],[106.2887,10.4039],[106.2898,10.4017],[106.2909,10.4001],[106.2945,10.3944],[106.2848,10.3966],[106.2719,10.3981],[106.2611,10.3992],[106.2594,10.3994],[106.258,10.4001],[106.2567,10.3999],[106.2643,10.384],[106.2636,10.3835],[106.2599,10.3831],[106.2581,10.3824],[106.2585,10.3792],[106.2588,10.3792],[106.2588,10.3765],[106.2591,10.3744],[106.2597,10.374],[106.2598,10.3724],[106.2585,10.3722],[106.2587,10.3696],[106.2581,10.3669],[106.2572,10.3668],[106.2567,10.3658],[106.2564,10.3627],[106.2551,10.3624],[106.2505,10.36],[106.2468,10.3569],[106.2466,10.3586],[106.2448,10.3746],[106.2441,10.382],[106.2438,10.3874],[106.2423,10.3876],[106.2415,10.3882],[106.24,10.3882],[106.2396,10.3872],[106.2383,10.3871],[106.2385,10.3862],[106.2373,10.3856],[106.2374,10.3845],[106.2353,10.3841],[106.2331,10.3841],[106.2326,10.3857],[106.2309,10.3859],[106.2292,10.3843],[106.2273,10.3844],[106.2265,10.3833],[106.2249,10.3822],[106.2224,10.3821],[106.2218,10.3844],[106.221,10.3851],[106.2209,10.3868],[106.2204,10.3875],[106.2208,10.3896],[106.2198,10.3902],[106.2183,10.3904],[106.2163,10.392],[106.214,10.3921],[106.2133,10.3954],[106.2128,10.3991],[106.2121,10.4003],[106.2124,10.4018],[106.2126,10.4057],[106.2194,10.4062],[106.222,10.4056],[106.2216,10.4116],[106.2222,10.4116],[106.2227,10.4148],[106.2227,10.4162],[106.2187,10.4208],[106.2169,10.4226],[106.2175,10.4233],[106.2154,10.4281],[106.2123,10.4349],[106.2073,10.4457]]]},"properties":{"name":"Long Định","level":"ward"}},{"type":"Feature","geometry":{"type":"Polygon","coordinates":[[[106.1907,10.4535],[106.1919,10.4545],[106.2022,10.4551],[106.203,10.4549],[106.2059,10.4486],[106.2073,10.4457],[106.2123,10.4349],[106.2154,10.4281],[106.2175,10.4233],[106.2169,10.4226],[106.2187,10.4208],[106.2227,10.4162],[106.2227,10.4148],[106.2222,10.4116],[106.2216,10.4116],[106.222,10.4056],[106.2194,10.4062],[106.2126,10.4057],[106.2124,10.4018],[106.2121,10.4003],[106.2128,10.3991],[106.2133,10.3954],[106.214,10.3921],[106.2163,10.392],[106.2183,10.3904],[106.2198,10.3902],[106.2208,10.3896],[106.2204,10.3875],[106.2209,10.3868],[106.221,10.3851],[106.2218,10.3844],[106.2224,10.3821],[106.2249,10.3822],[106.2265,10.3833],[106.2273,10.3844],[106.2292,10.3843],[106.2309,10.3859],[106.2326,10.3857],[106.2331,10.3841],[106.2353,10.3841],[106.2374,10.3845],[106.2373,10.3856],[106.2385,10.3862],[106.2383,10.3871],[106.2396,10.3872],[106.24,10.3882],[106.2415,10.3882],[106.2423,10.3876],[106.2438,10.3874],[106.2441,10.382],[106.2448,10.3746],[106.2466,10.3586],[106.2447,10.3585],[106.2452,10.3617],[106.2451,10.3637],[106.2429,10.3661],[106.2378,10.3647],[106.2379,10.3639],[106.2367,10.3635],[106.2362,10.3648],[106.2353,10.3652],[106.2338,10.3646],[106.2328,10.3662],[106.2312,10.3655],[106.231,10.3648],[106.2296,10.3641],[106.2281,10.3648],[106.2255,10.3644],[106.2246,10.3638],[106.2231,10.3637],[106.2231,10.3644],[106.219,10.3636],[106.2184,10.3647],[106.2173,10.3705],[106.2164,10.3705],[106.2155,10.3697],[106.2147,10.3704],[106.2107,10.3688],[106.2095,10.3691],[106.209,10.3704],[106.2071,10.3693],[106.2052,10.3678],[106.2031,10.3674],[106.2011,10.3669],[106.2003,10.3681],[106.1971,10.3681],[106.1954,10.3677],[106.1946,10.3705],[106.1934,10.3754],[106.1919,10.3752],[106.1904,10.3757],[106.1902,10.3801],[106.1904,10.3838],[106.1963,10.3861],[106.1952,10.389],[106.1952,10.3902],[106.1938,10.3941],[106.194,10.3958],[106.1946,10.3964],[106.1948,10.3991],[106.193,10.3993],[106.1927,10.3999],[106.1908,10.3997],[106.1903,10.4015],[106.1893,10.4041],[106.1863,10.4039],[106.1857,10.4056],[106.1811,10.4147],[106.179,10.4168],[106.179,10.4184],[106.1808,10.4199],[106.1827,10.4205],[106.1849,10.4203],[106.19,10.4203],[106.1913,10.4214],[106.1925,10.4218],[106.1941,10.4218],[106.1934,10.4268],[106.1927,10.4311],[106.1985,10.4331],[106.198,10.4363],[106.198,10.4372],[106.1975,10.4399],[106.1966,10.4416],[106.1957,10.4442],[106.194,10.4461],[106.1922,10.447],[106.1901,10.4495],[106.1908,10.4525],[106.1907,10.4535]]]},"properties":{"name":"Bình Trưng","level":"ward"}},{"type":"Feature","geometry":{"type":"Polygon","coordinates":[[[106.1822,10.3403],[106.1824,10.3405],[106.1832,10.3417],[106.1834,10.342],[106.1835,10.3432],[106.1866,10.3465],[106.1902,10.3473],[106.1913,10.3477],[106.1915,10.3489],[106.1905,10.35],[106.1897,10.3501],[106.1895,10.3519],[106.1904,10.3519],[106.1907,10.3531],[106.1905,10.3549],[106.1927,10.3554],[106.193,10.3576],[106.1949,10.3591],[106.1958,10.3608],[106.1966,10.3612],[106.1939,10.3669],[106.1954,10.3677],[106.1971,10.3681],[106.2003,10.3681],[106.2011,10.3669],[106.2031,10.3674],[106.2052,10.3678],[106.2071,10.3693],[106.209,10.3704],[106.2095,10.3691],[106.2107,10.3688],[106.2147,10.3704],[106.2155,10.3697],[106.2164,10.3705],[106.2173,10.3705],[106.2184,10.3647],[106.219,10.3636],[106.2231,10.3644],[106.2231,10.3637],[106.2246,10.3638],[106.2255,10.3644],[106.2281,10.3648],[106.2296,10.3641],[106.231,10.3648],[106.2312,10.3655],[106.2328,10.3662],[106.2338,10.3646],[106.2353,10.3652],[106.2362,10.3648],[106.2367,10.3635],[106.2379,10.3639],[106.2378,10.3647],[106.2429,10.3661],[106.2451,10.3637],[106.2452,10.3617],[106.2447,10.3585],[106.2466,10.3586],[106.2468,10.3569],[106.2505,10.36],[106.2551,10.3624],[106.2564,10.3627],[106.2609,10.363],[106.2608,10.3617],[106.2595,10.3609],[106.2588,10.3587],[106.2565,10.3587],[106.2552,10.3575],[106.2552,10.355],[106.2549,10.3529],[106.2559,10.3522],[106.2543,10.3507],[106.2543,10.3495],[106.2551,10.3489],[106.2543,10.348],[106.2523,10.3499],[106.2511,10.3489],[106.249,10.3495],[106.2487,10.3487],[106.2479,10.3444],[106.2453,10.3449],[106.2443,10.3464],[106.2451,10.3468],[106.244,10.3485],[106.2424,10.3485],[106.2409,10.3503],[106.2388,10.3488],[106.234,10.3479],[106.233,10.346],[106.2314,10.3452],[106.2289,10.3452],[106.2281,10.3441],[106.2275,10.3425],[106.2278,10.3392],[106.2269,10.3392],[106.226,10.3405],[106.2224,10.3398],[106.2213,10.3422],[106.219,10.3412],[106.2176,10.3399],[106.2205,10.3344],[106.2209,10.3311],[106.2219,10.3306],[106.2219,10.3254],[106.2215,10.3225],[106.2222,10.3179],[106.2136,10.3166],[106.2102,10.3153],[106.2056,10.3141],[106.2048,10.3201],[106.2047,10.3225],[106.2009,10.3217],[106.2002,10.3246],[106.1984,10.3243],[106.1886,10.3249],[106.1888,10.3258],[106.1884,10.3354],[106.1859,10.3355],[106.1855,10.3367],[106.186,10.3372],[106.186,10.3373],[106.1867,10.3383],[106.1827,10.3402],[106.1822,10.3403]]]},"properties":{"name":"Vĩnh Kim","level":"ward"}},{"type":"Feature","geometry":{"type":"Polygon","coordinates":[[[106.3136,10.3373],[106.3114,10.3368],[106.3056,10.3359],[106.3016,10.3351],[106.2987,10.3342],[106.2968,10.3334],[106.295,10.3329],[106.2934,10.332],[106.2897,10.3306],[106.2862,10.3309],[106.286,10.3271],[106.2818,10.3275],[106.2795,10.3272],[106.2772,10.3276],[106.275,10.3268],[106.2725,10.325],[106.2704,10.3248],[106.2659,10.3239],[106.2559,10.322],[106.2501,10.3206],[106.2479,10.3202],[106.2405,10.3192],[106.2386,10.3195],[106.2365,10.3195],[106.2232,10.3181],[106.2222,10.3179],[106.2215,10.3225],[106.2219,10.3254],[106.2219,10.3306],[106.2209,10.3311],[106.2205,10.3344],[106.2176,10.3399],[106.219,10.3412],[106.2213,10.3422],[106.2224,10.3398],[106.226,10.3405],[106.2269,10.3392],[106.2278,10.3392],[106.2275,10.3425],[106.2281,10.3441],[106.2289,10.3452],[106.2314,10.3452],[106.233,10.346],[106.234,10.3479],[106.2388,10.3488],[106.2409,10.3503],[106.2424,10.3485],[106.244,10.3485],[106.2451,10.3468],[106.2443,10.3464],[106.2453,10.3449],[106.2479,10.3444],[106.2487,10.3487],[106.249,10.3495],[106.2511,10.3489],[106.2523,10.3499],[106.2543,10.348],[106.2551,10.3489],[106.2543,10.3495],[106.2543,10.3507],[106.2559,10.3522],[106.2549,10.3529],[106.2552,10.355],[106.2552,10.3575],[106.2565,10.3587],[106.2588,10.3587],[106.2595,10.3609],[106.2608,10.3617],[106.2619,10.3624],[106.2629,10.3622],[106.2648,10.3594],[106.2657,10.3565],[106.2644,10.3551],[106.2648,10.3534],[106.2656,10.3519],[106.2681,10.3506],[106.269,10.352],[106.2745,10.3492],[106.2774,10.348],[106.2809,10.3479],[106.28,10.3504],[106.2824,10.3516],[106.2827,10.3521],[106.2819,10.3534],[106.2827,10.3596],[106.2835,10.3642],[106.2837,10.3644],[106.2895,10.3634],[106.2972,10.3623],[106.2972,10.3607],[106.2982,10.3601],[106.2975,10.3585],[106.2972,10.3567],[106.2968,10.3532],[106.2993,10.3531],[106.303,10.3524],[106.3043,10.3526],[106.3067,10.3536],[106.308,10.3498],[106.3127,10.3408],[106.3136,10.3373]]]},"properties":{"name":"Kim Sơn","level":"ward"}},{"type":"Feature","geometry":{"type":"Polygon","coordinates":[[[106.4109,10.3433],[106.4102,10.35],[106.4135,10.3498],[106.4132,10.3559],[106.4126,10.3589],[106.411,10.3658],[106.4098,10.3682],[106.4078,10.3711],[106.405,10.3781],[106.4067,10.3808],[106.4089,10.3854],[106.4099,10.3866],[106.4112,10.3883],[106.414,10.387],[106.4165,10.3882],[106.4167,10.3896],[106.415,10.3907],[106.4157,10.3917],[106.4172,10.3924],[106.4192,10.3908],[106.4208,10.3923],[106.4211,10.393],[106.4223,10.3924],[106.4236,10.3925],[106.4259,10.3913],[106.4283,10.3895],[106.4278,10.3884],[106.4285,10.3868],[106.4296,10.3868],[106.4332,10.385],[106.4347,10.3839],[106.4361,10.3819],[106.4372,10.3817],[106.4388,10.3806],[106.4422,10.3803],[106.4439,10.3807],[106.4449,10.3785],[106.4454,10.3766],[106.4456,10.374],[106.447,10.3743],[106.4466,10.3712],[106.4473,10.3665],[106.4479,10.3652],[106.4509,10.3659],[106.4509,10.3689],[106.4559,10.3687],[106.4558,10.3703],[106.4551,10.3731],[106.4563,10.3734],[106.4559,10.3748],[106.4597,10.3754],[106.4606,10.3717],[106.4604,10.3701],[106.4588,10.3671],[106.4595,10.3645],[106.4592,10.3636],[106.4592,10.3601],[106.4582,10.3571],[106.4584,10.3562],[106.4612,10.3566],[106.4648,10.3554],[106.4656,10.3545],[106.4667,10.3554],[106.4674,10.3546],[106.4692,10.3546],[106.4695,10.3551],[106.474,10.355],[106.4743,10.3564],[106.4751,10.3565],[106.4753,10.3581],[106.4761,10.3581],[106.4779,10.3572],[106.4779,10.3561],[106.4792,10.3563],[106.4813,10.3556],[106.4813,10.3538],[106.4798,10.3535],[106.4797,10.3511],[106.4803,10.3501],[106.4764,10.3464],[106.4731,10.3435],[106.4729,10.3431],[106.4701,10.3452],[106.4682,10.3454],[106.4663,10.3467],[106.4637,10.3479],[106.4603,10.3485],[106.4574,10.3482],[106.4525,10.3484],[106.4498,10.3477],[106.4468,10.3465],[106.4403,10.3442],[106.4354,10.3424],[106.4318,10.3419],[106.4268,10.3418],[106.4221,10.3423],[106.4189,10.3429],[106.4161,10.3437],[106.4137,10.3434],[106.4109,10.3433]]]},"properties":{"name":"Chợ Gạo","level":"ward"}},{"type":"Feature","geometry":{"type":"Polygon","coordinates":[[[106.3474,10.4422],[106.3463,10.4422],[106.3458,10.4432],[106.3468,10.4441],[106.3468,10.4452],[106.3477,10.4485],[106.3476,10.4495],[106.3462,10.4506],[106.3457,10.4516],[106.3466,10.4535],[106.3502,10.4527],[106.3528,10.4529],[106.3529,10.4532],[106.3578,10.4535],[106.3587,10.4553],[106.3609,10.4552],[106.3613,10.4566],[106.3652,10.4561],[106.3658,10.4592],[106.3668,10.459],[106.3673,10.4607],[106.368,10.4646],[106.3686,10.4644],[106.3691,10.4662],[106.3696,10.4696],[106.3706,10.4718],[106.3713,10.4716],[106.3719,10.4743],[106.3782,10.4737],[106.3808,10.4738],[106.3836,10.4734],[106.3853,10.4729],[106.3874,10.4728],[106.3886,10.4735],[106.3896,10.4751],[106.3896,10.4766],[106.3911,10.4779],[106.3931,10.4773],[106.3939,10.4787],[106.3942,10.4805],[106.3958,10.4842],[106.3962,10.4859],[106.398,10.4862],[106.3995,10.4849],[106.4004,10.4846],[106.4009,10.4863],[106.4036,10.4931],[106.4043,10.4916],[106.4061,10.4921],[106.4068,10.4912],[106.4079,10.492],[106.41,10.4907],[106.4105,10.4909],[106.4122,10.4902],[106.4137,10.4883],[106.4152,10.4889],[106.417,10.4884],[106.4167,10.4858],[106.4178,10.484],[106.4173,10.482],[106.4211,10.4796],[106.4238,10.4787],[106.425,10.4767],[106.4256,10.474],[106.4274,10.4734],[106.43,10.474],[106.4323,10.4708],[106.4343,10.4687],[106.4357,10.4696],[106.4367,10.4684],[106.4382,10.4675],[106.4395,10.4663],[106.4407,10.467],[106.4419,10.4664],[106.4422,10.4603],[106.4419,10.4597],[106.4421,10.4583],[106.4443,10.458],[106.445,10.4573],[106.4463,10.4568],[106.4467,10.4558],[106.4477,10.4549],[106.4506,10.4536],[106.4527,10.4534],[106.454,10.4509],[106.4505,10.4503],[106.4476,10.4515],[106.4472,10.4504],[106.4457,10.4494],[106.4433,10.4463],[106.4422,10.4443],[106.4393,10.4451],[106.4383,10.4433],[106.4377,10.4415],[106.4361,10.4415],[106.4353,10.439],[106.4335,10.4386],[106.4308,10.4365],[106.4299,10.4368],[106.4274,10.4365],[106.4273,10.4338],[106.4252,10.4339],[106.4194,10.4349],[106.418,10.4349],[106.4155,10.4335],[106.4147,10.4309],[106.411,10.4295],[106.4095,10.4292],[106.4075,10.4262],[106.4036,10.4249],[106.4016,10.4268],[106.4001,10.4278],[106.3965,10.4293],[106.395,10.4273],[106.3912,10.4265],[106.39,10.4254],[106.3883,10.4246],[106.3866,10.4245],[106.3849,10.4251],[106.3832,10.4262],[106.3843,10.4295],[106.3847,10.4338],[106.3885,10.4342],[106.3894,10.4354],[106.3902,10.436],[106.3921,10.4347],[106.3938,10.4343],[106.3944,10.4388],[106.3949,10.44],[106.3933,10.4404],[106.3892,10.442],[106.3881,10.4423],[106.3878,10.4433],[106.3862,10.4461],[106.3851,10.446],[106.385,10.4472],[106.3828,10.4466],[106.3813,10.4465],[106.381,10.4476],[106.3798,10.4474],[106.3795,10.4486],[106.3754,10.4483],[106.3739,10.4489],[106.3755,10.4513],[106.3764,10.4529],[106.3749,10.4536],[106.3736,10.4536],[106.373,10.4518],[106.3719,10.4507],[106.3713,10.4507],[106.3698,10.4491],[106.3691,10.4487],[106.3663,10.4458],[106.3658,10.4447],[106.3661,10.444],[106.3651,10.4429],[106.3629,10.442],[106.3619,10.442],[106.3614,10.4413],[106.3604,10.4416],[106.3551,10.4399],[106.3538,10.4411],[106.3526,10.4416],[106.3517,10.4413],[106.351,10.442],[106.3489,10.4421],[106.3481,10.4428],[106.3474,10.4422]]]},"properties":{"name":"Mỹ Tịnh An","level":"ward"}},{"type":"Feature","geometry":{"type":"Polygon","coordinates":[[[106.3713,10.4028],[106.3679,10.4018],[106.3656,10.4012],[106.3645,10.4009],[106.3657,10.3972],[106.3624,10.3971],[106.3585,10.3967],[106.3561,10.3959],[106.3538,10.3967],[106.3511,10.3983],[106.351,10.3993],[106.3492,10.4014],[106.349,10.4019],[106.3464,10.4015],[106.346,10.4029],[106.3449,10.4027],[106.3453,10.404],[106.3458,10.4074],[106.3457,10.4086],[106.3466,10.4107],[106.3486,10.4132],[106.3496,10.4151],[106.3511,10.416],[106.3515,10.4166],[106.3523,10.4199],[106.351,10.4193],[106.3505,10.42],[106.3519,10.4206],[106.3528,10.4215],[106.3524,10.4224],[106.3506,10.4223],[106.351,10.4235],[106.352,10.4235],[106.3527,10.4244],[106.3527,10.4257],[106.3521,10.4271],[106.3513,10.4264],[106.3505,10.4271],[106.35,10.429],[106.3501,10.4302],[106.3484,10.4301],[106.3469,10.4325],[106.3477,10.4338],[106.3473,10.4354],[106.346,10.435],[106.3454,10.4368],[106.3469,10.439],[106.3478,10.4397],[106.3472,10.4413],[106.3474,10.4422],[106.3481,10.4428],[106.3489,10.4421],[106.351,10.442],[106.3517,10.4413],[106.3526,10.4416],[106.3538,10.4411],[106.3551,10.4399],[106.3604,10.4416],[106.3614,10.4413],[106.3619,10.442],[106.3629,10.442],[106.3651,10.4429],[106.3661,10.444],[106.3658,10.4447],[106.3663,10.4458],[106.3691,10.4487],[106.3698,10.4491],[106.3713,10.4507],[106.3719,10.4507],[106.373,10.4518],[106.3736,10.4536],[106.3749,10.4536],[106.3764,10.4529],[106.3755,10.4513],[106.3739,10.4489],[106.3754,10.4483],[106.3795,10.4486],[106.3798,10.4474],[106.381,10.4476],[106.3813,10.4465],[106.3828,10.4466],[106.385,10.4472],[106.3851,10.446],[106.3862,10.4461],[106.3878,10.4433],[106.3881,10.4423],[106.3892,10.442],[106.3933,10.4404],[106.3949,10.44],[106.3944,10.4388],[106.3938,10.4343],[106.3921,10.4347],[106.3902,10.436],[106.3894,10.4354],[106.3885,10.4342],[106.3847,10.4338],[106.3843,10.4295],[106.3832,10.4262],[106.3849,10.4251],[106.3866,10.4245],[106.3883,10.4246],[106.39,10.4254],[106.3912,10.4265],[106.395,10.4273],[106.3965,10.4293],[106.4001,10.4278],[106.4016,10.4268],[106.4036,10.4249],[106.4075,10.4262],[106.4095,10.4292],[106.411,10.4295],[106.4147,10.4309],[106.4148,10.4297],[106.4178,10.4297],[106.42,10.4281],[106.4212,10.4277],[106.4202,10.4253],[106.4205,10.4243],[106.4204,10.4218],[106.4215,10.4213],[106.4223,10.4191],[106.4243,10.4162],[106.4209,10.4153],[106.4196,10.4153],[106.419,10.4129],[106.4178,10.4126],[106.4203,10.4108],[106.4206,10.4115],[106.4219,10.4111],[106.4224,10.4101],[106.4227,10.4084],[106.4263,10.4073],[106.4262,10.4063],[106.4253,10.4061],[106.424,10.4063],[106.4239,10.4053],[106.4251,10.4046],[106.426,10.4033],[106.4252,10.4026],[106.4239,10.4035],[106.423,10.4027],[106.4213,10.4038],[106.421,10.4033],[106.4224,10.4022],[106.4221,10.4016],[106.4232,10.4006],[106.4224,10.4001],[106.4214,10.4012],[106.4205,10.4015],[106.4194,10.4012],[106.4177,10.3998],[106.4182,10.3991],[106.4168,10.3977],[106.4167,10.3967],[106.4189,10.3947],[106.4172,10.3924],[106.4157,10.3917],[106.415,10.3907],[106.4167,10.3896],[106.4165,10.3882],[106.414,10.387],[106.4112,10.3883],[106.4099,10.3866],[106.4059,10.3889],[106.4019,10.3914],[106.4038,10.393],[106.4031,10.3947],[106.4035,10.3961],[106.4029,10.3965],[106.403,10.3976],[106.402,10.3982],[106.4023,10.4002],[106.4019,10.4004],[106.4024,10.4024],[106.402,10.4026],[106.401,10.4005],[106.4004,10.3984],[106.3985,10.3958],[106.3969,10.3944],[106.3963,10.3961],[106.3942,10.3962],[106.3914,10.3962],[106.3872,10.3985],[106.3856,10.4015],[106.3849,10.4029],[106.3845,10.4034],[106.3847,10.4066],[106.3792,10.405],[106.379,10.405],[106.3713,10.4028]]]},"properties":{"name":"Lương Hoà Lạc","level":"ward"}},{"type":"Feature","geometry":{"type":"Polygon","coordinates":[[[106.4667,10.3554],[106.4656,10.3545],[106.4648,10.3554],[106.4612,10.3566],[106.4584,10.3562],[106.4582,10.3571],[106.4592,10.3601],[106.4592,10.3636],[106.4595,10.3645],[106.4588,10.3671],[106.4604,10.3701],[106.4606,10.3717],[106.4597,10.3754],[106.4559,10.3748],[106.4563,10.3734],[106.4551,10.3731],[106.4558,10.3703],[106.4559,10.3687],[106.4509,10.3689],[106.4509,10.3659],[106.4479,10.3652],[106.4473,10.3665],[106.4466,10.3712],[106.447,10.3743],[106.4456,10.374],[106.4454,10.3766],[106.4449,10.3785],[106.4439,10.3807],[106.4422,10.3803],[106.4388,10.3806],[106.4372,10.3817],[106.4361,10.3819],[106.4347,10.3839],[106.4332,10.385],[106.4296,10.3868],[106.4285,10.3868],[106.4278,10.3884],[106.4283,10.3895],[106.4259,10.3913],[106.4236,10.3925],[106.4223,10.3924],[106.4211,10.393],[106.4208,10.3923],[106.4192,10.3908],[106.4172,10.3924],[106.4189,10.3947],[106.4167,10.3967],[106.4168,10.3977],[106.4182,10.3991],[106.4177,10.3998],[106.4194,10.4012],[106.4205,10.4015],[106.4214,10.4012],[106.4224,10.4001],[106.4232,10.4006],[106.4221,10.4016],[106.4224,10.4022],[106.421,10.4033],[106.4213,10.4038],[106.423,10.4027],[106.4239,10.4035],[106.4252,10.4026],[106.426,10.4033],[106.4251,10.4046],[106.4239,10.4053],[106.424,10.4063],[106.4253,10.4061],[106.4262,10.4063],[106.4263,10.4073],[106.4227,10.4084],[106.4224,10.4101],[106.4219,10.4111],[106.4206,10.4115],[106.4203,10.4108],[106.4178,10.4126],[106.419,10.4129],[106.4196,10.4153],[106.4209,10.4153],[106.4243,10.4162],[106.4262,10.4145],[106.4247,10.4114],[106.4279,10.4098],[106.4288,10.411],[106.4299,10.4143],[106.4309,10.4153],[106.4318,10.4145],[106.4387,10.4119],[106.4392,10.4117],[106.4403,10.4149],[106.4462,10.4136],[106.4463,10.4121],[106.4491,10.4112],[106.4518,10.4134],[106.4537,10.4116],[106.4572,10.4071],[106.4596,10.4049],[106.4576,10.4032],[106.4557,10.402],[106.4545,10.4008],[106.4519,10.4027],[106.4504,10.404],[106.4489,10.4044],[106.4481,10.4021],[106.4489,10.4018],[106.4479,10.3987],[106.4501,10.3982],[106.452,10.399],[106.4541,10.4004],[106.4545,10.3984],[106.4556,10.3955],[106.4564,10.3949],[106.4589,10.3954],[106.4597,10.3962],[106.4618,10.3997],[106.4631,10.4005],[106.4642,10.4004],[106.466,10.3987],[106.4665,10.3974],[106.4672,10.3967],[106.4692,10.3967],[106.4703,10.3978],[106.4724,10.3988],[106.4745,10.3984],[106.4761,10.3978],[106.4784,10.3974],[106.4801,10.3967],[106.4805,10.3997],[106.4815,10.4047],[106.4831,10.4041],[106.485,10.403],[106.4863,10.404],[106.4856,10.4049],[106.4868,10.4059],[106.4859,10.4065],[106.4864,10.4087],[106.4874,10.4088],[106.488,10.4096],[106.4913,10.4117],[106.4919,10.4131],[106.4927,10.4139],[106.4943,10.4142],[106.495,10.4149],[106.4964,10.4144],[106.4971,10.415],[106.497,10.4162],[106.498,10.4164],[106.4984,10.4153],[106.4993,10.4153],[106.4998,10.4174],[106.5015,10.4185],[106.5022,10.4204],[106.504,10.4209],[106.5042,10.4224],[106.5048,10.4232],[106.507,10.4224],[106.5082,10.4227],[106.5087,10.4235],[106.5095,10.4275],[106.5108,10.4287],[106.5132,10.4289],[106.5141,10.4283],[106.5143,10.4261],[106.5182,10.4244],[106.5196,10.4248],[106.52,10.4256],[106.5205,10.4247],[106.5195,10.423],[106.5196,10.4212],[106.5213,10.4215],[106.5222,10.4211],[106.5232,10.4199],[106.5263,10.4181],[106.5282,10.415],[106.5269,10.4146],[106.5259,10.4134],[106.5241,10.4125],[106.5232,10.4093],[106.5249,10.4087],[106.5225,10.4067],[106.516,10.4006],[106.5116,10.3966],[106.5034,10.389],[106.4945,10.3808],[106.4801,10.3677],[106.4731,10.3612],[106.4667,10.3554]]]},"properties":{"name":"Tân Thuận Bình","level":"ward"}},{"type":"Feature","geometry":{"type":"Polygon","coordinates":[[[106.4729,10.3431],[106.4731,10.3435],[106.4764,10.3464],[106.4803,10.3501],[106.4797,10.3511],[106.4798,10.3535],[106.4813,10.3538],[106.4813,10.3556],[106.4792,10.3563],[106.4779,10.3561],[106.4779,10.3572],[106.4761,10.3581],[106.4753,10.3581],[106.4751,10.3565],[106.4743,10.3564],[106.474,10.355],[106.4695,10.3551],[106.4692,10.3546],[106.4674,10.3546],[106.4667,10.3554],[106.4731,10.3612],[106.4801,10.3677],[106.4945,10.3808],[106.5034,10.389],[106.5116,10.3966],[106.516,10.4006],[106.5225,10.4067],[106.5249,10.4087],[106.5255,10.4094],[106.5271,10.4093],[106.5289,10.4097],[106.53,10.4104],[106.533,10.4103],[106.5369,10.4089],[106.5395,10.4107],[106.5415,10.4129],[106.5435,10.4136],[106.5447,10.4121],[106.546,10.4128],[106.5476,10.4095],[106.5495,10.4048],[106.5493,10.4014],[106.5499,10.3992],[106.5483,10.399],[106.5463,10.3966],[106.5445,10.3956],[106.5439,10.3944],[106.543,10.3938],[106.543,10.3915],[106.5424,10.3914],[106.542,10.3897],[106.5405,10.3856],[106.5398,10.3826],[106.5389,10.3808],[106.5385,10.3788],[106.5385,10.3754],[106.535,10.3758],[106.5347,10.3752],[106.5326,10.3751],[106.5328,10.3716],[106.5279,10.3712],[106.5281,10.3696],[106.5289,10.3678],[106.528,10.3674],[106.5233,10.3656],[106.52,10.3648],[106.5188,10.3642],[106.5148,10.3612],[106.5153,10.3544],[106.5184,10.3553],[106.5186,10.3557],[106.5215,10.3563],[106.5217,10.3551],[106.5216,10.3498],[106.5266,10.3503],[106.5266,10.3456],[106.5219,10.3423],[106.5207,10.339],[106.5208,10.3379],[106.5253,10.3355],[106.525,10.333],[106.5253,10.3304],[106.525,10.3298],[106.5249,10.3275],[106.522,10.3272],[106.5171,10.3276],[106.5151,10.3274],[106.5131,10.3279],[106.5093,10.3283],[106.5058,10.3272],[106.501,10.3267],[106.4997,10.3258],[106.4983,10.3255],[106.4964,10.3245],[106.4957,10.3229],[106.4936,10.3217],[106.492,10.3214],[106.4909,10.3219],[106.49,10.3231],[106.4889,10.3232],[106.4847,10.3249],[106.4814,10.3284],[106.4802,10.3293],[106.4798,10.331],[106.478,10.3341],[106.4775,10.3355],[106.4779,10.3368],[106.478,10.3391],[106.4771,10.3404],[106.4757,10.3406],[106.4743,10.3415],[106.4729,10.3431]]]},"properties":{"name":"An Thạnh Thuỷ","level":"ward"}},{"type":"Feature","geometry":{"type":"Polygon","coordinates":[[[106.3986,10.3357],[106.4,10.3384],[106.4016,10.3396],[106.4033,10.3404],[106.4085,10.3426],[106.4109,10.3433],[106.4137,10.3434],[106.4161,10.3437],[106.4189,10.3429],[106.4221,10.3423],[106.4268,10.3418],[106.4318,10.3419],[106.4354,10.3424],[106.4403,10.3442],[106.4468,10.3465],[106.4498,10.3477],[106.4525,10.3484],[106.4574,10.3482],[106.4603,10.3485],[106.4637,10.3479],[106.4663,10.3467],[106.4682,10.3454],[106.4701,10.3452],[106.4729,10.3431],[106.4743,10.3415],[106.4757,10.3406],[106.4771,10.3404],[106.478,10.3391],[106.4779,10.3368],[106.4775,10.3355],[106.478,10.3341],[106.4798,10.331],[106.4802,10.3293],[106.4814,10.3284],[106.4847,10.3249],[106.4889,10.3232],[106.49,10.3231],[106.4909,10.3219],[106.492,10.3214],[106.4936,10.3217],[106.4957,10.3229],[106.4964,10.3245],[106.4983,10.3255],[106.4997,10.3258],[106.501,10.3267],[106.5058,10.3272],[106.5093,10.3283],[106.5131,10.3279],[106.5151,10.3274],[106.5171,10.3276],[106.522,10.3272],[106.5249,10.3275],[106.5284,10.3283],[106.5295,10.3289],[106.5315,10.3292],[106.5344,10.3305],[106.5373,10.3325],[106.5449,10.3312],[106.546,10.3314],[106.5495,10.3315],[106.5512,10.3313],[106.552,10.3286],[106.5474,10.3243],[106.5463,10.3218],[106.5506,10.3206],[106.5517,10.3201],[106.5538,10.3211],[106.5544,10.3182],[106.5523,10.3172],[106.5513,10.3164],[106.5503,10.3144],[106.5486,10.3102],[106.5497,10.3072],[106.5496,10.3062],[106.5476,10.3048],[106.547,10.3035],[106.5465,10.3009],[106.5455,10.2999],[106.5426,10.298],[106.5397,10.2996],[106.5347,10.302],[106.5305,10.3035],[106.5269,10.3045],[106.5232,10.3051],[106.5156,10.306],[106.5049,10.307],[106.497,10.3081],[106.4899,10.3084],[106.4842,10.3082],[106.4827,10.308],[106.4796,10.307],[106.4755,10.3067],[106.4698,10.307],[106.4646,10.3074],[106.4597,10.3077],[106.4522,10.3076],[106.4491,10.3069],[106.4483,10.3065],[106.4448,10.3092],[106.4424,10.3104],[106.4396,10.3114],[106.4341,10.3139],[106.4313,10.3158],[106.4263,10.3188],[106.4163,10.326],[106.4125,10.3281],[106.4079,10.331],[106.3986,10.3357]]]},"properties":{"name":"Bình Ninh","level":"ward"}},{"type":"Feature","geometry":{"type":"Polygon","coordinates":[[[106.5249,10.3275],[106.525,10.3298],[106.5253,10.3304],[106.525,10.333],[106.5253,10.3355],[106.5208,10.3379],[106.5207,10.339],[106.5219,10.3423],[106.5266,10.3456],[106.5266,10.3503],[106.5216,10.3498],[106.5217,10.3551],[106.5215,10.3563],[106.5186,10.3557],[106.5184,10.3553],[106.5153,10.3544],[106.5148,10.3612],[106.5188,10.3642],[106.52,10.3648],[106.5233,10.3656],[106.528,10.3674],[106.5274,10.3664],[106.5286,10.3658],[106.5293,10.3635],[106.5342,10.3639],[106.5341,10.3642],[106.5372,10.3646],[106.538,10.365],[106.5393,10.3643],[106.543,10.3652],[106.5432,10.3649],[106.5456,10.365],[106.5471,10.3658],[106.5478,10.3638],[106.5493,10.3609],[106.5554,10.3608],[106.5551,10.3578],[106.5557,10.3566],[106.5789,10.3574],[106.5842,10.357],[106.5891,10.357],[106.5924,10.3571],[106.5968,10.3575],[106.5997,10.3573],[106.6003,10.3612],[106.6019,10.3617],[106.6006,10.3638],[106.6007,10.365],[106.6005,10.3698],[106.6003,10.3706],[106.6021,10.371],[106.6064,10.3728],[106.6078,10.3718],[106.6082,10.3733],[106.609,10.3752],[106.6109,10.3744],[106.6118,10.3747],[106.6122,10.3729],[106.6143,10.3727],[106.6181,10.3732],[106.6183,10.3697],[106.6193,10.3683],[106.6207,10.3689],[106.6205,10.3667],[106.6182,10.3646],[106.6183,10.3627],[106.6189,10.3598],[106.62,10.3564],[106.6205,10.3564],[106.6223,10.3499],[106.6221,10.3424],[106.6251,10.3425],[106.6276,10.3428],[106.6276,10.3407],[106.6272,10.3315],[106.6274,10.328],[106.6246,10.3276],[106.6221,10.3275],[106.6184,10.3286],[106.6173,10.3281],[106.6117,10.3281],[106.6098,10.3279],[106.6102,10.3308],[106.609,10.3299],[106.6064,10.3295],[106.6045,10.3298],[106.6023,10.3294],[106.6018,10.3307],[106.6001,10.3309],[106.5972,10.3318],[106.5928,10.3337],[106.5911,10.3343],[106.5901,10.3318],[106.585,10.3328],[106.585,10.3317],[106.5784,10.3329],[106.5733,10.3341],[106.5709,10.3344],[106.5695,10.3356],[106.568,10.3375],[106.5663,10.3363],[106.5668,10.3344],[106.5666,10.3318],[106.5655,10.3305],[106.5642,10.3298],[106.563,10.3277],[106.5621,10.327],[106.5595,10.3254],[106.5545,10.3231],[106.5538,10.3211],[106.5517,10.3201],[106.5506,10.3206],[106.5463,10.3218],[106.5474,10.3243],[106.552,10.3286],[106.5512,10.3313],[106.5495,10.3315],[106.546,10.3314],[106.5449,10.3312],[106.5373,10.3325],[106.5344,10.3305],[106.5315,10.3292],[106.5295,10.3289],[106.5284,10.3283],[106.5249,10.3275]]]},"properties":{"name":"Vĩnh Bình","level":"ward"}},{"type":"Feature","geometry":{"type":"Polygon","coordinates":[[[106.5249,10.4087],[106.5232,10.4093],[106.5241,10.4125],[106.5259,10.4134],[106.5269,10.4146],[106.5282,10.415],[106.5263,10.4181],[106.5232,10.4199],[106.5222,10.4211],[106.5213,10.4215],[106.5196,10.4212],[106.5195,10.423],[106.5205,10.4247],[106.52,10.4256],[106.5209,10.4277],[106.5225,10.4291],[106.524,10.4309],[106.525,10.4316],[106.5271,10.4325],[106.5291,10.4335],[106.5299,10.433],[106.5308,10.4317],[106.5326,10.4299],[106.5346,10.4267],[106.5367,10.4212],[106.5376,10.4204],[106.5385,10.421],[106.5406,10.4249],[106.5417,10.4265],[106.5439,10.4288],[106.5448,10.4294],[106.5464,10.4295],[106.5472,10.4289],[106.5481,10.4263],[106.5491,10.4253],[106.5508,10.4249],[106.5519,10.4252],[106.5562,10.4255],[106.5583,10.4248],[106.5591,10.4234],[106.5591,10.4221],[106.5578,10.4166],[106.5577,10.415],[106.5581,10.4137],[106.5591,10.413],[106.5604,10.413],[106.5647,10.4146],[106.5664,10.4149],[106.5681,10.4147],[106.57,10.4129],[106.5714,10.4122],[106.5729,10.4127],[106.5747,10.4141],[106.5762,10.4143],[106.5776,10.411],[106.5802,10.4095],[106.5821,10.4093],[106.5837,10.4085],[106.5848,10.4089],[106.5859,10.4103],[106.5866,10.4107],[106.5883,10.4099],[106.589,10.4087],[106.5906,10.4071],[106.5907,10.4047],[106.5921,10.4028],[106.592,10.4014],[106.5915,10.3997],[106.5904,10.3988],[106.5893,10.3985],[106.5898,10.3953],[106.5898,10.3944],[106.5904,10.3906],[106.5975,10.3886],[106.6076,10.3856],[106.6099,10.3798],[106.609,10.3752],[106.6082,10.3733],[106.6078,10.3718],[106.6064,10.3728],[106.6021,10.371],[106.6003,10.3706],[106.6005,10.3698],[106.6007,10.365],[106.6006,10.3638],[106.6019,10.3617],[106.6003,10.3612],[106.5997,10.3573],[106.5968,10.3575],[106.5924,10.3571],[106.5891,10.357],[106.5842,10.357],[106.5789,10.3574],[106.5557,10.3566],[106.5551,10.3578],[106.5554,10.3608],[106.5493,10.3609],[106.5478,10.3638],[106.5471,10.3658],[106.5456,10.365],[106.5432,10.3649],[106.543,10.3652],[106.5393,10.3643],[106.538,10.365],[106.5372,10.3646],[106.5341,10.3642],[106.5342,10.3639],[106.5293,10.3635],[106.5286,10.3658],[106.5274,10.3664],[106.528,10.3674],[106.5289,10.3678],[106.5281,10.3696],[106.5279,10.3712],[106.5328,10.3716],[106.5326,10.3751],[106.5347,10.3752],[106.535,10.3758],[106.5385,10.3754],[106.5385,10.3788],[106.5389,10.3808],[106.5398,10.3826],[106.5405,10.3856],[106.542,10.3897],[106.5424,10.3914],[106.543,10.3915],[106.543,10.3938],[106.5439,10.3944],[106.5445,10.3956],[106.5463,10.3966],[106.5483,10.399],[106.5499,10.3992],[106.5493,10.4014],[106.5495,10.4048],[106.5476,10.4095],[106.546,10.4128],[106.5447,10.4121],[106.5435,10.4136],[106.5415,10.4129],[106.5395,10.4107],[106.5369,10.4089],[106.533,10.4103],[106.53,10.4104],[106.5289,10.4097],[106.5271,10.4093],[106.5255,10.4094],[106.5249,10.4087]]]},"properties":{"name":"Đồng Sơn","level":"ward"}},{"type":"Feature","geometry":{"type":"Polygon","coordinates":[[[106.6517,10.3544],[106.6507,10.3534],[106.6513,10.3491],[106.6511,10.3472],[106.6515,10.3443],[106.6523,10.341],[106.6511,10.3355],[106.6514,10.3348],[106.6418,10.3312],[106.635,10.3288],[106.6275,10.3266],[106.6274,10.328],[106.6272,10.3315],[106.6276,10.3407],[106.6276,10.3428],[106.6251,10.3425],[106.6221,10.3424],[106.6223,10.3499],[106.6205,10.3564],[106.62,10.3564],[106.6189,10.3598],[106.6183,10.3627],[106.6182,10.3646],[106.6205,10.3667],[106.6207,10.3689],[106.6193,10.3683],[106.6183,10.3697],[106.6181,10.3732],[106.6143,10.3727],[106.6122,10.3729],[106.6118,10.3747],[106.6109,10.3744],[106.609,10.3752],[106.6099,10.3798],[106.6076,10.3856],[106.5975,10.3886],[106.5904,10.3906],[106.5898,10.3944],[106.5898,10.3953],[106.5893,10.3985],[106.5904,10.3988],[106.5915,10.3997],[106.592,10.4014],[106.5921,10.4028],[106.5907,10.4047],[106.5906,10.4071],[106.589,10.4087],[106.5883,10.4099],[106.5866,10.4107],[106.5859,10.4103],[106.5848,10.4089],[106.5837,10.4085],[106.5821,10.4093],[106.5802,10.4095],[106.5776,10.411],[106.5762,10.4143],[106.5775,10.4143],[106.5798,10.4148],[106.5831,10.4164],[106.5888,10.4181],[106.5894,10.4197],[106.5875,10.4226],[106.5878,10.4254],[106.5913,10.4243],[106.5932,10.4243],[106.5958,10.4249],[106.6004,10.4264],[106.6008,10.426],[106.6011,10.4226],[106.6018,10.422],[106.6039,10.4226],[106.6055,10.4212],[106.6062,10.4194],[106.6085,10.4182],[106.6084,10.4177],[106.6116,10.4164],[106.6115,10.4149],[106.6124,10.4145],[106.6133,10.415],[106.6137,10.414],[106.6155,10.4136],[106.6154,10.4128],[106.6163,10.4113],[106.6171,10.4108],[106.6167,10.4098],[106.6181,10.4086],[106.6186,10.4075],[106.62,10.407],[106.6253,10.4015],[106.6264,10.3985],[106.625,10.398],[106.6257,10.3947],[106.6264,10.3927],[106.6277,10.3924],[106.6296,10.3911],[106.6319,10.3905],[106.6329,10.3893],[106.6341,10.3884],[106.6339,10.3872],[106.6343,10.3863],[106.6343,10.3843],[106.6334,10.3843],[106.6345,10.381],[106.6333,10.3801],[106.6355,10.3775],[106.6403,10.3692],[106.6465,10.3584],[106.6484,10.3587],[106.6513,10.3589],[106.6514,10.3556],[106.6517,10.3544]]]},"properties":{"name":"Phú Thành","level":"ward"}},{"type":"Feature","geometry":{"type":"Polygon","coordinates":[[[106.5426,10.298],[106.5455,10.2999],[106.5465,10.3009],[106.547,10.3035],[106.5476,10.3048],[106.5496,10.3062],[106.5497,10.3072],[106.5486,10.3102],[106.5503,10.3144],[106.5513,10.3164],[106.5523,10.3172],[106.5544,10.3182],[106.5538,10.3211],[106.5545,10.3231],[106.5595,10.3254],[106.5621,10.327],[106.563,10.3277],[106.5642,10.3298],[106.5655,10.3305],[106.5666,10.3318],[106.5668,10.3344],[106.5663,10.3363],[106.568,10.3375],[106.5695,10.3356],[106.5709,10.3344],[106.5733,10.3341],[106.5784,10.3329],[106.585,10.3317],[106.585,10.3328],[106.5901,10.3318],[106.5911,10.3343],[106.5928,10.3337],[106.5972,10.3318],[106.6001,10.3309],[106.6018,10.3307],[106.6023,10.3294],[106.6045,10.3298],[106.6064,10.3295],[106.609,10.3299],[106.6102,10.3308],[106.6098,10.3279],[106.6088,10.3191],[106.6073,10.3176],[106.6079,10.316],[106.6076,10.3144],[106.6083,10.3137],[106.6087,10.3125],[106.6143,10.3071],[106.614,10.3068],[106.616,10.3002],[106.6163,10.2983],[106.6169,10.2982],[106.6169,10.2924],[106.6159,10.287],[106.6128,10.2872],[106.6076,10.2873],[106.5891,10.2868],[106.5818,10.2872],[106.5707,10.2885],[106.5638,10.2897],[106.5596,10.2907],[106.5532,10.2927],[106.5496,10.2942],[106.5445,10.2969],[106.5426,10.298]]]},"properties":{"name":"Vĩnh Hựu","level":"ward"}},{"type":"Feature","geometry":{"type":"Polygon","coordinates":[[[106.6514,10.3348],[106.6603,10.338],[106.6692,10.3397],[106.6742,10.3411],[106.6782,10.3355],[106.682,10.3297],[106.6843,10.3258],[106.6873,10.3213],[106.6844,10.3209],[106.6812,10.3203],[106.6803,10.319],[106.6784,10.3196],[106.6777,10.3195],[106.6762,10.3179],[106.6759,10.3169],[106.6745,10.3169],[106.6711,10.3146],[106.6701,10.3136],[106.6676,10.3127],[106.6644,10.3131],[106.6614,10.3124],[106.6608,10.3117],[106.6604,10.3096],[106.6616,10.3078],[106.6614,10.3059],[106.6616,10.3045],[106.6637,10.3032],[106.6649,10.3009],[106.6663,10.2993],[106.668,10.2937],[106.6682,10.2923],[106.6693,10.2894],[106.6623,10.2814],[106.66,10.2793],[106.6569,10.2772],[106.6544,10.2762],[106.6519,10.2759],[106.6487,10.276],[106.6447,10.2766],[106.642,10.2775],[106.6377,10.2793],[106.6311,10.2824],[106.6246,10.2852],[106.6221,10.2859],[106.6186,10.2866],[106.6159,10.287],[106.6169,10.2924],[106.6169,10.2982],[106.6163,10.2983],[106.616,10.3002],[106.614,10.3068],[106.6143,10.3071],[106.6087,10.3125],[106.6083,10.3137],[106.6076,10.3144],[106.6079,10.316],[106.6073,10.3176],[106.6088,10.3191],[106.6098,10.3279],[106.6117,10.3281],[106.6173,10.3281],[106.6184,10.3286],[106.6221,10.3275],[106.6246,10.3276],[106.6274,10.328],[106.6275,10.3266],[106.635,10.3288],[106.6418,10.3312],[106.6514,10.3348]]]},"properties":{"name":"Long Bình","level":"ward"}},{"type":"Feature","geometry":{"type":"Polygon","coordinates":[[[106.4755,10.3067],[106.4796,10.307],[106.4827,10.308],[106.4842,10.3082],[106.4899,10.3084],[106.497,10.3081],[106.5049,10.307],[106.5156,10.306],[106.5232,10.3051],[106.5269,10.3045],[106.5305,10.3035],[106.5347,10.302],[106.5397,10.2996],[106.5426,10.298],[106.5445,10.2969],[106.5496,10.2942],[106.5532,10.2927],[106.5596,10.2907],[106.5638,10.2897],[106.5707,10.2885],[106.5818,10.2872],[106.5891,10.2868],[106.6076,10.2873],[106.6128,10.2872],[106.6159,10.287],[106.6186,10.2866],[106.6221,10.2859],[106.6246,10.2852],[106.6311,10.2824],[106.6377,10.2793],[106.6383,10.2765],[106.639,10.2748],[106.6399,10.2722],[106.6392,10.2712],[106.6388,10.2677],[106.6381,10.264],[106.6377,10.2613],[106.6373,10.2592],[106.6436,10.2577],[106.6491,10.2562],[106.6538,10.2546],[106.6604,10.2524],[106.6633,10.2511],[106.6658,10.2494],[106.668,10.2455],[106.6686,10.2442],[106.67,10.2427],[106.6717,10.2417],[106.6747,10.2406],[106.677,10.24],[106.6737,10.232],[106.6548,10.2374],[106.64,10.2417],[106.6118,10.2467],[106.599,10.249],[106.5876,10.2522],[106.582,10.2539],[106.5708,10.258],[106.5579,10.2613],[106.5454,10.2648],[106.5416,10.2656],[106.533,10.2678],[106.5314,10.2689],[106.5259,10.2752],[106.521,10.2793],[106.5186,10.2819],[106.5115,10.285],[106.5085,10.2864],[106.5018,10.2891],[106.495,10.2932],[106.4932,10.2943],[106.4868,10.2992],[106.4838,10.3013],[106.4787,10.3044],[106.4755,10.3067]]]},"properties":{"name":"Tân Thới","level":"ward"}},{"type":"Feature","geometry":{"type":"Polygon","coordinates":[[[106.6377,10.2793],[106.642,10.2775],[106.6447,10.2766],[106.6487,10.276],[106.6519,10.2759],[106.6544,10.2762],[106.6569,10.2772],[106.66,10.2793],[106.6623,10.2814],[106.6693,10.2894],[106.6738,10.2934],[106.676,10.2947],[106.6779,10.2954],[106.6797,10.2957],[106.6818,10.2956],[106.6837,10.2949],[106.6878,10.2922],[106.6926,10.2873],[106.6975,10.2833],[106.7018,10.2803],[106.7052,10.2786],[106.709,10.277],[106.7133,10.2757],[106.7213,10.2734],[106.728,10.2715],[106.7391,10.2683],[106.7453,10.2663],[106.7493,10.2643],[106.7518,10.2632],[106.7518,10.2555],[106.7564,10.2519],[106.7592,10.2499],[106.7641,10.2469],[106.7701,10.2437],[106.7754,10.2402],[106.7778,10.2367],[106.7882,10.228],[106.7923,10.2222],[106.7949,10.2143],[106.795,10.2106],[106.7941,10.2069],[106.7886,10.2028],[106.7852,10.2015],[106.7777,10.1993],[106.7598,10.2007],[106.7501,10.2011],[106.7465,10.1933],[106.7418,10.1949],[106.7222,10.2049],[106.6901,10.2232],[106.6797,10.2296],[106.6737,10.232],[106.677,10.24],[106.6747,10.2406],[106.6717,10.2417],[106.67,10.2427],[106.6686,10.2442],[106.668,10.2455],[106.6658,10.2494],[106.6633,10.2511],[106.6604,10.2524],[106.6538,10.2546],[106.6491,10.2562],[106.6436,10.2577],[106.6373,10.2592],[106.6377,10.2613],[106.6381,10.264],[106.6388,10.2677],[106.6392,10.2712],[106.6399,10.2722],[106.639,10.2748],[106.6383,10.2765],[106.6377,10.2793]]]},"properties":{"name":"Tân Phú Đông","level":"ward"}},{"type":"Feature","geometry":{"type":"Polygon","coordinates":[[[106.692,10.3457],[106.7138,10.3589],[106.7147,10.3593],[106.7159,10.3582],[106.7182,10.3551],[106.717,10.3541],[106.7207,10.3494],[106.7209,10.3488],[106.7242,10.3476],[106.7266,10.3461],[106.7261,10.3453],[106.724,10.3466],[106.7238,10.3463],[106.7278,10.3439],[106.7315,10.3423],[106.73,10.3398],[106.7341,10.3382],[106.7346,10.3384],[106.7362,10.3375],[106.7389,10.3362],[106.7341,10.3276],[106.7306,10.3296],[106.7265,10.3249],[106.7244,10.3263],[106.7222,10.3242],[106.7209,10.3225],[106.7254,10.3218],[106.7267,10.3197],[106.7241,10.318],[106.7217,10.3162],[106.7193,10.3148],[106.713,10.3106],[106.7126,10.3093],[106.7131,10.3069],[106.7157,10.307],[106.7167,10.3032],[106.7175,10.3013],[106.7188,10.3],[106.7175,10.2988],[106.7225,10.2924],[106.7215,10.2903],[106.721,10.2878],[106.7184,10.2848],[106.718,10.2837],[106.7183,10.283],[106.7172,10.2826],[106.7171,10.2816],[106.716,10.282],[106.7133,10.2757],[106.709,10.277],[106.7052,10.2786],[106.7018,10.2803],[106.6975,10.2833],[106.6926,10.2873],[106.6878,10.2922],[106.6837,10.2949],[106.6818,10.2956],[106.6797,10.2957],[106.6779,10.2954],[106.676,10.2947],[106.6738,10.2934],[106.6693,10.2894],[106.6682,10.2923],[106.668,10.2937],[106.6663,10.2993],[106.6649,10.3009],[106.6637,10.3032],[106.6616,10.3045],[106.6614,10.3059],[106.6616,10.3078],[106.6604,10.3096],[106.6608,10.3117],[106.6614,10.3124],[106.6644,10.3131],[106.6676,10.3127],[106.6701,10.3136],[106.6711,10.3146],[106.6745,10.3169],[106.6759,10.3169],[106.6762,10.3179],[106.6777,10.3195],[106.6784,10.3196],[106.6803,10.319],[106.6812,10.3203],[106.6844,10.3209],[106.6873,10.3213],[106.6843,10.3258],[106.682,10.3297],[106.6782,10.3355],[106.6869,10.3406],[106.6929,10.3442],[106.692,10.3457]]]},"properties":{"name":"Tân Hoà","level":"ward"}},{"type":"Feature","geometry":{"type":"Polygon","coordinates":[[[106.7816,10.3756],[106.7748,10.3755],[106.7744,10.3756],[106.7682,10.3755],[106.7542,10.3764],[106.7539,10.3734],[106.7518,10.3653],[106.7512,10.3639],[106.7466,10.3699],[106.7456,10.371],[106.7422,10.3713],[106.7384,10.3706],[106.7316,10.3709],[106.7318,10.372],[106.7303,10.3765],[106.7301,10.3798],[106.7346,10.3887],[106.7352,10.3943],[106.7355,10.3989],[106.7362,10.4063],[106.7369,10.4147],[106.7369,10.4177],[106.7366,10.4205],[106.7305,10.42],[106.7295,10.4193],[106.7266,10.4223],[106.7254,10.4219],[106.7232,10.4239],[106.7229,10.4252],[106.7217,10.427],[106.7188,10.4298],[106.7182,10.431],[106.7157,10.4344],[106.7189,10.4376],[106.7204,10.4384],[106.719,10.4405],[106.7257,10.4461],[106.7242,10.4489],[106.7217,10.4512],[106.7256,10.4549],[106.7246,10.4561],[106.7284,10.4601],[106.7343,10.4649],[106.7362,10.4663],[106.7385,10.4684],[106.75,10.4736],[106.7518,10.4677],[106.7614,10.4537],[106.7629,10.4511],[106.7727,10.4389],[106.7808,10.4298],[106.8005,10.4126],[106.8054,10.4078],[106.806,10.4065],[106.8064,10.4045],[106.8065,10.3994],[106.8078,10.3958],[106.7818,10.3942],[106.782,10.3934],[106.7815,10.3914],[106.7816,10.3907],[106.7813,10.3879],[106.7818,10.3871],[106.7813,10.3851],[106.7815,10.3834],[106.7821,10.3828],[106.7814,10.3807],[106.782,10.3792],[106.7815,10.3783],[106.7816,10.3756]]]},"properties":{"name":"Gia Thuận","level":"ward"}},{"type":"Feature","geometry":{"type":"Polygon","coordinates":[[[106.7148,10.3606],[106.7031,10.3707],[106.7025,10.3719],[106.6996,10.3791],[106.6968,10.3859],[106.6958,10.3866],[106.6942,10.3885],[106.6926,10.3897],[106.6912,10.3901],[106.6905,10.3915],[106.6897,10.3926],[106.6866,10.394],[106.689,10.3948],[106.6899,10.3953],[106.691,10.3945],[106.6928,10.3954],[106.694,10.397],[106.6935,10.3982],[106.6947,10.399],[106.6943,10.4001],[106.6948,10.4011],[106.6927,10.4012],[106.6906,10.4028],[106.6904,10.4036],[106.6887,10.4062],[106.6898,10.4079],[106.6913,10.4123],[106.694,10.4156],[106.6943,10.417],[106.6956,10.4167],[106.6957,10.4196],[106.6977,10.4206],[106.6971,10.4218],[106.6982,10.4227],[106.6984,10.4237],[106.6981,10.425],[106.6969,10.4256],[106.6952,10.4248],[106.6928,10.4246],[106.6923,10.4259],[106.6917,10.426],[106.6907,10.425],[106.6892,10.425],[106.689,10.4269],[106.6871,10.4269],[106.6871,10.428],[106.6856,10.4286],[106.6865,10.4307],[106.6887,10.4295],[106.6885,10.4281],[106.6894,10.428],[106.6906,10.429],[106.691,10.4304],[106.6903,10.4312],[106.6903,10.4337],[106.6921,10.435],[106.6923,10.436],[106.691,10.4376],[106.6919,10.4388],[106.6916,10.4401],[106.6908,10.4415],[106.6877,10.445],[106.6921,10.4518],[106.6966,10.4599],[106.7005,10.4663],[106.704,10.4705],[106.7099,10.4767],[106.7217,10.4871],[106.7253,10.4903],[106.7306,10.4943],[106.735,10.4972],[106.737,10.4978],[106.7395,10.499],[106.7431,10.5],[106.7429,10.499],[106.7424,10.4932],[106.7428,10.4896],[106.7433,10.4877],[106.7452,10.4829],[106.75,10.4736],[106.7385,10.4684],[106.7362,10.4663],[106.7343,10.4649],[106.7284,10.4601],[106.7246,10.4561],[106.7256,10.4549],[106.7217,10.4512],[106.7242,10.4489],[106.7257,10.4461],[106.719,10.4405],[106.7204,10.4384],[106.7189,10.4376],[106.7157,10.4344],[106.7182,10.431],[106.7188,10.4298],[106.7217,10.427],[106.7229,10.4252],[106.7232,10.4239],[106.7254,10.4219],[106.7266,10.4223],[106.7295,10.4193],[106.7305,10.42],[106.7366,10.4205],[106.7369,10.4177],[106.7369,10.4147],[106.7362,10.4063],[106.7355,10.3989],[106.7352,10.3943],[106.7346,10.3887],[106.7301,10.3798],[106.7303,10.3765],[106.7318,10.372],[106.7316,10.3709],[106.7302,10.3707],[106.7271,10.3714],[106.726,10.3733],[106.7233,10.3761],[106.7193,10.3743],[106.7182,10.3725],[106.717,10.3716],[106.7159,10.3703],[106.7165,10.3687],[106.7152,10.3679],[106.7157,10.3672],[106.7147,10.366],[106.7146,10.3649],[106.7134,10.3641],[106.7148,10.3606]]]},"properties":{"name":"Tân Đông","level":"ward"}},{"type":"Feature","geometry":{"type":"Polygon","coordinates":[[[106.6996,10.3791],[106.6964,10.3753],[106.6901,10.3695],[106.6864,10.3658],[106.6802,10.3703],[106.677,10.3721],[106.6739,10.3719],[106.6736,10.3729],[106.6727,10.3728],[106.6705,10.3704],[106.6706,10.3719],[106.6701,10.3726],[106.6685,10.3729],[106.6676,10.3735],[106.6694,10.3759],[106.6691,10.3778],[106.6679,10.3779],[106.6662,10.377],[106.6649,10.3776],[106.6641,10.3787],[106.6601,10.3815],[106.6595,10.3827],[106.6596,10.384],[106.6604,10.3859],[106.66,10.3873],[106.6568,10.3889],[106.6566,10.3903],[106.6573,10.3911],[106.66,10.392],[106.6614,10.3933],[106.6618,10.3948],[106.66,10.3982],[106.6597,10.3997],[106.6578,10.4025],[106.6569,10.4044],[106.6548,10.4066],[106.6535,10.4082],[106.6527,10.4088],[106.6502,10.4086],[106.6486,10.4091],[106.6448,10.4115],[106.6412,10.413],[106.6403,10.4142],[106.6401,10.4169],[106.6398,10.4183],[106.6378,10.4194],[106.6373,10.4211],[106.6358,10.4234],[106.636,10.4251],[106.6371,10.4259],[106.6367,10.4271],[106.6365,10.4287],[106.6361,10.4298],[106.6372,10.4308],[106.6373,10.4315],[106.6355,10.4329],[106.6343,10.4327],[106.6333,10.4331],[106.6337,10.4343],[106.635,10.4343],[106.6363,10.4355],[106.6365,10.4367],[106.6352,10.438],[106.6362,10.4387],[106.6359,10.4405],[106.6346,10.4407],[106.6321,10.4403],[106.6317,10.4413],[106.632,10.4429],[106.631,10.4447],[106.6314,10.4464],[106.6299,10.4475],[106.6278,10.4521],[106.6296,10.4539],[106.6311,10.4556],[106.6325,10.4579],[106.6333,10.4597],[106.6345,10.4637],[106.6355,10.4693],[106.6364,10.4735],[106.6376,10.4763],[106.6387,10.4783],[106.6404,10.4803],[106.6428,10.4822],[106.6446,10.4831],[106.6474,10.4837],[106.6503,10.4835],[106.6548,10.4818],[106.656,10.4809],[106.6585,10.4775],[106.6596,10.4745],[106.6603,10.4711],[106.6605,10.4663],[106.6603,10.4607],[106.6599,10.4562],[106.6597,10.4521],[106.66,10.4493],[106.6605,10.4473],[106.6614,10.4454],[106.6625,10.4436],[106.6642,10.4417],[106.6667,10.44],[106.6703,10.4387],[106.6735,10.4382],[106.6769,10.4383],[106.6823,10.4398],[106.684,10.4407],[106.6863,10.4426],[106.6877,10.445],[106.6908,10.4415],[106.6916,10.4401],[106.6919,10.4388],[106.691,10.4376],[106.6923,10.436],[106.6921,10.435],[106.6903,10.4337],[106.6903,10.4312],[106.691,10.4304],[106.6906,10.429],[106.6894,10.428],[106.6885,10.4281],[106.6887,10.4295],[106.6865,10.4307],[106.6856,10.4286],[106.6871,10.428],[106.6871,10.4269],[106.689,10.4269],[106.6892,10.425],[106.6907,10.425],[106.6917,10.426],[106.6923,10.4259],[106.6928,10.4246],[106.6952,10.4248],[106.6969,10.4256],[106.6981,10.425],[106.6984,10.4237],[106.6982,10.4227],[106.6971,10.4218],[106.6977,10.4206],[106.6957,10.4196],[106.6956,10.4167],[106.6943,10.417],[106.694,10.4156],[106.6913,10.4123],[106.6898,10.4079],[106.6887,10.4062],[106.6904,10.4036],[106.6906,10.4028],[106.6927,10.4012],[106.6948,10.4011],[106.6943,10.4001],[106.6947,10.399],[106.6935,10.3982],[106.694,10.397],[106.6928,10.3954],[106.691,10.3945],[106.6899,10.3953],[106.689,10.3948],[106.6866,10.394],[106.6897,10.3926],[106.6905,10.3915],[106.6912,10.3901],[106.6926,10.3897],[106.6942,10.3885],[106.6958,10.3866],[106.6968,10.3859],[106.6996,10.3791]]]},"properties":{"name":"Sơn Qui","level":"ward"}},{"type":"Feature","geometry":{"type":"Polygon","coordinates":[[[106.7147,10.3593],[106.7148,10.3606],[106.7134,10.3641],[106.7146,10.3649],[106.7147,10.366],[106.7157,10.3672],[106.7152,10.3679],[106.7165,10.3687],[106.7159,10.3703],[106.717,10.3716],[106.7182,10.3725],[106.7193,10.3743],[106.7233,10.3761],[106.726,10.3733],[106.7271,10.3714],[106.7302,10.3707],[106.7316,10.3709],[106.7384,10.3706],[106.7422,10.3713],[106.7456,10.371],[106.7466,10.3699],[106.7512,10.3639],[106.7518,10.3653],[106.7539,10.3734],[106.7542,10.3764],[106.7682,10.3755],[106.7744,10.3756],[106.7748,10.3755],[106.7816,10.3756],[106.7818,10.3723],[106.7816,10.3602],[106.7824,10.3598],[106.7827,10.3581],[106.7814,10.3546],[106.7812,10.3395],[106.7812,10.3338],[106.7814,10.327],[106.7812,10.3235],[106.7814,10.3203],[106.781,10.3167],[106.78,10.3173],[106.7758,10.3214],[106.7708,10.3237],[106.7622,10.3268],[106.7497,10.3295],[106.7503,10.3327],[106.745,10.3352],[106.7432,10.3356],[106.7429,10.3349],[106.7389,10.3362],[106.7362,10.3375],[106.7346,10.3384],[106.7341,10.3382],[106.73,10.3398],[106.7315,10.3423],[106.7278,10.3439],[106.7238,10.3463],[106.724,10.3466],[106.7261,10.3453],[106.7266,10.3461],[106.7242,10.3476],[106.7209,10.3488],[106.7207,10.3494],[106.717,10.3541],[106.7182,10.3551],[106.7159,10.3582],[106.7147,10.3593]]]},"properties":{"name":"Tân Điền","level":"ward"}},{"type":"Feature","geometry":{"type":"Polygon","coordinates":[[[106.7518,10.2632],[106.7493,10.2643],[106.7453,10.2663],[106.7391,10.2683],[106.728,10.2715],[106.7213,10.2734],[106.7133,10.2757],[106.716,10.282],[106.7171,10.2816],[106.7172,10.2826],[106.7183,10.283],[106.718,10.2837],[106.7184,10.2848],[106.721,10.2878],[106.7215,10.2903],[106.7225,10.2924],[106.7175,10.2988],[106.7188,10.3],[106.7175,10.3013],[106.7167,10.3032],[106.7157,10.307],[106.7131,10.3069],[106.7126,10.3093],[106.713,10.3106],[106.7193,10.3148],[106.7217,10.3162],[106.7241,10.318],[106.7267,10.3197],[106.7254,10.3218],[106.7209,10.3225],[106.7222,10.3242],[106.7244,10.3263],[106.7265,10.3249],[106.7306,10.3296],[106.7341,10.3276],[106.7389,10.3362],[106.7429,10.3349],[106.7432,10.3356],[106.745,10.3352],[106.7503,10.3327],[106.7497,10.3295],[106.7622,10.3268],[106.7708,10.3237],[106.7758,10.3214],[106.78,10.3173],[106.781,10.3167],[106.7807,10.3133],[106.7808,10.3109],[106.7818,10.3078],[106.7819,10.3027],[106.7812,10.2994],[106.7813,10.296],[106.7808,10.2923],[106.7813,10.2917],[106.7801,10.2892],[106.7787,10.2873],[106.7788,10.2868],[106.7754,10.2826],[106.7748,10.283],[106.7728,10.282],[106.7715,10.2799],[106.771,10.28],[106.7648,10.2734],[106.7614,10.2702],[106.7604,10.2683],[106.7581,10.2667],[106.7568,10.2661],[106.7518,10.2684],[106.7518,10.2632]]]},"properties":{"name":"Gò Công Đông","level":"ward"}},{"type":"Feature","geometry":{"type":"Polygon","coordinates":[[[105.6338,10.471],[105.6351,10.4714],[105.6366,10.4709],[105.6374,10.4696],[105.6396,10.467],[105.6405,10.4647],[105.6412,10.4615],[105.6428,10.4596],[105.6456,10.458],[105.6476,10.4563],[105.6499,10.4534],[105.6514,10.4522],[105.654,10.4513],[105.6558,10.4512],[105.66,10.4514],[105.6622,10.4514],[105.6647,10.4507],[105.6676,10.4491],[105.6696,10.4475],[105.6714,10.4456],[105.6726,10.4445],[105.6745,10.4435],[105.6796,10.4435],[105.6825,10.4419],[105.6842,10.4399],[105.6853,10.4381],[105.6868,10.4343],[105.6877,10.4288],[105.6882,10.4229],[105.6885,10.4213],[105.6901,10.4164],[105.691,10.4148],[105.6919,10.4118],[105.6914,10.4061],[105.69,10.4067],[105.6822,10.4084],[105.6779,10.4089],[105.6741,10.4095],[105.6724,10.4096],[105.668,10.4101],[105.6596,10.4113],[105.657,10.4118],[105.6552,10.4118],[105.6512,10.4124],[105.6454,10.4128],[105.6445,10.413],[105.6409,10.4127],[105.6385,10.4127],[105.6311,10.4126],[105.6289,10.4121],[105.6246,10.4113],[105.6171,10.4093],[105.6128,10.4087],[105.6097,10.4087],[105.6047,10.4092],[105.5991,10.41],[105.5961,10.4109],[105.5916,10.4123],[105.5876,10.414],[105.5843,10.4159],[105.5822,10.4173],[105.5786,10.4204],[105.5766,10.4231],[105.5738,10.4286],[105.5733,10.4309],[105.5727,10.4366],[105.5727,10.4383],[105.5731,10.4419],[105.5757,10.4464],[105.5753,10.4497],[105.5746,10.4523],[105.5738,10.46],[105.5737,10.4647],[105.5727,10.4702],[105.5705,10.4783],[105.5757,10.4793],[105.5762,10.48],[105.5769,10.4826],[105.5775,10.4836],[105.5793,10.4846],[105.5823,10.4848],[105.5853,10.4838],[105.5882,10.4809],[105.5924,10.478],[105.5961,10.4764],[105.5989,10.4758],[105.6032,10.4757],[105.605,10.4755],[105.614,10.4741],[105.6162,10.4735],[105.6191,10.4726],[105.6218,10.4715],[105.622,10.473],[105.6228,10.4735],[105.6243,10.4718],[105.6268,10.47],[105.6284,10.4686],[105.6303,10.4677],[105.6314,10.4691],[105.6338,10.471]]]},"properties":{"name":"Cao Lãnh","level":"ward"}},{"type":"Feature","geometry":{"type":"Polygon","coordinates":[[[105.6338,10.471],[105.6314,10.4691],[105.6303,10.4677],[105.6284,10.4686],[105.6268,10.47],[105.6243,10.4718],[105.6228,10.4735],[105.622,10.473],[105.6218,10.4715],[105.6191,10.4726],[105.6162,10.4735],[105.614,10.4741],[105.605,10.4755],[105.6032,10.4757],[105.5989,10.4758],[105.5961,10.4764],[105.5924,10.478],[105.5882,10.4809],[105.5853,10.4838],[105.5823,10.4848],[105.5793,10.4846],[105.5775,10.4836],[105.5769,10.4826],[105.5762,10.48],[105.5757,10.4793],[105.5705,10.4783],[105.5665,10.4882],[105.5657,10.4904],[105.5628,10.4965],[105.5621,10.499],[105.5599,10.5029],[105.558,10.5074],[105.561,10.5086],[105.5668,10.5093],[105.5816,10.5109],[105.5848,10.5116],[105.5977,10.5163],[105.5975,10.5203],[105.5962,10.5238],[105.6109,10.5293],[105.6127,10.5377],[105.6137,10.5421],[105.6187,10.5502],[105.6231,10.557],[105.6236,10.5575],[105.6242,10.5604],[105.6279,10.5607],[105.6332,10.5612],[105.6331,10.5595],[105.6334,10.5567],[105.635,10.5554],[105.6349,10.5541],[105.6371,10.5528],[105.6385,10.5526],[105.6393,10.5516],[105.6398,10.5501],[105.6392,10.5495],[105.6394,10.5481],[105.6414,10.5481],[105.6426,10.5475],[105.6443,10.5457],[105.6461,10.5439],[105.6478,10.5444],[105.6488,10.5434],[105.6496,10.5411],[105.6496,10.5401],[105.6473,10.539],[105.646,10.5393],[105.645,10.5389],[105.6439,10.5366],[105.6438,10.5357],[105.6455,10.5335],[105.6458,10.5324],[105.6453,10.5313],[105.6442,10.5313],[105.6441,10.5301],[105.6446,10.5293],[105.6462,10.5284],[105.6466,10.5277],[105.6455,10.5259],[105.6456,10.5247],[105.6465,10.5231],[105.6478,10.5201],[105.6464,10.5197],[105.6458,10.519],[105.6453,10.5172],[105.6445,10.5167],[105.6419,10.5169],[105.6383,10.5062],[105.6362,10.4991],[105.6364,10.4988],[105.6366,10.4961],[105.6363,10.4942],[105.6354,10.4923],[105.6314,10.4858],[105.6308,10.4844],[105.6307,10.4825],[105.6295,10.4808],[105.6296,10.4795],[105.6286,10.4784],[105.6295,10.4764],[105.629,10.4754],[105.6296,10.4743],[105.6293,10.473],[105.6314,10.4721],[105.6328,10.4718],[105.6338,10.471]]]},"properties":{"name":"Mỹ Ngãi","level":"ward"}},{"type":"Feature","geometry":{"type":"Polygon","coordinates":[[[105.6796,10.4435],[105.6745,10.4435],[105.6726,10.4445],[105.6714,10.4456],[105.6696,10.4475],[105.6676,10.4491],[105.6647,10.4507],[105.6622,10.4514],[105.66,10.4514],[105.6558,10.4512],[105.654,10.4513],[105.6514,10.4522],[105.6499,10.4534],[105.6476,10.4563],[105.6456,10.458],[105.6428,10.4596],[105.6412,10.4615],[105.6405,10.4647],[105.6396,10.467],[105.6374,10.4696],[105.6366,10.4709],[105.6351,10.4714],[105.6338,10.471],[105.6328,10.4718],[105.6314,10.4721],[105.6293,10.473],[105.6296,10.4743],[105.629,10.4754],[105.6295,10.4764],[105.6286,10.4784],[105.6296,10.4795],[105.6295,10.4808],[105.6307,10.4825],[105.6308,10.4844],[105.6314,10.4858],[105.6354,10.4923],[105.6363,10.4942],[105.6366,10.4961],[105.6364,10.4988],[105.6388,10.499],[105.6409,10.5],[105.6427,10.5019],[105.6437,10.5026],[105.6456,10.5024],[105.6477,10.5031],[105.6494,10.5025],[105.6503,10.499],[105.6513,10.4968],[105.6538,10.493],[105.6552,10.4914],[105.6565,10.4906],[105.6583,10.4898],[105.6618,10.4898],[105.6627,10.4901],[105.6642,10.4943],[105.6648,10.4951],[105.6657,10.4973],[105.6667,10.499],[105.6675,10.4993],[105.6689,10.501],[105.6684,10.5017],[105.6698,10.5039],[105.673,10.5049],[105.6742,10.5069],[105.6754,10.5069],[105.6766,10.5077],[105.679,10.5076],[105.681,10.5072],[105.6859,10.5074],[105.6893,10.5081],[105.6918,10.5082],[105.694,10.5088],[105.7061,10.5082],[105.7102,10.5075],[105.7129,10.5068],[105.719,10.5037],[105.7174,10.4963],[105.7146,10.4822],[105.7141,10.4792],[105.7157,10.4784],[105.7133,10.4745],[105.7089,10.4688],[105.7049,10.4649],[105.6996,10.4587],[105.699,10.4575],[105.6981,10.4574],[105.6968,10.458],[105.696,10.4597],[105.694,10.4566],[105.6922,10.4552],[105.6903,10.4543],[105.6885,10.4541],[105.685,10.4548],[105.6827,10.455],[105.6815,10.4549],[105.6798,10.4542],[105.6788,10.4529],[105.6783,10.4504],[105.679,10.448],[105.6805,10.4459],[105.6796,10.4435]]]},"properties":{"name":"Mỹ Trà","level":"ward"}},{"type":"Feature","geometry":{"type":"Polygon","coordinates":[[[105.7487,10.3585],[105.7503,10.3532],[105.7518,10.347],[105.7535,10.3411],[105.7557,10.3354],[105.7584,10.3289],[105.761,10.3247],[105.7629,10.3207],[105.764,10.3168],[105.7658,10.3122],[105.7667,10.3094],[105.768,10.3069],[105.7719,10.3007],[105.7731,10.2984],[105.7752,10.2961],[105.7788,10.293],[105.783,10.2905],[105.78,10.2878],[105.7766,10.2855],[105.7783,10.2834],[105.7811,10.2811],[105.7803,10.2804],[105.7789,10.2783],[105.7781,10.2786],[105.7753,10.2787],[105.7739,10.2793],[105.7728,10.2807],[105.7714,10.2835],[105.7696,10.2865],[105.7671,10.2865],[105.7628,10.2874],[105.7603,10.2873],[105.7594,10.2868],[105.7575,10.2869],[105.7543,10.2852],[105.7518,10.2901],[105.7471,10.2869],[105.745,10.2896],[105.7436,10.2891],[105.7412,10.2873],[105.7402,10.2867],[105.7397,10.2851],[105.7392,10.2847],[105.7357,10.29],[105.7331,10.2955],[105.727,10.2944],[105.7268,10.2973],[105.7225,10.297],[105.7218,10.299],[105.7201,10.3033],[105.7198,10.3048],[105.7198,10.3071],[105.7205,10.31],[105.7182,10.3107],[105.7172,10.3107],[105.7166,10.3116],[105.7185,10.3154],[105.7173,10.3152],[105.7154,10.3167],[105.7151,10.3177],[105.7156,10.3189],[105.7172,10.3188],[105.717,10.3214],[105.7157,10.3212],[105.7145,10.3227],[105.714,10.3248],[105.7146,10.326],[105.7167,10.3271],[105.7167,10.328],[105.7192,10.3291],[105.7201,10.3299],[105.7192,10.3317],[105.7179,10.3367],[105.7182,10.3402],[105.7173,10.3427],[105.7161,10.3445],[105.7133,10.3473],[105.7111,10.3498],[105.7083,10.352],[105.7046,10.3543],[105.7059,10.3563],[105.7085,10.3599],[105.7092,10.3604],[105.709,10.3621],[105.7094,10.3642],[105.7106,10.3661],[105.7099,10.3681],[105.7093,10.3687],[105.713,10.3713],[105.7114,10.3736],[105.7127,10.3754],[105.7148,10.3778],[105.7196,10.3816],[105.7205,10.3821],[105.7227,10.3825],[105.7232,10.3813],[105.7257,10.38],[105.728,10.3791],[105.7324,10.3779],[105.7356,10.3779],[105.7386,10.3773],[105.7393,10.3766],[105.7438,10.3703],[105.7482,10.3604],[105.7487,10.3585]]]},"properties":{"name":"Sa Đéc","level":"ward"}},{"type":"Feature","geometry":{"type":"Polygon","coordinates":[[[105.4057,10.9301],[105.406,10.9298],[105.4348,10.9192],[105.436,10.9186],[105.4372,10.9173],[105.4496,10.901],[105.4567,10.8914],[105.459,10.8884],[105.4611,10.8854],[105.4714,10.8721],[105.4736,10.8705],[105.4841,10.8647],[105.4903,10.8611],[105.4933,10.8595],[105.496,10.8578],[105.4997,10.8545],[105.5018,10.8523],[105.5035,10.85],[105.5069,10.8448],[105.5095,10.8403],[105.5101,10.8367],[105.5116,10.8298],[105.513,10.822],[105.5099,10.8217],[105.4747,10.818],[105.4732,10.818],[105.4625,10.8169],[105.4601,10.8167],[105.4565,10.8162],[105.4514,10.8156],[105.437,10.8142],[105.4366,10.8142],[105.4357,10.8152],[105.4297,10.8226],[105.4242,10.8293],[105.4214,10.8333],[105.4185,10.8385],[105.4107,10.8484],[105.4028,10.8582],[105.4007,10.8607],[105.3981,10.8641],[105.387,10.8781],[105.3848,10.8809],[105.3765,10.8913],[105.3716,10.8978],[105.3718,10.8988],[105.3714,10.9007],[105.373,10.9035],[105.3738,10.9039],[105.375,10.9038],[105.3758,10.9029],[105.3776,10.9023],[105.3793,10.9022],[105.38,10.9025],[105.3805,10.9039],[105.3792,10.9045],[105.379,10.9058],[105.3803,10.9061],[105.3808,10.9069],[105.3802,10.9079],[105.3802,10.9099],[105.3812,10.911],[105.3822,10.9103],[105.3833,10.9109],[105.3831,10.9124],[105.384,10.9154],[105.3848,10.9172],[105.3866,10.918],[105.387,10.9189],[105.3888,10.9209],[105.3894,10.9211],[105.3911,10.9205],[105.3917,10.921],[105.3923,10.9234],[105.3936,10.9247],[105.396,10.924],[105.3967,10.9246],[105.3962,10.9266],[105.3971,10.9276],[105.3986,10.9265],[105.3995,10.9268],[105.3999,10.9286],[105.4011,10.9281],[105.4022,10.9282],[105.4038,10.93],[105.4057,10.9301]]]},"properties":{"name":"Tân Hồng","level":"ward"}},{"type":"Feature","geometry":{"type":"Polygon","coordinates":[[[105.5095,10.8403],[105.5069,10.8448],[105.5035,10.85],[105.5018,10.8523],[105.4997,10.8545],[105.496,10.8578],[105.4933,10.8595],[105.4903,10.8611],[105.4841,10.8647],[105.4736,10.8705],[105.4714,10.8721],[105.4611,10.8854],[105.459,10.8884],[105.4567,10.8914],[105.4496,10.901],[105.4372,10.9173],[105.436,10.9186],[105.4348,10.9192],[105.406,10.9298],[105.4057,10.9301],[105.4073,10.9308],[105.4081,10.9316],[105.408,10.9323],[105.4064,10.9328],[105.4061,10.9343],[105.4065,10.9357],[105.4082,10.9374],[105.4096,10.9391],[105.4111,10.9394],[105.4113,10.9401],[105.4107,10.9412],[105.4105,10.9431],[105.4131,10.9471],[105.4138,10.9485],[105.4148,10.9497],[105.4161,10.9519],[105.4163,10.9535],[105.4179,10.9547],[105.4188,10.9574],[105.4191,10.9588],[105.4205,10.9612],[105.4226,10.9637],[105.4236,10.9653],[105.4245,10.9676],[105.4254,10.9696],[105.4254,10.972],[105.4265,10.9728],[105.4287,10.9724],[105.4303,10.9734],[105.4328,10.9733],[105.4335,10.9727],[105.4343,10.9703],[105.4354,10.9694],[105.4362,10.9678],[105.439,10.9666],[105.4402,10.9654],[105.4403,10.9629],[105.4422,10.9606],[105.4428,10.9601],[105.4459,10.9592],[105.4471,10.958],[105.4502,10.9567],[105.4513,10.955],[105.452,10.9548],[105.4533,10.9556],[105.4545,10.9556],[105.458,10.952],[105.4613,10.9487],[105.4674,10.9424],[105.4717,10.9381],[105.481,10.9285],[105.4857,10.9238],[105.4951,10.9141],[105.4994,10.9095],[105.5018,10.9066],[105.505,10.9032],[105.5199,10.8871],[105.5211,10.8842],[105.5254,10.8725],[105.528,10.8657],[105.5296,10.8612],[105.531,10.8576],[105.533,10.8523],[105.5358,10.8449],[105.5363,10.8434],[105.5343,10.8423],[105.5229,10.832],[105.5219,10.8317],[105.5206,10.8319],[105.5179,10.8335],[105.5137,10.8356],[105.5129,10.8368],[105.5095,10.8403]]]},"properties":{"name":"Tân Hộ Cơ","level":"ward"}},{"type":"Feature","geometry":{"type":"Polygon","coordinates":[[[105.5363,10.8434],[105.5358,10.8449],[105.533,10.8523],[105.531,10.8576],[105.5296,10.8612],[105.528,10.8657],[105.5254,10.8725],[105.5211,10.8842],[105.5199,10.8871],[105.505,10.9032],[105.5018,10.9066],[105.4994,10.9095],[105.4951,10.9141],[105.4857,10.9238],[105.481,10.9285],[105.4717,10.9381],[105.4674,10.9424],[105.4613,10.9487],[105.458,10.952],[105.4545,10.9556],[105.4556,10.9558],[105.4567,10.9565],[105.4573,10.9582],[105.4598,10.9608],[105.4629,10.9628],[105.4646,10.9643],[105.4665,10.9645],[105.4703,10.9631],[105.4713,10.9633],[105.4731,10.9647],[105.474,10.9644],[105.4748,10.9628],[105.4776,10.9625],[105.479,10.9617],[105.4795,10.9602],[105.4803,10.9593],[105.4828,10.9585],[105.4834,10.9575],[105.4824,10.9552],[105.4829,10.9529],[105.4849,10.9518],[105.4862,10.9517],[105.4895,10.95],[105.4922,10.9495],[105.494,10.9486],[105.4956,10.9487],[105.4967,10.9475],[105.4974,10.9523],[105.498,10.953],[105.4991,10.9533],[105.5001,10.9526],[105.5015,10.9503],[105.5018,10.9492],[105.5036,10.9454],[105.5048,10.9441],[105.5054,10.9428],[105.5091,10.9365],[105.5128,10.9285],[105.5136,10.9262],[105.5142,10.9254],[105.5142,10.9231],[105.5187,10.9216],[105.5463,10.9088],[105.5526,10.906],[105.5564,10.9041],[105.5671,10.8992],[105.5709,10.898],[105.574,10.8966],[105.5827,10.8921],[105.5864,10.8848],[105.5883,10.8807],[105.585,10.8776],[105.5782,10.8729],[105.5785,10.8719],[105.5779,10.8707],[105.5769,10.8708],[105.5747,10.8668],[105.5749,10.8661],[105.5742,10.864],[105.5731,10.8643],[105.5726,10.8633],[105.5723,10.8615],[105.5715,10.8595],[105.5693,10.856],[105.567,10.8547],[105.5648,10.851],[105.5618,10.8466],[105.561,10.8438],[105.5603,10.8418],[105.5597,10.8394],[105.5571,10.8363],[105.5539,10.8335],[105.5525,10.833],[105.5512,10.8339],[105.5502,10.8331],[105.5493,10.8336],[105.5463,10.8308],[105.5444,10.8337],[105.5436,10.8328],[105.5408,10.8314],[105.5363,10.8434]]]},"properties":{"name":"Tân Thành","level":"ward"}},{"type":"Feature","geometry":{"type":"Polygon","coordinates":[[[105.437,10.8142],[105.4514,10.8156],[105.4565,10.8162],[105.4601,10.8167],[105.4625,10.8169],[105.4732,10.818],[105.4747,10.818],[105.5099,10.8217],[105.513,10.822],[105.5116,10.8298],[105.5101,10.8367],[105.5095,10.8403],[105.5129,10.8368],[105.5137,10.8356],[105.5179,10.8335],[105.5206,10.8319],[105.5219,10.8317],[105.5229,10.832],[105.5343,10.8423],[105.5363,10.8434],[105.5408,10.8314],[105.5436,10.8328],[105.5444,10.8337],[105.5463,10.8308],[105.5493,10.8336],[105.5502,10.8331],[105.5512,10.8339],[105.5525,10.833],[105.5539,10.8335],[105.5571,10.8363],[105.5597,10.8394],[105.5603,10.8418],[105.561,10.8438],[105.5618,10.8466],[105.5648,10.851],[105.567,10.8547],[105.5693,10.856],[105.5715,10.8595],[105.5723,10.8615],[105.5726,10.8633],[105.5731,10.8643],[105.5742,10.864],[105.5749,10.8661],[105.5747,10.8668],[105.5769,10.8708],[105.5779,10.8707],[105.5785,10.8719],[105.5782,10.8729],[105.585,10.8776],[105.5883,10.8807],[105.5898,10.8781],[105.5958,10.8658],[105.5982,10.8612],[105.6025,10.8522],[105.6049,10.8476],[105.6055,10.846],[105.6071,10.8431],[105.6095,10.8381],[105.6114,10.8344],[105.6123,10.832],[105.6044,10.8314],[105.5959,10.8307],[105.6002,10.827],[105.6041,10.8234],[105.6023,10.8219],[105.6,10.8214],[105.5972,10.8205],[105.5828,10.8163],[105.5819,10.8172],[105.5649,10.8122],[105.5595,10.811],[105.5531,10.8097],[105.5448,10.8077],[105.5272,10.8038],[105.5175,10.8016],[105.5045,10.7987],[105.5018,10.798],[105.489,10.7951],[105.4881,10.7955],[105.4866,10.7949],[105.4823,10.7936],[105.4802,10.7927],[105.4709,10.7902],[105.4501,10.7846],[105.45,10.7848],[105.4462,10.7932],[105.4403,10.806],[105.4374,10.8126],[105.437,10.8142]]]},"properties":{"name":"An Phước","level":"ward"}},{"type":"Feature","geometry":{"type":"Polygon","coordinates":[[[105.4366,10.8142],[105.437,10.8142],[105.4374,10.8126],[105.4403,10.806],[105.4462,10.7932],[105.45,10.7848],[105.4352,10.7805],[105.4333,10.7799],[105.4228,10.7769],[105.4102,10.7736],[105.4053,10.7721],[105.403,10.7716],[105.3974,10.7701],[105.3886,10.7658],[105.3867,10.7647],[105.3807,10.7601],[105.3781,10.7596],[105.3734,10.7574],[105.3681,10.7547],[105.3684,10.7541],[105.3656,10.7532],[105.3613,10.7522],[105.3565,10.7512],[105.3555,10.7558],[105.3543,10.7602],[105.3543,10.7618],[105.3532,10.7667],[105.3516,10.7709],[105.3497,10.7744],[105.3476,10.7772],[105.3461,10.7786],[105.3433,10.7859],[105.3391,10.7963],[105.3383,10.7988],[105.3382,10.8003],[105.3377,10.8026],[105.3402,10.8036],[105.3438,10.8043],[105.3446,10.8047],[105.3519,10.8056],[105.353,10.8054],[105.3643,10.8065],[105.3724,10.8075],[105.3912,10.8094],[105.3999,10.8104],[105.407,10.811],[105.4192,10.8124],[105.4309,10.8135],[105.4366,10.8142]]]},"properties":{"name":"An Bình","level":"ward"}},{"type":"Feature","geometry":{"type":"Polygon","coordinates":[[[105.3716,10.8978],[105.3765,10.8913],[105.3848,10.8809],[105.387,10.8781],[105.3981,10.8641],[105.4007,10.8607],[105.4028,10.8582],[105.4107,10.8484],[105.4185,10.8385],[105.4214,10.8333],[105.4242,10.8293],[105.4297,10.8226],[105.4357,10.8152],[105.4366,10.8142],[105.4309,10.8135],[105.4192,10.8124],[105.407,10.811],[105.3999,10.8104],[105.3912,10.8094],[105.3724,10.8075],[105.3643,10.8065],[105.353,10.8054],[105.3519,10.8056],[105.3446,10.8047],[105.3438,10.8043],[105.3402,10.8036],[105.3377,10.8026],[105.3357,10.8077],[105.3374,10.8094],[105.3382,10.8111],[105.3393,10.8148],[105.34,10.8185],[105.3399,10.8213],[105.339,10.8238],[105.3392,10.8258],[105.34,10.8278],[105.3398,10.8298],[105.3392,10.8328],[105.3394,10.834],[105.3416,10.8353],[105.3422,10.8372],[105.3425,10.8411],[105.3422,10.843],[105.3412,10.847],[105.34,10.849],[105.3378,10.8532],[105.3378,10.8542],[105.3388,10.8556],[105.3404,10.8574],[105.3398,10.8586],[105.3383,10.8597],[105.3392,10.8618],[105.3395,10.8637],[105.3408,10.8654],[105.3426,10.8682],[105.3489,10.8704],[105.3495,10.8722],[105.3494,10.8736],[105.3506,10.8754],[105.3537,10.8793],[105.3556,10.8806],[105.3581,10.8797],[105.3597,10.8805],[105.3604,10.8821],[105.3595,10.8849],[105.3593,10.8866],[105.3605,10.887],[105.3648,10.8867],[105.3676,10.8876],[105.3686,10.8884],[105.3689,10.8906],[105.3698,10.8925],[105.3699,10.8939],[105.369,10.8964],[105.3693,10.897],[105.3716,10.8978]]]},"properties":{"name":"Hồng Ngự","level":"ward"}},{"type":"Feature","geometry":{"type":"Polygon","coordinates":[[[105.2485,10.8934],[105.2497,10.8918],[105.2505,10.8919],[105.2543,10.8838],[105.255,10.8811],[105.2549,10.8802],[105.2561,10.8789],[105.2562,10.8773],[105.2556,10.8762],[105.2561,10.8749],[105.2561,10.8729],[105.2572,10.8725],[105.2567,10.8715],[105.2574,10.8697],[105.2599,10.8679],[105.2623,10.8653],[105.2651,10.862],[105.2714,10.8601],[105.2794,10.8576],[105.2919,10.8538],[105.2935,10.8404],[105.2941,10.8354],[105.2956,10.8228],[105.2967,10.8198],[105.2929,10.8169],[105.2857,10.8104],[105.2819,10.8081],[105.2791,10.8063],[105.2759,10.8037],[105.274,10.8027],[105.2711,10.8022],[105.268,10.802],[105.2656,10.8024],[105.2613,10.8026],[105.2583,10.8016],[105.2518,10.8031],[105.2458,10.8042],[105.237,10.8056],[105.2344,10.8065],[105.2321,10.8078],[105.2306,10.8092],[105.2288,10.8115],[105.2226,10.8225],[105.2224,10.8288],[105.2198,10.833],[105.217,10.8374],[105.2109,10.8487],[105.2052,10.8572],[105.2011,10.8601],[105.1937,10.8655],[105.1878,10.8741],[105.1883,10.8847],[105.1886,10.9001],[105.1872,10.9115],[105.1992,10.9111],[105.2156,10.8995],[105.2212,10.8981],[105.224,10.8969],[105.2397,10.8918],[105.247,10.893],[105.2485,10.8934]]]},"properties":{"name":"Thường Phước","level":"ward"}},{"type":"Feature","geometry":{"type":"Polygon","coordinates":[[[105.3383,10.8597],[105.3398,10.8586],[105.3404,10.8574],[105.3388,10.8556],[105.3378,10.8542],[105.3378,10.8532],[105.34,10.849],[105.3412,10.847],[105.3422,10.843],[105.3425,10.8411],[105.3422,10.8372],[105.3416,10.8353],[105.3394,10.834],[105.3392,10.8328],[105.3398,10.8298],[105.34,10.8278],[105.3392,10.8258],[105.339,10.8238],[105.3399,10.8213],[105.34,10.8185],[105.3393,10.8148],[105.3382,10.8111],[105.3374,10.8094],[105.3357,10.8077],[105.3321,10.8125],[105.329,10.8156],[105.3266,10.8174],[105.3224,10.8196],[105.3215,10.8197],[105.3189,10.821],[105.3157,10.8221],[105.3133,10.8227],[105.3099,10.8228],[105.3074,10.8226],[105.3036,10.8219],[105.3003,10.8211],[105.2967,10.8198],[105.2956,10.8228],[105.2941,10.8354],[105.2935,10.8404],[105.2919,10.8538],[105.2794,10.8576],[105.2714,10.8601],[105.2651,10.862],[105.2623,10.8653],[105.2599,10.8679],[105.2574,10.8697],[105.2567,10.8715],[105.2572,10.8725],[105.2561,10.8729],[105.2561,10.8749],[105.2556,10.8762],[105.2562,10.8773],[105.2561,10.8789],[105.2549,10.8802],[105.255,10.8811],[105.2543,10.8838],[105.2505,10.8919],[105.2497,10.8918],[105.2485,10.8934],[105.2511,10.8941],[105.2537,10.8949],[105.2544,10.8947],[105.2554,10.8952],[105.2576,10.8951],[105.265,10.8964],[105.2653,10.8955],[105.2662,10.8945],[105.2707,10.8922],[105.2744,10.889],[105.276,10.8885],[105.2794,10.8881],[105.2828,10.8881],[105.2849,10.8878],[105.2858,10.8872],[105.2894,10.8844],[105.2936,10.882],[105.2976,10.8803],[105.3013,10.8782],[105.314,10.8724],[105.3177,10.8703],[105.3214,10.8687],[105.3238,10.867],[105.3254,10.8665],[105.3271,10.8664],[105.3298,10.8641],[105.3321,10.863],[105.334,10.8615],[105.3383,10.8597]]]},"properties":{"name":"Thường Lạc","level":"ward"}},{"type":"Feature","geometry":{"type":"Polygon","coordinates":[[[105.3377,10.8026],[105.3382,10.8003],[105.3383,10.7988],[105.3391,10.7963],[105.3433,10.7859],[105.3461,10.7786],[105.3452,10.7794],[105.3437,10.7798],[105.3335,10.7814],[105.3308,10.7814],[105.3256,10.7815],[105.3232,10.781],[105.3194,10.7808],[105.3161,10.7799],[105.311,10.7797],[105.3068,10.7798],[105.2969,10.7814],[105.2955,10.7818],[105.2913,10.7833],[105.2876,10.785],[105.2854,10.7863],[105.2815,10.7889],[105.2778,10.7908],[105.2762,10.7919],[105.2743,10.7928],[105.2726,10.7941],[105.2698,10.7955],[105.266,10.7996],[105.2638,10.8007],[105.2614,10.8008],[105.2594,10.8013],[105.2583,10.8016],[105.2613,10.8026],[105.2656,10.8024],[105.268,10.802],[105.2711,10.8022],[105.274,10.8027],[105.2759,10.8037],[105.2791,10.8063],[105.2819,10.8081],[105.2857,10.8104],[105.2929,10.8169],[105.2967,10.8198],[105.3003,10.8211],[105.3036,10.8219],[105.3074,10.8226],[105.3099,10.8228],[105.3133,10.8227],[105.3157,10.8221],[105.3189,10.821],[105.3215,10.8197],[105.3224,10.8196],[105.3266,10.8174],[105.329,10.8156],[105.3321,10.8125],[105.3357,10.8077],[105.3377,10.8026]]]},"properties":{"name":"Long Khánh","level":"ward"}},{"type":"Feature","geometry":{"type":"Polygon","coordinates":[[[105.3461,10.7786],[105.3476,10.7772],[105.3497,10.7744],[105.3516,10.7709],[105.3532,10.7667],[105.3543,10.7618],[105.3543,10.7602],[105.3555,10.7558],[105.3565,10.7512],[105.3567,10.749],[105.3572,10.7412],[105.3579,10.7336],[105.3584,10.7316],[105.3598,10.7275],[105.3524,10.7134],[105.3493,10.7167],[105.3466,10.7193],[105.3447,10.7206],[105.3425,10.7219],[105.3397,10.7227],[105.3364,10.723],[105.3333,10.7231],[105.3272,10.7225],[105.324,10.7219],[105.3185,10.7205],[105.309,10.7176],[105.3051,10.7166],[105.3021,10.7162],[105.2964,10.7163],[105.292,10.7171],[105.2884,10.7183],[105.285,10.7197],[105.2801,10.722],[105.2785,10.7231],[105.2764,10.7259],[105.2759,10.7284],[105.2764,10.73],[105.2783,10.7332],[105.2804,10.7353],[105.2828,10.7372],[105.2857,10.7392],[105.2955,10.7445],[105.2979,10.7457],[105.3,10.747],[105.3021,10.749],[105.3032,10.7504],[105.304,10.7531],[105.3044,10.7568],[105.304,10.7585],[105.3028,10.7601],[105.3009,10.7617],[105.299,10.7625],[105.2974,10.7629],[105.292,10.7634],[105.2852,10.7636],[105.279,10.7635],[105.2763,10.7638],[105.2733,10.7644],[105.2707,10.7653],[105.2663,10.7676],[105.2627,10.7702],[105.2605,10.7728],[105.2594,10.7754],[105.2584,10.7803],[105.2582,10.7822],[105.2585,10.7844],[105.2591,10.7859],[105.2606,10.7881],[105.2619,10.7918],[105.2627,10.7958],[105.2604,10.7987],[105.2594,10.8013],[105.2614,10.8008],[105.2638,10.8007],[105.266,10.7996],[105.2698,10.7955],[105.2726,10.7941],[105.2743,10.7928],[105.2762,10.7919],[105.2778,10.7908],[105.2815,10.7889],[105.2854,10.7863],[105.2876,10.785],[105.2913,10.7833],[105.2955,10.7818],[105.2969,10.7814],[105.3068,10.7798],[105.311,10.7797],[105.3161,10.7799],[105.3194,10.7808],[105.3232,10.781],[105.3256,10.7815],[105.3308,10.7814],[105.3335,10.7814],[105.3437,10.7798],[105.3452,10.7794],[105.3461,10.7786]]]},"properties":{"name":"Long Phú Thuận","level":"ward"}},{"type":"Feature","geometry":{"type":"Polygon","coordinates":[[[105.5649,10.8122],[105.5819,10.8172],[105.5828,10.8163],[105.5998,10.7987],[105.6046,10.7937],[105.605,10.7935],[105.6158,10.7824],[105.622,10.7759],[105.6268,10.7711],[105.631,10.7671],[105.6375,10.7609],[105.6424,10.7561],[105.6487,10.7488],[105.6476,10.7476],[105.6356,10.7341],[105.6271,10.7242],[105.6161,10.7105],[105.615,10.71],[105.6113,10.7008],[105.6092,10.6994],[105.6052,10.6924],[105.6031,10.6955],[105.5985,10.7017],[105.5983,10.6997],[105.5941,10.6891],[105.5926,10.6901],[105.5911,10.6884],[105.5866,10.6841],[105.5855,10.684],[105.5833,10.6845],[105.5764,10.676],[105.5762,10.6724],[105.5746,10.6725],[105.5725,10.6551],[105.5733,10.6498],[105.572,10.6499],[105.5626,10.6512],[105.5532,10.6526],[105.5482,10.6532],[105.5477,10.6538],[105.5395,10.655],[105.5398,10.6559],[105.5405,10.6627],[105.5414,10.6659],[105.5422,10.6722],[105.5427,10.6787],[105.5476,10.678],[105.5567,10.6773],[105.5569,10.6803],[105.5522,10.6875],[105.5542,10.69],[105.5553,10.6932],[105.5589,10.7027],[105.5609,10.7084],[105.5696,10.7219],[105.5733,10.7281],[105.5763,10.733],[105.5904,10.7453],[105.5935,10.7479],[105.5833,10.761],[105.5782,10.7677],[105.5776,10.7692],[105.5708,10.7758],[105.5626,10.7837],[105.5582,10.7879],[105.5565,10.7898],[105.5504,10.7971],[105.5502,10.7976],[105.5529,10.7992],[105.5681,10.8084],[105.5649,10.8122]]]},"properties":{"name":"Tràm Chim","level":"ward"}},{"type":"Feature","geometry":{"type":"Polygon","coordinates":[[[105.4709,10.7902],[105.4802,10.7927],[105.4823,10.7936],[105.4866,10.7949],[105.4881,10.7955],[105.489,10.7951],[105.5018,10.798],[105.5045,10.7987],[105.5175,10.8016],[105.5272,10.8038],[105.5448,10.8077],[105.5531,10.8097],[105.5595,10.811],[105.5649,10.8122],[105.5681,10.8084],[105.5529,10.7992],[105.5502,10.7976],[105.5504,10.7971],[105.5565,10.7898],[105.5582,10.7879],[105.5626,10.7837],[105.5708,10.7758],[105.5776,10.7692],[105.5782,10.7677],[105.5833,10.761],[105.5935,10.7479],[105.5904,10.7453],[105.5763,10.733],[105.5733,10.7281],[105.5696,10.7219],[105.5609,10.7084],[105.5589,10.7027],[105.5553,10.6932],[105.5542,10.69],[105.5522,10.6875],[105.5507,10.6884],[105.5265,10.7021],[105.5206,10.7055],[105.5117,10.7105],[105.5019,10.7158],[105.4973,10.7261],[105.4919,10.7381],[105.4902,10.742],[105.4841,10.7558],[105.4841,10.7568],[105.4873,10.7571],[105.4849,10.7619],[105.4803,10.7714],[105.4777,10.7766],[105.4723,10.7871],[105.4709,10.7902]]]},"properties":{"name":"Tam Nông","level":"ward"}},{"type":"Feature","geometry":{"type":"Polygon","coordinates":[[[105.45,10.7848],[105.4501,10.7846],[105.4709,10.7902],[105.4723,10.7871],[105.4777,10.7766],[105.4803,10.7714],[105.4849,10.7619],[105.4873,10.7571],[105.4841,10.7568],[105.4841,10.7558],[105.4902,10.742],[105.4919,10.7381],[105.4973,10.7261],[105.4938,10.725],[105.4914,10.7245],[105.4803,10.7221],[105.4782,10.7217],[105.4776,10.7212],[105.4549,10.7173],[105.4418,10.7151],[105.4398,10.7158],[105.4379,10.7169],[105.4356,10.7174],[105.4349,10.719],[105.4328,10.7192],[105.4321,10.7198],[105.4319,10.7212],[105.4306,10.7228],[105.4313,10.7234],[105.4326,10.7231],[105.4332,10.7243],[105.4319,10.7258],[105.4308,10.7276],[105.4296,10.7278],[105.4292,10.7288],[105.4292,10.7305],[105.4279,10.7303],[105.4268,10.731],[105.4267,10.7326],[105.4279,10.7336],[105.4313,10.7349],[105.4304,10.7361],[105.4296,10.7384],[105.4296,10.7403],[105.4285,10.7429],[105.4281,10.746],[105.424,10.7453],[105.4223,10.7455],[105.4215,10.7465],[105.4193,10.7468],[105.4181,10.7452],[105.4167,10.7438],[105.4147,10.7407],[105.4131,10.7392],[105.4119,10.7387],[105.4103,10.7385],[105.4085,10.7378],[105.407,10.7362],[105.4051,10.735],[105.4062,10.7343],[105.4065,10.7328],[105.404,10.7329],[105.4028,10.7312],[105.4017,10.7313],[105.4013,10.7303],[105.4017,10.7291],[105.3998,10.7289],[105.3994,10.7273],[105.3963,10.7258],[105.3956,10.7252],[105.3928,10.7217],[105.393,10.7213],[105.3883,10.7198],[105.3832,10.7187],[105.3804,10.7177],[105.376,10.7156],[105.3729,10.714],[105.3685,10.712],[105.3678,10.7129],[105.363,10.7207],[105.3607,10.7256],[105.3598,10.7275],[105.3584,10.7316],[105.3579,10.7336],[105.3572,10.7412],[105.3567,10.749],[105.3565,10.7512],[105.3613,10.7522],[105.3656,10.7532],[105.3684,10.7541],[105.3681,10.7547],[105.3734,10.7574],[105.3781,10.7596],[105.3807,10.7601],[105.3867,10.7647],[105.3886,10.7658],[105.3974,10.7701],[105.403,10.7716],[105.4053,10.7721],[105.4102,10.7736],[105.4228,10.7769],[105.4333,10.7799],[105.4352,10.7805],[105.45,10.7848]]]},"properties":{"name":"An Hoà","level":"ward"}},{"type":"Feature","geometry":{"type":"Polygon","coordinates":[[[105.5828,10.8163],[105.5972,10.8205],[105.6,10.8214],[105.6023,10.8219],[105.6041,10.8234],[105.6071,10.8207],[105.6128,10.8155],[105.6216,10.8074],[105.6236,10.8053],[105.6358,10.7938],[105.6447,10.7856],[105.6473,10.7833],[105.6512,10.7795],[105.655,10.776],[105.6662,10.7657],[105.6822,10.7507],[105.6778,10.7465],[105.6738,10.7423],[105.6727,10.7413],[105.672,10.7416],[105.6661,10.7287],[105.6647,10.7253],[105.6632,10.7226],[105.6616,10.7186],[105.6601,10.7156],[105.6583,10.711],[105.6585,10.7103],[105.6536,10.702],[105.6491,10.6933],[105.6475,10.6898],[105.6462,10.6879],[105.6444,10.6863],[105.6419,10.6828],[105.6424,10.6812],[105.6373,10.6817],[105.6359,10.6726],[105.6359,10.6724],[105.6482,10.6712],[105.6459,10.6674],[105.6451,10.6656],[105.6384,10.6465],[105.6364,10.6378],[105.6355,10.6323],[105.6294,10.6356],[105.625,10.6386],[105.6213,10.6404],[105.6176,10.6413],[105.618,10.6436],[105.6203,10.6458],[105.622,10.6468],[105.6238,10.6489],[105.6239,10.6496],[105.6217,10.6494],[105.6033,10.6486],[105.5899,10.6481],[105.5899,10.6496],[105.5857,10.6496],[105.5733,10.6498],[105.5725,10.6551],[105.5746,10.6725],[105.5762,10.6724],[105.5764,10.676],[105.5833,10.6845],[105.5855,10.684],[105.5866,10.6841],[105.5911,10.6884],[105.5926,10.6901],[105.5941,10.6891],[105.5983,10.6997],[105.5985,10.7017],[105.6031,10.6955],[105.6052,10.6924],[105.6092,10.6994],[105.6113,10.7008],[105.615,10.71],[105.6161,10.7105],[105.6271,10.7242],[105.6356,10.7341],[105.6476,10.7476],[105.6487,10.7488],[105.6424,10.7561],[105.6375,10.7609],[105.631,10.7671],[105.6268,10.7711],[105.622,10.7759],[105.6158,10.7824],[105.605,10.7935],[105.6046,10.7937],[105.5998,10.7987],[105.5828,10.8163]]]},"properties":{"name":"Phú Cường","level":"ward"}},{"type":"Feature","geometry":{"type":"Polygon","coordinates":[[[105.3685,10.712],[105.3729,10.714],[105.376,10.7156],[105.3804,10.7177],[105.3832,10.7187],[105.3883,10.7198],[105.393,10.7213],[105.3928,10.7217],[105.3956,10.7252],[105.3963,10.7258],[105.3994,10.7273],[105.3998,10.7289],[105.4017,10.7291],[105.4013,10.7303],[105.4017,10.7313],[105.4028,10.7312],[105.404,10.7329],[105.4065,10.7328],[105.4062,10.7343],[105.4051,10.735],[105.407,10.7362],[105.4085,10.7378],[105.4103,10.7385],[105.4119,10.7387],[105.4131,10.7392],[105.4147,10.7407],[105.4167,10.7438],[105.4181,10.7452],[105.4193,10.7468],[105.4215,10.7465],[105.4223,10.7455],[105.424,10.7453],[105.4281,10.746],[105.4285,10.7429],[105.4296,10.7403],[105.4296,10.7384],[105.4304,10.7361],[105.4313,10.7349],[105.4279,10.7336],[105.4267,10.7326],[105.4268,10.731],[105.4279,10.7303],[105.4292,10.7305],[105.4292,10.7288],[105.4296,10.7278],[105.4308,10.7276],[105.4319,10.7258],[105.4332,10.7243],[105.4326,10.7231],[105.4313,10.7234],[105.4306,10.7228],[105.4319,10.7212],[105.4321,10.7198],[105.4328,10.7192],[105.4349,10.719],[105.4356,10.7174],[105.4379,10.7169],[105.4398,10.7158],[105.4395,10.7147],[105.4397,10.7129],[105.4291,10.7121],[105.4291,10.7115],[105.4274,10.7112],[105.4273,10.7101],[105.4258,10.7096],[105.4259,10.7091],[105.424,10.7084],[105.4225,10.7064],[105.4196,10.704],[105.42,10.7029],[105.4162,10.7015],[105.4163,10.701],[105.413,10.6986],[105.4128,10.6973],[105.409,10.6956],[105.4091,10.6912],[105.4087,10.6912],[105.4099,10.6879],[105.4095,10.6871],[105.4099,10.6828],[105.409,10.6819],[105.4135,10.6743],[105.4185,10.6656],[105.4193,10.6648],[105.4253,10.6581],[105.4332,10.6609],[105.4359,10.6623],[105.4385,10.6649],[105.4407,10.6657],[105.4418,10.6666],[105.4425,10.6664],[105.4427,10.6649],[105.4467,10.6598],[105.4536,10.6512],[105.4503,10.6488],[105.4477,10.6473],[105.449,10.6396],[105.4471,10.638],[105.4475,10.6365],[105.4453,10.6351],[105.4439,10.6327],[105.4426,10.6326],[105.448,10.624],[105.4498,10.6207],[105.4513,10.6191],[105.4518,10.6158],[105.4411,10.6163],[105.4384,10.6036],[105.4362,10.5884],[105.4358,10.5864],[105.4366,10.5838],[105.4376,10.5826],[105.4377,10.5819],[105.4395,10.58],[105.4381,10.5773],[105.4315,10.5736],[105.4298,10.576],[105.4275,10.5798],[105.4242,10.5857],[105.4221,10.59],[105.4189,10.5959],[105.4126,10.6065],[105.4025,10.6288],[105.4018,10.6308],[105.3991,10.6354],[105.3982,10.637],[105.3965,10.6406],[105.3948,10.6451],[105.3911,10.6563],[105.3886,10.664],[105.3862,10.6702],[105.3839,10.6756],[105.3811,10.6838],[105.3799,10.6869],[105.378,10.6909],[105.3768,10.6932],[105.3754,10.6979],[105.3748,10.7006],[105.3742,10.7022],[105.3714,10.7076],[105.3685,10.712]]]},"properties":{"name":"An Long","level":"ward"}},{"type":"Feature","geometry":{"type":"Polygon","coordinates":[[[105.5522,10.6875],[105.5569,10.6803],[105.5567,10.6773],[105.5476,10.678],[105.5427,10.6787],[105.5422,10.6722],[105.5414,10.6659],[105.5405,10.6627],[105.5398,10.6559],[105.5395,10.655],[105.507,10.6601],[105.4958,10.6634],[105.4878,10.6636],[105.4769,10.6641],[105.4693,10.6644],[105.466,10.658],[105.4624,10.6514],[105.4612,10.653],[105.4569,10.6489],[105.4558,10.6487],[105.4536,10.6512],[105.4467,10.6598],[105.4427,10.6649],[105.4425,10.6664],[105.4418,10.6666],[105.4407,10.6657],[105.4385,10.6649],[105.4359,10.6623],[105.4332,10.6609],[105.4253,10.6581],[105.4193,10.6648],[105.4185,10.6656],[105.4135,10.6743],[105.409,10.6819],[105.4099,10.6828],[105.4095,10.6871],[105.4099,10.6879],[105.4087,10.6912],[105.4091,10.6912],[105.409,10.6956],[105.4128,10.6973],[105.413,10.6986],[105.4163,10.701],[105.4162,10.7015],[105.42,10.7029],[105.4196,10.704],[105.4225,10.7064],[105.424,10.7084],[105.4259,10.7091],[105.4258,10.7096],[105.4273,10.7101],[105.4274,10.7112],[105.4291,10.7115],[105.4291,10.7121],[105.4397,10.7129],[105.4395,10.7147],[105.4398,10.7158],[105.4418,10.7151],[105.4549,10.7173],[105.4776,10.7212],[105.4782,10.7217],[105.4803,10.7221],[105.4914,10.7245],[105.4938,10.725],[105.4973,10.7261],[105.5019,10.7158],[105.5117,10.7105],[105.5206,10.7055],[105.5265,10.7021],[105.5507,10.6884],[105.5522,10.6875]]]},"properties":{"name":"Phú Thọ","level":"ward"}},{"type":"Feature","geometry":{"type":"Polygon","coordinates":[[[105.8226,10.6078],[105.8176,10.5944],[105.8175,10.5938],[105.8208,10.5929],[105.8252,10.5914],[105.8338,10.59],[105.8342,10.5887],[105.841,10.5811],[105.8485,10.5728],[105.8547,10.5658],[105.8503,10.562],[105.8427,10.5555],[105.8485,10.5473],[105.8536,10.5403],[105.856,10.5368],[105.8601,10.5317],[105.8672,10.5317],[105.8693,10.5318],[105.873,10.5326],[105.8764,10.534],[105.8801,10.5298],[105.8872,10.5218],[105.8919,10.5164],[105.8915,10.5129],[105.8905,10.5065],[105.8895,10.5076],[105.8836,10.5027],[105.8784,10.4976],[105.8779,10.498],[105.8742,10.4944],[105.8744,10.4942],[105.8651,10.4846],[105.8632,10.4864],[105.8616,10.4735],[105.8613,10.4734],[105.8582,10.4762],[105.8387,10.4937],[105.8303,10.5014],[105.8254,10.5056],[105.8249,10.5056],[105.824,10.5206],[105.8239,10.5241],[105.8267,10.5239],[105.8269,10.5255],[105.8279,10.5406],[105.8283,10.5431],[105.832,10.5462],[105.831,10.5463],[105.8141,10.5536],[105.8001,10.5565],[105.7869,10.5592],[105.7881,10.5677],[105.7891,10.5731],[105.7894,10.5761],[105.7886,10.576],[105.7875,10.582],[105.7806,10.5795],[105.7803,10.5868],[105.7804,10.5905],[105.7803,10.5963],[105.7804,10.5976],[105.7875,10.6005],[105.788,10.6008],[105.7951,10.6037],[105.7954,10.6037],[105.8031,10.6069],[105.8047,10.6078],[105.8129,10.6115],[105.8181,10.614],[105.8218,10.6103],[105.8209,10.6092],[105.8226,10.6078]]]},"properties":{"name":"Tháp Mười","level":"ward"}},{"type":"Feature","geometry":{"type":"Polygon","coordinates":[[[105.6443,10.5457],[105.6426,10.5475],[105.6414,10.5481],[105.6394,10.5481],[105.6392,10.5495],[105.6398,10.5501],[105.6393,10.5516],[105.6385,10.5526],[105.6371,10.5528],[105.6371,10.5544],[105.6384,10.5573],[105.6407,10.5598],[105.6409,10.5603],[105.641,10.564],[105.6415,10.5661],[105.6475,10.5908],[105.6511,10.605],[105.6505,10.6103],[105.6509,10.6183],[105.6521,10.623],[105.655,10.6347],[105.6562,10.6402],[105.6585,10.651],[105.6601,10.6583],[105.6531,10.6619],[105.6508,10.6627],[105.6468,10.6645],[105.6451,10.6656],[105.6459,10.6674],[105.6482,10.6712],[105.6359,10.6724],[105.6359,10.6726],[105.6373,10.6817],[105.6424,10.6812],[105.6419,10.6828],[105.6444,10.6863],[105.6462,10.6879],[105.6475,10.6898],[105.6491,10.6933],[105.6536,10.702],[105.6585,10.7103],[105.6679,10.7002],[105.6748,10.6928],[105.6797,10.6921],[105.692,10.69],[105.6948,10.6895],[105.7139,10.6822],[105.7306,10.6759],[105.733,10.6634],[105.7471,10.6621],[105.7583,10.6609],[105.7644,10.6603],[105.7628,10.6506],[105.7622,10.6504],[105.7631,10.6464],[105.7443,10.6391],[105.7437,10.6403],[105.7256,10.633],[105.7209,10.6312],[105.6975,10.6218],[105.6946,10.6206],[105.6943,10.6152],[105.6899,10.6154],[105.69,10.6134],[105.6892,10.6104],[105.6878,10.6026],[105.6866,10.5922],[105.6855,10.5851],[105.6855,10.5843],[105.6846,10.5807],[105.6835,10.5773],[105.6819,10.5694],[105.6808,10.5659],[105.6804,10.5617],[105.6798,10.5596],[105.6773,10.562],[105.6768,10.558],[105.6716,10.5626],[105.6612,10.5568],[105.6463,10.5485],[105.6457,10.5477],[105.6444,10.5472],[105.6443,10.5457]]]},"properties":{"name":"Phương Thịnh","level":"ward"}},{"type":"Feature","geometry":{"type":"Polygon","coordinates":[[[105.6585,10.7103],[105.6583,10.711],[105.6601,10.7156],[105.6616,10.7186],[105.6632,10.7226],[105.6647,10.7253],[105.6661,10.7287],[105.672,10.7416],[105.6727,10.7413],[105.6738,10.7423],[105.6778,10.7465],[105.6822,10.7507],[105.6902,10.7433],[105.6954,10.7384],[105.7056,10.7289],[105.7077,10.7269],[105.715,10.7201],[105.7179,10.7172],[105.7235,10.7121],[105.7273,10.7085],[105.7518,10.6857],[105.7551,10.6825],[105.7575,10.6803],[105.7632,10.6749],[105.7689,10.6696],[105.7733,10.6654],[105.7806,10.6587],[105.7847,10.6579],[105.8077,10.6537],[105.8094,10.6516],[105.8142,10.6496],[105.8215,10.646],[105.8271,10.6427],[105.8347,10.6383],[105.8235,10.6275],[105.8308,10.62],[105.8229,10.6085],[105.8226,10.6078],[105.8209,10.6092],[105.8218,10.6103],[105.8181,10.614],[105.8129,10.6115],[105.8047,10.6078],[105.8031,10.6069],[105.7954,10.6037],[105.7951,10.6037],[105.788,10.6008],[105.7875,10.6005],[105.7804,10.5976],[105.7803,10.5963],[105.7608,10.5975],[105.7476,10.5984],[105.7448,10.5987],[105.7271,10.5999],[105.7248,10.6045],[105.7233,10.604],[105.7202,10.6039],[105.7164,10.6034],[105.713,10.6041],[105.7122,10.6061],[105.7077,10.6066],[105.7076,10.6073],[105.7029,10.6085],[105.6996,10.615],[105.6986,10.6149],[105.6975,10.6218],[105.7209,10.6312],[105.7256,10.633],[105.7437,10.6403],[105.7443,10.6391],[105.7631,10.6464],[105.7622,10.6504],[105.7628,10.6506],[105.7644,10.6603],[105.7583,10.6609],[105.7471,10.6621],[105.733,10.6634],[105.7306,10.6759],[105.7139,10.6822],[105.6948,10.6895],[105.692,10.69],[105.6797,10.6921],[105.6748,10.6928],[105.6679,10.7002],[105.6585,10.7103]]]},"properties":{"name":"Trường Xuân","level":"ward"}},{"type":"Feature","geometry":{"type":"Polygon","coordinates":[[[105.7803,10.5963],[105.7804,10.5905],[105.7803,10.5868],[105.7806,10.5795],[105.7875,10.582],[105.7886,10.576],[105.7894,10.5761],[105.7891,10.5731],[105.7881,10.5677],[105.7869,10.5592],[105.8001,10.5565],[105.8141,10.5536],[105.831,10.5463],[105.832,10.5462],[105.8283,10.5431],[105.8279,10.5406],[105.8269,10.5255],[105.8267,10.5239],[105.8239,10.5241],[105.824,10.5206],[105.8249,10.5056],[105.8258,10.4928],[105.8258,10.4913],[105.8249,10.4749],[105.8231,10.4755],[105.8228,10.4701],[105.814,10.4702],[105.792,10.4702],[105.7721,10.4702],[105.766,10.4703],[105.7679,10.4899],[105.7582,10.4903],[105.7518,10.4917],[105.7459,10.493],[105.738,10.4948],[105.7344,10.4958],[105.7305,10.4977],[105.725,10.5005],[105.719,10.5037],[105.7215,10.5172],[105.7231,10.5251],[105.7239,10.5284],[105.7244,10.5311],[105.7253,10.535],[105.7275,10.5463],[105.7299,10.5578],[105.7327,10.5715],[105.7347,10.5818],[105.7348,10.583],[105.7329,10.5874],[105.7277,10.5983],[105.7271,10.5999],[105.7448,10.5987],[105.7476,10.5984],[105.7608,10.5975],[105.7803,10.5963]]]},"properties":{"name":"Mỹ Quí","level":"ward"}},{"type":"Feature","geometry":{"type":"Polygon","coordinates":[[[105.9416,10.5364],[105.9418,10.5342],[105.9418,10.5255],[105.9419,10.517],[105.9419,10.511],[105.9416,10.4944],[105.9249,10.4769],[105.9213,10.48],[105.9148,10.486],[105.9046,10.4867],[105.9038,10.4866],[105.8983,10.4929],[105.8988,10.4967],[105.8905,10.5065],[105.8915,10.5129],[105.8919,10.5164],[105.8872,10.5218],[105.8801,10.5298],[105.8764,10.534],[105.873,10.5326],[105.8693,10.5318],[105.8672,10.5317],[105.8601,10.5317],[105.856,10.5368],[105.8536,10.5403],[105.8485,10.5473],[105.8427,10.5555],[105.8503,10.562],[105.8547,10.5658],[105.8485,10.5728],[105.841,10.5811],[105.8342,10.5887],[105.8338,10.59],[105.8252,10.5914],[105.8208,10.5929],[105.8175,10.5938],[105.8176,10.5944],[105.8226,10.6078],[105.8229,10.6085],[105.8308,10.62],[105.8235,10.6275],[105.8347,10.6383],[105.8454,10.624],[105.8508,10.6169],[105.8617,10.6016],[105.8658,10.5962],[105.8768,10.5814],[105.8808,10.5764],[105.8885,10.5666],[105.9002,10.5514],[105.9055,10.544],[105.9098,10.5386],[105.9383,10.5367],[105.9416,10.5364]]]},"properties":{"name":"Đốc Binh Kiều","level":"ward"}},{"type":"Feature","geometry":{"type":"Polygon","coordinates":[[[105.9249,10.4769],[105.9082,10.4592],[105.9053,10.4563],[105.9,10.4505],[105.8935,10.4437],[105.8801,10.4295],[105.8696,10.4183],[105.8662,10.4147],[105.8597,10.4077],[105.8582,10.404],[105.8539,10.3925],[105.8456,10.3694],[105.8445,10.3662],[105.8403,10.3677],[105.8358,10.3694],[105.83,10.3697],[105.819,10.3704],[105.8158,10.3704],[105.8159,10.374],[105.8165,10.3813],[105.8168,10.3822],[105.8181,10.4012],[105.8188,10.4117],[105.8206,10.4361],[105.8209,10.4398],[105.821,10.4421],[105.8212,10.4443],[105.822,10.4492],[105.8238,10.4614],[105.8246,10.47],[105.8228,10.4701],[105.8231,10.4755],[105.8249,10.4749],[105.8258,10.4913],[105.8258,10.4928],[105.8249,10.5056],[105.8254,10.5056],[105.8303,10.5014],[105.8387,10.4937],[105.8582,10.4762],[105.8613,10.4734],[105.8616,10.4735],[105.8632,10.4864],[105.8651,10.4846],[105.8744,10.4942],[105.8742,10.4944],[105.8779,10.498],[105.8784,10.4976],[105.8836,10.5027],[105.8895,10.5076],[105.8905,10.5065],[105.8988,10.4967],[105.8983,10.4929],[105.9038,10.4866],[105.9046,10.4867],[105.9148,10.486],[105.9213,10.48],[105.9249,10.4769]]]},"properties":{"name":"Thanh Mỹ","level":"ward"}},{"type":"Feature","geometry":{"type":"Polygon","coordinates":[[[105.6914,10.4061],[105.6919,10.4118],[105.691,10.4148],[105.6901,10.4164],[105.6885,10.4213],[105.6882,10.4229],[105.6877,10.4288],[105.6868,10.4343],[105.6853,10.4381],[105.6842,10.4399],[105.6825,10.4419],[105.6796,10.4435],[105.6805,10.4459],[105.679,10.448],[105.6783,10.4504],[105.6788,10.4529],[105.6798,10.4542],[105.6815,10.4549],[105.6827,10.455],[105.685,10.4548],[105.6885,10.4541],[105.6903,10.4543],[105.6922,10.4552],[105.694,10.4566],[105.696,10.4597],[105.6968,10.458],[105.6981,10.4574],[105.699,10.4575],[105.6996,10.4587],[105.7049,10.4649],[105.7089,10.4688],[105.7133,10.4745],[105.7157,10.4784],[105.7141,10.4792],[105.7146,10.4822],[105.7174,10.4963],[105.719,10.5037],[105.725,10.5005],[105.7305,10.4977],[105.7344,10.4958],[105.738,10.4948],[105.7459,10.493],[105.7518,10.4917],[105.7582,10.4903],[105.7571,10.4787],[105.7466,10.4738],[105.7503,10.4737],[105.7494,10.4656],[105.7491,10.4637],[105.7465,10.4631],[105.7459,10.4607],[105.7461,10.4581],[105.7457,10.4562],[105.7437,10.4564],[105.7424,10.4539],[105.7415,10.4528],[105.7403,10.4543],[105.737,10.4518],[105.7326,10.4476],[105.7304,10.446],[105.7296,10.446],[105.7282,10.4449],[105.738,10.4452],[105.7429,10.4454],[105.7427,10.4435],[105.7432,10.4408],[105.7429,10.4398],[105.7467,10.438],[105.7506,10.4368],[105.7529,10.4365],[105.7521,10.429],[105.7493,10.4274],[105.7451,10.4233],[105.7439,10.4209],[105.7425,10.4187],[105.7409,10.4135],[105.7386,10.4101],[105.7374,10.409],[105.7392,10.4077],[105.742,10.406],[105.7405,10.4034],[105.7406,10.4019],[105.7388,10.4015],[105.7354,10.4012],[105.7328,10.4001],[105.7308,10.3985],[105.733,10.3962],[105.732,10.3956],[105.7333,10.394],[105.7306,10.3921],[105.732,10.3908],[105.7336,10.39],[105.736,10.3883],[105.7352,10.3875],[105.7357,10.3864],[105.7346,10.385],[105.7324,10.3779],[105.728,10.3791],[105.7257,10.38],[105.7232,10.3813],[105.7227,10.3825],[105.722,10.3881],[105.7197,10.3903],[105.7164,10.3929],[105.7137,10.3949],[105.7093,10.3977],[105.7064,10.3991],[105.7048,10.4001],[105.7007,10.4023],[105.6975,10.4036],[105.695,10.4048],[105.6914,10.4061]]]},"properties":{"name":"Mỹ Thọ","level":"ward"}},{"type":"Feature","geometry":{"type":"Polygon","coordinates":[[[105.6364,10.4988],[105.6362,10.4991],[105.6383,10.5062],[105.6419,10.5169],[105.6445,10.5167],[105.6453,10.5172],[105.6458,10.519],[105.6464,10.5197],[105.6478,10.5201],[105.6465,10.5231],[105.6456,10.5247],[105.6455,10.5259],[105.6466,10.5277],[105.6462,10.5284],[105.6446,10.5293],[105.6441,10.5301],[105.6442,10.5313],[105.6453,10.5313],[105.6458,10.5324],[105.6455,10.5335],[105.6438,10.5357],[105.6439,10.5366],[105.645,10.5389],[105.646,10.5393],[105.6473,10.539],[105.6496,10.5401],[105.6496,10.5411],[105.6488,10.5434],[105.6478,10.5444],[105.6461,10.5439],[105.6443,10.5457],[105.6444,10.5472],[105.6457,10.5477],[105.6463,10.5485],[105.6612,10.5568],[105.6716,10.5626],[105.6768,10.558],[105.6773,10.562],[105.6798,10.5596],[105.6804,10.5617],[105.6808,10.5659],[105.6819,10.5694],[105.6835,10.5773],[105.6846,10.5807],[105.6855,10.5843],[105.6855,10.5851],[105.6866,10.5922],[105.6878,10.6026],[105.6892,10.6104],[105.69,10.6134],[105.6899,10.6154],[105.6943,10.6152],[105.6946,10.6206],[105.6975,10.6218],[105.6986,10.6149],[105.6996,10.615],[105.7029,10.6085],[105.7076,10.6073],[105.7077,10.6066],[105.7122,10.6061],[105.713,10.6041],[105.7164,10.6034],[105.7202,10.6039],[105.7233,10.604],[105.7248,10.6045],[105.7271,10.5999],[105.7277,10.5983],[105.7329,10.5874],[105.7348,10.583],[105.7347,10.5818],[105.7327,10.5715],[105.7299,10.5578],[105.7275,10.5463],[105.7253,10.535],[105.7244,10.5311],[105.7239,10.5284],[105.7231,10.5251],[105.7215,10.5172],[105.719,10.5037],[105.7129,10.5068],[105.7102,10.5075],[105.7061,10.5082],[105.694,10.5088],[105.6918,10.5082],[105.6893,10.5081],[105.6859,10.5074],[105.681,10.5072],[105.679,10.5076],[105.6766,10.5077],[105.6754,10.5069],[105.6742,10.5069],[105.673,10.5049],[105.6698,10.5039],[105.6684,10.5017],[105.6689,10.501],[105.6675,10.4993],[105.6667,10.499],[105.6657,10.4973],[105.6648,10.4951],[105.6642,10.4943],[105.6627,10.4901],[105.6618,10.4898],[105.6583,10.4898],[105.6565,10.4906],[105.6552,10.4914],[105.6538,10.493],[105.6513,10.4968],[105.6503,10.499],[105.6494,10.5025],[105.6477,10.5031],[105.6456,10.5024],[105.6437,10.5026],[105.6427,10.5019],[105.6409,10.5],[105.6388,10.499],[105.6364,10.4988]]]},"properties":{"name":"Ba Sao","level":"ward"}},{"type":"Feature","geometry":{"type":"Polygon","coordinates":[[[105.6371,10.5528],[105.6349,10.5541],[105.635,10.5554],[105.6334,10.5567],[105.6331,10.5595],[105.6332,10.5612],[105.6279,10.5607],[105.6242,10.5604],[105.6236,10.5575],[105.6231,10.557],[105.6187,10.5502],[105.6137,10.5421],[105.6127,10.5377],[105.6109,10.5293],[105.5962,10.5238],[105.5975,10.5203],[105.5977,10.5163],[105.5848,10.5116],[105.5816,10.5109],[105.5668,10.5093],[105.561,10.5086],[105.558,10.5074],[105.5557,10.5124],[105.5535,10.5162],[105.5554,10.5173],[105.5578,10.5193],[105.5592,10.5201],[105.5585,10.5211],[105.5601,10.5226],[105.561,10.5244],[105.56,10.5261],[105.5605,10.5272],[105.5623,10.5285],[105.5627,10.531],[105.5665,10.5374],[105.5724,10.549],[105.5765,10.5565],[105.5772,10.558],[105.5815,10.5661],[105.585,10.573],[105.5862,10.5758],[105.5859,10.5766],[105.5873,10.5774],[105.5898,10.5822],[105.5984,10.5985],[105.6002,10.6015],[105.6018,10.6046],[105.602,10.6055],[105.6039,10.6094],[105.6075,10.616],[105.6108,10.6225],[105.6124,10.6251],[105.6147,10.6284],[105.6167,10.6324],[105.6171,10.6345],[105.6174,10.6396],[105.6176,10.6413],[105.6213,10.6404],[105.625,10.6386],[105.6294,10.6356],[105.6355,10.6323],[105.6364,10.6378],[105.6384,10.6465],[105.6451,10.6656],[105.6468,10.6645],[105.6508,10.6627],[105.6531,10.6619],[105.6601,10.6583],[105.6585,10.651],[105.6562,10.6402],[105.655,10.6347],[105.6521,10.623],[105.6509,10.6183],[105.6505,10.6103],[105.6511,10.605],[105.6475,10.5908],[105.6415,10.5661],[105.641,10.564],[105.6409,10.5603],[105.6407,10.5598],[105.6384,10.5573],[105.6371,10.5544],[105.6371,10.5528]]]},"properties":{"name":"Phong Mỹ","level":"ward"}},{"type":"Feature","geometry":{"type":"Polygon","coordinates":[[[105.8158,10.3704],[105.8173,10.3544],[105.818,10.3534],[105.8178,10.3524],[105.8187,10.3472],[105.8191,10.346],[105.8194,10.3417],[105.819,10.3377],[105.819,10.3353],[105.8187,10.3305],[105.8177,10.3268],[105.8177,10.3255],[105.8167,10.3223],[105.819,10.3219],[105.8251,10.3203],[105.8267,10.3201],[105.8303,10.318],[105.8286,10.3173],[105.8266,10.3159],[105.8229,10.3141],[105.8216,10.3126],[105.8211,10.3106],[105.8216,10.309],[105.823,10.3084],[105.8251,10.3079],[105.8279,10.3067],[105.8304,10.3073],[105.8324,10.3069],[105.8358,10.3052],[105.8365,10.2987],[105.8326,10.299],[105.8282,10.2987],[105.8207,10.298],[105.8196,10.2976],[105.8165,10.2957],[105.8141,10.2943],[105.8124,10.2929],[105.8093,10.2912],[105.8063,10.2905],[105.8056,10.2901],[105.8044,10.2885],[105.8037,10.2881],[105.7996,10.2868],[105.7969,10.2868],[105.7941,10.2871],[105.7887,10.288],[105.7853,10.2892],[105.783,10.2905],[105.7788,10.293],[105.7752,10.2961],[105.7731,10.2984],[105.7719,10.3007],[105.768,10.3069],[105.7667,10.3094],[105.7658,10.3122],[105.764,10.3168],[105.7629,10.3207],[105.761,10.3247],[105.7584,10.3289],[105.7557,10.3354],[105.7535,10.3411],[105.7518,10.347],[105.7503,10.3532],[105.7487,10.3585],[105.7518,10.3582],[105.7542,10.3582],[105.7552,10.3597],[105.7565,10.3603],[105.7574,10.3601],[105.762,10.3578],[105.765,10.3554],[105.768,10.3582],[105.768,10.3592],[105.772,10.3617],[105.7741,10.3633],[105.7783,10.3655],[105.7791,10.366],[105.7778,10.3679],[105.7785,10.3687],[105.7767,10.3714],[105.7779,10.3728],[105.7797,10.3756],[105.7796,10.3769],[105.781,10.3799],[105.7816,10.3827],[105.7836,10.385],[105.7845,10.387],[105.7857,10.3877],[105.7865,10.3898],[105.7883,10.3927],[105.7902,10.3967],[105.7909,10.3958],[105.7926,10.4021],[105.7929,10.4156],[105.7931,10.4224],[105.7933,10.4377],[105.798,10.4376],[105.8055,10.4376],[105.8055,10.4386],[105.8206,10.4361],[105.8188,10.4117],[105.8181,10.4012],[105.8168,10.3822],[105.8165,10.3813],[105.8159,10.374],[105.8158,10.3704]]]},"properties":{"name":"Mỹ Hiệp","level":"ward"}},{"type":"Feature","geometry":{"type":"Polygon","coordinates":[[[105.7487,10.3585],[105.7482,10.3604],[105.7438,10.3703],[105.7393,10.3766],[105.7386,10.3773],[105.7356,10.3779],[105.7324,10.3779],[105.7346,10.385],[105.7357,10.3864],[105.7352,10.3875],[105.736,10.3883],[105.7336,10.39],[105.732,10.3908],[105.7306,10.3921],[105.7333,10.394],[105.732,10.3956],[105.733,10.3962],[105.7308,10.3985],[105.7328,10.4001],[105.7354,10.4012],[105.7388,10.4015],[105.7406,10.4019],[105.7405,10.4034],[105.742,10.406],[105.7392,10.4077],[105.7374,10.409],[105.7386,10.4101],[105.7409,10.4135],[105.7425,10.4187],[105.7439,10.4209],[105.7451,10.4233],[105.7493,10.4274],[105.7521,10.429],[105.7529,10.4365],[105.7506,10.4368],[105.7467,10.438],[105.7429,10.4398],[105.7432,10.4408],[105.7427,10.4435],[105.7429,10.4454],[105.738,10.4452],[105.7282,10.4449],[105.7296,10.446],[105.7304,10.446],[105.7326,10.4476],[105.737,10.4518],[105.7403,10.4543],[105.7415,10.4528],[105.7424,10.4539],[105.7437,10.4564],[105.7457,10.4562],[105.7461,10.4581],[105.7459,10.4607],[105.7465,10.4631],[105.7491,10.4637],[105.7494,10.4656],[105.7503,10.4737],[105.7466,10.4738],[105.7571,10.4787],[105.7582,10.4903],[105.7679,10.4899],[105.766,10.4703],[105.7721,10.4702],[105.792,10.4702],[105.814,10.4702],[105.8228,10.4701],[105.8246,10.47],[105.8238,10.4614],[105.822,10.4492],[105.8212,10.4443],[105.821,10.4421],[105.8209,10.4398],[105.8206,10.4361],[105.8055,10.4386],[105.8055,10.4376],[105.798,10.4376],[105.7933,10.4377],[105.7931,10.4224],[105.7929,10.4156],[105.7926,10.4021],[105.7909,10.3958],[105.7902,10.3967],[105.7883,10.3927],[105.7865,10.3898],[105.7857,10.3877],[105.7845,10.387],[105.7836,10.385],[105.7816,10.3827],[105.781,10.3799],[105.7796,10.3769],[105.7797,10.3756],[105.7779,10.3728],[105.7767,10.3714],[105.7785,10.3687],[105.7778,10.3679],[105.7791,10.366],[105.7783,10.3655],[105.7741,10.3633],[105.772,10.3617],[105.768,10.3592],[105.768,10.3582],[105.765,10.3554],[105.762,10.3578],[105.7574,10.3601],[105.7565,10.3603],[105.7552,10.3597],[105.7542,10.3582],[105.7518,10.3582],[105.7487,10.3585]]]},"properties":{"name":"Bình Hàng Trung","level":"ward"}},{"type":"Feature","geometry":{"type":"Polygon","coordinates":[[[105.5395,10.655],[105.5477,10.6538],[105.5482,10.6532],[105.5532,10.6526],[105.5626,10.6512],[105.572,10.6499],[105.5733,10.6498],[105.5857,10.6496],[105.5899,10.6496],[105.5899,10.6481],[105.5899,10.6459],[105.5871,10.6429],[105.5821,10.6427],[105.5796,10.64],[105.5723,10.6353],[105.5693,10.6332],[105.5642,10.6301],[105.5664,10.6259],[105.5621,10.6216],[105.5634,10.6202],[105.5551,10.617],[105.5546,10.6174],[105.5513,10.6141],[105.5512,10.6115],[105.5506,10.6116],[105.5506,10.607],[105.5508,10.5981],[105.5461,10.592],[105.5426,10.5872],[105.537,10.5796],[105.5358,10.5785],[105.5313,10.5754],[105.5269,10.572],[105.5264,10.5694],[105.5266,10.5679],[105.5218,10.5665],[105.5205,10.5653],[105.5196,10.5624],[105.5196,10.5607],[105.5188,10.5582],[105.5162,10.5562],[105.5158,10.5552],[105.514,10.5522],[105.5134,10.5501],[105.5124,10.5489],[105.5133,10.5468],[105.5115,10.5474],[105.5098,10.5452],[105.5064,10.5462],[105.5048,10.5462],[105.4992,10.5439],[105.4988,10.5452],[105.4901,10.5428],[105.4883,10.5425],[105.4874,10.5395],[105.4861,10.5383],[105.4822,10.5341],[105.4789,10.535],[105.4751,10.5366],[105.4703,10.5391],[105.4644,10.5426],[105.4666,10.5554],[105.4581,10.5591],[105.4667,10.5648],[105.4693,10.5675],[105.4682,10.5685],[105.4669,10.5706],[105.4727,10.5755],[105.4735,10.5767],[105.4758,10.5791],[105.475,10.5798],[105.4759,10.5811],[105.4762,10.5823],[105.4749,10.5833],[105.4757,10.5847],[105.477,10.588],[105.4794,10.5911],[105.4807,10.5925],[105.4811,10.594],[105.4823,10.596],[105.484,10.5973],[105.4852,10.6],[105.4856,10.603],[105.4878,10.6074],[105.4894,10.6065],[105.4922,10.6041],[105.4966,10.6019],[105.4981,10.6032],[105.5001,10.6057],[105.5006,10.607],[105.5002,10.6107],[105.5005,10.6137],[105.5055,10.6135],[105.5036,10.624],[105.5018,10.6327],[105.5013,10.6357],[105.498,10.6521],[105.4958,10.6634],[105.507,10.6601],[105.5395,10.655]]]},"properties":{"name":"Thanh Bình","level":"ward"}},{"type":"Feature","geometry":{"type":"Polygon","coordinates":[[[105.3524,10.7134],[105.3598,10.7275],[105.3607,10.7256],[105.363,10.7207],[105.3678,10.7129],[105.3685,10.712],[105.3714,10.7076],[105.3742,10.7022],[105.3748,10.7006],[105.3754,10.6979],[105.3768,10.6932],[105.378,10.6909],[105.3799,10.6869],[105.3811,10.6838],[105.3839,10.6756],[105.3862,10.6702],[105.3886,10.664],[105.3911,10.6563],[105.3948,10.6451],[105.3965,10.6406],[105.3982,10.637],[105.3991,10.6354],[105.4018,10.6308],[105.4025,10.6288],[105.4126,10.6065],[105.4189,10.5959],[105.4221,10.59],[105.4242,10.5857],[105.4275,10.5798],[105.4298,10.576],[105.4315,10.5736],[105.4349,10.5688],[105.4371,10.5651],[105.4412,10.5592],[105.4438,10.5557],[105.4464,10.553],[105.4395,10.5526],[105.4373,10.5524],[105.4317,10.5517],[105.4268,10.5508],[105.4199,10.5499],[105.4177,10.5498],[105.4134,10.5512],[105.4109,10.5525],[105.4084,10.5544],[105.4064,10.5567],[105.4002,10.5635],[105.398,10.5655],[105.3956,10.5675],[105.3933,10.5688],[105.3908,10.57],[105.3883,10.5708],[105.3844,10.5715],[105.3798,10.5714],[105.3768,10.5708],[105.3746,10.5709],[105.3728,10.5714],[105.372,10.5719],[105.369,10.5753],[105.3678,10.5771],[105.3669,10.5791],[105.3649,10.5846],[105.361,10.5927],[105.3593,10.5971],[105.3547,10.606],[105.3515,10.6128],[105.3497,10.6166],[105.3478,10.6217],[105.3427,10.6365],[105.3409,10.6416],[105.3394,10.6491],[105.3382,10.6574],[105.3378,10.6636],[105.3376,10.6691],[105.3377,10.672],[105.3385,10.6755],[105.3441,10.6865],[105.3449,10.6885],[105.3469,10.6961],[105.3488,10.7043],[105.3513,10.7111],[105.3524,10.7134]]]},"properties":{"name":"Tân Long","level":"ward"}},{"type":"Feature","geometry":{"type":"Polygon","coordinates":[[[105.4315,10.5736],[105.4381,10.5773],[105.4395,10.58],[105.4377,10.5819],[105.4376,10.5826],[105.4366,10.5838],[105.4358,10.5864],[105.4362,10.5884],[105.4384,10.6036],[105.4411,10.6163],[105.4518,10.6158],[105.4513,10.6191],[105.4498,10.6207],[105.448,10.624],[105.4426,10.6326],[105.4439,10.6327],[105.4453,10.6351],[105.4475,10.6365],[105.4471,10.638],[105.449,10.6396],[105.4477,10.6473],[105.4503,10.6488],[105.4536,10.6512],[105.4558,10.6487],[105.4569,10.6489],[105.4612,10.653],[105.4624,10.6514],[105.466,10.658],[105.4693,10.6644],[105.4769,10.6641],[105.4878,10.6636],[105.4958,10.6634],[105.498,10.6521],[105.5013,10.6357],[105.5018,10.6327],[105.5036,10.624],[105.5055,10.6135],[105.5005,10.6137],[105.5002,10.6107],[105.5006,10.607],[105.5001,10.6057],[105.4981,10.6032],[105.4966,10.6019],[105.4922,10.6041],[105.4894,10.6065],[105.4878,10.6074],[105.4856,10.603],[105.4852,10.6],[105.484,10.5973],[105.4823,10.596],[105.4811,10.594],[105.4807,10.5925],[105.4794,10.5911],[105.477,10.588],[105.4757,10.5847],[105.4749,10.5833],[105.4762,10.5823],[105.4759,10.5811],[105.475,10.5798],[105.4758,10.5791],[105.4735,10.5767],[105.4727,10.5755],[105.4669,10.5706],[105.4682,10.5685],[105.4693,10.5675],[105.4667,10.5648],[105.4581,10.5591],[105.4666,10.5554],[105.4644,10.5426],[105.4632,10.5433],[105.4594,10.5448],[105.4533,10.548],[105.449,10.5506],[105.4464,10.553],[105.4438,10.5557],[105.4412,10.5592],[105.4371,10.5651],[105.4349,10.5688],[105.4315,10.5736]]]},"properties":{"name":"Tân Thạnh","level":"ward"}},{"type":"Feature","geometry":{"type":"Polygon","coordinates":[[[105.5899,10.6481],[105.6033,10.6486],[105.6217,10.6494],[105.6239,10.6496],[105.6238,10.6489],[105.622,10.6468],[105.6203,10.6458],[105.618,10.6436],[105.6176,10.6413],[105.6174,10.6396],[105.6171,10.6345],[105.6167,10.6324],[105.6147,10.6284],[105.6124,10.6251],[105.6108,10.6225],[105.6075,10.616],[105.6039,10.6094],[105.602,10.6055],[105.6018,10.6046],[105.6002,10.6015],[105.5984,10.5985],[105.5898,10.5822],[105.5873,10.5774],[105.5859,10.5766],[105.5862,10.5758],[105.585,10.573],[105.5815,10.5661],[105.5772,10.558],[105.5765,10.5565],[105.5724,10.549],[105.5665,10.5374],[105.5627,10.531],[105.5623,10.5285],[105.5605,10.5272],[105.56,10.5261],[105.561,10.5244],[105.5601,10.5226],[105.5585,10.5211],[105.5592,10.5201],[105.5578,10.5193],[105.5554,10.5173],[105.5535,10.5162],[105.5513,10.5199],[105.5492,10.5229],[105.5469,10.5257],[105.5447,10.5279],[105.5417,10.5301],[105.5385,10.5317],[105.5351,10.5332],[105.5326,10.5373],[105.5272,10.5401],[105.522,10.5429],[105.5175,10.5451],[105.5133,10.5468],[105.5124,10.5489],[105.5134,10.5501],[105.514,10.5522],[105.5158,10.5552],[105.5162,10.5562],[105.5188,10.5582],[105.5196,10.5607],[105.5196,10.5624],[105.5205,10.5653],[105.5218,10.5665],[105.5266,10.5679],[105.5264,10.5694],[105.5269,10.572],[105.5313,10.5754],[105.5358,10.5785],[105.537,10.5796],[105.5426,10.5872],[105.5461,10.592],[105.5508,10.5981],[105.5506,10.607],[105.5506,10.6116],[105.5512,10.6115],[105.5513,10.6141],[105.5546,10.6174],[105.5551,10.617],[105.5634,10.6202],[105.5621,10.6216],[105.5664,10.6259],[105.5642,10.6301],[105.5693,10.6332],[105.5723,10.6353],[105.5796,10.64],[105.5821,10.6427],[105.5871,10.6429],[105.5899,10.6459],[105.5899,10.6481]]]},"properties":{"name":"Bình Thành","level":"ward"}},{"type":"Feature","geometry":{"type":"Polygon","coordinates":[[[105.65,10.3675],[105.6531,10.3639],[105.654,10.3622],[105.6488,10.3598],[105.6509,10.3558],[105.6484,10.3542],[105.6445,10.3556],[105.6428,10.3549],[105.6417,10.3532],[105.6418,10.3523],[105.6402,10.3511],[105.6391,10.35],[105.6403,10.3468],[105.6393,10.3457],[105.6347,10.342],[105.6357,10.339],[105.6333,10.3373],[105.635,10.3348],[105.6363,10.3328],[105.6363,10.332],[105.64,10.3309],[105.6387,10.3299],[105.6372,10.3207],[105.6357,10.3115],[105.6352,10.3081],[105.6302,10.3087],[105.6268,10.309],[105.6234,10.3098],[105.6227,10.3116],[105.617,10.3142],[105.6102,10.3174],[105.6016,10.3198],[105.598,10.3172],[105.5959,10.3151],[105.5952,10.3145],[105.5933,10.3145],[105.5895,10.3147],[105.5833,10.3141],[105.5825,10.3152],[105.5764,10.3133],[105.5763,10.3192],[105.5739,10.3191],[105.5746,10.3205],[105.5794,10.324],[105.5708,10.334],[105.5692,10.3359],[105.5683,10.3405],[105.5613,10.3407],[105.5464,10.3413],[105.5391,10.3413],[105.5281,10.3418],[105.5254,10.3416],[105.5167,10.3399],[105.515,10.3376],[105.5133,10.336],[105.5127,10.3346],[105.513,10.333],[105.5085,10.3334],[105.5084,10.3322],[105.5066,10.334],[105.5052,10.3333],[105.5033,10.333],[105.5001,10.3336],[105.4974,10.3337],[105.4922,10.3296],[105.4886,10.3337],[105.4915,10.3385],[105.4915,10.3403],[105.4905,10.343],[105.4906,10.345],[105.4926,10.3473],[105.4972,10.3499],[105.4978,10.3506],[105.4996,10.3539],[105.5014,10.3551],[105.5025,10.3554],[105.5046,10.3552],[105.5067,10.3554],[105.5085,10.3563],[105.5096,10.3573],[105.5108,10.359],[105.5125,10.3609],[105.5154,10.3624],[105.5203,10.363],[105.521,10.3633],[105.5202,10.367],[105.5204,10.3693],[105.5215,10.3706],[105.5248,10.3722],[105.5258,10.3712],[105.5269,10.3723],[105.5311,10.3757],[105.532,10.3759],[105.5319,10.3769],[105.5339,10.3774],[105.5365,10.379],[105.5379,10.3816],[105.5384,10.3817],[105.5365,10.3843],[105.536,10.3856],[105.5376,10.3868],[105.5393,10.389],[105.5424,10.3939],[105.5461,10.3943],[105.5466,10.394],[105.5488,10.3945],[105.5499,10.3917],[105.5538,10.3925],[105.5568,10.3933],[105.5642,10.3952],[105.5669,10.3953],[105.5692,10.395],[105.5703,10.3958],[105.5719,10.3982],[105.579,10.3852],[105.58,10.3831],[105.5854,10.3763],[105.5871,10.374],[105.5885,10.3733],[105.6025,10.3682],[105.6038,10.3673],[105.6058,10.3676],[105.6064,10.3702],[105.6111,10.3727],[105.6138,10.3718],[105.615,10.3693],[105.6163,10.3659],[105.6175,10.3663],[105.6178,10.3669],[105.6191,10.3675],[105.6195,10.3682],[105.6221,10.3657],[105.6227,10.3658],[105.6241,10.3635],[105.6257,10.3639],[105.6257,10.3659],[105.6281,10.3668],[105.6435,10.3729],[105.6452,10.3735],[105.6481,10.3697],[105.65,10.3675]]]},"properties":{"name":"Lấp Vò","level":"ward"}},{"type":"Feature","geometry":{"type":"Polygon","coordinates":[[[105.5738,10.4286],[105.5766,10.4231],[105.5786,10.4204],[105.5822,10.4173],[105.5843,10.4159],[105.5876,10.414],[105.5916,10.4123],[105.5961,10.4109],[105.5991,10.41],[105.6047,10.4092],[105.6097,10.4087],[105.6128,10.4087],[105.6171,10.4093],[105.6246,10.4113],[105.6289,10.4121],[105.6311,10.4126],[105.6385,10.4127],[105.6409,10.4127],[105.6445,10.413],[105.6454,10.4128],[105.6512,10.4124],[105.6552,10.4118],[105.657,10.4118],[105.6596,10.4113],[105.668,10.4101],[105.6724,10.4096],[105.6715,10.4041],[105.6721,10.4029],[105.6743,10.4013],[105.6775,10.4001],[105.6797,10.3997],[105.6838,10.399],[105.6841,10.3973],[105.6815,10.3956],[105.681,10.3947],[105.6798,10.3947],[105.6784,10.3923],[105.676,10.3928],[105.6725,10.3866],[105.6707,10.3874],[105.6693,10.3863],[105.6651,10.3826],[105.6644,10.3829],[105.6641,10.3799],[105.6634,10.3795],[105.6617,10.3775],[105.6596,10.3758],[105.6545,10.3712],[105.65,10.3675],[105.6481,10.3697],[105.6452,10.3735],[105.6435,10.3729],[105.6281,10.3668],[105.6257,10.3659],[105.6257,10.3639],[105.6241,10.3635],[105.6227,10.3658],[105.6221,10.3657],[105.6195,10.3682],[105.6191,10.3675],[105.6178,10.3669],[105.6175,10.3663],[105.6163,10.3659],[105.615,10.3693],[105.6138,10.3718],[105.6111,10.3727],[105.6064,10.3702],[105.6058,10.3676],[105.6038,10.3673],[105.6025,10.3682],[105.5885,10.3733],[105.5871,10.374],[105.5854,10.3763],[105.58,10.3831],[105.579,10.3852],[105.5719,10.3982],[105.5703,10.3958],[105.5692,10.395],[105.5669,10.3953],[105.5642,10.3952],[105.5568,10.3933],[105.5538,10.3925],[105.5499,10.3917],[105.5488,10.3945],[105.5466,10.394],[105.5461,10.3943],[105.5424,10.3939],[105.5393,10.389],[105.5376,10.3868],[105.536,10.3856],[105.5365,10.3843],[105.5384,10.3817],[105.5379,10.3816],[105.5365,10.379],[105.5339,10.3774],[105.5319,10.3769],[105.532,10.3759],[105.5311,10.3757],[105.5269,10.3723],[105.5258,10.3712],[105.5248,10.3722],[105.5275,10.3742],[105.5288,10.376],[105.5289,10.3773],[105.5287,10.3792],[105.5269,10.3835],[105.5264,10.3852],[105.5266,10.3904],[105.5263,10.3918],[105.5251,10.3961],[105.5237,10.3993],[105.5237,10.4001],[105.5249,10.4012],[105.5282,10.4003],[105.5296,10.4005],[105.5314,10.4041],[105.5316,10.4053],[105.5314,10.4076],[105.5319,10.4083],[105.5331,10.409],[105.5342,10.4089],[105.5359,10.4095],[105.5368,10.4102],[105.538,10.4119],[105.54,10.4135],[105.5421,10.4134],[105.5443,10.4128],[105.5455,10.4129],[105.5473,10.4145],[105.5486,10.4152],[105.5512,10.416],[105.5527,10.4172],[105.5527,10.418],[105.5516,10.4191],[105.5472,10.4199],[105.5464,10.4205],[105.5466,10.4213],[105.5494,10.4249],[105.5483,10.428],[105.5489,10.4297],[105.5514,10.4296],[105.5522,10.4322],[105.5549,10.4343],[105.5618,10.4311],[105.567,10.4291],[105.5715,10.4285],[105.5738,10.4286]]]},"properties":{"name":"Mỹ An Hưng","level":"ward"}},{"type":"Feature","geometry":{"type":"Polygon","coordinates":[[[105.6724,10.4096],[105.6741,10.4095],[105.6779,10.4089],[105.6822,10.4084],[105.69,10.4067],[105.6914,10.4061],[105.695,10.4048],[105.6975,10.4036],[105.7007,10.4023],[105.7048,10.4001],[105.7064,10.3991],[105.7093,10.3977],[105.7137,10.3949],[105.7164,10.3929],[105.7197,10.3903],[105.722,10.3881],[105.7227,10.3825],[105.7205,10.3821],[105.7196,10.3816],[105.7148,10.3778],[105.7127,10.3754],[105.7114,10.3736],[105.713,10.3713],[105.7093,10.3687],[105.7099,10.3681],[105.7106,10.3661],[105.7094,10.3642],[105.709,10.3621],[105.7092,10.3604],[105.7085,10.3599],[105.7059,10.3563],[105.7046,10.3543],[105.7026,10.3516],[105.7011,10.3515],[105.6996,10.3527],[105.6999,10.3511],[105.6996,10.3494],[105.6965,10.3447],[105.6952,10.3433],[105.697,10.3424],[105.6956,10.3393],[105.6963,10.3388],[105.6955,10.3373],[105.6932,10.3377],[105.6918,10.3375],[105.6907,10.3378],[105.6903,10.3342],[105.6897,10.333],[105.6879,10.3308],[105.6867,10.3309],[105.6854,10.3297],[105.6848,10.3296],[105.6825,10.3267],[105.68,10.3242],[105.6811,10.323],[105.6839,10.3213],[105.6857,10.319],[105.6879,10.318],[105.6868,10.3155],[105.6864,10.314],[105.6845,10.3149],[105.6822,10.3121],[105.6813,10.3119],[105.6761,10.3094],[105.6713,10.3066],[105.6673,10.3045],[105.6625,10.3016],[105.6619,10.301],[105.6613,10.2987],[105.6592,10.2984],[105.6594,10.3005],[105.656,10.3008],[105.6554,10.3012],[105.6559,10.303],[105.6539,10.3042],[105.6533,10.3038],[105.6515,10.3045],[105.6507,10.3026],[105.6403,10.319],[105.6387,10.3203],[105.6372,10.3207],[105.6387,10.3299],[105.64,10.3309],[105.6363,10.332],[105.6363,10.3328],[105.635,10.3348],[105.6333,10.3373],[105.6357,10.339],[105.6347,10.342],[105.6393,10.3457],[105.6403,10.3468],[105.6391,10.35],[105.6402,10.3511],[105.6418,10.3523],[105.6417,10.3532],[105.6428,10.3549],[105.6445,10.3556],[105.6484,10.3542],[105.6509,10.3558],[105.6488,10.3598],[105.654,10.3622],[105.6531,10.3639],[105.65,10.3675],[105.6545,10.3712],[105.6596,10.3758],[105.6617,10.3775],[105.6634,10.3795],[105.6641,10.3799],[105.6644,10.3829],[105.6651,10.3826],[105.6693,10.3863],[105.6707,10.3874],[105.6725,10.3866],[105.676,10.3928],[105.6784,10.3923],[105.6798,10.3947],[105.681,10.3947],[105.6815,10.3956],[105.6841,10.3973],[105.6838,10.399],[105.6797,10.3997],[105.6775,10.4001],[105.6743,10.4013],[105.6721,10.4029],[105.6715,10.4041],[105.6724,10.4096]]]},"properties":{"name":"Tân Khánh Trung","level":"ward"}},{"type":"Feature","geometry":{"type":"Polygon","coordinates":[[[105.5959,10.3151],[105.598,10.3172],[105.6016,10.3198],[105.6102,10.3174],[105.617,10.3142],[105.6227,10.3116],[105.6234,10.3098],[105.6268,10.309],[105.6302,10.3087],[105.6352,10.3081],[105.6357,10.3115],[105.6372,10.3207],[105.6387,10.3203],[105.6403,10.319],[105.6507,10.3026],[105.6515,10.3045],[105.6533,10.3038],[105.6539,10.3042],[105.6559,10.303],[105.6554,10.3012],[105.656,10.3008],[105.6594,10.3005],[105.6592,10.2984],[105.6613,10.2987],[105.6619,10.301],[105.6638,10.3003],[105.6661,10.3002],[105.6663,10.299],[105.679,10.2954],[105.6863,10.2934],[105.6872,10.2859],[105.687,10.2829],[105.6923,10.2824],[105.6959,10.2819],[105.6883,10.2727],[105.6917,10.2699],[105.695,10.2693],[105.6975,10.2668],[105.7049,10.2663],[105.7071,10.2672],[105.7084,10.2687],[105.709,10.2705],[105.7089,10.2713],[105.7105,10.2713],[105.7138,10.2696],[105.7143,10.273],[105.7173,10.2737],[105.7197,10.2706],[105.7201,10.2692],[105.7185,10.2651],[105.7158,10.2651],[105.7145,10.2646],[105.7121,10.2644],[105.7113,10.2551],[105.7111,10.2548],[105.7182,10.2485],[105.719,10.2485],[105.7209,10.2475],[105.7226,10.2461],[105.7215,10.2448],[105.7228,10.2441],[105.7238,10.2418],[105.7248,10.2347],[105.7238,10.2345],[105.7238,10.2336],[105.7174,10.2276],[105.7169,10.2273],[105.7091,10.2267],[105.7097,10.2253],[105.7056,10.2192],[105.7052,10.2183],[105.7042,10.2189],[105.6967,10.2182],[105.6953,10.2175],[105.6925,10.2169],[105.6791,10.2149],[105.6784,10.2179],[105.6778,10.2177],[105.6697,10.2112],[105.6673,10.2162],[105.6648,10.2218],[105.6599,10.2321],[105.6593,10.2327],[105.6574,10.237],[105.6534,10.2449],[105.6531,10.2475],[105.6518,10.2493],[105.6504,10.2546],[105.6499,10.2547],[105.648,10.2577],[105.648,10.2604],[105.6465,10.2616],[105.6463,10.2628],[105.6453,10.2644],[105.6444,10.2651],[105.6406,10.2658],[105.6382,10.2607],[105.6372,10.2591],[105.6369,10.2554],[105.6353,10.2496],[105.6314,10.2511],[105.6294,10.2522],[105.6309,10.2553],[105.6304,10.2558],[105.6253,10.2585],[105.6251,10.2592],[105.6192,10.2619],[105.6159,10.2632],[105.6143,10.2645],[105.612,10.2658],[105.6094,10.2654],[105.6099,10.267],[105.6082,10.2685],[105.6076,10.2718],[105.6089,10.2757],[105.6087,10.2786],[105.6119,10.2813],[105.6127,10.2816],[105.6138,10.2828],[105.613,10.2842],[105.6114,10.2854],[105.6123,10.287],[105.6114,10.2874],[105.6093,10.2898],[105.6067,10.2969],[105.6059,10.2984],[105.6034,10.2984],[105.6024,10.2991],[105.6014,10.3005],[105.6013,10.3016],[105.6003,10.3028],[105.5946,10.3071],[105.5933,10.3084],[105.5955,10.3103],[105.5955,10.312],[105.5959,10.3151]]]},"properties":{"name":"Hoà Long","level":"ward"}},{"type":"Feature","geometry":{"type":"Polygon","coordinates":[[[105.7046,10.3543],[105.7083,10.352],[105.7111,10.3498],[105.7133,10.3473],[105.7161,10.3445],[105.7173,10.3427],[105.7182,10.3402],[105.7179,10.3367],[105.7192,10.3317],[105.7201,10.3299],[105.7192,10.3291],[105.7167,10.328],[105.7167,10.3271],[105.7146,10.326],[105.714,10.3248],[105.7145,10.3227],[105.7157,10.3212],[105.717,10.3214],[105.7172,10.3188],[105.7156,10.3189],[105.7151,10.3177],[105.7154,10.3167],[105.7173,10.3152],[105.7185,10.3154],[105.7166,10.3116],[105.7172,10.3107],[105.7182,10.3107],[105.7205,10.31],[105.7198,10.3071],[105.7198,10.3048],[105.7201,10.3033],[105.7218,10.299],[105.7225,10.297],[105.7268,10.2973],[105.727,10.2944],[105.7331,10.2955],[105.7357,10.29],[105.7392,10.2847],[105.7397,10.2851],[105.7402,10.2867],[105.7412,10.2873],[105.7436,10.2891],[105.745,10.2896],[105.7471,10.2869],[105.7518,10.2901],[105.7543,10.2852],[105.7575,10.2869],[105.7594,10.2868],[105.7603,10.2873],[105.7628,10.2874],[105.7671,10.2865],[105.7696,10.2865],[105.7714,10.2835],[105.7728,10.2807],[105.7739,10.2793],[105.7753,10.2787],[105.7781,10.2786],[105.7789,10.2783],[105.7787,10.2764],[105.7767,10.2741],[105.7753,10.2708],[105.7735,10.2712],[105.7718,10.2728],[105.7697,10.2726],[105.7629,10.2734],[105.7579,10.2716],[105.7575,10.2724],[105.7546,10.2716],[105.7529,10.272],[105.7522,10.2709],[105.7512,10.2703],[105.7506,10.2709],[105.7458,10.269],[105.7442,10.2668],[105.7418,10.2662],[105.7401,10.2662],[105.7396,10.2655],[105.7379,10.2652],[105.7359,10.2655],[105.7332,10.2642],[105.7316,10.2626],[105.731,10.2614],[105.7266,10.263],[105.7221,10.2642],[105.7204,10.2643],[105.7185,10.2651],[105.7201,10.2692],[105.7197,10.2706],[105.7173,10.2737],[105.7143,10.273],[105.7138,10.2696],[105.7105,10.2713],[105.7089,10.2713],[105.709,10.2705],[105.7084,10.2687],[105.7071,10.2672],[105.7049,10.2663],[105.6975,10.2668],[105.695,10.2693],[105.6917,10.2699],[105.6883,10.2727],[105.6959,10.2819],[105.6923,10.2824],[105.687,10.2829],[105.6872,10.2859],[105.6863,10.2934],[105.679,10.2954],[105.6663,10.299],[105.6661,10.3002],[105.6638,10.3003],[105.6619,10.301],[105.6625,10.3016],[105.6673,10.3045],[105.6713,10.3066],[105.6761,10.3094],[105.6813,10.3119],[105.6822,10.3121],[105.6845,10.3149],[105.6864,10.314],[105.6868,10.3155],[105.6879,10.318],[105.6857,10.319],[105.6839,10.3213],[105.6811,10.323],[105.68,10.3242],[105.6825,10.3267],[105.6848,10.3296],[105.6854,10.3297],[105.6867,10.3309],[105.6879,10.3308],[105.6897,10.333],[105.6903,10.3342],[105.6907,10.3378],[105.6918,10.3375],[105.6932,10.3377],[105.6955,10.3373],[105.6963,10.3388],[105.6956,10.3393],[105.697,10.3424],[105.6952,10.3433],[105.6965,10.3447],[105.6996,10.3494],[105.6999,10.3511],[105.6996,10.3527],[105.7011,10.3515],[105.7026,10.3516],[105.7046,10.3543]]]},"properties":{"name":"Tân Dương","level":"ward"}},{"type":"Feature","geometry":{"type":"Polygon","coordinates":[[[105.4922,10.3296],[105.4974,10.3337],[105.5001,10.3336],[105.5033,10.333],[105.5052,10.3333],[105.5066,10.334],[105.5084,10.3322],[105.5085,10.3334],[105.513,10.333],[105.5127,10.3346],[105.5133,10.336],[105.515,10.3376],[105.5167,10.3399],[105.5254,10.3416],[105.5281,10.3418],[105.5391,10.3413],[105.5464,10.3413],[105.5613,10.3407],[105.5683,10.3405],[105.5692,10.3359],[105.5708,10.334],[105.5794,10.324],[105.5746,10.3205],[105.5739,10.3191],[105.5763,10.3192],[105.5764,10.3133],[105.5825,10.3152],[105.5833,10.3141],[105.5895,10.3147],[105.5933,10.3145],[105.5952,10.3145],[105.5959,10.3151],[105.5955,10.312],[105.5955,10.3103],[105.5933,10.3084],[105.5946,10.3071],[105.6003,10.3028],[105.6013,10.3016],[105.6014,10.3005],[105.6024,10.2991],[105.6034,10.2984],[105.6059,10.2984],[105.6067,10.2969],[105.6093,10.2898],[105.6114,10.2874],[105.6123,10.287],[105.6114,10.2854],[105.613,10.2842],[105.6138,10.2828],[105.6127,10.2816],[105.6119,10.2813],[105.6087,10.2786],[105.6089,10.2757],[105.6076,10.2718],[105.6082,10.2685],[105.6099,10.267],[105.6094,10.2654],[105.612,10.2658],[105.6143,10.2645],[105.6159,10.2632],[105.6192,10.2619],[105.6251,10.2592],[105.6253,10.2585],[105.6304,10.2558],[105.6309,10.2553],[105.6294,10.2522],[105.6286,10.2506],[105.6295,10.2485],[105.6279,10.247],[105.624,10.2448],[105.6228,10.2436],[105.622,10.2434],[105.6175,10.2397],[105.6147,10.2436],[105.6155,10.2445],[105.6134,10.2464],[105.6145,10.2486],[105.6142,10.2503],[105.6146,10.2514],[105.6141,10.2527],[105.611,10.2528],[105.6105,10.2519],[105.6102,10.2501],[105.6106,10.249],[105.6104,10.2478],[105.6088,10.2462],[105.6076,10.2458],[105.6073,10.244],[105.606,10.2438],[105.6042,10.2427],[105.5999,10.239],[105.5929,10.2465],[105.5872,10.2512],[105.586,10.2528],[105.5792,10.2592],[105.5738,10.2645],[105.5711,10.2676],[105.5645,10.2735],[105.559,10.2779],[105.5449,10.2905],[105.543,10.2917],[105.539,10.294],[105.5307,10.2991],[105.5271,10.3008],[105.5209,10.3037],[105.5162,10.3061],[105.5107,10.3103],[105.4941,10.3275],[105.4922,10.3296]]]},"properties":{"name":"Lai Vung","level":"ward"}},{"type":"Feature","geometry":{"type":"Polygon","coordinates":[[[105.6294,10.2522],[105.6314,10.2511],[105.6353,10.2496],[105.6369,10.2554],[105.6372,10.2591],[105.6382,10.2607],[105.6406,10.2658],[105.6444,10.2651],[105.6453,10.2644],[105.6463,10.2628],[105.6465,10.2616],[105.648,10.2604],[105.648,10.2577],[105.6499,10.2547],[105.6504,10.2546],[105.6518,10.2493],[105.6531,10.2475],[105.6534,10.2449],[105.6574,10.237],[105.6593,10.2327],[105.6599,10.2321],[105.6648,10.2218],[105.6673,10.2162],[105.6697,10.2112],[105.6778,10.2177],[105.6784,10.2179],[105.6791,10.2149],[105.6925,10.2169],[105.6953,10.2175],[105.6967,10.2182],[105.7042,10.2189],[105.7052,10.2183],[105.7056,10.2192],[105.7145,10.2153],[105.7155,10.2147],[105.7229,10.2089],[105.7278,10.2051],[105.7186,10.1916],[105.7159,10.1877],[105.7009,10.1659],[105.6991,10.1632],[105.6914,10.152],[105.6853,10.1434],[105.685,10.1413],[105.6866,10.1395],[105.6866,10.1389],[105.6816,10.1348],[105.6684,10.1433],[105.6603,10.1488],[105.6575,10.1515],[105.6543,10.1552],[105.6505,10.1609],[105.6493,10.1623],[105.6421,10.1698],[105.6367,10.1748],[105.6268,10.1868],[105.626,10.1882],[105.6214,10.1998],[105.619,10.2069],[105.6168,10.213],[105.6155,10.216],[105.6126,10.2213],[105.6084,10.2277],[105.6011,10.2376],[105.5999,10.239],[105.6042,10.2427],[105.606,10.2438],[105.6073,10.244],[105.6076,10.2458],[105.6088,10.2462],[105.6104,10.2478],[105.6106,10.249],[105.6102,10.2501],[105.6105,10.2519],[105.611,10.2528],[105.6141,10.2527],[105.6146,10.2514],[105.6142,10.2503],[105.6145,10.2486],[105.6134,10.2464],[105.6155,10.2445],[105.6147,10.2436],[105.6175,10.2397],[105.622,10.2434],[105.6228,10.2436],[105.624,10.2448],[105.6279,10.247],[105.6295,10.2485],[105.6286,10.2506],[105.6294,10.2522]]]},"properties":{"name":"Phong Hoà","level":"ward"}},{"type":"Feature","geometry":{"type":"Polygon","coordinates":[[[105.8365,10.2987],[105.8532,10.2978],[105.8565,10.2975],[105.8605,10.2968],[105.8707,10.2933],[105.8768,10.2908],[105.8782,10.2898],[105.8813,10.287],[105.8833,10.2856],[105.8855,10.2836],[105.8919,10.2781],[105.8934,10.2764],[105.8942,10.2758],[105.887,10.269],[105.883,10.266],[105.881,10.2652],[105.8776,10.2644],[105.8776,10.2631],[105.8786,10.2618],[105.881,10.2599],[105.8821,10.2575],[105.8827,10.2567],[105.8836,10.2578],[105.8846,10.2574],[105.8842,10.2556],[105.8844,10.2546],[105.8867,10.2518],[105.8871,10.2493],[105.889,10.2463],[105.8904,10.2448],[105.8916,10.2441],[105.892,10.2445],[105.8942,10.2443],[105.899,10.2454],[105.9019,10.2449],[105.9016,10.2398],[105.9012,10.2345],[105.9018,10.234],[105.9056,10.2313],[105.9122,10.2266],[105.9155,10.219],[105.9158,10.2179],[105.9178,10.2141],[105.9188,10.2129],[105.9195,10.211],[105.9138,10.194],[105.9132,10.1924],[105.8994,10.1917],[105.8951,10.1856],[105.8937,10.1867],[105.8914,10.1871],[105.8891,10.1888],[105.8884,10.1878],[105.8861,10.1869],[105.8834,10.1888],[105.8829,10.1898],[105.8819,10.1991],[105.8833,10.1993],[105.8824,10.2095],[105.8777,10.2097],[105.8773,10.2194],[105.876,10.2194],[105.8764,10.2217],[105.8772,10.2248],[105.8762,10.2251],[105.8752,10.2248],[105.8739,10.2251],[105.8724,10.2249],[105.8719,10.2254],[105.8726,10.2269],[105.8721,10.2276],[105.8725,10.2295],[105.8692,10.2296],[105.8653,10.2278],[105.8658,10.2272],[105.8611,10.2195],[105.8597,10.2174],[105.8589,10.218],[105.8585,10.2196],[105.8566,10.2189],[105.8542,10.2184],[105.8536,10.2202],[105.8521,10.2213],[105.8507,10.2213],[105.8488,10.2236],[105.8482,10.2253],[105.8492,10.2281],[105.8475,10.2295],[105.8456,10.2341],[105.8431,10.2336],[105.8417,10.2384],[105.8409,10.2407],[105.8388,10.2405],[105.836,10.2392],[105.8344,10.2427],[105.8329,10.2444],[105.8324,10.2455],[105.831,10.2455],[105.8309,10.2474],[105.8298,10.2476],[105.8304,10.2505],[105.8322,10.25],[105.8327,10.2504],[105.8334,10.2545],[105.8327,10.2566],[105.8338,10.2587],[105.8356,10.2592],[105.8353,10.2601],[105.8356,10.2611],[105.8348,10.2617],[105.8353,10.2625],[105.8364,10.2619],[105.8373,10.2624],[105.8363,10.2642],[105.8366,10.2647],[105.8379,10.2647],[105.8394,10.2696],[105.8404,10.2716],[105.8408,10.2738],[105.844,10.2743],[105.8453,10.274],[105.8458,10.2753],[105.8468,10.2754],[105.8481,10.2775],[105.8493,10.2798],[105.8457,10.2811],[105.8434,10.2813],[105.8383,10.2811],[105.8355,10.2807],[105.8295,10.2788],[105.827,10.2777],[105.8233,10.2768],[105.818,10.2761],[105.8144,10.2754],[105.8057,10.274],[105.8016,10.2739],[105.7956,10.2747],[105.7921,10.2754],[105.787,10.2771],[105.7826,10.2797],[105.7811,10.2811],[105.7783,10.2834],[105.7766,10.2855],[105.78,10.2878],[105.783,10.2905],[105.7853,10.2892],[105.7887,10.288],[105.7941,10.2871],[105.7969,10.2868],[105.7996,10.2868],[105.8037,10.2881],[105.8044,10.2885],[105.8056,10.2901],[105.8063,10.2905],[105.8093,10.2912],[105.8124,10.2929],[105.8141,10.2943],[105.8165,10.2957],[105.8196,10.2976],[105.8207,10.298],[105.8282,10.2987],[105.8326,10.299],[105.8365,10.2987]]]},"properties":{"name":"Phú Hựu","level":"ward"}},{"type":"Feature","geometry":{"type":"Polygon","coordinates":[[[105.8144,10.2754],[105.818,10.2761],[105.8233,10.2768],[105.827,10.2777],[105.8295,10.2788],[105.8355,10.2807],[105.8383,10.2811],[105.8434,10.2813],[105.8457,10.2811],[105.8493,10.2798],[105.8481,10.2775],[105.8468,10.2754],[105.8458,10.2753],[105.8453,10.274],[105.844,10.2743],[105.8408,10.2738],[105.8404,10.2716],[105.8394,10.2696],[105.8379,10.2647],[105.8366,10.2647],[105.8363,10.2642],[105.8373,10.2624],[105.8364,10.2619],[105.8353,10.2625],[105.8348,10.2617],[105.8356,10.2611],[105.8353,10.2601],[105.8356,10.2592],[105.8338,10.2587],[105.8327,10.2566],[105.8334,10.2545],[105.8327,10.2504],[105.8322,10.25],[105.8304,10.2505],[105.8298,10.2476],[105.8309,10.2474],[105.831,10.2455],[105.8324,10.2455],[105.8329,10.2444],[105.8344,10.2427],[105.836,10.2392],[105.8388,10.2405],[105.8409,10.2407],[105.8417,10.2384],[105.8431,10.2336],[105.8456,10.2341],[105.8475,10.2295],[105.8492,10.2281],[105.8482,10.2253],[105.8488,10.2236],[105.8507,10.2213],[105.8521,10.2213],[105.8536,10.2202],[105.8542,10.2184],[105.8566,10.2189],[105.8585,10.2196],[105.8589,10.218],[105.8597,10.2174],[105.8611,10.2195],[105.8658,10.2272],[105.8653,10.2278],[105.8692,10.2296],[105.8725,10.2295],[105.8721,10.2276],[105.8726,10.2269],[105.8719,10.2254],[105.8724,10.2249],[105.8739,10.2251],[105.8752,10.2248],[105.8762,10.2251],[105.8772,10.2248],[105.8764,10.2217],[105.876,10.2194],[105.8773,10.2194],[105.8777,10.2097],[105.8824,10.2095],[105.8833,10.1993],[105.8819,10.1991],[105.8829,10.1898],[105.8834,10.1888],[105.8819,10.1887],[105.8761,10.1891],[105.8759,10.185],[105.8773,10.1823],[105.8763,10.1818],[105.874,10.1767],[105.8719,10.1726],[105.8702,10.1687],[105.8743,10.1663],[105.873,10.1621],[105.8706,10.1544],[105.8675,10.1558],[105.8667,10.1538],[105.8649,10.1545],[105.8638,10.1545],[105.8536,10.1592],[105.8516,10.1602],[105.8505,10.1562],[105.8491,10.15],[105.8296,10.1494],[105.8285,10.1487],[105.8278,10.1492],[105.8251,10.1489],[105.8183,10.1496],[105.8155,10.1528],[105.8061,10.1544],[105.803,10.1554],[105.8012,10.1555],[105.781,10.1811],[105.7858,10.1853],[105.783,10.1882],[105.7835,10.1889],[105.7849,10.1894],[105.7852,10.1901],[105.7839,10.1913],[105.7863,10.1934],[105.7873,10.1945],[105.7911,10.1975],[105.796,10.2004],[105.7986,10.2033],[105.7996,10.2041],[105.8014,10.2049],[105.8025,10.2066],[105.8053,10.2094],[105.8064,10.2089],[105.8075,10.2098],[105.8082,10.2112],[105.8091,10.2118],[105.8071,10.2131],[105.8075,10.2149],[105.808,10.216],[105.8096,10.2162],[105.8095,10.2217],[105.8101,10.2232],[105.8118,10.225],[105.8138,10.2266],[105.8148,10.2269],[105.8154,10.2288],[105.8149,10.2327],[105.8151,10.2351],[105.8131,10.2354],[105.8119,10.233],[105.8102,10.2342],[105.8085,10.2366],[105.8062,10.2391],[105.8067,10.2403],[105.8052,10.2409],[105.8045,10.2425],[105.8036,10.2437],[105.8043,10.2445],[105.8039,10.2475],[105.8028,10.2482],[105.8013,10.2485],[105.7997,10.2498],[105.7975,10.2484],[105.7942,10.2505],[105.7932,10.2547],[105.795,10.2559],[105.7967,10.2565],[105.7961,10.2576],[105.796,10.2609],[105.7977,10.2619],[105.7988,10.2602],[105.8043,10.2627],[105.8057,10.2615],[105.8062,10.2616],[105.8072,10.2636],[105.8092,10.2643],[105.8106,10.265],[105.8109,10.2658],[105.8123,10.2665],[105.8126,10.2676],[105.8135,10.2683],[105.8123,10.2705],[105.8146,10.2716],[105.8155,10.2717],[105.8148,10.2734],[105.8144,10.2754]]]},"properties":{"name":"Tân Nhuận Đông","level":"ward"}},{"type":"Feature","geometry":{"type":"Polygon","coordinates":[[[105.7789,10.2783],[105.7803,10.2804],[105.7811,10.2811],[105.7826,10.2797],[105.787,10.2771],[105.7921,10.2754],[105.7956,10.2747],[105.8016,10.2739],[105.8057,10.274],[105.8144,10.2754],[105.8148,10.2734],[105.8155,10.2717],[105.8146,10.2716],[105.8123,10.2705],[105.8135,10.2683],[105.8126,10.2676],[105.8123,10.2665],[105.8109,10.2658],[105.8106,10.265],[105.8092,10.2643],[105.8072,10.2636],[105.8062,10.2616],[105.8057,10.2615],[105.8043,10.2627],[105.7988,10.2602],[105.7977,10.2619],[105.796,10.2609],[105.7961,10.2576],[105.7967,10.2565],[105.795,10.2559],[105.7932,10.2547],[105.7942,10.2505],[105.7975,10.2484],[105.7997,10.2498],[105.8013,10.2485],[105.8028,10.2482],[105.8039,10.2475],[105.8043,10.2445],[105.8036,10.2437],[105.8045,10.2425],[105.8052,10.2409],[105.8067,10.2403],[105.8062,10.2391],[105.8085,10.2366],[105.8102,10.2342],[105.8119,10.233],[105.8131,10.2354],[105.8151,10.2351],[105.8149,10.2327],[105.8154,10.2288],[105.8148,10.2269],[105.8138,10.2266],[105.8118,10.225],[105.8101,10.2232],[105.8095,10.2217],[105.8096,10.2162],[105.808,10.216],[105.8075,10.2149],[105.8071,10.2131],[105.8091,10.2118],[105.8082,10.2112],[105.8075,10.2098],[105.8064,10.2089],[105.8053,10.2094],[105.8025,10.2066],[105.8014,10.2049],[105.7996,10.2041],[105.7986,10.2033],[105.796,10.2004],[105.7911,10.1975],[105.7873,10.1945],[105.7863,10.1934],[105.7839,10.1913],[105.7852,10.1901],[105.7849,10.1894],[105.7835,10.1889],[105.783,10.1882],[105.7858,10.1853],[105.781,10.1811],[105.7749,10.1889],[105.7717,10.1853],[105.7656,10.1789],[105.7606,10.1821],[105.7592,10.1826],[105.7554,10.1872],[105.7557,10.1874],[105.7478,10.1974],[105.7419,10.1998],[105.7292,10.2045],[105.7278,10.2051],[105.7229,10.2089],[105.7155,10.2147],[105.7145,10.2153],[105.7056,10.2192],[105.7097,10.2253],[105.7091,10.2267],[105.7169,10.2273],[105.7174,10.2276],[105.7238,10.2336],[105.7238,10.2345],[105.7248,10.2347],[105.7238,10.2418],[105.7228,10.2441],[105.7215,10.2448],[105.7226,10.2461],[105.7209,10.2475],[105.719,10.2485],[105.7182,10.2485],[105.7111,10.2548],[105.7113,10.2551],[105.7121,10.2644],[105.7145,10.2646],[105.7158,10.2651],[105.7185,10.2651],[105.7204,10.2643],[105.7221,10.2642],[105.7266,10.263],[105.731,10.2614],[105.7316,10.2626],[105.7332,10.2642],[105.7359,10.2655],[105.7379,10.2652],[105.7396,10.2655],[105.7401,10.2662],[105.7418,10.2662],[105.7442,10.2668],[105.7458,10.269],[105.7506,10.2709],[105.7512,10.2703],[105.7522,10.2709],[105.7529,10.272],[105.7546,10.2716],[105.7575,10.2724],[105.7579,10.2716],[105.7629,10.2734],[105.7697,10.2726],[105.7718,10.2728],[105.7735,10.2712],[105.7753,10.2708],[105.7767,10.2741],[105.7787,10.2764],[105.7789,10.2783]]]},"properties":{"name":"Tân Phú Trung","level":"ward"}}]}