{"type":"FeatureCollection","features":[{"type":"Feature","geometry":{"type":"Polygon","coordinates":[[[106.4329,10.2455],[106.4314,10.2404],[106.4307,10.2374],[106.4294,10.2352],[106.4265,10.2333],[106.4188,10.23],[106.4139,10.2273],[106.4141,10.2255],[106.415,10.2235],[106.416,10.2225],[106.4177,10.2217],[106.4174,10.2202],[106.416,10.2195],[106.4142,10.2198],[106.4132,10.2194],[106.4099,10.2111],[106.4097,10.2097],[106.4102,10.2079],[106.4119,10.2065],[106.4128,10.2051],[106.4124,10.2041],[106.4085,10.1996],[106.4059,10.1993],[106.4032,10.2003],[106.4007,10.2002],[106.3979,10.1974],[106.3956,10.1963],[106.3953,10.195],[106.3966,10.1915],[106.3952,10.191],[106.3944,10.1914],[106.393,10.1935],[106.3916,10.1945],[106.3897,10.1931],[106.3853,10.1971],[106.3862,10.199],[106.3878,10.2006],[106.3909,10.2016],[106.3939,10.2054],[106.3912,10.2073],[106.3882,10.2107],[106.3903,10.2135],[106.3881,10.215],[106.3868,10.2153],[106.3842,10.2169],[106.3846,10.2179],[106.3822,10.2182],[106.3803,10.2208],[106.3818,10.222],[106.3866,10.2241],[106.3877,10.2232],[106.3893,10.2241],[106.3919,10.223],[106.3931,10.2247],[106.3961,10.2248],[106.398,10.2256],[106.4,10.2251],[106.4014,10.2243],[106.402,10.2251],[106.3997,10.2277],[106.4024,10.2342],[106.3984,10.2346],[106.3877,10.2345],[106.3809,10.2341],[106.3822,10.2366],[106.3823,10.2395],[106.3828,10.2401],[106.3808,10.2436],[106.3797,10.2442],[106.3703,10.2429],[106.3702,10.2442],[106.3691,10.2462],[106.3683,10.2465],[106.3674,10.248],[106.3627,10.2492],[106.373,10.2538],[106.3835,10.2584],[106.3852,10.2641],[106.3924,10.2619],[106.4,10.2594],[106.4069,10.2571],[106.4101,10.2553],[106.4142,10.2536],[106.4201,10.249],[106.4228,10.2487],[106.4247,10.2478],[106.4265,10.248],[106.4308,10.2461],[106.4329,10.2455]]]},"properties":{"name":"Phú Khương","level":"ward"}},{"type":"Feature","geometry":{"type":"Polygon","coordinates":[[[106.3703,10.2429],[106.3797,10.2442],[106.3808,10.2436],[106.3828,10.2401],[106.3823,10.2395],[106.3822,10.2366],[106.3809,10.2341],[106.3877,10.2345],[106.3984,10.2346],[106.4024,10.2342],[106.3997,10.2277],[106.402,10.2251],[106.4014,10.2243],[106.4,10.2251],[106.398,10.2256],[106.3961,10.2248],[106.3931,10.2247],[106.3919,10.223],[106.3893,10.2241],[106.3877,10.2232],[106.3866,10.2241],[106.3818,10.222],[106.3803,10.2208],[106.3822,10.2182],[106.3846,10.2179],[106.3842,10.2169],[106.3868,10.2153],[106.3881,10.215],[106.3903,10.2135],[106.3882,10.2107],[106.3912,10.2073],[106.3939,10.2054],[106.3909,10.2016],[106.3878,10.2006],[106.3862,10.199],[106.3853,10.1971],[106.3897,10.1931],[106.3916,10.1945],[106.393,10.1935],[106.3944,10.1914],[106.3952,10.191],[106.3947,10.1907],[106.3966,10.1874],[106.3994,10.1863],[106.4015,10.1848],[106.4014,10.1843],[106.4043,10.1796],[106.4054,10.1803],[106.4063,10.1782],[106.4072,10.1787],[106.4079,10.1768],[106.4035,10.1736],[106.4021,10.1722],[106.398,10.1654],[106.3875,10.16],[106.3837,10.1576],[106.3821,10.16],[106.3811,10.1627],[106.379,10.1667],[106.3764,10.1709],[106.3762,10.1716],[106.3745,10.1727],[106.3712,10.1742],[106.3691,10.1743],[106.363,10.1731],[106.3617,10.1759],[106.3609,10.178],[106.3604,10.1793],[106.3588,10.1846],[106.3583,10.1873],[106.3569,10.1973],[106.3564,10.2007],[106.3551,10.2046],[106.3514,10.2102],[106.3479,10.216],[106.3503,10.218],[106.3549,10.2227],[106.3588,10.2262],[106.3636,10.23],[106.3663,10.2316],[106.3656,10.2332],[106.3654,10.2348],[106.366,10.2352],[106.366,10.2381],[106.365,10.2383],[106.3658,10.2399],[106.3674,10.2394],[106.3714,10.2409],[106.3703,10.2429]]]},"properties":{"name":"An Hội","level":"ward"}},{"type":"Feature","geometry":{"type":"Polygon","coordinates":[[[106.3627,10.2492],[106.3674,10.248],[106.3683,10.2465],[106.3691,10.2462],[106.3702,10.2442],[106.3703,10.2429],[106.3714,10.2409],[106.3674,10.2394],[106.3658,10.2399],[106.365,10.2383],[106.3632,10.2387],[106.3598,10.24],[106.3601,10.2426],[106.3592,10.2425],[106.354,10.2448],[106.3542,10.2485],[106.3527,10.2494],[106.3524,10.2583],[106.3477,10.2583],[106.3459,10.2534],[106.3444,10.2538],[106.3435,10.2533],[106.3366,10.2479],[106.3344,10.2516],[106.3334,10.2538],[106.3336,10.2567],[106.3303,10.2578],[106.3292,10.2589],[106.3297,10.2604],[106.3279,10.2603],[106.3259,10.2545],[106.3251,10.2551],[106.3234,10.2565],[106.3205,10.2579],[106.3195,10.2596],[106.3212,10.2621],[106.3247,10.2699],[106.3208,10.2709],[106.3219,10.2786],[106.3189,10.2792],[106.3194,10.2811],[106.3212,10.2913],[106.3192,10.2939],[106.3203,10.2963],[106.3193,10.2967],[106.3197,10.3017],[106.3185,10.3051],[106.3246,10.3061],[106.3288,10.3057],[106.3309,10.3048],[106.3341,10.3021],[106.3364,10.3005],[106.3384,10.2996],[106.342,10.2992],[106.3469,10.2977],[106.3529,10.2956],[106.358,10.2933],[106.3616,10.2923],[106.3632,10.2923],[106.3638,10.2884],[106.3647,10.2864],[106.3667,10.2841],[106.3657,10.2825],[106.3644,10.2819],[106.3611,10.2824],[106.3607,10.282],[106.3582,10.2829],[106.3551,10.2836],[106.3545,10.2821],[106.3535,10.2777],[106.3541,10.2766],[106.3554,10.2762],[106.3568,10.2686],[106.3603,10.2672],[106.3631,10.2663],[106.3619,10.2608],[106.3607,10.2611],[106.3614,10.2588],[106.3604,10.2571],[106.3614,10.2558],[106.3616,10.2546],[106.3602,10.2492],[106.3627,10.2492]]]},"properties":{"name":"Sơn Đông","level":"ward"}},{"type":"Feature","geometry":{"type":"Polygon","coordinates":[[[106.365,10.2383],[106.366,10.2381],[106.366,10.2352],[106.3654,10.2348],[106.3656,10.2332],[106.3663,10.2316],[106.3636,10.23],[106.3588,10.2262],[106.3549,10.2227],[106.3503,10.218],[106.3479,10.216],[106.3514,10.2102],[106.3551,10.2046],[106.3564,10.2007],[106.3569,10.1973],[106.3549,10.1963],[106.3519,10.1966],[106.3465,10.1985],[106.3442,10.1997],[106.3422,10.2019],[106.3398,10.2049],[106.3358,10.2108],[106.3311,10.2156],[106.3222,10.2235],[106.3193,10.2264],[106.3154,10.2307],[106.312,10.2342],[106.3101,10.2357],[106.3076,10.237],[106.304,10.2383],[106.2986,10.2389],[106.2959,10.2396],[106.2892,10.2421],[106.2851,10.2433],[106.2791,10.2446],[106.2733,10.2466],[106.2689,10.2497],[106.2679,10.2506],[106.2667,10.2527],[106.2635,10.2567],[106.2721,10.2608],[106.2751,10.2615],[106.2789,10.262],[106.2832,10.2622],[106.2863,10.2621],[106.2913,10.2613],[106.2931,10.2605],[106.2973,10.2593],[106.3032,10.257],[106.3057,10.2559],[106.3174,10.2495],[106.3251,10.2551],[106.3259,10.2545],[106.3279,10.2603],[106.3297,10.2604],[106.3292,10.2589],[106.3303,10.2578],[106.3336,10.2567],[106.3334,10.2538],[106.3344,10.2516],[106.3366,10.2479],[106.3435,10.2533],[106.3444,10.2538],[106.3459,10.2534],[106.3477,10.2583],[106.3524,10.2583],[106.3527,10.2494],[106.3542,10.2485],[106.354,10.2448],[106.3592,10.2425],[106.3601,10.2426],[106.3598,10.24],[106.3632,10.2387],[106.365,10.2383]]]},"properties":{"name":"Bến Tre","level":"ward"}},{"type":"Feature","geometry":{"type":"Polygon","coordinates":[[[106.3632,10.2923],[106.3616,10.2923],[106.358,10.2933],[106.3585,10.2961],[106.3594,10.2988],[106.3609,10.2982],[106.3621,10.3023],[106.3628,10.307],[106.365,10.307],[106.3653,10.3091],[106.3706,10.3083],[106.3734,10.3169],[106.3764,10.3207],[106.3781,10.3193],[106.3797,10.321],[106.3814,10.3189],[106.3835,10.3248],[106.3837,10.3269],[106.3853,10.3295],[106.3856,10.3315],[106.3873,10.339],[106.391,10.3381],[106.3986,10.3357],[106.4079,10.331],[106.4125,10.3281],[106.4163,10.326],[106.4263,10.3188],[106.4313,10.3158],[106.4341,10.3139],[106.4396,10.3114],[106.4424,10.3104],[106.4448,10.3092],[106.4483,10.3065],[106.4511,10.3035],[106.4526,10.3013],[106.4492,10.2964],[106.4474,10.2924],[106.4465,10.2887],[106.4447,10.2824],[106.4415,10.2723],[106.4405,10.2671],[106.4399,10.2655],[106.4373,10.2658],[106.4343,10.269],[106.432,10.2718],[106.4287,10.2751],[106.4249,10.2768],[106.4214,10.2774],[106.4137,10.2782],[106.4036,10.2801],[106.4,10.281],[106.396,10.2827],[106.393,10.2846],[106.3894,10.2874],[106.3864,10.2887],[106.3803,10.2903],[106.3729,10.2915],[106.3632,10.2923]]]},"properties":{"name":"Giao Long","level":"ward"}},{"type":"Feature","geometry":{"type":"Polygon","coordinates":[[[106.358,10.2933],[106.3529,10.2956],[106.3469,10.2977],[106.342,10.2992],[106.3384,10.2996],[106.3364,10.3005],[106.3341,10.3021],[106.3309,10.3048],[106.3288,10.3057],[106.3246,10.3061],[106.3185,10.3051],[106.3197,10.3017],[106.3193,10.2967],[106.3203,10.2963],[106.3192,10.2939],[106.3212,10.2913],[106.3194,10.2811],[106.3189,10.2792],[106.3219,10.2786],[106.3208,10.2709],[106.3247,10.2699],[106.3212,10.2621],[106.3195,10.2596],[106.3205,10.2579],[106.3234,10.2565],[106.3251,10.2551],[106.3174,10.2495],[106.3057,10.2559],[106.3032,10.257],[106.2973,10.2593],[106.2931,10.2605],[106.2913,10.2613],[106.2863,10.2621],[106.2832,10.2622],[106.2789,10.262],[106.2776,10.2668],[106.2784,10.2672],[106.2782,10.2692],[106.2784,10.2709],[106.2797,10.2708],[106.2811,10.2726],[106.281,10.2742],[106.2813,10.2811],[106.2769,10.2812],[106.2765,10.2868],[106.2826,10.2875],[106.2857,10.2869],[106.2857,10.2892],[106.2845,10.2905],[106.2845,10.2964],[106.2848,10.2985],[106.283,10.2999],[106.2833,10.3017],[106.2849,10.3017],[106.2879,10.3034],[106.276,10.3047],[106.2722,10.3048],[106.2555,10.2996],[106.2515,10.299],[106.2468,10.2976],[106.2433,10.297],[106.2433,10.3004],[106.2445,10.3026],[106.2445,10.305],[106.2432,10.3065],[106.2425,10.3094],[106.2451,10.3098],[106.2484,10.3117],[106.2485,10.3134],[106.2503,10.3148],[106.2487,10.3203],[106.2559,10.322],[106.2725,10.325],[106.275,10.3268],[106.2772,10.3276],[106.2795,10.3272],[106.2818,10.3275],[106.2853,10.3273],[106.2893,10.3262],[106.2912,10.3255],[106.2968,10.3209],[106.2991,10.3196],[106.3013,10.319],[106.3056,10.3192],[106.3112,10.3211],[106.3178,10.3239],[106.3225,10.3254],[106.3272,10.3262],[106.3371,10.3286],[106.3414,10.3298],[106.3434,10.3321],[106.3473,10.3337],[106.3528,10.3355],[106.3647,10.339],[106.3695,10.3398],[106.3726,10.3401],[106.3768,10.3398],[106.3827,10.3396],[106.3873,10.339],[106.3856,10.3315],[106.3853,10.3295],[106.3837,10.3269],[106.3835,10.3248],[106.3814,10.3189],[106.3797,10.321],[106.3781,10.3193],[106.3764,10.3207],[106.3734,10.3169],[106.3706,10.3083],[106.3653,10.3091],[106.365,10.307],[106.3628,10.307],[106.3621,10.3023],[106.3609,10.2982],[106.3594,10.2988],[106.3585,10.2961],[106.358,10.2933]]]},"properties":{"name":"Phú Túc","level":"ward"}},{"type":"Feature","geometry":{"type":"Polygon","coordinates":[[[106.2487,10.3203],[106.2503,10.3148],[106.2485,10.3134],[106.2484,10.3117],[106.2451,10.3098],[106.2425,10.3094],[106.2432,10.3065],[106.2445,10.305],[106.2445,10.3026],[106.2433,10.3004],[106.2433,10.297],[106.2397,10.2965],[106.2323,10.295],[106.2253,10.2937],[106.2232,10.2931],[106.2233,10.2901],[106.2213,10.2895],[106.2205,10.287],[106.2223,10.2861],[106.2216,10.2843],[106.2202,10.2846],[106.219,10.2835],[106.2189,10.2815],[106.2204,10.2792],[106.2232,10.2783],[106.223,10.2744],[106.2211,10.2745],[106.2212,10.2716],[106.22,10.2709],[106.2202,10.2673],[106.2199,10.265],[106.2213,10.2651],[106.2267,10.2663],[106.2289,10.2662],[106.2313,10.265],[106.234,10.2632],[106.2294,10.2612],[106.228,10.2609],[106.2234,10.2588],[106.2218,10.2591],[106.2187,10.2591],[106.2173,10.2601],[106.2166,10.2575],[106.2179,10.2562],[106.2177,10.2533],[106.219,10.2521],[106.2197,10.2507],[106.2187,10.2483],[106.2225,10.2464],[106.2256,10.2456],[106.226,10.2457],[106.2268,10.2452],[106.2281,10.2425],[106.2265,10.2416],[106.2226,10.2394],[106.2207,10.2389],[106.2184,10.2388],[106.2145,10.2394],[106.2109,10.2401],[106.2053,10.2417],[106.2024,10.2429],[106.1931,10.249],[106.191,10.2507],[106.1872,10.2526],[106.1847,10.2535],[106.1763,10.2559],[106.1709,10.2586],[106.1679,10.2604],[106.161,10.2655],[106.1558,10.2698],[106.1508,10.2745],[106.1455,10.2785],[106.1413,10.2832],[106.1437,10.2841],[106.1458,10.2857],[106.1498,10.2872],[106.1606,10.2914],[106.1672,10.2938],[106.1714,10.2956],[106.1762,10.2981],[106.1851,10.3033],[106.1914,10.3065],[106.2018,10.3125],[106.2052,10.314],[106.2102,10.3153],[106.2136,10.3166],[106.2232,10.3181],[106.2365,10.3195],[106.2405,10.3192],[106.2487,10.3203]]]},"properties":{"name":"Tân Phú","level":"ward"}},{"type":"Feature","geometry":{"type":"Polygon","coordinates":[[[106.4329,10.2455],[106.4308,10.2461],[106.4265,10.248],[106.4247,10.2478],[106.4228,10.2487],[106.4201,10.249],[106.4142,10.2536],[106.4101,10.2553],[106.4069,10.2571],[106.4,10.2594],[106.3924,10.2619],[106.3852,10.2641],[106.3835,10.2584],[106.373,10.2538],[106.3627,10.2492],[106.3602,10.2492],[106.3616,10.2546],[106.3614,10.2558],[106.3604,10.2571],[106.3614,10.2588],[106.3607,10.2611],[106.3619,10.2608],[106.3631,10.2663],[106.3603,10.2672],[106.3568,10.2686],[106.3554,10.2762],[106.3541,10.2766],[106.3535,10.2777],[106.3545,10.2821],[106.3551,10.2836],[106.3582,10.2829],[106.3607,10.282],[106.3611,10.2824],[106.3644,10.2819],[106.3657,10.2825],[106.3667,10.2841],[106.3647,10.2864],[106.3638,10.2884],[106.3632,10.2923],[106.3729,10.2915],[106.3803,10.2903],[106.3864,10.2887],[106.3894,10.2874],[106.393,10.2846],[106.396,10.2827],[106.4,10.281],[106.4036,10.2801],[106.4137,10.2782],[106.4214,10.2774],[106.4249,10.2768],[106.4287,10.2751],[106.432,10.2718],[106.4343,10.269],[106.4373,10.2658],[106.4399,10.2655],[106.4387,10.2637],[106.438,10.2622],[106.4365,10.2568],[106.4329,10.2455]]]},"properties":{"name":"Phú Tân","level":"ward"}},{"type":"Feature","geometry":{"type":"Polygon","coordinates":[[[106.2789,10.262],[106.2751,10.2615],[106.2721,10.2608],[106.2635,10.2567],[106.2613,10.256],[106.2538,10.253],[106.249,10.2506],[106.2456,10.249],[106.231,10.2438],[106.2301,10.2434],[106.2289,10.2429],[106.2281,10.2425],[106.2268,10.2452],[106.226,10.2457],[106.2256,10.2456],[106.2225,10.2464],[106.2187,10.2483],[106.2197,10.2507],[106.219,10.2521],[106.2177,10.2533],[106.2179,10.2562],[106.2166,10.2575],[106.2173,10.2601],[106.2187,10.2591],[106.2218,10.2591],[106.2234,10.2588],[106.228,10.2609],[106.2294,10.2612],[106.234,10.2632],[106.2313,10.265],[106.2289,10.2662],[106.2267,10.2663],[106.2213,10.2651],[106.2199,10.265],[106.2202,10.2673],[106.22,10.2709],[106.2212,10.2716],[106.2211,10.2745],[106.223,10.2744],[106.2232,10.2783],[106.2204,10.2792],[106.2189,10.2815],[106.219,10.2835],[106.2202,10.2846],[106.2216,10.2843],[106.2223,10.2861],[106.2205,10.287],[106.2213,10.2895],[106.2233,10.2901],[106.2232,10.2931],[106.2253,10.2937],[106.2323,10.295],[106.2397,10.2965],[106.2433,10.297],[106.2468,10.2976],[106.2515,10.299],[106.2555,10.2996],[106.2722,10.3048],[106.276,10.3047],[106.2879,10.3034],[106.2849,10.3017],[106.2833,10.3017],[106.283,10.2999],[106.2848,10.2985],[106.2845,10.2964],[106.2845,10.2905],[106.2857,10.2892],[106.2857,10.2869],[106.2826,10.2875],[106.2765,10.2868],[106.2769,10.2812],[106.2813,10.2811],[106.281,10.2742],[106.2811,10.2726],[106.2797,10.2708],[106.2784,10.2709],[106.2782,10.2692],[106.2784,10.2672],[106.2776,10.2668],[106.2789,10.262]]]},"properties":{"name":"Tiên Thuỷ","level":"ward"}},{"type":"Feature","geometry":{"type":"Polygon","coordinates":[[[106.1413,10.2832],[106.1455,10.2785],[106.1508,10.2745],[106.1558,10.2698],[106.161,10.2655],[106.1679,10.2604],[106.1709,10.2586],[106.1763,10.2559],[106.1847,10.2535],[106.1872,10.2526],[106.191,10.2507],[106.1931,10.249],[106.2024,10.2429],[106.2053,10.2417],[106.2109,10.2401],[106.2099,10.2375],[106.2101,10.2355],[106.2081,10.2337],[106.2102,10.2322],[106.2119,10.2305],[106.2119,10.2265],[106.2127,10.2261],[106.2155,10.2261],[106.212,10.2232],[106.2094,10.2168],[106.2119,10.2143],[106.2102,10.213],[106.2104,10.2113],[106.2089,10.2094],[106.2105,10.2033],[106.2105,10.2015],[106.2087,10.2023],[106.2077,10.2046],[106.2066,10.2093],[106.2059,10.2099],[106.2038,10.2098],[106.1981,10.2127],[106.1964,10.2132],[106.1966,10.2144],[106.1956,10.215],[106.1942,10.2135],[106.1924,10.2144],[106.1904,10.2122],[106.1894,10.2121],[106.1862,10.2133],[106.1854,10.2128],[106.1817,10.2118],[106.1811,10.2131],[106.1782,10.2142],[106.176,10.2162],[106.1768,10.217],[106.1778,10.2205],[106.1778,10.2231],[106.1793,10.2241],[106.1738,10.2263],[106.1722,10.2262],[106.1686,10.2255],[106.1655,10.2236],[106.1648,10.2217],[106.1623,10.2213],[106.1621,10.2205],[106.1634,10.2166],[106.1573,10.2127],[106.1489,10.2135],[106.1411,10.215],[106.1388,10.2177],[106.1328,10.2246],[106.1304,10.2268],[106.1283,10.2281],[106.1324,10.2366],[106.1339,10.2387],[106.131,10.2409],[106.1268,10.2438],[106.1247,10.2449],[106.1237,10.2461],[106.1209,10.2528],[106.1194,10.2557],[106.1184,10.2586],[106.118,10.2629],[106.1183,10.2638],[106.1208,10.2682],[106.1248,10.2761],[106.1264,10.2788],[106.1287,10.284],[106.1312,10.2834],[106.14,10.2825],[106.1413,10.2832]]]},"properties":{"name":"Chợ Lách","level":"ward"}},{"type":"Feature","geometry":{"type":"Polygon","coordinates":[[[106.1287,10.284],[106.1264,10.2788],[106.1248,10.2761],[106.1208,10.2682],[106.1183,10.2638],[106.118,10.2629],[106.1184,10.2586],[106.1194,10.2557],[106.1209,10.2528],[106.1237,10.2461],[106.1247,10.2449],[106.1268,10.2438],[106.131,10.2409],[106.1339,10.2387],[106.1324,10.2366],[106.1283,10.2281],[106.1197,10.2335],[106.1162,10.2353],[106.1121,10.2365],[106.1053,10.2392],[106.1031,10.2401],[106.0985,10.2415],[106.0947,10.2424],[106.0924,10.2427],[106.084,10.2433],[106.0752,10.2436],[106.0687,10.2439],[106.0634,10.244],[106.0508,10.2452],[106.0489,10.2456],[106.0467,10.2461],[106.0442,10.2471],[106.0437,10.2473],[106.0388,10.2493],[106.0366,10.2512],[106.0352,10.2533],[106.0341,10.2569],[106.0351,10.2647],[106.035,10.2667],[106.0345,10.2672],[106.0351,10.2721],[106.034,10.2719],[106.0318,10.2724],[106.0276,10.2737],[106.0284,10.2751],[106.0298,10.2788],[106.0284,10.2807],[106.0283,10.2832],[106.0291,10.2854],[106.0289,10.2864],[106.0301,10.2868],[106.0292,10.2897],[106.0306,10.2921],[106.0312,10.2923],[106.0329,10.2958],[106.0347,10.2991],[106.039,10.2967],[106.0576,10.2874],[106.0604,10.2858],[106.0654,10.2839],[106.0691,10.282],[106.0752,10.2789],[106.0788,10.2774],[106.0835,10.2764],[106.0883,10.2763],[106.0928,10.277],[106.0956,10.2779],[106.1025,10.2825],[106.104,10.2836],[106.1081,10.2837],[106.112,10.2843],[106.1268,10.2845],[106.1287,10.284]]]},"properties":{"name":"Phú Phụng","level":"ward"}},{"type":"Feature","geometry":{"type":"Polygon","coordinates":[[[106.2109,10.2401],[106.2145,10.2394],[106.2184,10.2388],[106.2207,10.2389],[106.2226,10.2394],[106.2265,10.2416],[106.2281,10.2425],[106.2289,10.2429],[106.2301,10.2434],[106.231,10.2438],[106.2456,10.249],[106.249,10.2506],[106.2528,10.248],[106.2511,10.2455],[106.2496,10.2457],[106.2494,10.2445],[106.2502,10.2426],[106.2502,10.241],[106.2514,10.2396],[106.2552,10.2344],[106.2553,10.2336],[106.2511,10.223],[106.2507,10.2227],[106.2424,10.223],[106.2385,10.2229],[106.238,10.2208],[106.2379,10.2181],[106.2383,10.2164],[106.2388,10.2122],[106.2392,10.2106],[106.2401,10.2098],[106.2418,10.2093],[106.2424,10.2055],[106.2426,10.2016],[106.2419,10.1978],[106.241,10.1966],[106.2399,10.1964],[106.2356,10.1969],[106.2315,10.1983],[106.2308,10.1981],[106.2303,10.196],[106.23,10.1909],[106.23,10.1879],[106.2296,10.1872],[106.2281,10.1871],[106.2246,10.1841],[106.2241,10.1825],[106.2254,10.1816],[106.2303,10.1819],[106.2314,10.1807],[106.2306,10.1792],[106.2292,10.1782],[106.2271,10.1772],[106.2259,10.175],[106.2244,10.1753],[106.2233,10.1763],[106.2225,10.1749],[106.2216,10.1754],[106.2172,10.1749],[106.2176,10.1734],[106.2124,10.1748],[106.2114,10.1744],[106.2069,10.1762],[106.2049,10.1686],[106.2039,10.1651],[106.1935,10.1737],[106.192,10.1748],[106.1878,10.1763],[106.1844,10.1764],[106.1785,10.1754],[106.1767,10.1763],[106.1739,10.1794],[106.1693,10.1855],[106.1671,10.1887],[106.1646,10.191],[106.1618,10.193],[106.1569,10.1955],[106.1557,10.1954],[106.1538,10.1964],[106.1492,10.1991],[106.1471,10.2008],[106.1454,10.2027],[106.1427,10.2064],[106.1414,10.211],[106.1411,10.215],[106.1489,10.2135],[106.1573,10.2127],[106.1634,10.2166],[106.1621,10.2205],[106.1623,10.2213],[106.1648,10.2217],[106.1655,10.2236],[106.1686,10.2255],[106.1722,10.2262],[106.1738,10.2263],[106.1793,10.2241],[106.1778,10.2231],[106.1778,10.2205],[106.1768,10.217],[106.176,10.2162],[106.1782,10.2142],[106.1811,10.2131],[106.1817,10.2118],[106.1854,10.2128],[106.1862,10.2133],[106.1894,10.2121],[106.1904,10.2122],[106.1924,10.2144],[106.1942,10.2135],[106.1956,10.215],[106.1966,10.2144],[106.1964,10.2132],[106.1981,10.2127],[106.2038,10.2098],[106.2059,10.2099],[106.2066,10.2093],[106.2077,10.2046],[106.2087,10.2023],[106.2105,10.2015],[106.2105,10.2033],[106.2089,10.2094],[106.2104,10.2113],[106.2102,10.213],[106.2119,10.2143],[106.2094,10.2168],[106.212,10.2232],[106.2155,10.2261],[106.2127,10.2261],[106.2119,10.2265],[106.2119,10.2305],[106.2102,10.2322],[106.2081,10.2337],[106.2101,10.2355],[106.2099,10.2375],[106.2109,10.2401]]]},"properties":{"name":"Vĩnh Thành","level":"ward"}},{"type":"Feature","geometry":{"type":"Polygon","coordinates":[[[106.2039,10.1651],[106.2049,10.1686],[106.2069,10.1762],[106.2114,10.1744],[106.2124,10.1748],[106.2176,10.1734],[106.2172,10.1749],[106.2216,10.1754],[106.2225,10.1749],[106.2233,10.1763],[106.2244,10.1753],[106.2259,10.175],[106.2271,10.1772],[106.2292,10.1782],[106.2306,10.1792],[106.2314,10.1807],[106.2303,10.1819],[106.2254,10.1816],[106.2241,10.1825],[106.2246,10.1841],[106.2281,10.1871],[106.2296,10.1872],[106.23,10.1879],[106.23,10.1909],[106.2303,10.196],[106.2308,10.1981],[106.2315,10.1983],[106.2356,10.1969],[106.2399,10.1964],[106.241,10.1966],[106.2419,10.1978],[106.2426,10.2016],[106.2424,10.2055],[106.2418,10.2093],[106.2401,10.2098],[106.2392,10.2106],[106.2388,10.2122],[106.2383,10.2164],[106.2424,10.2168],[106.2433,10.2174],[106.2473,10.2176],[106.2492,10.2185],[106.2518,10.2173],[106.2518,10.2159],[106.2542,10.2153],[106.2572,10.2126],[106.2582,10.213],[106.259,10.2143],[106.2582,10.2156],[106.2605,10.2156],[106.2628,10.2168],[106.2632,10.2151],[106.2631,10.2127],[106.2624,10.2106],[106.2656,10.2074],[106.266,10.2054],[106.2674,10.205],[106.2688,10.2029],[106.2672,10.2016],[106.2662,10.2013],[106.2658,10.2002],[106.2669,10.1997],[106.2663,10.1986],[106.2612,10.1984],[106.2611,10.1984],[106.2605,10.1984],[106.257,10.1981],[106.2552,10.1979],[106.2539,10.1982],[106.2511,10.1999],[106.2498,10.1992],[106.2483,10.1994],[106.2474,10.1973],[106.2459,10.196],[106.2435,10.1951],[106.2437,10.1936],[106.2488,10.1906],[106.2512,10.1884],[106.2531,10.187],[106.2568,10.1848],[106.2585,10.1829],[106.2617,10.1806],[106.2623,10.1791],[106.2623,10.1772],[106.2627,10.1732],[106.2628,10.1692],[106.2633,10.1635],[106.2628,10.1599],[106.2625,10.1552],[106.2621,10.1553],[106.2585,10.1539],[106.2569,10.153],[106.2548,10.1507],[106.2538,10.1501],[106.2498,10.1495],[106.2461,10.1495],[106.2428,10.1492],[106.2384,10.1477],[106.2371,10.1489],[106.2374,10.1506],[106.2369,10.1512],[106.2336,10.152],[106.2304,10.152],[106.2298,10.1514],[106.228,10.1517],[106.2267,10.1513],[106.2253,10.1517],[106.2234,10.1509],[106.2226,10.1513],[106.219,10.1493],[106.2146,10.1536],[106.2102,10.1583],[106.2068,10.1622],[106.2039,10.1651]]]},"properties":{"name":"Hưng Khánh Trung","level":"ward"}},{"type":"Feature","geometry":{"type":"Polygon","coordinates":[[[106.3371,10.1499],[106.3377,10.146],[106.3376,10.144],[106.3368,10.1401],[106.337,10.1369],[106.3364,10.1345],[106.3366,10.1332],[106.3399,10.1349],[106.3428,10.1359],[106.3455,10.1364],[106.348,10.1379],[106.3492,10.1367],[106.3497,10.1302],[106.347,10.1298],[106.3455,10.1302],[106.3446,10.129],[106.3418,10.1228],[106.3404,10.1211],[106.3403,10.1202],[106.3415,10.1179],[106.3436,10.116],[106.3496,10.1116],[106.3522,10.11],[106.3569,10.106],[106.3594,10.1046],[106.3579,10.1022],[106.3576,10.1011],[106.3583,10.098],[106.3583,10.0955],[106.3579,10.0949],[106.357,10.0942],[106.3558,10.0945],[106.3543,10.0968],[106.3516,10.0983],[106.3501,10.0976],[106.3488,10.0956],[106.3474,10.094],[106.3478,10.0926],[106.3459,10.0913],[106.3451,10.0918],[106.3412,10.0891],[106.3403,10.0879],[106.335,10.0878],[106.3343,10.088],[106.3354,10.0803],[106.3359,10.0781],[106.3319,10.0783],[106.3293,10.0746],[106.3272,10.0721],[106.3248,10.0736],[106.3238,10.0747],[106.322,10.0733],[106.3171,10.079],[106.3186,10.0806],[106.3091,10.0838],[106.3021,10.0874],[106.3027,10.0889],[106.3002,10.0899],[106.2914,10.0926],[106.2921,10.0938],[106.289,10.0944],[106.2865,10.0975],[106.2855,10.0976],[106.2877,10.1006],[106.2917,10.1032],[106.2976,10.1073],[106.2973,10.1082],[106.2945,10.1086],[106.2946,10.1101],[106.2921,10.1106],[106.289,10.1125],[106.2883,10.114],[106.2889,10.1148],[106.2917,10.1136],[106.2928,10.1138],[106.2936,10.1166],[106.2928,10.1174],[106.2906,10.1176],[106.2903,10.1185],[106.2912,10.1209],[106.2939,10.1207],[106.2964,10.1233],[106.2993,10.1296],[106.2998,10.1311],[106.3017,10.1319],[106.303,10.132],[106.3025,10.1342],[106.3046,10.1338],[106.3046,10.1346],[106.306,10.1363],[106.3078,10.1366],[106.3088,10.136],[106.3095,10.1372],[106.3097,10.1388],[106.3107,10.1415],[106.3126,10.1411],[106.3127,10.1426],[106.3148,10.1439],[106.3148,10.1459],[106.318,10.1447],[106.3189,10.1457],[106.3207,10.1449],[106.3223,10.1474],[106.3238,10.1505],[106.3279,10.1501],[106.3293,10.1526],[106.3299,10.1518],[106.3316,10.1521],[106.3332,10.15],[106.3344,10.1504],[106.3371,10.1499]]]},"properties":{"name":"Mỏ Cày","level":"ward"}},{"type":"Feature","geometry":{"type":"Polygon","coordinates":[[[106.2635,10.2567],[106.2667,10.2527],[106.2679,10.2506],[106.2689,10.2497],[106.2733,10.2466],[106.2791,10.2446],[106.2851,10.2433],[106.2892,10.2421],[106.2959,10.2396],[106.2986,10.2389],[106.304,10.2383],[106.3076,10.237],[106.3101,10.2357],[106.312,10.2342],[106.3154,10.2307],[106.3193,10.2264],[106.3222,10.2235],[106.3209,10.2226],[106.3207,10.2196],[106.3191,10.2186],[106.3169,10.2192],[106.3125,10.2182],[106.3118,10.2155],[106.3102,10.2154],[106.307,10.2175],[106.3047,10.2149],[106.3055,10.2139],[106.3073,10.2097],[106.3097,10.207],[106.3113,10.2064],[106.3131,10.2028],[106.312,10.2029],[106.3108,10.2039],[106.309,10.2026],[106.3091,10.2019],[106.3061,10.2011],[106.3044,10.1996],[106.3024,10.2021],[106.3008,10.2015],[106.3002,10.1978],[106.2982,10.1984],[106.2983,10.197],[106.2997,10.1963],[106.3005,10.1942],[106.2992,10.1929],[106.2973,10.1932],[106.2961,10.1896],[106.2948,10.1886],[106.2916,10.1874],[106.2896,10.186],[106.2878,10.184],[106.2858,10.1823],[106.2822,10.1776],[106.2822,10.1775],[106.2802,10.1767],[106.2797,10.1802],[106.2791,10.1806],[106.276,10.1807],[106.2745,10.1811],[106.2728,10.1833],[106.2689,10.1808],[106.2679,10.1809],[106.2673,10.181],[106.267,10.1824],[106.2674,10.184],[106.262,10.1858],[106.2605,10.1885],[106.2632,10.191],[106.2635,10.1927],[106.2632,10.1949],[106.2626,10.1963],[106.2604,10.1969],[106.2605,10.1975],[106.2605,10.1984],[106.2611,10.1984],[106.2612,10.1984],[106.2611,10.1984],[106.2612,10.1984],[106.2663,10.1986],[106.2669,10.1997],[106.2658,10.2002],[106.2662,10.2013],[106.2672,10.2016],[106.2688,10.2029],[106.2674,10.205],[106.266,10.2054],[106.2656,10.2074],[106.2624,10.2106],[106.2631,10.2127],[106.2632,10.2151],[106.2628,10.2168],[106.2605,10.2156],[106.2582,10.2156],[106.259,10.2143],[106.2582,10.213],[106.2572,10.2126],[106.2542,10.2153],[106.2518,10.2159],[106.2518,10.2173],[106.2492,10.2185],[106.2473,10.2176],[106.2433,10.2174],[106.2424,10.2168],[106.2383,10.2164],[106.2379,10.2181],[106.238,10.2208],[106.2385,10.2229],[106.2424,10.223],[106.2507,10.2227],[106.2511,10.223],[106.2553,10.2336],[106.2552,10.2344],[106.2514,10.2396],[106.2502,10.241],[106.2502,10.2426],[106.2494,10.2445],[106.2496,10.2457],[106.2511,10.2455],[106.2528,10.248],[106.249,10.2506],[106.2538,10.253],[106.2613,10.256],[106.2635,10.2567]]]},"properties":{"name":"Phước Mỹ Trung","level":"ward"}},{"type":"Feature","geometry":{"type":"Polygon","coordinates":[[[106.3569,10.1973],[106.3583,10.1873],[106.3588,10.1846],[106.3604,10.1793],[106.3609,10.178],[106.3617,10.1759],[106.3584,10.1748],[106.3574,10.1739],[106.3565,10.1706],[106.3536,10.167],[106.3516,10.1665],[106.348,10.1671],[106.3444,10.167],[106.3412,10.1661],[106.337,10.1657],[106.3338,10.1649],[106.3337,10.1632],[106.3351,10.1575],[106.3366,10.1534],[106.3371,10.1499],[106.3344,10.1504],[106.3332,10.15],[106.3316,10.1521],[106.3299,10.1518],[106.3293,10.1526],[106.3279,10.1501],[106.3238,10.1505],[106.3223,10.1474],[106.3207,10.1449],[106.3189,10.1457],[106.318,10.1447],[106.3148,10.1459],[106.3148,10.1439],[106.3127,10.1426],[106.3126,10.1411],[106.3107,10.1415],[106.3097,10.1388],[106.3095,10.1372],[106.3088,10.136],[106.3078,10.1366],[106.306,10.1363],[106.3046,10.1346],[106.3046,10.1338],[106.3025,10.1342],[106.303,10.132],[106.3017,10.1319],[106.2998,10.1311],[106.2993,10.1296],[106.2964,10.1233],[106.2951,10.1249],[106.2932,10.1232],[106.2922,10.1254],[106.2911,10.1249],[106.2905,10.1233],[106.2893,10.1241],[106.2878,10.1235],[106.2852,10.1249],[106.2835,10.1232],[106.2822,10.1232],[106.281,10.1221],[106.2799,10.1229],[106.2742,10.1219],[106.2739,10.1234],[106.2714,10.1289],[106.2702,10.1326],[106.2773,10.1344],[106.2786,10.1342],[106.2793,10.1327],[106.2812,10.1337],[106.2826,10.1332],[106.2836,10.1318],[106.2859,10.1316],[106.2868,10.1302],[106.2863,10.1278],[106.2884,10.1278],[106.2894,10.1303],[106.2894,10.1326],[106.2884,10.1338],[106.2898,10.135],[106.2897,10.136],[106.2913,10.1376],[106.292,10.139],[106.292,10.1405],[106.2929,10.1424],[106.293,10.1446],[106.2911,10.1444],[106.292,10.1481],[106.2921,10.1505],[106.291,10.1522],[106.288,10.1534],[106.288,10.1564],[106.2871,10.16],[106.2873,10.1614],[106.2866,10.1628],[106.2853,10.1637],[106.2852,10.1653],[106.2871,10.1655],[106.2868,10.1682],[106.2848,10.1699],[106.2849,10.1712],[106.2866,10.1701],[106.2879,10.1702],[106.2874,10.172],[106.2857,10.1726],[106.2847,10.1736],[106.2838,10.1766],[106.2822,10.1776],[106.2858,10.1823],[106.2878,10.184],[106.2896,10.186],[106.2916,10.1874],[106.2948,10.1886],[106.2961,10.1896],[106.2973,10.1932],[106.2992,10.1929],[106.3005,10.1942],[106.2997,10.1963],[106.2983,10.197],[106.2982,10.1984],[106.3002,10.1978],[106.3008,10.2015],[106.3024,10.2021],[106.3044,10.1996],[106.3061,10.2011],[106.3091,10.2019],[106.309,10.2026],[106.3108,10.2039],[106.312,10.2029],[106.3131,10.2028],[106.3113,10.2064],[106.3097,10.207],[106.3073,10.2097],[106.3055,10.2139],[106.3047,10.2149],[106.307,10.2175],[106.3102,10.2154],[106.3118,10.2155],[106.3125,10.2182],[106.3169,10.2192],[106.3191,10.2186],[106.3207,10.2196],[106.3209,10.2226],[106.3222,10.2235],[106.3311,10.2156],[106.3358,10.2108],[106.3398,10.2049],[106.3422,10.2019],[106.3442,10.1997],[106.3465,10.1985],[106.3519,10.1966],[106.3549,10.1963],[106.3569,10.1973]]]},"properties":{"name":"Tân Thành Bình","level":"ward"}},{"type":"Feature","geometry":{"type":"Polygon","coordinates":[[[106.3617,10.1759],[106.363,10.1731],[106.3659,10.1661],[106.3718,10.1547],[106.3746,10.1489],[106.3768,10.1442],[106.3783,10.1416],[106.386,10.1295],[106.388,10.1266],[106.3958,10.1167],[106.3994,10.1132],[106.408,10.1054],[106.4101,10.1031],[106.4115,10.1015],[106.4076,10.0983],[106.4012,10.0934],[106.3957,10.0932],[106.3923,10.0939],[106.3896,10.0951],[106.3886,10.0937],[106.3886,10.0922],[106.3879,10.0902],[106.387,10.0896],[106.3853,10.0901],[106.3824,10.0919],[106.381,10.0907],[106.3787,10.0876],[106.3773,10.0878],[106.374,10.0851],[106.3688,10.0876],[106.3677,10.0868],[106.3659,10.0883],[106.3652,10.0882],[106.3638,10.09],[106.3629,10.0897],[106.3618,10.0912],[106.3609,10.0936],[106.3595,10.0938],[106.3579,10.0949],[106.3583,10.0955],[106.3583,10.098],[106.3576,10.1011],[106.3579,10.1022],[106.3594,10.1046],[106.3569,10.106],[106.3522,10.11],[106.3496,10.1116],[106.3436,10.116],[106.3415,10.1179],[106.3403,10.1202],[106.3404,10.1211],[106.3418,10.1228],[106.3446,10.129],[106.3455,10.1302],[106.347,10.1298],[106.3497,10.1302],[106.3492,10.1367],[106.348,10.1379],[106.3455,10.1364],[106.3428,10.1359],[106.3399,10.1349],[106.3366,10.1332],[106.3364,10.1345],[106.337,10.1369],[106.3368,10.1401],[106.3376,10.144],[106.3377,10.146],[106.3371,10.1499],[106.3366,10.1534],[106.3351,10.1575],[106.3337,10.1632],[106.3338,10.1649],[106.337,10.1657],[106.3412,10.1661],[106.3444,10.167],[106.348,10.1671],[106.3516,10.1665],[106.3536,10.167],[106.3565,10.1706],[106.3574,10.1739],[106.3584,10.1748],[106.3617,10.1759]]]},"properties":{"name":"Đồng Khởi","level":"ward"}},{"type":"Feature","geometry":{"type":"Polygon","coordinates":[[[106.219,10.1493],[106.2226,10.1513],[106.2234,10.1509],[106.2253,10.1517],[106.2267,10.1513],[106.228,10.1517],[106.2298,10.1514],[106.2304,10.152],[106.2336,10.152],[106.2369,10.1512],[106.2374,10.1506],[106.2371,10.1489],[106.2384,10.1477],[106.2428,10.1492],[106.2461,10.1495],[106.2498,10.1495],[106.2538,10.1501],[106.2548,10.1507],[106.2569,10.153],[106.2585,10.1539],[106.2621,10.1553],[106.2625,10.1552],[106.2628,10.1599],[106.2633,10.1635],[106.2628,10.1692],[106.2627,10.1732],[106.2623,10.1772],[106.2623,10.1791],[106.2617,10.1806],[106.2585,10.1829],[106.2568,10.1848],[106.2531,10.187],[106.2512,10.1884],[106.2488,10.1906],[106.2437,10.1936],[106.2435,10.1951],[106.2459,10.196],[106.2474,10.1973],[106.2483,10.1994],[106.2498,10.1992],[106.2511,10.1999],[106.2539,10.1982],[106.2552,10.1979],[106.257,10.1981],[106.2605,10.1984],[106.2611,10.1984],[106.2612,10.1984],[106.2611,10.1984],[106.2605,10.1984],[106.2605,10.1975],[106.2604,10.1969],[106.2626,10.1963],[106.2632,10.1949],[106.2635,10.1927],[106.2632,10.191],[106.2605,10.1885],[106.262,10.1858],[106.2674,10.184],[106.267,10.1824],[106.2673,10.181],[106.2679,10.1809],[106.2689,10.1808],[106.2728,10.1833],[106.2745,10.1811],[106.276,10.1807],[106.2791,10.1806],[106.2797,10.1802],[106.2802,10.1767],[106.2822,10.1775],[106.2822,10.1776],[106.2838,10.1766],[106.2847,10.1736],[106.2857,10.1726],[106.2874,10.172],[106.2879,10.1702],[106.2866,10.1701],[106.2849,10.1712],[106.2848,10.1699],[106.2868,10.1682],[106.2871,10.1655],[106.2852,10.1653],[106.2853,10.1637],[106.2866,10.1628],[106.2873,10.1614],[106.2871,10.16],[106.288,10.1564],[106.288,10.1534],[106.291,10.1522],[106.2921,10.1505],[106.292,10.1481],[106.2911,10.1444],[106.293,10.1446],[106.2929,10.1424],[106.292,10.1405],[106.292,10.139],[106.2913,10.1376],[106.2897,10.136],[106.2898,10.135],[106.2884,10.1338],[106.2894,10.1326],[106.2894,10.1303],[106.2884,10.1278],[106.2863,10.1278],[106.2868,10.1302],[106.2859,10.1316],[106.2836,10.1318],[106.2826,10.1332],[106.2812,10.1337],[106.2793,10.1327],[106.2786,10.1342],[106.2773,10.1344],[106.2702,10.1326],[106.2714,10.1289],[106.2739,10.1234],[106.2742,10.1219],[106.2799,10.1229],[106.281,10.1221],[106.2822,10.1232],[106.2835,10.1232],[106.2852,10.1249],[106.2878,10.1235],[106.2893,10.1241],[106.2905,10.1233],[106.2911,10.1249],[106.2922,10.1254],[106.2932,10.1232],[106.2951,10.1249],[106.2964,10.1233],[106.2939,10.1207],[106.2912,10.1209],[106.2903,10.1185],[106.2906,10.1176],[106.2928,10.1174],[106.2936,10.1166],[106.2928,10.1138],[106.2917,10.1136],[106.2889,10.1148],[106.2883,10.114],[106.289,10.1125],[106.2921,10.1106],[106.2946,10.1101],[106.2945,10.1086],[106.2973,10.1082],[106.2976,10.1073],[106.2917,10.1032],[106.2877,10.1006],[106.2855,10.0976],[106.2854,10.0949],[106.2844,10.0924],[106.2835,10.0883],[106.2825,10.0869],[106.28,10.0843],[106.2785,10.0819],[106.278,10.0802],[106.2784,10.0764],[106.277,10.0719],[106.2764,10.0726],[106.2731,10.0782],[106.2706,10.0815],[106.2652,10.0896],[106.2606,10.0954],[106.2587,10.0972],[106.2518,10.1036],[106.2485,10.1085],[106.2415,10.118],[106.2398,10.1205],[106.2348,10.1298],[106.2318,10.1345],[106.2276,10.1399],[106.2237,10.1446],[106.219,10.1493]]]},"properties":{"name":"Nhuận Phú Tân","level":"ward"}},{"type":"Feature","geometry":{"type":"Polygon","coordinates":[[[106.3403,10.0879],[106.3412,10.0891],[106.3451,10.0918],[106.3459,10.0913],[106.3478,10.0926],[106.3474,10.094],[106.3488,10.0956],[106.3501,10.0976],[106.3516,10.0983],[106.3543,10.0968],[106.3558,10.0945],[106.357,10.0942],[106.3579,10.0949],[106.3595,10.0938],[106.3609,10.0936],[106.3618,10.0912],[106.3629,10.0897],[106.3638,10.09],[106.3652,10.0882],[106.3659,10.0883],[106.3677,10.0868],[106.3688,10.0876],[106.374,10.0851],[106.3773,10.0878],[106.3787,10.0876],[106.381,10.0907],[106.3824,10.0919],[106.3853,10.0901],[106.387,10.0896],[106.3879,10.0902],[106.3886,10.0922],[106.3886,10.0937],[106.3896,10.0951],[106.3923,10.0939],[106.3957,10.0932],[106.4012,10.0934],[106.4076,10.0983],[106.4115,10.1015],[106.4154,10.0965],[106.4211,10.0898],[106.4415,10.0698],[106.4356,10.0674],[106.4342,10.0661],[106.4352,10.0649],[106.4353,10.0638],[106.4362,10.0623],[106.4352,10.0614],[106.4374,10.0596],[106.4358,10.0575],[106.4368,10.0566],[106.4358,10.0555],[106.4324,10.0567],[106.4306,10.0603],[106.428,10.0585],[106.4269,10.0597],[106.4246,10.058],[106.4176,10.0496],[106.4181,10.0489],[106.4175,10.0467],[106.4213,10.046],[106.421,10.0396],[106.4213,10.0273],[106.4203,10.0273],[106.4123,10.0302],[106.4089,10.0318],[106.3972,10.0328],[106.3929,10.0298],[106.3907,10.0289],[106.3891,10.0265],[106.3866,10.0298],[106.3847,10.0329],[106.3805,10.0385],[106.3773,10.0434],[106.3742,10.0486],[106.3746,10.0492],[106.3832,10.0564],[106.3766,10.0644],[106.3729,10.0608],[106.3692,10.0575],[106.3655,10.0651],[106.3639,10.0688],[106.3611,10.0775],[106.3592,10.0763],[106.354,10.0725],[106.351,10.071],[106.3478,10.0698],[106.3468,10.0767],[106.3469,10.0781],[106.3453,10.08],[106.341,10.086],[106.3403,10.0879]]]},"properties":{"name":"An Định","level":"ward"}},{"type":"Feature","geometry":{"type":"Polygon","coordinates":[[[106.2855,10.0976],[106.2865,10.0975],[106.289,10.0944],[106.2921,10.0938],[106.2914,10.0926],[106.3002,10.0899],[106.3027,10.0889],[106.3021,10.0874],[106.3091,10.0838],[106.3186,10.0806],[106.3171,10.079],[106.322,10.0733],[106.3238,10.0747],[106.3248,10.0736],[106.3272,10.0721],[106.3293,10.0746],[106.3319,10.0783],[106.3359,10.0781],[106.3354,10.0803],[106.3343,10.088],[106.335,10.0878],[106.3403,10.0879],[106.341,10.086],[106.3453,10.08],[106.3469,10.0781],[106.3468,10.0767],[106.3478,10.0698],[106.351,10.071],[106.354,10.0725],[106.3592,10.0763],[106.3611,10.0775],[106.3639,10.0688],[106.3655,10.0651],[106.3692,10.0575],[106.3693,10.0572],[106.3638,10.0528],[106.3617,10.0498],[106.3581,10.0482],[106.3554,10.0474],[106.3538,10.0474],[106.35,10.0464],[106.3483,10.051],[106.3474,10.0507],[106.346,10.055],[106.3406,10.0526],[106.3404,10.0511],[106.3388,10.0484],[106.3393,10.0472],[106.3418,10.046],[106.3406,10.043],[106.3405,10.0404],[106.3401,10.0389],[106.3381,10.0375],[106.3377,10.0364],[106.3429,10.0292],[106.3418,10.0275],[106.3381,10.0243],[106.3411,10.0208],[106.3462,10.014],[106.3464,10.0116],[106.3453,10.0101],[106.3387,10.0047],[106.3262,10.0137],[106.3208,10.017],[106.3179,10.0186],[106.3121,10.0229],[106.3087,10.0258],[106.3005,10.0342],[106.298,10.0372],[106.296,10.0396],[106.2951,10.0409],[106.2945,10.0427],[106.292,10.0477],[106.2899,10.0506],[106.2822,10.0634],[106.277,10.0719],[106.2784,10.0764],[106.278,10.0802],[106.2785,10.0819],[106.28,10.0843],[106.2825,10.0869],[106.2835,10.0883],[106.2844,10.0924],[106.2854,10.0949],[106.2855,10.0976]]]},"properties":{"name":"Thành Thới","level":"ward"}},{"type":"Feature","geometry":{"type":"Polygon","coordinates":[[[106.3692,10.0575],[106.3729,10.0608],[106.3766,10.0644],[106.3832,10.0564],[106.3746,10.0492],[106.3742,10.0486],[106.3773,10.0434],[106.3805,10.0385],[106.3847,10.0329],[106.3866,10.0298],[106.3891,10.0265],[106.3907,10.0289],[106.3929,10.0298],[106.3972,10.0328],[106.4089,10.0318],[106.4123,10.0302],[106.4203,10.0273],[106.4207,10.026],[106.4197,10.0255],[106.415,10.0199],[106.4143,10.018],[106.4157,10.0127],[106.4111,10.0141],[106.4108,10.0131],[106.4149,10.0116],[106.4136,9.9981],[106.42,9.998],[106.4219,9.9972],[106.4215,9.995],[106.4218,9.9929],[106.4188,9.9912],[106.4249,9.9888],[106.4251,9.9877],[106.4242,9.9868],[106.4216,9.9857],[106.4202,9.9836],[106.4172,9.9834],[106.4156,9.9818],[106.4156,9.9797],[106.414,9.9771],[106.4113,9.976],[106.4106,9.9749],[106.4106,9.9733],[106.41,9.9711],[106.4065,9.9695],[106.3992,9.9676],[106.3787,9.9797],[106.3735,9.9834],[106.3589,9.9943],[106.3544,9.9965],[106.3471,9.999],[106.3447,10.0005],[106.3387,10.0047],[106.3453,10.0101],[106.3464,10.0116],[106.3462,10.014],[106.3411,10.0208],[106.3381,10.0243],[106.3418,10.0275],[106.3429,10.0292],[106.3377,10.0364],[106.3381,10.0375],[106.3401,10.0389],[106.3405,10.0404],[106.3406,10.043],[106.3418,10.046],[106.3393,10.0472],[106.3388,10.0484],[106.3404,10.0511],[106.3406,10.0526],[106.346,10.055],[106.3474,10.0507],[106.3483,10.051],[106.35,10.0464],[106.3538,10.0474],[106.3554,10.0474],[106.3581,10.0482],[106.3617,10.0498],[106.3638,10.0528],[106.3693,10.0572],[106.3692,10.0575]]]},"properties":{"name":"Hương Mỹ","level":"ward"}},{"type":"Feature","geometry":{"type":"Polygon","coordinates":[[[106.5517,10.1519],[106.5508,10.1509],[106.5502,10.1491],[106.5464,10.1464],[106.5439,10.145],[106.5432,10.1431],[106.5426,10.1432],[106.5463,10.1312],[106.5455,10.1279],[106.5447,10.1263],[106.542,10.1217],[106.5374,10.1155],[106.5329,10.1172],[106.5282,10.1191],[106.5276,10.1198],[106.523,10.1213],[106.5191,10.1235],[106.5168,10.1245],[106.5096,10.1267],[106.5057,10.1276],[106.5053,10.1282],[106.5058,10.1301],[106.5051,10.1348],[106.5023,10.1362],[106.502,10.1377],[106.5028,10.1386],[106.5029,10.1428],[106.4997,10.1444],[106.497,10.1454],[106.4983,10.1473],[106.4922,10.1469],[106.4895,10.146],[106.489,10.1471],[106.4877,10.1475],[106.4864,10.1486],[106.4845,10.1513],[106.484,10.1527],[106.4831,10.1526],[106.4827,10.1549],[106.4817,10.1547],[106.4814,10.1566],[106.4802,10.1565],[106.4766,10.1545],[106.4762,10.1553],[106.4771,10.1575],[106.4788,10.1592],[106.4786,10.1608],[106.4796,10.1623],[106.4801,10.1644],[106.479,10.1669],[106.4777,10.1677],[106.4783,10.169],[106.4782,10.1707],[106.4784,10.1737],[106.4791,10.1761],[106.4784,10.1773],[106.4785,10.1796],[106.4791,10.1823],[106.48,10.1844],[106.4802,10.1866],[106.4808,10.1874],[106.4833,10.1886],[106.4832,10.1907],[106.4844,10.1914],[106.4842,10.193],[106.4898,10.1994],[106.491,10.1997],[106.4918,10.1987],[106.4934,10.1985],[106.4957,10.1975],[106.4985,10.1942],[106.5001,10.194],[106.5006,10.1925],[106.5017,10.1915],[106.5015,10.1907],[106.5025,10.1894],[106.5036,10.1864],[106.5056,10.1882],[106.5068,10.1882],[106.5098,10.1908],[106.5107,10.1881],[106.5115,10.1891],[106.5125,10.1916],[106.5147,10.1893],[106.5152,10.1908],[106.5178,10.1863],[106.5187,10.1867],[106.5201,10.1887],[106.5208,10.1879],[106.5261,10.1797],[106.5276,10.177],[106.5309,10.1786],[106.532,10.1756],[106.5351,10.1683],[106.5367,10.1649],[106.5382,10.1638],[106.5392,10.162],[106.5384,10.1616],[106.5407,10.1568],[106.546,10.1582],[106.5472,10.156],[106.5517,10.1519]]]},"properties":{"name":"Giồng Trôm","level":"ward"}},{"type":"Feature","geometry":{"type":"Polygon","coordinates":[[[106.4294,10.2352],[106.4307,10.2374],[106.4314,10.2404],[106.4329,10.2455],[106.4365,10.2568],[106.438,10.2622],[106.4387,10.2637],[106.4399,10.2655],[106.443,10.2636],[106.4461,10.2592],[106.4486,10.2562],[106.4512,10.2541],[106.4569,10.2514],[106.4635,10.249],[106.4669,10.2481],[106.475,10.2461],[106.4779,10.2449],[106.4806,10.2435],[106.4846,10.2409],[106.4877,10.2386],[106.4919,10.2349],[106.4908,10.2337],[106.4912,10.2301],[106.4895,10.2295],[106.4878,10.2282],[106.488,10.2262],[106.4868,10.2243],[106.4847,10.2241],[106.485,10.2228],[106.4846,10.2212],[106.4794,10.2239],[106.477,10.2185],[106.4738,10.2189],[106.4725,10.2172],[106.4711,10.2166],[106.4703,10.213],[106.4592,10.218],[106.4563,10.2112],[106.4618,10.2087],[106.4619,10.2022],[106.4617,10.2002],[106.4647,10.1972],[106.4635,10.196],[106.4633,10.1949],[106.4611,10.1932],[106.4634,10.1889],[106.4648,10.1889],[106.4703,10.1852],[106.4696,10.1844],[106.4721,10.1827],[106.474,10.1805],[106.4752,10.1812],[106.4785,10.1796],[106.4784,10.1773],[106.4791,10.1761],[106.4784,10.1737],[106.4782,10.1707],[106.4783,10.169],[106.4777,10.1677],[106.4759,10.1679],[106.4745,10.1687],[106.4724,10.1686],[106.4718,10.1682],[106.4711,10.1664],[106.4701,10.1657],[106.4682,10.1655],[106.4684,10.1647],[106.4613,10.1629],[106.4583,10.1626],[106.4572,10.1651],[106.4558,10.1648],[106.4543,10.1652],[106.4529,10.167],[106.4505,10.1686],[106.4504,10.1718],[106.4497,10.1748],[106.45,10.179],[106.4497,10.1798],[106.4472,10.182],[106.4479,10.186],[106.4427,10.1898],[106.4413,10.1911],[106.4396,10.1939],[106.4363,10.2041],[106.4347,10.2099],[106.434,10.2136],[106.4336,10.2174],[106.4374,10.218],[106.4373,10.2192],[106.4362,10.2195],[106.4372,10.2237],[106.4383,10.2237],[106.4379,10.2271],[106.4356,10.2263],[106.4358,10.2298],[106.4341,10.2297],[106.4343,10.2337],[106.434,10.2345],[106.4321,10.235],[106.4307,10.2347],[106.4294,10.2352]]]},"properties":{"name":"Lương Hoà","level":"ward"}},{"type":"Feature","geometry":{"type":"Polygon","coordinates":[[[106.3952,10.191],[106.3966,10.1915],[106.3953,10.195],[106.3956,10.1963],[106.3979,10.1974],[106.4007,10.2002],[106.4032,10.2003],[106.4059,10.1993],[106.4085,10.1996],[106.4124,10.2041],[106.4128,10.2051],[106.4119,10.2065],[106.4102,10.2079],[106.4097,10.2097],[106.4099,10.2111],[106.4132,10.2194],[106.4142,10.2198],[106.416,10.2195],[106.4174,10.2202],[106.4177,10.2217],[106.416,10.2225],[106.415,10.2235],[106.4141,10.2255],[106.4139,10.2273],[106.4188,10.23],[106.4265,10.2333],[106.4294,10.2352],[106.4307,10.2347],[106.4321,10.235],[106.434,10.2345],[106.4343,10.2337],[106.4341,10.2297],[106.4358,10.2298],[106.4356,10.2263],[106.4379,10.2271],[106.4383,10.2237],[106.4372,10.2237],[106.4362,10.2195],[106.4373,10.2192],[106.4374,10.218],[106.4336,10.2174],[106.434,10.2136],[106.4347,10.2099],[106.4363,10.2041],[106.4396,10.1939],[106.4413,10.1911],[106.4427,10.1898],[106.4479,10.186],[106.4472,10.182],[106.4497,10.1798],[106.45,10.179],[106.4497,10.1748],[106.4504,10.1718],[106.4505,10.1686],[106.4463,10.1693],[106.4442,10.1694],[106.4397,10.1701],[106.4379,10.1712],[106.4376,10.1674],[106.4369,10.1676],[106.4343,10.1618],[106.4329,10.1576],[106.4314,10.1585],[106.4244,10.1623],[106.4233,10.1608],[106.4219,10.1615],[106.4204,10.159],[106.419,10.158],[106.4176,10.1582],[106.4171,10.159],[106.4151,10.1596],[106.4112,10.1623],[106.412,10.1646],[106.4141,10.1668],[106.4132,10.1685],[106.4104,10.17],[106.4103,10.1716],[106.4086,10.1735],[106.409,10.1754],[106.4079,10.1768],[106.4072,10.1787],[106.4063,10.1782],[106.4054,10.1803],[106.4043,10.1796],[106.4014,10.1843],[106.4015,10.1848],[106.3994,10.1863],[106.3966,10.1874],[106.3947,10.1907],[106.3952,10.191]]]},"properties":{"name":"Lương Phú","level":"ward"}},{"type":"Feature","geometry":{"type":"Polygon","coordinates":[[[106.5517,10.1519],[106.5472,10.156],[106.546,10.1582],[106.5407,10.1568],[106.5384,10.1616],[106.5392,10.162],[106.5382,10.1638],[106.5367,10.1649],[106.5351,10.1683],[106.532,10.1756],[106.5309,10.1786],[106.5276,10.177],[106.5261,10.1797],[106.5208,10.1879],[106.5201,10.1887],[106.5187,10.1867],[106.5178,10.1863],[106.5152,10.1908],[106.5147,10.1893],[106.5125,10.1916],[106.5115,10.1891],[106.5107,10.1881],[106.5098,10.1908],[106.5068,10.1882],[106.5056,10.1882],[106.5036,10.1864],[106.5025,10.1894],[106.5015,10.1907],[106.5017,10.1915],[106.5006,10.1925],[106.5001,10.194],[106.4985,10.1942],[106.4957,10.1975],[106.4934,10.1985],[106.4918,10.1987],[106.491,10.1997],[106.4898,10.1994],[106.4842,10.193],[106.4844,10.1914],[106.4832,10.1907],[106.4833,10.1886],[106.4808,10.1874],[106.4802,10.1866],[106.48,10.1844],[106.4791,10.1823],[106.4785,10.1796],[106.4752,10.1812],[106.474,10.1805],[106.4721,10.1827],[106.4696,10.1844],[106.4703,10.1852],[106.4648,10.1889],[106.4634,10.1889],[106.4611,10.1932],[106.4633,10.1949],[106.4635,10.196],[106.4647,10.1972],[106.4617,10.2002],[106.4619,10.2022],[106.4618,10.2087],[106.4563,10.2112],[106.4592,10.218],[106.4703,10.213],[106.4711,10.2166],[106.4725,10.2172],[106.4738,10.2189],[106.477,10.2185],[106.4794,10.2239],[106.4846,10.2212],[106.485,10.2228],[106.4847,10.2241],[106.4868,10.2243],[106.488,10.2262],[106.4878,10.2282],[106.4895,10.2295],[106.4912,10.2301],[106.4908,10.2337],[106.4919,10.2349],[106.4957,10.2321],[106.5018,10.2283],[106.5077,10.2249],[106.5112,10.2225],[106.5145,10.2201],[106.5207,10.2158],[106.5261,10.2119],[106.5314,10.2085],[106.5366,10.2057],[106.5415,10.2037],[106.545,10.2028],[106.5546,10.2012],[106.5579,10.2004],[106.5623,10.1986],[106.5633,10.1979],[106.5683,10.1948],[106.5696,10.1938],[106.5781,10.1863],[106.5769,10.185],[106.5765,10.1819],[106.5766,10.1796],[106.5773,10.1766],[106.5787,10.173],[106.5824,10.1679],[106.5848,10.1654],[106.5868,10.1638],[106.5857,10.1607],[106.5691,10.1597],[106.5653,10.1587],[106.5639,10.158],[106.5626,10.1568],[106.5556,10.1491],[106.5517,10.1519]]]},"properties":{"name":"Châu Hoà","level":"ward"}},{"type":"Feature","geometry":{"type":"Polygon","coordinates":[[[106.363,10.1731],[106.3691,10.1743],[106.3712,10.1742],[106.3745,10.1727],[106.3762,10.1716],[106.3764,10.1709],[106.379,10.1667],[106.3811,10.1627],[106.3821,10.16],[106.3837,10.1576],[106.3875,10.16],[106.398,10.1654],[106.4021,10.1722],[106.4035,10.1736],[106.4079,10.1768],[106.409,10.1754],[106.4086,10.1735],[106.4103,10.1716],[106.4104,10.17],[106.4132,10.1685],[106.4141,10.1668],[106.412,10.1646],[106.4112,10.1623],[106.4151,10.1596],[106.4171,10.159],[106.4176,10.1582],[106.419,10.158],[106.4204,10.159],[106.4219,10.1615],[106.4233,10.1608],[106.4244,10.1623],[106.4314,10.1585],[106.4329,10.1576],[106.4343,10.1618],[106.4369,10.1676],[106.4376,10.1674],[106.4379,10.1712],[106.4397,10.1701],[106.4442,10.1694],[106.4463,10.1693],[106.4505,10.1686],[106.4529,10.167],[106.4543,10.1652],[106.4558,10.1648],[106.4572,10.1651],[106.4583,10.1626],[106.4613,10.1629],[106.4684,10.1647],[106.4682,10.1655],[106.4701,10.1657],[106.4711,10.1664],[106.4718,10.1682],[106.4724,10.1686],[106.4745,10.1687],[106.4759,10.1679],[106.4777,10.1677],[106.479,10.1669],[106.4801,10.1644],[106.4796,10.1623],[106.4786,10.1608],[106.4788,10.1592],[106.4771,10.1575],[106.4762,10.1553],[106.4748,10.1548],[106.4722,10.153],[106.4689,10.1527],[106.4672,10.1519],[106.4665,10.1508],[106.4644,10.1503],[106.4596,10.1484],[106.4574,10.1481],[106.4552,10.1461],[106.4583,10.142],[106.4562,10.1401],[106.4549,10.1394],[106.4514,10.1389],[106.4505,10.1393],[106.4481,10.1389],[106.4463,10.1393],[106.4458,10.1384],[106.4441,10.1385],[106.4436,10.1374],[106.4413,10.1361],[106.4384,10.1375],[106.4371,10.1361],[106.4378,10.135],[106.4362,10.1347],[106.4372,10.1334],[106.4368,10.1318],[106.4325,10.1329],[106.4316,10.1307],[106.4303,10.1302],[106.4275,10.1321],[106.4261,10.1302],[106.4243,10.1309],[106.4228,10.1306],[106.4223,10.1299],[106.4206,10.1308],[106.4191,10.1293],[106.4165,10.1312],[106.4134,10.1317],[106.4136,10.1333],[106.4149,10.1358],[106.4149,10.1383],[106.4105,10.1394],[106.4087,10.1395],[106.4048,10.1388],[106.4026,10.1352],[106.4073,10.1292],[106.4095,10.126],[106.4095,10.1236],[106.4098,10.1212],[106.413,10.1112],[106.4134,10.1083],[106.4127,10.1063],[106.4101,10.1031],[106.408,10.1054],[106.3994,10.1132],[106.3958,10.1167],[106.388,10.1266],[106.386,10.1295],[106.3783,10.1416],[106.3768,10.1442],[106.3746,10.1489],[106.3718,10.1547],[106.3659,10.1661],[106.363,10.1731]]]},"properties":{"name":"Phước Long","level":"ward"}},{"type":"Feature","geometry":{"type":"Polygon","coordinates":[[[106.4115,10.1015],[106.4101,10.1031],[106.4127,10.1063],[106.4134,10.1083],[106.413,10.1112],[106.4098,10.1212],[106.4095,10.1236],[106.4095,10.126],[106.4073,10.1292],[106.4026,10.1352],[106.4048,10.1388],[106.4087,10.1395],[106.4105,10.1394],[106.4149,10.1383],[106.4149,10.1358],[106.4136,10.1333],[106.4134,10.1317],[106.4165,10.1312],[106.4191,10.1293],[106.4206,10.1308],[106.4223,10.1299],[106.4228,10.1306],[106.4243,10.1309],[106.4261,10.1302],[106.4275,10.1321],[106.4303,10.1302],[106.4316,10.1307],[106.4325,10.1329],[106.4368,10.1318],[106.4372,10.1334],[106.4362,10.1347],[106.4378,10.135],[106.4371,10.1361],[106.4384,10.1375],[106.4413,10.1361],[106.4436,10.1374],[106.4441,10.1385],[106.4458,10.1384],[106.4463,10.1393],[106.4481,10.1389],[106.4505,10.1393],[106.4514,10.1389],[106.4549,10.1394],[106.4562,10.1401],[106.4583,10.142],[106.4552,10.1461],[106.4574,10.1481],[106.4596,10.1484],[106.4644,10.1503],[106.4665,10.1508],[106.4672,10.1519],[106.4689,10.1527],[106.4722,10.153],[106.4748,10.1548],[106.4762,10.1553],[106.4766,10.1545],[106.4802,10.1565],[106.4814,10.1566],[106.4817,10.1547],[106.4827,10.1549],[106.4831,10.1526],[106.484,10.1527],[106.4845,10.1513],[106.4864,10.1486],[106.4877,10.1475],[106.489,10.1471],[106.4895,10.146],[106.4861,10.1458],[106.4855,10.1448],[106.4827,10.144],[106.476,10.1417],[106.4774,10.1404],[106.4781,10.139],[106.48,10.1375],[106.4797,10.1366],[106.4804,10.1339],[106.4789,10.1329],[106.4768,10.1324],[106.4767,10.13],[106.4757,10.129],[106.4774,10.1275],[106.4777,10.1265],[106.479,10.1264],[106.4797,10.125],[106.4821,10.1217],[106.4819,10.1204],[106.4801,10.1191],[106.4816,10.1176],[106.4782,10.1145],[106.4795,10.1135],[106.48,10.1111],[106.4789,10.1087],[106.477,10.1096],[106.4767,10.1081],[106.4747,10.1019],[106.4726,10.1025],[106.4711,10.1036],[106.4676,10.1018],[106.4655,10.1012],[106.4649,10.1041],[106.4636,10.1055],[106.4622,10.1061],[106.4617,10.1052],[106.4605,10.1051],[106.4592,10.1038],[106.4591,10.1024],[106.4605,10.1003],[106.4605,10.0987],[106.4601,10.0964],[106.4586,10.094],[106.456,10.0916],[106.4536,10.09],[106.4513,10.0906],[106.4507,10.0898],[106.4522,10.0865],[106.4476,10.0837],[106.4502,10.0787],[106.451,10.0759],[106.4514,10.0735],[106.4513,10.0695],[106.4503,10.0664],[106.4483,10.063],[106.4415,10.0698],[106.4211,10.0898],[106.4154,10.0965],[106.4115,10.1015]]]},"properties":{"name":"Tân Hào","level":"ward"}},{"type":"Feature","geometry":{"type":"Polygon","coordinates":[[[106.4895,10.146],[106.4922,10.1469],[106.4983,10.1473],[106.497,10.1454],[106.4997,10.1444],[106.5029,10.1428],[106.5028,10.1386],[106.502,10.1377],[106.5023,10.1362],[106.5051,10.1348],[106.5058,10.1301],[106.5053,10.1282],[106.5057,10.1276],[106.5096,10.1267],[106.5168,10.1245],[106.5191,10.1235],[106.523,10.1213],[106.5276,10.1198],[106.5282,10.1191],[106.5329,10.1172],[106.5374,10.1155],[106.5347,10.1127],[106.5316,10.1086],[106.5299,10.1069],[106.5287,10.1033],[106.5275,10.1012],[106.5227,10.0953],[106.5168,10.0881],[106.5146,10.0828],[106.5137,10.0797],[106.512,10.0769],[106.5108,10.0777],[106.5067,10.0752],[106.5032,10.0742],[106.5003,10.0739],[106.4991,10.0735],[106.4927,10.0699],[106.4908,10.0724],[106.4858,10.0689],[106.4773,10.0636],[106.4737,10.0613],[106.4713,10.0605],[106.4705,10.0592],[106.4735,10.0546],[106.477,10.0503],[106.4799,10.0473],[106.4826,10.045],[106.4836,10.0437],[106.4859,10.0413],[106.4892,10.0393],[106.4895,10.0364],[106.4887,10.0357],[106.4852,10.0304],[106.4827,10.0269],[106.4804,10.0282],[106.4786,10.0299],[106.4736,10.0355],[106.472,10.0375],[106.4553,10.0558],[106.4483,10.063],[106.4503,10.0664],[106.4513,10.0695],[106.4514,10.0735],[106.451,10.0759],[106.4502,10.0787],[106.4476,10.0837],[106.4522,10.0865],[106.4507,10.0898],[106.4513,10.0906],[106.4536,10.09],[106.456,10.0916],[106.4586,10.094],[106.4601,10.0964],[106.4605,10.0987],[106.4605,10.1003],[106.4591,10.1024],[106.4592,10.1038],[106.4605,10.1051],[106.4617,10.1052],[106.4622,10.1061],[106.4636,10.1055],[106.4649,10.1041],[106.4655,10.1012],[106.4676,10.1018],[106.4711,10.1036],[106.4726,10.1025],[106.4747,10.1019],[106.4767,10.1081],[106.477,10.1096],[106.4789,10.1087],[106.48,10.1111],[106.4795,10.1135],[106.4782,10.1145],[106.4816,10.1176],[106.4801,10.1191],[106.4819,10.1204],[106.4821,10.1217],[106.4797,10.125],[106.479,10.1264],[106.4777,10.1265],[106.4774,10.1275],[106.4757,10.129],[106.4767,10.13],[106.4768,10.1324],[106.4789,10.1329],[106.4804,10.1339],[106.4797,10.1366],[106.48,10.1375],[106.4781,10.139],[106.4774,10.1404],[106.476,10.1417],[106.4827,10.144],[106.4855,10.1448],[106.4861,10.1458],[106.4895,10.146]]]},"properties":{"name":"Hưng Nhượng","level":"ward"}},{"type":"Feature","geometry":{"type":"Polygon","coordinates":[[[106.673,10.2322],[106.6797,10.2296],[106.6901,10.2232],[106.7222,10.2049],[106.7418,10.1949],[106.7366,10.1851],[106.7364,10.1839],[106.7371,10.182],[106.7388,10.1803],[106.7389,10.1796],[106.7373,10.1773],[106.7367,10.1758],[106.735,10.173],[106.734,10.1731],[106.7316,10.172],[106.7309,10.1713],[106.7304,10.1685],[106.7294,10.1671],[106.7248,10.1634],[106.7234,10.1612],[106.7192,10.1564],[106.7149,10.164],[106.711,10.1619],[106.7093,10.1624],[106.7052,10.1606],[106.7003,10.1597],[106.6981,10.1621],[106.6968,10.1621],[106.6966,10.164],[106.696,10.1648],[106.6951,10.1673],[106.6954,10.1679],[106.6948,10.1697],[106.6926,10.1735],[106.6925,10.1744],[106.6909,10.1745],[106.6908,10.1779],[106.689,10.1774],[106.6864,10.1831],[106.6863,10.1851],[106.6849,10.1845],[106.6851,10.1864],[106.6842,10.1886],[106.6861,10.1893],[106.6855,10.1911],[106.6842,10.1929],[106.6834,10.1931],[106.6822,10.1977],[106.6814,10.1992],[106.6798,10.199],[106.6793,10.1979],[106.6781,10.1972],[106.6758,10.2],[106.6741,10.1982],[106.669,10.2015],[106.6656,10.1969],[106.6571,10.1915],[106.6543,10.1902],[106.6519,10.1888],[106.6516,10.1873],[106.6505,10.1873],[106.6461,10.1849],[106.6469,10.1807],[106.6447,10.1795],[106.6382,10.1906],[106.633,10.1867],[106.631,10.1892],[106.6295,10.188],[106.6277,10.189],[106.6262,10.1882],[106.6265,10.1858],[106.6232,10.185],[106.6252,10.1914],[106.6253,10.1943],[106.6268,10.1959],[106.6298,10.2009],[106.6311,10.2014],[106.6334,10.1993],[106.6365,10.1973],[106.6412,10.2003],[106.6463,10.2033],[106.6475,10.2051],[106.6499,10.2081],[106.6513,10.2065],[106.6539,10.2072],[106.6532,10.2087],[106.6594,10.2097],[106.6595,10.211],[106.6624,10.2146],[106.663,10.216],[106.6595,10.2173],[106.66,10.2195],[106.6609,10.2189],[106.6665,10.2197],[106.6678,10.2194],[106.6687,10.2206],[106.673,10.2322]]]},"properties":{"name":"Bình Đại","level":"ward"}},{"type":"Feature","geometry":{"type":"Polygon","coordinates":[[[106.4447,10.2824],[106.4465,10.2887],[106.4474,10.2924],[106.4492,10.2964],[106.4526,10.3013],[106.4511,10.3035],[106.4483,10.3065],[106.4491,10.3069],[106.4522,10.3076],[106.4597,10.3077],[106.4646,10.3074],[106.4698,10.307],[106.4755,10.3067],[106.4787,10.3044],[106.4838,10.3013],[106.4868,10.2992],[106.4932,10.2943],[106.5018,10.2891],[106.5085,10.2864],[106.5115,10.285],[106.5186,10.2819],[106.521,10.2793],[106.5259,10.2752],[106.5314,10.2689],[106.533,10.2678],[106.5215,10.2698],[106.515,10.2713],[106.5105,10.2729],[106.5089,10.2674],[106.5083,10.2643],[106.508,10.2607],[106.5036,10.2604],[106.5036,10.2571],[106.5011,10.2577],[106.4993,10.2575],[106.4984,10.2565],[106.4959,10.2546],[106.4958,10.2529],[106.4927,10.2547],[106.4913,10.2522],[106.4857,10.255],[106.4775,10.2596],[106.4771,10.2588],[106.4751,10.2602],[106.4766,10.265],[106.4734,10.2676],[106.4705,10.2695],[106.4676,10.2711],[106.4559,10.277],[106.4447,10.2824]]]},"properties":{"name":"Phú Thuận","level":"ward"}},{"type":"Feature","geometry":{"type":"Polygon","coordinates":[[[106.5633,10.1979],[106.5623,10.1986],[106.5579,10.2004],[106.5546,10.2012],[106.5555,10.2034],[106.5566,10.2051],[106.5576,10.2075],[106.5582,10.2082],[106.5594,10.212],[106.5614,10.2141],[106.559,10.2162],[106.5588,10.217],[106.5604,10.2191],[106.5617,10.222],[106.5627,10.2264],[106.5627,10.2292],[106.5584,10.2293],[106.5498,10.2297],[106.5485,10.2313],[106.5451,10.2331],[106.543,10.2357],[106.5411,10.2351],[106.5397,10.2354],[106.5403,10.2369],[106.537,10.2381],[106.5378,10.2396],[106.5314,10.2413],[106.5313,10.2422],[106.5294,10.2415],[106.5274,10.2431],[106.5264,10.2427],[106.5199,10.2397],[106.5198,10.2359],[106.5155,10.2385],[106.5118,10.2408],[106.513,10.2428],[106.5096,10.2446],[106.5114,10.2447],[106.5119,10.2479],[106.511,10.2479],[106.5105,10.2493],[106.5109,10.2528],[106.5086,10.2528],[106.5077,10.2533],[106.5075,10.2553],[106.5096,10.2596],[106.5071,10.258],[106.5045,10.258],[106.5036,10.2571],[106.5036,10.2604],[106.508,10.2607],[106.5083,10.2643],[106.5089,10.2674],[106.5105,10.2729],[106.515,10.2713],[106.5215,10.2698],[106.533,10.2678],[106.5454,10.2648],[106.5579,10.2613],[106.5708,10.258],[106.582,10.2539],[106.5876,10.2522],[106.599,10.249],[106.6118,10.2467],[106.6109,10.2407],[106.6086,10.2389],[106.6062,10.2363],[106.6043,10.2338],[106.6057,10.2333],[106.6024,10.231],[106.6036,10.2298],[106.6,10.2279],[106.5979,10.2278],[106.5955,10.2263],[106.5968,10.2229],[106.5974,10.2227],[106.599,10.2177],[106.5984,10.2126],[106.5961,10.2113],[106.5897,10.2106],[106.5824,10.2082],[106.5819,10.2089],[106.5756,10.21],[106.5694,10.2115],[106.5681,10.2121],[106.5674,10.2113],[106.5666,10.2071],[106.5664,10.2051],[106.5646,10.202],[106.5633,10.1979]]]},"properties":{"name":"Lộc Thuận","level":"ward"}},{"type":"Feature","geometry":{"type":"Polygon","coordinates":[[[106.4399,10.2655],[106.4405,10.2671],[106.4415,10.2723],[106.4447,10.2824],[106.4559,10.277],[106.4676,10.2711],[106.4705,10.2695],[106.4734,10.2676],[106.4766,10.265],[106.4751,10.2602],[106.4771,10.2588],[106.4775,10.2596],[106.4857,10.255],[106.4913,10.2522],[106.4927,10.2547],[106.4958,10.2529],[106.4959,10.2546],[106.4984,10.2565],[106.4993,10.2575],[106.5011,10.2577],[106.5036,10.2571],[106.5045,10.258],[106.5071,10.258],[106.5096,10.2596],[106.5075,10.2553],[106.5077,10.2533],[106.5086,10.2528],[106.5109,10.2528],[106.5105,10.2493],[106.511,10.2479],[106.5119,10.2479],[106.5114,10.2447],[106.5096,10.2446],[106.513,10.2428],[106.5118,10.2408],[106.5155,10.2385],[106.5198,10.2359],[106.5199,10.2397],[106.5264,10.2427],[106.5274,10.2431],[106.5294,10.2415],[106.5313,10.2422],[106.5314,10.2413],[106.5378,10.2396],[106.537,10.2381],[106.5403,10.2369],[106.5397,10.2354],[106.5411,10.2351],[106.543,10.2357],[106.5451,10.2331],[106.5485,10.2313],[106.5498,10.2297],[106.5584,10.2293],[106.5627,10.2292],[106.5627,10.2264],[106.5617,10.222],[106.5604,10.2191],[106.5588,10.217],[106.559,10.2162],[106.5614,10.2141],[106.5594,10.212],[106.5582,10.2082],[106.5576,10.2075],[106.5566,10.2051],[106.5555,10.2034],[106.5546,10.2012],[106.545,10.2028],[106.5415,10.2037],[106.5366,10.2057],[106.5314,10.2085],[106.5261,10.2119],[106.5207,10.2158],[106.5145,10.2201],[106.5112,10.2225],[106.5077,10.2249],[106.5018,10.2283],[106.4957,10.2321],[106.4919,10.2349],[106.4877,10.2386],[106.4846,10.2409],[106.4806,10.2435],[106.4779,10.2449],[106.475,10.2461],[106.4669,10.2481],[106.4635,10.249],[106.4569,10.2514],[106.4512,10.2541],[106.4486,10.2562],[106.4461,10.2592],[106.443,10.2636],[106.4399,10.2655]]]},"properties":{"name":"Châu Hưng","level":"ward"}},{"type":"Feature","geometry":{"type":"Polygon","coordinates":[[[106.5781,10.1863],[106.5696,10.1938],[106.5683,10.1948],[106.5633,10.1979],[106.5646,10.202],[106.5664,10.2051],[106.5666,10.2071],[106.5674,10.2113],[106.5681,10.2121],[106.5694,10.2115],[106.5756,10.21],[106.5819,10.2089],[106.5824,10.2082],[106.5897,10.2106],[106.5961,10.2113],[106.5984,10.2126],[106.599,10.2177],[106.5974,10.2227],[106.5968,10.2229],[106.5955,10.2263],[106.5979,10.2278],[106.6,10.2279],[106.6036,10.2298],[106.6024,10.231],[106.6057,10.2333],[106.6043,10.2338],[106.6062,10.2363],[106.6086,10.2389],[106.6109,10.2407],[106.6118,10.2467],[106.64,10.2417],[106.6548,10.2374],[106.673,10.2322],[106.6687,10.2206],[106.6678,10.2194],[106.6665,10.2197],[106.6609,10.2189],[106.66,10.2195],[106.6595,10.2173],[106.663,10.216],[106.6624,10.2146],[106.6595,10.211],[106.6594,10.2097],[106.6532,10.2087],[106.6539,10.2072],[106.6513,10.2065],[106.6499,10.2081],[106.6475,10.2051],[106.6463,10.2033],[106.6412,10.2003],[106.6365,10.1973],[106.6334,10.1993],[106.6311,10.2014],[106.6298,10.2009],[106.6268,10.1959],[106.6253,10.1943],[106.6252,10.1914],[106.6232,10.185],[106.6265,10.1858],[106.6262,10.1882],[106.6277,10.189],[106.6295,10.188],[106.631,10.1892],[106.633,10.1867],[106.6382,10.1906],[106.6447,10.1795],[106.6469,10.1807],[106.6461,10.1849],[106.6505,10.1873],[106.6516,10.1873],[106.6519,10.1888],[106.6543,10.1902],[106.6571,10.1915],[106.6656,10.1969],[106.669,10.2015],[106.6741,10.1982],[106.6758,10.2],[106.6781,10.1972],[106.6787,10.1961],[106.679,10.1914],[106.6772,10.191],[106.6758,10.1895],[106.6741,10.1844],[106.6739,10.1783],[106.6715,10.1767],[106.6697,10.1759],[106.6686,10.1742],[106.6675,10.171],[106.6676,10.1693],[106.6662,10.1653],[106.6666,10.1629],[106.6631,10.1634],[106.6614,10.16],[106.6601,10.1592],[106.6596,10.158],[106.6549,10.1519],[106.6541,10.1517],[106.6521,10.152],[106.6493,10.1531],[106.6469,10.1529],[106.6451,10.1521],[106.645,10.1506],[106.6438,10.1484],[106.6423,10.1478],[106.6423,10.1466],[106.6348,10.14],[106.6334,10.1405],[106.6293,10.1435],[106.6268,10.1468],[106.6249,10.1505],[106.6232,10.1534],[106.619,10.164],[106.6179,10.1666],[106.6145,10.1731],[106.6122,10.1764],[106.6093,10.1785],[106.607,10.1794],[106.6047,10.1798],[106.6011,10.18],[106.598,10.1796],[106.5938,10.1798],[106.5911,10.1803],[106.5865,10.1815],[106.5819,10.1835],[106.5781,10.1863]]]},"properties":{"name":"Thạnh Trị","level":"ward"}},{"type":"Feature","geometry":{"type":"Polygon","coordinates":[[[106.6781,10.1972],[106.6793,10.1979],[106.6798,10.199],[106.6814,10.1992],[106.6822,10.1977],[106.6834,10.1931],[106.6842,10.1929],[106.6855,10.1911],[106.6861,10.1893],[106.6842,10.1886],[106.6851,10.1864],[106.6849,10.1845],[106.6863,10.1851],[106.6864,10.1831],[106.689,10.1774],[106.6908,10.1779],[106.6909,10.1745],[106.6925,10.1744],[106.6926,10.1735],[106.6948,10.1697],[106.6954,10.1679],[106.6951,10.1673],[106.696,10.1648],[106.6966,10.164],[106.6968,10.1621],[106.6981,10.1621],[106.7003,10.1597],[106.7052,10.1606],[106.7093,10.1624],[106.711,10.1619],[106.7149,10.164],[106.7192,10.1564],[106.7234,10.1612],[106.7248,10.1634],[106.7294,10.1671],[106.7304,10.1685],[106.7309,10.1713],[106.7316,10.172],[106.734,10.1731],[106.735,10.173],[106.7339,10.1714],[106.7344,10.1704],[106.7332,10.1671],[106.7297,10.1584],[106.7281,10.1558],[106.7277,10.1528],[106.7319,10.1507],[106.7331,10.1506],[106.7333,10.1493],[106.7358,10.1486],[106.7358,10.1474],[106.7363,10.1458],[106.739,10.1435],[106.7406,10.1396],[106.7427,10.1386],[106.7432,10.1373],[106.7434,10.1353],[106.7444,10.1335],[106.7405,10.1325],[106.7372,10.1322],[106.7349,10.1303],[106.7334,10.1283],[106.7351,10.1256],[106.7353,10.124],[106.734,10.1163],[106.7333,10.1147],[106.7309,10.1112],[106.7303,10.1092],[106.7318,10.1055],[106.7322,10.1031],[106.7336,10.1016],[106.7345,10.0993],[106.7343,10.0975],[106.7335,10.0956],[106.7321,10.0936],[106.7299,10.0916],[106.7283,10.0881],[106.7272,10.0844],[106.7232,10.0854],[106.7204,10.084],[106.7185,10.0841],[106.718,10.0826],[106.7152,10.0773],[106.7135,10.0775],[106.7101,10.0759],[106.7091,10.0772],[106.7051,10.0764],[106.7045,10.0769],[106.7022,10.0758],[106.7012,10.0765],[106.6989,10.0756],[106.6977,10.076],[106.6958,10.0742],[106.6952,10.0754],[106.6935,10.077],[106.6881,10.083],[106.6826,10.0902],[106.681,10.0929],[106.6765,10.1011],[106.6747,10.1041],[106.6719,10.1095],[106.6702,10.1116],[106.6649,10.12],[106.6619,10.124],[106.6568,10.1298],[106.6545,10.1319],[106.6507,10.135],[106.6471,10.1369],[106.6431,10.1381],[106.6389,10.1391],[106.637,10.1399],[106.6348,10.14],[106.6423,10.1466],[106.6423,10.1478],[106.6438,10.1484],[106.645,10.1506],[106.6451,10.1521],[106.6469,10.1529],[106.6493,10.1531],[106.6521,10.152],[106.6541,10.1517],[106.6549,10.1519],[106.6596,10.158],[106.6601,10.1592],[106.6614,10.16],[106.6631,10.1634],[106.6666,10.1629],[106.6662,10.1653],[106.6676,10.1693],[106.6675,10.171],[106.6686,10.1742],[106.6697,10.1759],[106.6715,10.1767],[106.6739,10.1783],[106.6741,10.1844],[106.6758,10.1895],[106.6772,10.191],[106.679,10.1914],[106.6787,10.1961],[106.6781,10.1972]]]},"properties":{"name":"Thạnh Phước","level":"ward"}},{"type":"Feature","geometry":{"type":"Polygon","coordinates":[[[106.735,10.173],[106.7367,10.1758],[106.7373,10.1773],[106.7389,10.1796],[106.7388,10.1803],[106.7371,10.182],[106.7364,10.1839],[106.7366,10.1851],[106.7418,10.1949],[106.7518,10.1917],[106.7518,10.1794],[106.7562,10.1766],[106.759,10.1757],[106.7624,10.1757],[106.7651,10.175],[106.7704,10.1725],[106.7737,10.1703],[106.7772,10.1667],[106.7786,10.1645],[106.7806,10.1606],[106.7847,10.1566],[106.7848,10.1553],[106.7885,10.1512],[106.7888,10.1499],[106.7888,10.1463],[106.7878,10.1439],[106.7869,10.1388],[106.785,10.1359],[106.7845,10.1358],[106.7836,10.1278],[106.7855,10.124],[106.7862,10.122],[106.7865,10.1198],[106.7899,10.1187],[106.7898,10.115],[106.79,10.114],[106.7918,10.113],[106.7906,10.1097],[106.785,10.0998],[106.7805,10.0932],[106.7725,10.083],[106.766,10.0754],[106.7644,10.074],[106.7579,10.0668],[106.7567,10.0651],[106.7467,10.0539],[106.742,10.0489],[106.7374,10.0444],[106.7353,10.0431],[106.7321,10.0415],[106.7279,10.0399],[106.7239,10.0392],[106.7211,10.0392],[106.7209,10.04],[106.6917,10.0329],[106.6896,10.0363],[106.6862,10.0405],[106.6849,10.0433],[106.6846,10.0449],[106.6847,10.0487],[106.6854,10.0502],[106.687,10.0522],[106.69,10.0544],[106.6937,10.0574],[106.6958,10.0603],[106.6989,10.0652],[106.6989,10.0685],[106.6984,10.0701],[106.6972,10.0725],[106.6958,10.0742],[106.6977,10.076],[106.6989,10.0756],[106.7012,10.0765],[106.7022,10.0758],[106.7045,10.0769],[106.7051,10.0764],[106.7091,10.0772],[106.7101,10.0759],[106.7135,10.0775],[106.7152,10.0773],[106.718,10.0826],[106.7185,10.0841],[106.7204,10.084],[106.7232,10.0854],[106.7272,10.0844],[106.7283,10.0881],[106.7299,10.0916],[106.7321,10.0936],[106.7335,10.0956],[106.7343,10.0975],[106.7345,10.0993],[106.7336,10.1016],[106.7322,10.1031],[106.7318,10.1055],[106.7303,10.1092],[106.7309,10.1112],[106.7333,10.1147],[106.734,10.1163],[106.7353,10.124],[106.7351,10.1256],[106.7334,10.1283],[106.7349,10.1303],[106.7372,10.1322],[106.7405,10.1325],[106.7444,10.1335],[106.7434,10.1353],[106.7432,10.1373],[106.7427,10.1386],[106.7406,10.1396],[106.739,10.1435],[106.7363,10.1458],[106.7358,10.1474],[106.7358,10.1486],[106.7333,10.1493],[106.7331,10.1506],[106.7319,10.1507],[106.7277,10.1528],[106.7281,10.1558],[106.7297,10.1584],[106.7332,10.1671],[106.7344,10.1704],[106.7339,10.1714],[106.735,10.173]]]},"properties":{"name":"Thới Thuận","level":"ward"}},{"type":"Feature","geometry":{"type":"Polygon","coordinates":[[[106.5614,9.9949],[106.5599,9.9956],[106.5563,9.9964],[106.5466,9.9974],[106.5507,10.0024],[106.5565,10.0098],[106.5585,10.0114],[106.5595,10.0132],[106.5593,10.0163],[106.5597,10.0189],[106.5597,10.0217],[106.5611,10.0247],[106.5613,10.0265],[106.5606,10.0296],[106.5614,10.0319],[106.5633,10.0329],[106.5647,10.0348],[106.5669,10.0355],[106.5639,10.0401],[106.5632,10.0417],[106.5645,10.0426],[106.5634,10.0443],[106.5612,10.0427],[106.5599,10.0428],[106.5584,10.0449],[106.5597,10.0458],[106.5601,10.0474],[106.561,10.0478],[106.5593,10.0548],[106.558,10.0545],[106.5572,10.0579],[106.5562,10.0571],[106.5545,10.0631],[106.5525,10.0644],[106.5504,10.0657],[106.5542,10.0695],[106.5548,10.068],[106.5561,10.0684],[106.5572,10.0647],[106.566,10.072],[106.5658,10.0779],[106.5672,10.079],[106.5684,10.0777],[106.5693,10.0767],[106.5765,10.0771],[106.5801,10.0771],[106.5803,10.0776],[106.5879,10.0786],[106.5878,10.0703],[106.5898,10.0697],[106.5921,10.07],[106.5983,10.0607],[106.6013,10.0577],[106.6035,10.0591],[106.6057,10.0581],[106.6081,10.0562],[106.6087,10.0553],[106.6118,10.0578],[106.6191,10.0499],[106.6204,10.0524],[106.6228,10.0583],[106.6259,10.0574],[106.6289,10.0577],[106.6425,10.0557],[106.6402,10.0504],[106.6434,10.0494],[106.6434,10.0488],[106.6463,10.0488],[106.6458,10.0476],[106.6437,10.0438],[106.6417,10.0438],[106.6411,10.0421],[106.6396,10.042],[106.6381,10.0429],[106.6345,10.0428],[106.6324,10.0403],[106.631,10.0394],[106.6283,10.036],[106.6303,10.0354],[106.6298,10.0343],[106.6353,10.0326],[106.6294,10.0263],[106.6274,10.0275],[106.6247,10.0294],[106.6233,10.0301],[106.6223,10.0279],[106.6202,10.026],[106.6206,10.0244],[106.6203,10.0225],[106.6194,10.0224],[106.6186,10.0212],[106.6186,10.0197],[106.6181,10.0182],[106.6169,10.0174],[106.6152,10.0176],[106.6123,10.017],[106.6094,10.0175],[106.6078,10.0175],[106.6046,10.0166],[106.603,10.0149],[106.6002,10.0111],[106.5989,10.0105],[106.5969,10.0116],[106.5934,10.0111],[106.5912,10.0113],[106.5895,10.0105],[106.5881,10.0107],[106.5866,10.01],[106.5857,10.009],[106.5845,10.009],[106.5823,10.0072],[106.5816,10.0102],[106.5778,10.0068],[106.5743,10.0068],[106.5674,10.0014],[106.565,9.9989],[106.5614,9.9949]]]},"properties":{"name":"Ba Tri","level":"ward"}},{"type":"Feature","geometry":{"type":"Polygon","coordinates":[[[106.5447,10.1263],[106.5455,10.1279],[106.5463,10.1312],[106.5426,10.1432],[106.5432,10.1431],[106.5439,10.145],[106.5464,10.1464],[106.5502,10.1491],[106.5508,10.1509],[106.5517,10.1519],[106.5556,10.1491],[106.5626,10.1568],[106.5639,10.158],[106.5653,10.1587],[106.5691,10.1597],[106.5857,10.1607],[106.5868,10.1638],[106.5848,10.1654],[106.5824,10.1679],[106.5787,10.173],[106.5773,10.1766],[106.5766,10.1796],[106.5765,10.1819],[106.5769,10.185],[106.5781,10.1863],[106.5819,10.1835],[106.5865,10.1815],[106.5911,10.1803],[106.5938,10.1798],[106.598,10.1796],[106.6011,10.18],[106.6047,10.1798],[106.607,10.1794],[106.6093,10.1785],[106.6122,10.1764],[106.6145,10.1731],[106.6179,10.1666],[106.619,10.164],[106.6232,10.1534],[106.6249,10.1505],[106.6208,10.1485],[106.6208,10.1469],[106.6201,10.1459],[106.6187,10.1456],[106.6174,10.1445],[106.6157,10.1425],[106.6116,10.1484],[106.6093,10.1488],[106.6075,10.1415],[106.6067,10.1387],[106.6046,10.1368],[106.6004,10.136],[106.5985,10.1361],[106.5982,10.1354],[106.5996,10.1316],[106.5991,10.13],[106.6009,10.1273],[106.6008,10.1264],[106.6016,10.1244],[106.5963,10.1255],[106.5957,10.121],[106.5952,10.1136],[106.5968,10.1083],[106.5934,10.1071],[106.5966,10.099],[106.5976,10.0967],[106.6085,10.1015],[106.6115,10.0963],[106.6053,10.0933],[106.5999,10.0909],[106.6002,10.09],[106.6018,10.0897],[106.6011,10.0877],[106.6007,10.0844],[106.6001,10.0844],[106.5998,10.0814],[106.595,10.0793],[106.5879,10.0786],[106.5803,10.0776],[106.5801,10.0771],[106.5765,10.0771],[106.5693,10.0767],[106.5684,10.0777],[106.573,10.0843],[106.5741,10.0854],[106.5742,10.0892],[106.5704,10.0895],[106.5696,10.0935],[106.5698,10.0956],[106.5748,10.0999],[106.5767,10.1031],[106.5786,10.103],[106.5793,10.1058],[106.5797,10.1083],[106.5816,10.1133],[106.5824,10.1146],[106.5814,10.1158],[106.5801,10.1148],[106.5792,10.1132],[106.5795,10.1123],[106.5784,10.1113],[106.5776,10.112],[106.5783,10.1136],[106.5741,10.1158],[106.5732,10.1143],[106.5695,10.1161],[106.5601,10.1176],[106.5601,10.12],[106.556,10.1216],[106.5522,10.1235],[106.5521,10.1229],[106.5447,10.1263]]]},"properties":{"name":"Mỹ Chánh Hoà","level":"ward"}},{"type":"Feature","geometry":{"type":"Polygon","coordinates":[[[106.6545,10.1319],[106.6568,10.1298],[106.6619,10.124],[106.6649,10.12],[106.6702,10.1116],[106.6719,10.1095],[106.6747,10.1041],[106.6765,10.1011],[106.681,10.0929],[106.6826,10.0902],[106.6881,10.083],[106.6935,10.077],[106.6952,10.0754],[106.6958,10.0742],[106.6972,10.0725],[106.6984,10.0701],[106.6989,10.0685],[106.6989,10.0652],[106.6958,10.0603],[106.6937,10.0574],[106.69,10.0544],[106.687,10.0522],[106.6854,10.0502],[106.6847,10.0487],[106.6846,10.0449],[106.6849,10.0433],[106.6862,10.0405],[106.6896,10.0363],[106.6917,10.0329],[106.6867,10.0317],[106.6876,10.0308],[106.6886,10.0287],[106.6898,10.0243],[106.6894,10.0205],[106.6884,10.0164],[106.6879,10.016],[106.686,10.0123],[106.6819,10.0066],[106.6806,10.0051],[106.6785,10.0034],[106.6769,10.0014],[106.6711,10.0021],[106.6676,10.003],[106.6654,10.0044],[106.6626,10.0052],[106.6599,10.0075],[106.658,10.0079],[106.657,10.0096],[106.6535,10.0122],[106.6512,10.0132],[106.6454,10.0176],[106.6433,10.0186],[106.6413,10.0204],[106.6396,10.0224],[106.6433,10.0283],[106.6441,10.0292],[106.6451,10.0325],[106.6471,10.0343],[106.6466,10.0351],[106.6481,10.036],[106.6497,10.0377],[106.65,10.0399],[106.6505,10.0408],[106.6506,10.0437],[106.6494,10.0434],[106.6474,10.0453],[106.6472,10.0475],[106.6458,10.0476],[106.6463,10.0488],[106.6434,10.0488],[106.6434,10.0494],[106.6402,10.0504],[106.6425,10.0557],[106.6437,10.0634],[106.6441,10.0644],[106.6448,10.0698],[106.6462,10.0782],[106.6472,10.0846],[106.6449,10.0925],[106.6439,10.0944],[106.6487,10.0947],[106.6489,10.0965],[106.6496,10.0994],[106.6426,10.0999],[106.6409,10.0999],[106.6387,10.1039],[106.6426,10.1123],[106.6423,10.1124],[106.6459,10.1194],[106.6476,10.1205],[106.6479,10.1224],[106.6494,10.126],[106.6505,10.126],[106.6527,10.1268],[106.6534,10.1279],[106.6531,10.1294],[106.6545,10.1319]]]},"properties":{"name":"Bảo Thạnh","level":"ward"}},{"type":"Feature","geometry":{"type":"Polygon","coordinates":[[[106.6249,10.1505],[106.6268,10.1468],[106.6293,10.1435],[106.6334,10.1405],[106.6348,10.14],[106.637,10.1399],[106.6389,10.1391],[106.6431,10.1381],[106.6471,10.1369],[106.6507,10.135],[106.6545,10.1319],[106.6531,10.1294],[106.6534,10.1279],[106.6527,10.1268],[106.6505,10.126],[106.6494,10.126],[106.6479,10.1224],[106.6476,10.1205],[106.6459,10.1194],[106.6423,10.1124],[106.6426,10.1123],[106.6387,10.1039],[106.6409,10.0999],[106.6426,10.0999],[106.6496,10.0994],[106.6489,10.0965],[106.6487,10.0947],[106.6439,10.0944],[106.6449,10.0925],[106.6472,10.0846],[106.6462,10.0782],[106.6448,10.0698],[106.6441,10.0644],[106.6437,10.0634],[106.6425,10.0557],[106.6289,10.0577],[106.6259,10.0574],[106.6228,10.0583],[106.6204,10.0524],[106.6191,10.0499],[106.6118,10.0578],[106.6087,10.0553],[106.6081,10.0562],[106.6057,10.0581],[106.6035,10.0591],[106.6013,10.0577],[106.5983,10.0607],[106.5921,10.07],[106.5898,10.0697],[106.5878,10.0703],[106.5879,10.0786],[106.595,10.0793],[106.5998,10.0814],[106.6001,10.0844],[106.6007,10.0844],[106.6011,10.0877],[106.6018,10.0897],[106.6002,10.09],[106.5999,10.0909],[106.6053,10.0933],[106.6115,10.0963],[106.6085,10.1015],[106.5976,10.0967],[106.5966,10.099],[106.5934,10.1071],[106.5968,10.1083],[106.5952,10.1136],[106.5957,10.121],[106.5963,10.1255],[106.6016,10.1244],[106.6008,10.1264],[106.6009,10.1273],[106.5991,10.13],[106.5996,10.1316],[106.5982,10.1354],[106.5985,10.1361],[106.6004,10.136],[106.6046,10.1368],[106.6067,10.1387],[106.6075,10.1415],[106.6093,10.1488],[106.6116,10.1484],[106.6157,10.1425],[106.6174,10.1445],[106.6187,10.1456],[106.6201,10.1459],[106.6208,10.1469],[106.6208,10.1485],[106.6249,10.1505]]]},"properties":{"name":"Tân Xuân","level":"ward"}},{"type":"Feature","geometry":{"type":"Polygon","coordinates":[[[106.5374,10.1155],[106.542,10.1217],[106.5447,10.1263],[106.5521,10.1229],[106.5522,10.1235],[106.556,10.1216],[106.5601,10.12],[106.5601,10.1176],[106.5695,10.1161],[106.5732,10.1143],[106.5741,10.1158],[106.5783,10.1136],[106.5776,10.112],[106.5784,10.1113],[106.5795,10.1123],[106.5792,10.1132],[106.5801,10.1148],[106.5814,10.1158],[106.5824,10.1146],[106.5816,10.1133],[106.5797,10.1083],[106.5793,10.1058],[106.5786,10.103],[106.5767,10.1031],[106.5748,10.0999],[106.5698,10.0956],[106.5696,10.0935],[106.5704,10.0895],[106.5742,10.0892],[106.5741,10.0854],[106.573,10.0843],[106.5684,10.0777],[106.5672,10.079],[106.5658,10.0779],[106.566,10.072],[106.5572,10.0647],[106.5561,10.0684],[106.5548,10.068],[106.5542,10.0695],[106.5504,10.0657],[106.5525,10.0644],[106.5512,10.0639],[106.5452,10.0589],[106.5416,10.0629],[106.5392,10.0609],[106.5387,10.0597],[106.5376,10.0605],[106.5375,10.062],[106.5354,10.0614],[106.533,10.058],[106.5294,10.0602],[106.528,10.0614],[106.5258,10.0644],[106.5225,10.0643],[106.5186,10.0704],[106.5154,10.0691],[106.5125,10.0698],[106.5114,10.0694],[106.5114,10.0724],[106.512,10.0741],[106.512,10.0769],[106.5137,10.0797],[106.5146,10.0828],[106.5168,10.0881],[106.5227,10.0953],[106.5275,10.1012],[106.5287,10.1033],[106.5299,10.1069],[106.5316,10.1086],[106.5347,10.1127],[106.5374,10.1155]]]},"properties":{"name":"An Ngãi Trung","level":"ward"}},{"type":"Feature","geometry":{"type":"Polygon","coordinates":[[[106.4827,10.0269],[106.4852,10.0304],[106.4887,10.0357],[106.4895,10.0364],[106.4892,10.0393],[106.4859,10.0413],[106.4836,10.0437],[106.4826,10.045],[106.4799,10.0473],[106.477,10.0503],[106.4735,10.0546],[106.4705,10.0592],[106.4713,10.0605],[106.4737,10.0613],[106.4773,10.0636],[106.4858,10.0689],[106.4908,10.0724],[106.4927,10.0699],[106.4991,10.0735],[106.5003,10.0739],[106.5032,10.0742],[106.5067,10.0752],[106.5108,10.0777],[106.512,10.0769],[106.512,10.0741],[106.5114,10.0724],[106.5114,10.0694],[106.5125,10.0698],[106.5154,10.0691],[106.5186,10.0704],[106.5225,10.0643],[106.5258,10.0644],[106.528,10.0614],[106.5294,10.0602],[106.533,10.058],[106.5354,10.0614],[106.5375,10.062],[106.5376,10.0605],[106.5387,10.0597],[106.5392,10.0609],[106.5416,10.0629],[106.5452,10.0589],[106.5512,10.0639],[106.5525,10.0644],[106.5545,10.0631],[106.5562,10.0571],[106.5572,10.0579],[106.558,10.0545],[106.5593,10.0548],[106.561,10.0478],[106.5601,10.0474],[106.5597,10.0458],[106.5584,10.0449],[106.5599,10.0428],[106.5612,10.0427],[106.5634,10.0443],[106.5645,10.0426],[106.5632,10.0417],[106.5639,10.0401],[106.5669,10.0355],[106.5647,10.0348],[106.5633,10.0329],[106.5614,10.0319],[106.5606,10.0296],[106.5613,10.0265],[106.5611,10.0247],[106.5597,10.0217],[106.5597,10.0189],[106.5593,10.0163],[106.5595,10.0132],[106.5585,10.0114],[106.5565,10.0098],[106.5507,10.0024],[106.5466,9.9974],[106.5385,9.9981],[106.5323,9.9991],[106.5208,10.0025],[106.5154,10.0043],[106.5096,10.007],[106.5018,10.0118],[106.4985,10.0147],[106.4928,10.021],[106.4898,10.0229],[106.4852,10.0254],[106.4827,10.0269]]]},"properties":{"name":"An Hiệp","level":"ward"}},{"type":"Feature","geometry":{"type":"Polygon","coordinates":[[[106.5614,9.9949],[106.565,9.9989],[106.5674,10.0014],[106.5743,10.0068],[106.5778,10.0068],[106.5816,10.0102],[106.5823,10.0072],[106.5845,10.009],[106.5857,10.009],[106.5866,10.01],[106.5881,10.0107],[106.5895,10.0105],[106.5912,10.0113],[106.5934,10.0111],[106.5969,10.0116],[106.5989,10.0105],[106.6002,10.0111],[106.603,10.0149],[106.6046,10.0166],[106.6078,10.0175],[106.6094,10.0175],[106.6123,10.017],[106.6152,10.0176],[106.6169,10.0174],[106.6181,10.0182],[106.6186,10.0197],[106.6186,10.0212],[106.6194,10.0224],[106.6203,10.0225],[106.6206,10.0244],[106.6202,10.026],[106.6223,10.0279],[106.6233,10.0301],[106.6247,10.0294],[106.6274,10.0275],[106.6294,10.0263],[106.6353,10.0326],[106.6298,10.0343],[106.6303,10.0354],[106.6283,10.036],[106.631,10.0394],[106.6324,10.0403],[106.6345,10.0428],[106.6381,10.0429],[106.6396,10.042],[106.6411,10.0421],[106.6417,10.0438],[106.6437,10.0438],[106.6458,10.0476],[106.6472,10.0475],[106.6474,10.0453],[106.6494,10.0434],[106.6506,10.0437],[106.6505,10.0408],[106.65,10.0399],[106.6497,10.0377],[106.6481,10.036],[106.6466,10.0351],[106.6471,10.0343],[106.6451,10.0325],[106.6441,10.0292],[106.6433,10.0283],[106.6396,10.0224],[106.6413,10.0204],[106.6433,10.0186],[106.6454,10.0176],[106.6512,10.0132],[106.6535,10.0122],[106.657,10.0096],[106.658,10.0079],[106.6599,10.0075],[106.6626,10.0052],[106.6654,10.0044],[106.6676,10.003],[106.6711,10.0021],[106.6769,10.0014],[106.6731,9.997],[106.6711,9.9955],[106.6689,9.9943],[106.6677,9.994],[106.6658,9.9943],[106.6616,9.9914],[106.6603,9.9903],[106.6601,9.9891],[106.6591,9.987],[106.6574,9.9849],[106.6537,9.9815],[106.6513,9.9799],[106.6495,9.9779],[106.6458,9.9757],[106.6448,9.9755],[106.6421,9.9737],[106.6376,9.972],[106.636,9.9719],[106.6331,9.9727],[106.6309,9.9725],[106.6285,9.9733],[106.6268,9.9743],[106.6268,9.9622],[106.6079,9.9677],[106.5952,9.9738],[106.592,9.9756],[106.5853,9.9804],[106.5829,9.9818],[106.5776,9.9847],[106.5708,9.9893],[106.5651,9.993],[106.5614,9.9949]]]},"properties":{"name":"Tân Thuỷ","level":"ward"}},{"type":"Feature","geometry":{"type":"Polygon","coordinates":[[[106.5466,9.9974],[106.5563,9.9964],[106.5599,9.9956],[106.5614,9.9949],[106.5651,9.993],[106.5708,9.9893],[106.5776,9.9847],[106.5829,9.9818],[106.5778,9.9738],[106.5746,9.9675],[106.5718,9.9636],[106.5694,9.9616],[106.5673,9.9609],[106.5635,9.9602],[106.56,9.9582],[106.5607,9.9557],[106.5607,9.9542],[106.56,9.9519],[106.56,9.9498],[106.5614,9.9458],[106.5602,9.944],[106.5513,9.9403],[106.5497,9.9394],[106.5482,9.9394],[106.5443,9.9407],[106.5433,9.9405],[106.5338,9.9397],[106.531,9.93],[106.5295,9.9258],[106.5305,9.9229],[106.529,9.9197],[106.5262,9.9196],[106.5258,9.9166],[106.5249,9.9148],[106.5254,9.9142],[106.5244,9.9088],[106.5254,9.9066],[106.5198,9.9028],[106.5208,9.9012],[106.5165,9.898],[106.5108,9.893],[106.5088,9.8956],[106.5055,9.9005],[106.5018,9.9052],[106.4925,9.9127],[106.4867,9.9178],[106.4843,9.9195],[106.4855,9.9248],[106.4861,9.9253],[106.4885,9.9255],[106.4867,9.9278],[106.4854,9.929],[106.4853,9.9301],[106.4877,9.9314],[106.4877,9.9327],[106.4869,9.9342],[106.4888,9.9352],[106.4889,9.9368],[106.4909,9.9353],[106.4914,9.9356],[106.4893,9.9431],[106.4875,9.9511],[106.4864,9.9553],[106.4897,9.9565],[106.4934,9.958],[106.4979,9.9596],[106.5018,9.9607],[106.5064,9.9627],[106.507,9.9636],[106.5103,9.9653],[106.511,9.9652],[106.5156,9.9674],[106.516,9.9678],[106.522,9.971],[106.523,9.9723],[106.5215,9.9738],[106.5163,9.9774],[106.5085,9.984],[106.5074,9.9851],[106.4994,9.992],[106.4956,9.996],[106.4946,9.9967],[106.4922,9.9999],[106.4893,10.0049],[106.4883,10.0071],[106.4856,10.0112],[106.4849,10.0131],[106.4898,10.0229],[106.4928,10.021],[106.4985,10.0147],[106.5018,10.0118],[106.5096,10.007],[106.5154,10.0043],[106.5208,10.0025],[106.5323,9.9991],[106.5385,9.9981],[106.5466,9.9974]]]},"properties":{"name":"Thạnh Phú","level":"ward"}},{"type":"Feature","geometry":{"type":"Polygon","coordinates":[[[106.4736,10.0355],[106.4786,10.0299],[106.4804,10.0282],[106.4827,10.0269],[106.4852,10.0254],[106.4898,10.0229],[106.4849,10.0131],[106.4856,10.0112],[106.4883,10.0071],[106.4893,10.0049],[106.4922,9.9999],[106.4946,9.9967],[106.4956,9.996],[106.4994,9.992],[106.5074,9.9851],[106.5085,9.984],[106.5163,9.9774],[106.5215,9.9738],[106.523,9.9723],[106.522,9.971],[106.516,9.9678],[106.5156,9.9674],[106.511,9.9652],[106.5103,9.9653],[106.507,9.9636],[106.5064,9.9627],[106.5018,9.9607],[106.4979,9.9596],[106.4934,9.958],[106.4897,9.9565],[106.4864,9.9553],[106.4875,9.9511],[106.4893,9.9431],[106.4914,9.9356],[106.4909,9.9353],[106.4889,9.9368],[106.4888,9.9352],[106.4869,9.9342],[106.4877,9.9327],[106.4877,9.9314],[106.4853,9.9301],[106.4854,9.929],[106.4867,9.9278],[106.4885,9.9255],[106.4861,9.9253],[106.4855,9.9248],[106.4843,9.9195],[106.4809,9.9218],[106.4753,9.9254],[106.4705,9.9282],[106.4551,9.9365],[106.4406,9.9424],[106.4445,9.9462],[106.445,9.9486],[106.443,9.9525],[106.4449,9.9532],[106.4454,9.9552],[106.4476,9.9563],[106.4482,9.9578],[106.4508,9.9581],[106.4545,9.96],[106.4558,9.9597],[106.4576,9.9639],[106.4599,9.9662],[106.4612,9.9684],[106.4542,9.9711],[106.4517,9.9716],[106.4497,9.9728],[106.4517,9.9777],[106.4582,9.9954],[106.4586,9.9961],[106.464,9.9925],[106.4649,10.0028],[106.465,10.0059],[106.4656,10.0088],[106.4654,10.0203],[106.4597,10.0208],[106.4597,10.0261],[106.4602,10.027],[106.4637,10.0279],[106.4664,10.0306],[106.4698,10.0327],[106.4736,10.0355]]]},"properties":{"name":"Quới Điền","level":"ward"}},{"type":"Feature","geometry":{"type":"Polygon","coordinates":[[[106.4203,10.0273],[106.4213,10.0273],[106.421,10.0396],[106.4213,10.046],[106.4175,10.0467],[106.4181,10.0489],[106.4176,10.0496],[106.4246,10.058],[106.4269,10.0597],[106.428,10.0585],[106.4306,10.0603],[106.4324,10.0567],[106.4358,10.0555],[106.4368,10.0566],[106.4358,10.0575],[106.4374,10.0596],[106.4352,10.0614],[106.4362,10.0623],[106.4353,10.0638],[106.4352,10.0649],[106.4342,10.0661],[106.4356,10.0674],[106.4415,10.0698],[106.4483,10.063],[106.4553,10.0558],[106.472,10.0375],[106.4736,10.0355],[106.4698,10.0327],[106.4664,10.0306],[106.4637,10.0279],[106.4602,10.027],[106.4597,10.0261],[106.4597,10.0208],[106.4654,10.0203],[106.4656,10.0088],[106.465,10.0059],[106.4649,10.0028],[106.464,9.9925],[106.4586,9.9961],[106.4582,9.9954],[106.4517,9.9777],[106.4497,9.9728],[106.4517,9.9716],[106.4542,9.9711],[106.4612,9.9684],[106.4599,9.9662],[106.4576,9.9639],[106.4558,9.9597],[106.4545,9.96],[106.4508,9.9581],[106.4482,9.9578],[106.4476,9.9563],[106.4454,9.9552],[106.4449,9.9532],[106.443,9.9525],[106.445,9.9486],[106.4445,9.9462],[106.4406,9.9424],[106.4296,9.9471],[106.4189,9.9533],[106.4106,9.959],[106.4,9.9671],[106.3992,9.9676],[106.4065,9.9695],[106.41,9.9711],[106.4106,9.9733],[106.4106,9.9749],[106.4113,9.976],[106.414,9.9771],[106.4156,9.9797],[106.4156,9.9818],[106.4172,9.9834],[106.4202,9.9836],[106.4216,9.9857],[106.4242,9.9868],[106.4251,9.9877],[106.4249,9.9888],[106.4188,9.9912],[106.4218,9.9929],[106.4215,9.995],[106.4219,9.9972],[106.42,9.998],[106.4136,9.9981],[106.4149,10.0116],[106.4108,10.0131],[106.4111,10.0141],[106.4157,10.0127],[106.4143,10.018],[106.415,10.0199],[106.4197,10.0255],[106.4207,10.026],[106.4203,10.0273]]]},"properties":{"name":"Đại Điền","level":"ward"}},{"type":"Feature","geometry":{"type":"Polygon","coordinates":[[[106.5829,9.9818],[106.5853,9.9804],[106.592,9.9756],[106.5952,9.9738],[106.6079,9.9677],[106.6268,9.9622],[106.6268,9.9487],[106.6295,9.9482],[106.6316,9.9469],[106.6337,9.9444],[106.6367,9.9421],[106.6378,9.9399],[106.6391,9.9388],[106.6418,9.9391],[106.6444,9.9384],[106.6489,9.9358],[106.6588,9.9296],[106.6622,9.9261],[106.6641,9.923],[106.6655,9.9197],[106.6673,9.9145],[106.6699,9.9062],[106.6716,9.9019],[106.6755,9.9002],[106.6773,9.8978],[106.678,9.8943],[106.6797,9.8921],[106.6796,9.8915],[106.6831,9.8876],[106.6837,9.8855],[106.6846,9.8838],[106.6848,9.8817],[106.684,9.8794],[106.6823,9.8766],[106.6803,9.8744],[106.68,9.8731],[106.6789,9.8714],[106.6758,9.8621],[106.6747,9.8616],[106.673,9.8593],[106.6715,9.856],[106.67,9.8533],[106.6661,9.8447],[106.6647,9.8418],[106.6621,9.8372],[106.6596,9.8343],[106.6564,9.8302],[106.655,9.828],[106.654,9.8274],[106.6463,9.8184],[106.645,9.8167],[106.6417,9.813],[106.6413,9.8143],[106.6414,9.8183],[106.6455,9.8226],[106.6477,9.8243],[106.6503,9.8272],[106.652,9.832],[106.6515,9.8359],[106.6508,9.8388],[106.6494,9.8408],[106.6459,9.8443],[106.6465,9.8463],[106.648,9.848],[106.6481,9.8497],[106.6491,9.8529],[106.6511,9.8567],[106.6484,9.8571],[106.6464,9.8565],[106.645,9.8554],[106.6441,9.854],[106.6414,9.8508],[106.6396,9.8497],[106.6375,9.8478],[106.636,9.8485],[106.6333,9.8492],[106.6347,9.8507],[106.6362,9.8541],[106.6392,9.8562],[106.6398,9.8592],[106.6397,9.8612],[106.6386,9.8637],[106.6355,9.8637],[106.6349,9.8666],[106.6332,9.8692],[106.632,9.8702],[106.6341,9.875],[106.6353,9.8772],[106.6361,9.8777],[106.6391,9.8787],[106.6407,9.8786],[106.6423,9.8797],[106.6438,9.883],[106.6449,9.8885],[106.645,9.891],[106.644,9.8962],[106.6418,9.902],[106.6402,9.9049],[106.6384,9.907],[106.6356,9.9098],[106.6292,9.9141],[106.6268,9.9164],[106.6239,9.9173],[106.6204,9.9166],[106.6148,9.9168],[106.6059,9.9158],[106.6005,9.9158],[106.5947,9.9172],[106.5918,9.9183],[106.5875,9.9203],[106.5847,9.9228],[106.5805,9.9276],[106.5786,9.9325],[106.5775,9.9348],[106.575,9.9377],[106.5715,9.9398],[106.5689,9.9403],[106.5656,9.9406],[106.5632,9.9427],[106.5614,9.9458],[106.56,9.9498],[106.56,9.9519],[106.5607,9.9542],[106.5607,9.9557],[106.56,9.9582],[106.5635,9.9602],[106.5673,9.9609],[106.5694,9.9616],[106.5718,9.9636],[106.5746,9.9675],[106.5778,9.9738],[106.5829,9.9818]]]},"properties":{"name":"Thạnh Hải","level":"ward"}},{"type":"Feature","geometry":{"type":"Polygon","coordinates":[[[106.5108,9.893],[106.5165,9.898],[106.5208,9.9012],[106.5198,9.9028],[106.5254,9.9066],[106.5244,9.9088],[106.5254,9.9142],[106.5249,9.9148],[106.5258,9.9166],[106.5262,9.9196],[106.529,9.9197],[106.5305,9.9229],[106.5295,9.9258],[106.531,9.93],[106.5338,9.9397],[106.5433,9.9405],[106.5443,9.9407],[106.5482,9.9394],[106.5497,9.9394],[106.5513,9.9403],[106.5602,9.944],[106.5614,9.9458],[106.5632,9.9427],[106.5656,9.9406],[106.5689,9.9403],[106.5715,9.9398],[106.575,9.9377],[106.5775,9.9348],[106.5786,9.9325],[106.5805,9.9276],[106.5847,9.9228],[106.5875,9.9203],[106.5918,9.9183],[106.5947,9.9172],[106.6005,9.9158],[106.6002,9.9133],[106.6014,9.9062],[106.6018,9.9048],[106.6034,9.9019],[106.604,9.8999],[106.6038,9.8984],[106.6023,9.8959],[106.6008,9.8945],[106.6,9.8925],[106.6002,9.8909],[106.6012,9.8877],[106.6009,9.8849],[106.5984,9.8796],[106.5955,9.8717],[106.5923,9.8624],[106.591,9.8577],[106.5891,9.8542],[106.586,9.8522],[106.5816,9.8489],[106.576,9.844],[106.5739,9.8426],[106.5719,9.8447],[106.5703,9.8458],[106.5655,9.8497],[106.5604,9.8547],[106.56,9.856],[106.5522,9.8524],[106.549,9.8557],[106.5469,9.8574],[106.5423,9.8606],[106.533,9.8676],[106.5263,9.874],[106.5234,9.8772],[106.5181,9.8839],[106.5158,9.8866],[106.5108,9.893]]]},"properties":{"name":"An Qui","level":"ward"}},{"type":"Feature","geometry":{"type":"Polygon","coordinates":[[[106.6005,9.9158],[106.6059,9.9158],[106.6148,9.9168],[106.6204,9.9166],[106.6239,9.9173],[106.6268,9.9164],[106.6292,9.9141],[106.6356,9.9098],[106.6384,9.907],[106.6402,9.9049],[106.6418,9.902],[106.644,9.8962],[106.645,9.891],[106.6449,9.8885],[106.6438,9.883],[106.6423,9.8797],[106.6407,9.8786],[106.6391,9.8787],[106.6361,9.8777],[106.6353,9.8772],[106.6341,9.875],[106.632,9.8702],[106.6332,9.8692],[106.6349,9.8666],[106.6355,9.8637],[106.6386,9.8637],[106.6397,9.8612],[106.6398,9.8592],[106.6392,9.8562],[106.6362,9.8541],[106.6347,9.8507],[106.6333,9.8492],[106.636,9.8485],[106.6375,9.8478],[106.6396,9.8497],[106.6414,9.8508],[106.6441,9.854],[106.645,9.8554],[106.6464,9.8565],[106.6484,9.8571],[106.6511,9.8567],[106.6491,9.8529],[106.6481,9.8497],[106.648,9.848],[106.6465,9.8463],[106.6459,9.8443],[106.6494,9.8408],[106.6508,9.8388],[106.6515,9.8359],[106.652,9.832],[106.6503,9.8272],[106.6477,9.8243],[106.6455,9.8226],[106.6414,9.8183],[106.6413,9.8143],[106.6417,9.813],[106.6391,9.811],[106.6378,9.8105],[106.636,9.8105],[106.6341,9.8099],[106.6334,9.8086],[106.6316,9.8066],[106.6294,9.8036],[106.6282,9.8032],[106.6276,9.8016],[106.625,9.7981],[106.6237,9.7967],[106.6209,9.7947],[106.6193,9.7939],[106.6145,9.793],[106.611,9.7937],[106.6096,9.7946],[106.6088,9.7964],[106.6097,9.7985],[106.6074,9.8016],[106.6071,9.8041],[106.6053,9.807],[106.6022,9.8067],[106.6021,9.8102],[106.6013,9.8107],[106.5991,9.8106],[106.5957,9.8156],[106.5942,9.8167],[106.5931,9.8184],[106.593,9.8199],[106.5915,9.8209],[106.586,9.8274],[106.5837,9.8313],[106.5825,9.8325],[106.5816,9.8341],[106.58,9.8355],[106.5795,9.8368],[106.5766,9.8388],[106.5739,9.8426],[106.576,9.844],[106.5816,9.8489],[106.586,9.8522],[106.5891,9.8542],[106.591,9.8577],[106.5923,9.8624],[106.5955,9.8717],[106.5984,9.8796],[106.6009,9.8849],[106.6012,9.8877],[106.6002,9.8909],[106.6,9.8925],[106.6008,9.8945],[106.6023,9.8959],[106.6038,9.8984],[106.604,9.8999],[106.6034,9.9019],[106.6018,9.9048],[106.6014,9.9062],[106.6002,9.9133],[106.6005,9.9158]]]},"properties":{"name":"Thạnh Phong","level":"ward"}},{"type":"Feature","geometry":{"type":"Polygon","coordinates":[[[106.3452,9.9368],[106.3448,9.934],[106.345,9.9314],[106.3437,9.9234],[106.3445,9.9179],[106.3492,9.9186],[106.353,9.9185],[106.3537,9.9127],[106.3538,9.9105],[106.3556,9.9105],[106.3565,9.9065],[106.3572,9.9066],[106.3577,9.9033],[106.3573,9.9018],[106.3637,9.903],[106.3657,9.8906],[106.3666,9.8907],[106.3669,9.8888],[106.3628,9.8887],[106.3629,9.8882],[106.3586,9.8877],[106.3575,9.8894],[106.3485,9.8866],[106.3481,9.8906],[106.3467,9.89],[106.335,9.889],[106.3345,9.8973],[106.3211,9.9016],[106.3194,9.9029],[106.3217,9.9054],[106.3255,9.9104],[106.327,9.9129],[106.33,9.9171],[106.3311,9.9196],[106.3327,9.9224],[106.335,9.9256],[106.3381,9.9243],[106.3396,9.9298],[106.3401,9.9335],[106.3348,9.9341],[106.3339,9.9351],[106.334,9.9371],[106.335,9.9378],[106.3358,9.9392],[106.332,9.9409],[106.3298,9.9421],[106.3291,9.9436],[106.329,9.9454],[106.3324,9.9492],[106.3328,9.9501],[106.3319,9.9519],[106.3325,9.9538],[106.3409,9.9537],[106.3405,9.9565],[106.3407,9.9579],[106.3436,9.9581],[106.3441,9.9471],[106.3441,9.9423],[106.342,9.9425],[106.3419,9.9386],[106.3415,9.9374],[106.3452,9.9368]]]},"properties":{"name":"Trà Vinh","level":"ward"}},{"type":"Feature","geometry":{"type":"Polygon","coordinates":[[[106.329,9.9454],[106.3291,9.9436],[106.3298,9.9421],[106.332,9.9409],[106.3358,9.9392],[106.335,9.9378],[106.334,9.9371],[106.3339,9.9351],[106.3348,9.9341],[106.3401,9.9335],[106.3396,9.9298],[106.3381,9.9243],[106.335,9.9256],[106.3327,9.9224],[106.3311,9.9196],[106.33,9.9171],[106.327,9.9129],[106.3255,9.9104],[106.3217,9.9054],[106.3194,9.9029],[106.3168,9.9047],[106.3134,9.9062],[106.3109,9.9085],[106.3095,9.911],[106.3024,9.9078],[106.3019,9.9092],[106.3015,9.9143],[106.3002,9.9154],[106.3022,9.9186],[106.3028,9.9213],[106.3017,9.9236],[106.3,9.9246],[106.2962,9.9259],[106.2936,9.9278],[106.2857,9.93],[106.2846,9.9309],[106.2842,9.9336],[106.2833,9.9345],[106.2817,9.9351],[106.2792,9.9371],[106.2819,9.9396],[106.2844,9.9407],[106.2885,9.9417],[106.2913,9.9433],[106.2937,9.9468],[106.2935,9.9479],[106.2924,9.9492],[106.2924,9.951],[106.2937,9.9521],[106.2962,9.9535],[106.3,9.9547],[106.3021,9.9559],[106.3028,9.9569],[106.3041,9.9617],[106.3059,9.964],[106.308,9.9614],[106.3082,9.9592],[106.311,9.9569],[106.3113,9.9558],[106.311,9.9522],[106.312,9.9532],[106.313,9.9532],[106.3142,9.9523],[106.3163,9.9522],[106.3164,9.9483],[106.3173,9.9483],[106.3182,9.9471],[106.3213,9.9478],[106.3217,9.9455],[106.3229,9.9451],[106.3241,9.9467],[106.3262,9.9465],[106.327,9.9456],[106.329,9.9454]]]},"properties":{"name":"Nguyệt Hoá","level":"ward"}},{"type":"Feature","geometry":{"type":"Polygon","coordinates":[[[106.3208,10.017],[106.3262,10.0137],[106.3387,10.0047],[106.3447,10.0005],[106.3471,9.999],[106.3544,9.9965],[106.3589,9.9943],[106.3735,9.9834],[106.3787,9.9797],[106.3839,9.9678],[106.3888,9.9555],[106.3903,9.9514],[106.3901,9.9483],[106.3888,9.9461],[106.3861,9.9478],[106.3816,9.9519],[106.3797,9.9543],[106.3768,9.9596],[106.373,9.9631],[106.3686,9.9675],[106.3661,9.9698],[106.3593,9.9756],[106.3559,9.9719],[106.3531,9.9701],[106.3524,9.9691],[106.3501,9.9582],[106.349,9.9535],[106.3452,9.9368],[106.3415,9.9374],[106.3419,9.9386],[106.342,9.9425],[106.3441,9.9423],[106.3441,9.9471],[106.3436,9.9581],[106.3407,9.9579],[106.3405,9.9565],[106.3409,9.9537],[106.3325,9.9538],[106.3319,9.9519],[106.3328,9.9501],[106.3324,9.9492],[106.329,9.9454],[106.327,9.9456],[106.3262,9.9465],[106.3241,9.9467],[106.3229,9.9451],[106.3217,9.9455],[106.3213,9.9478],[106.3182,9.9471],[106.3173,9.9483],[106.3164,9.9483],[106.3163,9.9522],[106.3142,9.9523],[106.313,9.9532],[106.312,9.9532],[106.311,9.9522],[106.3113,9.9558],[106.311,9.9569],[106.3082,9.9592],[106.308,9.9614],[106.3059,9.964],[106.3049,9.9668],[106.3047,9.9682],[106.3057,9.9702],[106.3079,9.9726],[106.3071,9.9764],[106.3089,9.9796],[106.3095,9.9821],[106.3105,9.984],[106.3105,9.9858],[106.31,9.9889],[106.3141,9.9939],[106.3149,9.996],[106.3141,9.999],[106.3119,10.0018],[106.3078,10.0037],[106.3048,10.0054],[106.3035,10.0074],[106.3032,10.0091],[106.3035,10.0104],[106.3046,10.0116],[106.3076,10.0125],[106.3116,10.0122],[106.3135,10.0125],[106.3208,10.017]]]},"properties":{"name":"Long Đức","level":"ward"}},{"type":"Feature","geometry":{"type":"Polygon","coordinates":[[[106.217,9.9717],[106.2087,9.9773],[106.2029,9.9817],[106.2019,9.979],[106.2009,9.9776],[106.2,9.9781],[106.1984,9.9773],[106.1974,9.9774],[106.1935,9.9795],[106.1847,9.9841],[106.1817,9.9858],[106.1797,9.9867],[106.1685,9.9927],[106.1653,9.9945],[106.1602,9.9971],[106.1551,10.0001],[106.1497,10.0007],[106.1478,10.0007],[106.1441,10.0018],[106.1346,10.0049],[106.1348,10.0149],[106.1348,10.0239],[106.1446,10.0199],[106.1504,10.0177],[106.1509,10.0177],[106.1721,10.0222],[106.1783,10.0234],[106.1796,10.0239],[106.1873,10.0254],[106.19,10.0263],[106.1919,10.0252],[106.1948,10.0248],[106.1954,10.0238],[106.1963,10.0206],[106.1975,10.0183],[106.1986,10.0151],[106.2037,10.01],[106.2045,10.0096],[106.2067,10.0118],[106.208,10.0117],[106.2084,10.0109],[106.2078,10.0098],[106.2085,10.0089],[106.211,10.0087],[106.2123,10.0113],[106.2148,10.0147],[106.2173,10.015],[106.2183,10.0146],[106.2214,10.0147],[106.2224,10.0163],[106.2241,10.018],[106.228,10.0195],[106.2291,10.0202],[106.2321,10.0233],[106.2323,10.0249],[106.2314,10.0293],[106.2313,10.0361],[106.231,10.0419],[106.2317,10.044],[106.2339,10.0474],[106.2356,10.0508],[106.2387,10.049],[106.2421,10.0487],[106.2429,10.0473],[106.243,10.0454],[106.2443,10.0435],[106.2459,10.0436],[106.2462,10.0414],[106.2481,10.0406],[106.249,10.0426],[106.2509,10.0402],[106.2528,10.0395],[106.2547,10.0398],[106.2561,10.0384],[106.2576,10.0356],[106.259,10.034],[106.2625,10.0359],[106.2633,10.0356],[106.2644,10.0365],[106.2653,10.035],[106.2648,10.0335],[106.2673,10.0344],[106.2687,10.0358],[106.2692,10.034],[106.2703,10.0327],[106.2718,10.033],[106.272,10.0316],[106.2731,10.0314],[106.2767,10.029],[106.2761,10.0277],[106.278,10.0265],[106.2745,10.0214],[106.2708,10.0248],[106.2699,10.0249],[106.2672,10.0228],[106.2664,10.0236],[106.2652,10.0228],[106.2651,10.0217],[106.2635,10.0199],[106.2615,10.0192],[106.2601,10.0203],[106.2501,10.0171],[106.2479,10.0225],[106.2443,10.0201],[106.2455,10.0185],[106.2457,10.0171],[106.2456,10.0113],[106.2377,10.0146],[106.2359,10.0115],[106.2344,10.0086],[106.2326,10.0041],[106.2257,9.9899],[106.2208,9.9908],[106.2203,9.9894],[106.2203,9.9875],[106.2191,9.9848],[106.2195,9.9831],[106.2177,9.9809],[106.2177,9.9791],[106.217,9.9765],[106.2172,9.9728],[106.217,9.9717]]]},"properties":{"name":"Càng Long","level":"ward"}},{"type":"Feature","geometry":{"type":"Polygon","coordinates":[[[106.1346,10.0049],[106.1441,10.0018],[106.1478,10.0007],[106.1497,10.0007],[106.1551,10.0001],[106.1602,9.9971],[106.1653,9.9945],[106.1685,9.9927],[106.1797,9.9867],[106.1817,9.9858],[106.1847,9.9841],[106.1935,9.9795],[106.1974,9.9774],[106.1984,9.9773],[106.2,9.9781],[106.2009,9.9776],[106.2019,9.979],[106.2029,9.9817],[106.2087,9.9773],[106.217,9.9717],[106.2174,9.9671],[106.2171,9.9635],[106.2158,9.9606],[106.2129,9.9556],[106.2107,9.9498],[106.2052,9.9423],[106.2023,9.9377],[106.1995,9.9347],[106.1943,9.9412],[106.1916,9.9389],[106.1923,9.9381],[106.1903,9.9357],[106.1892,9.9351],[106.1938,9.9284],[106.1976,9.9226],[106.1985,9.9209],[106.1966,9.9199],[106.1853,9.9152],[106.1826,9.9144],[106.18,9.9133],[106.1784,9.9129],[106.1666,9.9112],[106.1583,9.9106],[106.1558,9.9108],[106.1529,9.9119],[106.1432,9.9178],[106.1402,9.9197],[106.1304,9.9257],[106.1225,9.9311],[106.1163,9.9355],[106.1127,9.9384],[106.1215,9.9482],[106.1251,9.9525],[106.1317,9.9618],[106.1329,9.9746],[106.1334,9.9814],[106.132,9.9837],[106.1319,9.9862],[106.1306,9.9909],[106.1344,10.0023],[106.1346,10.0049]]]},"properties":{"name":"An Trường","level":"ward"}},{"type":"Feature","geometry":{"type":"Polygon","coordinates":[[[106.1402,9.9197],[106.1432,9.9178],[106.1529,9.9119],[106.1558,9.9108],[106.1583,9.9106],[106.1666,9.9112],[106.1784,9.9129],[106.18,9.9133],[106.1826,9.9144],[106.1853,9.9152],[106.1966,9.9199],[106.1985,9.9209],[106.1976,9.9226],[106.1938,9.9284],[106.1892,9.9351],[106.1903,9.9357],[106.1923,9.9381],[106.1916,9.9389],[106.1943,9.9412],[106.1995,9.9347],[106.2023,9.9377],[106.2052,9.9423],[106.2107,9.9498],[106.2172,9.9461],[106.235,9.9344],[106.2359,9.9365],[106.2398,9.9355],[106.2518,9.9312],[106.2515,9.9306],[106.2531,9.9286],[106.2506,9.9282],[106.2489,9.926],[106.2483,9.9225],[106.2507,9.9208],[106.2528,9.9187],[106.2525,9.9172],[106.2495,9.9169],[106.2485,9.9178],[106.2469,9.9173],[106.246,9.9178],[106.2445,9.9172],[106.2447,9.9153],[106.2432,9.9154],[106.2404,9.9128],[106.2385,9.9092],[106.237,9.9075],[106.2353,9.9042],[106.2363,9.8995],[106.2362,9.8985],[106.2311,9.8969],[106.2281,9.8954],[106.2243,9.8928],[106.2238,9.8916],[106.2221,9.8906],[106.2198,9.8898],[106.2194,9.8905],[106.2178,9.8891],[106.2156,9.888],[106.2155,9.8868],[106.211,9.8858],[106.211,9.8863],[106.2068,9.886],[106.2069,9.8855],[106.204,9.8843],[106.2023,9.8848],[106.2003,9.886],[106.1968,9.8858],[106.1965,9.8871],[106.1955,9.8909],[106.1949,9.892],[106.189,9.8894],[106.185,9.8879],[106.1837,9.8926],[106.1788,9.8918],[106.1698,9.8902],[106.162,9.8889],[106.1632,9.8853],[106.1676,9.874],[106.1707,9.867],[106.1721,9.864],[106.1697,9.8634],[106.1656,9.8616],[106.1634,9.8603],[106.1618,9.8606],[106.1596,9.8604],[106.1577,9.8614],[106.1559,9.8631],[106.1564,9.8643],[106.1564,9.8664],[106.1537,9.8656],[106.151,9.866],[106.1491,9.8652],[106.145,9.865],[106.1419,9.8676],[106.1411,9.8697],[106.1397,9.872],[106.1383,9.8758],[106.1358,9.8784],[106.136,9.8808],[106.1354,9.8825],[106.1348,9.8864],[106.1304,9.8969],[106.1287,9.9004],[106.1283,9.902],[106.1295,9.9033],[106.1391,9.9192],[106.1402,9.9197]]]},"properties":{"name":"Tân An","level":"ward"}},{"type":"Feature","geometry":{"type":"Polygon","coordinates":[[[106.3059,9.964],[106.3041,9.9617],[106.3028,9.9569],[106.3021,9.9559],[106.3,9.9547],[106.2962,9.9535],[106.2937,9.9521],[106.2924,9.951],[106.2924,9.9492],[106.2935,9.9479],[106.2937,9.9468],[106.2913,9.9433],[106.2885,9.9417],[106.2844,9.9407],[106.2819,9.9396],[106.2792,9.9371],[106.2756,9.9343],[106.2731,9.9334],[106.2703,9.9312],[106.2685,9.9283],[106.2656,9.9248],[106.2622,9.9235],[106.2623,9.9223],[106.2639,9.9194],[106.2655,9.9172],[106.2654,9.9161],[106.2645,9.915],[106.2621,9.915],[106.2602,9.9141],[106.2592,9.9153],[106.2572,9.9152],[106.2544,9.9159],[106.2525,9.9172],[106.2528,9.9187],[106.2507,9.9208],[106.2483,9.9225],[106.2489,9.926],[106.2506,9.9282],[106.2531,9.9286],[106.2515,9.9306],[106.2518,9.9312],[106.2398,9.9355],[106.2359,9.9365],[106.235,9.9344],[106.2172,9.9461],[106.2107,9.9498],[106.2129,9.9556],[106.2158,9.9606],[106.2171,9.9635],[106.2174,9.9671],[106.217,9.9717],[106.2197,9.9698],[106.2232,9.9734],[106.2234,9.9753],[106.2251,9.9778],[106.2275,9.979],[106.2288,9.9792],[106.2314,9.9814],[106.2335,9.9821],[106.2339,9.9835],[106.2338,9.9865],[106.235,9.9885],[106.2369,9.9901],[106.2369,9.992],[106.2376,9.9932],[106.2407,9.9964],[106.2423,9.9986],[106.2447,9.9986],[106.2461,10.0005],[106.2477,10],[106.2502,9.9967],[106.2519,9.9949],[106.2547,9.9908],[106.2554,9.9889],[106.2573,9.9885],[106.2598,9.9886],[106.2616,9.9897],[106.2615,9.9929],[106.2632,9.9953],[106.2647,9.9982],[106.2673,9.9972],[106.2689,9.996],[106.2705,9.9964],[106.2716,9.9975],[106.2697,10.0001],[106.2714,10.0004],[106.2724,10.002],[106.2741,10.0025],[106.2785,10.0003],[106.2801,9.999],[106.2813,9.9966],[106.2819,9.9938],[106.2831,9.9917],[106.2845,9.991],[106.2881,9.9906],[106.2905,9.991],[106.2935,9.9895],[106.2961,9.987],[106.298,9.987],[106.3005,9.988],[106.3039,9.9873],[106.3057,9.9857],[106.307,9.983],[106.3079,9.9821],[106.3095,9.9821],[106.3089,9.9796],[106.3071,9.9764],[106.3079,9.9726],[106.3057,9.9702],[106.3047,9.9682],[106.3049,9.9668],[106.3059,9.964]]]},"properties":{"name":"Bình Phú","level":"ward"}},{"type":"Feature","geometry":{"type":"Polygon","coordinates":[[[106.296,10.0396],[106.298,10.0372],[106.3005,10.0342],[106.3087,10.0258],[106.3121,10.0229],[106.3179,10.0186],[106.3208,10.017],[106.3135,10.0125],[106.3116,10.0122],[106.3076,10.0125],[106.3046,10.0116],[106.3035,10.0104],[106.3032,10.0091],[106.3035,10.0074],[106.3048,10.0054],[106.3078,10.0037],[106.3119,10.0018],[106.3141,9.999],[106.3149,9.996],[106.3141,9.9939],[106.31,9.9889],[106.3105,9.9858],[106.3105,9.984],[106.3095,9.9821],[106.3079,9.9821],[106.307,9.983],[106.3057,9.9857],[106.3039,9.9873],[106.3005,9.988],[106.298,9.987],[106.2961,9.987],[106.2935,9.9895],[106.2905,9.991],[106.2881,9.9906],[106.2845,9.991],[106.2831,9.9917],[106.2819,9.9938],[106.2813,9.9966],[106.2801,9.999],[106.2785,10.0003],[106.2741,10.0025],[106.2724,10.002],[106.2714,10.0004],[106.2697,10.0001],[106.2716,9.9975],[106.2705,9.9964],[106.2689,9.996],[106.2673,9.9972],[106.2647,9.9982],[106.2632,9.9953],[106.2615,9.9929],[106.2616,9.9897],[106.2598,9.9886],[106.2573,9.9885],[106.2554,9.9889],[106.2547,9.9908],[106.2519,9.9949],[106.2502,9.9967],[106.2477,10],[106.2461,10.0005],[106.2447,9.9986],[106.2423,9.9986],[106.2407,9.9964],[106.2376,9.9932],[106.2369,9.992],[106.2369,9.9901],[106.235,9.9885],[106.2338,9.9865],[106.2339,9.9835],[106.2335,9.9821],[106.2314,9.9814],[106.2288,9.9792],[106.2275,9.979],[106.2251,9.9778],[106.2234,9.9753],[106.2232,9.9734],[106.2197,9.9698],[106.217,9.9717],[106.2172,9.9728],[106.217,9.9765],[106.2177,9.9791],[106.2177,9.9809],[106.2195,9.9831],[106.2191,9.9848],[106.2203,9.9875],[106.2203,9.9894],[106.2208,9.9908],[106.2257,9.9899],[106.2326,10.0041],[106.2344,10.0086],[106.2359,10.0115],[106.2377,10.0146],[106.2456,10.0113],[106.2457,10.0171],[106.2455,10.0185],[106.2443,10.0201],[106.2479,10.0225],[106.2501,10.0171],[106.2601,10.0203],[106.2615,10.0192],[106.2635,10.0199],[106.2651,10.0217],[106.2652,10.0228],[106.2664,10.0236],[106.2672,10.0228],[106.2699,10.0249],[106.2708,10.0248],[106.2745,10.0214],[106.278,10.0265],[106.2761,10.0277],[106.2767,10.029],[106.2731,10.0314],[106.272,10.0316],[106.2718,10.033],[106.2703,10.0327],[106.2692,10.034],[106.2687,10.0358],[106.2673,10.0344],[106.2648,10.0335],[106.2653,10.035],[106.2644,10.0365],[106.2633,10.0356],[106.2625,10.0359],[106.259,10.034],[106.2576,10.0356],[106.2561,10.0384],[106.2547,10.0398],[106.2528,10.0395],[106.2509,10.0402],[106.249,10.0426],[106.2481,10.0406],[106.2462,10.0414],[106.2459,10.0436],[106.2443,10.0435],[106.243,10.0454],[106.2429,10.0473],[106.2421,10.0487],[106.2387,10.049],[106.2356,10.0508],[106.2339,10.0474],[106.2317,10.044],[106.231,10.0419],[106.2228,10.0436],[106.2268,10.0482],[106.2252,10.0549],[106.2247,10.056],[106.225,10.0571],[106.2289,10.0589],[106.2274,10.0601],[106.2277,10.0635],[106.2282,10.064],[106.2285,10.0667],[106.2277,10.0675],[106.2283,10.0705],[106.2294,10.0726],[106.2325,10.0738],[106.2321,10.0749],[106.2331,10.0766],[106.2383,10.0821],[106.2501,10.0744],[106.2613,10.0687],[106.2703,10.0629],[106.2823,10.0536],[106.296,10.0396]]]},"properties":{"name":"Nhị Long","level":"ward"}},{"type":"Feature","geometry":{"type":"Polygon","coordinates":[[[106.1283,9.902],[106.1287,9.9004],[106.1304,9.8969],[106.1348,9.8864],[106.1354,9.8825],[106.136,9.8808],[106.1358,9.8784],[106.1344,9.8779],[106.1308,9.8749],[106.1243,9.8692],[106.1228,9.8677],[106.1176,9.8629],[106.1173,9.8614],[106.1188,9.8596],[106.1205,9.8585],[106.1203,9.8566],[106.1184,9.8584],[106.1175,9.8587],[106.1155,9.8577],[106.1101,9.8614],[106.1109,9.8621],[106.1091,9.864],[106.1073,9.8626],[106.1056,9.8656],[106.1045,9.8659],[106.1011,9.8613],[106.0997,9.8614],[106.096,9.8592],[106.0883,9.8536],[106.0863,9.8515],[106.0863,9.8502],[106.0851,9.8488],[106.0835,9.8483],[106.0833,9.8469],[106.0822,9.8452],[106.0823,9.8442],[106.0802,9.844],[106.0794,9.8428],[106.0785,9.8397],[106.0753,9.8402],[106.0722,9.8385],[106.073,9.8356],[106.0714,9.8345],[106.0742,9.8326],[106.0726,9.8309],[106.0716,9.8289],[106.0707,9.8292],[106.0678,9.8271],[106.0667,9.8252],[106.065,9.8248],[106.0608,9.8229],[106.0584,9.8224],[106.058,9.8248],[106.0572,9.8254],[106.0549,9.8324],[106.0535,9.8319],[106.0524,9.8342],[106.0504,9.8364],[106.049,9.8418],[106.0492,9.8429],[106.054,9.8448],[106.056,9.8462],[106.0594,9.8471],[106.0627,9.8469],[106.0619,9.8489],[106.0621,9.851],[106.0662,9.8519],[106.0661,9.8526],[106.0686,9.8543],[106.0693,9.8537],[106.0716,9.8541],[106.0717,9.8547],[106.0735,9.8567],[106.0758,9.8581],[106.077,9.8569],[106.0787,9.8594],[106.0782,9.8599],[106.0786,9.8617],[106.0769,9.8619],[106.0708,9.8618],[106.07,9.8626],[106.0668,9.8598],[106.0649,9.8595],[106.0627,9.861],[106.0623,9.8652],[106.0605,9.8637],[106.0575,9.8618],[106.0563,9.8614],[106.0539,9.8672],[106.052,9.8705],[106.0524,9.8714],[106.0518,9.8726],[106.0497,9.8738],[106.0478,9.8744],[106.0467,9.8759],[106.0446,9.8764],[106.0447,9.8781],[106.0457,9.8783],[106.0469,9.8805],[106.0456,9.8805],[106.0448,9.8814],[106.0454,9.8831],[106.0471,9.8846],[106.0486,9.8852],[106.0498,9.8902],[106.0497,9.8926],[106.0506,9.8938],[106.0491,9.8947],[106.0496,9.897],[106.0503,9.8972],[106.0509,9.8995],[106.0519,9.9055],[106.0512,9.9062],[106.0525,9.909],[106.0523,9.9111],[106.0573,9.9109],[106.0585,9.9118],[106.0613,9.9118],[106.0645,9.914],[106.0676,9.9148],[106.0736,9.9145],[106.0737,9.915],[106.0769,9.9144],[106.0769,9.9187],[106.0782,9.9188],[106.0823,9.9203],[106.0843,9.9203],[106.0858,9.9193],[106.0872,9.9194],[106.0876,9.9178],[106.0885,9.9175],[106.0884,9.9161],[106.0896,9.9161],[106.0896,9.9146],[106.0942,9.9143],[106.0941,9.9121],[106.0947,9.9113],[106.0941,9.909],[106.0932,9.9089],[106.0933,9.9062],[106.0928,9.9043],[106.0916,9.9038],[106.0911,9.9017],[106.0893,9.9017],[106.0892,9.8999],[106.0877,9.8947],[106.0885,9.8944],[106.0948,9.8976],[106.0956,9.8972],[106.1085,9.9004],[106.1164,9.9023],[106.1176,9.9027],[106.1203,9.903],[106.1217,9.9023],[106.125,9.9037],[106.1271,9.9043],[106.1283,9.902]]]},"properties":{"name":"Cầu Kè","level":"ward"}},{"type":"Feature","geometry":{"type":"Polygon","coordinates":[[[106.0446,9.8764],[106.0467,9.8759],[106.0478,9.8744],[106.0497,9.8738],[106.0518,9.8726],[106.0524,9.8714],[106.052,9.8705],[106.0539,9.8672],[106.0563,9.8614],[106.0575,9.8618],[106.0605,9.8637],[106.0623,9.8652],[106.0627,9.861],[106.0649,9.8595],[106.0668,9.8598],[106.07,9.8626],[106.0708,9.8618],[106.0769,9.8619],[106.0786,9.8617],[106.0782,9.8599],[106.0787,9.8594],[106.077,9.8569],[106.0758,9.8581],[106.0735,9.8567],[106.0717,9.8547],[106.0716,9.8541],[106.0693,9.8537],[106.0686,9.8543],[106.0661,9.8526],[106.0662,9.8519],[106.0621,9.851],[106.0619,9.8489],[106.0627,9.8469],[106.0594,9.8471],[106.056,9.8462],[106.054,9.8448],[106.0492,9.8429],[106.049,9.8418],[106.0504,9.8364],[106.0524,9.8342],[106.0535,9.8319],[106.0549,9.8324],[106.0572,9.8254],[106.058,9.8248],[106.0584,9.8224],[106.0566,9.8211],[106.0518,9.8196],[106.0525,9.8179],[106.054,9.8153],[106.0547,9.8136],[106.0543,9.8117],[106.0491,9.8046],[106.0469,9.8069],[106.0421,9.8115],[106.033,9.8177],[106.0268,9.8222],[106.0238,9.825],[106.0172,9.8329],[106.0054,9.8462],[106.0023,9.8511],[105.9998,9.8546],[105.9991,9.856],[105.9964,9.8645],[105.9944,9.868],[105.9897,9.8727],[105.9794,9.8846],[105.9784,9.8877],[105.9767,9.8915],[105.9751,9.894],[105.9717,9.8983],[105.9662,9.9047],[105.9611,9.9102],[105.9598,9.9121],[105.9568,9.9171],[105.9532,9.9212],[105.9546,9.9219],[105.9578,9.9221],[105.9597,9.9228],[105.9622,9.9218],[105.9633,9.9222],[105.9659,9.9195],[105.9722,9.9141],[105.9768,9.9108],[105.9783,9.9106],[105.9829,9.9045],[105.9862,9.9013],[105.9875,9.9028],[105.9903,9.9041],[105.9918,9.9066],[105.9928,9.9067],[105.9938,9.9058],[105.9963,9.9056],[105.999,9.9076],[105.9997,9.9084],[106.0013,9.9091],[106.0023,9.9084],[106.0026,9.9071],[106.0038,9.907],[106.0043,9.9054],[106.0051,9.9049],[106.006,9.902],[106.0078,9.8986],[106.0066,9.897],[106.0079,9.8946],[106.0063,9.8911],[106.0056,9.8885],[106.0161,9.8853],[106.016,9.8846],[106.0194,9.8835],[106.0212,9.8837],[106.0225,9.8831],[106.0232,9.8839],[106.0247,9.8839],[106.0266,9.8827],[106.0294,9.8801],[106.0316,9.8814],[106.0339,9.8804],[106.0446,9.8764]]]},"properties":{"name":"An Phú Tân","level":"ward"}},{"type":"Feature","geometry":{"type":"Polygon","coordinates":[[[106.1358,9.8784],[106.1383,9.8758],[106.1397,9.872],[106.1411,9.8697],[106.1419,9.8676],[106.145,9.865],[106.1491,9.8652],[106.151,9.866],[106.1537,9.8656],[106.1564,9.8664],[106.1564,9.8643],[106.1559,9.8631],[106.1577,9.8614],[106.1596,9.8604],[106.1618,9.8606],[106.1634,9.8603],[106.1656,9.8616],[106.1671,9.8606],[106.1679,9.8582],[106.1675,9.8572],[106.1652,9.8559],[106.1639,9.8557],[106.1628,9.8542],[106.1632,9.8525],[106.1619,9.8493],[106.1626,9.8483],[106.1619,9.8471],[106.1609,9.8475],[106.1592,9.847],[106.1603,9.8456],[106.1616,9.8459],[106.1614,9.8443],[106.1619,9.8429],[106.1608,9.8428],[106.1595,9.8418],[106.1583,9.8427],[106.1554,9.8408],[106.1534,9.8385],[106.1516,9.8369],[106.1426,9.8281],[106.1383,9.8228],[106.1362,9.8205],[106.1305,9.8167],[106.1308,9.8156],[106.1286,9.814],[106.1269,9.814],[106.1268,9.8107],[106.1278,9.8091],[106.127,9.8072],[106.1276,9.8061],[106.1264,9.8037],[106.123,9.8061],[106.1215,9.8065],[106.1188,9.8067],[106.1178,9.8063],[106.1174,9.8049],[106.1159,9.8041],[106.1161,9.803],[106.1178,9.8031],[106.117,9.8016],[106.1177,9.8001],[106.1174,9.7989],[106.1183,9.7983],[106.116,9.7956],[106.114,9.7952],[106.1074,9.7942],[106.1033,9.7938],[106.1036,9.791],[106.1054,9.7904],[106.1017,9.7846],[106.0993,9.7819],[106.106,9.7765],[106.1038,9.7738],[106.1034,9.7727],[106.1021,9.7714],[106.1067,9.7683],[106.109,9.7664],[106.1114,9.7631],[106.1119,9.7611],[106.1121,9.7582],[106.1118,9.7548],[106.1107,9.7515],[106.1066,9.7551],[106.1012,9.7594],[106.0947,9.7639],[106.0887,9.7671],[106.0848,9.769],[106.0781,9.7715],[106.0748,9.7735],[106.0714,9.7761],[106.0692,9.7784],[106.0608,9.7901],[106.0574,9.7938],[106.0533,9.7996],[106.0491,9.8046],[106.0543,9.8117],[106.0547,9.8136],[106.054,9.8153],[106.0525,9.8179],[106.0518,9.8196],[106.0566,9.8211],[106.0584,9.8224],[106.0608,9.8229],[106.065,9.8248],[106.0667,9.8252],[106.0678,9.8271],[106.0707,9.8292],[106.0716,9.8289],[106.0726,9.8309],[106.0742,9.8326],[106.0714,9.8345],[106.073,9.8356],[106.0722,9.8385],[106.0753,9.8402],[106.0785,9.8397],[106.0794,9.8428],[106.0802,9.844],[106.0823,9.8442],[106.0822,9.8452],[106.0833,9.8469],[106.0835,9.8483],[106.0851,9.8488],[106.0863,9.8502],[106.0863,9.8515],[106.0883,9.8536],[106.096,9.8592],[106.0997,9.8614],[106.1011,9.8613],[106.1045,9.8659],[106.1056,9.8656],[106.1073,9.8626],[106.1091,9.864],[106.1109,9.8621],[106.1101,9.8614],[106.1155,9.8577],[106.1175,9.8587],[106.1184,9.8584],[106.1203,9.8566],[106.1205,9.8585],[106.1188,9.8596],[106.1173,9.8614],[106.1176,9.8629],[106.1228,9.8677],[106.1243,9.8692],[106.1308,9.8749],[106.1344,9.8779],[106.1358,9.8784]]]},"properties":{"name":"Phong Thạnh","level":"ward"}},{"type":"Feature","geometry":{"type":"Polygon","coordinates":[[[106.1127,9.9384],[106.1163,9.9355],[106.1225,9.9311],[106.1304,9.9257],[106.1402,9.9197],[106.1391,9.9192],[106.1295,9.9033],[106.1283,9.902],[106.1271,9.9043],[106.125,9.9037],[106.1217,9.9023],[106.1203,9.903],[106.1176,9.9027],[106.1164,9.9023],[106.1085,9.9004],[106.0956,9.8972],[106.0948,9.8976],[106.0885,9.8944],[106.0877,9.8947],[106.0892,9.8999],[106.0893,9.9017],[106.0911,9.9017],[106.0916,9.9038],[106.0928,9.9043],[106.0933,9.9062],[106.0932,9.9089],[106.0941,9.909],[106.0947,9.9113],[106.0941,9.9121],[106.0942,9.9143],[106.0896,9.9146],[106.0896,9.9161],[106.0884,9.9161],[106.0885,9.9175],[106.0876,9.9178],[106.0872,9.9194],[106.0858,9.9193],[106.0843,9.9203],[106.0823,9.9203],[106.0782,9.9188],[106.0769,9.9187],[106.0769,9.9144],[106.0737,9.915],[106.0736,9.9145],[106.0676,9.9148],[106.0645,9.914],[106.0613,9.9118],[106.0585,9.9118],[106.0573,9.9109],[106.0523,9.9111],[106.0525,9.909],[106.0512,9.9062],[106.0519,9.9055],[106.0509,9.8995],[106.0503,9.8972],[106.0496,9.897],[106.0491,9.8947],[106.0506,9.8938],[106.0497,9.8926],[106.0498,9.8902],[106.0486,9.8852],[106.0471,9.8846],[106.0454,9.8831],[106.0448,9.8814],[106.0456,9.8805],[106.0469,9.8805],[106.0457,9.8783],[106.0447,9.8781],[106.0446,9.8764],[106.0339,9.8804],[106.0316,9.8814],[106.0294,9.8801],[106.0266,9.8827],[106.0247,9.8839],[106.0232,9.8839],[106.0225,9.8831],[106.0212,9.8837],[106.0194,9.8835],[106.016,9.8846],[106.0161,9.8853],[106.0056,9.8885],[106.0063,9.8911],[106.0079,9.8946],[106.0066,9.897],[106.0078,9.8986],[106.006,9.902],[106.0051,9.9049],[106.0043,9.9054],[106.0038,9.907],[106.0026,9.9071],[106.0023,9.9084],[106.0013,9.9091],[106.0029,9.9101],[106.0069,9.912],[106.0112,9.9135],[106.0121,9.9149],[106.0145,9.9162],[106.0153,9.9174],[106.0155,9.9202],[106.0144,9.9211],[106.0131,9.9234],[106.013,9.9243],[106.0166,9.9265],[106.0173,9.9274],[106.0202,9.9327],[106.0211,9.9329],[106.0232,9.9306],[106.025,9.9304],[106.0268,9.9296],[106.0277,9.9277],[106.0294,9.9279],[106.0348,9.9269],[106.0369,9.9276],[106.0378,9.9272],[106.039,9.9285],[106.0391,9.9304],[106.0401,9.9322],[106.0423,9.9328],[106.0425,9.9349],[106.0457,9.9381],[106.0474,9.9386],[106.0512,9.9412],[106.0536,9.9419],[106.0555,9.9422],[106.0552,9.9447],[106.0562,9.9455],[106.0558,9.9468],[106.0626,9.9456],[106.063,9.9478],[106.066,9.9476],[106.0704,9.9464],[106.0752,9.9456],[106.0767,9.9448],[106.0791,9.9494],[106.0866,9.9596],[106.0918,9.9561],[106.1028,9.9486],[106.1127,9.9384]]]},"properties":{"name":"Tam Ngãi","level":"ward"}},{"type":"Feature","geometry":{"type":"Polygon","coordinates":[[[106.1656,9.8616],[106.1697,9.8634],[106.1721,9.864],[106.1707,9.867],[106.1676,9.874],[106.1632,9.8853],[106.162,9.8889],[106.1698,9.8902],[106.1788,9.8918],[106.1837,9.8926],[106.185,9.8879],[106.189,9.8894],[106.1949,9.892],[106.1955,9.8909],[106.1965,9.8871],[106.1883,9.8819],[106.1879,9.8785],[106.1904,9.8784],[106.1902,9.8764],[106.1889,9.8766],[106.1884,9.8743],[106.1887,9.8725],[106.1912,9.8725],[106.1926,9.8698],[106.1946,9.8697],[106.1953,9.868],[106.196,9.8644],[106.1959,9.8627],[106.1915,9.8589],[106.1907,9.8579],[106.1912,9.8566],[106.1916,9.8537],[106.1894,9.8502],[106.189,9.8462],[106.1892,9.8441],[106.19,9.8414],[106.1914,9.8375],[106.1924,9.8334],[106.2011,9.8366],[106.2016,9.8353],[106.2048,9.8373],[106.2088,9.8292],[106.2108,9.8303],[106.2122,9.8294],[106.2134,9.8297],[106.2142,9.8271],[106.2141,9.8253],[106.2126,9.8244],[106.2133,9.8229],[106.2114,9.8222],[106.2123,9.8208],[106.209,9.8199],[106.2095,9.8182],[106.2081,9.8176],[106.2097,9.8154],[106.2078,9.8128],[106.2066,9.8121],[106.2075,9.8108],[106.2081,9.8081],[106.2102,9.8058],[106.2092,9.8025],[106.2099,9.8003],[106.2081,9.7991],[106.2057,9.7968],[106.2043,9.7962],[106.2019,9.7964],[106.2009,9.7974],[106.1985,9.7973],[106.1947,9.7931],[106.1919,9.7913],[106.1886,9.7904],[106.1878,9.7922],[106.187,9.7914],[106.1874,9.7899],[106.1821,9.7887],[106.1811,9.7915],[106.1801,9.7923],[106.1784,9.7919],[106.1774,9.7921],[106.1747,9.7914],[106.1736,9.7907],[106.1714,9.7905],[106.17,9.7897],[106.1684,9.7881],[106.1666,9.7892],[106.1665,9.7901],[106.1633,9.7951],[106.1614,9.796],[106.1573,9.7984],[106.1556,9.8028],[106.1551,9.8063],[106.1523,9.8102],[106.1513,9.8104],[106.1481,9.8094],[106.1471,9.8116],[106.1445,9.8188],[106.1408,9.8177],[106.1383,9.8228],[106.1426,9.8281],[106.1516,9.8369],[106.1534,9.8385],[106.1554,9.8408],[106.1583,9.8427],[106.1595,9.8418],[106.1608,9.8428],[106.1619,9.8429],[106.1614,9.8443],[106.1616,9.8459],[106.1603,9.8456],[106.1592,9.847],[106.1609,9.8475],[106.1619,9.8471],[106.1626,9.8483],[106.1619,9.8493],[106.1632,9.8525],[106.1628,9.8542],[106.1639,9.8557],[106.1652,9.8559],[106.1675,9.8572],[106.1679,9.8582],[106.1671,9.8606],[106.1656,9.8616]]]},"properties":{"name":"Tiểu Cần","level":"ward"}},{"type":"Feature","geometry":{"type":"Polygon","coordinates":[[[106.2019,9.7964],[106.2043,9.7962],[106.2057,9.7968],[106.2081,9.7991],[106.2099,9.8003],[106.2117,9.7982],[106.2133,9.7976],[106.2161,9.7977],[106.2173,9.7995],[106.218,9.8026],[106.2188,9.8032],[106.2231,9.8022],[106.2259,9.8008],[106.2284,9.799],[106.2307,9.7984],[106.2319,9.7988],[106.2357,9.8007],[106.2389,9.8013],[106.2396,9.8024],[106.2442,9.807],[106.2452,9.8095],[106.2462,9.8111],[106.2476,9.8113],[106.2554,9.8107],[106.2606,9.8108],[106.2606,9.8084],[106.261,9.8068],[106.2641,9.8067],[106.2704,9.8048],[106.2732,9.8032],[106.2736,9.7978],[106.2742,9.7926],[106.28,9.793],[106.2799,9.7939],[106.2817,9.794],[106.2826,9.793],[106.2813,9.8016],[106.2812,9.8039],[106.2829,9.8057],[106.2822,9.8077],[106.2812,9.8095],[106.2804,9.8121],[106.2799,9.816],[106.2828,9.8151],[106.2823,9.8137],[106.2833,9.81],[106.2843,9.8092],[106.2844,9.8075],[106.2857,9.8078],[106.2868,9.8071],[106.2871,9.8058],[106.2892,9.8063],[106.2983,9.8037],[106.3027,9.8022],[106.3035,9.799],[106.3046,9.7968],[106.3071,9.7952],[106.3077,9.7928],[106.3022,9.7912],[106.3038,9.7861],[106.3014,9.7845],[106.2943,9.7813],[106.2939,9.7816],[106.2906,9.7813],[106.277,9.7771],[106.2759,9.7773],[106.2682,9.7746],[106.2673,9.7739],[106.2608,9.7719],[106.2614,9.7705],[106.2607,9.7676],[106.2508,9.767],[106.245,9.766],[106.2377,9.7644],[106.2383,9.7619],[106.2391,9.7561],[106.2389,9.7532],[106.2352,9.753],[106.2345,9.7534],[106.2344,9.7548],[106.2327,9.7545],[106.2303,9.7559],[106.2275,9.7551],[106.2251,9.7548],[106.2233,9.7537],[106.2221,9.7541],[106.2194,9.7541],[106.2174,9.7534],[106.2163,9.7538],[106.2136,9.752],[106.2114,9.7529],[106.2097,9.7521],[106.209,9.7516],[106.2074,9.7521],[106.2063,9.7512],[106.204,9.7509],[106.204,9.7491],[106.2048,9.7472],[106.2048,9.7462],[106.2037,9.7455],[106.2025,9.7434],[106.2004,9.7432],[106.1985,9.7423],[106.197,9.7421],[106.1955,9.7474],[106.1877,9.7391],[106.1863,9.7393],[106.1846,9.7385],[106.1845,9.7377],[106.183,9.7371],[106.1828,9.739],[106.1822,9.7394],[106.1823,9.7409],[106.1812,9.7419],[106.1809,9.7438],[106.1795,9.7447],[106.1777,9.7435],[106.1757,9.7433],[106.1732,9.743],[106.1705,9.7431],[106.1693,9.7425],[106.1675,9.7429],[106.1666,9.7507],[106.167,9.7531],[106.1685,9.753],[106.1715,9.7533],[106.1719,9.7539],[106.1741,9.7541],[106.1746,9.7549],[106.1763,9.7555],[106.1753,9.7583],[106.1752,9.7601],[106.1758,9.7615],[106.1808,9.7607],[106.1818,9.7611],[106.1825,9.7626],[106.1836,9.7632],[106.1838,9.7644],[106.1831,9.7677],[106.1836,9.7688],[106.1855,9.7692],[106.186,9.7698],[106.1851,9.7717],[106.1838,9.7774],[106.184,9.7797],[106.1852,9.7797],[106.1854,9.7816],[106.1872,9.7809],[106.1906,9.7817],[106.1936,9.7832],[106.1976,9.7868],[106.1999,9.7897],[106.201,9.7923],[106.2019,9.7964]]]},"properties":{"name":"Hùng Hoà","level":"ward"}},{"type":"Feature","geometry":{"type":"Polygon","coordinates":[[[106.1965,9.8871],[106.1968,9.8858],[106.2003,9.886],[106.2023,9.8848],[106.204,9.8843],[106.2069,9.8855],[106.2068,9.886],[106.211,9.8863],[106.211,9.8858],[106.2155,9.8868],[106.2156,9.888],[106.2178,9.8891],[106.2194,9.8905],[106.2198,9.8898],[106.225,9.8758],[106.2256,9.8749],[106.2301,9.8792],[106.234,9.8707],[106.2346,9.8689],[106.2346,9.8672],[106.2303,9.8659],[106.2307,9.8648],[106.2323,9.8646],[106.2337,9.8575],[106.2337,9.8547],[106.2342,9.8516],[106.2364,9.8453],[106.2386,9.8461],[106.2397,9.845],[106.2408,9.846],[106.2418,9.8446],[106.2435,9.8447],[106.2435,9.8435],[106.2469,9.8434],[106.2468,9.8406],[106.2499,9.8406],[106.2558,9.8434],[106.2576,9.8433],[106.2578,9.8446],[106.2605,9.8456],[106.2596,9.8473],[106.2645,9.8495],[106.2673,9.8511],[106.2679,9.8491],[106.2696,9.8501],[106.2702,9.849],[106.2715,9.8496],[106.274,9.8443],[106.2746,9.8439],[106.2761,9.8412],[106.2778,9.8425],[106.2787,9.841],[106.28,9.8377],[106.2789,9.8371],[106.2807,9.831],[106.2854,9.82],[106.2828,9.8151],[106.2799,9.816],[106.2804,9.8121],[106.2812,9.8095],[106.2822,9.8077],[106.2829,9.8057],[106.2812,9.8039],[106.2813,9.8016],[106.2826,9.793],[106.2817,9.794],[106.2799,9.7939],[106.28,9.793],[106.2742,9.7926],[106.2736,9.7978],[106.2732,9.8032],[106.2704,9.8048],[106.2641,9.8067],[106.261,9.8068],[106.2606,9.8084],[106.2606,9.8108],[106.2554,9.8107],[106.2476,9.8113],[106.2462,9.8111],[106.2452,9.8095],[106.2442,9.807],[106.2396,9.8024],[106.2389,9.8013],[106.2357,9.8007],[106.2319,9.7988],[106.2307,9.7984],[106.2284,9.799],[106.2259,9.8008],[106.2231,9.8022],[106.2188,9.8032],[106.218,9.8026],[106.2173,9.7995],[106.2161,9.7977],[106.2133,9.7976],[106.2117,9.7982],[106.2099,9.8003],[106.2092,9.8025],[106.2102,9.8058],[106.2081,9.8081],[106.2075,9.8108],[106.2066,9.8121],[106.2078,9.8128],[106.2097,9.8154],[106.2081,9.8176],[106.2095,9.8182],[106.209,9.8199],[106.2123,9.8208],[106.2114,9.8222],[106.2133,9.8229],[106.2126,9.8244],[106.2141,9.8253],[106.2142,9.8271],[106.2134,9.8297],[106.2122,9.8294],[106.2108,9.8303],[106.2088,9.8292],[106.2048,9.8373],[106.2016,9.8353],[106.2011,9.8366],[106.1924,9.8334],[106.1914,9.8375],[106.19,9.8414],[106.1892,9.8441],[106.189,9.8462],[106.1894,9.8502],[106.1916,9.8537],[106.1912,9.8566],[106.1907,9.8579],[106.1915,9.8589],[106.1959,9.8627],[106.196,9.8644],[106.1953,9.868],[106.1946,9.8697],[106.1926,9.8698],[106.1912,9.8725],[106.1887,9.8725],[106.1884,9.8743],[106.1889,9.8766],[106.1902,9.8764],[106.1904,9.8784],[106.1879,9.8785],[106.1883,9.8819],[106.1965,9.8871]]]},"properties":{"name":"Tập Ngãi","level":"ward"}},{"type":"Feature","geometry":{"type":"Polygon","coordinates":[[[106.1107,9.7515],[106.1118,9.7548],[106.1121,9.7582],[106.1119,9.7611],[106.1114,9.7631],[106.109,9.7664],[106.1067,9.7683],[106.1021,9.7714],[106.1034,9.7727],[106.1038,9.7738],[106.106,9.7765],[106.0993,9.7819],[106.1017,9.7846],[106.1054,9.7904],[106.1036,9.791],[106.1033,9.7938],[106.1074,9.7942],[106.114,9.7952],[106.116,9.7956],[106.1183,9.7983],[106.1174,9.7989],[106.1177,9.8001],[106.117,9.8016],[106.1178,9.8031],[106.1161,9.803],[106.1159,9.8041],[106.1174,9.8049],[106.1178,9.8063],[106.1188,9.8067],[106.1215,9.8065],[106.123,9.8061],[106.1264,9.8037],[106.1276,9.8061],[106.127,9.8072],[106.1278,9.8091],[106.1268,9.8107],[106.1269,9.814],[106.1286,9.814],[106.1308,9.8156],[106.1305,9.8167],[106.1362,9.8205],[106.1383,9.8228],[106.1408,9.8177],[106.1445,9.8188],[106.1471,9.8116],[106.1481,9.8094],[106.1513,9.8104],[106.1523,9.8102],[106.1551,9.8063],[106.1556,9.8028],[106.1573,9.7984],[106.1614,9.796],[106.1633,9.7951],[106.1665,9.7901],[106.1666,9.7892],[106.1684,9.7881],[106.17,9.7897],[106.1714,9.7905],[106.1736,9.7907],[106.1747,9.7914],[106.1774,9.7921],[106.1784,9.7919],[106.1801,9.7923],[106.1811,9.7915],[106.1821,9.7887],[106.1874,9.7899],[106.187,9.7914],[106.1878,9.7922],[106.1886,9.7904],[106.1919,9.7913],[106.1947,9.7931],[106.1985,9.7973],[106.2009,9.7974],[106.2019,9.7964],[106.201,9.7923],[106.1999,9.7897],[106.1976,9.7868],[106.1936,9.7832],[106.1906,9.7817],[106.1872,9.7809],[106.1854,9.7816],[106.1852,9.7797],[106.184,9.7797],[106.1838,9.7774],[106.1851,9.7717],[106.186,9.7698],[106.1855,9.7692],[106.1836,9.7688],[106.1831,9.7677],[106.1838,9.7644],[106.1836,9.7632],[106.1825,9.7626],[106.1818,9.7611],[106.1808,9.7607],[106.1758,9.7615],[106.1752,9.7601],[106.1753,9.7583],[106.1763,9.7555],[106.1746,9.7549],[106.1741,9.7541],[106.1719,9.7539],[106.1715,9.7533],[106.1685,9.753],[106.167,9.7531],[106.1666,9.7507],[106.1675,9.7429],[106.1693,9.7425],[106.1705,9.7431],[106.1732,9.743],[106.1757,9.7433],[106.1764,9.7379],[106.1547,9.731],[106.1531,9.7344],[106.1425,9.7301],[106.1328,9.7265],[106.1268,9.7325],[106.115,9.7468],[106.1134,9.749],[106.1107,9.7515]]]},"properties":{"name":"Tân Hoà","level":"ward"}},{"type":"Feature","geometry":{"type":"Polygon","coordinates":[[[106.335,9.889],[106.3467,9.89],[106.3481,9.8906],[106.3485,9.8866],[106.3575,9.8894],[106.3586,9.8877],[106.3629,9.8882],[106.3628,9.8887],[106.3669,9.8888],[106.3666,9.8907],[106.3695,9.8912],[106.3766,9.8942],[106.3772,9.8909],[106.3766,9.889],[106.3778,9.8877],[106.3784,9.8843],[106.377,9.8835],[106.3773,9.8824],[106.3792,9.8803],[106.3796,9.8778],[106.3821,9.8718],[106.381,9.8687],[106.3791,9.8683],[106.379,9.8666],[106.379,9.8586],[106.3804,9.849],[106.3804,9.847],[106.3798,9.8366],[106.3793,9.8248],[106.3785,9.8175],[106.3773,9.8176],[106.3778,9.8149],[106.3695,9.8121],[106.3666,9.8092],[106.3608,9.8028],[106.3563,9.7955],[106.3431,9.7942],[106.3401,9.7958],[106.3389,9.7954],[106.3362,9.7936],[106.3261,9.7935],[106.3225,9.7936],[106.3218,9.7929],[106.3203,9.7934],[106.3165,9.796],[106.3152,9.7963],[106.3152,9.7973],[106.3097,9.7987],[106.3105,9.7949],[106.3071,9.7952],[106.3046,9.7968],[106.3035,9.799],[106.3027,9.8022],[106.2983,9.8037],[106.2892,9.8063],[106.2871,9.8058],[106.2868,9.8071],[106.2857,9.8078],[106.2844,9.8075],[106.2843,9.8092],[106.2833,9.81],[106.2823,9.8137],[106.2828,9.8151],[106.2854,9.82],[106.2807,9.831],[106.2789,9.8371],[106.28,9.8377],[106.2865,9.8415],[106.2901,9.8428],[106.2993,9.847],[106.3054,9.8499],[106.3065,9.8499],[106.3073,9.8541],[106.3089,9.8604],[106.3105,9.8679],[106.3102,9.8694],[106.3122,9.8705],[106.3136,9.8706],[106.3161,9.87],[106.3225,9.871],[106.321,9.8771],[106.3253,9.8784],[106.3232,9.882],[106.3299,9.8831],[106.3278,9.8857],[106.3275,9.8882],[106.335,9.889]]]},"properties":{"name":"Châu Thành","level":"ward"}},{"type":"Feature","geometry":{"type":"Polygon","coordinates":[[[106.3194,9.9029],[106.3211,9.9016],[106.3345,9.8973],[106.335,9.889],[106.3275,9.8882],[106.3278,9.8857],[106.3299,9.8831],[106.3232,9.882],[106.3253,9.8784],[106.321,9.8771],[106.3225,9.871],[106.3161,9.87],[106.3136,9.8706],[106.3122,9.8705],[106.3102,9.8694],[106.3105,9.8679],[106.3089,9.8604],[106.3073,9.8541],[106.3065,9.8499],[106.3054,9.8499],[106.2993,9.847],[106.2901,9.8428],[106.2865,9.8415],[106.28,9.8377],[106.2787,9.841],[106.2778,9.8425],[106.2761,9.8412],[106.2746,9.8439],[106.274,9.8443],[106.2715,9.8496],[106.2702,9.849],[106.2696,9.8501],[106.2679,9.8491],[106.2673,9.8511],[106.2645,9.8495],[106.2596,9.8473],[106.2605,9.8456],[106.2578,9.8446],[106.2576,9.8433],[106.2558,9.8434],[106.2499,9.8406],[106.2468,9.8406],[106.2469,9.8434],[106.2435,9.8435],[106.2435,9.8447],[106.2418,9.8446],[106.2408,9.846],[106.2397,9.845],[106.2386,9.8461],[106.2364,9.8453],[106.2342,9.8516],[106.2337,9.8547],[106.2337,9.8575],[106.2323,9.8646],[106.2307,9.8648],[106.2303,9.8659],[106.2346,9.8672],[106.2346,9.8689],[106.234,9.8707],[106.2301,9.8792],[106.2256,9.8749],[106.225,9.8758],[106.2198,9.8898],[106.2221,9.8906],[106.2238,9.8916],[106.2243,9.8928],[106.2281,9.8954],[106.2311,9.8969],[106.2362,9.8985],[106.2363,9.8995],[106.2353,9.9042],[106.237,9.9075],[106.2385,9.9092],[106.2404,9.9128],[106.2432,9.9154],[106.2447,9.9153],[106.2445,9.9172],[106.246,9.9178],[106.2469,9.9173],[106.2485,9.9178],[106.2495,9.9169],[106.2525,9.9172],[106.2544,9.9159],[106.2572,9.9152],[106.2592,9.9153],[106.2602,9.9141],[106.2621,9.915],[106.2645,9.915],[106.2654,9.9161],[106.2655,9.9172],[106.2639,9.9194],[106.2623,9.9223],[106.2622,9.9235],[106.2656,9.9248],[106.2685,9.9283],[106.2703,9.9312],[106.2731,9.9334],[106.2756,9.9343],[106.2792,9.9371],[106.2817,9.9351],[106.2833,9.9345],[106.2842,9.9336],[106.2846,9.9309],[106.2857,9.93],[106.2936,9.9278],[106.2962,9.9259],[106.3,9.9246],[106.3017,9.9236],[106.3028,9.9213],[106.3022,9.9186],[106.3002,9.9154],[106.3015,9.9143],[106.3019,9.9092],[106.3024,9.9078],[106.3095,9.911],[106.3109,9.9085],[106.3134,9.9062],[106.3168,9.9047],[106.3194,9.9029]]]},"properties":{"name":"Song Lộc","level":"ward"}},{"type":"Feature","geometry":{"type":"Polygon","coordinates":[[[106.353,9.9185],[106.3492,9.9186],[106.3445,9.9179],[106.3437,9.9234],[106.345,9.9314],[106.3448,9.934],[106.3452,9.9368],[106.349,9.9535],[106.3501,9.9582],[106.3524,9.9691],[106.3531,9.9701],[106.3559,9.9719],[106.3593,9.9756],[106.3661,9.9698],[106.3686,9.9675],[106.373,9.9631],[106.3768,9.9596],[106.3797,9.9543],[106.3816,9.9519],[106.3861,9.9478],[106.3888,9.9461],[106.386,9.9427],[106.3844,9.9418],[106.3842,9.9411],[106.3808,9.9393],[106.3802,9.9386],[106.3775,9.9378],[106.378,9.9359],[106.371,9.9337],[106.3723,9.9303],[106.3666,9.9281],[106.3654,9.9302],[106.3609,9.928],[106.3551,9.928],[106.3525,9.9277],[106.353,9.9185]]]},"properties":{"name":"Hoà Thuận","level":"ward"}},{"type":"Feature","geometry":{"type":"Polygon","coordinates":[[[106.3787,9.9797],[106.3992,9.9676],[106.4,9.9671],[106.404,9.9578],[106.4048,9.9557],[106.406,9.9474],[106.4073,9.9408],[106.4076,9.9298],[106.4081,9.9275],[106.4097,9.925],[106.4116,9.9227],[106.4173,9.9173],[106.426,9.9108],[106.4459,9.8969],[106.4407,9.8921],[106.4371,9.8908],[106.4364,9.8894],[106.4368,9.8868],[106.438,9.8817],[106.4389,9.8798],[106.4414,9.8758],[106.4427,9.8721],[106.4442,9.8695],[106.4449,9.8658],[106.4438,9.8616],[106.4409,9.862],[106.438,9.8615],[106.4359,9.8605],[106.4337,9.8591],[106.4318,9.8591],[106.43,9.8595],[106.4281,9.8607],[106.4258,9.8628],[106.4232,9.8639],[106.4197,9.8636],[106.4166,9.8623],[106.4139,9.8605],[106.4108,9.8592],[106.4086,9.8591],[106.4061,9.8581],[106.4055,9.859],[106.4041,9.8586],[106.4,9.8565],[106.3963,9.8537],[106.3939,9.8525],[106.3896,9.8516],[106.3859,9.8514],[106.3804,9.849],[106.379,9.8586],[106.379,9.8666],[106.3791,9.8683],[106.381,9.8687],[106.3821,9.8718],[106.3796,9.8778],[106.3792,9.8803],[106.3773,9.8824],[106.377,9.8835],[106.3784,9.8843],[106.3778,9.8877],[106.3766,9.889],[106.3772,9.8909],[106.3766,9.8942],[106.3695,9.8912],[106.3666,9.8907],[106.3657,9.8906],[106.3637,9.903],[106.3573,9.9018],[106.3577,9.9033],[106.3572,9.9066],[106.3565,9.9065],[106.3556,9.9105],[106.3538,9.9105],[106.3537,9.9127],[106.353,9.9185],[106.3525,9.9277],[106.3551,9.928],[106.3609,9.928],[106.3654,9.9302],[106.3666,9.9281],[106.3723,9.9303],[106.371,9.9337],[106.378,9.9359],[106.3775,9.9378],[106.3802,9.9386],[106.3808,9.9393],[106.3842,9.9411],[106.3844,9.9418],[106.386,9.9427],[106.3888,9.9461],[106.3901,9.9483],[106.3903,9.9514],[106.3888,9.9555],[106.3839,9.9678],[106.3787,9.9797]]]},"properties":{"name":"Hưng Mỹ","level":"ward"}},{"type":"Feature","geometry":{"type":"Polygon","coordinates":[[[106.4843,9.9195],[106.4867,9.9178],[106.4925,9.9127],[106.4872,9.9064],[106.4866,9.9061],[106.4846,9.9034],[106.4838,9.9042],[106.4796,9.899],[106.4795,9.8979],[106.4783,9.8961],[106.4758,9.8934],[106.4749,9.8932],[106.4733,9.8917],[106.4704,9.8905],[106.4689,9.8893],[106.4614,9.8947],[106.451,9.9015],[106.4459,9.8969],[106.426,9.9108],[106.4173,9.9173],[106.4116,9.9227],[106.4097,9.925],[106.4081,9.9275],[106.4076,9.9298],[106.4073,9.9408],[106.406,9.9474],[106.4048,9.9557],[106.404,9.9578],[106.4,9.9671],[106.4106,9.959],[106.4189,9.9533],[106.4296,9.9471],[106.4406,9.9424],[106.4551,9.9365],[106.4705,9.9282],[106.4753,9.9254],[106.4809,9.9218],[106.4843,9.9195]]]},"properties":{"name":"Hoà Minh","level":"ward"}},{"type":"Feature","geometry":{"type":"Polygon","coordinates":[[[106.4925,9.9127],[106.5018,9.9052],[106.5055,9.9005],[106.5088,9.8956],[106.5108,9.893],[106.5158,9.8866],[106.5181,9.8839],[106.5234,9.8772],[106.5263,9.874],[106.533,9.8676],[106.5423,9.8606],[106.5469,9.8574],[106.549,9.8557],[106.5522,9.8524],[106.5448,9.849],[106.546,9.8476],[106.5462,9.8446],[106.5458,9.8426],[106.5433,9.8362],[106.5426,9.8352],[106.54,9.8334],[106.5369,9.8306],[106.5334,9.829],[106.5316,9.8287],[106.5275,9.8289],[106.5236,9.8308],[106.5209,9.8333],[106.5132,9.8302],[106.5115,9.834],[106.51,9.837],[106.5076,9.8404],[106.5018,9.8457],[106.4991,9.8489],[106.4957,9.8518],[106.493,9.8534],[106.4883,9.853],[106.4863,9.8554],[106.4817,9.8601],[106.4784,9.863],[106.4738,9.8675],[106.4723,9.8684],[106.4669,9.874],[106.4459,9.8969],[106.451,9.9015],[106.4614,9.8947],[106.4689,9.8893],[106.4704,9.8905],[106.4733,9.8917],[106.4749,9.8932],[106.4758,9.8934],[106.4783,9.8961],[106.4795,9.8979],[106.4796,9.899],[106.4838,9.9042],[106.4846,9.9034],[106.4866,9.9061],[106.4872,9.9064],[106.4925,9.9127]]]},"properties":{"name":"Long Hoà","level":"ward"}},{"type":"Feature","geometry":{"type":"Polygon","coordinates":[[[106.4719,9.8239],[106.4735,9.8227],[106.476,9.8212],[106.4764,9.8165],[106.4758,9.8148],[106.4767,9.8086],[106.4783,9.7997],[106.4804,9.7962],[106.4806,9.7942],[106.4819,9.7941],[106.4852,9.7951],[106.4863,9.7943],[106.4896,9.7933],[106.4881,9.7914],[106.489,9.7895],[106.4909,9.7834],[106.4876,9.7829],[106.4866,9.7833],[106.4811,9.7797],[106.4797,9.7769],[106.4795,9.7744],[106.4786,9.7727],[106.4775,9.7722],[106.4767,9.7711],[106.4767,9.7697],[106.4761,9.769],[106.47,9.7696],[106.4651,9.7686],[106.463,9.7696],[106.4618,9.7725],[106.4575,9.7723],[106.4527,9.7724],[106.4477,9.7729],[106.445,9.7734],[106.4427,9.7692],[106.4414,9.7687],[106.4411,9.7665],[106.4396,9.7655],[106.4376,9.7651],[106.4299,9.7644],[106.4273,9.7637],[106.4238,9.7639],[106.4198,9.7635],[106.4146,9.7636],[106.4136,9.7644],[106.4135,9.7687],[106.4147,9.7686],[106.4159,9.7714],[106.4171,9.7716],[106.4167,9.774],[106.4178,9.7743],[106.4185,9.778],[106.4194,9.7781],[106.4206,9.7804],[106.4215,9.7804],[106.4211,9.783],[106.4246,9.784],[106.4245,9.7853],[106.4258,9.7857],[106.4268,9.7869],[106.4267,9.7879],[106.4286,9.7882],[106.4289,9.7904],[106.4303,9.7901],[106.4313,9.7913],[106.4302,9.7976],[106.4279,9.8001],[106.4307,9.8057],[106.4319,9.8113],[106.4329,9.8149],[106.4333,9.8153],[106.434,9.8194],[106.4335,9.8203],[106.4335,9.8263],[106.4355,9.8287],[106.4381,9.8313],[106.4419,9.8296],[106.4435,9.8285],[106.4457,9.8279],[106.4452,9.8238],[106.4481,9.8234],[106.4493,9.8224],[106.4461,9.8201],[106.445,9.8188],[106.4474,9.8188],[106.4483,9.8177],[106.4538,9.8175],[106.4539,9.8186],[106.4567,9.8187],[106.4569,9.8179],[106.4595,9.8183],[106.4598,9.8166],[106.4614,9.8177],[106.4639,9.819],[106.4646,9.8207],[106.4663,9.8197],[106.468,9.8219],[106.469,9.8212],[106.4719,9.8239]]]},"properties":{"name":"Cầu Ngang","level":"ward"}},{"type":"Feature","geometry":{"type":"MultiPolygon","coordinates":[[[[106.4883,9.853],[106.493,9.8534],[106.4957,9.8518],[106.4991,9.8489],[106.5018,9.8457],[106.5076,9.8404],[106.51,9.837],[106.5115,9.834],[106.5132,9.8302],[106.4991,9.8245],[106.5019,9.8217],[106.5065,9.8179],[106.5111,9.8149],[106.5163,9.8125],[106.5195,9.8102],[106.5213,9.808],[106.5224,9.806],[106.523,9.8038],[106.5232,9.8009],[106.5232,9.796],[106.5218,9.7913],[106.5202,9.7884],[106.5192,9.786],[106.5177,9.7801],[106.5174,9.7734],[106.5177,9.7721],[106.5189,9.7716],[106.521,9.7661],[106.5224,9.7653],[106.526,9.7621],[106.531,9.7584],[106.5345,9.7549],[106.5371,9.7534],[106.5401,9.7531],[106.5423,9.7509],[106.543,9.7509],[106.5422,9.7481],[106.5399,9.7443],[106.5375,9.7397],[106.5345,9.737],[106.5316,9.7334],[106.528,9.7313],[106.5273,9.7302],[106.5278,9.7285],[106.5269,9.7273],[106.5239,9.7254],[106.5224,9.7237],[106.5193,9.7221],[106.5181,9.7216],[106.5169,9.7227],[106.5176,9.727],[106.5168,9.7284],[106.5157,9.7284],[106.515,9.7275],[106.5138,9.7239],[106.5126,9.7234],[106.5115,9.7247],[106.511,9.7272],[106.51,9.7281],[106.5087,9.7274],[106.5078,9.7259],[106.5067,9.7256],[106.5062,9.7271],[106.5082,9.7298],[106.5107,9.7343],[106.501,9.7374],[106.5012,9.7407],[106.5008,9.7421],[106.5005,9.7563],[106.4985,9.7687],[106.4963,9.7749],[106.4951,9.7755],[106.4937,9.7769],[106.4909,9.7834],[106.489,9.7895],[106.4881,9.7914],[106.4896,9.7933],[106.4863,9.7943],[106.4852,9.7951],[106.4819,9.7941],[106.4806,9.7942],[106.4804,9.7962],[106.4783,9.7997],[106.4767,9.8086],[106.4758,9.8148],[106.4764,9.8165],[106.476,9.8212],[106.4735,9.8227],[106.4719,9.8239],[106.4714,9.8248],[106.4702,9.8249],[106.4694,9.8265],[106.467,9.83],[106.4672,9.833],[106.4684,9.834],[106.4701,9.8338],[106.4704,9.8359],[106.4713,9.837],[106.4714,9.8386],[106.4739,9.8404],[106.476,9.8423],[106.4795,9.8449],[106.4802,9.846],[106.4822,9.848],[106.4883,9.853]]],[[[106.5404,9.7849],[106.5389,9.7838],[106.5353,9.7836],[106.532,9.7843],[106.5297,9.7859],[106.5278,9.7888],[106.5273,9.7916],[106.5278,9.7971],[106.5272,9.8021],[106.527,9.806],[106.5275,9.8073],[106.5302,9.8074],[106.5363,9.8058],[106.5398,9.8045],[106.5423,9.8027],[106.5432,9.8017],[106.5436,9.7999],[106.5449,9.7956],[106.5445,9.794],[106.5447,9.7925],[106.5439,9.7906],[106.5451,9.7881],[106.5432,9.7862],[106.5411,9.7858],[106.5404,9.7849]]]]},"properties":{"name":"Mỹ Long","level":"ward"}},{"type":"Feature","geometry":{"type":"Polygon","coordinates":[[[106.3785,9.8175],[106.3793,9.8248],[106.3798,9.8366],[106.3804,9.847],[106.3804,9.849],[106.3859,9.8514],[106.3896,9.8516],[106.3939,9.8525],[106.3963,9.8537],[106.4,9.8565],[106.4041,9.8586],[106.4055,9.859],[106.4061,9.8581],[106.4086,9.8591],[106.4108,9.8592],[106.4139,9.8605],[106.4166,9.8623],[106.4197,9.8636],[106.4232,9.8639],[106.4258,9.8628],[106.4281,9.8607],[106.43,9.8595],[106.4318,9.8591],[106.4337,9.8591],[106.4359,9.8605],[106.438,9.8615],[106.4409,9.862],[106.4438,9.8616],[106.4449,9.8658],[106.4442,9.8695],[106.4427,9.8721],[106.4414,9.8758],[106.4389,9.8798],[106.438,9.8817],[106.4368,9.8868],[106.4364,9.8894],[106.4371,9.8908],[106.4407,9.8921],[106.4459,9.8969],[106.4669,9.874],[106.4723,9.8684],[106.4738,9.8675],[106.4784,9.863],[106.4817,9.8601],[106.4863,9.8554],[106.4883,9.853],[106.4822,9.848],[106.4802,9.846],[106.4795,9.8449],[106.476,9.8423],[106.4739,9.8404],[106.4714,9.8386],[106.4713,9.837],[106.4704,9.8359],[106.4701,9.8338],[106.4684,9.834],[106.4672,9.833],[106.467,9.83],[106.4694,9.8265],[106.4702,9.8249],[106.4714,9.8248],[106.4719,9.8239],[106.469,9.8212],[106.468,9.8219],[106.4663,9.8197],[106.4646,9.8207],[106.4639,9.819],[106.4614,9.8177],[106.4598,9.8166],[106.4595,9.8183],[106.4569,9.8179],[106.4567,9.8187],[106.4539,9.8186],[106.4538,9.8175],[106.4483,9.8177],[106.4474,9.8188],[106.445,9.8188],[106.4461,9.8201],[106.4493,9.8224],[106.4481,9.8234],[106.4452,9.8238],[106.4457,9.8279],[106.4435,9.8285],[106.4419,9.8296],[106.4381,9.8313],[106.4355,9.8287],[106.4335,9.8263],[106.4335,9.8203],[106.434,9.8194],[106.4333,9.8153],[106.4329,9.8149],[106.4227,9.8145],[106.4107,9.8139],[106.4081,9.8141],[106.4043,9.8156],[106.4033,9.8158],[106.3887,9.8168],[106.3785,9.8175]]]},"properties":{"name":"Vinh Kim","level":"ward"}},{"type":"Feature","geometry":{"type":"Polygon","coordinates":[[[106.3431,9.7942],[106.3563,9.7955],[106.3608,9.8028],[106.3666,9.8092],[106.3695,9.8121],[106.3778,9.8149],[106.3773,9.8176],[106.3785,9.8175],[106.3887,9.8168],[106.4033,9.8158],[106.4043,9.8156],[106.4081,9.8141],[106.4107,9.8139],[106.4227,9.8145],[106.4329,9.8149],[106.4319,9.8113],[106.4307,9.8057],[106.4279,9.8001],[106.4302,9.7976],[106.4313,9.7913],[106.4303,9.7901],[106.4289,9.7904],[106.4286,9.7882],[106.4267,9.7879],[106.4268,9.7869],[106.4258,9.7857],[106.4245,9.7853],[106.4246,9.784],[106.4211,9.783],[106.4215,9.7804],[106.4206,9.7804],[106.4194,9.7781],[106.4185,9.778],[106.4178,9.7743],[106.4167,9.774],[106.4171,9.7716],[106.4159,9.7714],[106.4147,9.7686],[106.4135,9.7687],[106.4136,9.7644],[106.4123,9.7639],[106.4121,9.7596],[106.4115,9.7574],[106.4106,9.7575],[106.4104,9.7559],[106.4084,9.7541],[106.4071,9.7542],[106.4073,9.7517],[106.4072,9.749],[106.4086,9.7434],[106.4087,9.7416],[106.4081,9.7409],[106.4034,9.74],[106.4048,9.7366],[106.4039,9.7361],[106.4018,9.7359],[106.3988,9.7351],[106.3949,9.7349],[106.3922,9.7355],[106.39,9.7376],[106.3866,9.734],[106.3839,9.7321],[106.3806,9.7308],[106.3803,9.7304],[106.378,9.7299],[106.3738,9.7286],[106.3729,9.7304],[106.3684,9.7288],[106.3682,9.7295],[106.3649,9.728],[106.3645,9.7291],[106.3627,9.7283],[106.3621,9.7298],[106.3595,9.7281],[106.3587,9.7305],[106.3571,9.7323],[106.3557,9.7319],[106.3545,9.7342],[106.3533,9.7352],[106.3517,9.7376],[106.3479,9.7442],[106.3441,9.7511],[106.344,9.7531],[106.3424,9.7585],[106.3396,9.758],[106.3341,9.7574],[106.3295,9.7564],[106.3276,9.7628],[106.3265,9.7657],[106.3305,9.7696],[106.3353,9.7747],[106.3372,9.7749],[106.3394,9.7742],[106.3406,9.7746],[106.344,9.7793],[106.3435,9.7824],[106.3441,9.7825],[106.3433,9.7881],[106.3439,9.7882],[106.3431,9.7942]]]},"properties":{"name":"Nhị Trường","level":"ward"}},{"type":"Feature","geometry":{"type":"Polygon","coordinates":[[[106.4136,9.7644],[106.4146,9.7636],[106.4198,9.7635],[106.4238,9.7639],[106.4273,9.7637],[106.4299,9.7644],[106.4376,9.7651],[106.4396,9.7655],[106.4411,9.7665],[106.4414,9.7687],[106.4427,9.7692],[106.445,9.7734],[106.4477,9.7729],[106.4527,9.7724],[106.4575,9.7723],[106.4618,9.7725],[106.463,9.7696],[106.4651,9.7686],[106.47,9.7696],[106.4761,9.769],[106.4767,9.7697],[106.4767,9.7711],[106.4775,9.7722],[106.4786,9.7727],[106.4795,9.7744],[106.4797,9.7769],[106.4811,9.7797],[106.4866,9.7833],[106.4876,9.7829],[106.4909,9.7834],[106.4937,9.7769],[106.4951,9.7755],[106.4963,9.7749],[106.4985,9.7687],[106.5005,9.7563],[106.5008,9.7421],[106.5012,9.7407],[106.501,9.7374],[106.5107,9.7343],[106.5082,9.7298],[106.5062,9.7271],[106.5067,9.7256],[106.5078,9.7259],[106.5087,9.7274],[106.51,9.7281],[106.511,9.7272],[106.5115,9.7247],[106.5126,9.7234],[106.5138,9.7239],[106.515,9.7275],[106.5157,9.7284],[106.5168,9.7284],[106.5176,9.727],[106.5169,9.7227],[106.5181,9.7216],[106.5193,9.7221],[106.5202,9.7174],[106.5018,9.7058],[106.5013,9.7068],[106.4996,9.7058],[106.498,9.7064],[106.4968,9.7051],[106.4946,9.7049],[106.4957,9.7037],[106.4945,9.7017],[106.4911,9.7003],[106.4858,9.699],[106.4846,9.6978],[106.4815,9.6985],[106.4803,9.7008],[106.4796,9.7015],[106.4773,9.7021],[106.4749,9.7098],[106.4744,9.7124],[106.4733,9.7202],[106.4723,9.7218],[106.4721,9.724],[106.4714,9.7256],[106.4719,9.7273],[106.4702,9.7278],[106.4694,9.7294],[106.4682,9.7295],[106.4658,9.7271],[106.468,9.7267],[106.4684,9.7256],[106.4672,9.7252],[106.466,9.7237],[106.4639,9.7226],[106.4624,9.7239],[106.4609,9.7242],[106.4601,9.7253],[106.4585,9.7251],[106.4579,9.7267],[106.4571,9.727],[106.4559,9.7252],[106.458,9.7245],[106.4579,9.7236],[106.4569,9.7225],[106.4558,9.7225],[106.4546,9.7236],[106.4538,9.723],[106.4528,9.7239],[106.452,9.7236],[106.4515,9.7209],[106.4518,9.72],[106.4536,9.719],[106.4528,9.7181],[106.4509,9.7195],[106.4493,9.7196],[106.4481,9.7202],[106.4461,9.7227],[106.4452,9.7229],[106.4445,9.7217],[106.446,9.7211],[106.4458,9.7195],[106.4471,9.7188],[106.4468,9.7171],[106.4452,9.7185],[106.4425,9.719],[106.441,9.7186],[106.4324,9.7178],[106.4312,9.7174],[106.4308,9.716],[106.4297,9.7149],[106.4304,9.7129],[106.4201,9.7103],[106.4175,9.7091],[106.4154,9.7123],[106.4108,9.7139],[106.409,9.7144],[106.41,9.7161],[106.4116,9.7159],[106.412,9.7186],[106.4089,9.7247],[106.4105,9.7272],[106.4097,9.728],[106.4093,9.73],[106.4069,9.7285],[106.4039,9.7361],[106.4048,9.7366],[106.4034,9.74],[106.4081,9.7409],[106.4087,9.7416],[106.4086,9.7434],[106.4072,9.749],[106.4073,9.7517],[106.4071,9.7542],[106.4084,9.7541],[106.4104,9.7559],[106.4106,9.7575],[106.4115,9.7574],[106.4121,9.7596],[106.4123,9.7639],[106.4136,9.7644]]]},"properties":{"name":"Hiệp Mỹ","level":"ward"}},{"type":"Feature","geometry":{"type":"Polygon","coordinates":[[[106.3111,9.6911],[106.3116,9.6882],[106.3104,9.6877],[106.3089,9.6877],[106.3067,9.6872],[106.3068,9.6858],[106.3013,9.6847],[106.3014,9.6827],[106.3021,9.6786],[106.3009,9.6784],[106.301,9.675],[106.2971,9.6745],[106.2899,9.6745],[106.2899,9.6732],[106.287,9.6732],[106.2859,9.6723],[106.2863,9.6692],[106.2773,9.6687],[106.2749,9.669],[106.2753,9.6674],[106.2753,9.6656],[106.2725,9.6652],[106.2718,9.6634],[106.2681,9.6625],[106.267,9.6675],[106.2668,9.6701],[106.2673,9.6705],[106.2671,9.6751],[106.2633,9.6753],[106.2623,9.6766],[106.2588,9.6762],[106.2587,9.6784],[106.2577,9.6822],[106.2572,9.6856],[106.2572,9.688],[106.2567,9.6929],[106.2548,9.6924],[106.2521,9.6921],[106.251,9.6928],[106.2484,9.6904],[106.2468,9.6907],[106.2449,9.6902],[106.243,9.6912],[106.2421,9.6922],[106.2423,9.6951],[106.2395,9.6945],[106.2392,9.698],[106.2388,9.6992],[106.237,9.6991],[106.2364,9.7008],[106.2362,9.7035],[106.2364,9.7071],[106.2371,9.7123],[106.2367,9.7125],[106.2368,9.7172],[106.2518,9.72],[106.2574,9.7212],[106.2665,9.7229],[106.2672,9.7217],[106.2668,9.7183],[106.2673,9.7174],[106.2687,9.7184],[106.2697,9.7178],[106.2761,9.719],[106.277,9.721],[106.2757,9.7228],[106.2736,9.7286],[106.2753,9.7291],[106.2767,9.7302],[106.28,9.7312],[106.2829,9.7318],[106.2869,9.7354],[106.2876,9.7359],[106.2918,9.7373],[106.2922,9.7307],[106.2922,9.7268],[106.2907,9.7271],[106.291,9.7203],[106.2924,9.7213],[106.2929,9.7195],[106.2927,9.7177],[106.2945,9.7176],[106.2953,9.7171],[106.2971,9.7176],[106.3003,9.7176],[106.3024,9.716],[106.3035,9.7112],[106.3054,9.7115],[106.3084,9.7025],[106.309,9.7012],[106.3111,9.6911]]]},"properties":{"name":"Trà Cú","level":"ward"}},{"type":"Feature","geometry":{"type":"Polygon","coordinates":[[[106.2097,9.7521],[106.2114,9.7529],[106.2136,9.752],[106.2163,9.7538],[106.2174,9.7534],[106.2194,9.7541],[106.2221,9.7541],[106.2233,9.7537],[106.2251,9.7548],[106.2275,9.7551],[106.2303,9.7559],[106.2327,9.7545],[106.2344,9.7548],[106.2345,9.7534],[106.2352,9.753],[106.2389,9.7532],[106.2391,9.7561],[106.2383,9.7619],[106.2377,9.7644],[106.245,9.766],[106.2508,9.767],[106.2607,9.7676],[106.2614,9.7705],[106.2608,9.7719],[106.2673,9.7739],[106.2682,9.7746],[106.2759,9.7773],[106.277,9.7771],[106.2906,9.7813],[106.2939,9.7816],[106.2943,9.7813],[106.3014,9.7845],[106.3038,9.7861],[106.3022,9.7912],[106.3077,9.7928],[106.3071,9.7952],[106.3105,9.7949],[106.3097,9.7987],[106.3152,9.7973],[106.3152,9.7963],[106.3165,9.796],[106.3203,9.7934],[106.3218,9.7929],[106.3225,9.7936],[106.3261,9.7935],[106.3362,9.7936],[106.3389,9.7954],[106.3401,9.7958],[106.3431,9.7942],[106.3439,9.7882],[106.3433,9.7881],[106.3441,9.7825],[106.3435,9.7824],[106.344,9.7793],[106.3406,9.7746],[106.3394,9.7742],[106.3372,9.7749],[106.3353,9.7747],[106.3305,9.7696],[106.3265,9.7657],[106.3276,9.7628],[106.3295,9.7564],[106.3298,9.7537],[106.3283,9.7532],[106.3288,9.7516],[106.3243,9.7507],[106.3236,9.7499],[106.321,9.7497],[106.321,9.7489],[106.3192,9.7485],[106.3188,9.7479],[106.3194,9.746],[106.318,9.7457],[106.2918,9.7373],[106.2876,9.7359],[106.2869,9.7354],[106.2829,9.7318],[106.28,9.7312],[106.2767,9.7302],[106.2753,9.7291],[106.2736,9.7286],[106.2757,9.7228],[106.277,9.721],[106.2761,9.719],[106.2697,9.7178],[106.2687,9.7184],[106.2673,9.7174],[106.2668,9.7183],[106.2672,9.7217],[106.2665,9.7229],[106.2574,9.7212],[106.2518,9.72],[106.2368,9.7172],[106.2254,9.7149],[106.2175,9.7265],[106.2144,9.7309],[106.2132,9.7352],[106.2121,9.7357],[106.2113,9.7376],[106.2101,9.7392],[106.2099,9.7402],[106.2102,9.7431],[106.2096,9.746],[106.2096,9.7479],[106.2101,9.7487],[106.2097,9.7521]]]},"properties":{"name":"Tập Sơn","level":"ward"}},{"type":"Feature","geometry":{"type":"Polygon","coordinates":[[[106.1757,9.7433],[106.1777,9.7435],[106.1795,9.7447],[106.1809,9.7438],[106.1812,9.7419],[106.1823,9.7409],[106.1822,9.7394],[106.1828,9.739],[106.183,9.7371],[106.1845,9.7377],[106.1846,9.7385],[106.1863,9.7393],[106.1877,9.7391],[106.1955,9.7474],[106.197,9.7421],[106.1985,9.7423],[106.2004,9.7432],[106.2025,9.7434],[106.2037,9.7455],[106.2048,9.7462],[106.2048,9.7472],[106.204,9.7491],[106.204,9.7509],[106.2063,9.7512],[106.2074,9.7521],[106.209,9.7516],[106.2097,9.7521],[106.2101,9.7487],[106.2096,9.7479],[106.2096,9.746],[106.2102,9.7431],[106.2099,9.7402],[106.2101,9.7392],[106.2113,9.7376],[106.2121,9.7357],[106.2132,9.7352],[106.2144,9.7309],[106.2175,9.7265],[106.2254,9.7149],[106.2368,9.7172],[106.2367,9.7125],[106.2371,9.7123],[106.2364,9.7071],[106.2362,9.7035],[106.2364,9.7008],[106.237,9.6991],[106.2388,9.6992],[106.2392,9.698],[106.2395,9.6945],[106.2423,9.6951],[106.2421,9.6922],[106.2417,9.6912],[106.2399,9.6908],[106.2376,9.6886],[106.2357,9.6883],[106.2344,9.6873],[106.2337,9.6857],[106.2305,9.6855],[106.2304,9.6844],[106.2291,9.6839],[106.2282,9.6846],[106.226,9.6843],[106.2258,9.6855],[106.2242,9.6857],[106.2246,9.6835],[106.2232,9.6828],[106.2204,9.6826],[106.2176,9.6829],[106.2179,9.6842],[106.212,9.6848],[106.2101,9.6828],[106.2087,9.6825],[106.2079,9.6811],[106.2054,9.6786],[106.2027,9.6766],[106.201,9.6763],[106.2005,9.6755],[106.198,9.6748],[106.1973,9.6762],[106.1959,9.6771],[106.1946,9.6756],[106.1905,9.679],[106.1853,9.6737],[106.1713,9.6872],[106.1582,9.7016],[106.1513,9.7088],[106.1328,9.7265],[106.1425,9.7301],[106.1531,9.7344],[106.1547,9.731],[106.1764,9.7379],[106.1757,9.7433]]]},"properties":{"name":"Lưu Nghiệp Anh","level":"ward"}},{"type":"Feature","geometry":{"type":"Polygon","coordinates":[[[106.2421,9.6922],[106.243,9.6912],[106.2449,9.6902],[106.2468,9.6907],[106.2484,9.6904],[106.251,9.6928],[106.2521,9.6921],[106.2548,9.6924],[106.2567,9.6929],[106.2572,9.688],[106.2572,9.6856],[106.2577,9.6822],[106.2587,9.6784],[106.2588,9.6762],[106.2623,9.6766],[106.2633,9.6753],[106.2671,9.6751],[106.2673,9.6705],[106.2668,9.6701],[106.267,9.6675],[106.2681,9.6625],[106.2718,9.6634],[106.2725,9.6652],[106.2753,9.6656],[106.2753,9.6674],[106.2749,9.669],[106.2773,9.6687],[106.2863,9.6692],[106.2859,9.6723],[106.287,9.6732],[106.2899,9.6732],[106.2899,9.6745],[106.2971,9.6745],[106.301,9.675],[106.3009,9.6784],[106.3021,9.6786],[106.3014,9.6827],[106.3013,9.6847],[106.3068,9.6858],[106.3067,9.6872],[106.3089,9.6877],[106.3104,9.6877],[106.3116,9.6882],[106.3111,9.6911],[106.3127,9.6919],[106.3136,9.6934],[106.315,9.6939],[106.3235,9.6957],[106.3238,9.6942],[106.3261,9.6944],[106.3265,9.6931],[106.328,9.6933],[106.3269,9.6905],[106.3273,9.6894],[106.3294,9.6902],[106.3311,9.686],[106.3324,9.6857],[106.3344,9.6786],[106.3351,9.6758],[106.3256,9.6725],[106.326,9.6695],[106.3271,9.666],[106.3275,9.6636],[106.3277,9.659],[106.3294,9.6544],[106.3232,9.6501],[106.3213,9.6491],[106.3198,9.6487],[106.3175,9.6474],[106.3172,9.6482],[106.3132,9.6479],[106.3099,9.6482],[106.3096,9.6493],[106.3069,9.6488],[106.3064,9.652],[106.3046,9.6528],[106.3015,9.6508],[106.2976,9.6495],[106.2944,9.6496],[106.2932,9.65],[106.2909,9.6497],[106.2903,9.6484],[106.2892,9.6479],[106.2886,9.6487],[106.2868,9.6489],[106.2859,9.6503],[106.2843,9.6499],[106.2833,9.6489],[106.282,9.6489],[106.2819,9.6478],[106.2809,9.6464],[106.2777,9.6458],[106.2785,9.6479],[106.2782,9.6487],[106.2761,9.65],[106.2732,9.6515],[106.2725,9.6511],[106.272,9.6488],[106.2704,9.6482],[106.2698,9.646],[106.2684,9.6463],[106.2677,9.6481],[106.2663,9.6492],[106.2658,9.6477],[106.2673,9.6465],[106.2673,9.6456],[106.265,9.6454],[106.2619,9.6442],[106.2594,9.6441],[106.2585,9.6446],[106.2565,9.6429],[106.2549,9.6403],[106.2527,9.6385],[106.2504,9.6351],[106.2484,9.6338],[106.248,9.6326],[106.24,9.6241],[106.2223,9.6398],[106.216,9.6449],[106.1897,9.6694],[106.1853,9.6737],[106.1905,9.679],[106.1946,9.6756],[106.1959,9.6771],[106.1973,9.6762],[106.198,9.6748],[106.2005,9.6755],[106.201,9.6763],[106.2027,9.6766],[106.2054,9.6786],[106.2079,9.6811],[106.2087,9.6825],[106.2101,9.6828],[106.212,9.6848],[106.2179,9.6842],[106.2176,9.6829],[106.2204,9.6826],[106.2232,9.6828],[106.2246,9.6835],[106.2242,9.6857],[106.2258,9.6855],[106.226,9.6843],[106.2282,9.6846],[106.2291,9.6839],[106.2304,9.6844],[106.2305,9.6855],[106.2337,9.6857],[106.2344,9.6873],[106.2357,9.6883],[106.2376,9.6886],[106.2399,9.6908],[106.2417,9.6912],[106.2421,9.6922]]]},"properties":{"name":"Hàm Giang","level":"ward"}},{"type":"Feature","geometry":{"type":"Polygon","coordinates":[[[106.24,9.6241],[106.248,9.6326],[106.2484,9.6338],[106.2504,9.6351],[106.2527,9.6385],[106.2549,9.6403],[106.2565,9.6429],[106.2585,9.6446],[106.2594,9.6441],[106.2619,9.6442],[106.265,9.6454],[106.2673,9.6456],[106.2673,9.6465],[106.2658,9.6477],[106.2663,9.6492],[106.2677,9.6481],[106.2684,9.6463],[106.2698,9.646],[106.2704,9.6482],[106.272,9.6488],[106.2725,9.6511],[106.2732,9.6515],[106.2761,9.65],[106.2782,9.6487],[106.2785,9.6479],[106.2777,9.6458],[106.2809,9.6464],[106.2819,9.6478],[106.282,9.6489],[106.2833,9.6489],[106.2843,9.6499],[106.2859,9.6503],[106.2868,9.6489],[106.2886,9.6487],[106.2892,9.6479],[106.2903,9.6484],[106.2909,9.6497],[106.2932,9.65],[106.2944,9.6496],[106.2976,9.6495],[106.3015,9.6508],[106.3046,9.6528],[106.3064,9.652],[106.3069,9.6488],[106.3096,9.6493],[106.3099,9.6482],[106.3132,9.6479],[106.3172,9.6482],[106.3175,9.6474],[106.3198,9.6487],[106.3213,9.6491],[106.3218,9.6478],[106.3206,9.6473],[106.3218,9.6453],[106.3167,9.6433],[106.3172,9.6397],[106.3231,9.6224],[106.323,9.6216],[106.3241,9.6178],[106.315,9.6161],[106.3077,9.6145],[106.306,9.614],[106.2955,9.6123],[106.2855,9.6105],[106.2823,9.6095],[106.2774,9.6068],[106.2733,9.6037],[106.2607,9.61],[106.2518,9.614],[106.248,9.6162],[106.244,9.6196],[106.24,9.6241]]]},"properties":{"name":"Đại An","level":"ward"}},{"type":"Feature","geometry":{"type":"Polygon","coordinates":[[[106.3213,9.6491],[106.3232,9.6501],[106.3294,9.6544],[106.3277,9.659],[106.3275,9.6636],[106.3271,9.666],[106.326,9.6695],[106.3256,9.6725],[106.3351,9.6758],[106.3543,9.6824],[106.3618,9.6853],[106.3768,9.6917],[106.3946,9.699],[106.3956,9.6969],[106.3978,9.694],[106.3988,9.692],[106.3998,9.6908],[106.3994,9.6897],[106.4017,9.6859],[106.4025,9.6825],[106.4014,9.6818],[106.4021,9.6802],[106.4006,9.6789],[106.3961,9.6771],[106.3965,9.6759],[106.3956,9.6753],[106.3975,9.6703],[106.3989,9.6649],[106.3999,9.6651],[106.404,9.6668],[106.4055,9.6565],[106.4064,9.6566],[106.408,9.6558],[106.4073,9.6517],[106.4078,9.6478],[106.407,9.6458],[106.4071,9.6434],[106.4082,9.6402],[106.4065,9.6324],[106.4064,9.6311],[106.4063,9.6311],[106.3989,9.6319],[106.3944,9.6309],[106.3619,9.625],[106.3483,9.6221],[106.3406,9.6206],[106.3351,9.6197],[106.3241,9.6178],[106.323,9.6216],[106.3231,9.6224],[106.3172,9.6397],[106.3167,9.6433],[106.3218,9.6453],[106.3206,9.6473],[106.3218,9.6478],[106.3213,9.6491]]]},"properties":{"name":"Đôn Châu","level":"ward"}},{"type":"Feature","geometry":{"type":"Polygon","coordinates":[[[106.3295,9.7564],[106.3341,9.7574],[106.3396,9.758],[106.3424,9.7585],[106.344,9.7531],[106.3441,9.7511],[106.3479,9.7442],[106.3517,9.7376],[106.3533,9.7352],[106.3545,9.7342],[106.3557,9.7319],[106.3571,9.7323],[106.3587,9.7305],[106.3595,9.7281],[106.3621,9.7298],[106.3627,9.7283],[106.3645,9.7291],[106.3649,9.728],[106.3682,9.7295],[106.3684,9.7288],[106.3729,9.7304],[106.3738,9.7286],[106.378,9.7299],[106.3803,9.7304],[106.3806,9.7308],[106.3839,9.7321],[106.3866,9.734],[106.39,9.7376],[106.3922,9.7355],[106.3949,9.7349],[106.3988,9.7351],[106.4018,9.7359],[106.4039,9.7361],[106.4069,9.7285],[106.4093,9.73],[106.4097,9.728],[106.4105,9.7272],[106.4089,9.7247],[106.412,9.7186],[106.4116,9.7159],[106.41,9.7161],[106.409,9.7144],[106.4108,9.7139],[106.4154,9.7123],[106.4175,9.7091],[106.4139,9.7075],[106.4113,9.7069],[106.4094,9.708],[106.4071,9.71],[106.4055,9.7092],[106.4044,9.7095],[106.4028,9.7121],[106.4008,9.7112],[106.4022,9.7086],[106.3995,9.7068],[106.3957,9.7054],[106.3966,9.7038],[106.3945,9.7024],[106.3956,9.7008],[106.3954,9.6993],[106.3946,9.699],[106.3768,9.6917],[106.3618,9.6853],[106.3543,9.6824],[106.3351,9.6758],[106.3344,9.6786],[106.3324,9.6857],[106.3311,9.686],[106.3294,9.6902],[106.3273,9.6894],[106.3269,9.6905],[106.328,9.6933],[106.3265,9.6931],[106.3261,9.6944],[106.3238,9.6942],[106.3235,9.6957],[106.315,9.6939],[106.3136,9.6934],[106.3127,9.6919],[106.3111,9.6911],[106.309,9.7012],[106.3084,9.7025],[106.3054,9.7115],[106.3035,9.7112],[106.3024,9.716],[106.3003,9.7176],[106.2971,9.7176],[106.2953,9.7171],[106.2945,9.7176],[106.2927,9.7177],[106.2929,9.7195],[106.2924,9.7213],[106.291,9.7203],[106.2907,9.7271],[106.2922,9.7268],[106.2922,9.7307],[106.2918,9.7373],[106.318,9.7457],[106.3194,9.746],[106.3188,9.7479],[106.3192,9.7485],[106.321,9.7489],[106.321,9.7497],[106.3236,9.7499],[106.3243,9.7507],[106.3288,9.7516],[106.3283,9.7532],[106.3298,9.7537],[106.3295,9.7564]]]},"properties":{"name":"Long Hiệp","level":"ward"}},{"type":"Feature","geometry":{"type":"Polygon","coordinates":[[[106.5032,9.6777],[106.5034,9.6766],[106.5043,9.6758],[106.5074,9.6714],[106.5096,9.668],[106.5116,9.668],[106.5084,9.6634],[106.5049,9.6604],[106.505,9.6595],[106.5018,9.655],[106.5017,9.6537],[106.5034,9.652],[106.5066,9.6576],[106.5099,9.6566],[106.512,9.6551],[106.5137,9.653],[106.5141,9.6518],[106.5176,9.6524],[106.5193,9.6536],[106.5206,9.6534],[106.5228,9.6545],[106.5245,9.6533],[106.5267,9.6545],[106.5276,9.6554],[106.5293,9.6555],[106.531,9.6549],[106.5304,9.6531],[106.5281,9.6474],[106.5268,9.6426],[106.5252,9.6375],[106.524,9.6354],[106.5246,9.6343],[106.527,9.6349],[106.5287,9.6347],[106.5299,9.6341],[106.5316,9.6324],[106.5328,9.6319],[106.5366,9.6318],[106.5384,9.6312],[106.5406,9.6293],[106.541,9.6271],[106.5401,9.624],[106.5406,9.6216],[106.5425,9.619],[106.5434,9.6165],[106.5419,9.614],[106.5401,9.609],[106.5397,9.6075],[106.5397,9.6041],[106.5413,9.6026],[106.5427,9.6002],[106.5427,9.5991],[106.5438,9.5981],[106.544,9.5978],[106.5408,9.5941],[106.5365,9.5892],[106.5339,9.5856],[106.5259,9.5767],[106.5253,9.5773],[106.5217,9.5751],[106.52,9.5737],[106.519,9.5713],[106.4845,9.6014],[106.4748,9.6117],[106.4654,9.6212],[106.4616,9.6231],[106.4579,9.6243],[106.4444,9.6258],[106.4419,9.6264],[106.4417,9.6351],[106.4421,9.6393],[106.4416,9.6411],[106.4398,9.6438],[106.4397,9.6453],[106.4405,9.6523],[106.4409,9.6535],[106.4476,9.6524],[106.4516,9.6514],[106.4557,9.6519],[106.4569,9.6522],[106.4573,9.6559],[106.4597,9.657],[106.4604,9.6578],[106.4642,9.6579],[106.4657,9.6588],[106.4666,9.6585],[106.4698,9.6593],[106.4725,9.6603],[106.4749,9.6608],[106.482,9.6618],[106.4838,9.6619],[106.4868,9.6636],[106.4923,9.6641],[106.4919,9.6655],[106.4898,9.6676],[106.4892,9.6691],[106.4894,9.6701],[106.4908,9.6723],[106.4935,9.6729],[106.4958,9.6744],[106.4972,9.6761],[106.4996,9.6776],[106.5018,9.678],[106.5032,9.6777]]]},"properties":{"name":"Duyên Hải","level":"ward"}},{"type":"Feature","geometry":{"type":"Polygon","coordinates":[[[106.4063,9.6311],[106.4064,9.6311],[106.4164,9.6298],[106.4163,9.6363],[106.4173,9.6385],[106.4185,9.6373],[106.4208,9.6369],[106.4232,9.636],[106.4233,9.6377],[106.4272,9.6379],[106.4317,9.637],[106.4321,9.6373],[106.4381,9.6366],[106.4382,9.6372],[106.4375,9.6435],[106.4398,9.6438],[106.4416,9.6411],[106.4421,9.6393],[106.4417,9.6351],[106.4419,9.6264],[106.4444,9.6258],[106.4579,9.6243],[106.4616,9.6231],[106.4654,9.6212],[106.4748,9.6117],[106.4845,9.6014],[106.4838,9.6012],[106.4773,9.598],[106.4728,9.596],[106.472,9.5964],[106.4682,9.5964],[106.4662,9.594],[106.4645,9.5937],[106.4684,9.5796],[106.4705,9.5764],[106.4715,9.5755],[106.4636,9.5711],[106.4584,9.5684],[106.4574,9.5705],[106.4575,9.5718],[106.4556,9.5717],[106.4547,9.5728],[106.4535,9.5727],[106.4523,9.5717],[106.4497,9.5709],[106.448,9.571],[106.446,9.5702],[106.444,9.5675],[106.4419,9.5677],[106.4373,9.566],[106.4355,9.5656],[106.4336,9.5647],[106.4334,9.5668],[106.4341,9.5726],[106.4311,9.5749],[106.4296,9.5737],[106.4274,9.5747],[106.4262,9.5765],[106.4253,9.5768],[106.4247,9.5787],[106.4252,9.5828],[106.4248,9.5844],[106.4235,9.5858],[106.4207,9.5854],[106.4203,9.5846],[106.4182,9.5845],[106.4147,9.5857],[106.4111,9.5823],[106.4102,9.582],[106.4092,9.5794],[106.4067,9.5765],[106.4045,9.5732],[106.4039,9.5691],[106.4021,9.567],[106.3999,9.5667],[106.3986,9.5684],[106.3972,9.5689],[106.3965,9.5699],[106.3939,9.5726],[106.3933,9.5743],[106.3916,9.5749],[106.3903,9.5746],[106.3867,9.5747],[106.3866,9.5782],[106.3845,9.5832],[106.3863,9.5844],[106.3881,9.5871],[106.3899,9.5886],[106.3914,9.5892],[106.3929,9.5891],[106.3946,9.5902],[106.3944,9.5918],[106.3936,9.5932],[106.3923,9.5943],[106.3941,9.5969],[106.3936,9.5998],[106.3931,9.6001],[106.3932,9.6057],[106.3929,9.6077],[106.3922,9.6076],[106.3891,9.6145],[106.3889,9.6154],[106.3874,9.6152],[106.3862,9.6159],[106.3864,9.6173],[106.3851,9.6194],[106.3999,9.6232],[106.4001,9.6213],[106.4022,9.6217],[106.4056,9.622],[106.4052,9.6254],[106.4067,9.6259],[106.4067,9.6281],[106.4063,9.6311]]]},"properties":{"name":"Long Thành","level":"ward"}},{"type":"Feature","geometry":{"type":"Polygon","coordinates":[[[106.5438,9.5981],[106.5427,9.5991],[106.5427,9.6002],[106.5413,9.6026],[106.5397,9.6041],[106.5397,9.6075],[106.5401,9.609],[106.5419,9.614],[106.5434,9.6165],[106.5425,9.619],[106.5406,9.6216],[106.5401,9.624],[106.541,9.6271],[106.5406,9.6293],[106.5384,9.6312],[106.5366,9.6318],[106.5328,9.6319],[106.5316,9.6324],[106.5299,9.6341],[106.5287,9.6347],[106.527,9.6349],[106.5246,9.6343],[106.524,9.6354],[106.5252,9.6375],[106.5268,9.6426],[106.5281,9.6474],[106.5304,9.6531],[106.531,9.6549],[106.5293,9.6555],[106.5276,9.6554],[106.5267,9.6545],[106.5245,9.6533],[106.5228,9.6545],[106.5206,9.6534],[106.5193,9.6536],[106.5176,9.6524],[106.5141,9.6518],[106.5137,9.653],[106.512,9.6551],[106.5099,9.6566],[106.5066,9.6576],[106.5034,9.652],[106.5017,9.6537],[106.5018,9.655],[106.505,9.6595],[106.5049,9.6604],[106.5084,9.6634],[106.5116,9.668],[106.5096,9.668],[106.5074,9.6714],[106.5043,9.6758],[106.5034,9.6766],[106.5032,9.6777],[106.504,9.6785],[106.5054,9.6825],[106.5034,9.6846],[106.5023,9.6873],[106.4991,9.6924],[106.5001,9.6936],[106.5048,9.6956],[106.5087,9.6977],[106.5096,9.6985],[106.511,9.6958],[106.5136,9.6928],[106.5112,9.6911],[106.5104,9.6895],[106.5126,9.6872],[106.5123,9.6859],[106.5094,9.6845],[106.5093,9.6835],[106.5111,9.6831],[106.5144,9.6844],[106.5161,9.6837],[106.5173,9.6819],[106.5183,9.6818],[106.5206,9.6832],[106.5232,9.6838],[106.5254,9.6837],[106.5295,9.684],[106.537,9.6826],[106.5387,9.6827],[106.5406,9.6841],[106.5467,9.6863],[106.5521,9.6889],[106.5538,9.6893],[106.5554,9.6891],[106.5593,9.6873],[106.5613,9.6868],[106.5646,9.69],[106.5707,9.6952],[106.5722,9.6943],[106.5746,9.6959],[106.5768,9.6949],[106.5776,9.6938],[106.5791,9.6891],[106.5797,9.685],[106.5804,9.6824],[106.5808,9.6782],[106.5808,9.6747],[106.5812,9.6721],[106.5803,9.6657],[106.5792,9.6617],[106.5734,9.6483],[106.5689,9.6383],[106.5664,9.6332],[106.5665,9.6328],[106.562,9.624],[106.56,9.621],[106.5565,9.6152],[106.5495,9.6049],[106.5491,9.6052],[106.5438,9.5981]]]},"properties":{"name":"Trường Long Hoà","level":"ward"}},{"type":"Feature","geometry":{"type":"Polygon","coordinates":[[[106.5193,9.7221],[106.5224,9.7237],[106.5239,9.7254],[106.5269,9.7273],[106.5278,9.7285],[106.5273,9.7302],[106.528,9.7313],[106.5316,9.7334],[106.5345,9.737],[106.5375,9.7397],[106.5399,9.7443],[106.5422,9.7481],[106.543,9.7509],[106.5452,9.7513],[106.5512,9.7518],[106.553,9.7515],[106.5554,9.75],[106.5592,9.7461],[106.5597,9.7452],[106.5614,9.7446],[106.5642,9.7425],[106.5654,9.7407],[106.5664,9.7398],[106.5673,9.7381],[106.5678,9.7361],[106.5689,9.7289],[106.5684,9.7276],[106.5691,9.7237],[106.5696,9.7228],[106.5695,9.7202],[106.5703,9.7141],[106.5707,9.709],[106.5704,9.7022],[106.5694,9.6959],[106.5707,9.6952],[106.5646,9.69],[106.5613,9.6868],[106.5593,9.6873],[106.5554,9.6891],[106.5538,9.6893],[106.5521,9.6889],[106.5467,9.6863],[106.5406,9.6841],[106.5387,9.6827],[106.537,9.6826],[106.5295,9.684],[106.5254,9.6837],[106.5232,9.6838],[106.5206,9.6832],[106.5183,9.6818],[106.5173,9.6819],[106.5161,9.6837],[106.5144,9.6844],[106.5111,9.6831],[106.5093,9.6835],[106.5094,9.6845],[106.5123,9.6859],[106.5126,9.6872],[106.5104,9.6895],[106.5112,9.6911],[106.5136,9.6928],[106.511,9.6958],[106.5096,9.6985],[106.5087,9.6977],[106.5048,9.6956],[106.5001,9.6936],[106.4991,9.6924],[106.5023,9.6873],[106.5034,9.6846],[106.5054,9.6825],[106.504,9.6785],[106.5032,9.6777],[106.5018,9.678],[106.4996,9.6776],[106.4972,9.6761],[106.4958,9.6744],[106.4935,9.6729],[106.4908,9.6723],[106.4894,9.6701],[106.4892,9.6691],[106.4898,9.6676],[106.4919,9.6655],[106.4923,9.6641],[106.4868,9.6636],[106.4838,9.6619],[106.482,9.6618],[106.4749,9.6608],[106.4725,9.6603],[106.4698,9.6593],[106.4666,9.6585],[106.4657,9.6588],[106.4642,9.6579],[106.4604,9.6578],[106.4597,9.657],[106.4573,9.6559],[106.4566,9.6615],[106.4567,9.663],[106.4583,9.663],[106.4579,9.6661],[106.4572,9.6661],[106.4566,9.6693],[106.4573,9.6698],[106.4611,9.6706],[106.4609,9.6735],[106.4618,9.6739],[106.4614,9.6789],[106.4592,9.682],[106.4632,9.6841],[106.4634,9.6853],[106.4627,9.687],[106.4658,9.6884],[106.4649,9.6902],[106.4643,9.6925],[106.4644,9.6942],[106.4656,9.6941],[106.469,9.6949],[106.4687,9.6962],[106.4735,9.6977],[106.4803,9.7008],[106.4815,9.6985],[106.4846,9.6978],[106.4858,9.699],[106.4911,9.7003],[106.4945,9.7017],[106.4957,9.7037],[106.4946,9.7049],[106.4968,9.7051],[106.498,9.7064],[106.4996,9.7058],[106.5013,9.7068],[106.5018,9.7058],[106.5202,9.7174],[106.5193,9.7221]]]},"properties":{"name":"Long Hữu","level":"ward"}},{"type":"Feature","geometry":{"type":"Polygon","coordinates":[[[106.4175,9.7091],[106.4201,9.7103],[106.4304,9.7129],[106.4297,9.7149],[106.4308,9.716],[106.4312,9.7174],[106.4324,9.7178],[106.441,9.7186],[106.4425,9.719],[106.4452,9.7185],[106.4468,9.7171],[106.4471,9.7188],[106.4458,9.7195],[106.446,9.7211],[106.4445,9.7217],[106.4452,9.7229],[106.4461,9.7227],[106.4481,9.7202],[106.4493,9.7196],[106.4509,9.7195],[106.4528,9.7181],[106.4536,9.719],[106.4518,9.72],[106.4515,9.7209],[106.452,9.7236],[106.4528,9.7239],[106.4538,9.723],[106.4546,9.7236],[106.4558,9.7225],[106.4569,9.7225],[106.4579,9.7236],[106.458,9.7245],[106.4559,9.7252],[106.4571,9.727],[106.4579,9.7267],[106.4585,9.7251],[106.4601,9.7253],[106.4609,9.7242],[106.4624,9.7239],[106.4639,9.7226],[106.466,9.7237],[106.4672,9.7252],[106.4684,9.7256],[106.468,9.7267],[106.4658,9.7271],[106.4682,9.7295],[106.4694,9.7294],[106.4702,9.7278],[106.4719,9.7273],[106.4714,9.7256],[106.4721,9.724],[106.4723,9.7218],[106.4733,9.7202],[106.4744,9.7124],[106.4749,9.7098],[106.4773,9.7021],[106.4796,9.7015],[106.4803,9.7008],[106.4735,9.6977],[106.4687,9.6962],[106.469,9.6949],[106.4656,9.6941],[106.4644,9.6942],[106.4643,9.6925],[106.4649,9.6902],[106.4658,9.6884],[106.4627,9.687],[106.4634,9.6853],[106.4632,9.6841],[106.4592,9.682],[106.4614,9.6789],[106.4618,9.6739],[106.4609,9.6735],[106.4611,9.6706],[106.4573,9.6698],[106.4566,9.6693],[106.4572,9.6661],[106.4579,9.6661],[106.4583,9.663],[106.4567,9.663],[106.4566,9.6615],[106.4573,9.6559],[106.4569,9.6522],[106.4557,9.6519],[106.4516,9.6514],[106.4476,9.6524],[106.4409,9.6535],[106.4405,9.6523],[106.4397,9.6453],[106.4398,9.6438],[106.4375,9.6435],[106.4382,9.6372],[106.4381,9.6366],[106.4321,9.6373],[106.4317,9.637],[106.4272,9.6379],[106.4233,9.6377],[106.4232,9.636],[106.4208,9.6369],[106.4185,9.6373],[106.4173,9.6385],[106.4163,9.6363],[106.4164,9.6298],[106.4064,9.6311],[106.4065,9.6324],[106.4082,9.6402],[106.4071,9.6434],[106.407,9.6458],[106.4078,9.6478],[106.4073,9.6517],[106.408,9.6558],[106.4064,9.6566],[106.4055,9.6565],[106.404,9.6668],[106.3999,9.6651],[106.3989,9.6649],[106.3975,9.6703],[106.3956,9.6753],[106.3965,9.6759],[106.3961,9.6771],[106.4006,9.6789],[106.4021,9.6802],[106.4014,9.6818],[106.4025,9.6825],[106.4017,9.6859],[106.3994,9.6897],[106.3998,9.6908],[106.3988,9.692],[106.3978,9.694],[106.3956,9.6969],[106.3946,9.699],[106.3954,9.6993],[106.3956,9.7008],[106.3945,9.7024],[106.3966,9.7038],[106.3957,9.7054],[106.3995,9.7068],[106.4022,9.7086],[106.4008,9.7112],[106.4028,9.7121],[106.4044,9.7095],[106.4055,9.7092],[106.4071,9.71],[106.4094,9.708],[106.4113,9.7069],[106.4139,9.7075],[106.4175,9.7091]]]},"properties":{"name":"Ngũ Lạc","level":"ward"}},{"type":"Feature","geometry":{"type":"Polygon","coordinates":[[[106.2733,9.6037],[106.2774,9.6068],[106.2823,9.6095],[106.2855,9.6105],[106.2955,9.6123],[106.306,9.614],[106.3077,9.6145],[106.315,9.6161],[106.3241,9.6178],[106.3351,9.6197],[106.3406,9.6206],[106.3483,9.6221],[106.3619,9.625],[106.3944,9.6309],[106.3989,9.6319],[106.4063,9.6311],[106.4067,9.6281],[106.4067,9.6259],[106.4052,9.6254],[106.4056,9.622],[106.4022,9.6217],[106.4001,9.6213],[106.3999,9.6232],[106.3851,9.6194],[106.3864,9.6173],[106.3862,9.6159],[106.3874,9.6152],[106.3889,9.6154],[106.3891,9.6145],[106.3922,9.6076],[106.3929,9.6077],[106.3932,9.6057],[106.3931,9.6001],[106.3936,9.5998],[106.3941,9.5969],[106.3923,9.5943],[106.3936,9.5932],[106.3944,9.5918],[106.3946,9.5902],[106.3929,9.5891],[106.3914,9.5892],[106.3899,9.5886],[106.3881,9.5871],[106.3863,9.5844],[106.3845,9.5832],[106.3866,9.5782],[106.3867,9.5747],[106.3903,9.5746],[106.3916,9.5749],[106.3933,9.5743],[106.3939,9.5726],[106.3965,9.5699],[106.3972,9.5689],[106.3955,9.5681],[106.3947,9.5671],[106.3914,9.5665],[106.3907,9.5646],[106.3897,9.5635],[106.3889,9.5616],[106.3896,9.5597],[106.3911,9.5585],[106.3931,9.5585],[106.3941,9.5563],[106.393,9.5528],[106.3936,9.5516],[106.3916,9.5513],[106.3908,9.5507],[106.3907,9.5448],[106.391,9.5442],[106.3943,9.5415],[106.3966,9.5405],[106.3976,9.5389],[106.3943,9.5356],[106.3926,9.5344],[106.3895,9.5334],[106.3858,9.5343],[106.3845,9.5331],[106.3817,9.5322],[106.3789,9.532],[106.3751,9.5314],[106.3725,9.5319],[106.3712,9.5331],[106.3682,9.5341],[106.3694,9.5399],[106.3691,9.543],[106.3677,9.5466],[106.3686,9.5511],[106.3698,9.554],[106.3688,9.5546],[106.3673,9.5506],[106.3661,9.5516],[106.3645,9.5522],[106.3618,9.5548],[106.3608,9.554],[106.3597,9.5547],[106.3566,9.5577],[106.3531,9.5618],[106.3505,9.5644],[106.3465,9.5695],[106.3446,9.5714],[106.3366,9.5776],[106.3336,9.5802],[106.3287,9.5837],[106.3222,9.5877],[106.3169,9.5905],[106.3141,9.5924],[106.3072,9.5964],[106.306,9.5969],[106.2982,9.5885],[106.2827,9.5974],[106.2733,9.6037]]]},"properties":{"name":"Long Vĩnh","level":"ward"}},{"type":"Feature","geometry":{"type":"Polygon","coordinates":[[[106.4845,9.6014],[106.519,9.5713],[106.5181,9.5696],[106.5163,9.5692],[106.5086,9.5641],[106.5042,9.5614],[106.5018,9.5597],[106.4991,9.558],[106.4962,9.5557],[106.4929,9.5536],[106.492,9.5526],[106.4897,9.5518],[106.4869,9.5501],[106.4824,9.5483],[106.4799,9.5469],[106.4757,9.5449],[106.4674,9.5416],[106.4611,9.5397],[106.4573,9.539],[106.4483,9.5362],[106.4407,9.5333],[106.4392,9.5329],[106.433,9.5303],[106.4303,9.5299],[106.4243,9.5281],[106.4242,9.5286],[106.4201,9.5275],[106.4186,9.5277],[106.4167,9.5273],[106.4129,9.5272],[106.413,9.5283],[106.4104,9.5283],[106.4082,9.5292],[106.4095,9.5307],[106.4107,9.5332],[106.4077,9.5346],[106.4074,9.5358],[106.4049,9.5361],[106.4017,9.5356],[106.3929,9.532],[106.386,9.5299],[106.3808,9.5287],[106.3732,9.5274],[106.3704,9.5275],[106.3675,9.5284],[106.3668,9.5302],[106.3697,9.5334],[106.3712,9.5331],[106.3725,9.5319],[106.3751,9.5314],[106.3789,9.532],[106.3817,9.5322],[106.3845,9.5331],[106.3858,9.5343],[106.3895,9.5334],[106.3926,9.5344],[106.3943,9.5356],[106.3976,9.5389],[106.3966,9.5405],[106.3943,9.5415],[106.391,9.5442],[106.3907,9.5448],[106.3908,9.5507],[106.3916,9.5513],[106.3936,9.5516],[106.393,9.5528],[106.3941,9.5563],[106.3931,9.5585],[106.3911,9.5585],[106.3896,9.5597],[106.3889,9.5616],[106.3897,9.5635],[106.3907,9.5646],[106.3914,9.5665],[106.3947,9.5671],[106.3955,9.5681],[106.3972,9.5689],[106.3986,9.5684],[106.3999,9.5667],[106.4021,9.567],[106.4039,9.5691],[106.4045,9.5732],[106.4067,9.5765],[106.4092,9.5794],[106.4102,9.582],[106.4111,9.5823],[106.4147,9.5857],[106.4182,9.5845],[106.4203,9.5846],[106.4207,9.5854],[106.4235,9.5858],[106.4248,9.5844],[106.4252,9.5828],[106.4247,9.5787],[106.4253,9.5768],[106.4262,9.5765],[106.4274,9.5747],[106.4296,9.5737],[106.4311,9.5749],[106.4341,9.5726],[106.4334,9.5668],[106.4336,9.5647],[106.4355,9.5656],[106.4373,9.566],[106.4419,9.5677],[106.444,9.5675],[106.446,9.5702],[106.448,9.571],[106.4497,9.5709],[106.4523,9.5717],[106.4535,9.5727],[106.4547,9.5728],[106.4556,9.5717],[106.4575,9.5718],[106.4574,9.5705],[106.4584,9.5684],[106.4636,9.5711],[106.4715,9.5755],[106.4705,9.5764],[106.4684,9.5796],[106.4645,9.5937],[106.4662,9.594],[106.4682,9.5964],[106.472,9.5964],[106.4728,9.596],[106.4773,9.598],[106.4838,9.6012],[106.4845,9.6014]]]},"properties":{"name":"Đông Hải","level":"ward"}},{"type":"Feature","geometry":{"type":"Polygon","coordinates":[[[105.9725,10.2601],[105.9731,10.2585],[105.9765,10.2553],[105.9785,10.2527],[105.9752,10.2505],[105.972,10.2479],[105.969,10.252],[105.9673,10.2509],[105.9652,10.2503],[105.9654,10.2464],[105.9657,10.2446],[105.9644,10.2422],[105.9617,10.2415],[105.9606,10.2417],[105.9585,10.2411],[105.9577,10.2419],[105.9588,10.2445],[105.9555,10.2448],[105.9533,10.2457],[105.9527,10.2449],[105.9502,10.2463],[105.9502,10.2455],[105.948,10.2424],[105.9476,10.2431],[105.9432,10.2424],[105.9425,10.2427],[105.9402,10.2423],[105.9375,10.2422],[105.9358,10.2428],[105.9343,10.2419],[105.9313,10.2415],[105.9274,10.2416],[105.9258,10.2422],[105.9235,10.2428],[105.9223,10.2435],[105.9219,10.2451],[105.9193,10.2464],[105.9192,10.2481],[105.9182,10.2509],[105.9191,10.2518],[105.9203,10.2517],[105.9216,10.2538],[105.9224,10.2561],[105.9235,10.2557],[105.9245,10.2589],[105.9255,10.2593],[105.9264,10.2574],[105.9286,10.2577],[105.93,10.2585],[105.9319,10.258],[105.9321,10.2602],[105.9304,10.2617],[105.9292,10.261],[105.9285,10.2621],[105.9301,10.2636],[105.9317,10.2641],[105.9328,10.2653],[105.9353,10.265],[105.9345,10.268],[105.9345,10.2692],[105.9357,10.2705],[105.9368,10.2707],[105.9384,10.2698],[105.9392,10.2702],[105.9415,10.2736],[105.9455,10.2706],[105.9476,10.2686],[105.9523,10.2647],[105.9544,10.2635],[105.9582,10.2616],[105.9611,10.2605],[105.9648,10.2594],[105.9676,10.2592],[105.9725,10.2601]]]},"properties":{"name":"Long Châu","level":"ward"}},{"type":"Feature","geometry":{"type":"Polygon","coordinates":[[[105.9617,10.2415],[105.9644,10.2422],[105.9657,10.2446],[105.9654,10.2464],[105.9652,10.2503],[105.9673,10.2509],[105.969,10.252],[105.972,10.2479],[105.9752,10.2505],[105.9785,10.2527],[105.9813,10.249],[105.984,10.2463],[105.9848,10.245],[105.9865,10.2414],[105.9881,10.239],[105.9896,10.2376],[105.9916,10.2345],[105.9927,10.2319],[105.9918,10.2292],[105.9903,10.228],[105.9879,10.2277],[105.9865,10.2268],[105.9838,10.2236],[105.9828,10.2232],[105.9801,10.2274],[105.9791,10.2277],[105.9769,10.2266],[105.9754,10.2244],[105.9731,10.2199],[105.9728,10.2159],[105.97,10.2146],[105.9698,10.2128],[105.9671,10.2104],[105.9663,10.2078],[105.9646,10.2065],[105.9626,10.2067],[105.9621,10.2062],[105.9625,10.2023],[105.962,10.1992],[105.9624,10.1973],[105.9621,10.1954],[105.9605,10.1919],[105.9547,10.1932],[105.9433,10.1961],[105.9427,10.1963],[105.9446,10.2002],[105.9494,10.2128],[105.9498,10.2148],[105.9528,10.2231],[105.9555,10.2259],[105.9556,10.2282],[105.9576,10.2316],[105.96,10.2338],[105.9604,10.2369],[105.9611,10.2387],[105.9617,10.2415]]]},"properties":{"name":"Phước Hậu","level":"ward"}},{"type":"Feature","geometry":{"type":"Polygon","coordinates":[[[105.9415,10.2736],[105.9392,10.2702],[105.9384,10.2698],[105.9368,10.2707],[105.9357,10.2705],[105.9345,10.2692],[105.9345,10.268],[105.9353,10.265],[105.9328,10.2653],[105.9317,10.2641],[105.9301,10.2636],[105.9285,10.2621],[105.9292,10.261],[105.9304,10.2617],[105.9321,10.2602],[105.9319,10.258],[105.93,10.2585],[105.9286,10.2577],[105.9264,10.2574],[105.9255,10.2593],[105.9245,10.2589],[105.9235,10.2557],[105.9224,10.2561],[105.9216,10.2538],[105.9203,10.2517],[105.9191,10.2518],[105.9182,10.2509],[105.9192,10.2481],[105.9193,10.2464],[105.9219,10.2451],[105.9223,10.2435],[105.9235,10.2428],[105.9258,10.2422],[105.9223,10.2354],[105.9208,10.2346],[105.9198,10.235],[105.9175,10.2343],[105.9166,10.2315],[105.9165,10.2297],[105.918,10.2289],[105.9147,10.2206],[105.9122,10.2266],[105.9012,10.2345],[105.9019,10.2449],[105.899,10.2454],[105.8942,10.2443],[105.8904,10.2448],[105.889,10.2463],[105.8871,10.2493],[105.8867,10.2518],[105.8844,10.2546],[105.8842,10.2556],[105.8846,10.2574],[105.8836,10.2578],[105.8821,10.2575],[105.881,10.2599],[105.8786,10.2618],[105.8776,10.2631],[105.8776,10.2644],[105.881,10.2652],[105.883,10.266],[105.887,10.269],[105.8942,10.2758],[105.8976,10.2747],[105.9014,10.2742],[105.9056,10.2754],[105.9126,10.2785],[105.9202,10.2807],[105.9232,10.2823],[105.9266,10.2837],[105.9317,10.2805],[105.9344,10.2784],[105.9415,10.2736]]]},"properties":{"name":"Tân Ngãi","level":"ward"}},{"type":"Feature","geometry":{"type":"Polygon","coordinates":[[[106.0347,10.2991],[106.0329,10.2958],[106.0312,10.2923],[106.0306,10.2921],[106.0292,10.2897],[106.0301,10.2868],[106.0289,10.2864],[106.0291,10.2854],[106.0283,10.2832],[106.0284,10.2807],[106.0298,10.2788],[106.0284,10.2751],[106.0276,10.2737],[106.0318,10.2724],[106.034,10.2719],[106.0351,10.2721],[106.0345,10.2672],[106.035,10.2667],[106.0351,10.2647],[106.0341,10.2569],[106.0331,10.2571],[106.0288,10.2582],[106.0209,10.2604],[106.0131,10.2626],[106.0046,10.2641],[106.0021,10.2647],[105.9963,10.2643],[105.991,10.2643],[105.988,10.2642],[105.9825,10.2629],[105.9742,10.2604],[105.9725,10.2601],[105.9676,10.2592],[105.9648,10.2594],[105.9611,10.2605],[105.9582,10.2616],[105.9544,10.2635],[105.9523,10.2647],[105.9476,10.2686],[105.9455,10.2706],[105.9415,10.2736],[105.9344,10.2784],[105.9317,10.2805],[105.9266,10.2837],[105.9313,10.2876],[105.9324,10.2889],[105.9342,10.2905],[105.9366,10.2937],[105.9425,10.2991],[105.9473,10.3023],[105.9507,10.3052],[105.9524,10.3071],[105.9574,10.3115],[105.9654,10.3179],[105.9745,10.3264],[105.9791,10.3293],[105.9831,10.331],[105.9858,10.3314],[105.9882,10.3315],[105.991,10.3308],[105.9933,10.3298],[105.9973,10.3268],[106.0031,10.3229],[106.008,10.3204],[106.0118,10.3181],[106.0157,10.315],[106.018,10.3128],[106.0241,10.3062],[106.0293,10.3022],[106.0347,10.2991]]]},"properties":{"name":"An Bình","level":"ward"}},{"type":"Feature","geometry":{"type":"Polygon","coordinates":[[[105.9785,10.2527],[105.9765,10.2553],[105.9731,10.2585],[105.9725,10.2601],[105.9742,10.2604],[105.9825,10.2629],[105.988,10.2642],[105.991,10.2643],[105.9963,10.2643],[106.0021,10.2647],[106.0046,10.2641],[106.0131,10.2626],[106.0209,10.2604],[106.0168,10.252],[106.0202,10.249],[106.0233,10.2477],[106.0242,10.2425],[106.0249,10.2425],[106.0286,10.2411],[106.0286,10.2402],[106.027,10.2348],[106.0248,10.2336],[106.0235,10.2316],[106.0217,10.2295],[106.02,10.2283],[106.0189,10.2268],[106.018,10.2271],[106.0158,10.2264],[106.0137,10.2255],[106.009,10.2295],[106.007,10.2293],[106.0058,10.2286],[106.0052,10.2292],[106.0035,10.2287],[106.002,10.2292],[106.0024,10.2265],[105.9986,10.2237],[105.9961,10.2267],[105.994,10.2296],[105.9927,10.2319],[105.9916,10.2345],[105.9896,10.2376],[105.9881,10.239],[105.9865,10.2414],[105.9848,10.245],[105.984,10.2463],[105.9813,10.249],[105.9785,10.2527]]]},"properties":{"name":"Thanh Đức","level":"ward"}},{"type":"Feature","geometry":{"type":"Polygon","coordinates":[[[105.9258,10.2422],[105.9274,10.2416],[105.9313,10.2415],[105.9343,10.2419],[105.9358,10.2428],[105.9375,10.2422],[105.9402,10.2423],[105.9425,10.2427],[105.9432,10.2424],[105.9476,10.2431],[105.948,10.2424],[105.9502,10.2455],[105.9502,10.2463],[105.9527,10.2449],[105.9533,10.2457],[105.9555,10.2448],[105.9588,10.2445],[105.9577,10.2419],[105.9585,10.2411],[105.9606,10.2417],[105.9617,10.2415],[105.9611,10.2387],[105.9604,10.2369],[105.96,10.2338],[105.9576,10.2316],[105.9556,10.2282],[105.9555,10.2259],[105.9528,10.2231],[105.9498,10.2148],[105.9494,10.2128],[105.9446,10.2002],[105.9427,10.1963],[105.9362,10.1985],[105.9226,10.2037],[105.9176,10.2054],[105.9195,10.211],[105.9158,10.2179],[105.9147,10.2206],[105.918,10.2289],[105.9165,10.2297],[105.9166,10.2315],[105.9175,10.2343],[105.9198,10.235],[105.9208,10.2346],[105.9223,10.2354],[105.9258,10.2422]]]},"properties":{"name":"Tân Hạnh","level":"ward"}},{"type":"Feature","geometry":{"type":"Polygon","coordinates":[[[105.9605,10.1919],[105.9621,10.1954],[105.9624,10.1973],[105.962,10.1992],[105.9625,10.2023],[105.9621,10.2062],[105.9626,10.2067],[105.9646,10.2065],[105.9663,10.2078],[105.9671,10.2104],[105.9698,10.2128],[105.97,10.2146],[105.9728,10.2159],[105.9731,10.2199],[105.9754,10.2244],[105.9769,10.2266],[105.9791,10.2277],[105.9801,10.2274],[105.9828,10.2232],[105.9838,10.2236],[105.9865,10.2268],[105.9879,10.2277],[105.9903,10.228],[105.9918,10.2292],[105.9927,10.2319],[105.994,10.2296],[105.9961,10.2267],[105.9986,10.2237],[106.0028,10.2166],[106.0031,10.2146],[106.001,10.2121],[106.0008,10.2112],[106.0018,10.21],[106.0044,10.2085],[106.0055,10.2073],[106.0105,10.1971],[106.0124,10.1947],[106.0148,10.194],[106.0161,10.1927],[106.0199,10.1934],[106.0229,10.1928],[106.0234,10.1904],[106.0205,10.1854],[106.0234,10.1832],[106.0227,10.1815],[106.025,10.178],[106.0248,10.1775],[106.0239,10.1704],[106.0229,10.1707],[106.0213,10.1651],[106.0205,10.1633],[106.0215,10.1595],[106.023,10.1589],[106.0227,10.1584],[106.0246,10.1554],[106.0251,10.1534],[106.0266,10.1506],[106.0289,10.1491],[106.0318,10.1463],[106.0285,10.1421],[106.0279,10.1415],[106.0229,10.1388],[106.0227,10.1378],[106.013,10.1353],[106.0113,10.135],[106.0072,10.1338],[106.0042,10.1335],[106.0047,10.1357],[106.0006,10.14],[105.9995,10.1413],[105.9975,10.1453],[105.9958,10.1482],[105.9928,10.1476],[105.9851,10.15],[105.9814,10.1522],[105.9809,10.1519],[105.9795,10.1533],[105.9714,10.1584],[105.9642,10.1641],[105.9666,10.1678],[105.9737,10.1781],[105.9746,10.1796],[105.9732,10.1807],[105.9754,10.1851],[105.9733,10.1865],[105.9724,10.1844],[105.9695,10.1849],[105.9677,10.1864],[105.9646,10.1893],[105.9641,10.1902],[105.962,10.1916],[105.9605,10.1919]]]},"properties":{"name":"Long Hồ","level":"ward"}},{"type":"Feature","geometry":{"type":"Polygon","coordinates":[[[105.9427,10.1963],[105.9433,10.1961],[105.9547,10.1932],[105.9605,10.1919],[105.962,10.1916],[105.9641,10.1902],[105.9646,10.1893],[105.9677,10.1864],[105.9695,10.1849],[105.9724,10.1844],[105.9733,10.1865],[105.9754,10.1851],[105.9732,10.1807],[105.9746,10.1796],[105.9737,10.1781],[105.9666,10.1678],[105.9642,10.1641],[105.9604,10.1659],[105.9584,10.1607],[105.9571,10.1604],[105.9561,10.1582],[105.9531,10.158],[105.9529,10.157],[105.9517,10.156],[105.9497,10.1519],[105.9511,10.1503],[105.9499,10.149],[105.9492,10.1447],[105.948,10.1431],[105.9428,10.1422],[105.9356,10.1445],[105.9273,10.147],[105.9275,10.1412],[105.9241,10.1424],[105.9083,10.1482],[105.9043,10.1496],[105.9038,10.1507],[105.8982,10.1524],[105.8952,10.1524],[105.8919,10.1534],[105.8904,10.1531],[105.8873,10.1516],[105.8839,10.1522],[105.8834,10.1503],[105.8806,10.1498],[105.8706,10.1544],[105.8743,10.1663],[105.8702,10.1687],[105.8719,10.1726],[105.874,10.1767],[105.8763,10.1818],[105.8773,10.1823],[105.8759,10.185],[105.8761,10.1891],[105.8819,10.1887],[105.8834,10.1888],[105.8861,10.1869],[105.8884,10.1878],[105.8891,10.1888],[105.8914,10.1871],[105.8937,10.1867],[105.8951,10.1856],[105.8994,10.1917],[105.9132,10.1924],[105.9172,10.204],[105.9176,10.2054],[105.9226,10.2037],[105.9362,10.1985],[105.9427,10.1963]]]},"properties":{"name":"Phú Quới","level":"ward"}},{"type":"Feature","geometry":{"type":"Polygon","coordinates":[[[106.0341,10.2569],[106.0352,10.2533],[106.0366,10.2512],[106.0388,10.2493],[106.0437,10.2473],[106.0442,10.2471],[106.0467,10.2461],[106.0489,10.2456],[106.0508,10.2452],[106.0634,10.244],[106.0687,10.2439],[106.0752,10.2436],[106.084,10.2433],[106.0924,10.2427],[106.0947,10.2424],[106.0985,10.2415],[106.1031,10.2401],[106.1053,10.2392],[106.1038,10.2365],[106.1027,10.2336],[106.1033,10.2326],[106.1055,10.2312],[106.1059,10.2296],[106.1052,10.228],[106.1057,10.2269],[106.105,10.226],[106.1055,10.2249],[106.1053,10.2226],[106.1032,10.2221],[106.1025,10.221],[106.1024,10.2187],[106.1015,10.2179],[106.0975,10.2122],[106.0967,10.2079],[106.0948,10.2062],[106.0922,10.2049],[106.0932,10.2033],[106.09,10.2004],[106.0894,10.1995],[106.0863,10.1976],[106.0822,10.1957],[106.0795,10.1941],[106.0743,10.1912],[106.0746,10.1908],[106.0734,10.1881],[106.0716,10.1852],[106.0702,10.1855],[106.0689,10.188],[106.0665,10.1914],[106.0651,10.1927],[106.0635,10.1948],[106.0633,10.1966],[106.0619,10.1956],[106.0582,10.1975],[106.0598,10.2013],[106.0616,10.2048],[106.0571,10.2058],[106.0573,10.2067],[106.0558,10.2077],[106.0542,10.2121],[106.053,10.213],[106.0525,10.2187],[106.0525,10.2208],[106.0504,10.2206],[106.0493,10.2216],[106.047,10.221],[106.0459,10.2212],[106.043,10.2209],[106.0387,10.2196],[106.0331,10.2183],[106.0319,10.2177],[106.031,10.2203],[106.0288,10.2259],[106.0272,10.2235],[106.0241,10.2253],[106.022,10.2237],[106.0204,10.2263],[106.0189,10.2268],[106.02,10.2283],[106.0217,10.2295],[106.0235,10.2316],[106.0248,10.2336],[106.027,10.2348],[106.0286,10.2402],[106.0286,10.2411],[106.0249,10.2425],[106.0242,10.2425],[106.0233,10.2477],[106.0202,10.249],[106.0168,10.252],[106.0209,10.2604],[106.0288,10.2582],[106.0331,10.2571],[106.0341,10.2569]]]},"properties":{"name":"Nhơn Phú","level":"ward"}},{"type":"Feature","geometry":{"type":"Polygon","coordinates":[[[105.9986,10.2237],[106.0024,10.2265],[106.002,10.2292],[106.0035,10.2287],[106.0052,10.2292],[106.0058,10.2286],[106.007,10.2293],[106.009,10.2295],[106.0137,10.2255],[106.0158,10.2264],[106.018,10.2271],[106.0189,10.2268],[106.0204,10.2263],[106.022,10.2237],[106.0241,10.2253],[106.0272,10.2235],[106.0288,10.2259],[106.031,10.2203],[106.0319,10.2177],[106.0331,10.2183],[106.0387,10.2196],[106.043,10.2209],[106.0459,10.2212],[106.047,10.221],[106.0493,10.2216],[106.0504,10.2206],[106.0525,10.2208],[106.0525,10.2187],[106.053,10.213],[106.0542,10.2121],[106.0558,10.2077],[106.0573,10.2067],[106.0571,10.2058],[106.0616,10.2048],[106.0598,10.2013],[106.0582,10.1975],[106.0619,10.1956],[106.0633,10.1966],[106.0635,10.1948],[106.0651,10.1927],[106.0665,10.1914],[106.0689,10.188],[106.0702,10.1855],[106.0716,10.1852],[106.0724,10.1847],[106.0707,10.1826],[106.0708,10.1792],[106.0751,10.1756],[106.0731,10.174],[106.0735,10.1735],[106.0771,10.1715],[106.0763,10.1704],[106.0806,10.1688],[106.08,10.1677],[106.0808,10.1668],[106.0688,10.1634],[106.0563,10.1655],[106.0455,10.1671],[106.0345,10.168],[106.0291,10.1692],[106.0283,10.1681],[106.0272,10.1656],[106.0238,10.1598],[106.023,10.1589],[106.0215,10.1595],[106.0205,10.1633],[106.0213,10.1651],[106.0229,10.1707],[106.0239,10.1704],[106.0248,10.1775],[106.025,10.178],[106.0227,10.1815],[106.0234,10.1832],[106.0205,10.1854],[106.0234,10.1904],[106.0229,10.1928],[106.0199,10.1934],[106.0161,10.1927],[106.0148,10.194],[106.0124,10.1947],[106.0105,10.1971],[106.0055,10.2073],[106.0044,10.2085],[106.0018,10.21],[106.0008,10.2112],[106.001,10.2121],[106.0031,10.2146],[106.0028,10.2166],[105.9986,10.2237]]]},"properties":{"name":"Bình Phước","level":"ward"}},{"type":"Feature","geometry":{"type":"Polygon","coordinates":[[[106.1283,10.2281],[106.1304,10.2268],[106.1328,10.2246],[106.1388,10.2177],[106.1411,10.215],[106.1414,10.211],[106.1427,10.2064],[106.1454,10.2027],[106.1471,10.2008],[106.1492,10.1991],[106.1538,10.1964],[106.1557,10.1954],[106.1569,10.1955],[106.1618,10.193],[106.1646,10.191],[106.1671,10.1887],[106.1693,10.1855],[106.1739,10.1794],[106.1767,10.1763],[106.1738,10.1677],[106.1726,10.1638],[106.1714,10.1614],[106.1707,10.161],[106.1683,10.1649],[106.1665,10.1655],[106.1636,10.1647],[106.1615,10.1631],[106.158,10.1598],[106.1552,10.1575],[106.1537,10.1566],[106.1514,10.1565],[106.1493,10.1578],[106.1471,10.1598],[106.145,10.1609],[106.1406,10.1618],[106.1378,10.1619],[106.1339,10.1625],[106.1289,10.1639],[106.1271,10.1648],[106.1251,10.1674],[106.1242,10.1708],[106.1229,10.1733],[106.1216,10.175],[106.1198,10.1758],[106.1187,10.1758],[106.1162,10.1745],[106.1134,10.1724],[106.1115,10.1714],[106.1072,10.1712],[106.1042,10.1696],[106.1036,10.1715],[106.1023,10.1734],[106.0907,10.1697],[106.0808,10.1668],[106.08,10.1677],[106.0806,10.1688],[106.0763,10.1704],[106.0771,10.1715],[106.0735,10.1735],[106.0731,10.174],[106.0751,10.1756],[106.0708,10.1792],[106.0707,10.1826],[106.0724,10.1847],[106.0716,10.1852],[106.0734,10.1881],[106.0746,10.1908],[106.0743,10.1912],[106.0795,10.1941],[106.0822,10.1957],[106.0863,10.1976],[106.0894,10.1995],[106.09,10.2004],[106.0932,10.2033],[106.0922,10.2049],[106.0948,10.2062],[106.0967,10.2079],[106.0975,10.2122],[106.1015,10.2179],[106.1024,10.2187],[106.1025,10.221],[106.1032,10.2221],[106.1053,10.2226],[106.1055,10.2249],[106.105,10.226],[106.1057,10.2269],[106.1052,10.228],[106.1059,10.2296],[106.1055,10.2312],[106.1033,10.2326],[106.1027,10.2336],[106.1038,10.2365],[106.1053,10.2392],[106.1121,10.2365],[106.1162,10.2353],[106.1197,10.2335],[106.1283,10.2281]]]},"properties":{"name":"Cái Nhum","level":"ward"}},{"type":"Feature","geometry":{"type":"Polygon","coordinates":[[[106.0318,10.1463],[106.0289,10.1491],[106.0266,10.1506],[106.0251,10.1534],[106.0246,10.1554],[106.0227,10.1584],[106.023,10.1589],[106.0238,10.1598],[106.0272,10.1656],[106.0283,10.1681],[106.0291,10.1692],[106.0345,10.168],[106.0455,10.1671],[106.0563,10.1655],[106.0688,10.1634],[106.0808,10.1668],[106.0907,10.1697],[106.1023,10.1734],[106.1036,10.1715],[106.1042,10.1696],[106.1021,10.1663],[106.1015,10.1641],[106.1005,10.1582],[106.1002,10.1543],[106.0992,10.1494],[106.0989,10.145],[106.0992,10.143],[106.1005,10.141],[106.1028,10.1395],[106.1035,10.1388],[106.1043,10.1364],[106.1042,10.1345],[106.1034,10.1311],[106.1019,10.1267],[106.1003,10.124],[106.0988,10.1228],[106.0968,10.1229],[106.0952,10.124],[106.0921,10.1265],[106.0897,10.1275],[106.0839,10.1286],[106.0819,10.1284],[106.0797,10.1277],[106.0784,10.1265],[106.0776,10.124],[106.0778,10.1215],[106.0794,10.1189],[106.0809,10.118],[106.0833,10.1174],[106.0851,10.1163],[106.0853,10.1152],[106.0845,10.1135],[106.0813,10.1082],[106.0793,10.1052],[106.0719,10.1114],[106.0668,10.118],[106.0642,10.1203],[106.062,10.122],[106.0519,10.13],[106.045,10.1356],[106.0369,10.1421],[106.0318,10.1463]]]},"properties":{"name":"Tân Long Hội","level":"ward"}},{"type":"Feature","geometry":{"type":"Polygon","coordinates":[[[106.1973,10.0983],[106.1978,10.0971],[106.1975,10.0937],[106.1991,10.0929],[106.1987,10.0909],[106.1996,10.09],[106.2002,10.088],[106.2,10.0872],[106.1985,10.0868],[106.1995,10.0852],[106.2005,10.0824],[106.2033,10.0733],[106.2044,10.0735],[106.2047,10.0709],[106.2092,10.0657],[106.2062,10.0641],[106.2047,10.0637],[106.2035,10.0643],[106.1997,10.0636],[106.1968,10.0628],[106.1957,10.0618],[106.1963,10.0587],[106.1925,10.0563],[106.1854,10.0529],[106.1836,10.0522],[106.186,10.0477],[106.1835,10.0464],[106.1842,10.0443],[106.1828,10.0433],[106.1787,10.0412],[106.1812,10.0383],[106.1682,10.0333],[106.1673,10.0341],[106.1641,10.0329],[106.164,10.0343],[106.1645,10.039],[106.1637,10.0438],[106.1651,10.0449],[106.1657,10.0507],[106.1632,10.0503],[106.1486,10.0505],[106.146,10.0512],[106.1337,10.0555],[106.1341,10.0565],[106.1302,10.0576],[106.1312,10.0601],[106.1284,10.0615],[106.129,10.0651],[106.1265,10.0655],[106.126,10.0718],[106.1257,10.0743],[106.1278,10.0811],[106.1313,10.0802],[106.1316,10.0823],[106.1378,10.0816],[106.1388,10.0853],[106.1525,10.0827],[106.1533,10.0829],[106.159,10.0862],[106.166,10.0825],[106.1717,10.0837],[106.1714,10.0874],[106.1718,10.0886],[106.1736,10.0887],[106.1739,10.0894],[106.1755,10.0902],[106.1763,10.091],[106.1761,10.0945],[106.1771,10.0973],[106.1762,10.1012],[106.1772,10.1019],[106.1791,10.1021],[106.1819,10.1016],[106.183,10.1006],[106.1835,10.0986],[106.1841,10.098],[106.1868,10.098],[106.1869,10.1004],[106.1874,10.1016],[106.1899,10.1023],[106.1911,10.1021],[106.1961,10.0985],[106.1973,10.0983]]]},"properties":{"name":"Trung Thành","level":"ward"}},{"type":"Feature","geometry":{"type":"Polygon","coordinates":[[[106.1042,10.1696],[106.1072,10.1712],[106.1115,10.1714],[106.1134,10.1724],[106.1162,10.1745],[106.1187,10.1758],[106.1198,10.1758],[106.1216,10.175],[106.1229,10.1733],[106.1242,10.1708],[106.1251,10.1674],[106.1271,10.1648],[106.1289,10.1639],[106.1339,10.1625],[106.1378,10.1619],[106.1406,10.1618],[106.145,10.1609],[106.1471,10.1598],[106.1493,10.1578],[106.1514,10.1565],[106.1537,10.1566],[106.1552,10.1575],[106.158,10.1598],[106.1615,10.1631],[106.1636,10.1647],[106.1665,10.1655],[106.1683,10.1649],[106.1707,10.161],[106.1715,10.158],[106.1736,10.1546],[106.1769,10.1509],[106.179,10.1489],[106.1843,10.1393],[106.1882,10.1335],[106.1973,10.1222],[106.2022,10.1166],[106.2069,10.1124],[106.2125,10.1068],[106.2167,10.1028],[106.2124,10.099],[106.2112,10.0989],[106.2053,10.0997],[106.2022,10.099],[106.1993,10.0988],[106.1973,10.0983],[106.1961,10.0985],[106.1911,10.1021],[106.1899,10.1023],[106.1874,10.1016],[106.1869,10.1004],[106.1868,10.098],[106.1841,10.098],[106.1835,10.0986],[106.183,10.1006],[106.1819,10.1016],[106.1791,10.1021],[106.1772,10.1019],[106.1762,10.1012],[106.1747,10.101],[106.1734,10.1016],[106.1716,10.1016],[106.1711,10.1026],[106.1719,10.1043],[106.1714,10.1061],[106.1701,10.1072],[106.1682,10.1071],[106.1666,10.1074],[106.1639,10.1104],[106.1629,10.1111],[106.1612,10.1115],[106.1591,10.1109],[106.1569,10.1118],[106.1518,10.1149],[106.15,10.1191],[106.1513,10.1193],[106.1523,10.1184],[106.1529,10.1196],[106.154,10.1189],[106.1552,10.1194],[106.1554,10.1233],[106.1567,10.1256],[106.1539,10.1275],[106.1492,10.1304],[106.1464,10.1325],[106.1428,10.1364],[106.1412,10.1377],[106.1407,10.1374],[106.1369,10.1407],[106.1321,10.1437],[106.1287,10.1387],[106.1227,10.1415],[106.1218,10.1413],[106.1188,10.1374],[106.1172,10.1383],[106.1172,10.1407],[106.109,10.1402],[106.1028,10.1395],[106.1005,10.141],[106.0992,10.143],[106.0989,10.145],[106.0992,10.1494],[106.1002,10.1543],[106.1005,10.1582],[106.1015,10.1641],[106.1021,10.1663],[106.1042,10.1696]]]},"properties":{"name":"Quới An","level":"ward"}},{"type":"Feature","geometry":{"type":"Polygon","coordinates":[[[106.1767,10.1763],[106.1785,10.1754],[106.1844,10.1764],[106.1878,10.1763],[106.192,10.1748],[106.1935,10.1737],[106.2039,10.1651],[106.2068,10.1622],[106.2102,10.1583],[106.2146,10.1536],[106.219,10.1493],[106.2237,10.1446],[106.2276,10.1399],[106.2318,10.1345],[106.2348,10.1298],[106.2398,10.1205],[106.2415,10.118],[106.2485,10.1085],[106.2518,10.1036],[106.2587,10.0972],[106.2606,10.0954],[106.2652,10.0896],[106.2706,10.0815],[106.2731,10.0782],[106.2764,10.0726],[106.277,10.0719],[106.2822,10.0634],[106.2899,10.0506],[106.292,10.0477],[106.2945,10.0427],[106.2951,10.0409],[106.296,10.0396],[106.2823,10.0536],[106.2703,10.0629],[106.2613,10.0687],[106.2501,10.0744],[106.2383,10.0821],[106.2317,10.0876],[106.2274,10.0917],[106.2273,10.0918],[106.2247,10.0944],[106.2189,10.1006],[106.2167,10.1028],[106.2125,10.1068],[106.2069,10.1124],[106.2022,10.1166],[106.1973,10.1222],[106.1882,10.1335],[106.1843,10.1393],[106.179,10.1489],[106.1769,10.1509],[106.1736,10.1546],[106.1715,10.158],[106.1707,10.161],[106.1714,10.1614],[106.1726,10.1638],[106.1738,10.1677],[106.1767,10.1763]]]},"properties":{"name":"Quới Thiện","level":"ward"}},{"type":"Feature","geometry":{"type":"Polygon","coordinates":[[[106.0793,10.1052],[106.0813,10.1082],[106.0845,10.1135],[106.0853,10.1152],[106.0851,10.1163],[106.0833,10.1174],[106.0809,10.118],[106.0794,10.1189],[106.0778,10.1215],[106.0776,10.124],[106.0784,10.1265],[106.0797,10.1277],[106.0819,10.1284],[106.0839,10.1286],[106.0897,10.1275],[106.0921,10.1265],[106.0952,10.124],[106.0968,10.1229],[106.0988,10.1228],[106.1003,10.124],[106.1019,10.1267],[106.1034,10.1311],[106.1042,10.1345],[106.1043,10.1364],[106.1035,10.1388],[106.1028,10.1395],[106.109,10.1402],[106.1172,10.1407],[106.1172,10.1383],[106.1188,10.1374],[106.1218,10.1413],[106.1227,10.1415],[106.1287,10.1387],[106.1321,10.1437],[106.1369,10.1407],[106.1407,10.1374],[106.1412,10.1377],[106.1428,10.1364],[106.1464,10.1325],[106.1492,10.1304],[106.1539,10.1275],[106.1567,10.1256],[106.1554,10.1233],[106.1552,10.1194],[106.154,10.1189],[106.1529,10.1196],[106.1523,10.1184],[106.1513,10.1193],[106.15,10.1191],[106.1518,10.1149],[106.1569,10.1118],[106.1591,10.1109],[106.1612,10.1115],[106.1629,10.1111],[106.1639,10.1104],[106.1666,10.1074],[106.1682,10.1071],[106.1701,10.1072],[106.1714,10.1061],[106.1719,10.1043],[106.1711,10.1026],[106.1716,10.1016],[106.1734,10.1016],[106.1747,10.101],[106.1762,10.1012],[106.1771,10.0973],[106.1761,10.0945],[106.1763,10.091],[106.1755,10.0902],[106.1739,10.0894],[106.1736,10.0887],[106.1718,10.0886],[106.1714,10.0874],[106.1717,10.0837],[106.166,10.0825],[106.159,10.0862],[106.1533,10.0829],[106.1525,10.0827],[106.1388,10.0853],[106.1378,10.0816],[106.1316,10.0823],[106.1317,10.0827],[106.1301,10.0962],[106.1279,10.1013],[106.1208,10.1003],[106.1158,10.0995],[106.1159,10.0988],[106.1135,10.098],[106.1082,10.0978],[106.0978,10.0957],[106.0928,10.0955],[106.0914,10.0925],[106.089,10.0892],[106.0891,10.0885],[106.0863,10.084],[106.0846,10.0817],[106.0839,10.0777],[106.0822,10.0778],[106.077,10.0816],[106.076,10.083],[106.0739,10.0851],[106.0699,10.0912],[106.071,10.0935],[106.0703,10.0967],[106.0706,10.0978],[106.072,10.0988],[106.0744,10.0999],[106.0765,10.1017],[106.0793,10.1052]]]},"properties":{"name":"Trung Hiệp","level":"ward"}},{"type":"Feature","geometry":{"type":"Polygon","coordinates":[[[106.231,10.0419],[106.2313,10.0361],[106.2314,10.0293],[106.2323,10.0249],[106.2321,10.0233],[106.2291,10.0202],[106.228,10.0195],[106.2241,10.018],[106.2224,10.0163],[106.2214,10.0147],[106.2183,10.0146],[106.2173,10.015],[106.2148,10.0147],[106.2123,10.0113],[106.211,10.0087],[106.2085,10.0089],[106.2078,10.0098],[106.2084,10.0109],[106.208,10.0117],[106.2067,10.0118],[106.2045,10.0096],[106.2037,10.01],[106.1986,10.0151],[106.1975,10.0183],[106.1963,10.0206],[106.1954,10.0238],[106.1948,10.0248],[106.1919,10.0252],[106.19,10.0263],[106.1873,10.0254],[106.1796,10.0239],[106.1783,10.0234],[106.1721,10.0222],[106.1712,10.0235],[106.1646,10.029],[106.1605,10.0327],[106.1631,10.0326],[106.1641,10.0329],[106.1673,10.0341],[106.1682,10.0333],[106.1812,10.0383],[106.1787,10.0412],[106.1828,10.0433],[106.1842,10.0443],[106.1835,10.0464],[106.186,10.0477],[106.1836,10.0522],[106.1854,10.0529],[106.1925,10.0563],[106.1963,10.0587],[106.1957,10.0618],[106.1968,10.0628],[106.1997,10.0636],[106.2035,10.0643],[106.2047,10.0637],[106.2062,10.0641],[106.2092,10.0657],[106.2047,10.0709],[106.2044,10.0735],[106.2033,10.0733],[106.2005,10.0824],[106.1995,10.0852],[106.1985,10.0868],[106.2,10.0872],[106.2002,10.088],[106.1996,10.09],[106.1987,10.0909],[106.1991,10.0929],[106.1975,10.0937],[106.1978,10.0971],[106.1973,10.0983],[106.1993,10.0988],[106.2022,10.099],[106.2053,10.0997],[106.2112,10.0989],[106.2124,10.099],[106.2167,10.1028],[106.2189,10.1006],[106.2247,10.0944],[106.2273,10.0918],[106.2274,10.0917],[106.2317,10.0876],[106.2383,10.0821],[106.2331,10.0766],[106.2321,10.0749],[106.2325,10.0738],[106.2294,10.0726],[106.2283,10.0705],[106.2277,10.0675],[106.2285,10.0667],[106.2282,10.064],[106.2277,10.0635],[106.2274,10.0601],[106.2289,10.0589],[106.225,10.0571],[106.2247,10.056],[106.2252,10.0549],[106.2268,10.0482],[106.2228,10.0436],[106.231,10.0419]]]},"properties":{"name":"Trung Ngãi","level":"ward"}},{"type":"Feature","geometry":{"type":"Polygon","coordinates":[[[106.1721,10.0222],[106.1509,10.0177],[106.1504,10.0177],[106.1446,10.0199],[106.1348,10.0239],[106.1264,10.0275],[106.1227,10.0293],[106.1128,10.0342],[106.1098,10.0352],[106.1084,10.036],[106.0998,10.0396],[106.096,10.041],[106.0964,10.0435],[106.0965,10.0465],[106.0958,10.0465],[106.095,10.0541],[106.0923,10.054],[106.0915,10.062],[106.0923,10.0658],[106.0941,10.0714],[106.0951,10.0724],[106.0956,10.0749],[106.0925,10.0764],[106.0877,10.0771],[106.0861,10.0776],[106.0839,10.0777],[106.0846,10.0817],[106.0863,10.084],[106.0891,10.0885],[106.089,10.0892],[106.0914,10.0925],[106.0928,10.0955],[106.0978,10.0957],[106.1082,10.0978],[106.1135,10.098],[106.1159,10.0988],[106.1158,10.0995],[106.1208,10.1003],[106.1279,10.1013],[106.1301,10.0962],[106.1317,10.0827],[106.1316,10.0823],[106.1313,10.0802],[106.1278,10.0811],[106.1257,10.0743],[106.126,10.0718],[106.1265,10.0655],[106.129,10.0651],[106.1284,10.0615],[106.1312,10.0601],[106.1302,10.0576],[106.1341,10.0565],[106.1337,10.0555],[106.146,10.0512],[106.1486,10.0505],[106.1632,10.0503],[106.1657,10.0507],[106.1651,10.0449],[106.1637,10.0438],[106.1645,10.039],[106.164,10.0343],[106.1641,10.0329],[106.1631,10.0326],[106.1605,10.0327],[106.1646,10.029],[106.1712,10.0235],[106.1721,10.0222]]]},"properties":{"name":"Hiếu Phụng","level":"ward"}},{"type":"Feature","geometry":{"type":"Polygon","coordinates":[[[106.1348,10.0239],[106.1348,10.0149],[106.1346,10.0049],[106.1344,10.0023],[106.1306,9.9909],[106.1319,9.9862],[106.132,9.9837],[106.1334,9.9814],[106.1329,9.9746],[106.1317,9.9618],[106.1251,9.9525],[106.1215,9.9482],[106.1127,9.9384],[106.1028,9.9486],[106.0918,9.9561],[106.0866,9.9596],[106.077,9.9661],[106.066,9.9739],[106.0711,9.981],[106.0744,9.9874],[106.0765,9.9917],[106.076,9.9919],[106.0779,9.9962],[106.0801,10.0027],[106.0841,10.0134],[106.0882,10.0238],[106.0913,10.0288],[106.093,10.033],[106.0935,10.0356],[106.0936,10.0386],[106.0935,10.042],[106.096,10.041],[106.0998,10.0396],[106.1084,10.036],[106.1098,10.0352],[106.1128,10.0342],[106.1227,10.0293],[106.1264,10.0275],[106.1348,10.0239]]]},"properties":{"name":"Hiếu Thành","level":"ward"}},{"type":"Feature","geometry":{"type":"Polygon","coordinates":[[[105.9326,10.0575],[105.9345,10.0676],[105.935,10.0694],[105.9421,10.069],[105.9457,10.069],[105.9571,10.0735],[105.9589,10.0742],[105.9613,10.0745],[105.961,10.0758],[105.9644,10.0766],[105.9641,10.0786],[105.9673,10.0791],[105.9675,10.081],[105.9671,10.0826],[105.9691,10.0833],[105.9749,10.0818],[105.9756,10.0858],[105.9772,10.0892],[105.9815,10.0878],[105.9824,10.0903],[105.9838,10.0952],[105.9844,10.0961],[105.9868,10.0935],[105.9876,10.0925],[105.9932,10.0867],[105.992,10.0855],[105.9909,10.0859],[105.9899,10.0845],[105.9897,10.0805],[105.9923,10.0795],[105.9933,10.0787],[105.9972,10.0769],[105.9972,10.0761],[105.9997,10.0756],[105.9995,10.0797],[106.0004,10.0812],[106.0039,10.0826],[106.0054,10.0823],[106.0085,10.083],[106.0114,10.0848],[106.013,10.0848],[106.0145,10.0842],[106.016,10.0826],[106.0177,10.0788],[106.0184,10.0779],[106.0207,10.0772],[106.0182,10.073],[106.0162,10.0701],[106.0146,10.0677],[106.0138,10.0666],[106.0039,10.0519],[105.9978,10.0431],[105.9927,10.0355],[105.9856,10.0253],[105.9846,10.0237],[105.9791,10.0265],[105.979,10.0272],[105.9771,10.0271],[105.9769,10.0309],[105.9749,10.0306],[105.9727,10.0308],[105.9726,10.0334],[105.9717,10.0384],[105.9696,10.0384],[105.9692,10.041],[105.9657,10.0406],[105.9646,10.0457],[105.962,10.0446],[105.9616,10.0466],[105.9582,10.0454],[105.9547,10.0473],[105.953,10.0454],[105.9494,10.0495],[105.9471,10.0556],[105.9424,10.0564],[105.9326,10.0575]]]},"properties":{"name":"Tam Bình","level":"ward"}},{"type":"Feature","geometry":{"type":"Polygon","coordinates":[[[105.9642,10.1641],[105.9714,10.1584],[105.9795,10.1533],[105.9809,10.1519],[105.9814,10.1522],[105.9851,10.15],[105.9928,10.1476],[105.9958,10.1482],[105.9975,10.1453],[105.9995,10.1413],[106.0006,10.14],[106.0047,10.1357],[106.0042,10.1335],[106.0072,10.1338],[106.0113,10.135],[106.0102,10.1319],[106.0072,10.1271],[106.0028,10.119],[106.002,10.1184],[106.0001,10.1146],[106.0002,10.1128],[106.0014,10.1128],[106.0017,10.1119],[106.0006,10.1086],[105.9993,10.1071],[105.9998,10.1064],[105.9994,10.1044],[105.9971,10.1055],[105.9964,10.1038],[105.9969,10.1009],[105.9966,10.0992],[105.9975,10.0979],[105.9971,10.0965],[105.9978,10.0955],[105.9958,10.0944],[105.9931,10.0911],[105.9919,10.0927],[105.9899,10.0944],[105.989,10.0936],[105.9873,10.094],[105.9868,10.0935],[105.9844,10.0961],[105.9838,10.0952],[105.9824,10.0903],[105.9815,10.0878],[105.9772,10.0892],[105.9756,10.0858],[105.9749,10.0818],[105.9691,10.0833],[105.9671,10.0826],[105.9675,10.081],[105.9673,10.0791],[105.9641,10.0786],[105.9644,10.0766],[105.961,10.0758],[105.9613,10.0745],[105.9589,10.0742],[105.9571,10.0735],[105.9457,10.069],[105.9421,10.069],[105.935,10.0694],[105.937,10.0725],[105.9389,10.0773],[105.9392,10.0793],[105.9279,10.08],[105.9285,10.0816],[105.9183,10.0868],[105.9223,10.0956],[105.9228,10.097],[105.9243,10.0985],[105.9243,10.1012],[105.9248,10.1028],[105.9286,10.1019],[105.9304,10.1069],[105.9324,10.1135],[105.9319,10.1153],[105.9299,10.121],[105.9295,10.1233],[105.9305,10.1234],[105.9278,10.1398],[105.9275,10.1412],[105.9273,10.147],[105.9356,10.1445],[105.9428,10.1422],[105.948,10.1431],[105.9492,10.1447],[105.9499,10.149],[105.9511,10.1503],[105.9497,10.1519],[105.9517,10.156],[105.9529,10.157],[105.9531,10.158],[105.9561,10.1582],[105.9571,10.1604],[105.9584,10.1607],[105.9604,10.1659],[105.9642,10.1641]]]},"properties":{"name":"Cái Ngang","level":"ward"}},{"type":"Feature","geometry":{"type":"Polygon","coordinates":[[[106.0113,10.135],[106.013,10.1353],[106.0227,10.1378],[106.0229,10.1388],[106.0279,10.1415],[106.0285,10.1421],[106.0318,10.1463],[106.0369,10.1421],[106.045,10.1356],[106.0519,10.13],[106.062,10.122],[106.0642,10.1203],[106.0668,10.118],[106.0719,10.1114],[106.0793,10.1052],[106.0765,10.1017],[106.0744,10.0999],[106.072,10.0988],[106.0706,10.0978],[106.0703,10.0967],[106.071,10.0935],[106.0699,10.0912],[106.0676,10.0908],[106.0663,10.091],[106.0607,10.0925],[106.0571,10.093],[106.0547,10.0929],[106.0534,10.092],[106.0526,10.0902],[106.0521,10.0875],[106.051,10.0847],[106.0488,10.0813],[106.0467,10.0799],[106.0444,10.0798],[106.0416,10.0802],[106.0393,10.0787],[106.0374,10.0764],[106.0359,10.0758],[106.0341,10.0768],[106.0326,10.081],[106.0324,10.0838],[106.0315,10.0858],[106.0295,10.0865],[106.0281,10.0854],[106.0265,10.0828],[106.0247,10.0807],[106.0207,10.0772],[106.0184,10.0779],[106.0177,10.0788],[106.016,10.0826],[106.0145,10.0842],[106.013,10.0848],[106.0114,10.0848],[106.0085,10.083],[106.0054,10.0823],[106.0039,10.0826],[106.0004,10.0812],[105.9995,10.0797],[105.9997,10.0756],[105.9972,10.0761],[105.9972,10.0769],[105.9933,10.0787],[105.9923,10.0795],[105.9897,10.0805],[105.9899,10.0845],[105.9909,10.0859],[105.992,10.0855],[105.9932,10.0867],[105.9876,10.0925],[105.9868,10.0935],[105.9873,10.094],[105.989,10.0936],[105.9899,10.0944],[105.9919,10.0927],[105.9931,10.0911],[105.9958,10.0944],[105.9978,10.0955],[105.9971,10.0965],[105.9975,10.0979],[105.9966,10.0992],[105.9969,10.1009],[105.9964,10.1038],[105.9971,10.1055],[105.9994,10.1044],[105.9998,10.1064],[105.9993,10.1071],[106.0006,10.1086],[106.0017,10.1119],[106.0014,10.1128],[106.0002,10.1128],[106.0001,10.1146],[106.002,10.1184],[106.0028,10.119],[106.0072,10.1271],[106.0102,10.1319],[106.0113,10.135]]]},"properties":{"name":"Hoà Hiệp","level":"ward"}},{"type":"Feature","geometry":{"type":"Polygon","coordinates":[[[105.8706,10.1544],[105.8806,10.1498],[105.8834,10.1503],[105.8839,10.1522],[105.8873,10.1516],[105.8904,10.1531],[105.8919,10.1534],[105.8952,10.1524],[105.8982,10.1524],[105.9038,10.1507],[105.9043,10.1496],[105.9083,10.1482],[105.9241,10.1424],[105.9275,10.1412],[105.9278,10.1398],[105.9305,10.1234],[105.9295,10.1233],[105.9299,10.121],[105.9319,10.1153],[105.9324,10.1135],[105.9304,10.1069],[105.9286,10.1019],[105.9248,10.1028],[105.9243,10.1012],[105.9243,10.0985],[105.9228,10.097],[105.9223,10.0956],[105.9183,10.0868],[105.9285,10.0816],[105.9279,10.08],[105.9392,10.0793],[105.9389,10.0773],[105.937,10.0725],[105.935,10.0694],[105.9345,10.0676],[105.9326,10.0575],[105.9202,10.0591],[105.9062,10.0593],[105.8928,10.0556],[105.8861,10.0536],[105.8794,10.0517],[105.8769,10.0493],[105.8743,10.05],[105.8701,10.0525],[105.8664,10.055],[105.8654,10.0558],[105.8654,10.0578],[105.8641,10.0608],[105.8621,10.0688],[105.8611,10.074],[105.8597,10.0796],[105.8596,10.0809],[105.86,10.085],[105.8612,10.0915],[105.8612,10.0926],[105.8585,10.1009],[105.8576,10.1028],[105.8571,10.1054],[105.8565,10.114],[105.8584,10.1141],[105.8651,10.115],[105.8634,10.119],[105.8626,10.12],[105.8642,10.1242],[105.8664,10.1307],[105.866,10.1343],[105.8635,10.1449],[105.8631,10.147],[105.8651,10.1471],[105.8651,10.1489],[105.8665,10.1488],[105.8668,10.1518],[105.8667,10.1538],[105.8675,10.1558],[105.8706,10.1544]]]},"properties":{"name":"Song Phú","level":"ward"}},{"type":"Feature","geometry":{"type":"Polygon","coordinates":[[[105.9326,10.0575],[105.9424,10.0564],[105.9471,10.0556],[105.9494,10.0495],[105.953,10.0454],[105.9547,10.0473],[105.9582,10.0454],[105.9616,10.0466],[105.962,10.0446],[105.9646,10.0457],[105.9657,10.0406],[105.9692,10.041],[105.9696,10.0384],[105.9717,10.0384],[105.9726,10.0334],[105.9727,10.0308],[105.9749,10.0306],[105.9769,10.0309],[105.9771,10.0271],[105.979,10.0272],[105.9791,10.0265],[105.9846,10.0237],[105.9832,10.0204],[105.9827,10.0203],[105.9784,10.017],[105.9727,10.0129],[105.9509,9.997],[105.9483,9.995],[105.9414,9.9902],[105.9399,9.9889],[105.9349,9.984],[105.9335,9.9811],[105.9313,9.9797],[105.9291,9.9776],[105.926,9.9759],[105.922,9.9749],[105.9202,9.9737],[105.9199,9.9724],[105.9198,9.9691],[105.9188,9.9674],[105.9172,9.9658],[105.9141,9.9686],[105.9045,9.9769],[105.8977,9.9822],[105.8887,9.9879],[105.8851,9.9897],[105.8824,9.9904],[105.8832,9.9931],[105.8864,9.999],[105.8892,10.0048],[105.8937,10.0121],[105.8941,10.0133],[105.8976,10.0129],[105.8956,10.0205],[105.8924,10.0204],[105.893,10.0294],[105.8936,10.0313],[105.8936,10.0328],[105.8926,10.0396],[105.8898,10.0458],[105.8895,10.047],[105.8861,10.0536],[105.8928,10.0556],[105.9062,10.0593],[105.9202,10.0591],[105.9326,10.0575]]]},"properties":{"name":"Ngãi Tứ","level":"ward"}},{"type":"Feature","geometry":{"type":"Polygon","coordinates":[[[105.8824,9.9904],[105.8851,9.9897],[105.8887,9.9879],[105.8977,9.9822],[105.9045,9.9769],[105.9141,9.9686],[105.9172,9.9658],[105.9162,9.9648],[105.9116,9.9682],[105.9054,9.9717],[105.9025,9.9726],[105.8957,9.9753],[105.8927,9.9767],[105.8897,9.9791],[105.8862,9.9822],[105.883,9.9842],[105.8792,9.9862],[105.8704,9.9895],[105.8673,9.991],[105.866,9.9919],[105.8586,9.9939],[105.8548,9.9952],[105.853,9.9963],[105.85,9.9977],[105.8455,9.9986],[105.8419,9.9985],[105.8371,9.9975],[105.8336,9.9958],[105.8305,9.999],[105.8264,10.0052],[105.8205,10.012],[105.8184,10.0173],[105.8161,10.0241],[105.8153,10.0271],[105.8135,10.0302],[105.7985,10.0492],[105.8009,10.0509],[105.8031,10.0535],[105.8024,10.0566],[105.8025,10.058],[105.8029,10.0613],[105.8041,10.0622],[105.8075,10.0621],[105.8111,10.061],[105.8124,10.0602],[105.8141,10.0579],[105.8156,10.0581],[105.817,10.0599],[105.8195,10.0619],[105.8227,10.0638],[105.8235,10.0613],[105.8256,10.0568],[105.8271,10.0514],[105.8282,10.0488],[105.8286,10.044],[105.8312,10.0404],[105.833,10.0359],[105.8335,10.0321],[105.8345,10.0291],[105.8392,10.0255],[105.8422,10.0198],[105.8454,10.0169],[105.848,10.0136],[105.8502,10.0112],[105.8534,10.0091],[105.8542,10.0074],[105.8542,10.0054],[105.8556,10.0042],[105.8592,10.0054],[105.8605,10.0053],[105.862,10.0046],[105.8637,10.0029],[105.8664,10.0013],[105.8696,10.0002],[105.8709,9.9994],[105.8722,9.9977],[105.8733,9.9958],[105.8745,9.9925],[105.8754,9.9916],[105.8824,9.9904]]]},"properties":{"name":"Cái Vồn","level":"ward"}},{"type":"Feature","geometry":{"type":"Polygon","coordinates":[[[105.8576,10.1028],[105.8585,10.1009],[105.8612,10.0926],[105.8612,10.0915],[105.86,10.085],[105.8596,10.0809],[105.8542,10.0789],[105.8495,10.0773],[105.8361,10.0723],[105.8328,10.0711],[105.83,10.0701],[105.8243,10.0681],[105.8235,10.0675],[105.8233,10.065],[105.8227,10.0638],[105.8195,10.0619],[105.817,10.0599],[105.8156,10.0581],[105.8141,10.0579],[105.8124,10.0602],[105.8111,10.061],[105.8075,10.0621],[105.8041,10.0622],[105.8029,10.0613],[105.8025,10.058],[105.8024,10.0566],[105.8031,10.0535],[105.8009,10.0509],[105.7985,10.0492],[105.7961,10.0525],[105.7957,10.0564],[105.7957,10.0643],[105.7961,10.0786],[105.7962,10.0864],[105.7964,10.0898],[105.7969,10.106],[105.7984,10.1056],[105.8178,10.101],[105.8225,10.1],[105.8284,10.0997],[105.8296,10.0992],[105.8301,10.0974],[105.831,10.0972],[105.8378,10.0944],[105.8389,10.0941],[105.8405,10.0958],[105.8422,10.0967],[105.8455,10.1],[105.8516,10.1088],[105.8519,10.1075],[105.8515,10.1031],[105.8576,10.1028]]]},"properties":{"name":"Bình Minh","level":"ward"}},{"type":"Feature","geometry":{"type":"Polygon","coordinates":[[[105.7569,10.1311],[105.7559,10.1301],[105.754,10.1284],[105.7524,10.1291],[105.749,10.1232],[105.7474,10.1238],[105.7443,10.1276],[105.7413,10.1302],[105.7406,10.1314],[105.7377,10.1343],[105.7367,10.1348],[105.7354,10.1366],[105.7342,10.1357],[105.734,10.1346],[105.732,10.133],[105.7312,10.1329],[105.7295,10.134],[105.7245,10.1316],[105.7213,10.1335],[105.7178,10.1323],[105.716,10.1308],[105.7139,10.1326],[105.7103,10.1347],[105.7096,10.1345],[105.7087,10.1316],[105.7082,10.1285],[105.7073,10.1268],[105.7101,10.1249],[105.7109,10.1233],[105.708,10.1186],[105.7003,10.124],[105.6984,10.1247],[105.6947,10.1266],[105.6874,10.1309],[105.6816,10.1348],[105.6866,10.1389],[105.6866,10.1395],[105.685,10.1413],[105.6853,10.1434],[105.6914,10.152],[105.6991,10.1632],[105.7009,10.1659],[105.7159,10.1877],[105.7278,10.2051],[105.7292,10.2045],[105.7419,10.1998],[105.7478,10.1974],[105.7557,10.1874],[105.7554,10.1872],[105.7592,10.1826],[105.7606,10.1821],[105.7656,10.1789],[105.7717,10.1853],[105.7749,10.1889],[105.7873,10.1732],[105.7797,10.1673],[105.7769,10.1708],[105.7746,10.1703],[105.7745,10.1579],[105.7744,10.1566],[105.7738,10.1563],[105.7712,10.1568],[105.7711,10.1549],[105.7695,10.1551],[105.7689,10.1509],[105.7677,10.1469],[105.767,10.1424],[105.7659,10.139],[105.7649,10.1394],[105.7635,10.1365],[105.7625,10.1369],[105.7606,10.1335],[105.7581,10.1326],[105.7569,10.1311]]]},"properties":{"name":"Tân Lược","level":"ward"}},{"type":"Feature","geometry":{"type":"Polygon","coordinates":[[[105.8667,10.1538],[105.8668,10.1518],[105.8665,10.1488],[105.8651,10.1489],[105.8651,10.1471],[105.8631,10.147],[105.8635,10.1449],[105.866,10.1343],[105.8664,10.1307],[105.8642,10.1242],[105.8626,10.12],[105.8634,10.119],[105.8651,10.115],[105.8584,10.1141],[105.8565,10.114],[105.8571,10.1054],[105.8576,10.1028],[105.8515,10.1031],[105.8519,10.1075],[105.8516,10.1088],[105.8455,10.1],[105.8422,10.0967],[105.8405,10.0958],[105.8389,10.0941],[105.8378,10.0944],[105.831,10.0972],[105.8301,10.0974],[105.8296,10.0992],[105.8284,10.0997],[105.8225,10.1],[105.8178,10.101],[105.7984,10.1056],[105.7969,10.106],[105.7971,10.1123],[105.7746,10.1183],[105.7735,10.1182],[105.7736,10.121],[105.7736,10.1222],[105.7742,10.1465],[105.7744,10.1566],[105.7745,10.1579],[105.7746,10.1703],[105.7769,10.1708],[105.7797,10.1673],[105.7873,10.1732],[105.7922,10.1671],[105.8012,10.1555],[105.803,10.1554],[105.8061,10.1544],[105.8155,10.1528],[105.8183,10.1496],[105.8251,10.1489],[105.8278,10.1492],[105.8285,10.1487],[105.8296,10.1494],[105.8491,10.15],[105.8505,10.1562],[105.8516,10.1602],[105.8638,10.1545],[105.8667,10.1538]]]},"properties":{"name":"Mỹ Thuận","level":"ward"}},{"type":"Feature","geometry":{"type":"Polygon","coordinates":[[[105.7969,10.106],[105.7964,10.0898],[105.7962,10.0864],[105.7961,10.0786],[105.7957,10.0643],[105.7957,10.0564],[105.7961,10.0525],[105.7938,10.0557],[105.791,10.0598],[105.7878,10.0637],[105.7843,10.0675],[105.7823,10.0692],[105.7735,10.0741],[105.7667,10.0773],[105.764,10.0793],[105.7607,10.083],[105.7518,10.0901],[105.749,10.092],[105.7464,10.0934],[105.7402,10.096],[105.7375,10.0969],[105.7336,10.0987],[105.7241,10.1055],[105.7165,10.1122],[105.7097,10.1175],[105.708,10.1186],[105.7109,10.1233],[105.7101,10.1249],[105.7073,10.1268],[105.7082,10.1285],[105.7087,10.1316],[105.7096,10.1345],[105.7103,10.1347],[105.7139,10.1326],[105.716,10.1308],[105.7178,10.1323],[105.7213,10.1335],[105.7245,10.1316],[105.7295,10.134],[105.7312,10.1329],[105.732,10.133],[105.734,10.1346],[105.7342,10.1357],[105.7354,10.1366],[105.7367,10.1348],[105.7377,10.1343],[105.7406,10.1314],[105.7413,10.1302],[105.7443,10.1276],[105.7474,10.1238],[105.749,10.1232],[105.7524,10.1291],[105.754,10.1284],[105.7559,10.1301],[105.7569,10.1311],[105.7581,10.1326],[105.7606,10.1335],[105.7625,10.1369],[105.7635,10.1365],[105.7649,10.1394],[105.7659,10.139],[105.767,10.1424],[105.7677,10.1469],[105.7689,10.1509],[105.7695,10.1551],[105.7711,10.1549],[105.7712,10.1568],[105.7738,10.1563],[105.7744,10.1566],[105.7742,10.1465],[105.7736,10.1222],[105.7736,10.121],[105.7735,10.1182],[105.7746,10.1183],[105.7971,10.1123],[105.7969,10.106]]]},"properties":{"name":"Tân Quới","level":"ward"}},{"type":"Feature","geometry":{"type":"Polygon","coordinates":[[[105.8596,10.0809],[105.8597,10.0796],[105.8611,10.074],[105.8621,10.0688],[105.8641,10.0608],[105.8654,10.0578],[105.8654,10.0558],[105.8664,10.055],[105.8701,10.0525],[105.8743,10.05],[105.8769,10.0493],[105.8794,10.0517],[105.8861,10.0536],[105.8895,10.047],[105.8898,10.0458],[105.8926,10.0396],[105.8936,10.0328],[105.8936,10.0313],[105.893,10.0294],[105.8924,10.0204],[105.8956,10.0205],[105.8976,10.0129],[105.8941,10.0133],[105.8937,10.0121],[105.8892,10.0048],[105.8864,9.999],[105.8832,9.9931],[105.8824,9.9904],[105.8754,9.9916],[105.8745,9.9925],[105.8733,9.9958],[105.8722,9.9977],[105.8709,9.9994],[105.8696,10.0002],[105.8664,10.0013],[105.8637,10.0029],[105.862,10.0046],[105.8605,10.0053],[105.8592,10.0054],[105.8556,10.0042],[105.8542,10.0054],[105.8542,10.0074],[105.8534,10.0091],[105.8502,10.0112],[105.848,10.0136],[105.8454,10.0169],[105.8422,10.0198],[105.8392,10.0255],[105.8345,10.0291],[105.8335,10.0321],[105.833,10.0359],[105.8312,10.0404],[105.8286,10.044],[105.8282,10.0488],[105.8271,10.0514],[105.8256,10.0568],[105.8235,10.0613],[105.8227,10.0638],[105.8233,10.065],[105.8235,10.0675],[105.8243,10.0681],[105.83,10.0701],[105.8328,10.0711],[105.8361,10.0723],[105.8495,10.0773],[105.8542,10.0789],[105.8596,10.0809]]]},"properties":{"name":"Đông Thành","level":"ward"}},{"type":"Feature","geometry":{"type":"Polygon","coordinates":[[[106.0013,9.9091],[105.9997,9.9084],[105.999,9.9076],[105.9963,9.9056],[105.9938,9.9058],[105.9928,9.9067],[105.9918,9.9066],[105.9903,9.9041],[105.9875,9.9028],[105.9862,9.9013],[105.9829,9.9045],[105.9783,9.9106],[105.9768,9.9108],[105.9722,9.9141],[105.9659,9.9195],[105.9633,9.9222],[105.9622,9.9218],[105.9597,9.9228],[105.9578,9.9221],[105.9546,9.9219],[105.9532,9.9212],[105.9509,9.9236],[105.9496,9.9253],[105.9466,9.9309],[105.9423,9.9404],[105.9421,9.9416],[105.9408,9.9426],[105.932,9.9506],[105.927,9.9543],[105.9231,9.9581],[105.9204,9.9611],[105.9162,9.9648],[105.9172,9.9658],[105.9188,9.9674],[105.9198,9.9691],[105.9199,9.9724],[105.9202,9.9737],[105.922,9.9749],[105.926,9.9759],[105.9291,9.9776],[105.9313,9.9797],[105.9335,9.9811],[105.9349,9.984],[105.9399,9.9889],[105.9412,9.9877],[105.9437,9.9872],[105.9447,9.9866],[105.9459,9.9876],[105.9488,9.985],[105.9478,9.9837],[105.9487,9.9816],[105.9511,9.9819],[105.9516,9.9815],[105.9511,9.9797],[105.9523,9.9771],[105.9541,9.9755],[105.9557,9.9746],[105.9594,9.9741],[105.9616,9.9734],[105.9656,9.9731],[105.9687,9.9736],[105.97,9.9733],[105.9706,9.9717],[105.9704,9.97],[105.9692,9.9688],[105.9696,9.9679],[105.974,9.9673],[105.9746,9.963],[105.9761,9.9617],[105.9762,9.9576],[105.9771,9.9478],[105.9739,9.9466],[105.975,9.9448],[105.9784,9.9459],[105.9778,9.9442],[105.9815,9.9439],[105.9819,9.9403],[105.9846,9.9418],[105.9861,9.9417],[105.9861,9.9396],[105.9865,9.9383],[105.9888,9.9401],[105.9915,9.9411],[105.9917,9.9403],[105.9935,9.9404],[105.9968,9.937],[106.0022,9.9327],[106.0024,9.9321],[106.0075,9.9289],[106.0076,9.9273],[106.0062,9.9265],[106.0059,9.9255],[106.0074,9.9245],[106.0079,9.9233],[106.0107,9.9236],[106.013,9.9243],[106.0131,9.9234],[106.0144,9.9211],[106.0155,9.9202],[106.0153,9.9174],[106.0145,9.9162],[106.0121,9.9149],[106.0112,9.9135],[106.0069,9.912],[106.0029,9.9101],[106.0013,9.9091]]]},"properties":{"name":"Trà Ôn","level":"ward"}},{"type":"Feature","geometry":{"type":"Polygon","coordinates":[[[106.0699,10.0912],[106.0739,10.0851],[106.076,10.083],[106.077,10.0816],[106.0822,10.0778],[106.0839,10.0777],[106.0861,10.0776],[106.0877,10.0771],[106.0925,10.0764],[106.0956,10.0749],[106.0951,10.0724],[106.0941,10.0714],[106.0923,10.0658],[106.0915,10.062],[106.0923,10.054],[106.095,10.0541],[106.0958,10.0465],[106.0965,10.0465],[106.0964,10.0435],[106.096,10.041],[106.0935,10.042],[106.0936,10.0386],[106.0935,10.0356],[106.093,10.033],[106.0913,10.0288],[106.0882,10.0238],[106.0841,10.0134],[106.0801,10.0027],[106.0779,9.9962],[106.076,9.9919],[106.0765,9.9917],[106.0744,9.9874],[106.0711,9.981],[106.066,9.9739],[106.0599,9.9784],[106.0577,9.9797],[106.0569,9.9808],[106.0544,9.9827],[106.0498,9.9848],[106.0493,9.987],[106.0485,9.9887],[106.0465,9.9908],[106.0439,9.9922],[106.0433,9.9943],[106.041,9.9945],[106.0392,9.9964],[106.0387,9.9979],[106.0375,9.9989],[106.0367,10.0005],[106.0351,9.9999],[106.0333,10.0004],[106.0337,10.0031],[106.0331,10.0045],[106.0317,10.0049],[106.0341,10.0111],[106.0371,10.0198],[106.0321,10.0214],[106.0323,10.0227],[106.0297,10.0233],[106.0315,10.0292],[106.0336,10.0323],[106.0329,10.0344],[106.0326,10.0365],[106.0319,10.0381],[106.0327,10.0385],[106.0334,10.0402],[106.0315,10.0412],[106.0302,10.0429],[106.0329,10.0445],[106.0353,10.0451],[106.038,10.0465],[106.0401,10.0455],[106.0411,10.0463],[106.0423,10.0506],[106.0441,10.0598],[106.044,10.0661],[106.0436,10.0665],[106.0376,10.067],[106.0342,10.0671],[106.0323,10.0666],[106.032,10.0672],[106.0204,10.0676],[106.0164,10.0679],[106.0162,10.0701],[106.0182,10.073],[106.0207,10.0772],[106.0247,10.0807],[106.0265,10.0828],[106.0281,10.0854],[106.0295,10.0865],[106.0315,10.0858],[106.0324,10.0838],[106.0326,10.081],[106.0341,10.0768],[106.0359,10.0758],[106.0374,10.0764],[106.0393,10.0787],[106.0416,10.0802],[106.0444,10.0798],[106.0467,10.0799],[106.0488,10.0813],[106.051,10.0847],[106.0521,10.0875],[106.0526,10.0902],[106.0534,10.092],[106.0547,10.0929],[106.0571,10.093],[106.0607,10.0925],[106.0663,10.091],[106.0676,10.0908],[106.0699,10.0912]]]},"properties":{"name":"Hoà Bình","level":"ward"}},{"type":"Feature","geometry":{"type":"Polygon","coordinates":[[[105.9846,10.0237],[105.9856,10.0253],[105.9927,10.0355],[105.9978,10.0431],[106.0039,10.0519],[106.0138,10.0666],[106.0146,10.0677],[106.0162,10.0701],[106.0164,10.0679],[106.0204,10.0676],[106.032,10.0672],[106.0323,10.0666],[106.0342,10.0671],[106.0376,10.067],[106.0436,10.0665],[106.044,10.0661],[106.0441,10.0598],[106.0423,10.0506],[106.0411,10.0463],[106.0401,10.0455],[106.038,10.0465],[106.0353,10.0451],[106.0329,10.0445],[106.0302,10.0429],[106.0315,10.0412],[106.0334,10.0402],[106.0327,10.0385],[106.0319,10.0381],[106.0326,10.0365],[106.0329,10.0344],[106.0336,10.0323],[106.0315,10.0292],[106.0297,10.0233],[106.0323,10.0227],[106.0321,10.0214],[106.0371,10.0198],[106.0341,10.0111],[106.0317,10.0049],[106.031,10.0026],[106.0291,10.0028],[106.0283,10.0048],[106.0253,10.0049],[106.023,10.0045],[106.0224,10.0063],[106.0205,10.0071],[106.0201,10.0086],[106.019,10.0088],[106.0172,10.0067],[106.0175,10.0035],[106.0171,9.9967],[106.0156,9.9965],[106.0146,9.9951],[106.0151,9.9924],[106.0143,9.9919],[106.0143,9.9871],[106.0137,9.9851],[106.0142,9.9843],[106.0122,9.9831],[106.0103,9.9831],[106.0063,9.984],[106.0048,9.9837],[106.0045,9.9809],[106.0052,9.9777],[106.0026,9.9726],[106.0011,9.9725],[105.9972,9.9735],[105.995,9.9748],[105.994,9.9749],[105.9937,9.9693],[105.9888,9.9702],[105.9878,9.9666],[105.9857,9.9673],[105.9849,9.9652],[105.9836,9.9652],[105.9829,9.9641],[105.9815,9.9643],[105.981,9.9629],[105.98,9.9621],[105.9746,9.963],[105.974,9.9673],[105.9696,9.9679],[105.9692,9.9688],[105.9704,9.97],[105.9706,9.9717],[105.97,9.9733],[105.9687,9.9736],[105.9656,9.9731],[105.9616,9.9734],[105.9594,9.9741],[105.9557,9.9746],[105.9541,9.9755],[105.9523,9.9771],[105.9511,9.9797],[105.9516,9.9815],[105.9511,9.9819],[105.9487,9.9816],[105.9478,9.9837],[105.9488,9.985],[105.9459,9.9876],[105.9447,9.9866],[105.9437,9.9872],[105.9412,9.9877],[105.9399,9.9889],[105.9414,9.9902],[105.9483,9.995],[105.9509,9.997],[105.9727,10.0129],[105.9784,10.017],[105.9827,10.0203],[105.9832,10.0204],[105.9846,10.0237]]]},"properties":{"name":"Trà Côn","level":"ward"}},{"type":"Feature","geometry":{"type":"Polygon","coordinates":[[[106.0866,9.9596],[106.0791,9.9494],[106.0767,9.9448],[106.0752,9.9456],[106.0704,9.9464],[106.066,9.9476],[106.063,9.9478],[106.0626,9.9456],[106.0558,9.9468],[106.0562,9.9455],[106.0552,9.9447],[106.0555,9.9422],[106.0536,9.9419],[106.0512,9.9412],[106.0474,9.9386],[106.0457,9.9381],[106.0425,9.9349],[106.0423,9.9328],[106.0401,9.9322],[106.0391,9.9304],[106.039,9.9285],[106.0378,9.9272],[106.0369,9.9276],[106.0348,9.9269],[106.0294,9.9279],[106.0277,9.9277],[106.0268,9.9296],[106.025,9.9304],[106.0232,9.9306],[106.0211,9.9329],[106.0202,9.9327],[106.0173,9.9274],[106.0166,9.9265],[106.013,9.9243],[106.0107,9.9236],[106.0079,9.9233],[106.0074,9.9245],[106.0059,9.9255],[106.0062,9.9265],[106.0076,9.9273],[106.0075,9.9289],[106.0024,9.9321],[106.0022,9.9327],[105.9968,9.937],[105.9935,9.9404],[105.9917,9.9403],[105.9915,9.9411],[105.9888,9.9401],[105.9865,9.9383],[105.9861,9.9396],[105.9861,9.9417],[105.9846,9.9418],[105.9819,9.9403],[105.9815,9.9439],[105.9778,9.9442],[105.9784,9.9459],[105.975,9.9448],[105.9739,9.9466],[105.9771,9.9478],[105.9762,9.9576],[105.9761,9.9617],[105.9746,9.963],[105.98,9.9621],[105.981,9.9629],[105.9815,9.9643],[105.9829,9.9641],[105.9836,9.9652],[105.9849,9.9652],[105.9857,9.9673],[105.9878,9.9666],[105.9888,9.9702],[105.9937,9.9693],[105.994,9.9749],[105.995,9.9748],[105.9972,9.9735],[106.0011,9.9725],[106.0026,9.9726],[106.0052,9.9777],[106.0045,9.9809],[106.0048,9.9837],[106.0063,9.984],[106.0103,9.9831],[106.0122,9.9831],[106.0142,9.9843],[106.0137,9.9851],[106.0143,9.9871],[106.0143,9.9919],[106.0151,9.9924],[106.0146,9.9951],[106.0156,9.9965],[106.0171,9.9967],[106.0175,10.0035],[106.0172,10.0067],[106.019,10.0088],[106.0201,10.0086],[106.0205,10.0071],[106.0224,10.0063],[106.023,10.0045],[106.0253,10.0049],[106.0283,10.0048],[106.0291,10.0028],[106.031,10.0026],[106.0317,10.0049],[106.0331,10.0045],[106.0337,10.0031],[106.0333,10.0004],[106.0351,9.9999],[106.0367,10.0005],[106.0375,9.9989],[106.0387,9.9979],[106.0392,9.9964],[106.041,9.9945],[106.0433,9.9943],[106.0439,9.9922],[106.0465,9.9908],[106.0485,9.9887],[106.0493,9.987],[106.0498,9.9848],[106.0544,9.9827],[106.0569,9.9808],[106.0577,9.9797],[106.0599,9.9784],[106.066,9.9739],[106.077,9.9661],[106.0866,9.9596]]]},"properties":{"name":"Vĩnh Xuân","level":"ward"}},{"type":"Feature","geometry":{"type":"Polygon","coordinates":[[[105.9532,9.9212],[105.9568,9.9171],[105.9598,9.9121],[105.9611,9.9102],[105.9662,9.9047],[105.9717,9.8983],[105.9751,9.894],[105.9767,9.8915],[105.9784,9.8877],[105.9794,9.8846],[105.9758,9.8861],[105.9728,9.8879],[105.9689,9.8917],[105.9642,9.8982],[105.961,9.9017],[105.9595,9.9029],[105.9514,9.9073],[105.9473,9.9104],[105.9393,9.9155],[105.932,9.9212],[105.9259,9.9264],[105.9216,9.9299],[105.9178,9.9318],[105.9143,9.9327],[105.9059,9.933],[105.8968,9.938],[105.8851,9.9461],[105.8768,9.9523],[105.8694,9.9584],[105.8591,9.9673],[105.8535,9.9724],[105.8516,9.9742],[105.8468,9.9799],[105.8441,9.9825],[105.837,9.9917],[105.8336,9.9958],[105.8371,9.9975],[105.8419,9.9985],[105.8455,9.9986],[105.85,9.9977],[105.853,9.9963],[105.8548,9.9952],[105.8586,9.9939],[105.866,9.9919],[105.8673,9.991],[105.8704,9.9895],[105.8792,9.9862],[105.883,9.9842],[105.8862,9.9822],[105.8897,9.9791],[105.8927,9.9767],[105.8957,9.9753],[105.9025,9.9726],[105.9054,9.9717],[105.9116,9.9682],[105.9162,9.9648],[105.9204,9.9611],[105.9231,9.9581],[105.927,9.9543],[105.932,9.9506],[105.9408,9.9426],[105.9421,9.9416],[105.9423,9.9404],[105.9466,9.9309],[105.9496,9.9253],[105.9509,9.9236],[105.9532,9.9212]]]},"properties":{"name":"Lục Sĩ Thành","level":"ward"}}]}