{"type":"FeatureCollection","features":[{"type":"Feature","geometry":{"type":"Polygon","coordinates":[[[105.734,9.3187],[105.7349,9.3147],[105.7361,9.3125],[105.7367,9.3125],[105.7405,9.3079],[105.7425,9.3053],[105.7448,9.3025],[105.7453,9.3023],[105.7464,9.3032],[105.7471,9.3022],[105.7459,9.3015],[105.7466,9.301],[105.7468,9.3004],[105.7437,9.2998],[105.7421,9.2986],[105.74,9.2964],[105.7394,9.2957],[105.7386,9.2939],[105.7373,9.293],[105.7352,9.2923],[105.7332,9.2907],[105.7275,9.2862],[105.7248,9.2843],[105.7264,9.2822],[105.7291,9.2755],[105.73,9.273],[105.7301,9.2707],[105.7299,9.2698],[105.7281,9.2666],[105.7268,9.264],[105.7267,9.2633],[105.7271,9.2617],[105.7263,9.2615],[105.7239,9.2593],[105.7133,9.2572],[105.7117,9.2616],[105.7107,9.2651],[105.7099,9.265],[105.706,9.2635],[105.7042,9.2617],[105.7028,9.2606],[105.7006,9.2613],[105.699,9.2607],[105.698,9.2599],[105.6977,9.2606],[105.6949,9.2576],[105.6943,9.2573],[105.6939,9.259],[105.6936,9.2601],[105.6924,9.2612],[105.6925,9.262],[105.6923,9.2631],[105.6935,9.2643],[105.6927,9.2663],[105.692,9.2668],[105.6918,9.2677],[105.6914,9.2682],[105.6919,9.2687],[105.692,9.2698],[105.6917,9.2704],[105.692,9.2708],[105.6923,9.2722],[105.6919,9.2731],[105.692,9.2741],[105.6927,9.2744],[105.6932,9.2735],[105.694,9.2735],[105.6933,9.2758],[105.6911,9.2779],[105.6906,9.2787],[105.6898,9.2791],[105.6892,9.2795],[105.6891,9.2805],[105.6887,9.2812],[105.6886,9.2823],[105.6878,9.2835],[105.688,9.285],[105.6879,9.2855],[105.687,9.2861],[105.687,9.2869],[105.6863,9.2876],[105.6866,9.2884],[105.6865,9.2889],[105.6857,9.2892],[105.685,9.2899],[105.6846,9.291],[105.6841,9.2916],[105.6843,9.2933],[105.684,9.2941],[105.684,9.2951],[105.6831,9.2968],[105.6807,9.2997],[105.6793,9.3011],[105.6798,9.3016],[105.6823,9.3023],[105.6813,9.3049],[105.6827,9.3065],[105.683,9.3062],[105.684,9.3066],[105.6854,9.3066],[105.6863,9.3068],[105.6871,9.3068],[105.6887,9.3071],[105.6894,9.3078],[105.6905,9.3082],[105.6914,9.3094],[105.6922,9.3093],[105.6939,9.31],[105.6952,9.31],[105.6969,9.3108],[105.6982,9.311],[105.6994,9.3115],[105.6997,9.312],[105.7011,9.3122],[105.7022,9.3122],[105.7032,9.3133],[105.7038,9.3136],[105.7047,9.3136],[105.7054,9.3139],[105.7082,9.3145],[105.7095,9.3112],[105.7136,9.3124],[105.7146,9.3128],[105.7144,9.3133],[105.7159,9.3141],[105.7193,9.3159],[105.7197,9.3133],[105.7222,9.314],[105.7237,9.3141],[105.7245,9.316],[105.7254,9.3169],[105.7262,9.3184],[105.7273,9.3185],[105.729,9.3199],[105.7293,9.3204],[105.7293,9.3213],[105.7308,9.3215],[105.7318,9.3208],[105.7335,9.3199],[105.734,9.3187]]]},"properties":{"name":"Bạc Liêu","level":"ward"}},{"type":"Feature","geometry":{"type":"Polygon","coordinates":[[[105.7281,9.2666],[105.7299,9.2698],[105.7301,9.2707],[105.73,9.273],[105.7291,9.2755],[105.7264,9.2822],[105.7248,9.2843],[105.7275,9.2862],[105.7332,9.2907],[105.7352,9.2923],[105.7373,9.293],[105.7386,9.2939],[105.7394,9.2957],[105.74,9.2964],[105.7421,9.2986],[105.7437,9.2998],[105.7468,9.3004],[105.7482,9.3009],[105.749,9.3015],[105.7509,9.3047],[105.7518,9.3057],[105.7528,9.3064],[105.7553,9.307],[105.7563,9.3075],[105.7582,9.3086],[105.7605,9.3097],[105.7616,9.3104],[105.7643,9.3135],[105.7668,9.3154],[105.7687,9.3163],[105.7713,9.3164],[105.7728,9.3168],[105.7733,9.3171],[105.7751,9.3188],[105.7764,9.3199],[105.7778,9.3207],[105.782,9.3228],[105.7849,9.3243],[105.7886,9.3264],[105.7923,9.3284],[105.7968,9.3309],[105.8019,9.3337],[105.8035,9.3347],[105.8093,9.3378],[105.812,9.3393],[105.8123,9.3386],[105.8147,9.3315],[105.8153,9.3283],[105.8162,9.3242],[105.8175,9.3175],[105.8181,9.3151],[105.8194,9.3087],[105.8205,9.3033],[105.8208,9.3012],[105.8216,9.2976],[105.8221,9.2949],[105.8236,9.2882],[105.7719,9.2701],[105.7692,9.2689],[105.7627,9.2662],[105.76,9.2651],[105.7583,9.2685],[105.7532,9.2657],[105.7507,9.2643],[105.7507,9.2638],[105.7499,9.2636],[105.7481,9.2629],[105.7447,9.2618],[105.7452,9.2607],[105.7421,9.2597],[105.7397,9.2587],[105.735,9.2573],[105.734,9.2586],[105.7327,9.2608],[105.7318,9.2622],[105.7295,9.2634],[105.7285,9.2663],[105.7281,9.2666]]]},"properties":{"name":"Vĩnh Trạch","level":"ward"}},{"type":"Feature","geometry":{"type":"Polygon","coordinates":[[[105.7133,9.2572],[105.7239,9.2593],[105.7263,9.2615],[105.7271,9.2617],[105.7267,9.2633],[105.7268,9.264],[105.7281,9.2666],[105.7285,9.2663],[105.7295,9.2634],[105.7318,9.2622],[105.7327,9.2608],[105.734,9.2586],[105.735,9.2573],[105.7397,9.2587],[105.7421,9.2597],[105.7452,9.2607],[105.7447,9.2618],[105.7481,9.2629],[105.7499,9.2636],[105.7507,9.2638],[105.7507,9.2643],[105.7532,9.2657],[105.7583,9.2685],[105.76,9.2651],[105.7627,9.2662],[105.7692,9.2689],[105.7719,9.2701],[105.8236,9.2882],[105.8246,9.2834],[105.8251,9.2809],[105.8259,9.2766],[105.8245,9.2759],[105.8247,9.2755],[105.8235,9.2751],[105.8237,9.2747],[105.8203,9.273],[105.8192,9.2726],[105.821,9.2659],[105.8223,9.2621],[105.8264,9.2479],[105.8273,9.2452],[105.8261,9.2446],[105.8258,9.244],[105.8248,9.2436],[105.8235,9.2437],[105.823,9.2441],[105.8223,9.2438],[105.8223,9.2431],[105.8217,9.2423],[105.8201,9.2418],[105.818,9.2406],[105.8176,9.2401],[105.8165,9.2403],[105.8144,9.2392],[105.8134,9.238],[105.8126,9.2381],[105.8117,9.2375],[105.8104,9.237],[105.8094,9.2365],[105.8084,9.2369],[105.8069,9.2364],[105.8063,9.2369],[105.8063,9.2356],[105.8049,9.2346],[105.8038,9.2347],[105.8022,9.2336],[105.8013,9.2332],[105.8005,9.2323],[105.7986,9.2316],[105.7979,9.2307],[105.7969,9.2304],[105.7963,9.2304],[105.795,9.2297],[105.7941,9.2287],[105.7933,9.2285],[105.7896,9.2265],[105.7887,9.2265],[105.788,9.226],[105.7867,9.2256],[105.7851,9.2245],[105.7838,9.2242],[105.7822,9.2229],[105.7808,9.2229],[105.7805,9.222],[105.7798,9.2211],[105.7789,9.2208],[105.7781,9.221],[105.7775,9.2196],[105.7766,9.2192],[105.7761,9.2198],[105.7755,9.2195],[105.7756,9.2187],[105.7739,9.2176],[105.7733,9.2169],[105.7723,9.2163],[105.7718,9.2169],[105.7709,9.2172],[105.7709,9.2164],[105.7703,9.2156],[105.7682,9.2144],[105.7672,9.2147],[105.7671,9.2138],[105.7658,9.2129],[105.7651,9.2131],[105.765,9.2123],[105.7641,9.2117],[105.7629,9.2111],[105.7618,9.2103],[105.7613,9.2111],[105.7602,9.2097],[105.7574,9.2085],[105.7565,9.2098],[105.7555,9.2128],[105.7554,9.2128],[105.7564,9.2097],[105.7565,9.208],[105.7557,9.2082],[105.7547,9.2078],[105.7545,9.2067],[105.754,9.2066],[105.7538,9.2073],[105.7531,9.2073],[105.7532,9.2063],[105.7522,9.2063],[105.7519,9.2055],[105.75,9.2055],[105.749,9.207],[105.7485,9.2069],[105.7477,9.2049],[105.7472,9.2047],[105.7465,9.2049],[105.7464,9.2042],[105.7425,9.2034],[105.7419,9.2042],[105.7403,9.2039],[105.7402,9.2028],[105.7409,9.2021],[105.7411,9.2014],[105.7407,9.2001],[105.7405,9.1999],[105.7388,9.1999],[105.7378,9.1997],[105.7371,9.2],[105.736,9.1997],[105.7353,9.1998],[105.734,9.1993],[105.7333,9.1989],[105.7324,9.199],[105.732,9.1999],[105.7317,9.1998],[105.7314,9.1985],[105.7296,9.1974],[105.7281,9.203],[105.7281,9.2034],[105.7276,9.2053],[105.7271,9.2067],[105.7238,9.2198],[105.7228,9.2235],[105.7196,9.2222],[105.7194,9.2233],[105.7152,9.2217],[105.7106,9.2201],[105.7097,9.2229],[105.712,9.2237],[105.711,9.2258],[105.71,9.2276],[105.7114,9.2282],[105.712,9.2268],[105.7125,9.2264],[105.7134,9.2261],[105.7133,9.227],[105.7146,9.2272],[105.7152,9.2271],[105.7156,9.2261],[105.7166,9.2264],[105.7164,9.2279],[105.7179,9.2281],[105.7198,9.2287],[105.7177,9.2363],[105.7133,9.2347],[105.7129,9.2347],[105.7105,9.2432],[105.7106,9.2439],[105.7121,9.2445],[105.716,9.2464],[105.7141,9.2535],[105.7133,9.257],[105.7133,9.2572]]]},"properties":{"name":"Hiệp Thành","level":"ward"}},{"type":"Feature","geometry":{"type":"Polygon","coordinates":[[[105.511,9.5839],[105.5105,9.5825],[105.5104,9.581],[105.5108,9.5799],[105.5108,9.5787],[105.512,9.5776],[105.513,9.5759],[105.5139,9.5758],[105.5146,9.5751],[105.5155,9.5728],[105.5152,9.5696],[105.5153,9.5643],[105.5095,9.5642],[105.5101,9.5605],[105.5075,9.5603],[105.5075,9.5461],[105.5036,9.5464],[105.5034,9.5443],[105.5036,9.5431],[105.5045,9.5417],[105.5054,9.5416],[105.5062,9.5388],[105.5052,9.5387],[105.5049,9.5365],[105.5051,9.5351],[105.5034,9.5354],[105.5032,9.5333],[105.5018,9.5333],[105.5,9.5336],[105.5001,9.5323],[105.5008,9.5287],[105.4994,9.5288],[105.4955,9.5291],[105.4952,9.5282],[105.4965,9.5254],[105.4956,9.525],[105.4954,9.5233],[105.4949,9.523],[105.4945,9.5217],[105.4946,9.5206],[105.4942,9.5197],[105.4942,9.5185],[105.4933,9.5164],[105.4932,9.5153],[105.4925,9.5123],[105.4918,9.5116],[105.4913,9.5107],[105.4924,9.5094],[105.4959,9.5055],[105.4957,9.5053],[105.4888,9.5041],[105.489,9.5003],[105.489,9.499],[105.4892,9.4973],[105.4898,9.4954],[105.4896,9.4943],[105.4897,9.493],[105.4894,9.4924],[105.4895,9.4901],[105.4918,9.4906],[105.4922,9.4904],[105.4926,9.4878],[105.4936,9.4879],[105.4937,9.4874],[105.4945,9.4875],[105.4953,9.4872],[105.4957,9.4842],[105.4942,9.4837],[105.4931,9.4838],[105.4913,9.4832],[105.4908,9.4836],[105.4895,9.483],[105.4883,9.4816],[105.4885,9.4811],[105.4868,9.4808],[105.4851,9.4799],[105.4847,9.4804],[105.4837,9.4806],[105.4826,9.4808],[105.4823,9.483],[105.4805,9.4841],[105.4799,9.4848],[105.4783,9.4857],[105.4777,9.4863],[105.4762,9.4869],[105.4756,9.4874],[105.475,9.4884],[105.4745,9.4888],[105.4699,9.4869],[105.4649,9.485],[105.4649,9.4853],[105.4613,9.4864],[105.4609,9.4852],[105.4587,9.4876],[105.4581,9.4873],[105.4517,9.4892],[105.4478,9.4905],[105.4402,9.4927],[105.4384,9.4867],[105.4297,9.4885],[105.4252,9.4894],[105.4235,9.4837],[105.4229,9.482],[105.4207,9.4749],[105.4197,9.4759],[105.4152,9.4801],[105.4125,9.4827],[105.407,9.4878],[105.3997,9.4946],[105.3969,9.4971],[105.3924,9.5014],[105.3918,9.502],[105.3864,9.507],[105.3808,9.5123],[105.3774,9.5154],[105.3769,9.5161],[105.3758,9.5168],[105.3761,9.5179],[105.377,9.5188],[105.3782,9.5186],[105.3806,9.5204],[105.3804,9.5215],[105.3808,9.5222],[105.3817,9.5222],[105.3829,9.5235],[105.383,9.5242],[105.3837,9.5246],[105.3837,9.5251],[105.3849,9.5261],[105.3856,9.5258],[105.3861,9.5265],[105.3876,9.5269],[105.3882,9.5265],[105.3892,9.5271],[105.3899,9.5281],[105.3905,9.5292],[105.392,9.5304],[105.3934,9.5304],[105.3936,9.5298],[105.3953,9.5294],[105.3957,9.5299],[105.3968,9.5304],[105.3979,9.5319],[105.4012,9.5349],[105.4017,9.5351],[105.4054,9.5357],[105.406,9.5357],[105.4061,9.5367],[105.4052,9.5367],[105.4053,9.5389],[105.4045,9.539],[105.4043,9.5394],[105.4036,9.5396],[105.4079,9.5456],[105.4084,9.5483],[105.408,9.5501],[105.4093,9.5527],[105.4094,9.5537],[105.4087,9.5548],[105.4096,9.5568],[105.4123,9.5565],[105.4163,9.558],[105.4159,9.5596],[105.4167,9.5598],[105.4173,9.5596],[105.4171,9.5614],[105.4189,9.5621],[105.4199,9.5623],[105.4202,9.5657],[105.4212,9.5657],[105.4209,9.5687],[105.4215,9.5689],[105.4219,9.571],[105.4225,9.5712],[105.4227,9.5725],[105.4234,9.5746],[105.4239,9.5747],[105.424,9.5756],[105.4251,9.5785],[105.4263,9.5813],[105.4273,9.582],[105.4257,9.5837],[105.4215,9.5884],[105.42,9.5899],[105.4179,9.5922],[105.4177,9.5928],[105.4187,9.5928],[105.4195,9.5932],[105.4208,9.5946],[105.4216,9.5951],[105.4234,9.5956],[105.4245,9.5955],[105.4263,9.595],[105.4277,9.595],[105.4288,9.5953],[105.4296,9.5966],[105.4296,9.5975],[105.4292,9.5995],[105.4295,9.6006],[105.43,9.6008],[105.4308,9.6008],[105.4321,9.5998],[105.4339,9.5986],[105.4349,9.5982],[105.4367,9.5976],[105.4382,9.5968],[105.4394,9.5957],[105.4406,9.5948],[105.4416,9.5947],[105.4428,9.5951],[105.4448,9.5967],[105.446,9.597],[105.4474,9.596],[105.4479,9.595],[105.4482,9.594],[105.4486,9.5918],[105.4482,9.589],[105.4484,9.5879],[105.4491,9.587],[105.4499,9.5869],[105.451,9.5871],[105.452,9.5879],[105.4552,9.5901],[105.4564,9.5903],[105.4574,9.5902],[105.4586,9.5898],[105.4594,9.589],[105.4607,9.5871],[105.4619,9.5867],[105.4627,9.5872],[105.4638,9.5886],[105.4649,9.5894],[105.4671,9.5903],[105.4685,9.5915],[105.469,9.5935],[105.4689,9.5955],[105.4692,9.5965],[105.4699,9.597],[105.4706,9.597],[105.4713,9.5965],[105.4734,9.5942],[105.4745,9.5933],[105.4767,9.5919],[105.4776,9.5907],[105.4777,9.5898],[105.4774,9.5891],[105.4758,9.5874],[105.4751,9.5861],[105.4751,9.5852],[105.4761,9.5843],[105.4795,9.5849],[105.4822,9.5848],[105.484,9.5849],[105.4858,9.5846],[105.4866,9.5841],[105.4881,9.5824],[105.4893,9.5821],[105.49,9.5825],[105.4912,9.5835],[105.493,9.586],[105.4933,9.587],[105.4925,9.5892],[105.4925,9.5899],[105.4928,9.5906],[105.4938,9.5908],[105.4961,9.5901],[105.4975,9.5899],[105.499,9.5899],[105.5004,9.5903],[105.503,9.5912],[105.504,9.5912],[105.5047,9.5908],[105.5052,9.5896],[105.505,9.5889],[105.5041,9.5876],[105.5039,9.5868],[105.5042,9.5862],[105.509,9.5846],[105.511,9.5839]]]},"properties":{"name":"Hồng Dân","level":"ward"}},{"type":"Feature","geometry":{"type":"Polygon","coordinates":[[[105.4837,9.4806],[105.4847,9.4804],[105.4851,9.4799],[105.4868,9.4808],[105.4885,9.4811],[105.4883,9.4816],[105.4895,9.483],[105.4908,9.4836],[105.4913,9.4832],[105.4931,9.4838],[105.4942,9.4837],[105.4957,9.4842],[105.4953,9.4872],[105.4945,9.4875],[105.4937,9.4874],[105.4936,9.4879],[105.4926,9.4878],[105.4922,9.4904],[105.4918,9.4906],[105.4895,9.4901],[105.4894,9.4924],[105.4897,9.493],[105.4896,9.4943],[105.4898,9.4954],[105.4892,9.4973],[105.489,9.499],[105.489,9.5003],[105.4888,9.5041],[105.4957,9.5053],[105.4959,9.5055],[105.4924,9.5094],[105.4913,9.5107],[105.4918,9.5116],[105.4925,9.5123],[105.4932,9.5153],[105.4933,9.5164],[105.4942,9.5185],[105.4942,9.5197],[105.4946,9.5206],[105.4945,9.5217],[105.4949,9.523],[105.4954,9.5233],[105.4956,9.525],[105.4965,9.5254],[105.4952,9.5282],[105.4955,9.5291],[105.4994,9.5288],[105.5008,9.5287],[105.5001,9.5323],[105.5,9.5336],[105.5018,9.5333],[105.5032,9.5333],[105.5034,9.5354],[105.5051,9.5351],[105.5049,9.5365],[105.5052,9.5387],[105.5062,9.5388],[105.5054,9.5416],[105.5045,9.5417],[105.5036,9.5431],[105.5034,9.5443],[105.5036,9.5464],[105.5075,9.5461],[105.5075,9.5603],[105.5101,9.5605],[105.5095,9.5642],[105.5153,9.5643],[105.5152,9.5696],[105.5155,9.5728],[105.5146,9.5751],[105.5139,9.5758],[105.513,9.5759],[105.512,9.5776],[105.5108,9.5787],[105.5108,9.5799],[105.5104,9.581],[105.5105,9.5825],[105.511,9.5839],[105.512,9.5839],[105.5132,9.5846],[105.5137,9.5863],[105.5137,9.5887],[105.5142,9.5896],[105.5154,9.5899],[105.5165,9.5896],[105.5181,9.5887],[105.5195,9.5881],[105.5206,9.5886],[105.5212,9.5893],[105.5216,9.5903],[105.5215,9.5918],[105.521,9.5935],[105.5213,9.5946],[105.5231,9.595],[105.5271,9.595],[105.5302,9.595],[105.5318,9.5953],[105.5328,9.5958],[105.5342,9.5971],[105.535,9.5973],[105.5359,9.5967],[105.5367,9.5955],[105.537,9.594],[105.5369,9.5923],[105.5376,9.5914],[105.5406,9.5897],[105.5423,9.5883],[105.5431,9.5863],[105.5437,9.5852],[105.5443,9.5849],[105.5453,9.5853],[105.546,9.5863],[105.5471,9.585],[105.5481,9.5833],[105.5483,9.5825],[105.5484,9.5811],[105.5491,9.5801],[105.5505,9.5778],[105.5508,9.5763],[105.5507,9.5733],[105.5518,9.5724],[105.5527,9.5722],[105.5532,9.5717],[105.5541,9.5701],[105.555,9.5673],[105.5548,9.5666],[105.5549,9.5654],[105.5551,9.5647],[105.5545,9.5636],[105.5545,9.5626],[105.5549,9.5619],[105.5554,9.5603],[105.5553,9.5581],[105.554,9.549],[105.5532,9.5486],[105.5527,9.5438],[105.5512,9.5289],[105.5507,9.5243],[105.5518,9.524],[105.5525,9.5233],[105.5497,9.5206],[105.5503,9.5202],[105.55,9.5174],[105.5489,9.507],[105.5482,9.5017],[105.548,9.499],[105.5472,9.4916],[105.5473,9.4899],[105.5472,9.4887],[105.5475,9.4886],[105.5465,9.4818],[105.546,9.4801],[105.5448,9.4747],[105.544,9.4711],[105.5454,9.4704],[105.5456,9.4691],[105.5443,9.4692],[105.545,9.4578],[105.5453,9.4577],[105.545,9.4536],[105.5457,9.4535],[105.5456,9.4518],[105.546,9.4511],[105.5453,9.4506],[105.5437,9.4523],[105.5429,9.4534],[105.5409,9.4555],[105.5353,9.4617],[105.526,9.4721],[105.5197,9.479],[105.5189,9.479],[105.5154,9.4806],[105.5139,9.4809],[105.5126,9.4805],[105.5121,9.481],[105.5113,9.4822],[105.5101,9.4834],[105.5057,9.4793],[105.5043,9.4779],[105.4976,9.4717],[105.4903,9.4648],[105.487,9.4682],[105.4838,9.4714],[105.4825,9.4732],[105.4831,9.4736],[105.4825,9.475],[105.4838,9.4757],[105.4835,9.4768],[105.484,9.4773],[105.4845,9.4785],[105.4853,9.4796],[105.483,9.4799],[105.4837,9.4806]]]},"properties":{"name":"Ninh Quới","level":"ward"}},{"type":"Feature","geometry":{"type":"Polygon","coordinates":[[[105.4177,9.5928],[105.4179,9.5922],[105.42,9.5899],[105.4215,9.5884],[105.4257,9.5837],[105.4273,9.582],[105.4263,9.5813],[105.4251,9.5785],[105.424,9.5756],[105.4239,9.5747],[105.4234,9.5746],[105.4227,9.5725],[105.4225,9.5712],[105.4219,9.571],[105.4215,9.5689],[105.4209,9.5687],[105.4212,9.5657],[105.4202,9.5657],[105.4199,9.5623],[105.4189,9.5621],[105.4171,9.5614],[105.4173,9.5596],[105.4167,9.5598],[105.4159,9.5596],[105.4163,9.558],[105.4123,9.5565],[105.4096,9.5568],[105.4087,9.5548],[105.4094,9.5537],[105.4093,9.5527],[105.408,9.5501],[105.4084,9.5483],[105.4079,9.5456],[105.4036,9.5396],[105.4043,9.5394],[105.4045,9.539],[105.4053,9.5389],[105.4052,9.5367],[105.4061,9.5367],[105.406,9.5357],[105.4054,9.5357],[105.4017,9.5351],[105.4012,9.5349],[105.3979,9.5319],[105.3968,9.5304],[105.3957,9.5299],[105.3953,9.5294],[105.3936,9.5298],[105.3934,9.5304],[105.392,9.5304],[105.3905,9.5292],[105.3899,9.5281],[105.3892,9.5271],[105.3882,9.5265],[105.3876,9.5269],[105.3861,9.5265],[105.3856,9.5258],[105.3849,9.5261],[105.3837,9.5251],[105.3837,9.5246],[105.383,9.5242],[105.3829,9.5235],[105.3817,9.5222],[105.3808,9.5222],[105.3804,9.5215],[105.3806,9.5204],[105.3782,9.5186],[105.377,9.5188],[105.3761,9.5179],[105.3758,9.5168],[105.3749,9.5175],[105.3736,9.5183],[105.3726,9.5185],[105.3709,9.5184],[105.3693,9.5181],[105.3683,9.5176],[105.3674,9.5168],[105.3666,9.5164],[105.3658,9.5168],[105.3654,9.5188],[105.3652,9.5194],[105.3636,9.52],[105.3609,9.5202],[105.3592,9.5206],[105.3585,9.521],[105.3582,9.5221],[105.3588,9.5235],[105.3585,9.5267],[105.3583,9.5285],[105.358,9.5294],[105.3569,9.53],[105.3557,9.5301],[105.3545,9.5292],[105.3516,9.5277],[105.3508,9.5275],[105.3502,9.5283],[105.3504,9.5337],[105.35,9.5352],[105.3494,9.5356],[105.3478,9.5362],[105.3468,9.5371],[105.345,9.5378],[105.3438,9.5379],[105.3432,9.5383],[105.3416,9.5398],[105.3412,9.5405],[105.3408,9.5421],[105.3388,9.5436],[105.3379,9.5438],[105.3375,9.5436],[105.3366,9.5425],[105.3359,9.5419],[105.3346,9.5412],[105.3329,9.5409],[105.3313,9.5403],[105.3289,9.5404],[105.3279,9.5401],[105.3265,9.5394],[105.3249,9.5408],[105.3234,9.5428],[105.3229,9.5439],[105.3226,9.5451],[105.3224,9.5465],[105.3226,9.5495],[105.3228,9.5508],[105.3239,9.5543],[105.3243,9.5565],[105.3242,9.5576],[105.3239,9.5586],[105.3227,9.5598],[105.3204,9.5604],[105.3186,9.5603],[105.3169,9.5599],[105.3149,9.5589],[105.313,9.5573],[105.3116,9.5564],[105.3101,9.5557],[105.3093,9.5555],[105.308,9.556],[105.3072,9.5574],[105.3075,9.5608],[105.3079,9.5629],[105.3086,9.565],[105.3097,9.5667],[105.3121,9.5692],[105.3128,9.5706],[105.3128,9.5717],[105.3125,9.5724],[105.3119,9.5731],[105.3104,9.5742],[105.308,9.5755],[105.3049,9.5775],[105.3028,9.5791],[105.3008,9.581],[105.2992,9.582],[105.2967,9.583],[105.2959,9.5836],[105.2949,9.5845],[105.294,9.5861],[105.2936,9.5875],[105.2933,9.5893],[105.293,9.5902],[105.292,9.5925],[105.2911,9.5943],[105.2896,9.5967],[105.2891,9.5974],[105.2871,9.599],[105.2865,9.5996],[105.2862,9.6008],[105.2866,9.6024],[105.2878,9.6047],[105.288,9.6056],[105.2878,9.6085],[105.288,9.61],[105.2887,9.6124],[105.2889,9.6137],[105.2889,9.615],[105.2886,9.6165],[105.2881,9.6178],[105.2865,9.6216],[105.2863,9.6229],[105.2863,9.6253],[105.2868,9.6267],[105.2875,9.6277],[105.2897,9.6294],[105.2902,9.6302],[105.2908,9.6315],[105.2912,9.6334],[105.2914,9.635],[105.2918,9.6363],[105.2922,9.6369],[105.2931,9.6373],[105.2949,9.6374],[105.296,9.6319],[105.2965,9.6306],[105.2975,9.6295],[105.2988,9.6292],[105.3012,9.6294],[105.3028,9.629],[105.3036,9.6281],[105.3039,9.627],[105.3037,9.6252],[105.303,9.6234],[105.3028,9.6217],[105.3029,9.6206],[105.3036,9.6189],[105.3045,9.6175],[105.3051,9.6163],[105.3063,9.6112],[105.3067,9.6099],[105.3078,9.6082],[105.3095,9.6072],[105.3114,9.6069],[105.3132,9.607],[105.315,9.6068],[105.3165,9.6061],[105.3184,9.605],[105.3195,9.6045],[105.3209,9.6042],[105.3236,9.6039],[105.3244,9.6035],[105.3251,9.6028],[105.326,9.6012],[105.3271,9.5999],[105.3279,9.5994],[105.329,9.5993],[105.3301,9.6],[105.3307,9.6012],[105.3311,9.6032],[105.3315,9.6039],[105.3327,9.6045],[105.3355,9.6046],[105.3365,9.6048],[105.3381,9.6059],[105.3388,9.6069],[105.339,9.6075],[105.339,9.6107],[105.3392,9.6115],[105.34,9.6124],[105.341,9.6127],[105.3416,9.6126],[105.3424,9.6121],[105.3426,9.6108],[105.3416,9.6087],[105.3414,9.6078],[105.3415,9.6061],[105.3427,9.6035],[105.3441,9.6019],[105.3464,9.6011],[105.3474,9.6004],[105.3478,9.5999],[105.348,9.5989],[105.3476,9.5978],[105.3459,9.596],[105.345,9.5948],[105.3449,9.5932],[105.3457,9.5925],[105.3464,9.5924],[105.3478,9.5928],[105.3492,9.5936],[105.3512,9.5939],[105.3535,9.5937],[105.3574,9.593],[105.3604,9.5925],[105.3631,9.5924],[105.3643,9.5921],[105.3658,9.5911],[105.3664,9.5904],[105.3675,9.5886],[105.3686,9.5877],[105.3699,9.5877],[105.3708,9.5882],[105.3716,9.5891],[105.3719,9.5901],[105.3718,9.5915],[105.3707,9.5938],[105.3705,9.5946],[105.3706,9.5958],[105.3711,9.5965],[105.3719,9.5969],[105.3728,9.5968],[105.3736,9.5962],[105.3757,9.5939],[105.3772,9.5919],[105.3774,9.5905],[105.3772,9.5883],[105.3776,9.587],[105.3785,9.5861],[105.3795,9.5857],[105.3808,9.5856],[105.3839,9.5861],[105.3857,9.587],[105.3873,9.5883],[105.3885,9.5896],[105.3896,9.5904],[105.3908,9.5905],[105.392,9.5899],[105.3939,9.5882],[105.3946,9.588],[105.3956,9.5882],[105.3961,9.5888],[105.3964,9.5903],[105.3969,9.5913],[105.3976,9.592],[105.399,9.5931],[105.3996,9.5939],[105.3994,9.5955],[105.3987,9.5968],[105.3988,9.598],[105.3993,9.5984],[105.4004,9.5985],[105.4031,9.5981],[105.4063,9.598],[105.4088,9.5976],[105.4105,9.5978],[105.4115,9.5981],[105.4127,9.5989],[105.4138,9.6007],[105.4145,9.6013],[105.4155,9.6018],[105.4167,9.6015],[105.4175,9.6008],[105.418,9.5997],[105.4181,9.5986],[105.4168,9.5958],[105.4167,9.5948],[105.4168,9.5941],[105.4177,9.5928]]]},"properties":{"name":"Vĩnh Lộc","level":"ward"}},{"type":"Feature","geometry":{"type":"Polygon","coordinates":[[[105.3758,9.5168],[105.3769,9.5161],[105.3774,9.5154],[105.3808,9.5123],[105.3864,9.507],[105.3918,9.502],[105.3924,9.5014],[105.3969,9.4971],[105.3997,9.4946],[105.407,9.4878],[105.4125,9.4827],[105.4152,9.4801],[105.4197,9.4759],[105.4195,9.4756],[105.4075,9.4645],[105.4036,9.461],[105.3898,9.4481],[105.387,9.4456],[105.3787,9.4378],[105.3647,9.4247],[105.3627,9.4228],[105.3652,9.4195],[105.3563,9.41],[105.353,9.4135],[105.3529,9.4134],[105.3479,9.4087],[105.3436,9.4048],[105.3335,9.3954],[105.3268,9.3891],[105.3195,9.3822],[105.3191,9.3832],[105.3165,9.3913],[105.3151,9.3966],[105.3137,9.4005],[105.3122,9.4045],[105.311,9.4069],[105.3109,9.4077],[105.3109,9.4099],[105.3111,9.4107],[105.3103,9.4121],[105.3107,9.4147],[105.3105,9.4165],[105.3086,9.4176],[105.3084,9.4185],[105.3071,9.4197],[105.3055,9.4198],[105.3043,9.4208],[105.3036,9.4219],[105.3035,9.4228],[105.303,9.4237],[105.3024,9.4243],[105.3019,9.4254],[105.3013,9.4262],[105.2982,9.4295],[105.297,9.4309],[105.2955,9.4324],[105.2948,9.4335],[105.2945,9.4344],[105.2939,9.4385],[105.2936,9.4402],[105.2927,9.447],[105.2921,9.4502],[105.292,9.4517],[105.2915,9.455],[105.2912,9.456],[105.2912,9.4598],[105.2909,9.4616],[105.2912,9.4627],[105.2913,9.4642],[105.2913,9.4678],[105.2924,9.471],[105.2929,9.4758],[105.2928,9.4764],[105.2932,9.4782],[105.294,9.479],[105.2953,9.4807],[105.2957,9.4823],[105.2953,9.4834],[105.2942,9.484],[105.2942,9.4849],[105.2946,9.4862],[105.2945,9.4881],[105.294,9.4889],[105.2938,9.4897],[105.2944,9.4905],[105.2957,9.4907],[105.2964,9.4915],[105.2972,9.4931],[105.2982,9.494],[105.2984,9.4955],[105.2984,9.4966],[105.2985,9.4988],[105.2983,9.5005],[105.2983,9.5017],[105.2988,9.5044],[105.2996,9.5057],[105.301,9.5066],[105.3021,9.5059],[105.3036,9.5044],[105.3047,9.5036],[105.3053,9.5034],[105.3059,9.5037],[105.3063,9.5049],[105.307,9.5057],[105.3088,9.5068],[105.3097,9.5071],[105.3106,9.5067],[105.3112,9.5053],[105.3125,9.5037],[105.3141,9.5024],[105.3152,9.5022],[105.316,9.5028],[105.3169,9.5049],[105.3169,9.5055],[105.3161,9.5066],[105.3157,9.5077],[105.3157,9.5095],[105.3161,9.5106],[105.3167,9.511],[105.3177,9.5112],[105.3193,9.5121],[105.3206,9.513],[105.3229,9.5159],[105.3235,9.5171],[105.3232,9.5175],[105.3218,9.5186],[105.3212,9.5194],[105.3204,9.5211],[105.3199,9.5229],[105.3198,9.5243],[105.32,9.525],[105.3206,9.5258],[105.3216,9.526],[105.3236,9.525],[105.3248,9.5246],[105.3263,9.5247],[105.3273,9.525],[105.3287,9.5259],[105.33,9.5275],[105.3296,9.5282],[105.3274,9.5299],[105.3264,9.5316],[105.3259,9.5341],[105.3266,9.5385],[105.3265,9.5394],[105.3279,9.5401],[105.3289,9.5404],[105.3313,9.5403],[105.3329,9.5409],[105.3346,9.5412],[105.3359,9.5419],[105.3366,9.5425],[105.3375,9.5436],[105.3379,9.5438],[105.3388,9.5436],[105.3408,9.5421],[105.3412,9.5405],[105.3416,9.5398],[105.3432,9.5383],[105.3438,9.5379],[105.345,9.5378],[105.3468,9.5371],[105.3478,9.5362],[105.3494,9.5356],[105.35,9.5352],[105.3504,9.5337],[105.3502,9.5283],[105.3508,9.5275],[105.3516,9.5277],[105.3545,9.5292],[105.3557,9.5301],[105.3569,9.53],[105.358,9.5294],[105.3583,9.5285],[105.3585,9.5267],[105.3588,9.5235],[105.3582,9.5221],[105.3585,9.521],[105.3592,9.5206],[105.3609,9.5202],[105.3636,9.52],[105.3652,9.5194],[105.3654,9.5188],[105.3658,9.5168],[105.3666,9.5164],[105.3674,9.5168],[105.3683,9.5176],[105.3693,9.5181],[105.3709,9.5184],[105.3726,9.5185],[105.3736,9.5183],[105.3749,9.5175],[105.3758,9.5168]]]},"properties":{"name":"Ninh Thạnh Lợi","level":"ward"}},{"type":"Feature","geometry":{"type":"Polygon","coordinates":[[[105.4207,9.4749],[105.4229,9.482],[105.4235,9.4837],[105.4252,9.4894],[105.4297,9.4885],[105.4384,9.4867],[105.4402,9.4927],[105.4478,9.4905],[105.4517,9.4892],[105.4581,9.4873],[105.4587,9.4876],[105.4609,9.4852],[105.4613,9.4864],[105.4649,9.4853],[105.4649,9.485],[105.4699,9.4869],[105.4745,9.4888],[105.475,9.4884],[105.4756,9.4874],[105.4762,9.4869],[105.4777,9.4863],[105.4783,9.4857],[105.4799,9.4848],[105.4805,9.4841],[105.4823,9.483],[105.4826,9.4808],[105.4837,9.4806],[105.483,9.4799],[105.4853,9.4796],[105.4845,9.4785],[105.484,9.4773],[105.4835,9.4768],[105.4838,9.4757],[105.4825,9.475],[105.4831,9.4736],[105.4825,9.4732],[105.4838,9.4714],[105.487,9.4682],[105.4903,9.4648],[105.4976,9.4717],[105.5043,9.4779],[105.5057,9.4793],[105.5101,9.4834],[105.5113,9.4822],[105.5121,9.481],[105.5126,9.4805],[105.5139,9.4809],[105.5154,9.4806],[105.5189,9.479],[105.5197,9.479],[105.526,9.4721],[105.5353,9.4617],[105.5409,9.4555],[105.5429,9.4534],[105.5437,9.4523],[105.541,9.4499],[105.5368,9.4463],[105.5285,9.4392],[105.5281,9.437],[105.5275,9.4346],[105.5272,9.4324],[105.5269,9.4317],[105.5261,9.4304],[105.5271,9.4298],[105.5286,9.4303],[105.5296,9.431],[105.5321,9.4313],[105.5341,9.4307],[105.5346,9.4304],[105.5371,9.428],[105.5401,9.4264],[105.5411,9.4258],[105.5406,9.4245],[105.5408,9.4227],[105.5391,9.4221],[105.5392,9.4211],[105.5388,9.4205],[105.5384,9.4185],[105.5389,9.4183],[105.5387,9.4156],[105.5377,9.407],[105.5374,9.4032],[105.5365,9.3947],[105.5286,9.3932],[105.5279,9.3931],[105.5267,9.3933],[105.5207,9.3947],[105.5169,9.3955],[105.5089,9.3971],[105.5074,9.385],[105.507,9.3825],[105.5066,9.382],[105.504,9.3799],[105.501,9.3837],[105.4955,9.3907],[105.4921,9.395],[105.4865,9.4021],[105.4807,9.4095],[105.477,9.4035],[105.4765,9.4045],[105.4761,9.4043],[105.4751,9.4046],[105.4728,9.4062],[105.4723,9.4068],[105.4685,9.4032],[105.4677,9.4035],[105.4663,9.4052],[105.4627,9.4085],[105.4627,9.4087],[105.46,9.4112],[105.4586,9.4121],[105.4579,9.4124],[105.4578,9.413],[105.4561,9.4135],[105.4561,9.4145],[105.4554,9.4147],[105.4551,9.4152],[105.4538,9.4154],[105.4535,9.4161],[105.4518,9.4169],[105.446,9.423],[105.4531,9.4297],[105.4522,9.4306],[105.4495,9.4336],[105.4466,9.4367],[105.4447,9.4349],[105.4418,9.436],[105.4362,9.4379],[105.4364,9.4391],[105.4357,9.4397],[105.4352,9.4393],[105.4309,9.4408],[105.4311,9.4412],[105.4263,9.4429],[105.4274,9.4484],[105.428,9.4515],[105.428,9.4525],[105.4277,9.4583],[105.4328,9.463],[105.433,9.4633],[105.4298,9.4664],[105.4222,9.4734],[105.4207,9.4749]]]},"properties":{"name":"Phước Long","level":"ward"}},{"type":"Feature","geometry":{"type":"Polygon","coordinates":[[[105.4197,9.4759],[105.4207,9.4749],[105.4222,9.4734],[105.4298,9.4664],[105.433,9.4633],[105.4328,9.463],[105.4277,9.4583],[105.428,9.4525],[105.428,9.4515],[105.4274,9.4484],[105.4263,9.4429],[105.4311,9.4412],[105.4309,9.4408],[105.4352,9.4393],[105.4357,9.4397],[105.4364,9.4391],[105.4362,9.4379],[105.4418,9.436],[105.4447,9.4349],[105.4466,9.4367],[105.4495,9.4336],[105.4522,9.4306],[105.4531,9.4297],[105.446,9.423],[105.4518,9.4169],[105.4535,9.4161],[105.4538,9.4154],[105.4551,9.4152],[105.4554,9.4147],[105.4561,9.4145],[105.4561,9.4135],[105.4578,9.413],[105.4579,9.4124],[105.4586,9.4121],[105.46,9.4112],[105.4627,9.4087],[105.4627,9.4085],[105.4663,9.4052],[105.4677,9.4035],[105.4685,9.4032],[105.4723,9.4068],[105.4728,9.4062],[105.4751,9.4046],[105.4761,9.4043],[105.4765,9.4045],[105.477,9.4035],[105.4761,9.4022],[105.4754,9.4006],[105.4742,9.3967],[105.4736,9.3944],[105.4731,9.3927],[105.4719,9.3885],[105.4715,9.3868],[105.4708,9.3844],[105.47,9.3812],[105.4687,9.3767],[105.4662,9.3671],[105.4654,9.3641],[105.4653,9.3634],[105.4651,9.3581],[105.4639,9.3566],[105.4619,9.3559],[105.4612,9.3561],[105.4602,9.3511],[105.4604,9.3487],[105.4603,9.3473],[105.4631,9.3425],[105.4614,9.3422],[105.4564,9.342],[105.4545,9.3418],[105.4534,9.3418],[105.4514,9.3424],[105.45,9.3431],[105.4482,9.3443],[105.4461,9.3454],[105.4421,9.3469],[105.4412,9.3474],[105.4394,9.3474],[105.4368,9.3472],[105.4357,9.3472],[105.4322,9.3469],[105.4303,9.3469],[105.4225,9.3464],[105.4209,9.3465],[105.4114,9.3497],[105.408,9.3509],[105.4024,9.3527],[105.4019,9.3526],[105.4013,9.353],[105.3897,9.3569],[105.3801,9.3602],[105.3797,9.3604],[105.3811,9.3617],[105.3792,9.3646],[105.3791,9.3654],[105.3764,9.3682],[105.369,9.371],[105.364,9.3728],[105.3608,9.374],[105.3546,9.3741],[105.3527,9.3747],[105.3472,9.3768],[105.3472,9.3783],[105.3471,9.3787],[105.343,9.3799],[105.3416,9.3809],[105.3395,9.3815],[105.3388,9.3814],[105.3382,9.3819],[105.3367,9.3822],[105.3349,9.3829],[105.3341,9.3836],[105.3263,9.3765],[105.3254,9.3769],[105.3262,9.379],[105.3243,9.3793],[105.3232,9.3793],[105.3232,9.379],[105.321,9.3793],[105.3207,9.3796],[105.3178,9.3807],[105.3195,9.3822],[105.3268,9.3891],[105.3335,9.3954],[105.3436,9.4048],[105.3479,9.4087],[105.3529,9.4134],[105.353,9.4135],[105.3563,9.41],[105.3652,9.4195],[105.3627,9.4228],[105.3647,9.4247],[105.3787,9.4378],[105.387,9.4456],[105.3898,9.4481],[105.4036,9.461],[105.4075,9.4645],[105.4195,9.4756],[105.4197,9.4759]]]},"properties":{"name":"Vĩnh Phước","level":"ward"}},{"type":"Feature","geometry":{"type":"Polygon","coordinates":[[[105.5437,9.4523],[105.5453,9.4506],[105.5474,9.4482],[105.5487,9.4468],[105.5506,9.4446],[105.5521,9.4431],[105.5585,9.4359],[105.5619,9.4321],[105.5677,9.4256],[105.573,9.4198],[105.5787,9.4134],[105.5779,9.4128],[105.5719,9.4074],[105.5656,9.4017],[105.5604,9.3971],[105.5525,9.39],[105.5525,9.389],[105.5506,9.3832],[105.5498,9.3803],[105.5494,9.3799],[105.5487,9.3769],[105.5474,9.3731],[105.5456,9.3675],[105.5451,9.366],[105.5449,9.3645],[105.5442,9.3614],[105.5432,9.3566],[105.543,9.3561],[105.5424,9.3528],[105.5418,9.3525],[105.5412,9.3527],[105.5401,9.3525],[105.5391,9.3518],[105.5381,9.3517],[105.5371,9.3519],[105.5337,9.3518],[105.5326,9.3515],[105.5321,9.3512],[105.5318,9.3494],[105.5314,9.3452],[105.5305,9.3447],[105.5299,9.345],[105.5307,9.3424],[105.5299,9.3404],[105.5247,9.3422],[105.5259,9.3252],[105.5135,9.3248],[105.509,9.3263],[105.5091,9.3268],[105.5083,9.3271],[105.5087,9.3301],[105.5034,9.3319],[105.5018,9.3324],[105.494,9.3351],[105.4911,9.3359],[105.4908,9.3361],[105.4807,9.3395],[105.477,9.3408],[105.4747,9.3415],[105.472,9.3425],[105.4705,9.3424],[105.4685,9.3426],[105.4672,9.3425],[105.4658,9.3427],[105.4631,9.3425],[105.4603,9.3473],[105.4604,9.3487],[105.4602,9.3511],[105.4612,9.3561],[105.4619,9.3559],[105.4639,9.3566],[105.4651,9.3581],[105.4653,9.3634],[105.4654,9.3641],[105.4662,9.3671],[105.4687,9.3767],[105.47,9.3812],[105.4708,9.3844],[105.4715,9.3868],[105.4719,9.3885],[105.4731,9.3927],[105.4736,9.3944],[105.4742,9.3967],[105.4754,9.4006],[105.4761,9.4022],[105.477,9.4035],[105.4807,9.4095],[105.4865,9.4021],[105.4921,9.395],[105.4955,9.3907],[105.501,9.3837],[105.504,9.3799],[105.5066,9.382],[105.507,9.3825],[105.5074,9.385],[105.5089,9.3971],[105.5169,9.3955],[105.5207,9.3947],[105.5267,9.3933],[105.5279,9.3931],[105.5286,9.3932],[105.5365,9.3947],[105.5374,9.4032],[105.5377,9.407],[105.5387,9.4156],[105.5389,9.4183],[105.5384,9.4185],[105.5388,9.4205],[105.5392,9.4211],[105.5391,9.4221],[105.5408,9.4227],[105.5406,9.4245],[105.5411,9.4258],[105.5401,9.4264],[105.5371,9.428],[105.5346,9.4304],[105.5341,9.4307],[105.5321,9.4313],[105.5296,9.431],[105.5286,9.4303],[105.5271,9.4298],[105.5261,9.4304],[105.5269,9.4317],[105.5272,9.4324],[105.5275,9.4346],[105.5281,9.437],[105.5285,9.4392],[105.5368,9.4463],[105.541,9.4499],[105.5437,9.4523]]]},"properties":{"name":"Vĩnh Thanh","level":"ward"}},{"type":"Feature","geometry":{"type":"Polygon","coordinates":[[[105.3191,9.3832],[105.3195,9.3822],[105.3178,9.3807],[105.3207,9.3796],[105.321,9.3793],[105.3232,9.379],[105.3232,9.3793],[105.3243,9.3793],[105.3262,9.379],[105.3254,9.3769],[105.3263,9.3765],[105.3341,9.3836],[105.3349,9.3829],[105.3367,9.3822],[105.3382,9.3819],[105.3388,9.3814],[105.3395,9.3815],[105.3416,9.3809],[105.343,9.3799],[105.3471,9.3787],[105.3472,9.3783],[105.3472,9.3768],[105.3527,9.3747],[105.3546,9.3741],[105.3608,9.374],[105.364,9.3728],[105.369,9.371],[105.3764,9.3682],[105.3791,9.3654],[105.3792,9.3646],[105.3811,9.3617],[105.3797,9.3604],[105.3801,9.3602],[105.3897,9.3569],[105.3852,9.3527],[105.3854,9.3523],[105.3867,9.3516],[105.3872,9.3503],[105.3882,9.3487],[105.3885,9.345],[105.3883,9.3447],[105.3861,9.3425],[105.3865,9.3421],[105.3826,9.3383],[105.3831,9.3379],[105.3826,9.3369],[105.3825,9.3345],[105.3841,9.3337],[105.3831,9.3321],[105.3845,9.3305],[105.3828,9.3289],[105.3768,9.3229],[105.3687,9.315],[105.3623,9.3088],[105.3559,9.3025],[105.3541,9.3005],[105.3533,9.3003],[105.3518,9.2992],[105.3515,9.2981],[105.3501,9.297],[105.3489,9.2966],[105.3482,9.2956],[105.3461,9.2949],[105.3456,9.2944],[105.3445,9.2939],[105.343,9.2937],[105.3425,9.293],[105.3423,9.2917],[105.3415,9.29],[105.3391,9.2874],[105.3371,9.2891],[105.3353,9.2904],[105.3313,9.2936],[105.3296,9.2948],[105.3238,9.2993],[105.319,9.3032],[105.3164,9.3007],[105.3119,9.2965],[105.3051,9.29],[105.301,9.2863],[105.2941,9.2796],[105.2894,9.2849],[105.2855,9.2891],[105.2796,9.2956],[105.2762,9.2989],[105.2715,9.3022],[105.2686,9.3041],[105.2679,9.3043],[105.2663,9.3052],[105.2665,9.3056],[105.2635,9.3081],[105.2635,9.3082],[105.2593,9.3129],[105.2585,9.314],[105.2572,9.3153],[105.2564,9.3165],[105.256,9.3174],[105.2552,9.3173],[105.2552,9.3166],[105.2543,9.3168],[105.2542,9.3195],[105.2538,9.3195],[105.2538,9.3211],[105.2531,9.3213],[105.253,9.323],[105.2523,9.323],[105.2512,9.3238],[105.2508,9.3246],[105.2514,9.3255],[105.2508,9.3261],[105.2495,9.328],[105.2487,9.3289],[105.2488,9.3329],[105.2487,9.3338],[105.2481,9.3349],[105.2492,9.3361],[105.2509,9.3389],[105.2513,9.3403],[105.2523,9.3413],[105.2535,9.3433],[105.2542,9.3428],[105.2551,9.3438],[105.2739,9.3632],[105.2844,9.374],[105.2852,9.3748],[105.2968,9.3868],[105.2948,9.3881],[105.2952,9.3887],[105.2968,9.3912],[105.2975,9.3907],[105.2978,9.391],[105.2991,9.3911],[105.3,9.3909],[105.3002,9.3914],[105.3013,9.3913],[105.301,9.3904],[105.3045,9.3895],[105.3052,9.3889],[105.3058,9.3896],[105.3067,9.3888],[105.307,9.3882],[105.3066,9.3878],[105.3072,9.3872],[105.3101,9.3862],[105.3099,9.3855],[105.3122,9.3849],[105.3123,9.384],[105.314,9.3838],[105.3151,9.3839],[105.315,9.3832],[105.3191,9.3832]]]},"properties":{"name":"Phong Hiệp","level":"ward"}},{"type":"Feature","geometry":{"type":"Polygon","coordinates":[[[105.7082,9.3145],[105.7054,9.3139],[105.7047,9.3136],[105.7038,9.3136],[105.7032,9.3133],[105.7022,9.3122],[105.7011,9.3122],[105.6997,9.312],[105.6994,9.3115],[105.6982,9.311],[105.6969,9.3108],[105.6952,9.31],[105.6939,9.31],[105.6922,9.3093],[105.6914,9.3094],[105.6905,9.3082],[105.6894,9.3078],[105.6887,9.3071],[105.6871,9.3068],[105.6863,9.3068],[105.6854,9.3066],[105.684,9.3066],[105.683,9.3062],[105.6827,9.3065],[105.6813,9.3049],[105.6823,9.3023],[105.6798,9.3016],[105.6793,9.3011],[105.6807,9.2997],[105.6831,9.2968],[105.684,9.2951],[105.684,9.2941],[105.6843,9.2933],[105.6841,9.2916],[105.6846,9.291],[105.685,9.2899],[105.6857,9.2892],[105.6865,9.2889],[105.6866,9.2884],[105.6863,9.2876],[105.687,9.2869],[105.687,9.2861],[105.6879,9.2855],[105.688,9.285],[105.6878,9.2835],[105.6886,9.2823],[105.6887,9.2812],[105.6891,9.2805],[105.6892,9.2795],[105.6898,9.2791],[105.6897,9.2789],[105.6875,9.2783],[105.6807,9.2759],[105.6736,9.2734],[105.6743,9.2714],[105.6753,9.2678],[105.671,9.2664],[105.6701,9.2651],[105.6698,9.2637],[105.6682,9.2641],[105.6671,9.2641],[105.6655,9.2632],[105.6644,9.2632],[105.6642,9.2624],[105.6623,9.2615],[105.6593,9.2603],[105.659,9.2604],[105.6584,9.262],[105.6584,9.2628],[105.6578,9.2639],[105.6569,9.2648],[105.6565,9.2671],[105.6371,9.2604],[105.6365,9.2601],[105.64,9.2527],[105.6419,9.249],[105.644,9.2444],[105.6446,9.2436],[105.6427,9.241],[105.6392,9.2363],[105.6382,9.2346],[105.6377,9.2335],[105.6371,9.2331],[105.6318,9.2311],[105.6309,9.2307],[105.6296,9.2302],[105.6291,9.2291],[105.624,9.2268],[105.6232,9.2264],[105.6227,9.2199],[105.6224,9.2191],[105.6144,9.2162],[105.6106,9.2147],[105.609,9.2142],[105.6086,9.2148],[105.6051,9.2132],[105.6051,9.2124],[105.6013,9.2118],[105.5974,9.2107],[105.5867,9.208],[105.5815,9.2067],[105.5804,9.2061],[105.5773,9.2051],[105.5771,9.2053],[105.5755,9.205],[105.5732,9.2044],[105.5732,9.2035],[105.5735,9.2024],[105.5733,9.2021],[105.5712,9.2015],[105.5712,9.2012],[105.564,9.1997],[105.5611,9.2099],[105.5606,9.2119],[105.5582,9.2201],[105.5565,9.2262],[105.5561,9.2275],[105.5548,9.2322],[105.5542,9.2341],[105.5541,9.2349],[105.5529,9.2388],[105.5506,9.2472],[105.55,9.249],[105.5487,9.2539],[105.5475,9.258],[105.5473,9.2591],[105.5486,9.2595],[105.5544,9.2611],[105.5581,9.262],[105.5649,9.2638],[105.567,9.2643],[105.571,9.2654],[105.5769,9.2668],[105.578,9.2671],[105.5829,9.2683],[105.5861,9.2692],[105.5884,9.2696],[105.5927,9.2708],[105.6021,9.2733],[105.6098,9.2752],[105.6123,9.2758],[105.6118,9.2766],[105.61,9.2765],[105.608,9.2769],[105.6065,9.2782],[105.6056,9.2799],[105.6054,9.2822],[105.6057,9.2839],[105.6067,9.2858],[105.6061,9.2873],[105.6067,9.2886],[105.6067,9.2898],[105.6061,9.2913],[105.605,9.2917],[105.6061,9.2927],[105.6071,9.2934],[105.6083,9.2938],[105.6101,9.2942],[105.6091,9.2963],[105.6089,9.2971],[105.6091,9.2986],[105.6099,9.2997],[105.61,9.3],[105.611,9.3002],[105.6116,9.3008],[105.6129,9.2991],[105.6181,9.3033],[105.6248,9.3086],[105.6368,9.3176],[105.6535,9.33],[105.6527,9.3309],[105.6537,9.3311],[105.654,9.3319],[105.6549,9.3329],[105.6553,9.3337],[105.6564,9.3345],[105.6578,9.3345],[105.6585,9.3352],[105.6593,9.3355],[105.6605,9.3354],[105.6614,9.3358],[105.6623,9.3359],[105.6637,9.3364],[105.6648,9.3371],[105.6663,9.3368],[105.668,9.3369],[105.6685,9.3366],[105.6694,9.3354],[105.67,9.3351],[105.6717,9.3351],[105.6723,9.3353],[105.6747,9.3353],[105.6761,9.3351],[105.6764,9.3348],[105.6764,9.3332],[105.6766,9.3329],[105.6791,9.3328],[105.6797,9.3338],[105.6802,9.3341],[105.6817,9.3337],[105.6826,9.3328],[105.683,9.333],[105.6831,9.3342],[105.6835,9.334],[105.6841,9.3329],[105.6846,9.3327],[105.6865,9.3338],[105.6879,9.3349],[105.6891,9.3339],[105.6909,9.3342],[105.6914,9.3351],[105.6931,9.3367],[105.6939,9.3382],[105.6931,9.3401],[105.6933,9.3407],[105.6951,9.3417],[105.6971,9.3407],[105.6977,9.3408],[105.6987,9.3417],[105.6992,9.3416],[105.6993,9.3408],[105.699,9.3398],[105.6991,9.3391],[105.7006,9.3381],[105.7016,9.3367],[105.7021,9.3353],[105.7018,9.3339],[105.7032,9.3334],[105.7037,9.3327],[105.7035,9.3325],[105.7031,9.3309],[105.7034,9.3304],[105.7032,9.329],[105.7031,9.3255],[105.7032,9.3247],[105.704,9.3242],[105.7048,9.3234],[105.7054,9.3231],[105.7082,9.3145]]]},"properties":{"name":"Hoà Bình","level":"ward"}},{"type":"Feature","geometry":{"type":"Polygon","coordinates":[[[105.5498,9.3803],[105.5506,9.3832],[105.5525,9.389],[105.5525,9.39],[105.5604,9.3971],[105.5656,9.4017],[105.5719,9.4074],[105.5779,9.4128],[105.5787,9.4134],[105.5805,9.4114],[105.5811,9.4119],[105.5842,9.4175],[105.5876,9.4236],[105.5901,9.4222],[105.5928,9.4207],[105.5956,9.4194],[105.5969,9.4204],[105.5991,9.4241],[105.5997,9.4243],[105.6004,9.4236],[105.6029,9.4212],[105.602,9.4187],[105.6017,9.4175],[105.6022,9.4169],[105.604,9.4159],[105.6066,9.4135],[105.6081,9.4127],[105.6109,9.4122],[105.6119,9.4123],[105.6137,9.4074],[105.6149,9.4078],[105.6154,9.4066],[105.6165,9.4071],[105.6172,9.4079],[105.6167,9.4094],[105.6168,9.4102],[105.6196,9.4151],[105.6217,9.4143],[105.6227,9.4153],[105.6234,9.4178],[105.6241,9.418],[105.6259,9.4181],[105.6279,9.4187],[105.6288,9.4187],[105.6306,9.4173],[105.6308,9.4156],[105.6323,9.4154],[105.6314,9.4113],[105.6363,9.4099],[105.6387,9.409],[105.6383,9.4075],[105.6407,9.4067],[105.6403,9.4051],[105.641,9.4035],[105.6406,9.4019],[105.64,9.4013],[105.6367,9.3962],[105.6383,9.3962],[105.6389,9.3948],[105.6397,9.3945],[105.6408,9.3944],[105.642,9.3938],[105.6434,9.3936],[105.6453,9.3949],[105.6465,9.3952],[105.6478,9.3948],[105.6492,9.3926],[105.6499,9.3924],[105.65,9.3916],[105.6499,9.3873],[105.6526,9.388],[105.6539,9.3859],[105.6549,9.3864],[105.6557,9.386],[105.6576,9.3863],[105.6582,9.387],[105.6608,9.3874],[105.661,9.3876],[105.6631,9.3886],[105.6649,9.3889],[105.6669,9.389],[105.6677,9.3877],[105.6687,9.3884],[105.6684,9.3889],[105.6702,9.3896],[105.6704,9.3893],[105.6731,9.3908],[105.6763,9.3859],[105.6773,9.3847],[105.6774,9.3842],[105.6794,9.3834],[105.68,9.3834],[105.6814,9.3841],[105.6825,9.3845],[105.6827,9.3837],[105.6852,9.3784],[105.6861,9.3786],[105.687,9.3791],[105.6879,9.379],[105.6917,9.374],[105.6924,9.3731],[105.6968,9.3673],[105.6964,9.3672],[105.6972,9.3622],[105.6984,9.3561],[105.6987,9.353],[105.6985,9.3524],[105.7,9.3505],[105.7001,9.3493],[105.7006,9.349],[105.7014,9.3491],[105.7023,9.3486],[105.7028,9.3486],[105.7036,9.3495],[105.7043,9.349],[105.7046,9.3484],[105.7053,9.3485],[105.7053,9.3492],[105.7048,9.3502],[105.7049,9.3506],[105.7059,9.3508],[105.7063,9.3522],[105.7067,9.3523],[105.7073,9.3505],[105.7083,9.3488],[105.7091,9.3482],[105.7096,9.3482],[105.711,9.3488],[105.7113,9.3481],[105.7112,9.3471],[105.712,9.3469],[105.7125,9.3465],[105.7129,9.3454],[105.7142,9.3448],[105.7128,9.343],[105.712,9.3414],[105.7104,9.3415],[105.7097,9.3403],[105.7087,9.34],[105.7086,9.3387],[105.7079,9.3374],[105.7078,9.3361],[105.7074,9.3351],[105.7064,9.3337],[105.7053,9.334],[105.705,9.3338],[105.7049,9.3325],[105.7042,9.3321],[105.7037,9.3327],[105.7032,9.3334],[105.7018,9.3339],[105.7021,9.3353],[105.7016,9.3367],[105.7006,9.3381],[105.6991,9.3391],[105.699,9.3398],[105.6993,9.3408],[105.6992,9.3416],[105.6987,9.3417],[105.6977,9.3408],[105.6971,9.3407],[105.6951,9.3417],[105.6933,9.3407],[105.6931,9.3401],[105.6939,9.3382],[105.6931,9.3367],[105.6914,9.3351],[105.6909,9.3342],[105.6891,9.3339],[105.6879,9.3349],[105.6865,9.3338],[105.6846,9.3327],[105.6841,9.3329],[105.6835,9.334],[105.6831,9.3342],[105.683,9.333],[105.6826,9.3328],[105.6817,9.3337],[105.6802,9.3341],[105.6797,9.3338],[105.6791,9.3328],[105.6766,9.3329],[105.6764,9.3332],[105.6764,9.3348],[105.6761,9.3351],[105.6747,9.3353],[105.6723,9.3353],[105.6717,9.3351],[105.67,9.3351],[105.6694,9.3354],[105.6685,9.3366],[105.668,9.3369],[105.6663,9.3368],[105.6648,9.3371],[105.6637,9.3364],[105.6623,9.3359],[105.6614,9.3358],[105.6605,9.3354],[105.6593,9.3355],[105.6585,9.3352],[105.6578,9.3345],[105.6564,9.3345],[105.6553,9.3337],[105.6549,9.3329],[105.654,9.3319],[105.6537,9.3311],[105.6527,9.3309],[105.6422,9.3427],[105.6379,9.3475],[105.6299,9.3565],[105.6268,9.3599],[105.6242,9.3628],[105.6233,9.362],[105.622,9.3617],[105.6194,9.3617],[105.6181,9.3626],[105.6144,9.3614],[105.6138,9.3611],[105.6113,9.3603],[105.6097,9.3611],[105.6087,9.3614],[105.6076,9.3614],[105.6068,9.3633],[105.6066,9.3642],[105.6044,9.3623],[105.6034,9.3624],[105.6024,9.3629],[105.6021,9.361],[105.5956,9.3605],[105.5943,9.3605],[105.5879,9.36],[105.5817,9.3598],[105.579,9.3596],[105.5782,9.3595],[105.5782,9.3585],[105.5769,9.3581],[105.5762,9.3577],[105.5762,9.3559],[105.5755,9.3529],[105.5751,9.3516],[105.5748,9.3495],[105.5664,9.3599],[105.564,9.363],[105.5617,9.3658],[105.5607,9.3672],[105.5548,9.3743],[105.5498,9.3803]]]},"properties":{"name":"Châu Thới","level":"ward"}},{"type":"Feature","geometry":{"type":"Polygon","coordinates":[[[105.734,9.3187],[105.7335,9.3199],[105.7318,9.3208],[105.7308,9.3215],[105.7293,9.3213],[105.7293,9.3204],[105.729,9.3199],[105.7273,9.3185],[105.7262,9.3184],[105.7254,9.3169],[105.7245,9.316],[105.7237,9.3141],[105.7222,9.314],[105.7197,9.3133],[105.7193,9.3159],[105.7159,9.3141],[105.7144,9.3133],[105.7146,9.3128],[105.7136,9.3124],[105.7095,9.3112],[105.7082,9.3145],[105.7054,9.3231],[105.7048,9.3234],[105.704,9.3242],[105.7032,9.3247],[105.7031,9.3255],[105.7032,9.329],[105.7034,9.3304],[105.7031,9.3309],[105.7035,9.3325],[105.7037,9.3327],[105.7042,9.3321],[105.7049,9.3325],[105.705,9.3338],[105.7053,9.334],[105.7064,9.3337],[105.7074,9.3351],[105.7078,9.3361],[105.7079,9.3374],[105.7086,9.3387],[105.7087,9.34],[105.7097,9.3403],[105.7104,9.3415],[105.712,9.3414],[105.7128,9.343],[105.7142,9.3448],[105.7129,9.3454],[105.7125,9.3465],[105.712,9.3469],[105.7112,9.3471],[105.7113,9.3481],[105.711,9.3488],[105.7096,9.3482],[105.7091,9.3482],[105.7083,9.3488],[105.7073,9.3505],[105.7067,9.3523],[105.7063,9.3522],[105.7059,9.3508],[105.7049,9.3506],[105.7048,9.3502],[105.7053,9.3492],[105.7053,9.3485],[105.7046,9.3484],[105.7043,9.349],[105.7036,9.3495],[105.7028,9.3486],[105.7023,9.3486],[105.7014,9.3491],[105.7006,9.349],[105.7001,9.3493],[105.7,9.3505],[105.6985,9.3524],[105.6987,9.353],[105.6984,9.3561],[105.6972,9.3622],[105.6964,9.3672],[105.6968,9.3673],[105.6924,9.3731],[105.6917,9.374],[105.6879,9.379],[105.6914,9.3797],[105.6938,9.3798],[105.6951,9.3792],[105.6966,9.3792],[105.6986,9.3784],[105.6996,9.3778],[105.7015,9.3774],[105.7036,9.3775],[105.7054,9.3779],[105.7061,9.3809],[105.7066,9.3836],[105.7072,9.3836],[105.707,9.385],[105.7071,9.3909],[105.7079,9.3946],[105.7051,9.3965],[105.7097,9.3974],[105.7097,9.3968],[105.7106,9.3951],[105.7117,9.3939],[105.712,9.3938],[105.7131,9.3944],[105.7145,9.3937],[105.715,9.3924],[105.7156,9.3914],[105.7162,9.3909],[105.7171,9.3911],[105.7203,9.3911],[105.7205,9.3922],[105.7236,9.3903],[105.7244,9.3931],[105.7269,9.3927],[105.7268,9.394],[105.7282,9.3957],[105.7295,9.3951],[105.731,9.3942],[105.732,9.3939],[105.7328,9.3945],[105.7334,9.3952],[105.7349,9.3955],[105.7359,9.395],[105.7373,9.3952],[105.7375,9.3954],[105.7372,9.3964],[105.7377,9.3982],[105.7376,9.4],[105.737,9.4009],[105.7369,9.4016],[105.7397,9.4018],[105.74,9.4004],[105.7403,9.4001],[105.7415,9.4001],[105.7422,9.4008],[105.7426,9.4022],[105.743,9.4027],[105.7441,9.4034],[105.7452,9.4032],[105.7465,9.4036],[105.7463,9.4043],[105.7455,9.4046],[105.7454,9.4056],[105.7457,9.4061],[105.7465,9.4061],[105.7478,9.4071],[105.7491,9.4067],[105.7509,9.4064],[105.7516,9.4066],[105.752,9.4083],[105.7513,9.4093],[105.7506,9.4099],[105.7507,9.4106],[105.7519,9.4112],[105.7519,9.41],[105.7533,9.4086],[105.7545,9.4081],[105.755,9.4076],[105.7555,9.4077],[105.7557,9.4083],[105.7551,9.4096],[105.7552,9.4104],[105.7563,9.4108],[105.757,9.4096],[105.7576,9.4096],[105.7585,9.4104],[105.7611,9.4116],[105.7612,9.412],[105.7607,9.413],[105.7612,9.4138],[105.7621,9.4135],[105.7622,9.4124],[105.7626,9.4116],[105.7633,9.411],[105.7654,9.4098],[105.766,9.41],[105.7668,9.411],[105.7676,9.41],[105.769,9.4091],[105.7715,9.4112],[105.7719,9.4114],[105.7735,9.4087],[105.774,9.4084],[105.7747,9.4073],[105.7763,9.4049],[105.779,9.4062],[105.7816,9.4075],[105.7823,9.4064],[105.784,9.4042],[105.7859,9.4029],[105.7864,9.4006],[105.7853,9.4006],[105.785,9.4003],[105.7838,9.4],[105.7802,9.3965],[105.7773,9.3936],[105.7772,9.393],[105.7785,9.3931],[105.7787,9.3924],[105.778,9.3905],[105.7796,9.3903],[105.7799,9.3892],[105.7811,9.3885],[105.7832,9.3861],[105.7842,9.3859],[105.7846,9.3856],[105.7845,9.3846],[105.7855,9.3827],[105.7832,9.3807],[105.7822,9.381],[105.7809,9.3819],[105.7802,9.3819],[105.7792,9.3817],[105.7768,9.3801],[105.7765,9.3791],[105.7775,9.3764],[105.7779,9.3749],[105.7776,9.3744],[105.7761,9.3739],[105.7758,9.3734],[105.7764,9.3727],[105.7778,9.3721],[105.7783,9.3715],[105.7778,9.3698],[105.7772,9.3686],[105.7771,9.3672],[105.7784,9.3663],[105.7788,9.3657],[105.7778,9.3647],[105.7776,9.3639],[105.7782,9.3634],[105.7796,9.3632],[105.7802,9.3629],[105.7808,9.3619],[105.7807,9.3609],[105.7802,9.3602],[105.7795,9.3599],[105.7787,9.3601],[105.7781,9.3615],[105.7775,9.3624],[105.7766,9.3624],[105.7761,9.3604],[105.7756,9.36],[105.7744,9.3599],[105.773,9.3594],[105.7708,9.3601],[105.7702,9.3598],[105.7697,9.3585],[105.7692,9.3577],[105.7687,9.3574],[105.7674,9.3571],[105.7668,9.3574],[105.7667,9.3581],[105.7672,9.3594],[105.7672,9.3604],[105.7664,9.3606],[105.7649,9.3601],[105.7636,9.36],[105.7622,9.3602],[105.7615,9.3594],[105.7627,9.3587],[105.7636,9.358],[105.7637,9.3574],[105.7635,9.3567],[105.7628,9.3563],[105.7608,9.3557],[105.7589,9.3557],[105.7583,9.3554],[105.7578,9.3538],[105.7562,9.3531],[105.756,9.3526],[105.756,9.3514],[105.7551,9.3511],[105.7545,9.3523],[105.7539,9.3528],[105.7534,9.3527],[105.7533,9.3517],[105.7539,9.3505],[105.7537,9.3494],[105.7528,9.3486],[105.7518,9.349],[105.7517,9.3496],[105.7521,9.3515],[105.7518,9.3522],[105.7511,9.3527],[105.7505,9.3526],[105.7495,9.352],[105.7481,9.3507],[105.7482,9.3501],[105.7492,9.3497],[105.7505,9.3494],[105.7505,9.3486],[105.749,9.3467],[105.7499,9.3452],[105.7503,9.3441],[105.7512,9.3435],[105.7504,9.3425],[105.7485,9.3406],[105.7481,9.3393],[105.747,9.3383],[105.7464,9.3374],[105.7461,9.3356],[105.7458,9.3344],[105.7452,9.334],[105.7434,9.3333],[105.7394,9.3323],[105.7323,9.3305],[105.7327,9.3286],[105.7336,9.3281],[105.7341,9.3272],[105.7348,9.324],[105.7345,9.3235],[105.735,9.3222],[105.7344,9.3203],[105.7349,9.3192],[105.734,9.3187]]]},"properties":{"name":"Vĩnh Lợi","level":"ward"}},{"type":"Feature","geometry":{"type":"Polygon","coordinates":[[[105.7468,9.3004],[105.7466,9.301],[105.7459,9.3015],[105.7471,9.3022],[105.7464,9.3032],[105.7453,9.3023],[105.7448,9.3025],[105.7425,9.3053],[105.7405,9.3079],[105.7367,9.3125],[105.7361,9.3125],[105.7349,9.3147],[105.734,9.3187],[105.7349,9.3192],[105.7344,9.3203],[105.735,9.3222],[105.7345,9.3235],[105.7348,9.324],[105.7341,9.3272],[105.7336,9.3281],[105.7327,9.3286],[105.7323,9.3305],[105.7394,9.3323],[105.7434,9.3333],[105.7452,9.334],[105.7458,9.3344],[105.7461,9.3356],[105.7464,9.3374],[105.747,9.3383],[105.7481,9.3393],[105.7485,9.3406],[105.7504,9.3425],[105.7512,9.3435],[105.7503,9.3441],[105.7499,9.3452],[105.749,9.3467],[105.7505,9.3486],[105.7505,9.3494],[105.7492,9.3497],[105.7482,9.3501],[105.7481,9.3507],[105.7495,9.352],[105.7505,9.3526],[105.7511,9.3527],[105.7518,9.3522],[105.7521,9.3515],[105.7517,9.3496],[105.7518,9.349],[105.7528,9.3486],[105.7537,9.3494],[105.7539,9.3505],[105.7533,9.3517],[105.7534,9.3527],[105.7539,9.3528],[105.7545,9.3523],[105.7551,9.3511],[105.756,9.3514],[105.756,9.3526],[105.7562,9.3531],[105.7578,9.3538],[105.7583,9.3554],[105.7589,9.3557],[105.7608,9.3557],[105.7628,9.3563],[105.7635,9.3567],[105.7637,9.3574],[105.7636,9.358],[105.7627,9.3587],[105.7615,9.3594],[105.7622,9.3602],[105.7636,9.36],[105.7649,9.3601],[105.7664,9.3606],[105.7672,9.3604],[105.7672,9.3594],[105.7667,9.3581],[105.7668,9.3574],[105.7674,9.3571],[105.7687,9.3574],[105.7692,9.3577],[105.7697,9.3585],[105.7702,9.3598],[105.7708,9.3601],[105.773,9.3594],[105.7744,9.3599],[105.7756,9.36],[105.7761,9.3604],[105.7766,9.3624],[105.7775,9.3624],[105.7781,9.3615],[105.7787,9.3601],[105.7795,9.3599],[105.7802,9.3602],[105.7807,9.3609],[105.7808,9.3619],[105.7802,9.3629],[105.7796,9.3632],[105.7782,9.3634],[105.7776,9.3639],[105.7778,9.3647],[105.7788,9.3657],[105.7784,9.3663],[105.7771,9.3672],[105.7772,9.3686],[105.7778,9.3698],[105.7783,9.3715],[105.7778,9.3721],[105.7764,9.3727],[105.7758,9.3734],[105.7761,9.3739],[105.7776,9.3744],[105.7779,9.3749],[105.7775,9.3764],[105.7765,9.3791],[105.7768,9.3801],[105.7792,9.3817],[105.7802,9.3819],[105.7809,9.3819],[105.7822,9.381],[105.7832,9.3807],[105.7855,9.3827],[105.787,9.3831],[105.7892,9.3841],[105.7904,9.3841],[105.7908,9.3837],[105.7908,9.383],[105.79,9.3811],[105.79,9.3804],[105.7911,9.3788],[105.7925,9.3776],[105.7933,9.3771],[105.7943,9.377],[105.7957,9.3774],[105.7964,9.3772],[105.797,9.3766],[105.7979,9.375],[105.7986,9.3745],[105.7997,9.3745],[105.8027,9.3751],[105.8051,9.376],[105.8058,9.376],[105.8062,9.3754],[105.8068,9.374],[105.8075,9.373],[105.8088,9.3716],[105.8105,9.3708],[105.8117,9.3705],[105.815,9.3702],[105.8168,9.3702],[105.8177,9.371],[105.818,9.3717],[105.818,9.3729],[105.8174,9.3736],[105.8154,9.374],[105.8146,9.3744],[105.8138,9.3752],[105.8135,9.3766],[105.8139,9.3775],[105.8146,9.3778],[105.8177,9.3783],[105.8188,9.3788],[105.8194,9.3795],[105.8196,9.3802],[105.8197,9.3816],[105.8202,9.3832],[105.821,9.3842],[105.8223,9.3856],[105.8223,9.3864],[105.821,9.3901],[105.8206,9.3923],[105.8207,9.3937],[105.8214,9.3943],[105.822,9.3941],[105.825,9.3927],[105.8265,9.3926],[105.8274,9.3919],[105.828,9.3906],[105.8291,9.3903],[105.833,9.3919],[105.834,9.393],[105.8343,9.3938],[105.8346,9.3965],[105.8353,9.3988],[105.8352,9.3994],[105.8345,9.3998],[105.8336,9.3996],[105.8325,9.399],[105.8318,9.3988],[105.8309,9.3995],[105.8309,9.4006],[105.8317,9.4014],[105.8323,9.4015],[105.8338,9.4013],[105.8365,9.4009],[105.8374,9.4011],[105.8395,9.4035],[105.8403,9.4041],[105.8418,9.4047],[105.843,9.4043],[105.8433,9.4036],[105.8431,9.4027],[105.8424,9.4012],[105.8423,9.4],[105.843,9.3993],[105.8437,9.3992],[105.8455,9.3996],[105.8466,9.3992],[105.8473,9.3981],[105.8481,9.3964],[105.8486,9.3949],[105.8485,9.3936],[105.848,9.3912],[105.8481,9.3902],[105.8489,9.3889],[105.8496,9.3883],[105.8506,9.3882],[105.8521,9.3886],[105.8528,9.3885],[105.8531,9.388],[105.8531,9.3872],[105.8523,9.3853],[105.8524,9.3847],[105.8534,9.3844],[105.8548,9.3848],[105.8557,9.3848],[105.8567,9.3842],[105.8571,9.3835],[105.857,9.3823],[105.8562,9.3818],[105.8539,9.3814],[105.8532,9.381],[105.8529,9.38],[105.8531,9.3791],[105.8541,9.3756],[105.8546,9.3749],[105.8566,9.3736],[105.8571,9.3732],[105.8573,9.372],[105.8572,9.3705],[105.8568,9.369],[105.8567,9.368],[105.8571,9.3664],[105.8577,9.3658],[105.8593,9.3654],[105.8601,9.365],[105.8605,9.3641],[105.8598,9.3622],[105.8589,9.3598],[105.858,9.3603],[105.8569,9.3606],[105.8554,9.3604],[105.8544,9.3599],[105.8538,9.3592],[105.8525,9.3575],[105.8514,9.3562],[105.8502,9.3555],[105.8487,9.3548],[105.8466,9.3541],[105.8443,9.3535],[105.8414,9.3526],[105.8395,9.3519],[105.8351,9.35],[105.8305,9.3487],[105.8279,9.3476],[105.8239,9.3457],[105.8218,9.3448],[105.8166,9.3418],[105.812,9.3393],[105.8093,9.3378],[105.8035,9.3347],[105.8019,9.3337],[105.7968,9.3309],[105.7923,9.3284],[105.7886,9.3264],[105.7849,9.3243],[105.782,9.3228],[105.7778,9.3207],[105.7764,9.3199],[105.7751,9.3188],[105.7733,9.3171],[105.7728,9.3168],[105.7713,9.3164],[105.7687,9.3163],[105.7668,9.3154],[105.7643,9.3135],[105.7616,9.3104],[105.7605,9.3097],[105.7582,9.3086],[105.7563,9.3075],[105.7553,9.307],[105.7528,9.3064],[105.7518,9.3057],[105.7509,9.3047],[105.749,9.3015],[105.7482,9.3009],[105.7468,9.3004]]]},"properties":{"name":"Hưng Hội","level":"ward"}},{"type":"Feature","geometry":{"type":"Polygon","coordinates":[[[105.5135,9.3248],[105.5259,9.3252],[105.5247,9.3422],[105.5299,9.3404],[105.5307,9.3424],[105.5299,9.345],[105.5305,9.3447],[105.5314,9.3452],[105.5318,9.3494],[105.5321,9.3512],[105.5326,9.3515],[105.5337,9.3518],[105.5371,9.3519],[105.5381,9.3517],[105.5391,9.3518],[105.5401,9.3525],[105.5412,9.3527],[105.5418,9.3525],[105.5424,9.3528],[105.543,9.3561],[105.5432,9.3566],[105.5442,9.3614],[105.5449,9.3645],[105.5451,9.366],[105.5456,9.3675],[105.5474,9.3731],[105.5487,9.3769],[105.5494,9.3799],[105.5498,9.3803],[105.5548,9.3743],[105.5607,9.3672],[105.5617,9.3658],[105.564,9.363],[105.5664,9.3599],[105.5748,9.3495],[105.5751,9.3516],[105.5755,9.3529],[105.5762,9.3559],[105.5762,9.3577],[105.5769,9.3581],[105.5782,9.3585],[105.5782,9.3595],[105.579,9.3596],[105.5817,9.3598],[105.5879,9.36],[105.5943,9.3605],[105.5956,9.3605],[105.6021,9.361],[105.6024,9.3629],[105.6034,9.3624],[105.6044,9.3623],[105.6066,9.3642],[105.6068,9.3633],[105.6076,9.3614],[105.6087,9.3614],[105.6097,9.3611],[105.6113,9.3603],[105.6138,9.3611],[105.6144,9.3614],[105.6181,9.3626],[105.6194,9.3617],[105.622,9.3617],[105.6233,9.362],[105.6242,9.3628],[105.6268,9.3599],[105.6299,9.3565],[105.6379,9.3475],[105.6422,9.3427],[105.6527,9.3309],[105.6535,9.33],[105.6368,9.3176],[105.6248,9.3086],[105.6181,9.3033],[105.6129,9.2991],[105.6116,9.3008],[105.611,9.3002],[105.61,9.3],[105.6099,9.2997],[105.6091,9.2986],[105.6089,9.2971],[105.6091,9.2963],[105.6101,9.2942],[105.6083,9.2938],[105.6071,9.2934],[105.6061,9.2927],[105.605,9.2917],[105.6061,9.2913],[105.6067,9.2898],[105.6067,9.2886],[105.6061,9.2873],[105.6067,9.2858],[105.6057,9.2839],[105.6054,9.2822],[105.6056,9.2799],[105.6065,9.2782],[105.608,9.2769],[105.61,9.2765],[105.6118,9.2766],[105.6123,9.2758],[105.6098,9.2752],[105.6021,9.2733],[105.5927,9.2708],[105.5884,9.2696],[105.5861,9.2692],[105.5829,9.2683],[105.578,9.2671],[105.5769,9.2668],[105.571,9.2654],[105.567,9.2643],[105.5649,9.2638],[105.5581,9.262],[105.5544,9.2611],[105.5486,9.2595],[105.5485,9.2611],[105.5477,9.2623],[105.5469,9.2628],[105.5453,9.2629],[105.5445,9.2632],[105.5445,9.2638],[105.5453,9.265],[105.5462,9.2673],[105.5468,9.269],[105.5459,9.2691],[105.545,9.2706],[105.544,9.2717],[105.543,9.2734],[105.5433,9.2743],[105.5447,9.2769],[105.5453,9.2782],[105.5455,9.2797],[105.5456,9.2819],[105.5453,9.2837],[105.5446,9.2835],[105.5422,9.2835],[105.5412,9.283],[105.5396,9.2821],[105.5386,9.282],[105.5358,9.2829],[105.5345,9.2836],[105.5339,9.2872],[105.5333,9.2865],[105.5326,9.2865],[105.5325,9.2883],[105.5299,9.2884],[105.5298,9.2881],[105.5272,9.2878],[105.5272,9.2898],[105.5243,9.2899],[105.5239,9.289],[105.5239,9.2876],[105.5234,9.2874],[105.5223,9.2876],[105.521,9.2873],[105.5198,9.2864],[105.519,9.2866],[105.518,9.2875],[105.5164,9.288],[105.515,9.2875],[105.5146,9.288],[105.516,9.2916],[105.5168,9.2999],[105.5175,9.3002],[105.5156,9.3102],[105.5078,9.3115],[105.5078,9.3124],[105.5073,9.3124],[105.5075,9.3245],[105.512,9.3248],[105.5135,9.3248]]]},"properties":{"name":"Vĩnh Mỹ","level":"ward"}},{"type":"Feature","geometry":{"type":"Polygon","coordinates":[[[105.6898,9.2791],[105.6906,9.2787],[105.6911,9.2779],[105.6933,9.2758],[105.694,9.2735],[105.6932,9.2735],[105.6927,9.2744],[105.692,9.2741],[105.6919,9.2731],[105.6923,9.2722],[105.692,9.2708],[105.6917,9.2704],[105.692,9.2698],[105.6919,9.2687],[105.6914,9.2682],[105.6918,9.2677],[105.692,9.2668],[105.6927,9.2663],[105.6935,9.2643],[105.6923,9.2631],[105.6925,9.262],[105.6924,9.2612],[105.6936,9.2601],[105.6939,9.259],[105.6943,9.2573],[105.6949,9.2576],[105.6977,9.2606],[105.698,9.2599],[105.699,9.2607],[105.7006,9.2613],[105.7028,9.2606],[105.7042,9.2617],[105.706,9.2635],[105.7099,9.265],[105.7107,9.2651],[105.7117,9.2616],[105.7133,9.2572],[105.7133,9.257],[105.7141,9.2535],[105.716,9.2464],[105.7121,9.2445],[105.7106,9.2439],[105.7105,9.2432],[105.7129,9.2347],[105.7133,9.2347],[105.7177,9.2363],[105.7198,9.2287],[105.7179,9.2281],[105.7164,9.2279],[105.7166,9.2264],[105.7156,9.2261],[105.7152,9.2271],[105.7146,9.2272],[105.7133,9.227],[105.7134,9.2261],[105.7125,9.2264],[105.712,9.2268],[105.7114,9.2282],[105.71,9.2276],[105.711,9.2258],[105.712,9.2237],[105.7097,9.2229],[105.7106,9.2201],[105.7152,9.2217],[105.7194,9.2233],[105.7196,9.2222],[105.7228,9.2235],[105.7238,9.2198],[105.7271,9.2067],[105.7276,9.2053],[105.7281,9.2034],[105.7281,9.203],[105.7296,9.1974],[105.7274,9.1964],[105.726,9.1968],[105.7258,9.1961],[105.7251,9.1955],[105.7241,9.1951],[105.7237,9.1957],[105.7231,9.1949],[105.7218,9.1946],[105.7202,9.1939],[105.7196,9.1941],[105.7192,9.1946],[105.7186,9.1944],[105.718,9.1934],[105.7176,9.1934],[105.7167,9.1923],[105.7161,9.192],[105.7153,9.1925],[105.715,9.1917],[105.7143,9.1915],[105.7132,9.1909],[105.7122,9.1905],[105.7112,9.1905],[105.7102,9.19],[105.7095,9.1905],[105.7093,9.1897],[105.7086,9.189],[105.7075,9.1885],[105.7059,9.189],[105.7056,9.1885],[105.7046,9.1879],[105.7042,9.1873],[105.703,9.1869],[105.7024,9.1874],[105.702,9.1865],[105.7011,9.1858],[105.7005,9.1856],[105.6995,9.1849],[105.6981,9.1851],[105.6973,9.1845],[105.6961,9.1844],[105.6954,9.1836],[105.6943,9.184],[105.6932,9.1839],[105.693,9.183],[105.6923,9.1827],[105.6921,9.1822],[105.6909,9.1814],[105.6902,9.1817],[105.6898,9.1808],[105.6887,9.1802],[105.6876,9.18],[105.6869,9.1804],[105.6864,9.1814],[105.6859,9.1797],[105.6843,9.1787],[105.6838,9.1787],[105.6832,9.178],[105.6818,9.1775],[105.6811,9.1779],[105.6803,9.1778],[105.6796,9.1797],[105.6793,9.1794],[105.6799,9.1781],[105.6801,9.1768],[105.6799,9.1762],[105.679,9.1757],[105.6777,9.1757],[105.6775,9.1751],[105.6764,9.175],[105.6756,9.1744],[105.6751,9.1745],[105.674,9.1739],[105.6735,9.1743],[105.6729,9.174],[105.6722,9.1747],[105.6716,9.1756],[105.6713,9.1766],[105.6707,9.1764],[105.6717,9.1738],[105.6719,9.1726],[105.672,9.1712],[105.6716,9.1704],[105.6705,9.1704],[105.6689,9.1697],[105.6683,9.1699],[105.6662,9.169],[105.6658,9.1686],[105.6649,9.1685],[105.6635,9.1677],[105.6626,9.1675],[105.6618,9.168],[105.6612,9.168],[105.6604,9.1669],[105.6589,9.1664],[105.6579,9.1656],[105.6572,9.1659],[105.6562,9.1672],[105.6547,9.1705],[105.6546,9.1704],[105.6559,9.1674],[105.6565,9.1659],[105.6566,9.1652],[105.6553,9.1643],[105.654,9.1643],[105.6537,9.1638],[105.6521,9.1629],[105.6482,9.1614],[105.6476,9.1607],[105.6464,9.1606],[105.6459,9.1609],[105.6454,9.1617],[105.645,9.1617],[105.6449,9.1598],[105.6443,9.1591],[105.6437,9.1591],[105.6435,9.1584],[105.6424,9.1578],[105.6409,9.1578],[105.6392,9.1572],[105.6389,9.1569],[105.6377,9.1567],[105.6368,9.1575],[105.6364,9.1573],[105.6364,9.1564],[105.6357,9.1559],[105.6337,9.1553],[105.6329,9.1552],[105.6314,9.1542],[105.6299,9.1534],[105.6291,9.1532],[105.6284,9.1534],[105.6276,9.1541],[105.6263,9.1534],[105.6264,9.1525],[105.6252,9.1521],[105.6215,9.1498],[105.6202,9.1492],[105.6193,9.149],[105.6187,9.1493],[105.6183,9.1487],[105.6165,9.1472],[105.6154,9.1466],[105.6134,9.1461],[105.6118,9.146],[105.6108,9.1465],[105.6102,9.1455],[105.6082,9.1443],[105.607,9.1439],[105.6063,9.1439],[105.6054,9.1428],[105.6006,9.1405],[105.5977,9.1389],[105.5957,9.1378],[105.5942,9.1374],[105.5902,9.1359],[105.5893,9.1369],[105.5891,9.1362],[105.5883,9.1356],[105.5865,9.1351],[105.5859,9.1353],[105.5846,9.1349],[105.5833,9.1351],[105.5824,9.1356],[105.5818,9.1369],[105.5815,9.1382],[105.5798,9.1446],[105.5773,9.1532],[105.5767,9.1549],[105.5755,9.159],[105.5751,9.1605],[105.5745,9.1626],[105.5709,9.1755],[105.5682,9.185],[105.5654,9.1948],[105.564,9.1997],[105.5712,9.2012],[105.5712,9.2015],[105.5733,9.2021],[105.5735,9.2024],[105.5732,9.2035],[105.5732,9.2044],[105.5755,9.205],[105.5771,9.2053],[105.5773,9.2051],[105.5804,9.2061],[105.5815,9.2067],[105.5867,9.208],[105.5974,9.2107],[105.6013,9.2118],[105.6051,9.2124],[105.6051,9.2132],[105.6086,9.2148],[105.609,9.2142],[105.6106,9.2147],[105.6144,9.2162],[105.6224,9.2191],[105.6227,9.2199],[105.6232,9.2264],[105.624,9.2268],[105.6291,9.2291],[105.6296,9.2302],[105.6309,9.2307],[105.6318,9.2311],[105.6371,9.2331],[105.6377,9.2335],[105.6382,9.2346],[105.6392,9.2363],[105.6427,9.241],[105.6446,9.2436],[105.644,9.2444],[105.6419,9.249],[105.64,9.2527],[105.6365,9.2601],[105.6371,9.2604],[105.6565,9.2671],[105.6569,9.2648],[105.6578,9.2639],[105.6584,9.2628],[105.6584,9.262],[105.659,9.2604],[105.6593,9.2603],[105.6623,9.2615],[105.6642,9.2624],[105.6644,9.2632],[105.6655,9.2632],[105.6671,9.2641],[105.6682,9.2641],[105.6698,9.2637],[105.6701,9.2651],[105.671,9.2664],[105.6753,9.2678],[105.6743,9.2714],[105.6736,9.2734],[105.6807,9.2759],[105.6875,9.2783],[105.6897,9.2789],[105.6898,9.2791]]]},"properties":{"name":"Vĩnh Hậu","level":"ward"}},{"type":"Feature","geometry":{"type":"Polygon","coordinates":[[[105.3897,9.3569],[105.4013,9.353],[105.4019,9.3526],[105.4055,9.3448],[105.4065,9.343],[105.4079,9.34],[105.4105,9.3348],[105.4118,9.332],[105.415,9.3255],[105.4169,9.3214],[105.4192,9.3168],[105.42,9.3149],[105.4217,9.3116],[105.4241,9.3064],[105.4253,9.3043],[105.4261,9.3022],[105.4273,9.2999],[105.4303,9.2935],[105.4322,9.2897],[105.4343,9.2855],[105.4363,9.281],[105.438,9.2775],[105.4394,9.275],[105.4402,9.2732],[105.4444,9.2646],[105.4453,9.2623],[105.4466,9.26],[105.4489,9.255],[105.4519,9.2491],[105.4529,9.2496],[105.4592,9.2526],[105.4613,9.2521],[105.4624,9.2533],[105.4636,9.2538],[105.4647,9.2545],[105.4687,9.2521],[105.4692,9.2532],[105.4698,9.2532],[105.4716,9.2527],[105.4744,9.253],[105.4744,9.255],[105.4752,9.2551],[105.4754,9.2545],[105.4783,9.2549],[105.4792,9.2541],[105.4793,9.2534],[105.48,9.2517],[105.4792,9.2505],[105.4791,9.249],[105.4798,9.2471],[105.4797,9.2448],[105.4799,9.242],[105.4849,9.2433],[105.4861,9.2435],[105.4872,9.2407],[105.4878,9.2387],[105.4884,9.238],[105.4893,9.2374],[105.4895,9.2365],[105.4887,9.2341],[105.4879,9.234],[105.4863,9.2352],[105.4851,9.2358],[105.4832,9.2356],[105.482,9.2363],[105.4802,9.2365],[105.479,9.2362],[105.4771,9.237],[105.476,9.2368],[105.4739,9.237],[105.4727,9.2366],[105.4721,9.2355],[105.4707,9.2335],[105.4689,9.2326],[105.4676,9.2321],[105.4662,9.2318],[105.4666,9.2302],[105.4672,9.2291],[105.4684,9.2289],[105.4696,9.2285],[105.4682,9.2263],[105.4668,9.224],[105.465,9.2216],[105.4644,9.2201],[105.4641,9.22],[105.4611,9.2206],[105.4573,9.2217],[105.4546,9.2224],[105.4473,9.2242],[105.4467,9.2134],[105.4421,9.2126],[105.442,9.2118],[105.4409,9.2095],[105.4394,9.2101],[105.4301,9.2135],[105.4288,9.214],[105.4247,9.2155],[105.4237,9.2157],[105.4221,9.2153],[105.4221,9.2145],[105.4174,9.2138],[105.4158,9.2137],[105.4159,9.2144],[105.4138,9.2142],[105.4091,9.2135],[105.4083,9.2139],[105.4083,9.215],[105.409,9.217],[105.4076,9.2217],[105.407,9.2226],[105.4068,9.2232],[105.4067,9.2246],[105.4073,9.2256],[105.407,9.2266],[105.4072,9.2277],[105.4079,9.2291],[105.4059,9.2294],[105.4051,9.2309],[105.4074,9.2325],[105.4085,9.2333],[105.4064,9.2349],[105.4038,9.2369],[105.3894,9.2482],[105.3873,9.2498],[105.382,9.254],[105.3807,9.2549],[105.3768,9.258],[105.374,9.2601],[105.3719,9.2618],[105.3609,9.2704],[105.359,9.2719],[105.3546,9.2753],[105.3477,9.2807],[105.3419,9.2852],[105.3391,9.2874],[105.3415,9.29],[105.3423,9.2917],[105.3425,9.293],[105.343,9.2937],[105.3445,9.2939],[105.3456,9.2944],[105.3461,9.2949],[105.3482,9.2956],[105.3489,9.2966],[105.3501,9.297],[105.3515,9.2981],[105.3518,9.2992],[105.3533,9.3003],[105.3541,9.3005],[105.3559,9.3025],[105.3623,9.3088],[105.3687,9.315],[105.3768,9.3229],[105.3828,9.3289],[105.3845,9.3305],[105.3831,9.3321],[105.3841,9.3337],[105.3825,9.3345],[105.3826,9.3369],[105.3831,9.3379],[105.3826,9.3383],[105.3865,9.3421],[105.3861,9.3425],[105.3883,9.3447],[105.3885,9.345],[105.3882,9.3487],[105.3872,9.3503],[105.3867,9.3516],[105.3854,9.3523],[105.3852,9.3527],[105.3897,9.3569]]]},"properties":{"name":"Giá Rai","level":"ward"}},{"type":"Feature","geometry":{"type":"Polygon","coordinates":[[[105.4019,9.3526],[105.4024,9.3527],[105.408,9.3509],[105.4114,9.3497],[105.4209,9.3465],[105.4225,9.3464],[105.4303,9.3469],[105.4322,9.3469],[105.4357,9.3472],[105.4368,9.3472],[105.4394,9.3474],[105.4412,9.3474],[105.4421,9.3469],[105.4461,9.3454],[105.4482,9.3443],[105.45,9.3431],[105.4514,9.3424],[105.4534,9.3418],[105.4545,9.3418],[105.4564,9.342],[105.4614,9.3422],[105.4631,9.3425],[105.4658,9.3427],[105.4672,9.3425],[105.4685,9.3426],[105.4705,9.3424],[105.472,9.3425],[105.4747,9.3415],[105.477,9.3408],[105.4807,9.3395],[105.4908,9.3361],[105.4911,9.3359],[105.494,9.3351],[105.5018,9.3324],[105.5034,9.3319],[105.5087,9.3301],[105.5083,9.3271],[105.5091,9.3268],[105.509,9.3263],[105.5135,9.3248],[105.512,9.3248],[105.5075,9.3245],[105.5073,9.3124],[105.5078,9.3124],[105.5078,9.3115],[105.5156,9.3102],[105.5175,9.3002],[105.5168,9.2999],[105.516,9.2916],[105.5146,9.288],[105.515,9.2875],[105.5164,9.288],[105.518,9.2875],[105.519,9.2866],[105.5198,9.2864],[105.521,9.2873],[105.5223,9.2876],[105.5234,9.2874],[105.5239,9.2876],[105.5239,9.289],[105.5243,9.2899],[105.5272,9.2898],[105.5272,9.2878],[105.5298,9.2881],[105.5299,9.2884],[105.5325,9.2883],[105.5326,9.2865],[105.5333,9.2865],[105.5339,9.2872],[105.5345,9.2836],[105.5358,9.2829],[105.5386,9.282],[105.5396,9.2821],[105.5412,9.283],[105.5422,9.2835],[105.5446,9.2835],[105.5453,9.2837],[105.5456,9.2819],[105.5455,9.2797],[105.5453,9.2782],[105.5447,9.2769],[105.5433,9.2743],[105.543,9.2734],[105.544,9.2717],[105.545,9.2706],[105.5459,9.2691],[105.5468,9.269],[105.5462,9.2673],[105.5453,9.265],[105.5445,9.2638],[105.5445,9.2632],[105.5453,9.2629],[105.5469,9.2628],[105.5477,9.2623],[105.5485,9.2611],[105.5486,9.2595],[105.5473,9.2591],[105.5464,9.259],[105.5415,9.2578],[105.5393,9.2571],[105.538,9.2569],[105.5345,9.2559],[105.5202,9.2523],[105.5132,9.2503],[105.5119,9.2502],[105.5071,9.249],[105.4982,9.2466],[105.4959,9.2461],[105.4903,9.2447],[105.4878,9.2439],[105.4861,9.2435],[105.4849,9.2433],[105.4799,9.242],[105.4797,9.2448],[105.4798,9.2471],[105.4791,9.249],[105.4792,9.2505],[105.48,9.2517],[105.4793,9.2534],[105.4792,9.2541],[105.4783,9.2549],[105.4754,9.2545],[105.4752,9.2551],[105.4744,9.255],[105.4744,9.253],[105.4716,9.2527],[105.4698,9.2532],[105.4692,9.2532],[105.4687,9.2521],[105.4647,9.2545],[105.4636,9.2538],[105.4624,9.2533],[105.4613,9.2521],[105.4592,9.2526],[105.4529,9.2496],[105.4519,9.2491],[105.4489,9.255],[105.4466,9.26],[105.4453,9.2623],[105.4444,9.2646],[105.4402,9.2732],[105.4394,9.275],[105.438,9.2775],[105.4363,9.281],[105.4343,9.2855],[105.4322,9.2897],[105.4303,9.2935],[105.4273,9.2999],[105.4261,9.3022],[105.4253,9.3043],[105.4241,9.3064],[105.4217,9.3116],[105.42,9.3149],[105.4192,9.3168],[105.4169,9.3214],[105.415,9.3255],[105.4118,9.332],[105.4105,9.3348],[105.4079,9.34],[105.4065,9.343],[105.4055,9.3448],[105.4019,9.3526]]]},"properties":{"name":"Láng Tròn","level":"ward"}},{"type":"Feature","geometry":{"type":"Polygon","coordinates":[[[105.2941,9.2796],[105.301,9.2863],[105.3051,9.29],[105.3119,9.2965],[105.3164,9.3007],[105.319,9.3032],[105.3238,9.2993],[105.3296,9.2948],[105.3313,9.2936],[105.3353,9.2904],[105.3371,9.2891],[105.3391,9.2874],[105.3419,9.2852],[105.3477,9.2807],[105.3546,9.2753],[105.359,9.2719],[105.3609,9.2704],[105.3719,9.2618],[105.374,9.2601],[105.3768,9.258],[105.3807,9.2549],[105.382,9.254],[105.3873,9.2498],[105.3894,9.2482],[105.4038,9.2369],[105.4064,9.2349],[105.4085,9.2333],[105.4074,9.2325],[105.4051,9.2309],[105.4059,9.2294],[105.4079,9.2291],[105.4072,9.2277],[105.407,9.2266],[105.4073,9.2256],[105.4067,9.2246],[105.4068,9.2232],[105.4018,9.2218],[105.3971,9.2206],[105.3909,9.2188],[105.3859,9.2174],[105.3817,9.2161],[105.3768,9.2144],[105.3716,9.2123],[105.37,9.2115],[105.3689,9.2112],[105.3648,9.2097],[105.3591,9.2073],[105.3578,9.2069],[105.3504,9.2039],[105.3475,9.2028],[105.3441,9.2013],[105.3421,9.2006],[105.3333,9.1971],[105.3281,9.1949],[105.3238,9.1931],[105.3169,9.1908],[105.3139,9.1897],[105.3118,9.189],[105.3054,9.1869],[105.3007,9.1854],[105.2993,9.1847],[105.2936,9.1821],[105.2923,9.1814],[105.2893,9.1801],[105.2873,9.1794],[105.286,9.1786],[105.2815,9.1756],[105.2791,9.1742],[105.2778,9.1767],[105.2765,9.1767],[105.2764,9.1787],[105.2768,9.1797],[105.2762,9.18],[105.2751,9.181],[105.2741,9.1816],[105.2745,9.1826],[105.2753,9.1836],[105.2729,9.1837],[105.273,9.1828],[105.2699,9.1829],[105.2672,9.1825],[105.2673,9.181],[105.2662,9.1809],[105.2659,9.1806],[105.2658,9.1788],[105.2644,9.178],[105.2626,9.179],[105.2614,9.1785],[105.261,9.1796],[105.2601,9.1815],[105.2578,9.1872],[105.2559,9.1919],[105.253,9.1987],[105.2514,9.1989],[105.2505,9.1993],[105.2494,9.2001],[105.2484,9.2],[105.2463,9.2005],[105.2463,9.2009],[105.2469,9.2016],[105.244,9.2024],[105.2433,9.2022],[105.2414,9.1998],[105.2398,9.2005],[105.2398,9.2008],[105.2395,9.2036],[105.2391,9.2046],[105.2392,9.2068],[105.2399,9.2086],[105.2399,9.2091],[105.239,9.2102],[105.238,9.211],[105.2374,9.212],[105.2352,9.2117],[105.2353,9.2122],[105.2324,9.2137],[105.2327,9.2226],[105.2328,9.2243],[105.2342,9.2238],[105.2385,9.225],[105.2396,9.2257],[105.2405,9.2267],[105.2449,9.2324],[105.2484,9.2369],[105.2506,9.239],[105.2518,9.2404],[105.2528,9.2413],[105.255,9.2425],[105.2553,9.2428],[105.256,9.2455],[105.2572,9.247],[105.2576,9.248],[105.2575,9.2498],[105.2577,9.2508],[105.2587,9.2517],[105.2614,9.2529],[105.2625,9.2538],[105.2634,9.2555],[105.2643,9.2566],[105.2661,9.2585],[105.2692,9.2602],[105.2731,9.2622],[105.2739,9.2627],[105.2758,9.2635],[105.2777,9.2648],[105.2787,9.2653],[105.2804,9.2666],[105.2888,9.2747],[105.2941,9.2796]]]},"properties":{"name":"Phong Thạnh","level":"ward"}},{"type":"Feature","geometry":{"type":"Polygon","coordinates":[[[105.4769,9.0787],[105.4746,9.0773],[105.4717,9.0742],[105.4683,9.0717],[105.4673,9.0706],[105.4655,9.0693],[105.4644,9.0695],[105.464,9.0687],[105.4617,9.0661],[105.4606,9.0657],[105.4605,9.0649],[105.4596,9.0642],[105.4568,9.0612],[105.4559,9.0601],[105.4547,9.0589],[105.4528,9.0565],[105.4513,9.0547],[105.4508,9.0544],[105.4478,9.0512],[105.4468,9.0506],[105.4464,9.0499],[105.4461,9.0488],[105.4453,9.0481],[105.4436,9.0459],[105.4431,9.045],[105.4417,9.0435],[105.4413,9.0427],[105.4393,9.0406],[105.4383,9.0393],[105.4374,9.0388],[105.4361,9.0362],[105.4338,9.0339],[105.4319,9.0322],[105.4304,9.0303],[105.4297,9.0299],[105.4291,9.0291],[105.4283,9.0284],[105.428,9.0277],[105.4274,9.0272],[105.4275,9.0267],[105.4268,9.026],[105.4268,9.0255],[105.4275,9.025],[105.4243,9.0214],[105.4235,9.0208],[105.4218,9.02],[105.4182,9.0218],[105.418,9.022],[105.4165,9.0221],[105.4164,9.0231],[105.4171,9.0287],[105.4177,9.0311],[105.4191,9.0341],[105.4194,9.0356],[105.4188,9.0373],[105.4176,9.0386],[105.417,9.0391],[105.4135,9.0409],[105.4125,9.0416],[105.4113,9.0427],[105.4104,9.0443],[105.4103,9.0461],[105.4109,9.049],[105.4109,9.0501],[105.4106,9.051],[105.4097,9.0521],[105.4064,9.0549],[105.4044,9.0569],[105.4026,9.0583],[105.4013,9.0589],[105.3982,9.0595],[105.3971,9.0599],[105.3959,9.0607],[105.3948,9.0622],[105.3943,9.0633],[105.3941,9.0645],[105.3934,9.0666],[105.393,9.067],[105.3939,9.0705],[105.3943,9.0724],[105.3946,9.0746],[105.3953,9.0782],[105.3957,9.0809],[105.3959,9.0834],[105.397,9.0901],[105.3979,9.0947],[105.3985,9.1003],[105.3992,9.1047],[105.4002,9.1105],[105.4015,9.12],[105.4022,9.124],[105.4036,9.1324],[105.404,9.1357],[105.4044,9.1391],[105.4052,9.1436],[105.408,9.1436],[105.4134,9.144],[105.4163,9.144],[105.419,9.1443],[105.4208,9.1443],[105.422,9.1444],[105.425,9.1446],[105.4252,9.1451],[105.425,9.1479],[105.4253,9.1487],[105.4262,9.1482],[105.4285,9.1481],[105.4298,9.1478],[105.4302,9.1471],[105.4311,9.1467],[105.437,9.1465],[105.4422,9.1463],[105.4434,9.1461],[105.4433,9.145],[105.4443,9.1407],[105.4444,9.1392],[105.4442,9.1366],[105.4435,9.1342],[105.4433,9.1326],[105.4435,9.1289],[105.4431,9.1273],[105.4423,9.1262],[105.4406,9.1224],[105.4398,9.1211],[105.4394,9.1208],[105.4396,9.1194],[105.441,9.1193],[105.4412,9.1202],[105.4426,9.121],[105.447,9.1208],[105.4469,9.1195],[105.4476,9.1196],[105.4483,9.1144],[105.4545,9.1083],[105.4558,9.107],[105.4579,9.1057],[105.4627,9.1033],[105.4656,9.102],[105.4669,9.1007],[105.4665,9.1],[105.4673,9.0996],[105.4658,9.0973],[105.4661,9.0972],[105.4653,9.0958],[105.4636,9.093],[105.4629,9.0925],[105.4596,9.0871],[105.4603,9.0866],[105.4595,9.0853],[105.4637,9.0821],[105.4636,9.0821],[105.4683,9.0786],[105.4691,9.0779],[105.4705,9.0794],[105.4725,9.082],[105.4769,9.0787]]]},"properties":{"name":"Gành Hào","level":"ward"}},{"type":"Feature","geometry":{"type":"Polygon","coordinates":[[[105.5473,9.2591],[105.5475,9.258],[105.5487,9.2539],[105.55,9.249],[105.5506,9.2472],[105.5529,9.2388],[105.5541,9.2349],[105.5542,9.2341],[105.5548,9.2322],[105.5561,9.2275],[105.5565,9.2262],[105.5582,9.2201],[105.5606,9.2119],[105.5611,9.2099],[105.564,9.1997],[105.5654,9.1948],[105.5682,9.185],[105.5709,9.1755],[105.5745,9.1626],[105.5751,9.1605],[105.5755,9.159],[105.5767,9.1549],[105.5773,9.1532],[105.5798,9.1446],[105.5815,9.1382],[105.5818,9.1369],[105.5816,9.1368],[105.5821,9.1331],[105.5824,9.1319],[105.5824,9.1305],[105.5804,9.1298],[105.5792,9.1297],[105.5784,9.1295],[105.5776,9.1289],[105.5767,9.1285],[105.5747,9.1284],[105.5732,9.1274],[105.5708,9.1272],[105.5697,9.1269],[105.5685,9.1263],[105.567,9.1262],[105.5667,9.1257],[105.5657,9.1255],[105.5639,9.1245],[105.5603,9.1234],[105.5574,9.1223],[105.5567,9.1222],[105.5555,9.1227],[105.5556,9.1218],[105.5533,9.1212],[105.5514,9.1207],[105.5507,9.1208],[105.5498,9.1216],[105.55,9.1203],[105.5487,9.1198],[105.5482,9.1202],[105.547,9.1199],[105.5463,9.1201],[105.5455,9.1199],[105.5447,9.1195],[105.5429,9.1189],[105.5421,9.1184],[105.5413,9.1187],[105.5409,9.1182],[105.5402,9.1183],[105.5391,9.1179],[105.5327,9.1147],[105.5302,9.1134],[105.5273,9.1115],[105.5233,9.109],[105.5217,9.1082],[105.5209,9.1065],[105.5196,9.1065],[105.5186,9.1058],[105.5178,9.1044],[105.5172,9.1038],[105.5162,9.1032],[105.5147,9.1027],[105.5142,9.1022],[105.513,9.1019],[105.5125,9.102],[105.5122,9.1027],[105.5115,9.1057],[105.5112,9.1099],[105.5109,9.1159],[105.5094,9.1191],[105.5088,9.1187],[105.5084,9.1198],[105.5074,9.1228],[105.5076,9.1229],[105.506,9.1283],[105.5032,9.1272],[105.5031,9.1282],[105.5031,9.131],[105.503,9.1333],[105.5026,9.1338],[105.4994,9.1327],[105.4994,9.1364],[105.4997,9.1365],[105.4997,9.1378],[105.5018,9.1388],[105.5011,9.142],[105.5026,9.1422],[105.5031,9.143],[105.5021,9.1466],[105.502,9.1472],[105.5036,9.1484],[105.5018,9.151],[105.4986,9.1552],[105.4951,9.1601],[105.4942,9.1615],[105.4978,9.1634],[105.4951,9.1674],[105.494,9.1765],[105.4939,9.1822],[105.4909,9.1816],[105.4906,9.1832],[105.4907,9.1842],[105.488,9.1837],[105.4887,9.1873],[105.4905,9.1903],[105.4921,9.1935],[105.4945,9.1924],[105.4967,9.1914],[105.4973,9.1941],[105.4982,9.194],[105.5004,9.197],[105.499,9.1982],[105.5004,9.2001],[105.4996,9.2008],[105.501,9.2028],[105.5008,9.2033],[105.5005,9.2048],[105.5018,9.2055],[105.5004,9.2099],[105.5009,9.2101],[105.5023,9.2125],[105.5035,9.2142],[105.5022,9.2151],[105.5005,9.2156],[105.5007,9.219],[105.4937,9.218],[105.4884,9.2174],[105.4892,9.2226],[105.4901,9.2251],[105.4912,9.2263],[105.4911,9.2269],[105.4903,9.2281],[105.4904,9.2297],[105.4902,9.2303],[105.4893,9.2315],[105.4888,9.2329],[105.4887,9.2341],[105.4895,9.2365],[105.4893,9.2374],[105.4884,9.238],[105.4878,9.2387],[105.4872,9.2407],[105.4861,9.2435],[105.4878,9.2439],[105.4903,9.2447],[105.4959,9.2461],[105.4982,9.2466],[105.5071,9.249],[105.5119,9.2502],[105.5132,9.2503],[105.5202,9.2523],[105.5345,9.2559],[105.538,9.2569],[105.5393,9.2571],[105.5415,9.2578],[105.5464,9.259],[105.5473,9.2591]]]},"properties":{"name":"Đông Hải","level":"ward"}},{"type":"Feature","geometry":{"type":"Polygon","coordinates":[[[105.4158,9.2137],[105.4174,9.2138],[105.4221,9.2145],[105.4221,9.2153],[105.4237,9.2157],[105.4247,9.2155],[105.4288,9.214],[105.4301,9.2135],[105.4394,9.2101],[105.4409,9.2095],[105.442,9.2118],[105.4421,9.2126],[105.4467,9.2134],[105.4473,9.2242],[105.4546,9.2224],[105.4573,9.2217],[105.4611,9.2206],[105.4641,9.22],[105.4644,9.2201],[105.465,9.2216],[105.4668,9.224],[105.4682,9.2263],[105.4696,9.2285],[105.4684,9.2289],[105.4672,9.2291],[105.4666,9.2302],[105.4662,9.2318],[105.4676,9.2321],[105.4689,9.2326],[105.4707,9.2335],[105.4721,9.2355],[105.4727,9.2366],[105.4739,9.237],[105.476,9.2368],[105.4771,9.237],[105.479,9.2362],[105.4802,9.2365],[105.482,9.2363],[105.4832,9.2356],[105.4851,9.2358],[105.4863,9.2352],[105.4879,9.234],[105.4887,9.2341],[105.4888,9.2329],[105.4893,9.2315],[105.4902,9.2303],[105.4904,9.2297],[105.4903,9.2281],[105.4911,9.2269],[105.4912,9.2263],[105.4901,9.2251],[105.4892,9.2226],[105.4884,9.2174],[105.4937,9.218],[105.5007,9.219],[105.5005,9.2156],[105.5022,9.2151],[105.5035,9.2142],[105.5023,9.2125],[105.5009,9.2101],[105.5004,9.2099],[105.5018,9.2055],[105.5005,9.2048],[105.5008,9.2033],[105.501,9.2028],[105.4996,9.2008],[105.5004,9.2001],[105.499,9.1982],[105.5004,9.197],[105.4982,9.194],[105.4973,9.1941],[105.4967,9.1914],[105.4945,9.1924],[105.4921,9.1935],[105.4905,9.1903],[105.4887,9.1873],[105.488,9.1837],[105.4907,9.1842],[105.4906,9.1832],[105.4909,9.1816],[105.4939,9.1822],[105.494,9.1765],[105.4951,9.1674],[105.4978,9.1634],[105.4942,9.1615],[105.4951,9.1601],[105.4986,9.1552],[105.5018,9.151],[105.5036,9.1484],[105.502,9.1472],[105.5021,9.1466],[105.5031,9.143],[105.5026,9.1422],[105.5011,9.142],[105.5018,9.1388],[105.4997,9.1378],[105.4997,9.1365],[105.4994,9.1364],[105.4994,9.1327],[105.5026,9.1338],[105.503,9.1333],[105.5031,9.131],[105.5031,9.1282],[105.5032,9.1272],[105.506,9.1283],[105.5076,9.1229],[105.5074,9.1228],[105.5084,9.1198],[105.5088,9.1187],[105.5094,9.1191],[105.5109,9.1159],[105.5112,9.1099],[105.5115,9.1057],[105.5122,9.1027],[105.5115,9.1015],[105.5101,9.1006],[105.5087,9.1008],[105.5058,9.0986],[105.5044,9.098],[105.5037,9.0971],[105.5014,9.096],[105.5002,9.0957],[105.498,9.0957],[105.4982,9.095],[105.4978,9.0938],[105.4949,9.092],[105.4944,9.0923],[105.4941,9.0915],[105.4928,9.0903],[105.4916,9.0898],[105.4907,9.089],[105.4901,9.0891],[105.4891,9.0882],[105.4887,9.0883],[105.4877,9.0869],[105.487,9.0869],[105.4866,9.086],[105.486,9.086],[105.4848,9.0853],[105.4841,9.0851],[105.4836,9.0841],[105.4828,9.0838],[105.4812,9.0822],[105.4809,9.0816],[105.4794,9.0805],[105.4789,9.0804],[105.4782,9.0807],[105.4781,9.0798],[105.4769,9.0787],[105.4725,9.082],[105.4705,9.0794],[105.4691,9.0779],[105.4683,9.0786],[105.4636,9.0821],[105.4637,9.0821],[105.4595,9.0853],[105.4603,9.0866],[105.4596,9.0871],[105.4629,9.0925],[105.4636,9.093],[105.4653,9.0958],[105.4661,9.0972],[105.4658,9.0973],[105.4673,9.0996],[105.4665,9.1],[105.4669,9.1007],[105.4656,9.102],[105.4627,9.1033],[105.4579,9.1057],[105.4558,9.107],[105.4545,9.1083],[105.4483,9.1144],[105.4476,9.1196],[105.4469,9.1195],[105.447,9.1208],[105.4426,9.121],[105.4412,9.1202],[105.441,9.1193],[105.4396,9.1194],[105.4394,9.1208],[105.4398,9.1211],[105.4406,9.1224],[105.4423,9.1262],[105.4431,9.1273],[105.4435,9.1289],[105.4433,9.1326],[105.4435,9.1342],[105.4442,9.1366],[105.4444,9.1392],[105.4443,9.1407],[105.4433,9.145],[105.4434,9.1461],[105.4422,9.1463],[105.437,9.1465],[105.4311,9.1467],[105.4302,9.1471],[105.4298,9.1478],[105.4285,9.1481],[105.4262,9.1482],[105.4253,9.1487],[105.425,9.1479],[105.4252,9.1451],[105.425,9.1446],[105.422,9.1444],[105.4208,9.1443],[105.419,9.1443],[105.4163,9.144],[105.4134,9.144],[105.408,9.1436],[105.4052,9.1436],[105.407,9.1552],[105.4072,9.1568],[105.408,9.162],[105.4094,9.1711],[105.4106,9.179],[105.4117,9.1865],[105.4158,9.2137]]]},"properties":{"name":"Long Điền","level":"ward"}},{"type":"Feature","geometry":{"type":"Polygon","coordinates":[[[105.4068,9.2232],[105.407,9.2226],[105.4076,9.2217],[105.409,9.217],[105.4083,9.215],[105.4083,9.2139],[105.4091,9.2135],[105.4138,9.2142],[105.4159,9.2144],[105.4158,9.2137],[105.4117,9.1865],[105.4106,9.179],[105.4094,9.1711],[105.408,9.162],[105.4072,9.1568],[105.407,9.1552],[105.4052,9.1436],[105.4044,9.1391],[105.404,9.1357],[105.3947,9.1353],[105.3907,9.1353],[105.3897,9.1351],[105.3893,9.1344],[105.3892,9.1314],[105.3884,9.131],[105.3829,9.1319],[105.3768,9.133],[105.3706,9.1341],[105.3668,9.1349],[105.3623,9.1355],[105.358,9.1363],[105.3557,9.1369],[105.3554,9.1361],[105.3552,9.1318],[105.3548,9.1309],[105.3497,9.1233],[105.3467,9.1188],[105.3463,9.1188],[105.344,9.1202],[105.3447,9.1151],[105.3442,9.1143],[105.3393,9.1063],[105.3382,9.1085],[105.337,9.1095],[105.3364,9.1101],[105.3336,9.1079],[105.3325,9.1109],[105.3298,9.1087],[105.329,9.1094],[105.3273,9.1081],[105.3271,9.1082],[105.3248,9.1067],[105.3244,9.1076],[105.324,9.108],[105.3226,9.1083],[105.322,9.1086],[105.3204,9.1105],[105.3188,9.1118],[105.3182,9.1136],[105.319,9.1147],[105.32,9.1152],[105.3204,9.1163],[105.32,9.1177],[105.3197,9.1192],[105.3198,9.1217],[105.3199,9.1221],[105.3201,9.126],[105.32,9.1273],[105.3182,9.1274],[105.3172,9.1279],[105.3168,9.1284],[105.3154,9.1293],[105.3141,9.1293],[105.3138,9.1298],[105.3121,9.1348],[105.3103,9.1395],[105.3068,9.1492],[105.3075,9.1498],[105.3083,9.1501],[105.3091,9.1498],[105.3107,9.15],[105.3119,9.1505],[105.3114,9.1522],[105.3106,9.1532],[105.3099,9.1544],[105.3102,9.1564],[105.31,9.1572],[105.3094,9.1581],[105.3083,9.1577],[105.3077,9.1588],[105.3062,9.1607],[105.3051,9.1618],[105.3035,9.1624],[105.3057,9.165],[105.3048,9.1657],[105.3051,9.1663],[105.3044,9.1671],[105.3038,9.1668],[105.3032,9.1692],[105.3031,9.1706],[105.3027,9.1718],[105.3036,9.1746],[105.3027,9.1757],[105.302,9.176],[105.3013,9.1768],[105.3006,9.1782],[105.3005,9.1818],[105.3003,9.1832],[105.2993,9.1847],[105.3007,9.1854],[105.3054,9.1869],[105.3118,9.189],[105.3139,9.1897],[105.3169,9.1908],[105.3238,9.1931],[105.3281,9.1949],[105.3333,9.1971],[105.3421,9.2006],[105.3441,9.2013],[105.3475,9.2028],[105.3504,9.2039],[105.3578,9.2069],[105.3591,9.2073],[105.3648,9.2097],[105.3689,9.2112],[105.37,9.2115],[105.3716,9.2123],[105.3768,9.2144],[105.3817,9.2161],[105.3859,9.2174],[105.3909,9.2188],[105.3971,9.2206],[105.4018,9.2218],[105.4068,9.2232]]]},"properties":{"name":"An Trạch","level":"ward"}},{"type":"Feature","geometry":{"type":"Polygon","coordinates":[[[105.2791,9.1742],[105.2815,9.1756],[105.286,9.1786],[105.2873,9.1794],[105.2893,9.1801],[105.2923,9.1814],[105.2936,9.1821],[105.2993,9.1847],[105.3003,9.1832],[105.3005,9.1818],[105.3006,9.1782],[105.3013,9.1768],[105.302,9.176],[105.3027,9.1757],[105.3036,9.1746],[105.3027,9.1718],[105.3031,9.1706],[105.3032,9.1692],[105.3038,9.1668],[105.3044,9.1671],[105.3051,9.1663],[105.3048,9.1657],[105.3057,9.165],[105.3035,9.1624],[105.3051,9.1618],[105.3062,9.1607],[105.3077,9.1588],[105.3083,9.1577],[105.3094,9.1581],[105.31,9.1572],[105.3102,9.1564],[105.3099,9.1544],[105.3106,9.1532],[105.3114,9.1522],[105.3119,9.1505],[105.3107,9.15],[105.3091,9.1498],[105.3083,9.1501],[105.3075,9.1498],[105.3068,9.1492],[105.3103,9.1395],[105.3121,9.1348],[105.3138,9.1298],[105.3141,9.1293],[105.3154,9.1293],[105.3168,9.1284],[105.3172,9.1279],[105.3182,9.1274],[105.32,9.1273],[105.3201,9.126],[105.3199,9.1221],[105.3198,9.1217],[105.3197,9.1192],[105.32,9.1177],[105.3204,9.1163],[105.32,9.1152],[105.319,9.1147],[105.3182,9.1136],[105.3188,9.1118],[105.3204,9.1105],[105.322,9.1086],[105.3226,9.1083],[105.324,9.108],[105.3244,9.1076],[105.3248,9.1067],[105.3271,9.1082],[105.3273,9.1081],[105.329,9.1094],[105.3298,9.1087],[105.3325,9.1109],[105.3336,9.1079],[105.3364,9.1101],[105.337,9.1095],[105.3382,9.1085],[105.3393,9.1063],[105.3442,9.1143],[105.3447,9.1151],[105.344,9.1202],[105.3463,9.1188],[105.3467,9.1188],[105.3497,9.1233],[105.3548,9.1309],[105.3552,9.1318],[105.3554,9.1361],[105.3557,9.1369],[105.358,9.1363],[105.3623,9.1355],[105.3668,9.1349],[105.3706,9.1341],[105.3768,9.133],[105.3829,9.1319],[105.3884,9.131],[105.3892,9.1314],[105.3893,9.1344],[105.3897,9.1351],[105.3907,9.1353],[105.3947,9.1353],[105.404,9.1357],[105.4036,9.1324],[105.4022,9.124],[105.4015,9.12],[105.4002,9.1105],[105.3992,9.1047],[105.3985,9.1003],[105.3979,9.0947],[105.397,9.0901],[105.3959,9.0834],[105.3957,9.0809],[105.3953,9.0782],[105.3946,9.0746],[105.3943,9.0724],[105.3939,9.0705],[105.393,9.067],[105.3914,9.0671],[105.3903,9.0667],[105.3866,9.0645],[105.3853,9.064],[105.384,9.0633],[105.3819,9.0617],[105.3804,9.06],[105.379,9.0578],[105.3786,9.0574],[105.3775,9.0572],[105.376,9.0581],[105.3751,9.0598],[105.374,9.0609],[105.3724,9.0611],[105.371,9.0609],[105.3684,9.06],[105.3667,9.0598],[105.3656,9.0598],[105.3649,9.0601],[105.3621,9.0616],[105.3589,9.0623],[105.3578,9.0627],[105.357,9.0633],[105.3566,9.0641],[105.3563,9.0652],[105.3567,9.0664],[105.3587,9.0681],[105.3591,9.0694],[105.3586,9.0703],[105.3576,9.0709],[105.3559,9.0711],[105.3521,9.0708],[105.3491,9.0707],[105.3468,9.0708],[105.3453,9.071],[105.3431,9.0721],[105.3414,9.0724],[105.3402,9.0719],[105.3388,9.0703],[105.3377,9.0687],[105.337,9.0674],[105.336,9.0664],[105.3349,9.0663],[105.3337,9.0669],[105.3313,9.0684],[105.3286,9.0696],[105.3259,9.0707],[105.3238,9.0712],[105.3225,9.0713],[105.3201,9.0712],[105.3182,9.0718],[105.3177,9.0724],[105.3174,9.0752],[105.3167,9.0763],[105.3158,9.0771],[105.3143,9.0779],[105.3132,9.0782],[105.3109,9.0782],[105.3104,9.0784],[105.3091,9.0795],[105.3073,9.0814],[105.3053,9.0841],[105.3038,9.0854],[105.3022,9.0866],[105.3005,9.0882],[105.2986,9.0894],[105.2977,9.0897],[105.2946,9.0905],[105.2916,9.0901],[105.2882,9.0893],[105.2842,9.0886],[105.2817,9.088],[105.2794,9.0872],[105.278,9.0866],[105.2752,9.0847],[105.2744,9.0846],[105.2735,9.0848],[105.2709,9.0863],[105.2693,9.0873],[105.2686,9.088],[105.2678,9.0892],[105.2649,9.0926],[105.2637,9.0942],[105.2631,9.0945],[105.2615,9.0944],[105.258,9.0927],[105.256,9.092],[105.2537,9.0914],[105.2532,9.0922],[105.2531,9.0931],[105.2497,9.0956],[105.2475,9.0966],[105.2464,9.0977],[105.246,9.0987],[105.2453,9.0997],[105.245,9.1006],[105.2452,9.1014],[105.2461,9.102],[105.2473,9.1022],[105.2479,9.1026],[105.2489,9.1037],[105.2503,9.1042],[105.2509,9.1051],[105.2501,9.1077],[105.2491,9.1095],[105.2477,9.1107],[105.2472,9.1116],[105.247,9.1129],[105.2481,9.1141],[105.2483,9.1148],[105.2484,9.1169],[105.2497,9.119],[105.2499,9.1203],[105.2487,9.1214],[105.2482,9.1225],[105.2486,9.1233],[105.2501,9.1252],[105.2507,9.1278],[105.251,9.1282],[105.2515,9.1297],[105.2513,9.1306],[105.2515,9.1315],[105.2526,9.1337],[105.2526,9.1353],[105.2535,9.136],[105.2549,9.1369],[105.2565,9.1373],[105.2578,9.1379],[105.2588,9.1382],[105.2592,9.139],[105.2607,9.1404],[105.2618,9.1412],[105.2622,9.1418],[105.2623,9.1438],[105.2628,9.1453],[105.2629,9.1463],[105.2635,9.1472],[105.2633,9.151],[105.2634,9.1514],[105.2644,9.1531],[105.2648,9.1542],[105.2656,9.1549],[105.2661,9.1558],[105.2673,9.1572],[105.2675,9.1586],[105.2667,9.1595],[105.2684,9.1596],[105.2691,9.16],[105.2704,9.1601],[105.2712,9.1605],[105.272,9.1605],[105.2734,9.1616],[105.2746,9.1623],[105.2758,9.1627],[105.2776,9.1628],[105.2789,9.1626],[105.2805,9.1626],[105.2796,9.1708],[105.2791,9.1741],[105.2791,9.1742]]]},"properties":{"name":"Định Thành","level":"ward"}},{"type":"Feature","geometry":{"type":"Polygon","coordinates":[[[105.2553,9.2428],[105.255,9.2425],[105.2528,9.2413],[105.2518,9.2404],[105.2506,9.239],[105.2484,9.2369],[105.2449,9.2324],[105.2405,9.2267],[105.2396,9.2257],[105.2385,9.225],[105.2342,9.2238],[105.2328,9.2243],[105.2305,9.2259],[105.2295,9.2259],[105.2265,9.2236],[105.2258,9.2226],[105.2252,9.2211],[105.2245,9.2201],[105.2229,9.218],[105.2218,9.2177],[105.2203,9.2183],[105.2196,9.2181],[105.2185,9.2171],[105.2173,9.2166],[105.2162,9.2165],[105.2151,9.2161],[105.214,9.2146],[105.2129,9.2137],[105.2098,9.2139],[105.2091,9.2137],[105.2083,9.213],[105.2073,9.2114],[105.2067,9.2109],[105.2028,9.2103],[105.2008,9.2099],[105.1981,9.2088],[105.1958,9.208],[105.1942,9.2073],[105.1889,9.2054],[105.1859,9.2049],[105.1845,9.2045],[105.1829,9.2036],[105.182,9.2025],[105.181,9.2004],[105.1803,9.1997],[105.1782,9.1985],[105.1635,9.1896],[105.1538,9.1836],[105.1507,9.1819],[105.1495,9.1809],[105.1489,9.1797],[105.1486,9.1777],[105.1472,9.1772],[105.1463,9.1772],[105.1453,9.1775],[105.1434,9.1788],[105.1426,9.1787],[105.1408,9.1776],[105.1402,9.1775],[105.1395,9.1778],[105.1373,9.1798],[105.1356,9.1806],[105.1346,9.1814],[105.1325,9.1836],[105.1296,9.1862],[105.128,9.1878],[105.1246,9.1909],[105.1239,9.1918],[105.1231,9.1931],[105.1221,9.1955],[105.1222,9.1973],[105.1231,9.1987],[105.1233,9.1995],[105.1233,9.2014],[105.1236,9.2033],[105.1237,9.205],[105.1231,9.2062],[105.1219,9.2075],[105.1204,9.2083],[105.1192,9.2083],[105.1194,9.2087],[105.1232,9.2128],[105.1285,9.2188],[105.1323,9.223],[105.1346,9.2256],[105.1353,9.2265],[105.1364,9.2268],[105.1368,9.2272],[105.1374,9.2299],[105.1382,9.2319],[105.1387,9.2328],[105.1395,9.2334],[105.1419,9.2334],[105.1425,9.2336],[105.1431,9.2356],[105.1443,9.2365],[105.1462,9.2371],[105.1474,9.2381],[105.148,9.2389],[105.1484,9.24],[105.1484,9.2412],[105.1484,9.2431],[105.1488,9.2441],[105.1495,9.2447],[105.1508,9.2455],[105.1515,9.2453],[105.1525,9.2434],[105.1531,9.2433],[105.1548,9.2436],[105.1553,9.2438],[105.1553,9.2452],[105.1566,9.246],[105.1577,9.247],[105.1586,9.2484],[105.1599,9.2487],[105.1606,9.2498],[105.1612,9.2517],[105.162,9.2523],[105.163,9.2516],[105.1638,9.2517],[105.1654,9.2527],[105.1658,9.2532],[105.1656,9.2543],[105.1648,9.256],[105.165,9.2565],[105.1665,9.2578],[105.1675,9.2583],[105.1695,9.2586],[105.1703,9.2593],[105.1705,9.261],[105.1705,9.2632],[105.1712,9.2649],[105.1717,9.2653],[105.1726,9.2655],[105.1759,9.2645],[105.1773,9.2664],[105.1782,9.2669],[105.1791,9.2656],[105.1798,9.2641],[105.1803,9.264],[105.1835,9.2646],[105.1857,9.2657],[105.1879,9.2654],[105.1892,9.2655],[105.1906,9.2663],[105.1919,9.2666],[105.1944,9.2666],[105.1967,9.2669],[105.1978,9.2665],[105.1987,9.2666],[105.1996,9.2669],[105.2013,9.2667],[105.2027,9.2674],[105.2029,9.2671],[105.2028,9.2655],[105.2033,9.265],[105.2029,9.2636],[105.2029,9.2621],[105.2032,9.2605],[105.2034,9.2586],[105.2037,9.2575],[105.2043,9.2564],[105.2062,9.249],[105.2071,9.2475],[105.2078,9.247],[105.2079,9.2463],[105.2086,9.2448],[105.2094,9.2449],[105.2102,9.2454],[105.2109,9.2462],[105.2121,9.2471],[105.2127,9.2473],[105.2138,9.2466],[105.2144,9.246],[105.2154,9.2444],[105.2161,9.2429],[105.2167,9.2422],[105.2185,9.2419],[105.2195,9.2423],[105.2201,9.2429],[105.2213,9.2457],[105.2218,9.2462],[105.2234,9.247],[105.2255,9.2464],[105.2275,9.2467],[105.2296,9.2475],[105.2317,9.2464],[105.2367,9.2436],[105.239,9.247],[105.2393,9.2472],[105.2436,9.249],[105.2455,9.2499],[105.2496,9.2469],[105.2549,9.243],[105.2553,9.2428]]]},"properties":{"name":"An Xuyên","level":"ward"}},{"type":"Feature","geometry":{"type":"Polygon","coordinates":[[[105.1192,9.2083],[105.1204,9.2083],[105.1219,9.2075],[105.1231,9.2062],[105.1237,9.205],[105.1236,9.2033],[105.1233,9.2014],[105.1233,9.1995],[105.1231,9.1987],[105.1222,9.1973],[105.1221,9.1955],[105.1231,9.1931],[105.1239,9.1918],[105.1246,9.1909],[105.128,9.1878],[105.1296,9.1862],[105.1325,9.1836],[105.1346,9.1814],[105.1356,9.1806],[105.1373,9.1798],[105.1395,9.1778],[105.1402,9.1775],[105.1408,9.1776],[105.1426,9.1787],[105.1434,9.1788],[105.1453,9.1775],[105.1463,9.1772],[105.1458,9.1754],[105.1459,9.1743],[105.1463,9.1734],[105.1471,9.1727],[105.1482,9.1723],[105.149,9.172],[105.151,9.1705],[105.1517,9.1699],[105.1541,9.1684],[105.1546,9.1678],[105.1546,9.1671],[105.1543,9.1654],[105.1544,9.1645],[105.1552,9.1625],[105.1558,9.16],[105.1558,9.1582],[105.156,9.1571],[105.1564,9.1565],[105.158,9.1554],[105.1588,9.1552],[105.1596,9.1542],[105.1606,9.1517],[105.1609,9.1492],[105.1609,9.1477],[105.1616,9.1454],[105.1621,9.1441],[105.1633,9.1419],[105.1644,9.1402],[105.1646,9.1392],[105.1645,9.1383],[105.1639,9.1373],[105.1632,9.1369],[105.1624,9.136],[105.1616,9.1356],[105.1607,9.1347],[105.1597,9.133],[105.1596,9.1321],[105.1602,9.1291],[105.161,9.1279],[105.1616,9.1275],[105.1628,9.1258],[105.1633,9.1254],[105.1636,9.1246],[105.1636,9.1234],[105.1631,9.1221],[105.1617,9.1204],[105.1599,9.1189],[105.159,9.118],[105.158,9.1162],[105.157,9.1136],[105.1561,9.1141],[105.1509,9.118],[105.1432,9.124],[105.1405,9.1261],[105.1323,9.1326],[105.1293,9.1348],[105.1275,9.1361],[105.1253,9.1378],[105.1195,9.1422],[105.1162,9.1447],[105.1128,9.1475],[105.1102,9.1497],[105.0998,9.1592],[105.088,9.1696],[105.0868,9.1705],[105.087,9.1726],[105.0874,9.1743],[105.0874,9.1771],[105.0873,9.1824],[105.0871,9.1852],[105.0875,9.1897],[105.0878,9.1916],[105.0879,9.1928],[105.0878,9.1956],[105.0867,9.2016],[105.0888,9.2008],[105.0897,9.2007],[105.0926,9.2013],[105.0939,9.2013],[105.0964,9.2018],[105.097,9.2021],[105.0992,9.2037],[105.1007,9.2046],[105.1036,9.2057],[105.1078,9.2067],[105.1128,9.208],[105.1146,9.2083],[105.1167,9.2082],[105.1192,9.2083]]]},"properties":{"name":"Lý Văn Lâm","level":"ward"}},{"type":"Feature","geometry":{"type":"Polygon","coordinates":[[[105.2328,9.2243],[105.2327,9.2226],[105.2324,9.2137],[105.2353,9.2122],[105.2352,9.2117],[105.2374,9.212],[105.238,9.211],[105.239,9.2102],[105.2399,9.2091],[105.2399,9.2086],[105.2392,9.2068],[105.2391,9.2046],[105.2395,9.2036],[105.2398,9.2008],[105.2398,9.2005],[105.2414,9.1998],[105.2433,9.2022],[105.244,9.2024],[105.2469,9.2016],[105.2463,9.2009],[105.2463,9.2005],[105.2484,9.2],[105.2494,9.2001],[105.2505,9.1993],[105.2514,9.1989],[105.253,9.1987],[105.2559,9.1919],[105.2578,9.1872],[105.2601,9.1815],[105.261,9.1796],[105.2614,9.1785],[105.2626,9.179],[105.2644,9.178],[105.2658,9.1788],[105.2659,9.1806],[105.2662,9.1809],[105.2673,9.181],[105.2672,9.1825],[105.2699,9.1829],[105.273,9.1828],[105.2729,9.1837],[105.2753,9.1836],[105.2745,9.1826],[105.2741,9.1816],[105.2751,9.181],[105.2762,9.18],[105.2768,9.1797],[105.2764,9.1787],[105.2765,9.1767],[105.2778,9.1767],[105.2791,9.1742],[105.2791,9.1741],[105.2702,9.1683],[105.2567,9.1635],[105.2564,9.1635],[105.2511,9.162],[105.2499,9.1618],[105.222,9.1638],[105.2139,9.1662],[105.2084,9.1683],[105.2037,9.1702],[105.2004,9.1713],[105.1978,9.1719],[105.1942,9.1724],[105.1913,9.1727],[105.1788,9.174],[105.1753,9.1744],[105.1692,9.1753],[105.1664,9.1753],[105.1636,9.1747],[105.1606,9.1735],[105.158,9.1728],[105.1547,9.1724],[105.1547,9.1727],[105.1482,9.1723],[105.1471,9.1727],[105.1463,9.1734],[105.1459,9.1743],[105.1458,9.1754],[105.1463,9.1772],[105.1472,9.1772],[105.1486,9.1777],[105.1489,9.1797],[105.1495,9.1809],[105.1507,9.1819],[105.1538,9.1836],[105.1635,9.1896],[105.1782,9.1985],[105.1803,9.1997],[105.181,9.2004],[105.182,9.2025],[105.1829,9.2036],[105.1845,9.2045],[105.1859,9.2049],[105.1889,9.2054],[105.1942,9.2073],[105.1958,9.208],[105.1981,9.2088],[105.2008,9.2099],[105.2028,9.2103],[105.2067,9.2109],[105.2073,9.2114],[105.2083,9.213],[105.2091,9.2137],[105.2098,9.2139],[105.2129,9.2137],[105.214,9.2146],[105.2151,9.2161],[105.2162,9.2165],[105.2173,9.2166],[105.2185,9.2171],[105.2196,9.2181],[105.2203,9.2183],[105.2218,9.2177],[105.2229,9.218],[105.2245,9.2201],[105.2252,9.2211],[105.2258,9.2226],[105.2265,9.2236],[105.2295,9.2259],[105.2305,9.2259],[105.2328,9.2243]]]},"properties":{"name":"Tân Thành","level":"ward"}},{"type":"Feature","geometry":{"type":"Polygon","coordinates":[[[105.2791,9.1741],[105.2796,9.1708],[105.2805,9.1626],[105.2789,9.1626],[105.2776,9.1628],[105.2758,9.1627],[105.2746,9.1623],[105.2734,9.1616],[105.272,9.1605],[105.2712,9.1605],[105.2704,9.1601],[105.2691,9.16],[105.2684,9.1596],[105.2667,9.1595],[105.2675,9.1586],[105.2673,9.1572],[105.2661,9.1558],[105.2656,9.1549],[105.2648,9.1542],[105.2644,9.1531],[105.2634,9.1514],[105.2633,9.151],[105.2635,9.1472],[105.2629,9.1463],[105.2628,9.1453],[105.2623,9.1438],[105.2622,9.1418],[105.2618,9.1412],[105.2607,9.1404],[105.2592,9.139],[105.2588,9.1382],[105.2578,9.1379],[105.2565,9.1373],[105.2549,9.1369],[105.2535,9.136],[105.2526,9.1353],[105.2526,9.1337],[105.2515,9.1315],[105.2513,9.1306],[105.2515,9.1297],[105.251,9.1282],[105.2507,9.1278],[105.2501,9.1252],[105.2486,9.1233],[105.2482,9.1225],[105.2487,9.1214],[105.2499,9.1203],[105.2497,9.119],[105.2484,9.1169],[105.2483,9.1148],[105.2481,9.1141],[105.247,9.1129],[105.2472,9.1116],[105.2477,9.1107],[105.2491,9.1095],[105.2501,9.1077],[105.2509,9.1051],[105.2503,9.1042],[105.2489,9.1037],[105.2479,9.1026],[105.2473,9.1022],[105.2461,9.102],[105.2452,9.1014],[105.245,9.1006],[105.2453,9.0997],[105.246,9.0987],[105.2464,9.0977],[105.2475,9.0966],[105.2497,9.0956],[105.2531,9.0931],[105.2532,9.0922],[105.2537,9.0914],[105.2521,9.0908],[105.251,9.0906],[105.2503,9.0907],[105.248,9.0917],[105.2475,9.0918],[105.2464,9.0916],[105.2457,9.0906],[105.2445,9.0876],[105.2436,9.0861],[105.2428,9.0856],[105.2415,9.0856],[105.2407,9.0859],[105.2391,9.0869],[105.2369,9.088],[105.2344,9.0895],[105.2326,9.0901],[105.2311,9.0898],[105.2297,9.0887],[105.2289,9.0877],[105.2274,9.0849],[105.2263,9.0839],[105.2256,9.0835],[105.2241,9.0835],[105.2224,9.0844],[105.2207,9.0859],[105.2193,9.0863],[105.2177,9.0862],[105.2142,9.0849],[105.2121,9.0845],[105.2109,9.0846],[105.2096,9.085],[105.2079,9.0857],[105.2063,9.0861],[105.2048,9.086],[105.2035,9.0856],[105.2015,9.0845],[105.1993,9.0829],[105.1984,9.0824],[105.1972,9.082],[105.1961,9.082],[105.1953,9.0822],[105.1944,9.0831],[105.1935,9.0856],[105.1929,9.0864],[105.1916,9.087],[105.1903,9.0873],[105.1892,9.0878],[105.1872,9.0889],[105.1863,9.0891],[105.1848,9.0886],[105.1842,9.0881],[105.183,9.0865],[105.1819,9.0854],[105.1811,9.0849],[105.1797,9.0849],[105.1782,9.0854],[105.1774,9.0854],[105.1746,9.0853],[105.1738,9.0855],[105.1731,9.0866],[105.1732,9.0886],[105.173,9.0896],[105.1722,9.0905],[105.1716,9.0908],[105.1696,9.0908],[105.1676,9.0904],[105.1662,9.0905],[105.1648,9.0911],[105.1631,9.0923],[105.1622,9.0933],[105.1611,9.0951],[105.1612,9.0964],[105.1619,9.0976],[105.1627,9.0982],[105.1645,9.0991],[105.1651,9.1],[105.1648,9.1008],[105.1641,9.1009],[105.1628,9.1006],[105.1612,9.1],[105.1602,9.0999],[105.1585,9.1004],[105.1572,9.1012],[105.1567,9.1037],[105.1566,9.1066],[105.1567,9.1122],[105.157,9.1136],[105.158,9.1162],[105.159,9.118],[105.1599,9.1189],[105.1617,9.1204],[105.1631,9.1221],[105.1636,9.1234],[105.1636,9.1246],[105.1633,9.1254],[105.1628,9.1258],[105.1616,9.1275],[105.161,9.1279],[105.1602,9.1291],[105.1596,9.1321],[105.1597,9.133],[105.1607,9.1347],[105.1616,9.1356],[105.1624,9.136],[105.1632,9.1369],[105.1639,9.1373],[105.1645,9.1383],[105.1646,9.1392],[105.1644,9.1402],[105.1633,9.1419],[105.1621,9.1441],[105.1616,9.1454],[105.1609,9.1477],[105.1609,9.1492],[105.1606,9.1517],[105.1596,9.1542],[105.1588,9.1552],[105.158,9.1554],[105.1564,9.1565],[105.156,9.1571],[105.1558,9.1582],[105.1558,9.16],[105.1552,9.1625],[105.1544,9.1645],[105.1543,9.1654],[105.1546,9.1671],[105.1546,9.1678],[105.1541,9.1684],[105.1517,9.1699],[105.151,9.1705],[105.149,9.172],[105.1482,9.1723],[105.1547,9.1727],[105.1547,9.1724],[105.158,9.1728],[105.1606,9.1735],[105.1636,9.1747],[105.1664,9.1753],[105.1692,9.1753],[105.1753,9.1744],[105.1788,9.174],[105.1913,9.1727],[105.1942,9.1724],[105.1978,9.1719],[105.2004,9.1713],[105.2037,9.1702],[105.2084,9.1683],[105.2139,9.1662],[105.222,9.1638],[105.2499,9.1618],[105.2511,9.162],[105.2564,9.1635],[105.2567,9.1635],[105.2702,9.1683],[105.2791,9.1741]]]},"properties":{"name":"Hoà Thành","level":"ward"}},{"type":"Feature","geometry":{"type":"Polygon","coordinates":[[[104.9599,9.5516],[104.962,9.5494],[104.9751,9.5365],[104.9787,9.5328],[104.9909,9.5208],[105.0045,9.5074],[105.0075,9.5044],[105.0101,9.5019],[105.0124,9.4967],[105.0125,9.4964],[105.0163,9.4878],[105.0186,9.4826],[105.0225,9.4742],[105.0243,9.4703],[105.0289,9.4602],[105.0334,9.4504],[105.0379,9.4409],[105.0381,9.4402],[105.043,9.4209],[105.0449,9.413],[105.0482,9.4002],[105.0493,9.3956],[105.0534,9.3792],[105.0542,9.3759],[105.0563,9.3677],[105.0571,9.3658],[105.0603,9.3578],[105.063,9.3509],[105.0669,9.3411],[105.0549,9.3357],[105.0545,9.3359],[105.0471,9.3329],[105.0441,9.3317],[105.0458,9.3269],[105.0431,9.3259],[105.0354,9.3228],[105.0184,9.3161],[105.0179,9.317],[105.0168,9.3199],[105.0147,9.3262],[105.0138,9.3287],[105.0126,9.3323],[105.0119,9.3359],[105.0114,9.3393],[105.0101,9.3443],[105.0096,9.3462],[105.0088,9.35],[105.0086,9.352],[105.0081,9.3544],[105.0075,9.3574],[105.0068,9.3625],[105.0065,9.3658],[105.0059,9.3695],[105.0047,9.3742],[105.0039,9.3762],[105.0021,9.3796],[105.0002,9.3823],[104.998,9.3853],[104.9947,9.3889],[104.992,9.3913],[104.9867,9.3963],[104.9855,9.3975],[104.9848,9.3973],[104.983,9.3961],[104.9815,9.3947],[104.9808,9.3953],[104.9794,9.3936],[104.9771,9.3919],[104.9745,9.3944],[104.973,9.3939],[104.971,9.3935],[104.9496,9.3888],[104.9474,9.3882],[104.947,9.3885],[104.9444,9.3953],[104.9443,9.3959],[104.9432,9.3972],[104.9315,9.4085],[104.9327,9.4093],[104.9495,9.4219],[104.9502,9.4224],[104.9488,9.4235],[104.9473,9.4244],[104.9428,9.4266],[104.9404,9.4278],[104.9382,9.4293],[104.9362,9.4312],[104.9331,9.4349],[104.9312,9.4374],[104.9267,9.4422],[104.9224,9.4464],[104.9204,9.4484],[104.9184,9.4508],[104.914,9.4572],[104.9115,9.4606],[104.9096,9.4629],[104.9071,9.4657],[104.9029,9.4697],[104.9005,9.4721],[104.8966,9.4763],[104.8935,9.4801],[104.8907,9.4836],[104.8887,9.486],[104.8813,9.4941],[104.8845,9.5004],[104.8867,9.5044],[104.8886,9.5082],[104.8903,9.5112],[104.8953,9.521],[104.8971,9.5244],[104.8983,9.5268],[104.9022,9.5343],[104.9047,9.5391],[104.9082,9.5458],[104.9152,9.5592],[104.9165,9.5616],[104.9193,9.5586],[104.9231,9.5549],[104.9263,9.5518],[104.929,9.549],[104.9329,9.5452],[104.9382,9.5399],[104.94,9.5382],[104.9435,9.5347],[104.9456,9.5328],[104.9461,9.5331],[104.9509,9.5396],[104.9553,9.5456],[104.9559,9.547],[104.9596,9.5516],[104.9599,9.5516]]]},"properties":{"name":"Nguyễn Phích","level":"ward"}},{"type":"Feature","geometry":{"type":"Polygon","coordinates":[[[104.8813,9.4941],[104.8887,9.486],[104.8907,9.4836],[104.8935,9.4801],[104.8966,9.4763],[104.9005,9.4721],[104.9029,9.4697],[104.9071,9.4657],[104.9096,9.4629],[104.9115,9.4606],[104.914,9.4572],[104.9184,9.4508],[104.9204,9.4484],[104.9224,9.4464],[104.9267,9.4422],[104.9312,9.4374],[104.9331,9.4349],[104.9362,9.4312],[104.9382,9.4293],[104.9404,9.4278],[104.9428,9.4266],[104.9473,9.4244],[104.9488,9.4235],[104.9502,9.4224],[104.9495,9.4219],[104.9327,9.4093],[104.9315,9.4085],[104.9432,9.3972],[104.9443,9.3959],[104.9341,9.3927],[104.9227,9.3893],[104.9199,9.3884],[104.9158,9.3876],[104.9099,9.3861],[104.8985,9.3833],[104.8922,9.3817],[104.8912,9.3811],[104.89,9.3792],[104.886,9.3769],[104.8841,9.3757],[104.8788,9.3725],[104.8765,9.371],[104.8679,9.366],[104.8593,9.3612],[104.8565,9.3595],[104.8534,9.3578],[104.8518,9.3602],[104.8505,9.3626],[104.8507,9.3657],[104.8507,9.3692],[104.8507,9.3753],[104.8506,9.3757],[104.8483,9.3756],[104.8474,9.3754],[104.8445,9.3751],[104.8424,9.3752],[104.8391,9.3754],[104.8382,9.3753],[104.835,9.3759],[104.8325,9.3756],[104.8317,9.3757],[104.8299,9.3756],[104.8297,9.376],[104.8297,9.378],[104.8297,9.3863],[104.8298,9.3903],[104.83,9.3915],[104.8301,9.3956],[104.8305,9.4022],[104.8302,9.4051],[104.8302,9.406],[104.8305,9.4091],[104.8305,9.4114],[104.8307,9.4124],[104.8312,9.4136],[104.831,9.4148],[104.8309,9.4165],[104.8311,9.4192],[104.8313,9.4198],[104.8315,9.4231],[104.831,9.4257],[104.8314,9.4276],[104.8315,9.4302],[104.8313,9.4318],[104.832,9.4387],[104.8321,9.4413],[104.8318,9.4418],[104.8319,9.4427],[104.832,9.446],[104.8324,9.4466],[104.832,9.4492],[104.8324,9.4511],[104.8324,9.4536],[104.8326,9.4543],[104.8325,9.4577],[104.8327,9.4638],[104.8332,9.4705],[104.8333,9.4746],[104.8335,9.4757],[104.8332,9.4765],[104.8334,9.4775],[104.8334,9.4798],[104.8335,9.4842],[104.8333,9.4846],[104.8336,9.4856],[104.8337,9.4868],[104.8335,9.4875],[104.8338,9.4888],[104.8338,9.4904],[104.8342,9.5013],[104.8344,9.5034],[104.8345,9.5063],[104.8342,9.5077],[104.8346,9.5083],[104.8347,9.5125],[104.8351,9.5129],[104.835,9.5145],[104.8353,9.5153],[104.8355,9.5181],[104.8353,9.5211],[104.8356,9.5251],[104.8361,9.5253],[104.8363,9.5285],[104.8368,9.5308],[104.8384,9.5308],[104.8387,9.5314],[104.8409,9.531],[104.8417,9.5307],[104.8452,9.5297],[104.8459,9.5293],[104.8481,9.5261],[104.849,9.5244],[104.8503,9.5227],[104.8518,9.5211],[104.8539,9.5185],[104.8561,9.5162],[104.8587,9.5138],[104.8635,9.5098],[104.8681,9.5064],[104.8706,9.5043],[104.8709,9.5042],[104.8747,9.501],[104.8778,9.498],[104.8813,9.4941]]]},"properties":{"name":"U Minh","level":"ward"}},{"type":"Feature","geometry":{"type":"Polygon","coordinates":[[[105.0867,9.2016],[105.0878,9.1956],[105.0879,9.1928],[105.0878,9.1916],[105.0811,9.1911],[105.0769,9.1907],[105.0658,9.1899],[105.0616,9.1896],[105.0455,9.1883],[105.0421,9.1881],[105.0386,9.1878],[105.0252,9.1868],[105.0186,9.1862],[105.0183,9.1907],[105.0044,9.1898],[105.0038,9.1983],[105.0038,9.1987],[104.9947,9.1981],[104.9945,9.1981],[104.9946,9.1991],[104.9943,9.2032],[104.9935,9.2137],[104.9932,9.2183],[104.9926,9.2269],[104.992,9.2348],[104.9917,9.2385],[104.9918,9.2394],[104.9891,9.2394],[104.9883,9.2392],[104.9859,9.2392],[104.9805,9.2394],[104.9801,9.2395],[104.9766,9.2395],[104.9744,9.2394],[104.9641,9.2395],[104.9583,9.2396],[104.9484,9.2397],[104.9383,9.2398],[104.9303,9.2399],[104.9305,9.2521],[104.9305,9.2566],[104.9306,9.2606],[104.9307,9.2737],[104.9307,9.2773],[104.9309,9.2874],[104.9313,9.3088],[104.9314,9.3122],[104.932,9.3121],[104.9392,9.312],[104.9543,9.312],[104.9598,9.3118],[104.9721,9.3118],[104.9835,9.3117],[104.9905,9.3116],[105.0042,9.3115],[105.0069,9.3115],[105.0068,9.312],[105.0082,9.3121],[105.011,9.3132],[105.0184,9.3161],[105.0354,9.3228],[105.0431,9.3259],[105.0458,9.3269],[105.0475,9.3211],[105.0516,9.3082],[105.0525,9.3053],[105.0534,9.3031],[105.055,9.2994],[105.0566,9.2959],[105.0615,9.2849],[105.0646,9.2778],[105.0652,9.2781],[105.0657,9.2777],[105.0731,9.2705],[105.0745,9.2691],[105.0755,9.2689],[105.0787,9.2685],[105.0828,9.2679],[105.0834,9.268],[105.0852,9.269],[105.0869,9.2691],[105.0861,9.2649],[105.0841,9.2583],[105.083,9.2551],[105.0817,9.2524],[105.0792,9.2492],[105.0782,9.2482],[105.077,9.2474],[105.0737,9.2446],[105.072,9.2423],[105.0701,9.2394],[105.0704,9.2372],[105.0709,9.2359],[105.0722,9.2342],[105.0761,9.2304],[105.0773,9.229],[105.0799,9.2249],[105.0813,9.2221],[105.0821,9.2198],[105.0829,9.217],[105.0838,9.2121],[105.0854,9.2057],[105.0867,9.2016]]]},"properties":{"name":"Khánh An","level":"ward"}},{"type":"Feature","geometry":{"type":"Polygon","coordinates":[[[104.9443,9.3959],[104.9444,9.3953],[104.947,9.3885],[104.9474,9.3882],[104.9496,9.3888],[104.971,9.3935],[104.973,9.3939],[104.9745,9.3944],[104.9771,9.3919],[104.9794,9.3936],[104.9808,9.3953],[104.9815,9.3947],[104.983,9.3961],[104.9848,9.3973],[104.9855,9.3975],[104.9867,9.3963],[104.992,9.3913],[104.9947,9.3889],[104.998,9.3853],[105.0002,9.3823],[105.0021,9.3796],[105.0039,9.3762],[105.0047,9.3742],[105.0059,9.3695],[105.0065,9.3658],[105.0068,9.3625],[105.0075,9.3574],[105.0081,9.3544],[105.0086,9.352],[105.0088,9.35],[105.0096,9.3462],[105.0101,9.3443],[105.0114,9.3393],[105.0119,9.3359],[105.0126,9.3323],[105.0138,9.3287],[105.0147,9.3262],[105.0168,9.3199],[105.0179,9.317],[105.0184,9.3161],[105.011,9.3132],[105.0082,9.3121],[105.0068,9.312],[105.0069,9.3115],[105.0042,9.3115],[104.9905,9.3116],[104.9835,9.3117],[104.9721,9.3118],[104.9598,9.3118],[104.9543,9.312],[104.9392,9.312],[104.932,9.3121],[104.9314,9.3122],[104.9313,9.3088],[104.9309,9.2874],[104.9307,9.2773],[104.9188,9.2769],[104.9097,9.2765],[104.8975,9.276],[104.8938,9.2759],[104.8825,9.2757],[104.8788,9.2758],[104.8733,9.2756],[104.8656,9.2752],[104.8528,9.2748],[104.8496,9.2747],[104.8339,9.2735],[104.8312,9.2737],[104.8239,9.2742],[104.8239,9.2748],[104.8235,9.2753],[104.8239,9.276],[104.8241,9.28],[104.8241,9.283],[104.8245,9.286],[104.8245,9.2879],[104.8248,9.2912],[104.8247,9.2947],[104.8249,9.296],[104.8248,9.2971],[104.8252,9.2988],[104.8248,9.3008],[104.8249,9.302],[104.8247,9.3036],[104.8248,9.3051],[104.825,9.3075],[104.825,9.3111],[104.8248,9.3133],[104.8248,9.3147],[104.825,9.3173],[104.8248,9.3199],[104.825,9.3232],[104.8249,9.3245],[104.825,9.3261],[104.8249,9.3292],[104.8247,9.3303],[104.8246,9.3348],[104.8247,9.3371],[104.8252,9.3398],[104.8252,9.3411],[104.8262,9.3425],[104.8262,9.3437],[104.8258,9.3455],[104.8256,9.3487],[104.8253,9.3497],[104.8257,9.3516],[104.8255,9.3524],[104.8258,9.3534],[104.8258,9.3547],[104.8262,9.3552],[104.826,9.3558],[104.8264,9.3595],[104.8267,9.3614],[104.8275,9.3658],[104.8277,9.3671],[104.8274,9.3694],[104.8273,9.374],[104.8291,9.375],[104.8299,9.3756],[104.8317,9.3757],[104.8325,9.3756],[104.835,9.3759],[104.8382,9.3753],[104.8391,9.3754],[104.8424,9.3752],[104.8445,9.3751],[104.8474,9.3754],[104.8483,9.3756],[104.8506,9.3757],[104.8507,9.3753],[104.8507,9.3692],[104.8507,9.3657],[104.8505,9.3626],[104.8518,9.3602],[104.8534,9.3578],[104.8565,9.3595],[104.8593,9.3612],[104.8679,9.366],[104.8765,9.371],[104.8788,9.3725],[104.8841,9.3757],[104.886,9.3769],[104.89,9.3792],[104.8912,9.3811],[104.8922,9.3817],[104.8985,9.3833],[104.9099,9.3861],[104.9158,9.3876],[104.9199,9.3884],[104.9227,9.3893],[104.9341,9.3927],[104.9443,9.3959]]]},"properties":{"name":"Khánh Lâm","level":"ward"}},{"type":"Feature","geometry":{"type":"Polygon","coordinates":[[[105.0458,9.3269],[105.0441,9.3317],[105.0471,9.3329],[105.0545,9.3359],[105.0549,9.3357],[105.0669,9.3411],[105.063,9.3509],[105.0603,9.3578],[105.0571,9.3658],[105.0625,9.3686],[105.0656,9.3702],[105.0687,9.3719],[105.0731,9.3742],[105.0742,9.3726],[105.0748,9.3719],[105.0787,9.374],[105.0826,9.3761],[105.0859,9.3779],[105.0927,9.3817],[105.099,9.3851],[105.1061,9.3916],[105.1083,9.3936],[105.1186,9.4032],[105.125,9.399],[105.128,9.397],[105.1341,9.391],[105.1342,9.3912],[105.1396,9.3861],[105.1441,9.3818],[105.146,9.38],[105.1495,9.3795],[105.1498,9.3794],[105.1534,9.3789],[105.1603,9.3782],[105.161,9.378],[105.1608,9.3707],[105.1605,9.3701],[105.161,9.3696],[105.1623,9.3698],[105.1636,9.3696],[105.1654,9.3687],[105.1666,9.368],[105.1681,9.3683],[105.169,9.3674],[105.1706,9.3673],[105.1729,9.3665],[105.1729,9.3658],[105.1736,9.3651],[105.1733,9.3644],[105.1739,9.364],[105.1736,9.3628],[105.1741,9.3608],[105.1748,9.3601],[105.1746,9.3587],[105.1751,9.3581],[105.1758,9.3566],[105.1759,9.3558],[105.1766,9.3553],[105.1766,9.3544],[105.1758,9.3533],[105.1771,9.3526],[105.1776,9.3519],[105.1775,9.351],[105.1768,9.3505],[105.1769,9.3492],[105.1767,9.3478],[105.1762,9.3474],[105.1768,9.3463],[105.1763,9.3452],[105.1763,9.3434],[105.1754,9.3436],[105.1754,9.3426],[105.1766,9.3396],[105.1779,9.3387],[105.178,9.3381],[105.1787,9.3379],[105.1787,9.3365],[105.1777,9.3363],[105.1777,9.3345],[105.1783,9.3335],[105.1781,9.333],[105.1796,9.332],[105.1795,9.3316],[105.1786,9.3283],[105.178,9.3278],[105.1779,9.326],[105.1782,9.3247],[105.1778,9.3219],[105.1771,9.321],[105.1764,9.321],[105.1769,9.3197],[105.1767,9.3181],[105.1769,9.3172],[105.176,9.3164],[105.1755,9.3136],[105.1754,9.3116],[105.1741,9.308],[105.1739,9.3063],[105.1754,9.301],[105.176,9.2999],[105.177,9.2957],[105.1772,9.2929],[105.1718,9.2958],[105.1646,9.2996],[105.1607,9.3016],[105.1586,9.3029],[105.1584,9.3025],[105.1522,9.3029],[105.1479,9.3032],[105.1349,9.3042],[105.1281,9.3046],[105.1258,9.2975],[105.1142,9.2965],[105.1106,9.2962],[105.1094,9.2964],[105.1081,9.2962],[105.1071,9.2963],[105.1031,9.2952],[105.1013,9.2951],[105.0988,9.2952],[105.0973,9.2954],[105.0954,9.296],[105.0947,9.2968],[105.0937,9.2974],[105.0928,9.2971],[105.0915,9.2971],[105.0879,9.2974],[105.0879,9.2982],[105.0852,9.2983],[105.0833,9.2986],[105.0825,9.2991],[105.0809,9.2997],[105.0793,9.2999],[105.0705,9.2999],[105.0652,9.2992],[105.0566,9.2959],[105.055,9.2994],[105.0534,9.3031],[105.0525,9.3053],[105.0516,9.3082],[105.0475,9.3211],[105.0458,9.3269]]]},"properties":{"name":"Thới Bình","level":"ward"}},{"type":"Feature","geometry":{"type":"Polygon","coordinates":[[[105.0571,9.3658],[105.0563,9.3677],[105.0542,9.3759],[105.0534,9.3792],[105.0493,9.3956],[105.0482,9.4002],[105.0449,9.413],[105.043,9.4209],[105.0381,9.4402],[105.0379,9.4409],[105.0334,9.4504],[105.0289,9.4602],[105.0243,9.4703],[105.0225,9.4742],[105.0186,9.4826],[105.0163,9.4878],[105.0125,9.4964],[105.0124,9.4967],[105.0101,9.5019],[105.0075,9.5044],[105.0045,9.5074],[104.9909,9.5208],[104.9787,9.5328],[104.9751,9.5365],[104.962,9.5494],[104.9599,9.5516],[104.963,9.5559],[104.9655,9.553],[104.967,9.5515],[104.9686,9.5501],[104.9723,9.5473],[104.9734,9.5465],[104.9762,9.5448],[104.9787,9.5436],[104.9815,9.5423],[104.9846,9.5415],[104.9874,9.5413],[104.9901,9.5409],[104.9912,9.5405],[104.992,9.5399],[104.9926,9.539],[104.9949,9.5402],[104.9957,9.5407],[104.9965,9.5415],[104.9975,9.543],[104.9991,9.5465],[105,9.5486],[105.0009,9.5513],[105.0014,9.5531],[105.003,9.5585],[105.0063,9.5565],[105.0082,9.5553],[105.0228,9.5464],[105.0285,9.543],[105.042,9.5348],[105.0546,9.5273],[105.0568,9.5262],[105.0601,9.5243],[105.0647,9.5213],[105.078,9.5133],[105.0838,9.5097],[105.0875,9.5074],[105.0977,9.5013],[105.1075,9.4953],[105.1089,9.4944],[105.1177,9.489],[105.121,9.487],[105.137,9.4779],[105.1304,9.4715],[105.1268,9.468],[105.1154,9.4568],[105.1121,9.4535],[105.106,9.4476],[105.0968,9.4386],[105.0992,9.4371],[105.1068,9.4325],[105.1117,9.4296],[105.1197,9.4247],[105.1173,9.4216],[105.1169,9.4216],[105.1169,9.4198],[105.118,9.4194],[105.1183,9.4185],[105.1162,9.4158],[105.1151,9.4147],[105.1127,9.4128],[105.1109,9.4114],[105.1089,9.4095],[105.1138,9.4064],[105.1186,9.4032],[105.1083,9.3936],[105.1061,9.3916],[105.099,9.3851],[105.0927,9.3817],[105.0859,9.3779],[105.0826,9.3761],[105.0787,9.374],[105.0748,9.3719],[105.0742,9.3726],[105.0731,9.3742],[105.0687,9.3719],[105.0656,9.3702],[105.0625,9.3686],[105.0571,9.3658]]]},"properties":{"name":"Biển Bạch","level":"ward"}},{"type":"Feature","geometry":{"type":"Polygon","coordinates":[[[105.2948,9.3881],[105.2968,9.3868],[105.2852,9.3748],[105.2844,9.374],[105.2739,9.3632],[105.2551,9.3438],[105.2542,9.3428],[105.2535,9.3433],[105.2523,9.3413],[105.2513,9.3403],[105.2509,9.3389],[105.2492,9.3361],[105.2481,9.3349],[105.2487,9.3338],[105.2488,9.3329],[105.2487,9.3289],[105.2495,9.328],[105.2508,9.3261],[105.2514,9.3255],[105.2508,9.3246],[105.2505,9.3246],[105.2497,9.3236],[105.2488,9.3231],[105.2481,9.3233],[105.2482,9.3239],[105.2457,9.3241],[105.2453,9.3242],[105.243,9.3244],[105.2416,9.3243],[105.2416,9.325],[105.2406,9.3277],[105.2402,9.328],[105.2393,9.328],[105.2372,9.3282],[105.2373,9.3294],[105.2366,9.3291],[105.2351,9.3278],[105.2343,9.328],[105.2332,9.329],[105.2332,9.3301],[105.2323,9.3317],[105.2313,9.3344],[105.2305,9.3359],[105.2271,9.3359],[105.2251,9.3361],[105.2233,9.3358],[105.22,9.3357],[105.2182,9.3358],[105.2102,9.3395],[105.2098,9.3405],[105.209,9.3418],[105.2076,9.3427],[105.2064,9.3425],[105.2052,9.3425],[105.2036,9.3428],[105.2028,9.3432],[105.2007,9.3438],[105.1988,9.3441],[105.1982,9.3446],[105.1979,9.3455],[105.1973,9.3459],[105.1949,9.3453],[105.1924,9.3453],[105.1908,9.3457],[105.1893,9.3462],[105.1876,9.346],[105.1868,9.3457],[105.1854,9.3456],[105.1844,9.3461],[105.1844,9.3483],[105.1842,9.3488],[105.1769,9.3492],[105.1768,9.3505],[105.1775,9.351],[105.1776,9.3519],[105.1771,9.3526],[105.1758,9.3533],[105.1766,9.3544],[105.1766,9.3553],[105.1759,9.3558],[105.1758,9.3566],[105.1751,9.3581],[105.1746,9.3587],[105.1748,9.3601],[105.1741,9.3608],[105.1736,9.3628],[105.1739,9.364],[105.1733,9.3644],[105.1736,9.3651],[105.1729,9.3658],[105.1729,9.3665],[105.1706,9.3673],[105.169,9.3674],[105.1681,9.3683],[105.1666,9.368],[105.1654,9.3687],[105.1636,9.3696],[105.1623,9.3698],[105.161,9.3696],[105.1605,9.3701],[105.1608,9.3707],[105.161,9.378],[105.1603,9.3782],[105.1534,9.3789],[105.1498,9.3794],[105.1495,9.3795],[105.146,9.38],[105.1441,9.3818],[105.1396,9.3861],[105.1342,9.3912],[105.1341,9.391],[105.128,9.397],[105.125,9.399],[105.1186,9.4032],[105.1138,9.4064],[105.1089,9.4095],[105.1109,9.4114],[105.1127,9.4128],[105.1151,9.4147],[105.1162,9.4158],[105.1183,9.4185],[105.118,9.4194],[105.1169,9.4198],[105.1169,9.4216],[105.1173,9.4216],[105.1197,9.4247],[105.1117,9.4296],[105.1068,9.4325],[105.0992,9.4371],[105.0968,9.4386],[105.106,9.4476],[105.1121,9.4535],[105.1154,9.4568],[105.1268,9.468],[105.1304,9.4715],[105.137,9.4779],[105.1416,9.4751],[105.1438,9.4737],[105.1487,9.4707],[105.1584,9.4646],[105.1685,9.4583],[105.1738,9.4549],[105.1769,9.4531],[105.1866,9.4469],[105.1899,9.4449],[105.1903,9.4445],[105.1948,9.4417],[105.2014,9.4375],[105.207,9.4341],[105.2088,9.4329],[105.2136,9.4299],[105.2196,9.4261],[105.2244,9.4231],[105.2322,9.4182],[105.2345,9.4166],[105.2395,9.4135],[105.243,9.4113],[105.2521,9.4056],[105.2621,9.3992],[105.2625,9.3992],[105.2698,9.3969],[105.2732,9.3956],[105.2738,9.3961],[105.275,9.3951],[105.2779,9.3987],[105.2862,9.3934],[105.2948,9.3881]]]},"properties":{"name":"Trí Phải","level":"ward"}},{"type":"Feature","geometry":{"type":"Polygon","coordinates":[[[105.2508,9.3246],[105.2512,9.3238],[105.2523,9.323],[105.253,9.323],[105.2531,9.3213],[105.2538,9.3211],[105.2538,9.3195],[105.2542,9.3195],[105.2543,9.3168],[105.2552,9.3166],[105.2552,9.3173],[105.256,9.3174],[105.2564,9.3165],[105.2572,9.3153],[105.2585,9.314],[105.2593,9.3129],[105.2635,9.3082],[105.2635,9.3081],[105.2665,9.3056],[105.2663,9.3052],[105.2679,9.3043],[105.2686,9.3041],[105.2715,9.3022],[105.2762,9.2989],[105.2796,9.2956],[105.2855,9.2891],[105.2894,9.2849],[105.2941,9.2796],[105.2888,9.2747],[105.2804,9.2666],[105.2787,9.2653],[105.2777,9.2648],[105.2758,9.2635],[105.2739,9.2627],[105.2731,9.2622],[105.2692,9.2602],[105.2661,9.2585],[105.2643,9.2566],[105.2634,9.2555],[105.2625,9.2538],[105.2614,9.2529],[105.2587,9.2517],[105.2577,9.2508],[105.2575,9.2498],[105.2576,9.248],[105.2572,9.247],[105.256,9.2455],[105.2553,9.2428],[105.2549,9.243],[105.2496,9.2469],[105.2455,9.2499],[105.2436,9.249],[105.2393,9.2472],[105.239,9.247],[105.2367,9.2436],[105.2317,9.2464],[105.2296,9.2475],[105.2275,9.2467],[105.2255,9.2464],[105.2234,9.247],[105.2218,9.2462],[105.2213,9.2457],[105.2201,9.2429],[105.2195,9.2423],[105.2185,9.2419],[105.2167,9.2422],[105.2161,9.2429],[105.2154,9.2444],[105.2144,9.246],[105.2138,9.2466],[105.2127,9.2473],[105.2121,9.2471],[105.2109,9.2462],[105.2102,9.2454],[105.2094,9.2449],[105.2086,9.2448],[105.2079,9.2463],[105.2078,9.247],[105.2071,9.2475],[105.2062,9.249],[105.2043,9.2564],[105.2037,9.2575],[105.2034,9.2586],[105.2032,9.2605],[105.2029,9.2621],[105.2029,9.2636],[105.2033,9.265],[105.2028,9.2655],[105.2029,9.2671],[105.2027,9.2674],[105.2013,9.2667],[105.1996,9.2669],[105.1987,9.2666],[105.1978,9.2665],[105.1967,9.2669],[105.1944,9.2666],[105.1919,9.2666],[105.1906,9.2663],[105.1892,9.2655],[105.1879,9.2654],[105.1857,9.2657],[105.1835,9.2646],[105.1803,9.264],[105.1798,9.2641],[105.1791,9.2656],[105.1782,9.2669],[105.1793,9.2686],[105.1792,9.2696],[105.1785,9.2707],[105.1777,9.271],[105.1774,9.2723],[105.1767,9.2741],[105.1762,9.2746],[105.1751,9.275],[105.1749,9.2755],[105.1757,9.2771],[105.1761,9.2788],[105.1757,9.2814],[105.175,9.282],[105.1758,9.283],[105.1767,9.2834],[105.1776,9.2843],[105.1771,9.2859],[105.1772,9.2863],[105.1778,9.2871],[105.1781,9.2885],[105.1781,9.2893],[105.1776,9.2904],[105.1772,9.292],[105.1772,9.2929],[105.177,9.2957],[105.176,9.2999],[105.1754,9.301],[105.1739,9.3063],[105.1741,9.308],[105.1754,9.3116],[105.1755,9.3136],[105.176,9.3164],[105.1769,9.3172],[105.1767,9.3181],[105.1769,9.3197],[105.1764,9.321],[105.1771,9.321],[105.1778,9.3219],[105.1782,9.3247],[105.1779,9.326],[105.178,9.3278],[105.1786,9.3283],[105.1795,9.3316],[105.1796,9.332],[105.1781,9.333],[105.1783,9.3335],[105.1777,9.3345],[105.1777,9.3363],[105.1787,9.3365],[105.1787,9.3379],[105.178,9.3381],[105.1779,9.3387],[105.1766,9.3396],[105.1754,9.3426],[105.1754,9.3436],[105.1763,9.3434],[105.1763,9.3452],[105.1768,9.3463],[105.1762,9.3474],[105.1767,9.3478],[105.1769,9.3492],[105.1842,9.3488],[105.1844,9.3483],[105.1844,9.3461],[105.1854,9.3456],[105.1868,9.3457],[105.1876,9.346],[105.1893,9.3462],[105.1908,9.3457],[105.1924,9.3453],[105.1949,9.3453],[105.1973,9.3459],[105.1979,9.3455],[105.1982,9.3446],[105.1988,9.3441],[105.2007,9.3438],[105.2028,9.3432],[105.2036,9.3428],[105.2052,9.3425],[105.2064,9.3425],[105.2076,9.3427],[105.209,9.3418],[105.2098,9.3405],[105.2102,9.3395],[105.2182,9.3358],[105.22,9.3357],[105.2233,9.3358],[105.2251,9.3361],[105.2271,9.3359],[105.2305,9.3359],[105.2313,9.3344],[105.2323,9.3317],[105.2332,9.3301],[105.2332,9.329],[105.2343,9.328],[105.2351,9.3278],[105.2366,9.3291],[105.2373,9.3294],[105.2372,9.3282],[105.2393,9.328],[105.2402,9.328],[105.2406,9.3277],[105.2416,9.325],[105.2416,9.3243],[105.243,9.3244],[105.2453,9.3242],[105.2457,9.3241],[105.2482,9.3239],[105.2481,9.3233],[105.2488,9.3231],[105.2497,9.3236],[105.2505,9.3246],[105.2508,9.3246]]]},"properties":{"name":"Tân Lộc","level":"ward"}},{"type":"Feature","geometry":{"type":"Polygon","coordinates":[[[105.1782,9.2669],[105.1773,9.2664],[105.1759,9.2645],[105.1726,9.2655],[105.1717,9.2653],[105.1712,9.2649],[105.1705,9.2632],[105.1705,9.261],[105.1703,9.2593],[105.1695,9.2586],[105.1675,9.2583],[105.1665,9.2578],[105.165,9.2565],[105.1648,9.256],[105.1656,9.2543],[105.1658,9.2532],[105.1654,9.2527],[105.1638,9.2517],[105.163,9.2516],[105.162,9.2523],[105.1612,9.2517],[105.1606,9.2498],[105.1599,9.2487],[105.1586,9.2484],[105.1577,9.247],[105.1566,9.246],[105.1553,9.2452],[105.1553,9.2438],[105.1548,9.2436],[105.1531,9.2433],[105.1525,9.2434],[105.1515,9.2453],[105.1508,9.2455],[105.1495,9.2447],[105.1488,9.2441],[105.1484,9.2431],[105.1484,9.2412],[105.1484,9.24],[105.148,9.2389],[105.1474,9.2381],[105.1462,9.2371],[105.1443,9.2365],[105.1431,9.2356],[105.1425,9.2336],[105.1419,9.2334],[105.1395,9.2334],[105.1387,9.2328],[105.1382,9.2319],[105.1374,9.2299],[105.1368,9.2272],[105.1364,9.2268],[105.1353,9.2265],[105.1346,9.2256],[105.1323,9.223],[105.1285,9.2188],[105.1232,9.2128],[105.1194,9.2087],[105.1192,9.2083],[105.1167,9.2082],[105.1146,9.2083],[105.1128,9.208],[105.1078,9.2067],[105.1036,9.2057],[105.1007,9.2046],[105.0992,9.2037],[105.097,9.2021],[105.0964,9.2018],[105.0939,9.2013],[105.0926,9.2013],[105.0897,9.2007],[105.0888,9.2008],[105.0867,9.2016],[105.0854,9.2057],[105.0838,9.2121],[105.0829,9.217],[105.0821,9.2198],[105.0813,9.2221],[105.0799,9.2249],[105.0773,9.229],[105.0761,9.2304],[105.0722,9.2342],[105.0709,9.2359],[105.0704,9.2372],[105.0701,9.2394],[105.072,9.2423],[105.0737,9.2446],[105.077,9.2474],[105.0782,9.2482],[105.0792,9.2492],[105.0817,9.2524],[105.083,9.2551],[105.0841,9.2583],[105.0861,9.2649],[105.0869,9.2691],[105.0852,9.269],[105.0834,9.268],[105.0828,9.2679],[105.0787,9.2685],[105.0755,9.2689],[105.0745,9.2691],[105.0731,9.2705],[105.0657,9.2777],[105.0652,9.2781],[105.0646,9.2778],[105.0615,9.2849],[105.0566,9.2959],[105.0652,9.2992],[105.0705,9.2999],[105.0793,9.2999],[105.0809,9.2997],[105.0825,9.2991],[105.0833,9.2986],[105.0852,9.2983],[105.0879,9.2982],[105.0879,9.2974],[105.0915,9.2971],[105.0928,9.2971],[105.0937,9.2974],[105.0947,9.2968],[105.0954,9.296],[105.0973,9.2954],[105.0988,9.2952],[105.1013,9.2951],[105.1031,9.2952],[105.1071,9.2963],[105.1081,9.2962],[105.1094,9.2964],[105.1106,9.2962],[105.1142,9.2965],[105.1258,9.2975],[105.1281,9.3046],[105.1349,9.3042],[105.1479,9.3032],[105.1522,9.3029],[105.1584,9.3025],[105.1586,9.3029],[105.1607,9.3016],[105.1646,9.2996],[105.1718,9.2958],[105.1772,9.2929],[105.1772,9.292],[105.1776,9.2904],[105.1781,9.2893],[105.1781,9.2885],[105.1778,9.2871],[105.1772,9.2863],[105.1771,9.2859],[105.1776,9.2843],[105.1767,9.2834],[105.1758,9.283],[105.175,9.282],[105.1757,9.2814],[105.1761,9.2788],[105.1757,9.2771],[105.1749,9.2755],[105.1751,9.275],[105.1762,9.2746],[105.1767,9.2741],[105.1774,9.2723],[105.1777,9.271],[105.1785,9.2707],[105.1792,9.2696],[105.1793,9.2686],[105.1782,9.2669]]]},"properties":{"name":"Hồ Thị Kỷ","level":"ward"}},{"type":"Feature","geometry":{"type":"Polygon","coordinates":[[[104.9942,9.0834],[104.9948,9.0825],[104.9957,9.0806],[104.9984,9.0754],[104.9997,9.0725],[104.9993,9.0646],[105.0015,9.0634],[105.0034,9.063],[105.0033,9.0624],[105.0022,9.0623],[105.0022,9.0617],[105.0014,9.0618],[105.001,9.0604],[104.999,9.0599],[104.9971,9.0592],[104.9873,9.059],[104.9868,9.0582],[104.9868,9.0533],[104.9748,9.0507],[104.9735,9.0475],[104.9713,9.0452],[104.9703,9.0449],[104.97,9.0436],[104.9698,9.0422],[104.9682,9.0422],[104.9679,9.0413],[104.9689,9.0401],[104.968,9.0396],[104.9658,9.0414],[104.9652,9.0404],[104.9609,9.0314],[104.9603,9.0283],[104.9608,9.0282],[104.9606,9.0274],[104.9602,9.0269],[104.9607,9.0232],[104.9607,9.0215],[104.9601,9.0208],[104.9594,9.0185],[104.9598,9.0179],[104.9605,9.018],[104.9618,9.0174],[104.9624,9.0176],[104.9631,9.0186],[104.9643,9.0185],[104.9648,9.0177],[104.9656,9.0171],[104.9669,9.0156],[104.968,9.0149],[104.9689,9.0142],[104.9691,9.0128],[104.969,9.0119],[104.9692,9.0108],[104.9691,9.0092],[104.9698,9.0079],[104.9705,9.0063],[104.9709,9.004],[104.9699,9.0026],[104.9696,9.0019],[104.9694,9.0008],[104.9681,8.9983],[104.9671,8.9971],[104.9642,8.998],[104.9622,8.998],[104.9608,8.9978],[104.9592,8.997],[104.9567,8.9957],[104.9542,8.9949],[104.9516,8.9946],[104.9459,8.9946],[104.9438,8.9948],[104.9421,8.9953],[104.9408,8.9964],[104.9385,8.999],[104.9349,9.0025],[104.9319,9.0057],[104.9304,9.0069],[104.929,9.0079],[104.9276,9.0087],[104.9263,9.0091],[104.9243,9.0095],[104.9199,9.0103],[104.9176,9.0105],[104.9142,9.0101],[104.9114,9.009],[104.9086,9.0079],[104.9076,9.0069],[104.9068,9.0057],[104.9055,9.0047],[104.904,9.0043],[104.9025,9.0044],[104.8979,9.0049],[104.8969,9.0048],[104.8963,9.0199],[104.8942,9.0511],[104.8968,9.0515],[104.9005,9.0529],[104.9021,9.0535],[104.9056,9.0545],[104.908,9.0548],[104.9116,9.0552],[104.9151,9.0566],[104.9161,9.0574],[104.919,9.0593],[104.9176,9.0617],[104.9173,9.0626],[104.9162,9.0627],[104.9164,9.0652],[104.916,9.0666],[104.9164,9.0667],[104.9166,9.0677],[104.918,9.068],[104.9172,9.0692],[104.9168,9.0708],[104.9176,9.0714],[104.9172,9.0723],[104.916,9.072],[104.9155,9.0754],[104.9149,9.078],[104.9184,9.0789],[104.9182,9.0798],[104.9147,9.0789],[104.9141,9.0817],[104.9176,9.0827],[104.9174,9.0837],[104.9157,9.0832],[104.9155,9.0839],[104.9173,9.0844],[104.9169,9.086],[104.9153,9.0855],[104.9152,9.0858],[104.9186,9.0868],[104.9185,9.0872],[104.9167,9.0868],[104.9164,9.0879],[104.9144,9.0873],[104.9142,9.088],[104.9163,9.0886],[104.9159,9.0905],[104.9122,9.0894],[104.9121,9.0898],[104.9158,9.0909],[104.9155,9.0918],[104.9137,9.0913],[104.9136,9.0916],[104.9154,9.0922],[104.9149,9.095],[104.9166,9.0952],[104.9165,9.0957],[104.9148,9.0953],[104.9124,9.0946],[104.9122,9.0952],[104.9146,9.0959],[104.9163,9.0963],[104.9163,9.0966],[104.9145,9.0962],[104.9123,9.0956],[104.9122,9.0961],[104.9144,9.0968],[104.9143,9.0973],[104.916,9.0979],[104.9158,9.0986],[104.9141,9.0981],[104.914,9.0987],[104.9107,9.0976],[104.9102,9.0982],[104.9086,9.1032],[104.9101,9.1037],[104.91,9.1047],[104.9089,9.1044],[104.9088,9.105],[104.9107,9.1055],[104.9105,9.106],[104.9122,9.1064],[104.9113,9.1107],[104.9105,9.1105],[104.9099,9.1136],[104.9106,9.1137],[104.91,9.1163],[104.9156,9.1174],[104.9182,9.118],[104.9221,9.119],[104.9207,9.1216],[104.9182,9.1258],[104.9173,9.1274],[104.9179,9.1275],[104.9217,9.1277],[104.9213,9.129],[104.9213,9.1299],[104.9192,9.1299],[104.9189,9.1301],[104.9191,9.1318],[104.9203,9.1317],[104.9201,9.134],[104.9188,9.1339],[104.9189,9.1375],[104.9171,9.138],[104.9158,9.1383],[104.9134,9.1384],[104.9134,9.1438],[104.9136,9.1438],[104.9242,9.1499],[104.93,9.1531],[104.9328,9.1547],[104.9493,9.1642],[104.9525,9.1659],[104.9601,9.1702],[104.9682,9.1748],[104.9694,9.1756],[104.9725,9.1772],[104.9725,9.1739],[104.9733,9.174],[104.9733,9.1763],[104.9742,9.177],[104.9742,9.1739],[104.974,9.1702],[104.9766,9.1672],[104.9833,9.1597],[104.9783,9.1568],[104.9748,9.1546],[104.9736,9.1542],[104.9702,9.1524],[104.9725,9.1491],[104.97,9.1475],[104.9695,9.1483],[104.9667,9.1467],[104.9656,9.1462],[104.9671,9.1427],[104.9675,9.1423],[104.9659,9.141],[104.9658,9.1406],[104.9675,9.1378],[104.9694,9.1348],[104.9718,9.1315],[104.9723,9.1303],[104.973,9.1301],[104.9743,9.1286],[104.9779,9.1305],[104.9786,9.1296],[104.978,9.1287],[104.9801,9.1257],[104.9792,9.1253],[104.9805,9.1214],[104.9813,9.1218],[104.9833,9.1222],[104.9837,9.1213],[104.9834,9.1203],[104.9841,9.1201],[104.9845,9.1184],[104.9848,9.1185],[104.9858,9.1152],[104.988,9.1159],[104.9887,9.1154],[104.9887,9.1141],[104.989,9.1112],[104.9892,9.1102],[104.9841,9.1091],[104.983,9.109],[104.9837,9.1056],[104.9845,9.1025],[104.9833,9.0998],[104.9832,9.0986],[104.9831,9.0949],[104.9824,9.0931],[104.9843,9.0939],[104.9838,9.0882],[104.9803,9.0877],[104.9806,9.0871],[104.9822,9.0872],[104.9823,9.0868],[104.9807,9.0866],[104.9811,9.0852],[104.984,9.0872],[104.9843,9.0857],[104.9863,9.087],[104.9863,9.0857],[104.9843,9.0844],[104.9847,9.0839],[104.9863,9.085],[104.9863,9.0827],[104.9862,9.0776],[104.9891,9.0794],[104.9923,9.0817],[104.9942,9.0834]]]},"properties":{"name":"Trần Văn Thời","level":"ward"}},{"type":"Feature","geometry":{"type":"MultiPolygon","coordinates":[[[[104.8942,9.0511],[104.8963,9.0199],[104.8969,9.0048],[104.8955,9.0044],[104.8936,9.0031],[104.8914,9.0018],[104.8894,9.0005],[104.8879,8.999],[104.8872,8.9968],[104.8868,8.9944],[104.8863,8.9931],[104.8856,8.9919],[104.8845,8.9917],[104.8838,8.992],[104.8826,8.9934],[104.8807,8.9947],[104.8792,8.995],[104.8768,8.9946],[104.8762,8.9943],[104.8748,8.9939],[104.871,8.994],[104.8698,8.9936],[104.869,8.993],[104.8682,8.9913],[104.8683,8.9909],[104.8676,8.988],[104.8677,8.9869],[104.8673,8.986],[104.8659,8.984],[104.8651,8.9836],[104.8634,8.983],[104.861,8.9825],[104.8592,8.9824],[104.8566,8.9822],[104.8551,8.9828],[104.854,8.9839],[104.8532,8.9854],[104.8531,8.9882],[104.8528,8.9889],[104.8515,8.9907],[104.8504,8.9915],[104.8487,8.9915],[104.8473,8.991],[104.8423,8.9869],[104.8413,8.986],[104.8412,8.9855],[104.8402,8.984],[104.8366,8.9792],[104.8358,8.9786],[104.8346,8.9784],[104.8332,8.9789],[104.832,8.9817],[104.831,8.9829],[104.83,8.9835],[104.8285,8.9836],[104.8273,8.9831],[104.8267,8.9826],[104.8264,8.9818],[104.8263,8.9808],[104.8265,8.9789],[104.8264,8.9772],[104.826,8.9761],[104.8252,8.9747],[104.8246,8.9742],[104.8234,8.9739],[104.8223,8.974],[104.821,8.9743],[104.8198,8.9749],[104.8161,8.9771],[104.8143,8.9775],[104.8094,8.9791],[104.8094,8.9797],[104.8055,8.9804],[104.8051,8.9818],[104.805,8.9836],[104.8047,8.9841],[104.8049,8.9852],[104.8049,8.987],[104.8048,8.9875],[104.8051,8.9888],[104.8047,8.9892],[104.8053,8.99],[104.8053,8.9913],[104.8048,8.9923],[104.8052,8.9942],[104.8047,8.9946],[104.8049,8.9956],[104.8047,8.9972],[104.8048,8.9982],[104.8044,8.9991],[104.8048,9.0001],[104.8042,9.0022],[104.8043,9.0033],[104.8046,9.0044],[104.8046,9.0051],[104.8041,9.006],[104.8038,9.0072],[104.8043,9.0079],[104.8038,9.0087],[104.8036,9.011],[104.8036,9.0128],[104.8037,9.0166],[104.8039,9.0174],[104.8045,9.018],[104.8045,9.0186],[104.8039,9.0188],[104.8039,9.0194],[104.8033,9.0198],[104.8031,9.0207],[104.8035,9.0215],[104.8041,9.0212],[104.8046,9.0221],[104.8045,9.023],[104.8049,9.0237],[104.8049,9.0248],[104.8051,9.0259],[104.8056,9.0266],[104.8062,9.027],[104.8067,9.0281],[104.8074,9.0284],[104.8093,9.0289],[104.8097,9.0293],[104.8116,9.0386],[104.8118,9.0395],[104.8107,9.0402],[104.81,9.041],[104.8092,9.0415],[104.8087,9.0422],[104.8089,9.0426],[104.8082,9.0438],[104.8069,9.0439],[104.806,9.0443],[104.8064,9.0455],[104.8057,9.0466],[104.806,9.047],[104.8067,9.0467],[104.8069,9.0479],[104.8059,9.0485],[104.8061,9.049],[104.807,9.0496],[104.8064,9.0526],[104.806,9.0528],[104.8066,9.0539],[104.8068,9.0551],[104.8065,9.0562],[104.8075,9.0567],[104.8066,9.0574],[104.808,9.0585],[104.8075,9.059],[104.8085,9.0594],[104.8096,9.0595],[104.8168,9.0628],[104.8173,9.063],[104.8217,9.0648],[104.827,9.0671],[104.8304,9.0684],[104.8342,9.07],[104.8369,9.0713],[104.838,9.0717],[104.8395,9.0725],[104.8412,9.073],[104.8427,9.0738],[104.8474,9.0759],[104.8478,9.0759],[104.853,9.0782],[104.8534,9.0764],[104.855,9.0674],[104.8551,9.066],[104.8565,9.0581],[104.8574,9.0536],[104.8587,9.0464],[104.8617,9.0475],[104.8665,9.049],[104.8705,9.0497],[104.8742,9.0502],[104.8752,9.0502],[104.8776,9.0505],[104.8814,9.0517],[104.8836,9.052],[104.8861,9.0521],[104.8877,9.052],[104.8907,9.0514],[104.8921,9.0511],[104.8942,9.0511]]],[[[104.564,8.8831],[104.5649,8.8829],[104.5646,8.8822],[104.5633,8.882],[104.5621,8.8816],[104.5604,8.8812],[104.5597,8.8818],[104.559,8.8819],[104.5593,8.8829],[104.5599,8.8831],[104.5618,8.8832],[104.564,8.8831]]],[[[104.5286,8.9429],[104.5274,8.9432],[104.5265,8.9439],[104.5256,8.9451],[104.5242,8.9458],[104.5235,8.9464],[104.5225,8.9482],[104.5223,8.9492],[104.5231,8.9499],[104.5236,8.9509],[104.5235,8.9514],[104.5238,8.9526],[104.5248,8.9542],[104.5241,8.9552],[104.5243,8.9558],[104.5251,8.9566],[104.5256,8.9564],[104.5255,8.9555],[104.5258,8.9542],[104.5264,8.9535],[104.5264,8.9526],[104.5274,8.9518],[104.5279,8.9494],[104.5285,8.948],[104.5286,8.947],[104.5294,8.946],[104.5297,8.9439],[104.5293,8.9432],[104.5286,8.9429]]],[[[104.5668,8.882],[104.5659,8.8821],[104.5661,8.8829],[104.5678,8.8832],[104.5693,8.8832],[104.5699,8.8827],[104.5696,8.8822],[104.5668,8.882]]]]},"properties":{"name":"Sông Đốc","level":"ward"}},{"type":"Feature","geometry":{"type":"MultiPolygon","coordinates":[[[[104.9307,9.2773],[104.9307,9.2737],[104.9306,9.2606],[104.9305,9.2566],[104.9305,9.2521],[104.9303,9.2399],[104.9383,9.2398],[104.9484,9.2397],[104.9583,9.2396],[104.9641,9.2395],[104.9744,9.2394],[104.9766,9.2395],[104.9801,9.2395],[104.9805,9.2394],[104.9859,9.2392],[104.9883,9.2392],[104.9891,9.2394],[104.9918,9.2394],[104.9917,9.2385],[104.992,9.2348],[104.9926,9.2269],[104.9932,9.2183],[104.9935,9.2137],[104.9943,9.2032],[104.9946,9.1991],[104.9945,9.1981],[104.9881,9.1976],[104.9824,9.1972],[104.9789,9.1971],[104.9693,9.1971],[104.9667,9.1971],[104.9593,9.1972],[104.9595,9.1897],[104.96,9.1709],[104.9601,9.1702],[104.9525,9.1659],[104.9493,9.1642],[104.9328,9.1547],[104.93,9.1531],[104.9242,9.1499],[104.9136,9.1438],[104.9134,9.1438],[104.9135,9.1622],[104.9134,9.1649],[104.9011,9.1648],[104.8941,9.1647],[104.8938,9.1648],[104.894,9.1668],[104.8935,9.167],[104.8921,9.1669],[104.8907,9.1677],[104.8871,9.1704],[104.8803,9.1707],[104.8776,9.1708],[104.8704,9.1712],[104.8703,9.1693],[104.8696,9.1691],[104.8697,9.1685],[104.866,9.1672],[104.8659,9.1667],[104.8663,9.1622],[104.8644,9.1615],[104.8647,9.1586],[104.8581,9.1564],[104.8576,9.158],[104.8513,9.1557],[104.8488,9.1546],[104.8476,9.157],[104.8427,9.155],[104.8423,9.1556],[104.8384,9.1552],[104.8402,9.154],[104.8379,9.153],[104.8385,9.1518],[104.8342,9.151],[104.8314,9.1494],[104.8303,9.1494],[104.8264,9.1483],[104.8265,9.1479],[104.8247,9.1475],[104.8243,9.1493],[104.8216,9.1486],[104.8219,9.1471],[104.8217,9.1461],[104.8217,9.143],[104.8218,9.1391],[104.8204,9.1391],[104.8126,9.1378],[104.8128,9.1423],[104.8121,9.1429],[104.8121,9.1441],[104.8124,9.1448],[104.8121,9.1458],[104.8122,9.1481],[104.8125,9.149],[104.8125,9.1498],[104.812,9.1505],[104.8116,9.1519],[104.8116,9.1535],[104.8112,9.1558],[104.8114,9.1564],[104.8112,9.1611],[104.8104,9.1624],[104.8111,9.164],[104.8111,9.1651],[104.8107,9.1657],[104.811,9.1665],[104.8108,9.1682],[104.8104,9.1688],[104.8111,9.1693],[104.8105,9.1701],[104.8105,9.1709],[104.8101,9.1715],[104.8102,9.1723],[104.8106,9.173],[104.8105,9.1742],[104.8099,9.1747],[104.8095,9.1753],[104.8083,9.1764],[104.8081,9.1774],[104.8088,9.178],[104.809,9.1791],[104.8086,9.1797],[104.8087,9.1818],[104.8095,9.1821],[104.8102,9.1821],[104.8105,9.1833],[104.81,9.1838],[104.8106,9.1849],[104.8106,9.1858],[104.811,9.1863],[104.8112,9.1877],[104.8111,9.1891],[104.8121,9.1932],[104.8123,9.1944],[104.813,9.197],[104.8132,9.1987],[104.8139,9.2005],[104.8142,9.2018],[104.8143,9.2032],[104.8149,9.205],[104.8148,9.2061],[104.8158,9.2065],[104.816,9.2074],[104.8154,9.2082],[104.8158,9.2093],[104.8159,9.2106],[104.8175,9.2184],[104.8181,9.2225],[104.8185,9.2259],[104.8191,9.231],[104.8193,9.2319],[104.8198,9.2356],[104.8205,9.2391],[104.8208,9.2399],[104.8206,9.2417],[104.8211,9.2453],[104.8215,9.2475],[104.8221,9.2486],[104.8226,9.2488],[104.8226,9.2495],[104.8221,9.2513],[104.8221,9.2536],[104.8223,9.2584],[104.8229,9.2653],[104.8232,9.27],[104.8235,9.2717],[104.8232,9.273],[104.8239,9.2737],[104.8239,9.2742],[104.8312,9.2737],[104.8339,9.2735],[104.8496,9.2747],[104.8528,9.2748],[104.8656,9.2752],[104.8733,9.2756],[104.8788,9.2758],[104.8825,9.2757],[104.8938,9.2759],[104.8975,9.276],[104.9097,9.2765],[104.9188,9.2769],[104.9307,9.2773]]],[[[104.803,9.1787],[104.8029,9.1781],[104.8008,9.1787],[104.8,9.1785],[104.7994,9.1787],[104.799,9.1799],[104.7992,9.1803],[104.8008,9.1798],[104.8017,9.1797],[104.8027,9.1793],[104.803,9.1787]]]]},"properties":{"name":"Đá Bạc","level":"ward"}},{"type":"Feature","geometry":{"type":"Polygon","coordinates":[[[105.0878,9.1916],[105.0875,9.1897],[105.0871,9.1852],[105.0873,9.1824],[105.0874,9.1771],[105.0874,9.1743],[105.087,9.1726],[105.0868,9.1705],[105.0857,9.1675],[105.0847,9.1657],[105.084,9.1648],[105.0831,9.164],[105.0811,9.162],[105.079,9.1594],[105.0749,9.1554],[105.0728,9.1535],[105.0684,9.149],[105.0644,9.1436],[105.0623,9.141],[105.0605,9.1393],[105.0587,9.1376],[105.0548,9.1344],[105.0527,9.1327],[105.0505,9.1304],[105.0494,9.1291],[105.0479,9.1272],[105.0459,9.124],[105.0432,9.1205],[105.0409,9.1179],[105.0387,9.1156],[105.0373,9.1139],[105.0345,9.1112],[105.0319,9.1092],[105.029,9.1073],[105.0243,9.1053],[105.0217,9.1043],[105.0196,9.1032],[105.0142,9.0988],[105.0123,9.0974],[105.0099,9.0953],[105.0074,9.0935],[105.0045,9.0912],[105.0012,9.0883],[104.9984,9.0864],[104.997,9.0855],[104.9942,9.0834],[104.9923,9.0817],[104.9891,9.0794],[104.9862,9.0776],[104.9863,9.0827],[104.9863,9.085],[104.9847,9.0839],[104.9843,9.0844],[104.9863,9.0857],[104.9863,9.087],[104.9843,9.0857],[104.984,9.0872],[104.9811,9.0852],[104.9807,9.0866],[104.9823,9.0868],[104.9822,9.0872],[104.9806,9.0871],[104.9803,9.0877],[104.9838,9.0882],[104.9843,9.0939],[104.9824,9.0931],[104.9831,9.0949],[104.9832,9.0986],[104.9833,9.0998],[104.9845,9.1025],[104.9837,9.1056],[104.983,9.109],[104.9841,9.1091],[104.9892,9.1102],[104.989,9.1112],[104.9887,9.1141],[104.9887,9.1154],[104.988,9.1159],[104.9858,9.1152],[104.9848,9.1185],[104.9845,9.1184],[104.9841,9.1201],[104.9834,9.1203],[104.9837,9.1213],[104.9833,9.1222],[104.9813,9.1218],[104.9805,9.1214],[104.9792,9.1253],[104.9801,9.1257],[104.978,9.1287],[104.9786,9.1296],[104.9779,9.1305],[104.9743,9.1286],[104.973,9.1301],[104.9723,9.1303],[104.9718,9.1315],[104.9694,9.1348],[104.9675,9.1378],[104.9658,9.1406],[104.9659,9.141],[104.9675,9.1423],[104.9671,9.1427],[104.9656,9.1462],[104.9667,9.1467],[104.9695,9.1483],[104.97,9.1475],[104.9725,9.1491],[104.9702,9.1524],[104.9736,9.1542],[104.9748,9.1546],[104.9783,9.1568],[104.9833,9.1597],[104.9766,9.1672],[104.974,9.1702],[104.9742,9.1739],[104.9742,9.177],[104.9733,9.1763],[104.9733,9.174],[104.9725,9.1739],[104.9725,9.1772],[104.9694,9.1756],[104.9682,9.1748],[104.9601,9.1702],[104.96,9.1709],[104.9595,9.1897],[104.9593,9.1972],[104.9667,9.1971],[104.9693,9.1971],[104.9789,9.1971],[104.9824,9.1972],[104.9881,9.1976],[104.9945,9.1981],[104.9947,9.1981],[105.0038,9.1987],[105.0038,9.1983],[105.0044,9.1898],[105.0183,9.1907],[105.0186,9.1862],[105.0252,9.1868],[105.0386,9.1878],[105.0421,9.1881],[105.0455,9.1883],[105.0616,9.1896],[105.0658,9.1899],[105.0769,9.1907],[105.0811,9.1911],[105.0878,9.1916]]]},"properties":{"name":"Khánh Bình","level":"ward"}},{"type":"Feature","geometry":{"type":"Polygon","coordinates":[[[104.9134,9.1438],[104.9134,9.1384],[104.9158,9.1383],[104.9171,9.138],[104.9189,9.1375],[104.9188,9.1339],[104.9201,9.134],[104.9203,9.1317],[104.9191,9.1318],[104.9189,9.1301],[104.9192,9.1299],[104.9213,9.1299],[104.9213,9.129],[104.9217,9.1277],[104.9179,9.1275],[104.9173,9.1274],[104.9182,9.1258],[104.9207,9.1216],[104.9221,9.119],[104.9182,9.118],[104.9156,9.1174],[104.91,9.1163],[104.9106,9.1137],[104.9099,9.1136],[104.9105,9.1105],[104.9113,9.1107],[104.9122,9.1064],[104.9105,9.106],[104.9107,9.1055],[104.9088,9.105],[104.9089,9.1044],[104.91,9.1047],[104.9101,9.1037],[104.9086,9.1032],[104.9102,9.0982],[104.9107,9.0976],[104.914,9.0987],[104.9141,9.0981],[104.9158,9.0986],[104.916,9.0979],[104.9143,9.0973],[104.9144,9.0968],[104.9122,9.0961],[104.9123,9.0956],[104.9145,9.0962],[104.9163,9.0966],[104.9163,9.0963],[104.9146,9.0959],[104.9122,9.0952],[104.9124,9.0946],[104.9148,9.0953],[104.9165,9.0957],[104.9166,9.0952],[104.9149,9.095],[104.9154,9.0922],[104.9136,9.0916],[104.9137,9.0913],[104.9155,9.0918],[104.9158,9.0909],[104.9121,9.0898],[104.9122,9.0894],[104.9159,9.0905],[104.9163,9.0886],[104.9142,9.088],[104.9144,9.0873],[104.9164,9.0879],[104.9167,9.0868],[104.9185,9.0872],[104.9186,9.0868],[104.9152,9.0858],[104.9153,9.0855],[104.9169,9.086],[104.9173,9.0844],[104.9155,9.0839],[104.9157,9.0832],[104.9174,9.0837],[104.9176,9.0827],[104.9141,9.0817],[104.9147,9.0789],[104.9182,9.0798],[104.9184,9.0789],[104.9149,9.078],[104.9155,9.0754],[104.916,9.072],[104.9172,9.0723],[104.9176,9.0714],[104.9168,9.0708],[104.9172,9.0692],[104.918,9.068],[104.9166,9.0677],[104.9164,9.0667],[104.916,9.0666],[104.9164,9.0652],[104.9162,9.0627],[104.9173,9.0626],[104.9176,9.0617],[104.919,9.0593],[104.9161,9.0574],[104.9151,9.0566],[104.9116,9.0552],[104.908,9.0548],[104.9056,9.0545],[104.9021,9.0535],[104.9005,9.0529],[104.8968,9.0515],[104.8942,9.0511],[104.8921,9.0511],[104.8907,9.0514],[104.8877,9.052],[104.8861,9.0521],[104.8836,9.052],[104.8814,9.0517],[104.8776,9.0505],[104.8752,9.0502],[104.8742,9.0502],[104.8705,9.0497],[104.8665,9.049],[104.8617,9.0475],[104.8587,9.0464],[104.8574,9.0536],[104.8565,9.0581],[104.8551,9.066],[104.855,9.0674],[104.8534,9.0764],[104.853,9.0782],[104.8478,9.0759],[104.8474,9.0759],[104.8427,9.0738],[104.8412,9.073],[104.8395,9.0725],[104.838,9.0717],[104.8369,9.0713],[104.8342,9.07],[104.8304,9.0684],[104.827,9.0671],[104.8217,9.0648],[104.8173,9.063],[104.8168,9.0628],[104.8096,9.0595],[104.8085,9.0594],[104.8071,9.0597],[104.8072,9.0608],[104.8078,9.0621],[104.8081,9.0634],[104.8087,9.0637],[104.8078,9.0645],[104.8087,9.0656],[104.8079,9.0658],[104.8079,9.0663],[104.8085,9.0674],[104.808,9.0682],[104.809,9.069],[104.8088,9.0697],[104.8095,9.0702],[104.8089,9.0707],[104.8091,9.0713],[104.8086,9.0722],[104.8088,9.0738],[104.8095,9.0751],[104.8088,9.0754],[104.8091,9.0768],[104.8089,9.0774],[104.8096,9.0776],[104.8095,9.0789],[104.8097,9.0793],[104.8092,9.0821],[104.8099,9.0855],[104.8099,9.0865],[104.8094,9.0874],[104.8101,9.0906],[104.8101,9.0918],[104.8099,9.0929],[104.8103,9.0933],[104.81,9.0941],[104.8106,9.0963],[104.8106,9.0981],[104.8112,9.1001],[104.8117,9.1011],[104.812,9.103],[104.811,9.1033],[104.8117,9.1127],[104.8117,9.1136],[104.8121,9.1199],[104.8121,9.122],[104.8123,9.1238],[104.8122,9.129],[104.8124,9.1298],[104.8121,9.1344],[104.8128,9.1345],[104.8126,9.1378],[104.8204,9.1391],[104.8218,9.1391],[104.8217,9.143],[104.8217,9.1461],[104.8219,9.1471],[104.8216,9.1486],[104.8243,9.1493],[104.8247,9.1475],[104.8265,9.1479],[104.8264,9.1483],[104.8303,9.1494],[104.8314,9.1494],[104.8342,9.151],[104.8385,9.1518],[104.8379,9.153],[104.8402,9.154],[104.8384,9.1552],[104.8423,9.1556],[104.8427,9.155],[104.8476,9.157],[104.8488,9.1546],[104.8513,9.1557],[104.8576,9.158],[104.8581,9.1564],[104.8647,9.1586],[104.8644,9.1615],[104.8663,9.1622],[104.8659,9.1667],[104.866,9.1672],[104.8697,9.1685],[104.8696,9.1691],[104.8703,9.1693],[104.8704,9.1712],[104.8776,9.1708],[104.8803,9.1707],[104.8871,9.1704],[104.8907,9.1677],[104.8921,9.1669],[104.8935,9.167],[104.894,9.1668],[104.8938,9.1648],[104.8941,9.1647],[104.9011,9.1648],[104.9134,9.1649],[104.9135,9.1622],[104.9134,9.1438]]]},"properties":{"name":"Khánh Hưng","level":"ward"}},{"type":"Feature","geometry":{"type":"Polygon","coordinates":[[[105.0486,8.9412],[105.0703,8.9468],[105.1026,8.9552],[105.1027,8.9543],[105.1033,8.952],[105.1031,8.9511],[105.1023,8.9493],[105.1011,8.9477],[105.0989,8.9446],[105.0989,8.943],[105.0992,8.9407],[105.0994,8.9401],[105.0994,8.9387],[105.0985,8.937],[105.0981,8.9354],[105.0979,8.9338],[105.0982,8.9319],[105.0981,8.9307],[105.0978,8.9294],[105.0972,8.9281],[105.096,8.9262],[105.0953,8.9243],[105.0947,8.922],[105.0945,8.9198],[105.0937,8.9172],[105.0924,8.9136],[105.0917,8.9103],[105.0914,8.908],[105.091,8.9068],[105.0901,8.906],[105.0895,8.9058],[105.0874,8.9056],[105.0861,8.905],[105.0854,8.9042],[105.0849,8.9025],[105.0848,8.8995],[105.0844,8.8983],[105.0833,8.8967],[105.0822,8.8957],[105.0793,8.8923],[105.0777,8.8909],[105.0766,8.89],[105.0711,8.8854],[105.07,8.8845],[105.0687,8.8831],[105.0678,8.8824],[105.0656,8.881],[105.0639,8.8805],[105.0598,8.8802],[105.0586,8.8798],[105.0574,8.8792],[105.0563,8.878],[105.0553,8.8759],[105.0544,8.8751],[105.0527,8.8744],[105.0519,8.8743],[105.0499,8.8733],[105.0486,8.8724],[105.0474,8.8721],[105.0463,8.8714],[105.0442,8.8698],[105.0412,8.8672],[105.0395,8.8662],[105.0379,8.8659],[105.0341,8.8658],[105.0329,8.8655],[105.0309,8.8646],[105.0295,8.8634],[105.0265,8.8606],[105.0223,8.8562],[105.0218,8.8558],[105.0204,8.8537],[105.0192,8.8526],[105.0183,8.8521],[105.0173,8.852],[105.013,8.8534],[105.013,8.8551],[105.0127,8.8556],[105.0104,8.857],[105.0101,8.8576],[105.0104,8.8585],[105.0116,8.8602],[105.0115,8.8614],[105.0109,8.862],[105.0095,8.863],[105.0088,8.8639],[105.0094,8.8651],[105.0109,8.8662],[105.0112,8.8669],[105.0107,8.8675],[105.0093,8.8678],[105.0077,8.8677],[105.0065,8.8679],[105.006,8.8683],[105.0057,8.8693],[105.0061,8.8709],[105.0074,8.8727],[105.0077,8.8743],[105.0072,8.8752],[105.0058,8.8755],[105.0042,8.875],[105.0034,8.8755],[105.0027,8.8773],[105.0022,8.878],[105.0014,8.8786],[104.9978,8.8803],[104.9969,8.8805],[104.9964,8.8799],[104.9964,8.8792],[104.9967,8.8777],[104.9962,8.8772],[104.9944,8.8779],[104.9935,8.878],[104.9927,8.8777],[104.9911,8.8768],[104.9903,8.8771],[104.9898,8.8796],[104.9887,8.8799],[104.9873,8.8797],[104.9845,8.8796],[104.9824,8.8798],[104.9809,8.8785],[104.9803,8.8783],[104.9794,8.8789],[104.9792,8.8807],[104.9794,8.8827],[104.9794,8.8846],[104.9799,8.8858],[104.98,8.8865],[104.9795,8.8872],[104.9785,8.888],[104.978,8.889],[104.9783,8.8895],[104.9796,8.8904],[104.9817,8.8915],[104.9822,8.8921],[104.9821,8.8934],[104.9818,8.8945],[104.9817,8.8963],[104.9814,8.8968],[104.9804,8.897],[104.9791,8.8967],[104.978,8.8968],[104.9779,8.8974],[104.9792,8.8989],[104.9794,8.8994],[104.9788,8.9008],[104.9769,8.9022],[104.9768,8.9029],[104.9779,8.9039],[104.9767,8.9052],[104.9764,8.9071],[104.9753,8.9093],[104.9739,8.9106],[104.9727,8.9102],[104.9724,8.9113],[104.9728,8.9123],[104.9723,8.9135],[104.9715,8.9139],[104.9706,8.9146],[104.9701,8.9161],[104.9708,8.9193],[104.9713,8.9202],[104.9713,8.9208],[104.9706,8.9224],[104.968,8.9221],[104.9681,8.9227],[104.9677,8.9233],[104.9658,8.9245],[104.9647,8.9257],[104.963,8.9274],[104.9625,8.9283],[104.9605,8.9291],[104.9601,8.9302],[104.9596,8.9307],[104.9592,8.9356],[104.9587,8.9421],[104.9589,8.9429],[104.965,8.9554],[104.9653,8.9564],[104.9633,8.9591],[104.9652,8.9634],[104.9663,8.9626],[104.9674,8.962],[104.9694,8.962],[104.9701,8.9625],[104.9709,8.9623],[105.0035,8.9567],[105.0023,8.962],[105.0065,8.9628],[105.0105,8.9638],[105.0141,8.9639],[105.0156,8.9633],[105.0162,8.9599],[105.0181,8.9609],[105.0187,8.9608],[105.0203,8.9608],[105.0207,8.9612],[105.0214,8.9628],[105.0219,8.9629],[105.0242,8.962],[105.0249,8.9621],[105.0253,8.9614],[105.0249,8.9607],[105.025,8.9594],[105.0257,8.9592],[105.0277,8.9599],[105.0283,8.9596],[105.0288,8.9599],[105.0294,8.9595],[105.0308,8.959],[105.0313,8.9587],[105.0322,8.9573],[105.0362,8.9568],[105.0362,8.9555],[105.0359,8.9522],[105.036,8.9519],[105.0356,8.949],[105.0358,8.9485],[105.0355,8.9472],[105.0361,8.9465],[105.0358,8.9457],[105.0362,8.9454],[105.0374,8.9457],[105.0394,8.9456],[105.0427,8.9447],[105.0432,8.944],[105.0438,8.9439],[105.0451,8.9441],[105.0462,8.9433],[105.0467,8.9422],[105.048,8.9414],[105.0486,8.9412]]]},"properties":{"name":"Cái Nước","level":"ward"}},{"type":"Feature","geometry":{"type":"Polygon","coordinates":[[[105.0868,9.1705],[105.088,9.1696],[105.0998,9.1592],[105.1102,9.1497],[105.1128,9.1475],[105.1162,9.1447],[105.1195,9.1422],[105.1253,9.1378],[105.1275,9.1361],[105.1293,9.1348],[105.1323,9.1326],[105.1405,9.1261],[105.1432,9.124],[105.1509,9.118],[105.1561,9.1141],[105.157,9.1136],[105.1567,9.1122],[105.1566,9.1066],[105.1567,9.1037],[105.1572,9.1012],[105.1559,9.0971],[105.155,9.0949],[105.1513,9.0866],[105.1495,9.0824],[105.1478,9.0786],[105.1441,9.0701],[105.1413,9.0639],[105.1399,9.0604],[105.1381,9.0614],[105.1273,9.0657],[105.1252,9.0667],[105.1199,9.0723],[105.1164,9.0744],[105.1131,9.0759],[105.1126,9.0762],[105.109,9.0795],[105.108,9.0785],[105.1069,9.0767],[105.1062,9.076],[105.1045,9.0753],[105.1025,9.0749],[105.1019,9.0745],[105.1008,9.0741],[105.0995,9.073],[105.0983,9.073],[105.0947,9.0738],[105.0943,9.0742],[105.0937,9.0752],[105.0916,9.0766],[105.0912,9.0766],[105.0879,9.0762],[105.0872,9.0749],[105.0873,9.0743],[105.0878,9.0733],[105.088,9.0725],[105.0878,9.0715],[105.0888,9.0699],[105.0885,9.0689],[105.0885,9.0681],[105.089,9.0671],[105.0897,9.0667],[105.0906,9.0655],[105.0919,9.0649],[105.0933,9.0636],[105.0935,9.0616],[105.0927,9.0605],[105.0924,9.0598],[105.0915,9.0585],[105.0906,9.058],[105.0898,9.0579],[105.0894,9.0568],[105.0882,9.0564],[105.0867,9.0567],[105.0852,9.0574],[105.0838,9.0573],[105.0823,9.0574],[105.0811,9.0565],[105.08,9.0562],[105.0791,9.0565],[105.0767,9.0559],[105.0759,9.0556],[105.0747,9.0547],[105.074,9.053],[105.0725,9.0511],[105.0722,9.0497],[105.0708,9.0477],[105.07,9.046],[105.0698,9.044],[105.0703,9.0422],[105.0707,9.0419],[105.0719,9.042],[105.0734,9.0418],[105.0749,9.0418],[105.0754,9.0409],[105.0748,9.0399],[105.0725,9.0408],[105.0719,9.0408],[105.0712,9.0404],[105.0707,9.0396],[105.0696,9.0403],[105.0682,9.0418],[105.0675,9.0423],[105.0669,9.0422],[105.0658,9.0424],[105.0599,9.0435],[105.0601,9.0449],[105.0594,9.0454],[105.0593,9.047],[105.0579,9.047],[105.0563,9.0473],[105.0546,9.0482],[105.054,9.0487],[105.0536,9.0502],[105.0512,9.0501],[105.0511,9.0524],[105.048,9.0527],[105.0477,9.0521],[105.0489,9.0517],[105.0478,9.0488],[105.0444,9.0502],[105.0437,9.0499],[105.041,9.0514],[105.0404,9.0499],[105.0399,9.0501],[105.038,9.0516],[105.0311,9.0448],[105.0298,9.0457],[105.0231,9.0508],[105.0129,9.0585],[105.0118,9.059],[105.0047,9.0619],[105.0033,9.0624],[105.0034,9.063],[105.0015,9.0634],[104.9993,9.0646],[104.9997,9.0725],[104.9984,9.0754],[104.9957,9.0806],[104.9948,9.0825],[104.9942,9.0834],[104.997,9.0855],[104.9984,9.0864],[105.0012,9.0883],[105.0045,9.0912],[105.0074,9.0935],[105.0099,9.0953],[105.0123,9.0974],[105.0142,9.0988],[105.0196,9.1032],[105.0217,9.1043],[105.0243,9.1053],[105.029,9.1073],[105.0319,9.1092],[105.0345,9.1112],[105.0373,9.1139],[105.0387,9.1156],[105.0409,9.1179],[105.0432,9.1205],[105.0459,9.124],[105.0479,9.1272],[105.0494,9.1291],[105.0505,9.1304],[105.0527,9.1327],[105.0548,9.1344],[105.0587,9.1376],[105.0605,9.1393],[105.0623,9.141],[105.0644,9.1436],[105.0684,9.149],[105.0728,9.1535],[105.0749,9.1554],[105.079,9.1594],[105.0811,9.162],[105.0831,9.164],[105.084,9.1648],[105.0847,9.1657],[105.0857,9.1675],[105.0868,9.1705]]]},"properties":{"name":"Lương Thế Trân","level":"ward"}},{"type":"Feature","geometry":{"type":"Polygon","coordinates":[[[105.1026,8.9552],[105.0703,8.9468],[105.0486,8.9412],[105.05,8.9439],[105.0496,8.9451],[105.0498,8.9455],[105.0511,8.946],[105.0523,8.9471],[105.0539,8.9467],[105.0544,8.9472],[105.054,8.9499],[105.0544,8.9515],[105.0549,8.9519],[105.0562,8.9515],[105.0592,8.9526],[105.0597,8.9571],[105.0599,8.9578],[105.0604,8.9622],[105.0607,8.9655],[105.0613,8.9702],[105.0619,8.9767],[105.0624,8.9795],[105.0619,8.9796],[105.0606,8.981],[105.0582,8.9826],[105.0579,8.9838],[105.0573,8.9843],[105.0538,8.9846],[105.0526,8.9844],[105.0538,8.9911],[105.0518,8.9909],[105.0354,8.9904],[105.0284,9.0027],[105.0423,9.0132],[105.0461,9.0162],[105.0511,9.0204],[105.0513,9.0218],[105.0524,9.0225],[105.0531,9.024],[105.0542,9.0249],[105.055,9.0265],[105.056,9.0272],[105.0553,9.0278],[105.055,9.0296],[105.0561,9.0303],[105.0585,9.0307],[105.0598,9.0301],[105.0615,9.0306],[105.0639,9.0325],[105.0649,9.033],[105.0653,9.0335],[105.0658,9.0362],[105.0666,9.0373],[105.0675,9.0378],[105.0682,9.0379],[105.0699,9.0376],[105.0707,9.0392],[105.0707,9.0396],[105.0712,9.0404],[105.0719,9.0408],[105.0725,9.0408],[105.0748,9.0399],[105.0754,9.0409],[105.0749,9.0418],[105.0734,9.0418],[105.0719,9.042],[105.0707,9.0419],[105.0703,9.0422],[105.0698,9.044],[105.07,9.046],[105.0708,9.0477],[105.0722,9.0497],[105.0725,9.0511],[105.074,9.053],[105.0747,9.0547],[105.0759,9.0556],[105.0767,9.0559],[105.0791,9.0565],[105.08,9.0562],[105.0811,9.0565],[105.0823,9.0574],[105.0838,9.0573],[105.0852,9.0574],[105.0867,9.0567],[105.0882,9.0564],[105.0894,9.0568],[105.0898,9.0579],[105.0906,9.058],[105.0915,9.0585],[105.0924,9.0598],[105.0927,9.0605],[105.0935,9.0616],[105.0933,9.0636],[105.0919,9.0649],[105.0906,9.0655],[105.0897,9.0667],[105.089,9.0671],[105.0885,9.0681],[105.0885,9.0689],[105.0888,9.0699],[105.0878,9.0715],[105.088,9.0725],[105.0878,9.0733],[105.0873,9.0743],[105.0872,9.0749],[105.0879,9.0762],[105.0912,9.0766],[105.0916,9.0766],[105.0937,9.0752],[105.0943,9.0742],[105.0947,9.0738],[105.0983,9.073],[105.0995,9.073],[105.1008,9.0741],[105.1019,9.0745],[105.1025,9.0749],[105.1045,9.0753],[105.1062,9.076],[105.1069,9.0767],[105.108,9.0785],[105.109,9.0795],[105.1126,9.0762],[105.1131,9.0759],[105.1164,9.0744],[105.1199,9.0723],[105.1252,9.0667],[105.1273,9.0657],[105.1381,9.0614],[105.1399,9.0604],[105.1356,9.0506],[105.1332,9.0453],[105.1307,9.0393],[105.1271,9.0309],[105.1249,9.0262],[105.1241,9.0249],[105.1222,9.0214],[105.1216,9.02],[105.1211,9.0179],[105.1202,9.0161],[105.1199,9.0143],[105.1199,9.0121],[105.1196,9.0094],[105.1188,9.007],[105.1208,9.0043],[105.1197,9.0031],[105.1176,9.0009],[105.1166,8.9995],[105.1165,8.9968],[105.1154,8.9948],[105.1151,8.9931],[105.115,8.9916],[105.1146,8.9901],[105.1133,8.9893],[105.112,8.9881],[105.1111,8.9864],[105.1097,8.9842],[105.11,8.9829],[105.1108,8.982],[105.1109,8.9811],[105.1109,8.9797],[105.1096,8.9776],[105.1087,8.9752],[105.1084,8.9736],[105.1086,8.972],[105.1093,8.9705],[105.1095,8.9694],[105.1094,8.9683],[105.1085,8.9668],[105.1078,8.9652],[105.1076,8.9641],[105.1068,8.9619],[105.1056,8.9595],[105.1043,8.9582],[105.1034,8.9575],[105.1027,8.9561],[105.1026,8.9552]]]},"properties":{"name":"Tân Hưng","level":"ward"}},{"type":"Feature","geometry":{"type":"Polygon","coordinates":[[[104.9671,8.9971],[104.9681,8.9983],[104.9694,9.0008],[104.9696,9.0019],[104.9699,9.0026],[104.9709,9.004],[104.9705,9.0063],[104.9698,9.0079],[104.9691,9.0092],[104.9692,9.0108],[104.969,9.0119],[104.9691,9.0128],[104.9689,9.0142],[104.968,9.0149],[104.9669,9.0156],[104.9656,9.0171],[104.9648,9.0177],[104.9643,9.0185],[104.9631,9.0186],[104.9624,9.0176],[104.9618,9.0174],[104.9605,9.018],[104.9598,9.0179],[104.9594,9.0185],[104.9601,9.0208],[104.9607,9.0215],[104.9607,9.0232],[104.9602,9.0269],[104.9606,9.0274],[104.9608,9.0282],[104.9603,9.0283],[104.9609,9.0314],[104.9652,9.0404],[104.9658,9.0414],[104.968,9.0396],[104.9689,9.0401],[104.9679,9.0413],[104.9682,9.0422],[104.9698,9.0422],[104.97,9.0436],[104.9703,9.0449],[104.9713,9.0452],[104.9735,9.0475],[104.9748,9.0507],[104.9868,9.0533],[104.9868,9.0582],[104.9873,9.059],[104.9971,9.0592],[104.999,9.0599],[105.001,9.0604],[105.0014,9.0618],[105.0022,9.0617],[105.0022,9.0623],[105.0033,9.0624],[105.0047,9.0619],[105.0118,9.059],[105.0129,9.0585],[105.0231,9.0508],[105.0298,9.0457],[105.0311,9.0448],[105.038,9.0516],[105.0399,9.0501],[105.0404,9.0499],[105.041,9.0514],[105.0437,9.0499],[105.0444,9.0502],[105.0478,9.0488],[105.0489,9.0517],[105.0477,9.0521],[105.048,9.0527],[105.0511,9.0524],[105.0512,9.0501],[105.0536,9.0502],[105.054,9.0487],[105.0546,9.0482],[105.0563,9.0473],[105.0579,9.047],[105.0593,9.047],[105.0594,9.0454],[105.0601,9.0449],[105.0599,9.0435],[105.0658,9.0424],[105.0669,9.0422],[105.0675,9.0423],[105.0682,9.0418],[105.0696,9.0403],[105.0707,9.0396],[105.0707,9.0392],[105.0699,9.0376],[105.0682,9.0379],[105.0675,9.0378],[105.0666,9.0373],[105.0658,9.0362],[105.0653,9.0335],[105.0649,9.033],[105.0639,9.0325],[105.0615,9.0306],[105.0598,9.0301],[105.0585,9.0307],[105.0561,9.0303],[105.055,9.0296],[105.0553,9.0278],[105.056,9.0272],[105.055,9.0265],[105.0542,9.0249],[105.0531,9.024],[105.0524,9.0225],[105.0513,9.0218],[105.0511,9.0204],[105.0461,9.0162],[105.0423,9.0132],[105.0284,9.0027],[105.0354,8.9904],[105.0518,8.9909],[105.0538,8.9911],[105.0526,8.9844],[105.0538,8.9846],[105.0573,8.9843],[105.0579,8.9838],[105.0582,8.9826],[105.0606,8.981],[105.0619,8.9796],[105.0624,8.9795],[105.0619,8.9767],[105.0613,8.9702],[105.0607,8.9655],[105.0604,8.9622],[105.0599,8.9578],[105.0597,8.9571],[105.0592,8.9526],[105.0562,8.9515],[105.0549,8.9519],[105.0544,8.9515],[105.054,8.9499],[105.0544,8.9472],[105.0539,8.9467],[105.0523,8.9471],[105.0511,8.946],[105.0498,8.9455],[105.0496,8.9451],[105.05,8.9439],[105.0486,8.9412],[105.048,8.9414],[105.0467,8.9422],[105.0462,8.9433],[105.0451,8.9441],[105.0438,8.9439],[105.0432,8.944],[105.0427,8.9447],[105.0394,8.9456],[105.0374,8.9457],[105.0362,8.9454],[105.0358,8.9457],[105.0361,8.9465],[105.0355,8.9472],[105.0358,8.9485],[105.0356,8.949],[105.036,8.9519],[105.0359,8.9522],[105.0362,8.9555],[105.0362,8.9568],[105.0322,8.9573],[105.0313,8.9587],[105.0308,8.959],[105.0294,8.9595],[105.0288,8.9599],[105.0283,8.9596],[105.0277,8.9599],[105.0257,8.9592],[105.025,8.9594],[105.0249,8.9607],[105.0253,8.9614],[105.0249,8.9621],[105.0242,8.962],[105.0219,8.9629],[105.0214,8.9628],[105.0207,8.9612],[105.0203,8.9608],[105.0187,8.9608],[105.0181,8.9609],[105.0162,8.9599],[105.0156,8.9633],[105.0141,8.9639],[105.0105,8.9638],[105.0065,8.9628],[105.0023,8.962],[105.0035,8.9567],[104.9709,8.9623],[104.9714,8.9652],[104.9727,8.9735],[104.9759,8.993],[104.9756,8.9933],[104.9725,8.9946],[104.9728,8.9954],[104.9717,8.9961],[104.9709,8.9962],[104.97,8.9958],[104.9695,8.9961],[104.9671,8.9971]]]},"properties":{"name":"Hưng Mỹ","level":"ward"}},{"type":"Feature","geometry":{"type":"Polygon","coordinates":[[[105.2429,8.9768],[105.2448,8.9748],[105.246,8.9739],[105.2464,8.9733],[105.2464,8.9724],[105.2447,8.971],[105.2446,8.9706],[105.2451,8.97],[105.2454,8.9689],[105.2463,8.9682],[105.2467,8.9666],[105.2474,8.9656],[105.2476,8.9646],[105.2483,8.9635],[105.2479,8.9632],[105.2463,8.9624],[105.2457,8.9612],[105.2452,8.9589],[105.2447,8.9577],[105.2452,8.9562],[105.2451,8.955],[105.2456,8.952],[105.2451,8.9501],[105.245,8.948],[105.2448,8.9467],[105.2453,8.9461],[105.2457,8.9452],[105.2453,8.9433],[105.2458,8.9422],[105.2465,8.9383],[105.2468,8.9373],[105.2464,8.9363],[105.2464,8.935],[105.2474,8.9339],[105.2481,8.9313],[105.248,8.9307],[105.247,8.9298],[105.2475,8.9289],[105.2458,8.9265],[105.2458,8.926],[105.2463,8.9253],[105.2464,8.9245],[105.2462,8.9231],[105.2465,8.9208],[105.2468,8.9201],[105.247,8.918],[105.2469,8.9176],[105.2457,8.9163],[105.2458,8.9152],[105.2457,8.9134],[105.2454,8.9118],[105.2445,8.911],[105.2447,8.9101],[105.2445,8.9095],[105.2434,8.9088],[105.2422,8.9087],[105.2416,8.9083],[105.2417,8.9064],[105.2412,8.9057],[105.2413,8.905],[105.2419,8.904],[105.2422,8.9029],[105.2431,8.9023],[105.2445,8.9026],[105.2454,8.9024],[105.2458,8.902],[105.2473,8.899],[105.2483,8.898],[105.2482,8.8959],[105.2485,8.8943],[105.2476,8.8925],[105.2475,8.8896],[105.2473,8.8891],[105.2466,8.8887],[105.244,8.8888],[105.2428,8.8883],[105.2411,8.8879],[105.2405,8.887],[105.2406,8.8859],[105.2403,8.885],[105.2398,8.8847],[105.2384,8.8874],[105.2374,8.89],[105.2367,8.8913],[105.235,8.8938],[105.2344,8.8957],[105.2344,8.9],[105.2343,8.901],[105.2338,8.9021],[105.2319,8.9045],[105.2316,8.9054],[105.2316,8.9063],[105.2322,8.908],[105.2322,8.9091],[105.2315,8.91],[105.2294,8.9106],[105.2269,8.9107],[105.2242,8.911],[105.2228,8.9113],[105.2211,8.9119],[105.2201,8.912],[105.2189,8.9119],[105.2171,8.9112],[105.2159,8.9115],[105.2152,8.9126],[105.2142,8.9147],[105.2136,8.9168],[105.2139,8.9192],[105.2139,8.9213],[105.2127,8.9224],[105.2117,8.9252],[105.2107,8.9254],[105.209,8.9253],[105.2079,8.9256],[105.2057,8.9271],[105.2046,8.9277],[105.204,8.9277],[105.2031,8.9272],[105.2017,8.926],[105.2009,8.9257],[105.2002,8.9258],[105.198,8.9267],[105.1964,8.9275],[105.1946,8.9277],[105.1928,8.9281],[105.1904,8.9285],[105.19,8.9282],[105.1893,8.927],[105.1888,8.9269],[105.1876,8.9272],[105.1862,8.9265],[105.1856,8.9266],[105.1844,8.9273],[105.1806,8.9271],[105.1792,8.9263],[105.1789,8.9257],[105.1779,8.9248],[105.1751,8.9227],[105.1737,8.9225],[105.1728,8.9222],[105.1716,8.9211],[105.171,8.9209],[105.1703,8.9211],[105.1687,8.9219],[105.1676,8.9221],[105.1662,8.9221],[105.1651,8.9223],[105.1635,8.9229],[105.1609,8.9229],[105.1595,8.9231],[105.158,8.9234],[105.1573,8.9233],[105.1566,8.9257],[105.1566,8.9283],[105.1564,8.9299],[105.1565,8.932],[105.1567,8.9329],[105.1564,8.9335],[105.155,8.9337],[105.1541,8.9344],[105.1539,8.9351],[105.1548,8.9357],[105.1548,8.9362],[105.1542,8.9375],[105.155,8.9377],[105.1559,8.9388],[105.1567,8.9388],[105.1576,8.9378],[105.158,8.9378],[105.1585,8.9389],[105.1594,8.9392],[105.1601,8.9407],[105.16,8.9418],[105.1602,8.9424],[105.1593,8.9434],[105.1593,8.9446],[105.1587,8.946],[105.1575,8.9469],[105.1558,8.9456],[105.1552,8.9458],[105.1536,8.9469],[105.1531,8.9479],[105.1529,8.9499],[105.1529,8.9513],[105.1538,8.9537],[105.1535,8.9551],[105.1539,8.9559],[105.1539,8.9571],[105.1554,8.9596],[105.1551,8.9622],[105.1554,8.9629],[105.1547,8.9648],[105.1544,8.9654],[105.1539,8.9669],[105.1534,8.968],[105.1533,8.9693],[105.1535,8.9707],[105.1542,8.9717],[105.1544,8.9727],[105.1547,8.9758],[105.155,8.9765],[105.1563,8.9782],[105.1567,8.9798],[105.1573,8.9808],[105.1585,8.9822],[105.1596,8.9848],[105.1596,8.9868],[105.1605,8.988],[105.1621,8.9888],[105.1625,8.9893],[105.1627,8.9912],[105.1624,8.9925],[105.163,8.9946],[105.1635,8.9953],[105.1639,8.997],[105.1634,8.9986],[105.1628,8.9994],[105.1616,9],[105.1603,9.001],[105.1599,9.0027],[105.1601,9.0039],[105.1607,9.0055],[105.161,9.0061],[105.1612,9.0077],[105.1608,9.0083],[105.1621,9.0104],[105.1631,9.0109],[105.1638,9.0119],[105.1645,9.012],[105.165,9.0163],[105.1641,9.0167],[105.1609,9.0152],[105.1605,9.0159],[105.1598,9.018],[105.159,9.0211],[105.1574,9.0226],[105.1576,9.0231],[105.1572,9.0244],[105.1573,9.025],[105.1586,9.0263],[105.1588,9.0269],[105.1587,9.0284],[105.1589,9.0289],[105.1613,9.0307],[105.1618,9.0312],[105.1627,9.0317],[105.1633,9.0334],[105.164,9.0341],[105.1643,9.0357],[105.1648,9.036],[105.166,9.0363],[105.1668,9.0363],[105.168,9.0352],[105.1686,9.0354],[105.1692,9.0361],[105.1699,9.0373],[105.1717,9.0379],[105.1744,9.0339],[105.1755,9.0324],[105.1785,9.0293],[105.1823,9.0255],[105.1854,9.0218],[105.1859,9.0226],[105.1855,9.0233],[105.1858,9.0252],[105.189,9.0251],[105.1961,9.0252],[105.1996,9.0256],[105.1991,9.0227],[105.2004,9.0216],[105.2002,9.0191],[105.198,9.0191],[105.1969,9.018],[105.1975,9.0167],[105.1988,9.0162],[105.1989,9.0142],[105.1985,9.0102],[105.1984,9.0067],[105.1991,9.0061],[105.1999,9.0062],[105.2004,9.0055],[105.1999,9.005],[105.2007,9.0041],[105.2017,9.0037],[105.2028,9.0038],[105.2039,9.0034],[105.2044,9.0019],[105.2052,9.0024],[105.2059,9.0025],[105.2073,9.0024],[105.2106,9.0026],[105.2111,9.0019],[105.2122,9.0023],[105.2129,9.0025],[105.2128,8.999],[105.2128,8.9912],[105.2127,8.9887],[105.2089,8.9892],[105.2083,8.9891],[105.2092,8.9882],[105.2103,8.9865],[105.2107,8.9852],[105.2125,8.9853],[105.2142,8.9857],[105.215,8.9856],[105.2173,8.9841],[105.2187,8.9841],[105.2202,8.9848],[105.2213,8.985],[105.2227,8.9857],[105.2241,8.9853],[105.2247,8.9847],[105.226,8.9853],[105.2265,8.9849],[105.2274,8.9848],[105.2279,8.9843],[105.2276,8.9835],[105.2283,8.9828],[105.228,8.9814],[105.2287,8.9804],[105.2282,8.9788],[105.2281,8.978],[105.2292,8.9769],[105.2299,8.9767],[105.2309,8.9768],[105.2314,8.9765],[105.2321,8.9757],[105.2325,8.9757],[105.2342,8.9763],[105.2352,8.9763],[105.2371,8.9759],[105.2391,8.9765],[105.2407,8.9766],[105.2426,8.9769],[105.2429,8.9768]]]},"properties":{"name":"Đầm Dơi","level":"ward"}},{"type":"Feature","geometry":{"type":"Polygon","coordinates":[[[105.2537,9.0914],[105.256,9.092],[105.258,9.0927],[105.2615,9.0944],[105.2631,9.0945],[105.2637,9.0942],[105.2649,9.0926],[105.2678,9.0892],[105.2686,9.088],[105.2693,9.0873],[105.2709,9.0863],[105.2735,9.0848],[105.2744,9.0846],[105.2752,9.0847],[105.278,9.0866],[105.2794,9.0872],[105.2817,9.088],[105.2842,9.0886],[105.2882,9.0893],[105.2916,9.0901],[105.2946,9.0905],[105.2977,9.0897],[105.2986,9.0894],[105.3005,9.0882],[105.3022,9.0866],[105.3038,9.0854],[105.3053,9.0841],[105.3073,9.0814],[105.3091,9.0795],[105.3104,9.0784],[105.3109,9.0782],[105.3132,9.0782],[105.3143,9.0779],[105.3158,9.0771],[105.3167,9.0763],[105.3174,9.0752],[105.3177,9.0724],[105.3182,9.0718],[105.3172,9.0709],[105.3172,9.0706],[105.3132,9.0691],[105.3134,9.0681],[105.3144,9.065],[105.3102,9.0635],[105.3096,9.0668],[105.3088,9.0665],[105.3094,9.0632],[105.3072,9.0624],[105.3059,9.0624],[105.3056,9.0653],[105.3044,9.0653],[105.3054,9.0679],[105.2975,9.0666],[105.2972,9.0663],[105.2958,9.0661],[105.2949,9.0663],[105.293,9.0662],[105.29,9.065],[105.2892,9.0651],[105.2874,9.0657],[105.2858,9.066],[105.2849,9.0661],[105.2836,9.0657],[105.2819,9.0645],[105.2792,9.0633],[105.2764,9.0614],[105.2759,9.0612],[105.2735,9.0608],[105.272,9.0601],[105.2701,9.0579],[105.2687,9.0572],[105.2673,9.0569],[105.2666,9.0564],[105.2653,9.0546],[105.2646,9.0537],[105.2645,9.0522],[105.265,9.0516],[105.2663,9.0506],[105.2667,9.05],[105.2667,9.049],[105.2658,9.0469],[105.2648,9.0464],[105.2626,9.0455],[105.2601,9.0439],[105.259,9.0426],[105.2584,9.0414],[105.2581,9.0394],[105.2581,9.0369],[105.2577,9.0349],[105.2567,9.0318],[105.2561,9.0307],[105.2536,9.0276],[105.253,9.0262],[105.2528,9.0242],[105.2517,9.0217],[105.2514,9.0198],[105.2505,9.0185],[105.2501,9.0174],[105.2498,9.0146],[105.2498,9.0131],[105.25,9.0106],[105.2504,9.0094],[105.2522,9.0078],[105.2528,9.0071],[105.2531,9.0061],[105.253,9.0031],[105.2532,9.0022],[105.2531,9.0011],[105.2516,8.9997],[105.2507,8.9985],[105.249,8.9966],[105.2485,8.995],[105.2483,8.9929],[105.2485,8.9896],[105.2479,8.9877],[105.2475,8.986],[105.2474,8.9848],[105.2471,8.9843],[105.2453,8.9836],[105.2446,8.983],[105.2441,8.9817],[105.244,8.9804],[105.2435,8.9787],[105.2429,8.9768],[105.2426,8.9769],[105.2407,8.9766],[105.2391,8.9765],[105.2371,8.9759],[105.2352,8.9763],[105.2342,8.9763],[105.2325,8.9757],[105.2321,8.9757],[105.2314,8.9765],[105.2309,8.9768],[105.2299,8.9767],[105.2292,8.9769],[105.2281,8.978],[105.2282,8.9788],[105.2287,8.9804],[105.228,8.9814],[105.2283,8.9828],[105.2276,8.9835],[105.2279,8.9843],[105.2274,8.9848],[105.2265,8.9849],[105.226,8.9853],[105.2247,8.9847],[105.2241,8.9853],[105.2227,8.9857],[105.2213,8.985],[105.2202,8.9848],[105.2187,8.9841],[105.2173,8.9841],[105.215,8.9856],[105.2142,8.9857],[105.2125,8.9853],[105.2107,8.9852],[105.2103,8.9865],[105.2092,8.9882],[105.2083,8.9891],[105.2089,8.9892],[105.2127,8.9887],[105.2128,8.9912],[105.2128,8.999],[105.2129,9.0025],[105.2122,9.0023],[105.2111,9.0019],[105.2106,9.0026],[105.2073,9.0024],[105.2059,9.0025],[105.2052,9.0024],[105.2044,9.0019],[105.2039,9.0034],[105.2028,9.0038],[105.2017,9.0037],[105.2007,9.0041],[105.1999,9.005],[105.2004,9.0055],[105.1999,9.0062],[105.1991,9.0061],[105.1984,9.0067],[105.1985,9.0102],[105.1989,9.0142],[105.1988,9.0162],[105.1975,9.0167],[105.1969,9.018],[105.198,9.0191],[105.2002,9.0191],[105.2004,9.0216],[105.1991,9.0227],[105.1996,9.0256],[105.1961,9.0252],[105.189,9.0251],[105.1858,9.0252],[105.1855,9.0233],[105.1859,9.0226],[105.1854,9.0218],[105.1823,9.0255],[105.1785,9.0293],[105.1755,9.0324],[105.1744,9.0339],[105.1717,9.0379],[105.1716,9.0409],[105.1706,9.0426],[105.1708,9.0457],[105.1715,9.0467],[105.1718,9.0476],[105.1718,9.0488],[105.1721,9.0496],[105.1734,9.0511],[105.1739,9.0522],[105.1743,9.0542],[105.175,9.0563],[105.1754,9.0583],[105.1775,9.0634],[105.1773,9.0645],[105.1774,9.0654],[105.1784,9.0663],[105.1783,9.067],[105.1774,9.0678],[105.1773,9.0687],[105.1784,9.0703],[105.1785,9.0709],[105.1782,9.0717],[105.1767,9.0737],[105.176,9.0754],[105.1752,9.076],[105.1739,9.0756],[105.1731,9.0757],[105.1724,9.0761],[105.1714,9.0778],[105.1712,9.0786],[105.1714,9.0795],[105.1724,9.0807],[105.1721,9.0825],[105.1725,9.0836],[105.1734,9.0847],[105.1738,9.0855],[105.1746,9.0853],[105.1774,9.0854],[105.1782,9.0854],[105.1797,9.0849],[105.1811,9.0849],[105.1819,9.0854],[105.183,9.0865],[105.1842,9.0881],[105.1848,9.0886],[105.1863,9.0891],[105.1872,9.0889],[105.1892,9.0878],[105.1903,9.0873],[105.1916,9.087],[105.1929,9.0864],[105.1935,9.0856],[105.1944,9.0831],[105.1953,9.0822],[105.1961,9.082],[105.1972,9.082],[105.1984,9.0824],[105.1993,9.0829],[105.2015,9.0845],[105.2035,9.0856],[105.2048,9.086],[105.2063,9.0861],[105.2079,9.0857],[105.2096,9.085],[105.2109,9.0846],[105.2121,9.0845],[105.2142,9.0849],[105.2177,9.0862],[105.2193,9.0863],[105.2207,9.0859],[105.2224,9.0844],[105.2241,9.0835],[105.2256,9.0835],[105.2263,9.0839],[105.2274,9.0849],[105.2289,9.0877],[105.2297,9.0887],[105.2311,9.0898],[105.2326,9.0901],[105.2344,9.0895],[105.2369,9.088],[105.2391,9.0869],[105.2407,9.0859],[105.2415,9.0856],[105.2428,9.0856],[105.2436,9.0861],[105.2445,9.0876],[105.2457,9.0906],[105.2464,9.0916],[105.2475,9.0918],[105.248,9.0917],[105.2503,9.0907],[105.251,9.0906],[105.2521,9.0908],[105.2537,9.0914]]]},"properties":{"name":"Tạ An Khương","level":"ward"}},{"type":"Feature","geometry":{"type":"Polygon","coordinates":[[[105.1572,9.1012],[105.1585,9.1004],[105.1602,9.0999],[105.1612,9.1],[105.1628,9.1006],[105.1641,9.1009],[105.1648,9.1008],[105.1651,9.1],[105.1645,9.0991],[105.1627,9.0982],[105.1619,9.0976],[105.1612,9.0964],[105.1611,9.0951],[105.1622,9.0933],[105.1631,9.0923],[105.1648,9.0911],[105.1662,9.0905],[105.1676,9.0904],[105.1696,9.0908],[105.1716,9.0908],[105.1722,9.0905],[105.173,9.0896],[105.1732,9.0886],[105.1731,9.0866],[105.1738,9.0855],[105.1734,9.0847],[105.1725,9.0836],[105.1721,9.0825],[105.1724,9.0807],[105.1714,9.0795],[105.1712,9.0786],[105.1714,9.0778],[105.1724,9.0761],[105.1731,9.0757],[105.1739,9.0756],[105.1752,9.076],[105.176,9.0754],[105.1767,9.0737],[105.1782,9.0717],[105.1785,9.0709],[105.1784,9.0703],[105.1773,9.0687],[105.1774,9.0678],[105.1783,9.067],[105.1784,9.0663],[105.1774,9.0654],[105.1773,9.0645],[105.1775,9.0634],[105.1754,9.0583],[105.175,9.0563],[105.1743,9.0542],[105.1739,9.0522],[105.1734,9.0511],[105.1721,9.0496],[105.1718,9.0488],[105.1718,9.0476],[105.1715,9.0467],[105.1708,9.0457],[105.1706,9.0426],[105.1716,9.0409],[105.1717,9.0379],[105.1699,9.0373],[105.1692,9.0361],[105.1686,9.0354],[105.168,9.0352],[105.1668,9.0363],[105.166,9.0363],[105.1648,9.036],[105.1643,9.0357],[105.164,9.0341],[105.1633,9.0334],[105.1627,9.0317],[105.1618,9.0312],[105.1613,9.0307],[105.1589,9.0289],[105.1587,9.0284],[105.1588,9.0269],[105.1586,9.0263],[105.1573,9.025],[105.1572,9.0244],[105.1576,9.0231],[105.1574,9.0226],[105.159,9.0211],[105.1598,9.018],[105.1605,9.0159],[105.1609,9.0152],[105.1641,9.0167],[105.165,9.0163],[105.1645,9.012],[105.1638,9.0119],[105.1631,9.0109],[105.1621,9.0104],[105.1608,9.0083],[105.1612,9.0077],[105.161,9.0061],[105.1607,9.0055],[105.1601,9.0039],[105.1599,9.0027],[105.1603,9.001],[105.1616,9],[105.1628,8.9994],[105.1634,8.9986],[105.1639,8.997],[105.1635,8.9953],[105.163,8.9946],[105.1624,8.9925],[105.1627,8.9912],[105.1625,8.9893],[105.1621,8.9888],[105.1605,8.988],[105.1596,8.9868],[105.1596,8.9848],[105.1585,8.9822],[105.1573,8.9808],[105.1567,8.9798],[105.1563,8.9782],[105.155,8.9765],[105.1547,8.9758],[105.1544,8.9727],[105.1542,8.9717],[105.1535,8.9707],[105.1533,8.9693],[105.1534,8.968],[105.1539,8.9669],[105.1544,8.9654],[105.1547,8.9648],[105.1554,8.9629],[105.1551,8.9622],[105.1554,8.9596],[105.1539,8.9571],[105.1539,8.9559],[105.1535,8.9551],[105.1538,8.9537],[105.1529,8.9513],[105.1529,8.9499],[105.1531,8.9479],[105.1536,8.9469],[105.1552,8.9458],[105.1558,8.9456],[105.1575,8.9469],[105.1587,8.946],[105.1593,8.9446],[105.1593,8.9434],[105.1602,8.9424],[105.16,8.9418],[105.1601,8.9407],[105.1594,8.9392],[105.1585,8.9389],[105.158,8.9378],[105.1576,8.9378],[105.1567,8.9388],[105.1559,8.9388],[105.155,8.9377],[105.1542,8.9375],[105.1532,8.9378],[105.1457,8.9383],[105.1406,8.9387],[105.1399,8.9389],[105.1384,8.9383],[105.1381,8.9379],[105.1384,8.9371],[105.1362,8.935],[105.1309,8.939],[105.1281,8.9365],[105.1239,8.9405],[105.1217,8.9425],[105.1213,8.9421],[105.1215,8.941],[105.1203,8.9402],[105.1163,8.9434],[105.1162,8.9445],[105.1123,8.9459],[105.111,8.9448],[105.1096,8.9455],[105.1047,8.9476],[105.1023,8.9493],[105.1031,8.9511],[105.1033,8.952],[105.1027,8.9543],[105.1026,8.9552],[105.1027,8.9561],[105.1034,8.9575],[105.1043,8.9582],[105.1056,8.9595],[105.1068,8.9619],[105.1076,8.9641],[105.1078,8.9652],[105.1085,8.9668],[105.1094,8.9683],[105.1095,8.9694],[105.1093,8.9705],[105.1086,8.972],[105.1084,8.9736],[105.1087,8.9752],[105.1096,8.9776],[105.1109,8.9797],[105.1109,8.9811],[105.1108,8.982],[105.11,8.9829],[105.1097,8.9842],[105.1111,8.9864],[105.112,8.9881],[105.1133,8.9893],[105.1146,8.9901],[105.115,8.9916],[105.1151,8.9931],[105.1154,8.9948],[105.1165,8.9968],[105.1166,8.9995],[105.1176,9.0009],[105.1197,9.0031],[105.1208,9.0043],[105.1188,9.007],[105.1196,9.0094],[105.1199,9.0121],[105.1199,9.0143],[105.1202,9.0161],[105.1211,9.0179],[105.1216,9.02],[105.1222,9.0214],[105.1241,9.0249],[105.1249,9.0262],[105.1271,9.0309],[105.1307,9.0393],[105.1332,9.0453],[105.1356,9.0506],[105.1399,9.0604],[105.1413,9.0639],[105.1441,9.0701],[105.1478,9.0786],[105.1495,9.0824],[105.1513,9.0866],[105.155,9.0949],[105.1559,9.0971],[105.1572,9.1012]]]},"properties":{"name":"Trần Phán","level":"ward"}},{"type":"Feature","geometry":{"type":"Polygon","coordinates":[[[105.393,9.067],[105.3934,9.0666],[105.3941,9.0645],[105.3943,9.0633],[105.3948,9.0622],[105.3959,9.0607],[105.3971,9.0599],[105.3982,9.0595],[105.4013,9.0589],[105.4026,9.0583],[105.4044,9.0569],[105.4064,9.0549],[105.4097,9.0521],[105.4106,9.051],[105.4109,9.0501],[105.4109,9.049],[105.4103,9.0461],[105.4104,9.0443],[105.4113,9.0427],[105.4125,9.0416],[105.4135,9.0409],[105.417,9.0391],[105.4176,9.0386],[105.4188,9.0373],[105.4194,9.0356],[105.4191,9.0341],[105.4177,9.0311],[105.4171,9.0287],[105.4164,9.0231],[105.4165,9.0221],[105.4166,9.0211],[105.4125,9.0184],[105.4121,9.0182],[105.4119,9.0174],[105.4121,9.0164],[105.4118,9.016],[105.4106,9.0156],[105.4104,9.0151],[105.4098,9.0151],[105.4088,9.0146],[105.4086,9.0141],[105.4071,9.014],[105.4067,9.0132],[105.4056,9.0128],[105.4056,9.0118],[105.406,9.0099],[105.405,9.0092],[105.4043,9.0081],[105.4036,9.008],[105.4031,9.0072],[105.4022,9.0069],[105.4011,9.0056],[105.3992,9.0048],[105.3988,9.0027],[105.3982,9.0022],[105.3982,9.0011],[105.3985,9.0002],[105.3978,8.9995],[105.3973,8.9984],[105.3964,8.9979],[105.3949,8.9979],[105.3949,8.9971],[105.3942,8.9965],[105.3933,8.9962],[105.393,8.9957],[105.394,8.9947],[105.3947,8.9937],[105.3939,8.9928],[105.3931,8.9923],[105.3931,8.9916],[105.3926,8.9909],[105.3916,8.9902],[105.3919,8.9894],[105.3919,8.988],[105.3911,8.9862],[105.3914,8.9859],[105.3911,8.9846],[105.3904,8.9844],[105.3903,8.9829],[105.3899,8.9823],[105.3899,8.9812],[105.3895,8.9802],[105.3893,8.979],[105.3885,8.9777],[105.3885,8.977],[105.3882,8.9763],[105.3875,8.9761],[105.3874,8.9754],[105.3863,8.9737],[105.3864,8.9727],[105.3854,8.9724],[105.3854,8.9714],[105.3844,8.9704],[105.3845,8.9697],[105.3833,8.9695],[105.3837,8.9685],[105.3828,8.9683],[105.3821,8.9691],[105.381,8.9697],[105.3803,8.9719],[105.3796,8.9721],[105.3787,8.9715],[105.3779,8.9713],[105.3767,8.9718],[105.3765,8.9725],[105.3773,8.9734],[105.3775,8.9742],[105.3773,8.9752],[105.3768,8.9761],[105.3759,8.9771],[105.3758,8.9776],[105.3766,8.9791],[105.3763,8.98],[105.3752,8.981],[105.3744,8.9809],[105.3728,8.9801],[105.3707,8.9809],[105.3688,8.9808],[105.3676,8.9805],[105.3669,8.9801],[105.366,8.9788],[105.3654,8.9786],[105.3638,8.9789],[105.3628,8.9789],[105.3618,8.9784],[105.3599,8.9757],[105.359,8.9745],[105.3581,8.9736],[105.3566,8.973],[105.3549,8.973],[105.3532,8.9747],[105.3525,8.9749],[105.3514,8.9748],[105.3488,8.974],[105.3476,8.9733],[105.3463,8.9718],[105.3455,8.9706],[105.3441,8.9692],[105.343,8.9677],[105.3418,8.9672],[105.3387,8.9678],[105.3381,8.9678],[105.3374,8.9671],[105.3375,8.9664],[105.339,8.9641],[105.3392,8.9624],[105.3388,8.959],[105.338,8.9583],[105.336,8.9584],[105.3344,8.9576],[105.3331,8.9573],[105.3314,8.9572],[105.3301,8.9565],[105.329,8.9566],[105.327,8.9575],[105.3262,8.9605],[105.3261,8.9635],[105.3263,8.9658],[105.3266,8.967],[105.3262,8.9682],[105.3251,8.9687],[105.3246,8.9693],[105.3243,8.9703],[105.3237,8.971],[105.3231,8.9711],[105.3216,8.9707],[105.3206,8.9709],[105.3204,8.9714],[105.3204,8.9728],[105.3214,8.977],[105.3213,8.9789],[105.3198,8.9793],[105.3186,8.9792],[105.3179,8.9795],[105.3168,8.9795],[105.3156,8.9791],[105.314,8.9795],[105.3131,8.9795],[105.3123,8.979],[105.3115,8.9772],[105.3107,8.9772],[105.3097,8.9776],[105.3085,8.9777],[105.3071,8.9776],[105.3062,8.978],[105.3049,8.978],[105.3028,8.9792],[105.3018,8.9797],[105.3008,8.9809],[105.3002,8.9812],[105.2988,8.9812],[105.2973,8.9814],[105.2968,8.9812],[105.2957,8.9801],[105.2949,8.9803],[105.2938,8.9799],[105.2925,8.9802],[105.2902,8.9799],[105.2891,8.98],[105.2881,8.9796],[105.287,8.9803],[105.2862,8.9802],[105.2853,8.9794],[105.2821,8.9789],[105.2806,8.9797],[105.2793,8.9799],[105.2781,8.9794],[105.2765,8.9791],[105.2753,8.9792],[105.2731,8.9797],[105.2725,8.9796],[105.272,8.9779],[105.2715,8.9777],[105.2711,8.9784],[105.2709,8.9798],[105.2693,8.979],[105.2681,8.9781],[105.268,8.9773],[105.2684,8.9765],[105.2698,8.9722],[105.268,8.9718],[105.2639,8.9712],[105.2639,8.9693],[105.2616,8.9689],[105.2621,8.9663],[105.2581,8.9652],[105.2579,8.9664],[105.2544,8.9661],[105.2543,8.9679],[105.251,8.9678],[105.2497,8.9707],[105.2483,8.9732],[105.248,8.9744],[105.2469,8.9745],[105.246,8.9739],[105.2448,8.9748],[105.2429,8.9768],[105.2435,8.9787],[105.244,8.9804],[105.2441,8.9817],[105.2446,8.983],[105.2453,8.9836],[105.2471,8.9843],[105.2474,8.9848],[105.2475,8.986],[105.2479,8.9877],[105.2485,8.9896],[105.2483,8.9929],[105.2485,8.995],[105.249,8.9966],[105.2507,8.9985],[105.2516,8.9997],[105.2531,9.0011],[105.2532,9.0022],[105.253,9.0031],[105.2531,9.0061],[105.2528,9.0071],[105.2522,9.0078],[105.2504,9.0094],[105.25,9.0106],[105.2498,9.0131],[105.2498,9.0146],[105.2501,9.0174],[105.2505,9.0185],[105.2514,9.0198],[105.2517,9.0217],[105.2528,9.0242],[105.253,9.0262],[105.2536,9.0276],[105.2561,9.0307],[105.2567,9.0318],[105.2577,9.0349],[105.2581,9.0369],[105.2581,9.0394],[105.2584,9.0414],[105.259,9.0426],[105.2601,9.0439],[105.2626,9.0455],[105.2648,9.0464],[105.2658,9.0469],[105.2667,9.049],[105.2667,9.05],[105.2663,9.0506],[105.265,9.0516],[105.2645,9.0522],[105.2646,9.0537],[105.2653,9.0546],[105.2666,9.0564],[105.2673,9.0569],[105.2687,9.0572],[105.2701,9.0579],[105.272,9.0601],[105.2735,9.0608],[105.2759,9.0612],[105.2764,9.0614],[105.2792,9.0633],[105.2819,9.0645],[105.2836,9.0657],[105.2849,9.0661],[105.2858,9.066],[105.2874,9.0657],[105.2892,9.0651],[105.29,9.065],[105.293,9.0662],[105.2949,9.0663],[105.2958,9.0661],[105.2972,9.0663],[105.2975,9.0666],[105.3054,9.0679],[105.3044,9.0653],[105.3056,9.0653],[105.3059,9.0624],[105.3072,9.0624],[105.3094,9.0632],[105.3088,9.0665],[105.3096,9.0668],[105.3102,9.0635],[105.3144,9.065],[105.3134,9.0681],[105.3132,9.0691],[105.3172,9.0706],[105.3172,9.0709],[105.3182,9.0718],[105.3201,9.0712],[105.3225,9.0713],[105.3238,9.0712],[105.3259,9.0707],[105.3286,9.0696],[105.3313,9.0684],[105.3337,9.0669],[105.3349,9.0663],[105.336,9.0664],[105.337,9.0674],[105.3377,9.0687],[105.3388,9.0703],[105.3402,9.0719],[105.3414,9.0724],[105.3431,9.0721],[105.3453,9.071],[105.3468,9.0708],[105.3491,9.0707],[105.3521,9.0708],[105.3559,9.0711],[105.3576,9.0709],[105.3586,9.0703],[105.3591,9.0694],[105.3587,9.0681],[105.3567,9.0664],[105.3563,9.0652],[105.3566,9.0641],[105.357,9.0633],[105.3578,9.0627],[105.3589,9.0623],[105.3621,9.0616],[105.3649,9.0601],[105.3656,9.0598],[105.3667,9.0598],[105.3684,9.06],[105.371,9.0609],[105.3724,9.0611],[105.374,9.0609],[105.3751,9.0598],[105.376,9.0581],[105.3775,9.0572],[105.3786,9.0574],[105.379,9.0578],[105.3804,9.06],[105.3819,9.0617],[105.384,9.0633],[105.3853,9.064],[105.3866,9.0645],[105.3903,9.0667],[105.3914,9.0671],[105.393,9.067]]]},"properties":{"name":"Tân Thuận","level":"ward"}},{"type":"Feature","geometry":{"type":"Polygon","coordinates":[[[105.0486,8.8724],[105.0499,8.8733],[105.0519,8.8743],[105.0527,8.8744],[105.0544,8.8751],[105.0553,8.8759],[105.0563,8.878],[105.0574,8.8792],[105.0586,8.8798],[105.0598,8.8802],[105.0639,8.8805],[105.0656,8.881],[105.0678,8.8824],[105.0687,8.8831],[105.07,8.8845],[105.0711,8.8854],[105.0766,8.89],[105.0777,8.8909],[105.0793,8.8923],[105.0822,8.8957],[105.0833,8.8967],[105.0844,8.8983],[105.0848,8.8995],[105.0849,8.9025],[105.0854,8.9042],[105.0861,8.905],[105.0874,8.9056],[105.0895,8.9058],[105.0901,8.906],[105.091,8.9068],[105.0914,8.908],[105.0917,8.9103],[105.0924,8.9136],[105.0937,8.9172],[105.0945,8.9198],[105.0947,8.922],[105.0953,8.9243],[105.096,8.9262],[105.0972,8.9281],[105.0978,8.9294],[105.0981,8.9307],[105.0982,8.9319],[105.0979,8.9338],[105.0981,8.9354],[105.0985,8.937],[105.0994,8.9387],[105.0994,8.9401],[105.0992,8.9407],[105.0989,8.943],[105.0989,8.9446],[105.1011,8.9477],[105.1023,8.9493],[105.1047,8.9476],[105.1096,8.9455],[105.111,8.9448],[105.1123,8.9459],[105.1162,8.9445],[105.1163,8.9434],[105.1203,8.9402],[105.1215,8.941],[105.1213,8.9421],[105.1217,8.9425],[105.1239,8.9405],[105.1281,8.9365],[105.1309,8.939],[105.1362,8.935],[105.1384,8.9371],[105.1381,8.9379],[105.1384,8.9383],[105.1399,8.9389],[105.1406,8.9387],[105.1457,8.9383],[105.1532,8.9378],[105.1542,8.9375],[105.1548,8.9362],[105.1548,8.9357],[105.1539,8.9351],[105.1541,8.9344],[105.155,8.9337],[105.1564,8.9335],[105.1567,8.9329],[105.1565,8.932],[105.1564,8.9299],[105.1566,8.9283],[105.1566,8.9257],[105.1573,8.9233],[105.1568,8.9229],[105.1571,8.9193],[105.1568,8.9179],[105.1572,8.9171],[105.1578,8.9165],[105.1577,8.9153],[105.1562,8.9155],[105.1555,8.9151],[105.1542,8.9122],[105.1535,8.911],[105.1524,8.9101],[105.1519,8.909],[105.1513,8.9086],[105.1494,8.9091],[105.1499,8.9077],[105.1567,8.8923],[105.1567,8.892],[105.1577,8.8898],[105.1531,8.8881],[105.1535,8.8865],[105.1487,8.8845],[105.1477,8.8867],[105.1469,8.8862],[105.1468,8.8851],[105.1449,8.8844],[105.1453,8.8831],[105.1421,8.8818],[105.1396,8.8818],[105.139,8.8837],[105.1382,8.8835],[105.1342,8.8838],[105.1334,8.8833],[105.1332,8.8825],[105.1305,8.8846],[105.1298,8.8824],[105.1292,8.8824],[105.1289,8.8783],[105.1263,8.8779],[105.1266,8.8824],[105.124,8.8824],[105.1238,8.8774],[105.1184,8.8765],[105.1179,8.8765],[105.1177,8.8746],[105.1171,8.8745],[105.1173,8.873],[105.1173,8.871],[105.1207,8.8712],[105.1197,8.8608],[105.1196,8.8592],[105.1194,8.8576],[105.1151,8.8529],[105.1145,8.8529],[105.1141,8.8537],[105.1122,8.854],[105.1122,8.853],[105.1101,8.8532],[105.1093,8.8535],[105.1094,8.8521],[105.1099,8.8504],[105.1091,8.8502],[105.109,8.8472],[105.1043,8.847],[105.102,8.8472],[105.0954,8.8471],[105.0944,8.8472],[105.0931,8.8477],[105.0926,8.8478],[105.0923,8.8469],[105.0834,8.8469],[105.0813,8.8468],[105.0703,8.8466],[105.0664,8.8466],[105.0659,8.8465],[105.0652,8.8471],[105.0635,8.8473],[105.0629,8.8477],[105.0614,8.8494],[105.0609,8.8498],[105.0578,8.8514],[105.0565,8.8524],[105.0561,8.8532],[105.0562,8.8552],[105.0558,8.8559],[105.055,8.8563],[105.0538,8.8564],[105.0532,8.8572],[105.0532,8.8578],[105.0539,8.8592],[105.0541,8.8601],[105.0536,8.8608],[105.0518,8.8613],[105.051,8.8619],[105.0507,8.8633],[105.0509,8.8642],[105.0522,8.8653],[105.0528,8.8664],[105.0528,8.8673],[105.0526,8.8686],[105.0514,8.8701],[105.0497,8.8716],[105.0486,8.8724]]]},"properties":{"name":"Quách Phẩm","level":"ward"}},{"type":"Feature","geometry":{"type":"Polygon","coordinates":[[[105.1573,8.9233],[105.158,8.9234],[105.1595,8.9231],[105.1609,8.9229],[105.1635,8.9229],[105.1651,8.9223],[105.1662,8.9221],[105.1676,8.9221],[105.1687,8.9219],[105.1703,8.9211],[105.171,8.9209],[105.1716,8.9211],[105.1728,8.9222],[105.1737,8.9225],[105.1751,8.9227],[105.1779,8.9248],[105.1789,8.9257],[105.1792,8.9263],[105.1806,8.9271],[105.1844,8.9273],[105.1856,8.9266],[105.1862,8.9265],[105.1876,8.9272],[105.1888,8.9269],[105.1893,8.927],[105.19,8.9282],[105.1904,8.9285],[105.1928,8.9281],[105.1946,8.9277],[105.1964,8.9275],[105.198,8.9267],[105.2002,8.9258],[105.2009,8.9257],[105.2017,8.926],[105.2031,8.9272],[105.204,8.9277],[105.2046,8.9277],[105.2057,8.9271],[105.2079,8.9256],[105.209,8.9253],[105.2107,8.9254],[105.2117,8.9252],[105.2127,8.9224],[105.2139,8.9213],[105.2139,8.9192],[105.2136,8.9168],[105.2142,8.9147],[105.2152,8.9126],[105.2159,8.9115],[105.2171,8.9112],[105.2189,8.9119],[105.2201,8.912],[105.2211,8.9119],[105.2228,8.9113],[105.2242,8.911],[105.2269,8.9107],[105.2294,8.9106],[105.2315,8.91],[105.2322,8.9091],[105.2322,8.908],[105.2316,8.9063],[105.2316,8.9054],[105.2319,8.9045],[105.2338,8.9021],[105.2343,8.901],[105.2344,8.9],[105.2344,8.8957],[105.235,8.8938],[105.2367,8.8913],[105.2374,8.89],[105.2384,8.8874],[105.2398,8.8847],[105.24,8.8819],[105.2404,8.8809],[105.2415,8.8793],[105.2421,8.8778],[105.2423,8.877],[105.242,8.8758],[105.2412,8.874],[105.2406,8.8689],[105.2405,8.8669],[105.2407,8.8657],[105.2413,8.863],[105.242,8.8607],[105.2422,8.8592],[105.2416,8.8576],[105.2405,8.8563],[105.2401,8.8553],[105.2405,8.8544],[105.2415,8.8539],[105.2439,8.8532],[105.245,8.8523],[105.2462,8.8499],[105.2449,8.8497],[105.2426,8.8496],[105.2362,8.8494],[105.2278,8.8493],[105.2149,8.849],[105.2082,8.8488],[105.1909,8.8484],[105.1879,8.8484],[105.178,8.8481],[105.157,8.8476],[105.1528,8.8478],[105.1466,8.8474],[105.137,8.8474],[105.1329,8.8474],[105.1289,8.8474],[105.1283,8.8473],[105.1254,8.8473],[105.1226,8.8473],[105.1212,8.8473],[105.1183,8.8472],[105.117,8.8472],[105.1122,8.8472],[105.1103,8.8471],[105.109,8.8472],[105.1091,8.8502],[105.1099,8.8504],[105.1094,8.8521],[105.1093,8.8535],[105.1101,8.8532],[105.1122,8.853],[105.1122,8.854],[105.1141,8.8537],[105.1145,8.8529],[105.1151,8.8529],[105.1194,8.8576],[105.1196,8.8592],[105.1197,8.8608],[105.1207,8.8712],[105.1173,8.871],[105.1173,8.873],[105.1171,8.8745],[105.1177,8.8746],[105.1179,8.8765],[105.1184,8.8765],[105.1238,8.8774],[105.124,8.8824],[105.1266,8.8824],[105.1263,8.8779],[105.1289,8.8783],[105.1292,8.8824],[105.1298,8.8824],[105.1305,8.8846],[105.1332,8.8825],[105.1334,8.8833],[105.1342,8.8838],[105.1382,8.8835],[105.139,8.8837],[105.1396,8.8818],[105.1421,8.8818],[105.1453,8.8831],[105.1449,8.8844],[105.1468,8.8851],[105.1469,8.8862],[105.1477,8.8867],[105.1487,8.8845],[105.1535,8.8865],[105.1531,8.8881],[105.1577,8.8898],[105.1567,8.892],[105.1567,8.8923],[105.1499,8.9077],[105.1494,8.9091],[105.1513,8.9086],[105.1519,8.909],[105.1524,8.9101],[105.1535,8.911],[105.1542,8.9122],[105.1555,8.9151],[105.1562,8.9155],[105.1577,8.9153],[105.1578,8.9165],[105.1572,8.9171],[105.1568,8.9179],[105.1571,8.9193],[105.1568,8.9229],[105.1573,8.9233]]]},"properties":{"name":"Thanh Tùng","level":"ward"}},{"type":"Feature","geometry":{"type":"Polygon","coordinates":[[[105.2398,8.8847],[105.2403,8.885],[105.2406,8.8859],[105.2405,8.887],[105.2411,8.8879],[105.2428,8.8883],[105.244,8.8888],[105.2466,8.8887],[105.2473,8.8891],[105.2475,8.8896],[105.2476,8.8925],[105.2485,8.8943],[105.2482,8.8959],[105.2483,8.898],[105.2473,8.899],[105.2458,8.902],[105.2454,8.9024],[105.2445,8.9026],[105.2431,8.9023],[105.2422,8.9029],[105.2419,8.904],[105.2413,8.905],[105.2412,8.9057],[105.2417,8.9064],[105.2416,8.9083],[105.2422,8.9087],[105.2434,8.9088],[105.2445,8.9095],[105.2447,8.9101],[105.2445,8.911],[105.2454,8.9118],[105.2457,8.9134],[105.2458,8.9152],[105.2457,8.9163],[105.2469,8.9176],[105.247,8.918],[105.2468,8.9201],[105.2465,8.9208],[105.2462,8.9231],[105.2464,8.9245],[105.2463,8.9253],[105.2458,8.926],[105.2458,8.9265],[105.2475,8.9289],[105.247,8.9298],[105.248,8.9307],[105.2481,8.9313],[105.2474,8.9339],[105.2464,8.935],[105.2464,8.9363],[105.2468,8.9373],[105.2465,8.9383],[105.2458,8.9422],[105.2453,8.9433],[105.2457,8.9452],[105.2453,8.9461],[105.2448,8.9467],[105.245,8.948],[105.2451,8.9501],[105.2456,8.952],[105.2451,8.955],[105.2452,8.9562],[105.2447,8.9577],[105.2452,8.9589],[105.2457,8.9612],[105.2463,8.9624],[105.2479,8.9632],[105.2483,8.9635],[105.2476,8.9646],[105.2474,8.9656],[105.2467,8.9666],[105.2463,8.9682],[105.2454,8.9689],[105.2451,8.97],[105.2446,8.9706],[105.2447,8.971],[105.2464,8.9724],[105.2464,8.9733],[105.246,8.9739],[105.2469,8.9745],[105.248,8.9744],[105.2483,8.9732],[105.2497,8.9707],[105.251,8.9678],[105.2543,8.9679],[105.2544,8.9661],[105.2579,8.9664],[105.2581,8.9652],[105.2621,8.9663],[105.2616,8.9689],[105.2639,8.9693],[105.2639,8.9712],[105.268,8.9718],[105.2698,8.9722],[105.2684,8.9765],[105.268,8.9773],[105.2681,8.9781],[105.2693,8.979],[105.2709,8.9798],[105.2711,8.9784],[105.2715,8.9777],[105.272,8.9779],[105.2725,8.9796],[105.2731,8.9797],[105.2753,8.9792],[105.2765,8.9791],[105.2781,8.9794],[105.2793,8.9799],[105.2806,8.9797],[105.2821,8.9789],[105.2853,8.9794],[105.2862,8.9802],[105.287,8.9803],[105.2881,8.9796],[105.2891,8.98],[105.2902,8.9799],[105.2925,8.9802],[105.2938,8.9799],[105.2949,8.9803],[105.2957,8.9801],[105.2968,8.9812],[105.2973,8.9814],[105.2988,8.9812],[105.3002,8.9812],[105.3008,8.9809],[105.3018,8.9797],[105.3028,8.9792],[105.3049,8.978],[105.3062,8.978],[105.3071,8.9776],[105.3085,8.9777],[105.3097,8.9776],[105.3107,8.9772],[105.3115,8.9772],[105.3123,8.979],[105.3131,8.9795],[105.314,8.9795],[105.3156,8.9791],[105.3168,8.9795],[105.3179,8.9795],[105.3186,8.9792],[105.3198,8.9793],[105.3213,8.9789],[105.3214,8.977],[105.3204,8.9728],[105.3204,8.9714],[105.3206,8.9709],[105.3216,8.9707],[105.3231,8.9711],[105.3237,8.971],[105.3243,8.9703],[105.3246,8.9693],[105.3251,8.9687],[105.3262,8.9682],[105.3266,8.967],[105.3263,8.9658],[105.3261,8.9635],[105.3262,8.9605],[105.327,8.9575],[105.329,8.9566],[105.3301,8.9565],[105.3314,8.9572],[105.3331,8.9573],[105.3344,8.9576],[105.336,8.9584],[105.338,8.9583],[105.3388,8.959],[105.3392,8.9624],[105.339,8.9641],[105.3375,8.9664],[105.3374,8.9671],[105.3381,8.9678],[105.3387,8.9678],[105.3418,8.9672],[105.343,8.9677],[105.3441,8.9692],[105.3455,8.9706],[105.3463,8.9718],[105.3476,8.9733],[105.3488,8.974],[105.3514,8.9748],[105.3525,8.9749],[105.3532,8.9747],[105.3549,8.973],[105.3566,8.973],[105.3581,8.9736],[105.359,8.9745],[105.3599,8.9757],[105.3618,8.9784],[105.3628,8.9789],[105.3638,8.9789],[105.3654,8.9786],[105.366,8.9788],[105.3669,8.9801],[105.3676,8.9805],[105.3688,8.9808],[105.3707,8.9809],[105.3728,8.9801],[105.3744,8.9809],[105.3752,8.981],[105.3763,8.98],[105.3766,8.9791],[105.3758,8.9776],[105.3759,8.9771],[105.3768,8.9761],[105.3773,8.9752],[105.3775,8.9742],[105.3773,8.9734],[105.3765,8.9725],[105.3767,8.9718],[105.3779,8.9713],[105.3787,8.9715],[105.3796,8.9721],[105.3803,8.9719],[105.381,8.9697],[105.3821,8.9691],[105.3828,8.9683],[105.3837,8.9685],[105.3843,8.9675],[105.3843,8.9667],[105.3839,8.9662],[105.3838,8.965],[105.384,8.9641],[105.3855,8.9629],[105.386,8.962],[105.3854,8.9591],[105.386,8.957],[105.385,8.9557],[105.3848,8.9545],[105.3843,8.9543],[105.3836,8.953],[105.3826,8.9525],[105.3828,8.9506],[105.3822,8.9497],[105.3822,8.9482],[105.3811,8.9466],[105.3812,8.9458],[105.3807,8.9454],[105.3804,8.9443],[105.3798,8.9436],[105.3798,8.9421],[105.3794,8.9418],[105.3786,8.9402],[105.3782,8.9401],[105.3777,8.9391],[105.3758,8.9372],[105.3746,8.9364],[105.3738,8.9363],[105.3737,8.9359],[105.3744,8.9349],[105.3745,8.9338],[105.3731,8.9316],[105.3717,8.9301],[105.37,8.9273],[105.3694,8.9259],[105.3683,8.9244],[105.3677,8.9229],[105.3672,8.9228],[105.3668,8.9216],[105.3664,8.9188],[105.3659,8.9169],[105.3653,8.9168],[105.3655,8.9155],[105.3648,8.914],[105.3638,8.9123],[105.3626,8.9094],[105.3615,8.9087],[105.3606,8.9077],[105.3604,8.907],[105.3608,8.9052],[105.3617,8.9046],[105.3611,8.9039],[105.3605,8.9021],[105.3596,8.9002],[105.3578,8.8954],[105.3576,8.8944],[105.358,8.8937],[105.3565,8.8927],[105.3567,8.8924],[105.3556,8.891],[105.3556,8.8905],[105.3547,8.8888],[105.3544,8.8876],[105.3536,8.8857],[105.353,8.8852],[105.353,8.8843],[105.352,8.8828],[105.3514,8.8813],[105.3509,8.8806],[105.3508,8.8794],[105.3501,8.8789],[105.3499,8.8784],[105.3487,8.8755],[105.3481,8.8749],[105.3475,8.8733],[105.3463,8.8723],[105.3455,8.8712],[105.3439,8.868],[105.3436,8.867],[105.3429,8.8666],[105.3412,8.8633],[105.3407,8.8626],[105.3402,8.8609],[105.3396,8.8594],[105.3392,8.8591],[105.3389,8.8582],[105.3382,8.8575],[105.3383,8.8567],[105.3378,8.8561],[105.3378,8.8554],[105.3369,8.8548],[105.3363,8.8534],[105.3359,8.8532],[105.335,8.8516],[105.3336,8.8498],[105.3328,8.8495],[105.3325,8.8484],[105.3316,8.8475],[105.3312,8.846],[105.3298,8.8443],[105.3299,8.8438],[105.3296,8.8428],[105.3291,8.8421],[105.3287,8.8407],[105.3275,8.8379],[105.3272,8.8374],[105.3259,8.8367],[105.3254,8.8358],[105.3238,8.8354],[105.3226,8.8341],[105.3209,8.8333],[105.3203,8.8327],[105.32,8.8319],[105.3181,8.829],[105.3168,8.8281],[105.3146,8.827],[105.3124,8.8266],[105.3105,8.8264],[105.3084,8.8254],[105.3063,8.8258],[105.3047,8.8256],[105.3015,8.8239],[105.3006,8.8236],[105.2996,8.8237],[105.2986,8.8244],[105.2971,8.8263],[105.2955,8.8275],[105.2945,8.828],[105.2913,8.8284],[105.2903,8.8287],[105.2896,8.8292],[105.2878,8.8312],[105.2866,8.8317],[105.2851,8.8311],[105.2843,8.8304],[105.2833,8.8291],[105.2823,8.8282],[105.2812,8.8277],[105.2805,8.8276],[105.2789,8.828],[105.2756,8.8301],[105.2734,8.8307],[105.2727,8.8313],[105.2725,8.8319],[105.2724,8.8331],[105.2715,8.8342],[105.2699,8.8353],[105.2678,8.8359],[105.2641,8.8361],[105.2627,8.8363],[105.2617,8.836],[105.26,8.8353],[105.2589,8.8346],[105.2579,8.8337],[105.2569,8.8326],[105.2557,8.831],[105.2552,8.8299],[105.2541,8.8256],[105.2518,8.8272],[105.2506,8.8284],[105.2484,8.8319],[105.2478,8.8338],[105.2479,8.8347],[105.2483,8.8363],[105.25,8.8401],[105.2512,8.8427],[105.2512,8.8444],[105.2506,8.8455],[105.2497,8.8465],[105.2477,8.848],[105.2468,8.8489],[105.2462,8.8499],[105.245,8.8523],[105.2439,8.8532],[105.2415,8.8539],[105.2405,8.8544],[105.2401,8.8553],[105.2405,8.8563],[105.2416,8.8576],[105.2422,8.8592],[105.242,8.8607],[105.2413,8.863],[105.2407,8.8657],[105.2405,8.8669],[105.2406,8.8689],[105.2412,8.874],[105.242,8.8758],[105.2423,8.877],[105.2421,8.8778],[105.2415,8.8793],[105.2404,8.8809],[105.24,8.8819],[105.2398,8.8847]]]},"properties":{"name":"Tân Tiến","level":"ward"}},{"type":"Feature","geometry":{"type":"Polygon","coordinates":[[[105.0173,8.852],[105.0183,8.8521],[105.0192,8.8526],[105.0204,8.8537],[105.0218,8.8558],[105.0223,8.8562],[105.0265,8.8606],[105.0295,8.8634],[105.0309,8.8646],[105.0329,8.8655],[105.0341,8.8658],[105.0379,8.8659],[105.0395,8.8662],[105.0412,8.8672],[105.0442,8.8698],[105.0463,8.8714],[105.0474,8.8721],[105.0486,8.8724],[105.0497,8.8716],[105.0514,8.8701],[105.0526,8.8686],[105.0528,8.8673],[105.0528,8.8664],[105.0522,8.8653],[105.0509,8.8642],[105.0507,8.8633],[105.051,8.8619],[105.0518,8.8613],[105.0536,8.8608],[105.0541,8.8601],[105.0539,8.8592],[105.0532,8.8578],[105.0532,8.8572],[105.0538,8.8564],[105.055,8.8563],[105.0558,8.8559],[105.0562,8.8552],[105.0561,8.8532],[105.0565,8.8524],[105.0578,8.8514],[105.0609,8.8498],[105.0614,8.8494],[105.0629,8.8477],[105.0635,8.8473],[105.0652,8.8471],[105.0659,8.8465],[105.0665,8.8429],[105.0671,8.8408],[105.0677,8.8382],[105.0684,8.834],[105.0696,8.8272],[105.0709,8.8201],[105.0713,8.8176],[105.072,8.8141],[105.0734,8.8055],[105.074,8.8025],[105.0748,8.798],[105.0753,8.7954],[105.0766,8.7881],[105.0758,8.786],[105.0752,8.7855],[105.0741,8.786],[105.0722,8.7862],[105.0709,8.7857],[105.069,8.7845],[105.0662,8.7813],[105.064,8.7791],[105.0618,8.7778],[105.0589,8.7764],[105.0579,8.7761],[105.0541,8.774],[105.0526,8.7734],[105.0495,8.7726],[105.047,8.7723],[105.044,8.7719],[105.0431,8.7717],[105.0417,8.7715],[105.0386,8.7708],[105.0364,8.7699],[105.0324,8.7679],[105.0304,8.7666],[105.0278,8.7648],[105.0268,8.7643],[105.0251,8.7637],[105.0225,8.763],[105.0205,8.7626],[105.0173,8.7624],[105.0134,8.7624],[105.0105,8.7622],[105.0067,8.7615],[105.0054,8.7612],[105.0018,8.7598],[104.9976,8.7574],[104.9957,8.7563],[104.9936,8.7553],[104.9911,8.7544],[104.9887,8.7535],[105.0021,8.7973],[105.0041,8.8045],[105.009,8.8146],[105.0101,8.8173],[105.0115,8.82],[105.0123,8.8219],[105.0142,8.8256],[105.0161,8.8297],[105.0173,8.852]]]},"properties":{"name":"Năm Căn","level":"ward"}},{"type":"Feature","geometry":{"type":"Polygon","coordinates":[[[105.013,8.8534],[105.0173,8.852],[105.0161,8.8297],[105.0142,8.8256],[105.0123,8.8219],[105.0115,8.82],[105.0101,8.8173],[105.009,8.8146],[105.0041,8.8045],[105.0021,8.7973],[104.9887,8.7535],[104.9867,8.7527],[104.9815,8.7506],[104.9792,8.7493],[104.9788,8.749],[104.9738,8.7455],[104.9726,8.7444],[104.9708,8.7426],[104.9695,8.7402],[104.9688,8.7382],[104.9685,8.7359],[104.9684,8.7317],[104.9684,8.729],[104.9687,8.7249],[104.9687,8.7205],[104.9683,8.7188],[104.9679,8.7177],[104.9674,8.7171],[104.967,8.7162],[104.9657,8.7148],[104.9638,8.7139],[104.9603,8.7124],[104.9588,8.7117],[104.9526,8.7086],[104.9482,8.7064],[104.9446,8.7047],[104.9373,8.7015],[104.9339,8.6997],[104.9329,8.6985],[104.9301,8.6973],[104.9289,8.6966],[104.9252,8.6948],[104.9224,8.6938],[104.9195,8.6928],[104.915,8.6916],[104.9115,8.6912],[104.9076,8.6911],[104.9,8.6914],[104.8976,8.6915],[104.8914,8.6921],[104.8837,8.6927],[104.8801,8.6929],[104.8768,8.693],[104.8738,8.6924],[104.8676,8.6921],[104.8614,8.6914],[104.8571,8.691],[104.8554,8.691],[104.852,8.6913],[104.8492,8.6918],[104.848,8.6922],[104.8458,8.6926],[104.8421,8.6941],[104.8412,8.6946],[104.8384,8.6968],[104.8362,8.6987],[104.8288,8.706],[104.8235,8.7111],[104.8203,8.7147],[104.8192,8.7161],[104.804,8.727],[104.8087,8.7291],[104.8096,8.7302],[104.8106,8.7308],[104.8137,8.7323],[104.815,8.7326],[104.8157,8.7325],[104.8165,8.7319],[104.8198,8.7324],[104.8206,8.7336],[104.822,8.7346],[104.8238,8.7358],[104.8248,8.736],[104.827,8.7359],[104.8281,8.7356],[104.8286,8.7351],[104.8327,8.7355],[104.8336,8.7354],[104.834,8.7358],[104.836,8.7369],[104.8378,8.7378],[104.842,8.7389],[104.8439,8.739],[104.8442,8.7393],[104.8457,8.7396],[104.8481,8.7404],[104.8495,8.7411],[104.8506,8.7413],[104.8504,8.742],[104.8511,8.7426],[104.853,8.7433],[104.8541,8.7436],[104.8532,8.7443],[104.8534,8.7447],[104.8569,8.7456],[104.8579,8.7467],[104.8579,8.7473],[104.8584,8.7481],[104.859,8.7486],[104.8598,8.7487],[104.8608,8.7494],[104.8626,8.7495],[104.8631,8.75],[104.8627,8.7509],[104.8628,8.7515],[104.8642,8.7519],[104.8633,8.7525],[104.8626,8.754],[104.8626,8.755],[104.8634,8.7564],[104.8643,8.7565],[104.8649,8.7563],[104.8659,8.7568],[104.8662,8.7575],[104.867,8.7581],[104.8693,8.7594],[104.8716,8.7598],[104.8736,8.7596],[104.8744,8.7618],[104.874,8.7632],[104.8744,8.7639],[104.8751,8.7646],[104.8753,8.7655],[104.876,8.7668],[104.876,8.7672],[104.8774,8.7702],[104.8794,8.7738],[104.8807,8.775],[104.881,8.7761],[104.881,8.7769],[104.8813,8.7775],[104.8835,8.7806],[104.8841,8.7819],[104.8848,8.7828],[104.8857,8.7832],[104.8869,8.7833],[104.8883,8.7839],[104.8886,8.7852],[104.8893,8.7859],[104.893,8.7879],[104.8941,8.7891],[104.8955,8.7892],[104.897,8.7901],[104.8979,8.7912],[104.8988,8.7932],[104.8991,8.7942],[104.899,8.7969],[104.8995,8.7983],[104.899,8.7991],[104.8993,8.7994],[104.9,8.8015],[104.9001,8.8061],[104.9003,8.8071],[104.9012,8.809],[104.9028,8.8115],[104.9033,8.8121],[104.9038,8.8125],[104.9062,8.8141],[104.908,8.8147],[104.9125,8.815],[104.9147,8.8156],[104.9182,8.8169],[104.9203,8.8181],[104.9217,8.819],[104.9249,8.8207],[104.9284,8.8222],[104.9298,8.8229],[104.9315,8.8235],[104.9331,8.8238],[104.9375,8.8247],[104.9418,8.8254],[104.9445,8.8257],[104.9493,8.8265],[104.9507,8.8269],[104.9542,8.8279],[104.9559,8.8287],[104.9583,8.8307],[104.9593,8.8324],[104.9604,8.8355],[104.9608,8.8361],[104.9625,8.8367],[104.9635,8.8368],[104.9651,8.8364],[104.9675,8.8356],[104.9701,8.8351],[104.9734,8.8354],[104.9782,8.8364],[104.9814,8.8366],[104.984,8.8371],[104.9851,8.8375],[104.9864,8.8383],[104.9892,8.84],[104.9899,8.8407],[104.991,8.8422],[104.9925,8.8447],[104.9937,8.8464],[104.9946,8.8472],[104.9962,8.8482],[104.9977,8.8487],[105.0044,8.8505],[105.0069,8.8514],[105.0107,8.853],[105.0118,8.8534],[105.013,8.8534]]]},"properties":{"name":"Đất Mới","level":"ward"}},{"type":"Feature","geometry":{"type":"Polygon","coordinates":[[[105.0659,8.8465],[105.0664,8.8466],[105.0703,8.8466],[105.0813,8.8468],[105.0834,8.8469],[105.0923,8.8469],[105.0926,8.8478],[105.0931,8.8477],[105.0944,8.8472],[105.0954,8.8471],[105.102,8.8472],[105.1043,8.847],[105.109,8.8472],[105.1103,8.8471],[105.1122,8.8472],[105.117,8.8472],[105.1183,8.8472],[105.1212,8.8473],[105.1226,8.8473],[105.1254,8.8473],[105.1283,8.8473],[105.1289,8.8474],[105.1329,8.8474],[105.137,8.8474],[105.1466,8.8474],[105.1528,8.8478],[105.157,8.8476],[105.178,8.8481],[105.1879,8.8484],[105.1909,8.8484],[105.2082,8.8488],[105.2149,8.849],[105.2278,8.8493],[105.2362,8.8494],[105.2426,8.8496],[105.2449,8.8497],[105.2462,8.8499],[105.2468,8.8489],[105.2477,8.848],[105.2497,8.8465],[105.2506,8.8455],[105.2512,8.8444],[105.2512,8.8427],[105.25,8.8401],[105.2483,8.8363],[105.2479,8.8347],[105.2478,8.8338],[105.2484,8.8319],[105.2506,8.8284],[105.2518,8.8272],[105.2541,8.8256],[105.2552,8.8299],[105.2557,8.831],[105.2569,8.8326],[105.2579,8.8337],[105.2589,8.8346],[105.26,8.8353],[105.2617,8.836],[105.2627,8.8363],[105.2641,8.8361],[105.2678,8.8359],[105.2699,8.8353],[105.2715,8.8342],[105.2724,8.8331],[105.2725,8.8319],[105.2727,8.8313],[105.2734,8.8307],[105.2756,8.8301],[105.2789,8.828],[105.2805,8.8276],[105.2812,8.8277],[105.2823,8.8282],[105.2833,8.8291],[105.2843,8.8304],[105.2851,8.8311],[105.2866,8.8317],[105.2878,8.8312],[105.2896,8.8292],[105.2903,8.8287],[105.2913,8.8284],[105.2945,8.828],[105.2955,8.8275],[105.2971,8.8263],[105.2986,8.8244],[105.2996,8.8237],[105.3006,8.8236],[105.3015,8.8239],[105.3047,8.8256],[105.3063,8.8258],[105.3084,8.8254],[105.3073,8.8248],[105.3075,8.8243],[105.3066,8.8241],[105.3059,8.8235],[105.3053,8.8222],[105.3053,8.8215],[105.3058,8.821],[105.306,8.8193],[105.3054,8.8185],[105.3048,8.8185],[105.3037,8.8181],[105.3032,8.8183],[105.3022,8.8182],[105.3018,8.8177],[105.3015,8.8166],[105.3008,8.8159],[105.3008,8.8151],[105.3011,8.8142],[105.2992,8.8141],[105.2994,8.8131],[105.3002,8.8129],[105.2998,8.8123],[105.3001,8.8109],[105.2994,8.8108],[105.2983,8.81],[105.298,8.8092],[105.2983,8.8086],[105.2981,8.8078],[105.2977,8.8068],[105.297,8.8059],[105.296,8.8061],[105.2951,8.8055],[105.2943,8.8055],[105.2927,8.8042],[105.2925,8.8032],[105.2918,8.8025],[105.2901,8.8019],[105.2886,8.8002],[105.2879,8.7991],[105.2878,8.7978],[105.2869,8.7972],[105.2868,8.7967],[105.2853,8.7959],[105.2851,8.7948],[105.2844,8.7944],[105.2842,8.7934],[105.2837,8.7933],[105.2835,8.7923],[105.2823,8.7918],[105.2809,8.7903],[105.281,8.7899],[105.2803,8.7895],[105.2795,8.788],[105.2798,8.7874],[105.2787,8.7861],[105.278,8.786],[105.2768,8.7847],[105.2764,8.7835],[105.2766,8.7826],[105.2758,8.7825],[105.2749,8.7828],[105.2742,8.7826],[105.2735,8.7814],[105.2725,8.7812],[105.2712,8.7805],[105.2706,8.7799],[105.2701,8.779],[105.269,8.7782],[105.2688,8.7767],[105.2673,8.7765],[105.2664,8.7755],[105.2654,8.7756],[105.2649,8.7754],[105.2646,8.7742],[105.2634,8.7743],[105.2626,8.7729],[105.2625,8.7722],[105.2615,8.7727],[105.2599,8.7718],[105.2578,8.7719],[105.2571,8.7718],[105.2544,8.7704],[105.2523,8.7686],[105.2514,8.768],[105.2503,8.7667],[105.2492,8.767],[105.2464,8.7665],[105.246,8.7668],[105.2447,8.7664],[105.2437,8.7658],[105.2435,8.7647],[105.2421,8.7647],[105.2408,8.7651],[105.2397,8.7647],[105.2389,8.7648],[105.2373,8.7645],[105.2367,8.7648],[105.2365,8.7642],[105.2352,8.7633],[105.2344,8.7638],[105.2341,8.7632],[105.233,8.7634],[105.2317,8.7627],[105.2305,8.7623],[105.2304,8.7617],[105.229,8.7622],[105.2281,8.7622],[105.2276,8.7626],[105.2268,8.7626],[105.2241,8.7616],[105.2223,8.7617],[105.2208,8.7613],[105.2201,8.7607],[105.219,8.7607],[105.2166,8.7592],[105.2146,8.7616],[105.2118,8.7647],[105.2112,8.7652],[105.2097,8.7661],[105.2083,8.7674],[105.207,8.7678],[105.2053,8.7689],[105.2037,8.7695],[105.2026,8.7695],[105.2007,8.7685],[105.1983,8.7665],[105.1969,8.7656],[105.1953,8.7653],[105.1939,8.7656],[105.1926,8.7668],[105.1901,8.7711],[105.1886,8.7733],[105.1875,8.7755],[105.187,8.7774],[105.187,8.7792],[105.1871,8.7806],[105.1878,8.7836],[105.1882,8.7847],[105.189,8.7882],[105.1893,8.7899],[105.1893,8.7917],[105.189,8.7939],[105.1885,8.7953],[105.1869,8.7962],[105.1857,8.7965],[105.1844,8.7966],[105.1826,8.7959],[105.1816,8.7951],[105.1811,8.7945],[105.1787,8.791],[105.1756,8.787],[105.1737,8.7847],[105.1722,8.7835],[105.1698,8.7823],[105.1677,8.7818],[105.1645,8.7815],[105.1622,8.7809],[105.1601,8.78],[105.1592,8.7794],[105.1569,8.7772],[105.1497,8.7692],[105.1489,8.7682],[105.1482,8.7669],[105.1478,8.7655],[105.1475,8.7639],[105.147,8.7624],[105.1462,8.7608],[105.1454,8.76],[105.1442,8.7593],[105.142,8.759],[105.1371,8.759],[105.1345,8.7588],[105.1325,8.7584],[105.1301,8.7585],[105.1278,8.7587],[105.1251,8.7593],[105.1212,8.7603],[105.1198,8.7609],[105.1184,8.7619],[105.1172,8.763],[105.116,8.7648],[105.1146,8.7665],[105.1127,8.7678],[105.1109,8.7685],[105.1084,8.7692],[105.1072,8.7693],[105.104,8.7702],[105.0996,8.7718],[105.0956,8.7734],[105.0894,8.7767],[105.087,8.7778],[105.0827,8.7801],[105.08,8.7812],[105.0775,8.7827],[105.0763,8.784],[105.0758,8.785],[105.0752,8.7855],[105.0758,8.786],[105.0766,8.7881],[105.0753,8.7954],[105.0748,8.798],[105.074,8.8025],[105.0734,8.8055],[105.072,8.8141],[105.0713,8.8176],[105.0709,8.8201],[105.0696,8.8272],[105.0684,8.834],[105.0677,8.8382],[105.0671,8.8408],[105.0665,8.8429],[105.0659,8.8465]]]},"properties":{"name":"Tam Giang","level":"ward"}},{"type":"Feature","geometry":{"type":"MultiPolygon","coordinates":[[[[104.9033,8.8121],[104.9028,8.8115],[104.9012,8.809],[104.9003,8.8071],[104.9001,8.8061],[104.9,8.8015],[104.8993,8.7994],[104.899,8.7991],[104.8968,8.8013],[104.8961,8.8008],[104.8944,8.8004],[104.8918,8.7989],[104.8895,8.7977],[104.8892,8.7974],[104.8865,8.796],[104.8855,8.796],[104.885,8.7966],[104.8744,8.7929],[104.8733,8.7927],[104.8629,8.7892],[104.8563,8.7871],[104.8541,8.7863],[104.8519,8.7857],[104.8476,8.7842],[104.8419,8.782],[104.8363,8.7802],[104.8331,8.779],[104.828,8.7769],[104.8273,8.7767],[104.8257,8.7771],[104.8249,8.777],[104.823,8.7764],[104.8233,8.7755],[104.8223,8.7744],[104.8212,8.7749],[104.8175,8.774],[104.8115,8.7728],[104.8106,8.7731],[104.8086,8.7744],[104.8058,8.7767],[104.8012,8.7806],[104.8004,8.7814],[104.7991,8.7832],[104.7973,8.7851],[104.7933,8.7898],[104.7888,8.7946],[104.7881,8.7959],[104.787,8.7983],[104.7876,8.7989],[104.7871,8.7999],[104.7864,8.8],[104.785,8.8026],[104.7845,8.8029],[104.7837,8.8038],[104.7828,8.8054],[104.7823,8.8068],[104.7814,8.8114],[104.7807,8.8156],[104.7807,8.8171],[104.7811,8.8247],[104.7815,8.8273],[104.7823,8.8308],[104.7826,8.8326],[104.783,8.8342],[104.7833,8.8361],[104.7845,8.8415],[104.7856,8.8455],[104.7873,8.8516],[104.7892,8.8574],[104.79,8.8593],[104.7917,8.8624],[104.7922,8.8628],[104.7939,8.8632],[104.7943,8.8644],[104.7918,8.8661],[104.7912,8.8676],[104.7912,8.8698],[104.7915,8.8702],[104.7913,8.871],[104.7918,8.8722],[104.7918,8.8737],[104.7925,8.8754],[104.7943,8.8819],[104.795,8.8849],[104.7953,8.8856],[104.7955,8.8874],[104.7961,8.8899],[104.7969,8.8924],[104.7972,8.8933],[104.7974,8.8946],[104.7977,8.896],[104.7983,8.897],[104.8,8.8986],[104.8014,8.8982],[104.8035,8.8983],[104.8065,8.8982],[104.8094,8.8983],[104.8106,8.8981],[104.8147,8.8977],[104.8169,8.8973],[104.8179,8.8973],[104.818,8.8958],[104.8187,8.8919],[104.8203,8.8836],[104.8204,8.8823],[104.8216,8.8815],[104.8222,8.8819],[104.8308,8.8788],[104.8357,8.8771],[104.842,8.8726],[104.8461,8.8726],[104.8471,8.8728],[104.849,8.8705],[104.8502,8.8692],[104.8511,8.8681],[104.855,8.8638],[104.8588,8.8596],[104.864,8.8538],[104.8662,8.8511],[104.8722,8.8445],[104.8731,8.8433],[104.8795,8.8362],[104.8828,8.8321],[104.8845,8.8301],[104.8862,8.8267],[104.888,8.8251],[104.893,8.8209],[104.8954,8.8191],[104.8979,8.8168],[104.9021,8.813],[104.9033,8.8121]]],[[[104.8175,8.7728],[104.8166,8.7725],[104.8146,8.7726],[104.8125,8.7724],[104.8126,8.7727],[104.8182,8.7739],[104.8211,8.7746],[104.8214,8.774],[104.8192,8.7735],[104.8175,8.7728]]],[[[104.81,8.7732],[104.8067,8.7745],[104.8042,8.7761],[104.803,8.7774],[104.8023,8.7787],[104.8021,8.7796],[104.8059,8.7764],[104.81,8.7732]]],[[[104.8338,8.7771],[104.8323,8.7762],[104.8304,8.7756],[104.8282,8.7754],[104.8244,8.7744],[104.8235,8.7763],[104.8251,8.7768],[104.8258,8.7768],[104.8277,8.7766],[104.8315,8.7781],[104.8362,8.7798],[104.8415,8.7816],[104.8418,8.7808],[104.8383,8.7796],[104.8371,8.7791],[104.8338,8.7771]]],[[[104.8513,8.7839],[104.8466,8.7821],[104.8425,8.7809],[104.8419,8.7815],[104.8426,8.782],[104.8492,8.7845],[104.8511,8.7853],[104.852,8.7854],[104.8521,8.7844],[104.8513,8.7839]]],[[[104.855,8.7857],[104.8533,8.7851],[104.8524,8.7846],[104.8523,8.7855],[104.8546,8.7862],[104.8554,8.7865],[104.8595,8.7878],[104.8594,8.7874],[104.8583,8.7869],[104.855,8.7857]]],[[[104.8603,8.7876],[104.8602,8.788],[104.8651,8.7897],[104.8718,8.792],[104.8732,8.7924],[104.8732,8.7915],[104.8699,8.7904],[104.8676,8.7898],[104.8647,8.7889],[104.8626,8.7884],[104.8603,8.7876]]],[[[104.8737,8.7915],[104.8734,8.7921],[104.874,8.7926],[104.8746,8.792],[104.8737,8.7915]]],[[[104.8751,8.7921],[104.8747,8.7927],[104.8846,8.7962],[104.8847,8.7955],[104.8818,8.7944],[104.879,8.7935],[104.8751,8.7921]]],[[[104.799,8.7828],[104.796,8.7853],[104.7943,8.7869],[104.7922,8.7893],[104.7898,8.7924],[104.7877,8.7956],[104.7867,8.7978],[104.787,8.7979],[104.788,8.7957],[104.7889,8.7942],[104.7921,8.7906],[104.7952,8.7871],[104.7986,8.7833],[104.799,8.7828]]]]},"properties":{"name":"Cái Đôi Vàm","level":"ward"}},{"type":"Feature","geometry":{"type":"Polygon","coordinates":[[[104.8969,9.0048],[104.8979,9.0049],[104.9025,9.0044],[104.904,9.0043],[104.9055,9.0047],[104.9068,9.0057],[104.9076,9.0069],[104.9086,9.0079],[104.9114,9.009],[104.9142,9.0101],[104.9176,9.0105],[104.9199,9.0103],[104.9243,9.0095],[104.9263,9.0091],[104.9276,9.0087],[104.929,9.0079],[104.9304,9.0069],[104.9319,9.0057],[104.9349,9.0025],[104.9385,8.999],[104.9408,8.9964],[104.9421,8.9953],[104.9438,8.9948],[104.9459,8.9946],[104.9516,8.9946],[104.9542,8.9949],[104.9567,8.9957],[104.9592,8.997],[104.9608,8.9978],[104.9622,8.998],[104.9642,8.998],[104.9671,8.9971],[104.9695,8.9961],[104.97,8.9958],[104.9709,8.9962],[104.9717,8.9961],[104.9728,8.9954],[104.9725,8.9946],[104.9756,8.9933],[104.9759,8.993],[104.9727,8.9735],[104.9714,8.9652],[104.9709,8.9623],[104.9701,8.9625],[104.9694,8.962],[104.9674,8.962],[104.9663,8.9626],[104.9652,8.9634],[104.9633,8.9591],[104.9653,8.9564],[104.965,8.9554],[104.9589,8.9429],[104.9587,8.9421],[104.9592,8.9356],[104.9596,8.9307],[104.9601,8.9302],[104.9605,8.9291],[104.9625,8.9283],[104.963,8.9274],[104.9647,8.9257],[104.9658,8.9245],[104.9677,8.9233],[104.9681,8.9227],[104.968,8.9221],[104.9706,8.9224],[104.9713,8.9208],[104.9713,8.9202],[104.9708,8.9193],[104.9701,8.9161],[104.9706,8.9146],[104.9715,8.9139],[104.9723,8.9135],[104.9728,8.9123],[104.9724,8.9113],[104.9727,8.9102],[104.969,8.9093],[104.9664,8.9095],[104.9659,8.91],[104.9656,8.9113],[104.9648,8.9117],[104.964,8.9099],[104.9634,8.9094],[104.9617,8.91],[104.9589,8.9107],[104.9566,8.9116],[104.9551,8.9119],[104.9545,8.9115],[104.9541,8.9108],[104.9539,8.9097],[104.954,8.9088],[104.9547,8.9075],[104.9546,8.9069],[104.9521,8.9062],[104.9512,8.9061],[104.9499,8.9068],[104.949,8.9083],[104.9478,8.9086],[104.9474,8.909],[104.9475,8.9119],[104.9478,8.9141],[104.9476,8.9147],[104.947,8.9149],[104.9459,8.9142],[104.9448,8.914],[104.9446,8.9145],[104.9448,8.9161],[104.9439,8.9168],[104.943,8.9162],[104.9419,8.9148],[104.9414,8.9146],[104.939,8.915],[104.938,8.9155],[104.9379,8.9166],[104.9366,8.916],[104.9356,8.9167],[104.935,8.9168],[104.9334,8.9161],[104.9325,8.9162],[104.932,8.9174],[104.9313,8.918],[104.9302,8.9187],[104.9286,8.9192],[104.9277,8.919],[104.9274,8.9186],[104.9269,8.9171],[104.9261,8.9165],[104.9254,8.9165],[104.9243,8.9184],[104.9241,8.9194],[104.9237,8.9193],[104.9229,8.92],[104.9224,8.9196],[104.9202,8.92],[104.9203,8.9214],[104.9187,8.9218],[104.9182,8.9223],[104.9174,8.9235],[104.9173,8.924],[104.9181,8.9253],[104.9152,8.9262],[104.9153,8.9279],[104.9158,8.9285],[104.9161,8.9294],[104.9149,8.9306],[104.9146,8.9321],[104.9088,8.9312],[104.8993,8.9298],[104.8982,8.9295],[104.8907,8.9257],[104.8879,8.9242],[104.8875,8.9248],[104.8878,8.9264],[104.8889,8.93],[104.8897,8.9331],[104.8917,8.9401],[104.8939,8.9478],[104.894,8.9483],[104.8953,8.9512],[104.8948,8.9516],[104.8938,8.9518],[104.8931,8.9531],[104.892,8.9533],[104.8912,8.9528],[104.8899,8.9531],[104.8877,8.9538],[104.8866,8.9537],[104.8859,8.954],[104.8853,8.9549],[104.8833,8.9558],[104.8816,8.9576],[104.8809,8.958],[104.8771,8.962],[104.8721,8.9672],[104.8712,8.9681],[104.8675,8.972],[104.8637,8.9758],[104.86,8.9798],[104.8589,8.9811],[104.8592,8.9824],[104.861,8.9825],[104.8634,8.983],[104.8651,8.9836],[104.8659,8.984],[104.8673,8.986],[104.8677,8.9869],[104.8676,8.988],[104.8683,8.9909],[104.8682,8.9913],[104.869,8.993],[104.8698,8.9936],[104.871,8.994],[104.8748,8.9939],[104.8762,8.9943],[104.8768,8.9946],[104.8792,8.995],[104.8807,8.9947],[104.8826,8.9934],[104.8838,8.992],[104.8845,8.9917],[104.8856,8.9919],[104.8863,8.9931],[104.8868,8.9944],[104.8872,8.9968],[104.8879,8.999],[104.8894,9.0005],[104.8914,9.0018],[104.8936,9.0031],[104.8955,9.0044],[104.8969,9.0048]]]},"properties":{"name":"Phú Mỹ","level":"ward"}},{"type":"Feature","geometry":{"type":"Polygon","coordinates":[[[104.8055,8.9804],[104.8094,8.9797],[104.8094,8.9791],[104.8143,8.9775],[104.8161,8.9771],[104.8198,8.9749],[104.821,8.9743],[104.8223,8.974],[104.8234,8.9739],[104.8246,8.9742],[104.8252,8.9747],[104.826,8.9761],[104.8264,8.9772],[104.8265,8.9789],[104.8263,8.9808],[104.8264,8.9818],[104.8267,8.9826],[104.8273,8.9831],[104.8285,8.9836],[104.83,8.9835],[104.831,8.9829],[104.832,8.9817],[104.8332,8.9789],[104.8346,8.9784],[104.8358,8.9786],[104.8366,8.9792],[104.8402,8.984],[104.8412,8.9855],[104.8413,8.986],[104.8423,8.9869],[104.8473,8.991],[104.8487,8.9915],[104.8504,8.9915],[104.8515,8.9907],[104.8528,8.9889],[104.8531,8.9882],[104.8532,8.9854],[104.854,8.9839],[104.8551,8.9828],[104.8566,8.9822],[104.8592,8.9824],[104.8589,8.9811],[104.86,8.9798],[104.8637,8.9758],[104.8675,8.972],[104.8712,8.9681],[104.8721,8.9672],[104.8771,8.962],[104.8809,8.958],[104.8816,8.9576],[104.8833,8.9558],[104.8853,8.9549],[104.8859,8.954],[104.8866,8.9537],[104.8877,8.9538],[104.8899,8.9531],[104.8912,8.9528],[104.892,8.9533],[104.8931,8.9531],[104.8938,8.9518],[104.8948,8.9516],[104.8953,8.9512],[104.894,8.9483],[104.8939,8.9478],[104.8917,8.9401],[104.8897,8.9331],[104.8889,8.93],[104.8878,8.9264],[104.8875,8.9248],[104.8879,8.9242],[104.8885,8.9233],[104.8873,8.9217],[104.8882,8.9206],[104.8899,8.9199],[104.8916,8.9182],[104.8926,8.9177],[104.8936,8.9166],[104.8935,8.9161],[104.8924,8.9151],[104.8909,8.9148],[104.8901,8.9142],[104.8905,8.9129],[104.8914,8.9109],[104.8923,8.911],[104.8929,8.9104],[104.8939,8.9102],[104.8943,8.9094],[104.8944,8.9077],[104.8947,8.9067],[104.8945,8.9064],[104.8947,8.9048],[104.8959,8.9043],[104.896,8.9035],[104.8955,8.9027],[104.8945,8.902],[104.8915,8.9023],[104.8906,8.9023],[104.8904,8.9017],[104.8894,8.9015],[104.8882,8.9016],[104.8868,8.9005],[104.8862,8.9007],[104.8855,8.9015],[104.8846,8.9019],[104.8839,8.9017],[104.8827,8.9024],[104.8814,8.895],[104.8813,8.8946],[104.8778,8.8867],[104.8836,8.8826],[104.8832,8.8819],[104.8822,8.8801],[104.8813,8.8795],[104.871,8.8758],[104.8702,8.8756],[104.8571,8.8729],[104.8564,8.8727],[104.8549,8.8715],[104.8526,8.8694],[104.8511,8.8681],[104.8502,8.8692],[104.849,8.8705],[104.8471,8.8728],[104.8461,8.8726],[104.842,8.8726],[104.8357,8.8771],[104.8308,8.8788],[104.8222,8.8819],[104.8216,8.8815],[104.8204,8.8823],[104.8203,8.8836],[104.8187,8.8919],[104.818,8.8958],[104.8179,8.8973],[104.8169,8.8973],[104.8147,8.8977],[104.8106,8.8981],[104.8094,8.8983],[104.8065,8.8982],[104.8035,8.8983],[104.8014,8.8982],[104.8,8.8986],[104.8,8.8991],[104.7988,8.9002],[104.7986,8.902],[104.799,8.9036],[104.7995,8.9075],[104.8,8.9084],[104.8007,8.9135],[104.801,8.9157],[104.8012,8.9169],[104.8016,8.9199],[104.8019,8.921],[104.8018,8.9215],[104.8021,8.9223],[104.802,8.9235],[104.8032,8.9243],[104.8031,8.9256],[104.8025,8.9263],[104.8029,8.9278],[104.8028,8.9285],[104.803,8.9305],[104.8029,8.9315],[104.8031,8.9326],[104.8031,8.9347],[104.8037,8.9383],[104.8035,8.939],[104.804,8.9397],[104.8037,8.9401],[104.8042,8.9412],[104.804,8.9416],[104.8043,8.9426],[104.8039,8.943],[104.804,8.9437],[104.8046,8.9445],[104.8043,8.9451],[104.8046,8.9461],[104.8043,8.9466],[104.8049,8.9474],[104.8044,8.9479],[104.8046,8.9491],[104.805,8.9497],[104.8048,8.9504],[104.8049,8.9537],[104.8048,8.9543],[104.8049,8.9553],[104.8046,8.956],[104.8046,8.957],[104.805,8.9577],[104.8045,8.958],[104.8051,8.9588],[104.8048,8.9604],[104.8051,8.9622],[104.8048,8.9636],[104.8054,8.9646],[104.805,8.9652],[104.8055,8.9662],[104.805,8.9664],[104.8049,8.9673],[104.8054,8.9686],[104.8058,8.9689],[104.805,8.9696],[104.8054,8.9699],[104.8054,8.9708],[104.805,8.9712],[104.8052,8.9725],[104.8049,8.9731],[104.8053,8.975],[104.8052,8.9756],[104.8059,8.9761],[104.8069,8.9764],[104.8074,8.9774],[104.8062,8.9782],[104.8057,8.9788],[104.8055,8.9804]]]},"properties":{"name":"Phú Tân","level":"ward"}},{"type":"Feature","geometry":{"type":"Polygon","coordinates":[[[104.9727,8.9102],[104.9739,8.9106],[104.9753,8.9093],[104.9764,8.9071],[104.9767,8.9052],[104.9779,8.9039],[104.9768,8.9029],[104.9769,8.9022],[104.9788,8.9008],[104.9794,8.8994],[104.9792,8.8989],[104.9779,8.8974],[104.978,8.8968],[104.9791,8.8967],[104.9804,8.897],[104.9814,8.8968],[104.9817,8.8963],[104.9818,8.8945],[104.9821,8.8934],[104.9822,8.8921],[104.9817,8.8915],[104.9796,8.8904],[104.9783,8.8895],[104.978,8.889],[104.9785,8.888],[104.9795,8.8872],[104.98,8.8865],[104.9799,8.8858],[104.9794,8.8846],[104.9794,8.8827],[104.9792,8.8807],[104.9794,8.8789],[104.9803,8.8783],[104.9809,8.8785],[104.9824,8.8798],[104.9845,8.8796],[104.9873,8.8797],[104.9887,8.8799],[104.9898,8.8796],[104.9903,8.8771],[104.9911,8.8768],[104.9927,8.8777],[104.9935,8.878],[104.9944,8.8779],[104.9962,8.8772],[104.9967,8.8777],[104.9964,8.8792],[104.9964,8.8799],[104.9969,8.8805],[104.9978,8.8803],[105.0014,8.8786],[105.0022,8.878],[105.0027,8.8773],[105.0034,8.8755],[105.0042,8.875],[105.0058,8.8755],[105.0072,8.8752],[105.0077,8.8743],[105.0074,8.8727],[105.0061,8.8709],[105.0057,8.8693],[105.006,8.8683],[105.0065,8.8679],[105.0077,8.8677],[105.0093,8.8678],[105.0107,8.8675],[105.0112,8.8669],[105.0109,8.8662],[105.0094,8.8651],[105.0088,8.8639],[105.0095,8.863],[105.0109,8.862],[105.0115,8.8614],[105.0116,8.8602],[105.0104,8.8585],[105.0101,8.8576],[105.0104,8.857],[105.0127,8.8556],[105.013,8.8551],[105.013,8.8534],[105.0118,8.8534],[105.0107,8.853],[105.0069,8.8514],[105.0044,8.8505],[104.9977,8.8487],[104.9962,8.8482],[104.9946,8.8472],[104.9937,8.8464],[104.9925,8.8447],[104.991,8.8422],[104.9899,8.8407],[104.9892,8.84],[104.9864,8.8383],[104.9851,8.8375],[104.984,8.8371],[104.9814,8.8366],[104.9782,8.8364],[104.9734,8.8354],[104.9701,8.8351],[104.9675,8.8356],[104.9651,8.8364],[104.9635,8.8368],[104.9625,8.8367],[104.9608,8.8361],[104.9604,8.8355],[104.9593,8.8324],[104.9583,8.8307],[104.9559,8.8287],[104.9542,8.8279],[104.9507,8.8269],[104.9493,8.8265],[104.9445,8.8257],[104.9418,8.8254],[104.9375,8.8247],[104.9331,8.8238],[104.9315,8.8235],[104.9298,8.8229],[104.9284,8.8222],[104.9249,8.8207],[104.9217,8.819],[104.9203,8.8181],[104.9182,8.8169],[104.9147,8.8156],[104.9125,8.815],[104.908,8.8147],[104.9062,8.8141],[104.9038,8.8125],[104.9033,8.8121],[104.9021,8.813],[104.8979,8.8168],[104.8954,8.8191],[104.893,8.8209],[104.888,8.8251],[104.8862,8.8267],[104.8845,8.8301],[104.8828,8.8321],[104.8795,8.8362],[104.8731,8.8433],[104.8722,8.8445],[104.8662,8.8511],[104.864,8.8538],[104.8588,8.8596],[104.855,8.8638],[104.8511,8.8681],[104.8526,8.8694],[104.8549,8.8715],[104.8564,8.8727],[104.8571,8.8729],[104.8702,8.8756],[104.871,8.8758],[104.8813,8.8795],[104.8822,8.8801],[104.8832,8.8819],[104.8836,8.8826],[104.8778,8.8867],[104.8813,8.8946],[104.8814,8.895],[104.8827,8.9024],[104.8839,8.9017],[104.8846,8.9019],[104.8855,8.9015],[104.8862,8.9007],[104.8868,8.9005],[104.8882,8.9016],[104.8894,8.9015],[104.8904,8.9017],[104.8906,8.9023],[104.8915,8.9023],[104.8945,8.902],[104.8955,8.9027],[104.896,8.9035],[104.8959,8.9043],[104.8947,8.9048],[104.8945,8.9064],[104.8947,8.9067],[104.8944,8.9077],[104.8943,8.9094],[104.8939,8.9102],[104.8929,8.9104],[104.8923,8.911],[104.8914,8.9109],[104.8905,8.9129],[104.8901,8.9142],[104.8909,8.9148],[104.8924,8.9151],[104.8935,8.9161],[104.8936,8.9166],[104.8926,8.9177],[104.8916,8.9182],[104.8899,8.9199],[104.8882,8.9206],[104.8873,8.9217],[104.8885,8.9233],[104.8879,8.9242],[104.8907,8.9257],[104.8982,8.9295],[104.8993,8.9298],[104.9088,8.9312],[104.9146,8.9321],[104.9149,8.9306],[104.9161,8.9294],[104.9158,8.9285],[104.9153,8.9279],[104.9152,8.9262],[104.9181,8.9253],[104.9173,8.924],[104.9174,8.9235],[104.9182,8.9223],[104.9187,8.9218],[104.9203,8.9214],[104.9202,8.92],[104.9224,8.9196],[104.9229,8.92],[104.9237,8.9193],[104.9241,8.9194],[104.9243,8.9184],[104.9254,8.9165],[104.9261,8.9165],[104.9269,8.9171],[104.9274,8.9186],[104.9277,8.919],[104.9286,8.9192],[104.9302,8.9187],[104.9313,8.918],[104.932,8.9174],[104.9325,8.9162],[104.9334,8.9161],[104.935,8.9168],[104.9356,8.9167],[104.9366,8.916],[104.9379,8.9166],[104.938,8.9155],[104.939,8.915],[104.9414,8.9146],[104.9419,8.9148],[104.943,8.9162],[104.9439,8.9168],[104.9448,8.9161],[104.9446,8.9145],[104.9448,8.914],[104.9459,8.9142],[104.947,8.9149],[104.9476,8.9147],[104.9478,8.9141],[104.9475,8.9119],[104.9474,8.909],[104.9478,8.9086],[104.949,8.9083],[104.9499,8.9068],[104.9512,8.9061],[104.9521,8.9062],[104.9546,8.9069],[104.9547,8.9075],[104.954,8.9088],[104.9539,8.9097],[104.9541,8.9108],[104.9545,8.9115],[104.9551,8.9119],[104.9566,8.9116],[104.9589,8.9107],[104.9617,8.91],[104.9634,8.9094],[104.964,8.9099],[104.9648,8.9117],[104.9656,8.9113],[104.9659,8.91],[104.9664,8.9095],[104.969,8.9093],[104.9727,8.9102]]]},"properties":{"name":"Nguyễn Việt Khái","level":"ward"}},{"type":"Feature","geometry":{"type":"Polygon","coordinates":[[[104.9887,8.7535],[104.9911,8.7544],[104.9936,8.7553],[104.9957,8.7563],[104.9976,8.7574],[105.0018,8.7598],[105.0054,8.7612],[105.0067,8.7615],[105.0105,8.7622],[105.0134,8.7624],[105.0173,8.7624],[105.0205,8.7626],[105.0225,8.763],[105.0251,8.7637],[105.0268,8.7643],[105.0278,8.7648],[105.0304,8.7666],[105.0324,8.7679],[105.0364,8.7699],[105.0386,8.7708],[105.0417,8.7715],[105.0431,8.7717],[105.044,8.7719],[105.047,8.7723],[105.0495,8.7726],[105.0526,8.7734],[105.0541,8.774],[105.0579,8.7761],[105.0589,8.7764],[105.0618,8.7778],[105.064,8.7791],[105.0662,8.7813],[105.069,8.7845],[105.0709,8.7857],[105.0722,8.7862],[105.0741,8.786],[105.0752,8.7855],[105.0758,8.785],[105.0763,8.784],[105.0775,8.7827],[105.08,8.7812],[105.0827,8.7801],[105.087,8.7778],[105.0894,8.7767],[105.0956,8.7734],[105.0996,8.7718],[105.104,8.7702],[105.1072,8.7693],[105.1084,8.7692],[105.1109,8.7685],[105.1127,8.7678],[105.1146,8.7665],[105.116,8.7648],[105.1172,8.763],[105.1184,8.7619],[105.1198,8.7609],[105.1212,8.7603],[105.1251,8.7593],[105.1278,8.7587],[105.1301,8.7585],[105.1325,8.7584],[105.1345,8.7588],[105.1371,8.759],[105.142,8.759],[105.1442,8.7593],[105.1454,8.76],[105.1462,8.7608],[105.147,8.7624],[105.1475,8.7639],[105.1478,8.7655],[105.1482,8.7669],[105.1489,8.7682],[105.1497,8.7692],[105.1569,8.7772],[105.1592,8.7794],[105.1601,8.78],[105.1622,8.7809],[105.1645,8.7815],[105.1677,8.7818],[105.1698,8.7823],[105.1722,8.7835],[105.1737,8.7847],[105.1756,8.787],[105.1787,8.791],[105.1811,8.7945],[105.1816,8.7951],[105.1826,8.7959],[105.1844,8.7966],[105.1857,8.7965],[105.1869,8.7962],[105.1885,8.7953],[105.189,8.7939],[105.1893,8.7917],[105.1893,8.7899],[105.189,8.7882],[105.1882,8.7847],[105.1878,8.7836],[105.1871,8.7806],[105.187,8.7792],[105.187,8.7774],[105.1875,8.7755],[105.1886,8.7733],[105.1901,8.7711],[105.1926,8.7668],[105.1939,8.7656],[105.1953,8.7653],[105.1969,8.7656],[105.1983,8.7665],[105.2007,8.7685],[105.2026,8.7695],[105.2037,8.7695],[105.2053,8.7689],[105.207,8.7678],[105.2083,8.7674],[105.2097,8.7661],[105.2112,8.7652],[105.2118,8.7647],[105.2146,8.7616],[105.2166,8.7592],[105.2129,8.757],[105.2124,8.7566],[105.2117,8.7568],[105.2096,8.7576],[105.2088,8.7571],[105.208,8.7571],[105.2072,8.7566],[105.2066,8.7571],[105.2052,8.7565],[105.2047,8.7559],[105.2036,8.7554],[105.2032,8.7544],[105.2023,8.7542],[105.2019,8.7529],[105.201,8.7532],[105.2005,8.7526],[105.1998,8.7525],[105.1997,8.7516],[105.1989,8.7522],[105.1977,8.7518],[105.1957,8.7507],[105.196,8.7501],[105.195,8.7498],[105.1941,8.7499],[105.1934,8.7496],[105.1925,8.7497],[105.1922,8.7491],[105.1909,8.7487],[105.1907,8.7478],[105.1898,8.7475],[105.1895,8.7478],[105.1884,8.7471],[105.1873,8.747],[105.1877,8.7458],[105.1871,8.7457],[105.186,8.7467],[105.1849,8.7465],[105.1837,8.7459],[105.1831,8.7459],[105.1828,8.7452],[105.1832,8.7445],[105.1819,8.7444],[105.1819,8.7436],[105.1816,8.7432],[105.1817,8.7414],[105.1808,8.7418],[105.1806,8.7423],[105.1793,8.7424],[105.1786,8.742],[105.1781,8.7413],[105.1779,8.7405],[105.1773,8.74],[105.1765,8.7396],[105.1761,8.7389],[105.1761,8.7382],[105.175,8.7368],[105.1751,8.7359],[105.1755,8.7346],[105.1751,8.7339],[105.1746,8.7346],[105.1738,8.7347],[105.1736,8.7341],[105.1729,8.7334],[105.173,8.7328],[105.1719,8.7329],[105.1717,8.7325],[105.1728,8.7312],[105.1712,8.731],[105.17,8.7293],[105.1699,8.7286],[105.1689,8.7275],[105.169,8.7267],[105.168,8.7258],[105.1673,8.7255],[105.1671,8.7244],[105.1661,8.7234],[105.1663,8.7223],[105.1661,8.7217],[105.1655,8.7215],[105.1656,8.7208],[105.1642,8.7202],[105.1632,8.7208],[105.1623,8.7204],[105.1605,8.7192],[105.1599,8.7168],[105.1588,8.7154],[105.1583,8.7145],[105.1579,8.7125],[105.1573,8.712],[105.1566,8.712],[105.1562,8.7114],[105.1549,8.7108],[105.1543,8.7096],[105.1532,8.7093],[105.1528,8.7086],[105.151,8.7085],[105.1503,8.7078],[105.1497,8.7077],[105.1493,8.7072],[105.1488,8.7071],[105.1476,8.7057],[105.1468,8.7044],[105.1469,8.7039],[105.1457,8.703],[105.1453,8.7015],[105.1441,8.701],[105.1438,8.6996],[105.1427,8.6997],[105.1424,8.6991],[105.1417,8.699],[105.1411,8.6984],[105.1404,8.6975],[105.1389,8.6971],[105.138,8.6964],[105.1369,8.6962],[105.1363,8.6945],[105.1356,8.6949],[105.1345,8.6961],[105.1333,8.6969],[105.1306,8.6976],[105.1282,8.6984],[105.1264,8.6984],[105.1253,8.6981],[105.1242,8.698],[105.1235,8.6982],[105.1214,8.6991],[105.1198,8.7],[105.1183,8.7004],[105.1171,8.7012],[105.1161,8.7013],[105.1143,8.7005],[105.1116,8.6996],[105.1107,8.699],[105.1095,8.698],[105.1081,8.6958],[105.107,8.6945],[105.1028,8.6916],[105.1019,8.6912],[105.1,8.6912],[105.0978,8.6914],[105.096,8.6909],[105.0942,8.6898],[105.0934,8.689],[105.0928,8.6876],[105.0924,8.6859],[105.0917,8.6848],[105.0903,8.6835],[105.0894,8.6832],[105.0883,8.6833],[105.0868,8.6825],[105.085,8.6808],[105.0841,8.6794],[105.0836,8.6779],[105.0827,8.6763],[105.0796,8.6731],[105.0773,8.6706],[105.0748,8.6684],[105.0741,8.6681],[105.0723,8.668],[105.071,8.6678],[105.0704,8.6673],[105.0679,8.6653],[105.0674,8.6648],[105.067,8.6638],[105.0668,8.662],[105.0664,8.6614],[105.0643,8.6591],[105.0626,8.6585],[105.0613,8.6575],[105.06,8.6587],[105.0586,8.6592],[105.0578,8.6598],[105.057,8.6601],[105.0554,8.6598],[105.0547,8.6604],[105.0541,8.6605],[105.0516,8.6603],[105.0505,8.66],[105.0485,8.6604],[105.0465,8.6605],[105.0456,8.6612],[105.0443,8.6625],[105.0427,8.6631],[105.0411,8.6636],[105.0407,8.664],[105.0403,8.6654],[105.0389,8.6664],[105.0379,8.6679],[105.0368,8.6686],[105.0352,8.6689],[105.0348,8.6679],[105.0343,8.6678],[105.0329,8.6687],[105.0316,8.6691],[105.0299,8.6686],[105.0288,8.6687],[105.0259,8.6686],[105.0249,8.6685],[105.0243,8.6694],[105.0233,8.6701],[105.0215,8.6703],[105.0205,8.6699],[105.0195,8.6702],[105.0187,8.6699],[105.0165,8.6701],[105.0155,8.67],[105.0145,8.6696],[105.0139,8.6696],[105.0133,8.6708],[105.0124,8.6714],[105.012,8.6721],[105.0113,8.6743],[105.0108,8.6763],[105.01,8.6767],[105.0087,8.677],[105.0068,8.6777],[105.0051,8.6777],[105.0043,8.6781],[105.0037,8.6792],[105.0029,8.6795],[105.0014,8.6794],[105.0014,8.6786],[105.001,8.6765],[105.0011,8.6753],[105.0016,8.6736],[105.0029,8.6718],[105.0035,8.6698],[105.0041,8.6685],[105.0041,8.6672],[105.003,8.6657],[105.0033,8.6642],[104.9959,8.6629],[104.9961,8.6635],[104.9957,8.6642],[104.9949,8.6644],[104.9946,8.6648],[104.9949,8.6659],[104.9955,8.667],[104.9952,8.6682],[104.9953,8.6692],[104.9961,8.6704],[104.9967,8.6716],[104.9966,8.6729],[104.9962,8.6735],[104.9947,8.6747],[104.9946,8.6759],[104.9948,8.6766],[104.996,8.6781],[104.9964,8.6792],[104.9958,8.6813],[104.9954,8.6817],[104.9936,8.6826],[104.9915,8.684],[104.9894,8.6859],[104.9887,8.6863],[104.9871,8.6867],[104.9863,8.6875],[104.9858,8.6893],[104.9848,8.6904],[104.983,8.6919],[104.9813,8.6926],[104.9808,8.6938],[104.9808,8.6946],[104.9822,8.6967],[104.9827,8.6981],[104.9828,8.7001],[104.9831,8.7007],[104.9846,8.7017],[104.9852,8.7023],[104.9858,8.7035],[104.9851,8.7047],[104.9824,8.7067],[104.9811,8.7081],[104.981,8.7096],[104.9814,8.7103],[104.9826,8.7115],[104.9834,8.7127],[104.9836,8.7133],[104.9828,8.7173],[104.9828,8.7185],[104.9833,8.72],[104.9847,8.7226],[104.9852,8.7245],[104.9853,8.7272],[104.9855,8.7285],[104.9873,8.7315],[104.9875,8.7329],[104.9872,8.7341],[104.9864,8.7359],[104.984,8.739],[104.9834,8.7401],[104.9831,8.7409],[104.9827,8.744],[104.9817,8.7461],[104.9792,8.7493],[104.9815,8.7506],[104.9867,8.7527],[104.9887,8.7535]]]},"properties":{"name":"Tân Ân","level":"ward"}},{"type":"Feature","geometry":{"type":"Polygon","coordinates":[[[104.915,8.6916],[104.9195,8.6928],[104.9224,8.6938],[104.9252,8.6948],[104.9289,8.6966],[104.9301,8.6973],[104.9329,8.6985],[104.9339,8.6997],[104.9373,8.7015],[104.9446,8.7047],[104.9482,8.7064],[104.9526,8.7086],[104.9588,8.7117],[104.9603,8.7124],[104.9638,8.7139],[104.9657,8.7148],[104.967,8.7162],[104.9674,8.7171],[104.9679,8.7177],[104.9683,8.7188],[104.9687,8.7205],[104.9687,8.7249],[104.9684,8.729],[104.9684,8.7317],[104.9685,8.7359],[104.9688,8.7382],[104.9695,8.7402],[104.9708,8.7426],[104.9726,8.7444],[104.9738,8.7455],[104.9788,8.749],[104.9792,8.7493],[104.9817,8.7461],[104.9827,8.744],[104.9831,8.7409],[104.9834,8.7401],[104.984,8.739],[104.9864,8.7359],[104.9872,8.7341],[104.9875,8.7329],[104.9873,8.7315],[104.9855,8.7285],[104.9853,8.7272],[104.9852,8.7245],[104.9847,8.7226],[104.9833,8.72],[104.9828,8.7185],[104.9828,8.7173],[104.9836,8.7133],[104.9834,8.7127],[104.9826,8.7115],[104.9814,8.7103],[104.981,8.7096],[104.9811,8.7081],[104.9824,8.7067],[104.9851,8.7047],[104.9858,8.7035],[104.9852,8.7023],[104.9846,8.7017],[104.9831,8.7007],[104.9828,8.7001],[104.9827,8.6981],[104.9822,8.6967],[104.9808,8.6946],[104.9808,8.6938],[104.9813,8.6926],[104.983,8.6919],[104.9848,8.6904],[104.9858,8.6893],[104.9863,8.6875],[104.9871,8.6867],[104.9887,8.6863],[104.9894,8.6859],[104.9915,8.684],[104.9936,8.6826],[104.9954,8.6817],[104.9958,8.6813],[104.9964,8.6792],[104.996,8.6781],[104.9948,8.6766],[104.9946,8.6759],[104.9947,8.6747],[104.9962,8.6735],[104.9966,8.6729],[104.9967,8.6716],[104.9961,8.6704],[104.9953,8.6692],[104.9952,8.6682],[104.9955,8.667],[104.9949,8.6659],[104.9946,8.6648],[104.9949,8.6644],[104.9957,8.6642],[104.9961,8.6635],[104.9959,8.6629],[105.0033,8.6642],[105.003,8.6657],[105.0041,8.6672],[105.0041,8.6685],[105.0035,8.6698],[105.0029,8.6718],[105.0016,8.6736],[105.0011,8.6753],[105.001,8.6765],[105.0014,8.6786],[105.0014,8.6794],[105.0029,8.6795],[105.0037,8.6792],[105.0043,8.6781],[105.0051,8.6777],[105.0068,8.6777],[105.0087,8.677],[105.01,8.6767],[105.0108,8.6763],[105.0113,8.6743],[105.012,8.6721],[105.0124,8.6714],[105.0133,8.6708],[105.0139,8.6696],[105.0145,8.6696],[105.0155,8.67],[105.0165,8.6701],[105.0187,8.6699],[105.0195,8.6702],[105.0205,8.6699],[105.0215,8.6703],[105.0233,8.6701],[105.0243,8.6694],[105.0249,8.6685],[105.0259,8.6686],[105.0288,8.6687],[105.0299,8.6686],[105.0316,8.6691],[105.0329,8.6687],[105.0343,8.6678],[105.0348,8.6679],[105.0352,8.6689],[105.0368,8.6686],[105.0379,8.6679],[105.0389,8.6664],[105.0403,8.6654],[105.0407,8.664],[105.0411,8.6636],[105.0427,8.6631],[105.0443,8.6625],[105.0456,8.6612],[105.0465,8.6605],[105.0485,8.6604],[105.0505,8.66],[105.0516,8.6603],[105.0541,8.6605],[105.0547,8.6604],[105.0554,8.6598],[105.057,8.6601],[105.0578,8.6598],[105.0586,8.6592],[105.06,8.6587],[105.0613,8.6575],[105.0626,8.6585],[105.0643,8.6591],[105.0664,8.6614],[105.0668,8.662],[105.067,8.6638],[105.0674,8.6648],[105.0679,8.6653],[105.0704,8.6673],[105.071,8.6678],[105.0723,8.668],[105.0741,8.6681],[105.0748,8.6684],[105.0773,8.6706],[105.0796,8.6731],[105.0827,8.6763],[105.0836,8.6779],[105.0841,8.6794],[105.085,8.6808],[105.0868,8.6825],[105.0883,8.6833],[105.0894,8.6832],[105.0903,8.6835],[105.0917,8.6848],[105.0924,8.6859],[105.0928,8.6876],[105.0934,8.689],[105.0942,8.6898],[105.096,8.6909],[105.0978,8.6914],[105.1,8.6912],[105.1019,8.6912],[105.1028,8.6916],[105.107,8.6945],[105.1081,8.6958],[105.1095,8.698],[105.1107,8.699],[105.1116,8.6996],[105.1143,8.7005],[105.1161,8.7013],[105.1171,8.7012],[105.1183,8.7004],[105.1198,8.7],[105.1214,8.6991],[105.1235,8.6982],[105.1242,8.698],[105.1253,8.6981],[105.1264,8.6984],[105.1282,8.6984],[105.1306,8.6976],[105.1333,8.6969],[105.1345,8.6961],[105.1356,8.6949],[105.1363,8.6945],[105.1362,8.694],[105.1367,8.6935],[105.1368,8.6929],[105.136,8.6921],[105.1352,8.6919],[105.1347,8.691],[105.1347,8.6903],[105.1351,8.6899],[105.1349,8.6885],[105.1337,8.6877],[105.1337,8.6872],[105.1332,8.6867],[105.1328,8.6853],[105.1327,8.684],[105.1322,8.6838],[105.1319,8.683],[105.1309,8.6824],[105.1304,8.6817],[105.1299,8.68],[105.1286,8.6798],[105.1269,8.6784],[105.1262,8.6783],[105.1254,8.6771],[105.1252,8.6761],[105.1247,8.6753],[105.1237,8.6746],[105.1239,8.6728],[105.1233,8.6714],[105.1233,8.6706],[105.1236,8.6697],[105.1247,8.6696],[105.1257,8.6692],[105.1252,8.6686],[105.1254,8.6675],[105.1251,8.6664],[105.126,8.6653],[105.1269,8.6647],[105.1264,8.6642],[105.1263,8.6632],[105.1266,8.6622],[105.1274,8.6614],[105.1273,8.6609],[105.126,8.6608],[105.1245,8.6593],[105.1239,8.6579],[105.1226,8.6575],[105.1221,8.6568],[105.122,8.6554],[105.1215,8.6548],[105.1199,8.6549],[105.1193,8.6541],[105.1195,8.6531],[105.1175,8.653],[105.1169,8.6528],[105.1167,8.6518],[105.1154,8.6515],[105.1148,8.651],[105.115,8.6485],[105.1147,8.6478],[105.1139,8.6469],[105.113,8.6463],[105.1122,8.6461],[105.1121,8.6451],[105.111,8.6453],[105.1098,8.6451],[105.1088,8.6443],[105.1083,8.6443],[105.1079,8.6435],[105.1081,8.6428],[105.1075,8.6425],[105.1073,8.6415],[105.1067,8.6407],[105.1059,8.6401],[105.1051,8.6399],[105.1044,8.6395],[105.1044,8.6383],[105.1034,8.6383],[105.1008,8.6374],[105.1002,8.6374],[105.0992,8.637],[105.0981,8.6371],[105.0973,8.6368],[105.0963,8.637],[105.0952,8.6368],[105.0942,8.6359],[105.093,8.6358],[105.0916,8.6353],[105.0904,8.6353],[105.0891,8.6346],[105.0885,8.6347],[105.0877,8.634],[105.0867,8.6339],[105.0863,8.6334],[105.0855,8.633],[105.0851,8.6332],[105.0843,8.6327],[105.0832,8.6326],[105.0818,8.6318],[105.0809,8.6319],[105.0794,8.631],[105.0786,8.6302],[105.0776,8.6302],[105.0766,8.6296],[105.0748,8.6292],[105.0728,8.6284],[105.0721,8.6276],[105.0714,8.6274],[105.0697,8.6275],[105.0686,8.6282],[105.0677,8.6281],[105.0658,8.6283],[105.0652,8.6278],[105.064,8.6276],[105.0629,8.6272],[105.0617,8.627],[105.0607,8.6265],[105.0554,8.6252],[105.0543,8.6244],[105.0528,8.6242],[105.0506,8.6233],[105.0493,8.6225],[105.0481,8.6221],[105.0468,8.6209],[105.0459,8.6203],[105.044,8.6195],[105.042,8.6182],[105.0402,8.6177],[105.0383,8.6169],[105.0378,8.6165],[105.0361,8.6164],[105.034,8.6155],[105.0328,8.6152],[105.0302,8.6137],[105.0295,8.6138],[105.0289,8.613],[105.0279,8.6126],[105.0257,8.6122],[105.0239,8.6114],[105.0229,8.6107],[105.021,8.6098],[105.0189,8.6091],[105.0175,8.6085],[105.0152,8.6071],[105.0133,8.6052],[105.0111,8.6039],[105.0055,8.603],[105.005,8.6032],[105.0045,8.6027],[105.0037,8.6033],[105.0033,8.6029],[105.0024,8.6027],[105.0024,8.6022],[105.0008,8.6018],[105.0003,8.6009],[104.9991,8.6016],[104.9986,8.6013],[104.998,8.6021],[104.9974,8.6022],[104.9966,8.6029],[104.9961,8.6028],[104.9951,8.6032],[104.9933,8.6035],[104.9917,8.604],[104.9907,8.6047],[104.99,8.6044],[104.9884,8.6043],[104.9877,8.6048],[104.9864,8.6046],[104.9858,8.6043],[104.9851,8.6051],[104.9837,8.6045],[104.9825,8.6045],[104.9798,8.6026],[104.9776,8.6019],[104.9761,8.6017],[104.9744,8.6009],[104.972,8.6002],[104.9711,8.6001],[104.9702,8.5985],[104.9701,8.5978],[104.9682,8.5967],[104.9675,8.5957],[104.9651,8.5944],[104.9641,8.594],[104.9624,8.5924],[104.9613,8.5921],[104.9595,8.591],[104.9581,8.5909],[104.9565,8.5898],[104.9542,8.5884],[104.9528,8.5884],[104.9511,8.5888],[104.9483,8.5885],[104.9469,8.5888],[104.9453,8.5886],[104.9443,8.5882],[104.9432,8.5883],[104.9417,8.5876],[104.9407,8.5869],[104.9399,8.5872],[104.938,8.5876],[104.9371,8.5869],[104.9364,8.5866],[104.9355,8.5866],[104.9338,8.5859],[104.9324,8.586],[104.9312,8.5854],[104.9299,8.5856],[104.9293,8.5851],[104.9288,8.5853],[104.9278,8.585],[104.9266,8.5851],[104.9257,8.5848],[104.9242,8.5848],[104.9239,8.5844],[104.9224,8.5838],[104.9207,8.5843],[104.9193,8.5836],[104.9176,8.5835],[104.9166,8.5832],[104.9141,8.5831],[104.9128,8.5828],[104.9116,8.5824],[104.9098,8.5816],[104.9077,8.581],[104.9067,8.5805],[104.9036,8.58],[104.9016,8.5793],[104.8985,8.5789],[104.8965,8.5785],[104.8924,8.5764],[104.891,8.576],[104.8899,8.5761],[104.8893,8.5764],[104.8879,8.5759],[104.8857,8.5756],[104.8842,8.575],[104.8852,8.5779],[104.8854,8.5778],[104.8861,8.5805],[104.8857,8.5821],[104.886,8.5827],[104.8857,8.584],[104.885,8.5845],[104.8849,8.5852],[104.8853,8.5859],[104.8851,8.5866],[104.8854,8.5875],[104.8843,8.5888],[104.8844,8.5896],[104.8852,8.5911],[104.8854,8.5919],[104.8847,8.5933],[104.8846,8.5948],[104.8847,8.5952],[104.8856,8.5961],[104.885,8.5972],[104.8849,8.5986],[104.8852,8.6006],[104.8843,8.6025],[104.8834,8.6031],[104.8832,8.6039],[104.8833,8.6053],[104.8831,8.6061],[104.8827,8.6068],[104.8809,8.6078],[104.8794,8.6089],[104.8787,8.6097],[104.8787,8.6115],[104.8791,8.6134],[104.8793,8.6167],[104.8797,8.6182],[104.8814,8.6218],[104.8827,8.624],[104.8834,8.625],[104.8849,8.6262],[104.8857,8.6273],[104.8864,8.6285],[104.8867,8.6296],[104.8867,8.631],[104.887,8.6327],[104.8875,8.6338],[104.8905,8.6379],[104.893,8.642],[104.8948,8.6445],[104.896,8.6465],[104.897,8.6478],[104.9001,8.6505],[104.9016,8.6513],[104.9038,8.6519],[104.9056,8.6532],[104.9064,8.654],[104.9071,8.6552],[104.9073,8.6562],[104.9079,8.6625],[104.9078,8.6657],[104.9079,8.6672],[104.9083,8.668],[104.9092,8.6691],[104.9108,8.6705],[104.9114,8.6715],[104.9125,8.6745],[104.9139,8.6778],[104.9141,8.6793],[104.9135,8.6835],[104.9139,8.6855],[104.9152,8.6891],[104.9153,8.6898],[104.915,8.6916]]]},"properties":{"name":"Phan Ngọc Hiển","level":"ward"}},{"type":"Feature","geometry":{"type":"MultiPolygon","coordinates":[[[[104.804,8.727],[104.8192,8.7161],[104.8203,8.7147],[104.8235,8.7111],[104.8288,8.706],[104.8362,8.6987],[104.8384,8.6968],[104.8412,8.6946],[104.8421,8.6941],[104.8458,8.6926],[104.848,8.6922],[104.8492,8.6918],[104.852,8.6913],[104.8554,8.691],[104.8571,8.691],[104.8614,8.6914],[104.8676,8.6921],[104.8738,8.6924],[104.8768,8.693],[104.8801,8.6929],[104.8837,8.6927],[104.8914,8.6921],[104.8976,8.6915],[104.9,8.6914],[104.9076,8.6911],[104.9115,8.6912],[104.915,8.6916],[104.9153,8.6898],[104.9152,8.6891],[104.9139,8.6855],[104.9135,8.6835],[104.9141,8.6793],[104.9139,8.6778],[104.9125,8.6745],[104.9114,8.6715],[104.9108,8.6705],[104.9092,8.6691],[104.9083,8.668],[104.9079,8.6672],[104.9078,8.6657],[104.9079,8.6625],[104.9073,8.6562],[104.9071,8.6552],[104.9064,8.654],[104.9056,8.6532],[104.9038,8.6519],[104.9016,8.6513],[104.9001,8.6505],[104.897,8.6478],[104.896,8.6465],[104.8948,8.6445],[104.893,8.642],[104.8905,8.6379],[104.8875,8.6338],[104.887,8.6327],[104.8867,8.631],[104.8867,8.6296],[104.8864,8.6285],[104.8857,8.6273],[104.8849,8.6262],[104.8834,8.625],[104.8827,8.624],[104.8814,8.6218],[104.8797,8.6182],[104.8793,8.6167],[104.8791,8.6134],[104.8787,8.6115],[104.8787,8.6097],[104.8794,8.6089],[104.8809,8.6078],[104.8827,8.6068],[104.8831,8.6061],[104.8833,8.6053],[104.8832,8.6039],[104.8834,8.6031],[104.8843,8.6025],[104.8852,8.6006],[104.8849,8.5986],[104.885,8.5972],[104.8856,8.5961],[104.8847,8.5952],[104.8846,8.5948],[104.8847,8.5933],[104.8854,8.5919],[104.8852,8.5911],[104.8844,8.5896],[104.8843,8.5888],[104.8854,8.5875],[104.8851,8.5866],[104.8853,8.5859],[104.8849,8.5852],[104.885,8.5845],[104.8857,8.584],[104.886,8.5827],[104.8857,8.5821],[104.8861,8.5805],[104.8854,8.5778],[104.8852,8.5779],[104.8842,8.575],[104.8818,8.5742],[104.8808,8.5743],[104.8783,8.573],[104.8771,8.5725],[104.876,8.5726],[104.8757,8.573],[104.8743,8.572],[104.8725,8.5717],[104.8714,8.5723],[104.87,8.5726],[104.8663,8.5724],[104.8613,8.5708],[104.8605,8.571],[104.86,8.5716],[104.8571,8.572],[104.855,8.5717],[104.8542,8.5711],[104.8525,8.5703],[104.8497,8.5698],[104.8481,8.5701],[104.8469,8.5707],[104.8462,8.5705],[104.8456,8.5692],[104.8437,8.5682],[104.8415,8.5668],[104.841,8.566],[104.84,8.5653],[104.8366,8.565],[104.8344,8.5646],[104.8324,8.5641],[104.8319,8.5637],[104.8317,8.5628],[104.8271,8.5634],[104.8209,8.5652],[104.8207,8.5661],[104.8179,8.567],[104.8164,8.5673],[104.8154,8.5678],[104.8148,8.5678],[104.8135,8.5687],[104.8129,8.5685],[104.8119,8.5692],[104.8112,8.5693],[104.81,8.5705],[104.8082,8.5709],[104.8046,8.5733],[104.8045,8.5738],[104.8056,8.5748],[104.806,8.5763],[104.8063,8.5765],[104.8066,8.5783],[104.8055,8.5782],[104.8026,8.5785],[104.8014,8.5789],[104.7988,8.5803],[104.7973,8.5814],[104.796,8.5819],[104.7956,8.5824],[104.7945,8.5822],[104.7932,8.5826],[104.7924,8.5831],[104.7913,8.5832],[104.7907,8.583],[104.7896,8.5835],[104.7885,8.5837],[104.7857,8.5845],[104.7848,8.5846],[104.7839,8.585],[104.7835,8.5848],[104.7827,8.5849],[104.7813,8.5856],[104.781,8.5852],[104.7798,8.5855],[104.7786,8.5862],[104.7773,8.586],[104.7759,8.5869],[104.775,8.5868],[104.7731,8.5873],[104.7695,8.5878],[104.769,8.5882],[104.7679,8.5881],[104.7674,8.5882],[104.7658,8.5882],[104.7647,8.5891],[104.761,8.59],[104.7604,8.5898],[104.7595,8.59],[104.759,8.5904],[104.7574,8.5906],[104.7561,8.5913],[104.755,8.5914],[104.7545,8.5921],[104.7506,8.5921],[104.7501,8.5922],[104.7497,8.5931],[104.7489,8.5932],[104.7484,8.5923],[104.7478,8.5933],[104.7468,8.593],[104.7464,8.5934],[104.7461,8.5945],[104.7442,8.5954],[104.743,8.5962],[104.7417,8.5957],[104.7408,8.5958],[104.7405,8.5963],[104.7396,8.5968],[104.7388,8.5969],[104.7385,8.5965],[104.7374,8.5967],[104.7364,8.5974],[104.7348,8.5981],[104.7341,8.5986],[104.7328,8.5985],[104.7315,8.599],[104.7308,8.5999],[104.73,8.5996],[104.7292,8.5998],[104.7286,8.6003],[104.7277,8.6007],[104.7253,8.6025],[104.7241,8.6022],[104.7231,8.6033],[104.7223,8.6036],[104.7226,8.6042],[104.7216,8.605],[104.7214,8.6061],[104.7188,8.6052],[104.7179,8.6052],[104.7174,8.6056],[104.7175,8.6071],[104.717,8.6078],[104.7172,8.609],[104.7163,8.6148],[104.7159,8.6197],[104.7164,8.6214],[104.7158,8.6215],[104.7153,8.624],[104.714,8.6279],[104.7124,8.6325],[104.7123,8.634],[104.7134,8.6361],[104.7142,8.6383],[104.7146,8.6404],[104.7152,8.6412],[104.7144,8.6424],[104.7151,8.6449],[104.7162,8.6471],[104.7169,8.6482],[104.7199,8.6513],[104.721,8.6522],[104.7245,8.6538],[104.7272,8.6549],[104.73,8.6555],[104.7318,8.6558],[104.736,8.6555],[104.7362,8.6559],[104.7357,8.6567],[104.7377,8.6562],[104.7396,8.6555],[104.7445,8.6543],[104.7459,8.6534],[104.746,8.653],[104.745,8.6519],[104.7455,8.6517],[104.7463,8.652],[104.7465,8.6526],[104.7473,8.6526],[104.7476,8.6521],[104.7476,8.6511],[104.7479,8.6507],[104.7481,8.6493],[104.7486,8.6487],[104.7508,8.6471],[104.7542,8.647],[104.7546,8.6459],[104.7554,8.6454],[104.756,8.6459],[104.7571,8.6461],[104.7588,8.6456],[104.7595,8.6457],[104.7599,8.6464],[104.76,8.6479],[104.7598,8.6486],[104.7602,8.649],[104.7611,8.6476],[104.7618,8.6472],[104.763,8.6483],[104.7649,8.6489],[104.7656,8.6489],[104.7662,8.648],[104.7668,8.6483],[104.7665,8.6492],[104.7669,8.6496],[104.7691,8.6497],[104.7707,8.6493],[104.7766,8.6489],[104.7779,8.6484],[104.7788,8.6477],[104.7793,8.6469],[104.7807,8.6454],[104.7812,8.6457],[104.7804,8.6509],[104.7804,8.6518],[104.7808,8.6522],[104.7826,8.6524],[104.7834,8.6522],[104.7873,8.6487],[104.7873,8.6497],[104.7862,8.6525],[104.7861,8.6536],[104.7867,8.654],[104.7882,8.6541],[104.7888,8.6539],[104.7915,8.6526],[104.7918,8.6535],[104.7904,8.6542],[104.7901,8.6548],[104.792,8.6551],[104.7958,8.6558],[104.7954,8.6562],[104.793,8.6563],[104.7928,8.6568],[104.7933,8.6573],[104.7959,8.6582],[104.7976,8.6601],[104.7963,8.6601],[104.7952,8.6609],[104.7949,8.6613],[104.7938,8.6617],[104.7925,8.6631],[104.7905,8.665],[104.7897,8.666],[104.7916,8.6652],[104.7916,8.6656],[104.7898,8.6676],[104.7895,8.6682],[104.7897,8.6689],[104.7904,8.6693],[104.7923,8.6712],[104.7942,8.6726],[104.7945,8.673],[104.7906,8.6775],[104.7893,8.6776],[104.7884,8.6781],[104.7872,8.6793],[104.7868,8.6808],[104.7862,8.6811],[104.7844,8.6831],[104.7842,8.684],[104.7844,8.6848],[104.7867,8.6868],[104.7866,8.6873],[104.7853,8.6874],[104.7839,8.6879],[104.7836,8.6889],[104.7839,8.6893],[104.7851,8.689],[104.7839,8.6901],[104.7839,8.6908],[104.7833,8.6909],[104.782,8.6925],[104.7822,8.6931],[104.7817,8.6936],[104.7818,8.695],[104.7832,8.6975],[104.7841,8.7002],[104.7849,8.7018],[104.7859,8.7026],[104.7866,8.7027],[104.786,8.7043],[104.786,8.7061],[104.7866,8.708],[104.7865,8.7084],[104.7873,8.7095],[104.7874,8.7102],[104.788,8.7114],[104.79,8.7156],[104.7911,8.7174],[104.7923,8.7192],[104.7957,8.723],[104.797,8.7241],[104.798,8.7247],[104.8001,8.7253],[104.804,8.727]]],[[[104.8785,8.3804],[104.8781,8.3804],[104.8778,8.3811],[104.8785,8.3817],[104.8794,8.3819],[104.8801,8.3815],[104.8792,8.3807],[104.8785,8.3804]]],[[[104.8543,8.4195],[104.8553,8.4196],[104.8566,8.4202],[104.8573,8.4198],[104.8572,8.4189],[104.8564,8.4183],[104.856,8.417],[104.8546,8.4155],[104.8543,8.4146],[104.8535,8.4139],[104.8527,8.4136],[104.8513,8.4128],[104.8496,8.4127],[104.8487,8.4135],[104.8483,8.4144],[104.8481,8.4155],[104.8482,8.4172],[104.8484,8.4183],[104.8488,8.419],[104.8516,8.4213],[104.8524,8.4212],[104.8535,8.4201],[104.8543,8.4195]]],[[[104.8617,8.4202],[104.8607,8.4209],[104.8615,8.4215],[104.8627,8.4216],[104.8627,8.421],[104.8617,8.4202]]],[[[104.842,8.4392],[104.8409,8.4388],[104.8395,8.439],[104.8385,8.439],[104.8377,8.4386],[104.837,8.4376],[104.8369,8.4365],[104.8369,8.4349],[104.8372,8.4329],[104.8377,8.4311],[104.839,8.4286],[104.8394,8.4277],[104.8391,8.4268],[104.8386,8.4262],[104.8378,8.4257],[104.8362,8.4252],[104.8347,8.4243],[104.8331,8.4231],[104.8314,8.4227],[104.8301,8.422],[104.8283,8.4217],[104.8244,8.4214],[104.8239,8.4216],[104.823,8.4224],[104.8222,8.424],[104.8204,8.4255],[104.8192,8.4265],[104.8191,8.4274],[104.8193,8.4278],[104.8212,8.4294],[104.8228,8.4302],[104.8239,8.431],[104.8248,8.4324],[104.826,8.4346],[104.8272,8.436],[104.8289,8.4377],[104.8294,8.4381],[104.8312,8.4384],[104.8321,8.4394],[104.8317,8.4419],[104.8321,8.4431],[104.8326,8.4437],[104.8345,8.4445],[104.8367,8.4459],[104.838,8.4474],[104.8387,8.4487],[104.8391,8.4506],[104.8406,8.4528],[104.8411,8.453],[104.8418,8.4527],[104.8416,8.4517],[104.8417,8.4504],[104.8432,8.4491],[104.8439,8.4481],[104.8451,8.4471],[104.8453,8.4461],[104.8451,8.4438],[104.8452,8.4425],[104.845,8.442],[104.8438,8.4411],[104.8426,8.4397],[104.842,8.4392]]],[[[104.8428,8.4531],[104.8424,8.4535],[104.8431,8.4546],[104.8441,8.4551],[104.8447,8.4547],[104.8436,8.4535],[104.8428,8.4531]]],[[[104.7856,8.664],[104.7864,8.6639],[104.7915,8.6615],[104.7942,8.66],[104.7937,8.6596],[104.7922,8.6599],[104.7884,8.6618],[104.7854,8.6638],[104.7856,8.664]]],[[[104.7916,8.6636],[104.7932,8.662],[104.7954,8.66],[104.7953,8.6599],[104.7926,8.6614],[104.79,8.6625],[104.7852,8.6646],[104.7881,8.6641],[104.7903,8.6633],[104.7911,8.6637],[104.7894,8.665],[104.79,8.6651],[104.7916,8.6636]]],[[[104.7855,8.6872],[104.7853,8.6867],[104.7841,8.6868],[104.7841,8.6876],[104.7855,8.6872]]]]},"properties":{"name":"Đất Mũi","level":"ward"}}]}